ISO-10303-21;
HEADER;
FILE_DESCRIPTION(('Open CASCADE Model'),'2;1');
FILE_NAME('Open CASCADE Shape Model','2026-09-28T01:47:12',('Author'),(
    'Open CASCADE'),'Open CASCADE STEP processor 8.0','build123d',
  'Unknown');
FILE_SCHEMA(('AUTOMOTIVE_DESIGN { 1 0 10303 214 1 1 1 1 }'));
ENDSEC;
DATA;
#1 = APPLICATION_PROTOCOL_DEFINITION('international standard',
  'automotive_design',2000,#2);
#2 = APPLICATION_CONTEXT(
  'core data for automotive mechanical design processes');
#3 = SHAPE_DEFINITION_REPRESENTATION(#4,#10);
#4 = PRODUCT_DEFINITION_SHAPE('','',#5);
#5 = PRODUCT_DEFINITION('design','',#6,#9);
#6 = PRODUCT_DEFINITION_FORMATION('','',#7);
#7 = PRODUCT('COMPOUND','COMPOUND','',(#8));
#8 = PRODUCT_CONTEXT('',#2,'mechanical');
#9 = PRODUCT_DEFINITION_CONTEXT('part definition',#2,'design');
#10 = ADVANCED_BREP_SHAPE_REPRESENTATION('',(#11,#15),#8008);
#11 = AXIS2_PLACEMENT_3D('',#12,#13,#14);
#12 = CARTESIAN_POINT('',(0.,0.,0.));
#13 = DIRECTION('',(0.,0.,1.));
#14 = DIRECTION('',(1.,0.,-0.));
#15 = MANIFOLD_SOLID_BREP('',#16);
#16 = CLOSED_SHELL('',(#17,#105,#679,#734,#738,#793,#797,#852,#856,#911,
    #915,#1003,#1352,#1876,#2400,#2924,#3421,#3824,#3921,#4323,#4861,
    #5399,#5895,#6389,#6468,#6503,#6553,#6578,#6605,#6630,#6657,#6682,
    #6709,#6734,#6770,#7010,#7036,#7045,#7100,#7104,#7159,#7163,#7218,
    #7222,#7277,#7281,#7536,#7591,#7595,#7650,#7654,#7709,#7713,#7768,
    #7772,#7827,#7831,#7886,#7890,#7945,#7949,#8004));
#17 = ADVANCED_FACE('',(#18),#31,.T.);
#18 = FACE_BOUND('',#19,.T.);
#19 = EDGE_LOOP('',(#20,#54,#77,#104));
#20 = ORIENTED_EDGE('',*,*,#21,.F.);
#21 = EDGE_CURVE('',#22,#22,#24,.T.);
#22 = VERTEX_POINT('',#23);
#23 = CARTESIAN_POINT('',(52.5,-1.285879139105E-14,64.));
#24 = SURFACE_CURVE('',#25,(#30,#42),.PCURVE_S1.);
#25 = CIRCLE('',#26,52.5);
#26 = AXIS2_PLACEMENT_3D('',#27,#28,#29);
#27 = CARTESIAN_POINT('',(0.,0.,64.));
#28 = DIRECTION('',(0.,0.,1.));
#29 = DIRECTION('',(1.,0.,-0.));
#30 = PCURVE('',#31,#36);
#31 = CYLINDRICAL_SURFACE('',#32,52.5);
#32 = AXIS2_PLACEMENT_3D('',#33,#34,#35);
#33 = CARTESIAN_POINT('',(0.,0.,61.5));
#34 = DIRECTION('',(0.,0.,1.));
#35 = DIRECTION('',(1.,0.,-0.));
#36 = DEFINITIONAL_REPRESENTATION('',(#37),#41);
#37 = LINE('',#38,#39);
#38 = CARTESIAN_POINT('',(0.,2.5));
#39 = VECTOR('',#40,1.);
#40 = DIRECTION('',(1.,0.));
#41 = ( GEOMETRIC_REPRESENTATION_CONTEXT(2) 
PARAMETRIC_REPRESENTATION_CONTEXT() REPRESENTATION_CONTEXT('2D SPACE',''
  ) );
#42 = PCURVE('',#43,#48);
#43 = PLANE('',#44);
#44 = AXIS2_PLACEMENT_3D('',#45,#46,#47);
#45 = CARTESIAN_POINT('',(0.,0.,64.));
#46 = DIRECTION('',(0.,0.,1.));
#47 = DIRECTION('',(1.,0.,-0.));
#48 = DEFINITIONAL_REPRESENTATION('',(#49),#53);
#49 = CIRCLE('',#50,52.5);
#50 = AXIS2_PLACEMENT_2D('',#51,#52);
#51 = CARTESIAN_POINT('',(0.,0.));
#52 = DIRECTION('',(1.,0.));
#53 = ( GEOMETRIC_REPRESENTATION_CONTEXT(2) 
PARAMETRIC_REPRESENTATION_CONTEXT() REPRESENTATION_CONTEXT('2D SPACE',''
  ) );
#54 = ORIENTED_EDGE('',*,*,#55,.F.);
#55 = EDGE_CURVE('',#56,#22,#58,.T.);
#56 = VERTEX_POINT('',#57);
#57 = CARTESIAN_POINT('',(52.5,-1.285879139105E-14,61.5));
#58 = SEAM_CURVE('',#59,(#63,#70),.PCURVE_S1.);
#59 = LINE('',#60,#61);
#60 = CARTESIAN_POINT('',(52.5,-1.285879139105E-14,61.5));
#61 = VECTOR('',#62,1.);
#62 = DIRECTION('',(0.,0.,1.));
#63 = PCURVE('',#31,#64);
#64 = DEFINITIONAL_REPRESENTATION('',(#65),#69);
#65 = LINE('',#66,#67);
#66 = CARTESIAN_POINT('',(6.28318530718,-0.));
#67 = VECTOR('',#68,1.);
#68 = DIRECTION('',(0.,1.));
#69 = ( GEOMETRIC_REPRESENTATION_CONTEXT(2) 
PARAMETRIC_REPRESENTATION_CONTEXT() REPRESENTATION_CONTEXT('2D SPACE',''
  ) );
#70 = PCURVE('',#31,#71);
#71 = DEFINITIONAL_REPRESENTATION('',(#72),#76);
#72 = LINE('',#73,#74);
#73 = CARTESIAN_POINT('',(0.,-0.));
#74 = VECTOR('',#75,1.);
#75 = DIRECTION('',(0.,1.));
#76 = ( GEOMETRIC_REPRESENTATION_CONTEXT(2) 
PARAMETRIC_REPRESENTATION_CONTEXT() REPRESENTATION_CONTEXT('2D SPACE',''
  ) );
#77 = ORIENTED_EDGE('',*,*,#78,.T.);
#78 = EDGE_CURVE('',#56,#56,#79,.T.);
#79 = SURFACE_CURVE('',#80,(#85,#92),.PCURVE_S1.);
#80 = CIRCLE('',#81,52.5);
#81 = AXIS2_PLACEMENT_3D('',#82,#83,#84);
#82 = CARTESIAN_POINT('',(0.,0.,61.5));
#83 = DIRECTION('',(0.,0.,1.));
#84 = DIRECTION('',(1.,0.,-0.));
#85 = PCURVE('',#31,#86);
#86 = DEFINITIONAL_REPRESENTATION('',(#87),#91);
#87 = LINE('',#88,#89);
#88 = CARTESIAN_POINT('',(0.,0.));
#89 = VECTOR('',#90,1.);
#90 = DIRECTION('',(1.,0.));
#91 = ( GEOMETRIC_REPRESENTATION_CONTEXT(2) 
PARAMETRIC_REPRESENTATION_CONTEXT() REPRESENTATION_CONTEXT('2D SPACE',''
  ) );
#92 = PCURVE('',#93,#98);
#93 = PLANE('',#94);
#94 = AXIS2_PLACEMENT_3D('',#95,#96,#97);
#95 = CARTESIAN_POINT('',(0.,0.,61.5));
#96 = DIRECTION('',(0.,0.,1.));
#97 = DIRECTION('',(1.,0.,-0.));
#98 = DEFINITIONAL_REPRESENTATION('',(#99),#103);
#99 = CIRCLE('',#100,52.5);
#100 = AXIS2_PLACEMENT_2D('',#101,#102);
#101 = CARTESIAN_POINT('',(0.,0.));
#102 = DIRECTION('',(1.,0.));
#103 = ( GEOMETRIC_REPRESENTATION_CONTEXT(2) 
PARAMETRIC_REPRESENTATION_CONTEXT() REPRESENTATION_CONTEXT('2D SPACE',''
  ) );
#104 = ORIENTED_EDGE('',*,*,#55,.T.);
#105 = ADVANCED_FACE('',(#106,#109,#140,#171,#202,#233,#555,#586,#617,
    #648),#93,.F.);
#106 = FACE_BOUND('',#107,.F.);
#107 = EDGE_LOOP('',(#108));
#108 = ORIENTED_EDGE('',*,*,#78,.T.);
#109 = FACE_BOUND('',#110,.F.);
#110 = EDGE_LOOP('',(#111));
#111 = ORIENTED_EDGE('',*,*,#112,.F.);
#112 = EDGE_CURVE('',#113,#113,#115,.T.);
#113 = VERTEX_POINT('',#114);
#114 = CARTESIAN_POINT('',(-30.69467888754,-34.29467888754,61.5));
#115 = SURFACE_CURVE('',#116,(#121,#128),.PCURVE_S1.);
#116 = CIRCLE('',#117,3.6);
#117 = AXIS2_PLACEMENT_3D('',#118,#119,#120);
#118 = CARTESIAN_POINT('',(-34.29467888754,-34.29467888754,61.5));
#119 = DIRECTION('',(0.,0.,1.));
#120 = DIRECTION('',(1.,0.,-0.));
#121 = PCURVE('',#93,#122);
#122 = DEFINITIONAL_REPRESENTATION('',(#123),#127);
#123 = CIRCLE('',#124,3.6);
#124 = AXIS2_PLACEMENT_2D('',#125,#126);
#125 = CARTESIAN_POINT('',(-34.29467888754,-34.29467888754));
#126 = DIRECTION('',(1.,0.));
#127 = ( GEOMETRIC_REPRESENTATION_CONTEXT(2) 
PARAMETRIC_REPRESENTATION_CONTEXT() REPRESENTATION_CONTEXT('2D SPACE',''
  ) );
#128 = PCURVE('',#129,#134);
#129 = CYLINDRICAL_SURFACE('',#130,3.6);
#130 = AXIS2_PLACEMENT_3D('',#131,#132,#133);
#131 = CARTESIAN_POINT('',(-34.29467888754,-34.29467888754,58.5));
#132 = DIRECTION('',(0.,0.,1.));
#133 = DIRECTION('',(1.,0.,-0.));
#134 = DEFINITIONAL_REPRESENTATION('',(#135),#139);
#135 = LINE('',#136,#137);
#136 = CARTESIAN_POINT('',(0.,3.));
#137 = VECTOR('',#138,1.);
#138 = DIRECTION('',(1.,0.));
#139 = ( GEOMETRIC_REPRESENTATION_CONTEXT(2) 
PARAMETRIC_REPRESENTATION_CONTEXT() REPRESENTATION_CONTEXT('2D SPACE',''
  ) );
#140 = FACE_BOUND('',#141,.F.);
#141 = EDGE_LOOP('',(#142));
#142 = ORIENTED_EDGE('',*,*,#143,.F.);
#143 = EDGE_CURVE('',#144,#144,#146,.T.);
#144 = VERTEX_POINT('',#145);
#145 = CARTESIAN_POINT('',(3.6,-48.5,61.5));
#146 = SURFACE_CURVE('',#147,(#152,#159),.PCURVE_S1.);
#147 = CIRCLE('',#148,3.6);
#148 = AXIS2_PLACEMENT_3D('',#149,#150,#151);
#149 = CARTESIAN_POINT('',(-8.909305463797E-15,-48.5,61.5));
#150 = DIRECTION('',(0.,0.,1.));
#151 = DIRECTION('',(1.,0.,-0.));
#152 = PCURVE('',#93,#153);
#153 = DEFINITIONAL_REPRESENTATION('',(#154),#158);
#154 = CIRCLE('',#155,3.6);
#155 = AXIS2_PLACEMENT_2D('',#156,#157);
#156 = CARTESIAN_POINT('',(-8.909305463797E-15,-48.5));
#157 = DIRECTION('',(1.,0.));
#158 = ( GEOMETRIC_REPRESENTATION_CONTEXT(2) 
PARAMETRIC_REPRESENTATION_CONTEXT() REPRESENTATION_CONTEXT('2D SPACE',''
  ) );
#159 = PCURVE('',#160,#165);
#160 = CYLINDRICAL_SURFACE('',#161,3.6);
#161 = AXIS2_PLACEMENT_3D('',#162,#163,#164);
#162 = CARTESIAN_POINT('',(-8.909305463797E-15,-48.5,58.5));
#163 = DIRECTION('',(0.,0.,1.));
#164 = DIRECTION('',(1.,0.,-0.));
#165 = DEFINITIONAL_REPRESENTATION('',(#166),#170);
#166 = LINE('',#167,#168);
#167 = CARTESIAN_POINT('',(0.,3.));
#168 = VECTOR('',#169,1.);
#169 = DIRECTION('',(1.,0.));
#170 = ( GEOMETRIC_REPRESENTATION_CONTEXT(2) 
PARAMETRIC_REPRESENTATION_CONTEXT() REPRESENTATION_CONTEXT('2D SPACE',''
  ) );
#171 = FACE_BOUND('',#172,.F.);
#172 = EDGE_LOOP('',(#173));
#173 = ORIENTED_EDGE('',*,*,#174,.F.);
#174 = EDGE_CURVE('',#175,#175,#177,.T.);
#175 = VERTEX_POINT('',#176);
#176 = CARTESIAN_POINT('',(37.894678887548,-34.29467888754,61.5));
#177 = SURFACE_CURVE('',#178,(#183,#190),.PCURVE_S1.);
#178 = CIRCLE('',#179,3.6);
#179 = AXIS2_PLACEMENT_3D('',#180,#181,#182);
#180 = CARTESIAN_POINT('',(34.294678887548,-34.29467888754,61.5));
#181 = DIRECTION('',(0.,0.,1.));
#182 = DIRECTION('',(1.,0.,-0.));
#183 = PCURVE('',#93,#184);
#184 = DEFINITIONAL_REPRESENTATION('',(#185),#189);
#185 = CIRCLE('',#186,3.6);
#186 = AXIS2_PLACEMENT_2D('',#187,#188);
#187 = CARTESIAN_POINT('',(34.294678887548,-34.29467888754));
#188 = DIRECTION('',(1.,0.));
#189 = ( GEOMETRIC_REPRESENTATION_CONTEXT(2) 
PARAMETRIC_REPRESENTATION_CONTEXT() REPRESENTATION_CONTEXT('2D SPACE',''
  ) );
#190 = PCURVE('',#191,#196);
#191 = CYLINDRICAL_SURFACE('',#192,3.6);
#192 = AXIS2_PLACEMENT_3D('',#193,#194,#195);
#193 = CARTESIAN_POINT('',(34.294678887548,-34.29467888754,58.5));
#194 = DIRECTION('',(0.,0.,1.));
#195 = DIRECTION('',(1.,0.,-0.));
#196 = DEFINITIONAL_REPRESENTATION('',(#197),#201);
#197 = LINE('',#198,#199);
#198 = CARTESIAN_POINT('',(0.,3.));
#199 = VECTOR('',#200,1.);
#200 = DIRECTION('',(1.,0.));
#201 = ( GEOMETRIC_REPRESENTATION_CONTEXT(2) 
PARAMETRIC_REPRESENTATION_CONTEXT() REPRESENTATION_CONTEXT('2D SPACE',''
  ) );
#202 = FACE_BOUND('',#203,.F.);
#203 = EDGE_LOOP('',(#204));
#204 = ORIENTED_EDGE('',*,*,#205,.F.);
#205 = EDGE_CURVE('',#206,#206,#208,.T.);
#206 = VERTEX_POINT('',#207);
#207 = CARTESIAN_POINT('',(-44.9,5.057791280479E-15,61.5));
#208 = SURFACE_CURVE('',#209,(#214,#221),.PCURVE_S1.);
#209 = CIRCLE('',#210,3.6);
#210 = AXIS2_PLACEMENT_3D('',#211,#212,#213);
#211 = CARTESIAN_POINT('',(-48.5,5.939536975865E-15,61.5));
#212 = DIRECTION('',(0.,0.,1.));
#213 = DIRECTION('',(1.,0.,-0.));
#214 = PCURVE('',#93,#215);
#215 = DEFINITIONAL_REPRESENTATION('',(#216),#220);
#216 = CIRCLE('',#217,3.6);
#217 = AXIS2_PLACEMENT_2D('',#218,#219);
#218 = CARTESIAN_POINT('',(-48.5,5.939536975865E-15));
#219 = DIRECTION('',(1.,0.));
#220 = ( GEOMETRIC_REPRESENTATION_CONTEXT(2) 
PARAMETRIC_REPRESENTATION_CONTEXT() REPRESENTATION_CONTEXT('2D SPACE',''
  ) );
#221 = PCURVE('',#222,#227);
#222 = CYLINDRICAL_SURFACE('',#223,3.6);
#223 = AXIS2_PLACEMENT_3D('',#224,#225,#226);
#224 = CARTESIAN_POINT('',(-48.5,5.939536975865E-15,58.5));
#225 = DIRECTION('',(0.,0.,1.));
#226 = DIRECTION('',(1.,0.,-0.));
#227 = DEFINITIONAL_REPRESENTATION('',(#228),#232);
#228 = LINE('',#229,#230);
#229 = CARTESIAN_POINT('',(0.,3.));
#230 = VECTOR('',#231,1.);
#231 = DIRECTION('',(1.,0.));
#232 = ( GEOMETRIC_REPRESENTATION_CONTEXT(2) 
PARAMETRIC_REPRESENTATION_CONTEXT() REPRESENTATION_CONTEXT('2D SPACE',''
  ) );
#233 = FACE_BOUND('',#234,.F.);
#234 = EDGE_LOOP('',(#235,#266,#292,#359,#528));
#235 = ORIENTED_EDGE('',*,*,#236,.F.);
#236 = EDGE_CURVE('',#237,#239,#241,.T.);
#237 = VERTEX_POINT('',#238);
#238 = CARTESIAN_POINT('',(-9.857642120718,-30.33870286976,61.5));
#239 = VERTEX_POINT('',#240);
#240 = CARTESIAN_POINT('',(31.9,-7.81324657856E-15,61.5));
#241 = SURFACE_CURVE('',#242,(#247,#254),.PCURVE_S1.);
#242 = CIRCLE('',#243,31.9);
#243 = AXIS2_PLACEMENT_3D('',#244,#245,#246);
#244 = CARTESIAN_POINT('',(0.,0.,61.5));
#245 = DIRECTION('',(0.,0.,1.));
#246 = DIRECTION('',(1.,0.,-0.));
#247 = PCURVE('',#93,#248);
#248 = DEFINITIONAL_REPRESENTATION('',(#249),#253);
#249 = CIRCLE('',#250,31.9);
#250 = AXIS2_PLACEMENT_2D('',#251,#252);
#251 = CARTESIAN_POINT('',(0.,0.));
#252 = DIRECTION('',(1.,0.));
#253 = ( GEOMETRIC_REPRESENTATION_CONTEXT(2) 
PARAMETRIC_REPRESENTATION_CONTEXT() REPRESENTATION_CONTEXT('2D SPACE',''
  ) );
#254 = PCURVE('',#255,#260);
#255 = CYLINDRICAL_SURFACE('',#256,31.9);
#256 = AXIS2_PLACEMENT_3D('',#257,#258,#259);
#257 = CARTESIAN_POINT('',(0.,0.,56.));
#258 = DIRECTION('',(0.,0.,1.));
#259 = DIRECTION('',(1.,0.,-0.));
#260 = DEFINITIONAL_REPRESENTATION('',(#261),#265);
#261 = LINE('',#262,#263);
#262 = CARTESIAN_POINT('',(0.,5.5));
#263 = VECTOR('',#264,1.);
#264 = DIRECTION('',(1.,0.));
#265 = ( GEOMETRIC_REPRESENTATION_CONTEXT(2) 
PARAMETRIC_REPRESENTATION_CONTEXT() REPRESENTATION_CONTEXT('2D SPACE',''
  ) );
#266 = ORIENTED_EDGE('',*,*,#267,.T.);
#267 = EDGE_CURVE('',#237,#268,#270,.T.);
#268 = VERTEX_POINT('',#269);
#269 = CARTESIAN_POINT('',(-10.00442519267,-30.79045471514,61.5));
#270 = SURFACE_CURVE('',#271,(#275,#281),.PCURVE_S1.);
#271 = LINE('',#272,#273);
#272 = CARTESIAN_POINT('',(-4.887680719549,-15.0427344861,61.5));
#273 = VECTOR('',#274,1.);
#274 = DIRECTION('',(-0.309016994372,-0.951056516296,0.));
#275 = PCURVE('',#93,#276);
#276 = DEFINITIONAL_REPRESENTATION('',(#277),#280);
#277 = B_SPLINE_CURVE_WITH_KNOTS('',1,(#278,#279),.UNSPECIFIED.,.F.,.F.,
  (2,2),(15.875887719546,16.595020851931),.PIECEWISE_BEZIER_KNOTS.);
#278 = CARTESIAN_POINT('',(-9.793599825633,-30.14160095376));
#279 = CARTESIAN_POINT('',(-10.01582418475,-30.8255372054));
#280 = ( GEOMETRIC_REPRESENTATION_CONTEXT(2) 
PARAMETRIC_REPRESENTATION_CONTEXT() REPRESENTATION_CONTEXT('2D SPACE',''
  ) );
#281 = PCURVE('',#282,#287);
#282 = PLANE('',#283);
#283 = AXIS2_PLACEMENT_3D('',#284,#285,#286);
#284 = CARTESIAN_POINT('',(-9.775361439251,-30.08546897216,
    61.125000003123));
#285 = DIRECTION('',(-0.951056516296,0.309016994372,7.142563920349E-11)
  );
#286 = DIRECTION('',(-0.26612277365,-0.819041679454,0.508280824606));
#287 = DEFINITIONAL_REPRESENTATION('',(#288),#291);
#288 = B_SPLINE_CURVE_WITH_KNOTS('',1,(#289,#290),.UNSPECIFIED.,.F.,.F.,
  (2,2),(15.875887719546,16.595020851931),.PIECEWISE_BEZIER_KNOTS.);
#289 = CARTESIAN_POINT('',(0.241433390091,0.292947698238));
#290 = CARTESIAN_POINT('',(0.860744649095,-7.257388329219E-02));
#291 = ( GEOMETRIC_REPRESENTATION_CONTEXT(2) 
PARAMETRIC_REPRESENTATION_CONTEXT() REPRESENTATION_CONTEXT('2D SPACE',''
  ) );
#292 = ORIENTED_EDGE('',*,*,#293,.T.);
#293 = EDGE_CURVE('',#268,#294,#296,.T.);
#294 = VERTEX_POINT('',#295);
#295 = CARTESIAN_POINT('',(-21.02589256893,-24.61790320619,61.5));
#296 = SURFACE_CURVE('',#297,(#308,#322),.PCURVE_S1.);
#297 = B_SPLINE_CURVE_WITH_KNOTS('',5,(#298,#299,#300,#301,#302,#303,
    #304,#305,#306,#307),.UNSPECIFIED.,.F.,.F.,(6,4,6),(0.,
    0.500054326136,1.),.UNSPECIFIED.);
#298 = CARTESIAN_POINT('',(-10.00442519267,-30.79045471514,61.5));
#299 = CARTESIAN_POINT('',(-11.21337079525,-30.39660543602,61.5));
#300 = CARTESIAN_POINT('',(-12.40317101787,-29.94395571128,61.5));
#301 = CARTESIAN_POINT('',(-13.56990263685,-29.43350863042,61.5));
#302 = CARTESIAN_POINT('',(-14.70979609179,-28.866745267,61.5));
#303 = CARTESIAN_POINT('',(-16.92841404541,-27.62457585939,61.5));
#304 = CARTESIAN_POINT('',(-18.00716798056,-26.94918442207,61.5));
#305 = CARTESIAN_POINT('',(-19.05187094054,-26.22134351,61.5));
#306 = CARTESIAN_POINT('',(-20.05915672275,-25.44336202942,61.5));
#307 = CARTESIAN_POINT('',(-21.02589256893,-24.6179032062,61.5));
#308 = PCURVE('',#93,#309);
#309 = DEFINITIONAL_REPRESENTATION('',(#310),#321);
#310 = B_SPLINE_CURVE_WITH_KNOTS('',5,(#311,#312,#313,#314,#315,#316,
    #317,#318,#319,#320),.UNSPECIFIED.,.F.,.F.,(6,4,6),(0.,
    0.500054326136,1.),.UNSPECIFIED.);
#311 = CARTESIAN_POINT('',(-10.00442519267,-30.79045471514));
#312 = CARTESIAN_POINT('',(-11.21337079525,-30.39660543602));
#313 = CARTESIAN_POINT('',(-12.40317101787,-29.94395571128));
#314 = CARTESIAN_POINT('',(-13.56990263685,-29.43350863042));
#315 = CARTESIAN_POINT('',(-14.70979609179,-28.866745267));
#316 = CARTESIAN_POINT('',(-16.92841404541,-27.62457585939));
#317 = CARTESIAN_POINT('',(-18.00716798056,-26.94918442207));
#318 = CARTESIAN_POINT('',(-19.05187094054,-26.22134351));
#319 = CARTESIAN_POINT('',(-20.05915672275,-25.44336202942));
#320 = CARTESIAN_POINT('',(-21.02589256893,-24.6179032062));
#321 = ( GEOMETRIC_REPRESENTATION_CONTEXT(2) 
PARAMETRIC_REPRESENTATION_CONTEXT() REPRESENTATION_CONTEXT('2D SPACE',''
  ) );
#322 = PCURVE('',#323,#346);
#323 = ( BOUNDED_SURFACE() B_SPLINE_SURFACE(1,6,(
    (#324,#325,#326,#327,#328,#329,#330,#331,#332,#333,#334)
    ,(#335,#336,#337,#338,#339,#340,#341,#342,#343,#344,#345
)),.UNSPECIFIED.,.F.,.F.,.F.) B_SPLINE_SURFACE_WITH_KNOTS((2,2),(7,4,7),
(3.,4.),(0.,0.5,1.),.UNSPECIFIED.) GEOMETRIC_REPRESENTATION_ITEM() 
RATIONAL_B_SPLINE_SURFACE((
    (1.,1.,1.,1.,1.,1.,1.,1.,1.,1.,1.)
,(1.,1.,1.,1.,1.,1.,1.,1.,1.,1.,1.
  ))) REPRESENTATION_ITEM('') SURFACE() );
#324 = CARTESIAN_POINT('',(32.375000000098,6.49885418111E-13,
    60.862499999959));
#325 = CARTESIAN_POINT('',(32.365774584611,11.870170896655,
    60.920833333296));
#326 = CARTESIAN_POINT('',(27.182608736008,23.718875799037,
    60.979166667013));
#327 = CARTESIAN_POINT('',(16.671591227045,32.758183477664,
    61.037500001144));
#328 = CARTESIAN_POINT('',(3.235115637989,35.920732982328,
    61.095833335481));
#329 = CARTESIAN_POINT('',(-22.09547646289,30.411814327683,
    61.212500004051));
#330 = CARTESIAN_POINT('',(-35.16235288377,8.023339133379,
    61.329166671698));
#331 = CARTESIAN_POINT('',(-36.30668887072,-5.732790074136,
    61.387500005113));
#332 = CARTESIAN_POINT('',(-30.95787943855,-18.52266145898,
    61.445833338051));
#333 = CARTESIAN_POINT('',(-21.29077776332,-27.11359629047,
    61.504166670652));
#334 = CARTESIAN_POINT('',(-10.00442519267,-30.79045471514,
    61.562500003141));
#335 = CARTESIAN_POINT('',(32.375000000088,6.542912218748E-13,
    60.737499999959));
#336 = CARTESIAN_POINT('',(32.365774584602,11.870170896655,
    60.795833333296));
#337 = CARTESIAN_POINT('',(27.182608735998,23.718875799037,
    60.854166667013));
#338 = CARTESIAN_POINT('',(16.671591227036,32.758183477664,
    60.912500001144));
#339 = CARTESIAN_POINT('',(3.23511563798,35.920732982328,60.970833335481
    ));
#340 = CARTESIAN_POINT('',(-22.09547646289,30.411814327683,
    61.087500004051));
#341 = CARTESIAN_POINT('',(-35.16235288378,8.023339133379,
    61.204166671698));
#342 = CARTESIAN_POINT('',(-36.30668887073,-5.732790074136,
    61.262500005113));
#343 = CARTESIAN_POINT('',(-30.95787943855,-18.52266145898,
    61.320833338051));
#344 = CARTESIAN_POINT('',(-21.29077776333,-27.11359629047,
    61.379166670652));
#345 = CARTESIAN_POINT('',(-10.00442519268,-30.79045471514,
    61.437500003141));
#346 = DEFINITIONAL_REPRESENTATION('',(#347),#358);
#347 = B_SPLINE_CURVE_WITH_KNOTS('',5,(#348,#349,#350,#351,#352,#353,
    #354,#355,#356,#357),.UNSPECIFIED.,.F.,.F.,(6,4,6),(0.,
    0.500054326136,1.),.UNSPECIFIED.);
#348 = CARTESIAN_POINT('',(3.500000025124,1.));
#349 = CARTESIAN_POINT('',(3.450012697258,0.991073691323));
#350 = CARTESIAN_POINT('',(3.400016777803,0.982145848436));
#351 = CARTESIAN_POINT('',(3.350015216911,0.973216998152));
#352 = CARTESIAN_POINT('',(3.300008667156,0.964287257002));
#353 = CARTESIAN_POINT('',(3.200002249017,0.94642896781));
#354 = CARTESIAN_POINT('',(3.150001651364,0.937500289542));
#355 = CARTESIAN_POINT('',(3.100000828626,0.928571571084));
#356 = CARTESIAN_POINT('',(3.049999773661,0.919642811161));
#357 = CARTESIAN_POINT('',(3.,0.910714280046));
#358 = ( GEOMETRIC_REPRESENTATION_CONTEXT(2) 
PARAMETRIC_REPRESENTATION_CONTEXT() REPRESENTATION_CONTEXT('2D SPACE',''
  ) );
#359 = ORIENTED_EDGE('',*,*,#360,.T.);
#360 = EDGE_CURVE('',#294,#361,#363,.T.);
#361 = VERTEX_POINT('',#362);
#362 = CARTESIAN_POINT('',(-20.83013973453,24.160200306329,61.5));
#363 = SURFACE_CURVE('',#364,(#409,#457),.PCURVE_S1.);
#364 = B_SPLINE_CURVE_WITH_KNOTS('',8,(#365,#366,#367,#368,#369,#370,
    #371,#372,#373,#374,#375,#376,#377,#378,#379,#380,#381,#382,#383,
    #384,#385,#386,#387,#388,#389,#390,#391,#392,#393,#394,#395,#396,
    #397,#398,#399,#400,#401,#402,#403,#404,#405,#406,#407,#408),
  .UNSPECIFIED.,.F.,.F.,(9,7,7,7,7,7,9),(0.,0.296743527074,
    0.529090562096,0.76651120537,0.882877090834,0.941467455582,1.),
  .UNSPECIFIED.);
#365 = CARTESIAN_POINT('',(-21.02589256893,-24.61790320619,61.5));
#366 = CARTESIAN_POINT('',(-22.79108643679,-23.08448983757,61.5));
#367 = CARTESIAN_POINT('',(-24.42995182521,-21.40497667866,61.5));
#368 = CARTESIAN_POINT('',(-25.92770583018,-19.59178011761,61.5));
#369 = CARTESIAN_POINT('',(-27.27175539498,-17.6588401869,61.5));
#370 = CARTESIAN_POINT('',(-28.4511846584,-15.62124170611,61.5));
#371 = CARTESIAN_POINT('',(-29.45676149609,-13.49519156815,61.5));
#372 = CARTESIAN_POINT('',(-30.28096575029,-11.2980094569,61.5));
#373 = CARTESIAN_POINT('',(-31.41761427,-7.286952855001,61.5));
#374 = CARTESIAN_POINT('',(-31.80241492845,-5.492967571851,61.5));
#375 = CARTESIAN_POINT('',(-32.07024315401,-3.675265616635,61.5));
#376 = CARTESIAN_POINT('',(-32.21937706191,-1.842757288562,61.5));
#377 = CARTESIAN_POINT('',(-32.24890210484,-4.417647234326E-03,61.5));
#378 = CARTESIAN_POINT('',(-32.15868518114,1.830719458844,61.5));
#379 = CARTESIAN_POINT('',(-31.94941415125,3.65356429076,61.5));
#380 = CARTESIAN_POINT('',(-31.28885719311,7.295713924249,61.5));
#381 = CARTESIAN_POINT('',(-30.83233354043,9.11436457929,61.5));
#382 = CARTESIAN_POINT('',(-30.25478946209,10.901142156204,61.5));
#383 = CARTESIAN_POINT('',(-29.55881974873,12.646639483801,61.5));
#384 = CARTESIAN_POINT('',(-28.74784442916,14.341779475197,61.5));
#385 = CARTESIAN_POINT('',(-27.82607164697,15.977805098358,61.5));
#386 = CARTESIAN_POINT('',(-26.79853530824,17.546302915284,61.5));
#387 = CARTESIAN_POINT('',(-25.11867551845,19.770996456798,61.5));
#388 = CARTESIAN_POINT('',(-24.54214669524,20.484619004119,61.5));
#389 = CARTESIAN_POINT('',(-23.94230903179,21.179197178083,61.5));
#390 = CARTESIAN_POINT('',(-23.31989080858,21.853836849311,61.5));
#391 = CARTESIAN_POINT('',(-22.67565954048,22.507679480627,61.5));
#392 = CARTESIAN_POINT('',(-22.01042198064,23.139902204687,61.5));
#393 = CARTESIAN_POINT('',(-21.32502517311,23.74971891136,61.5));
#394 = CARTESIAN_POINT('',(-20.26555805538,24.631768096594,61.5));
#395 = CARTESIAN_POINT('',(-19.90587135321,24.921284664863,61.5));
#396 = CARTESIAN_POINT('',(-19.54141225568,25.204838593526,61.5));
#397 = CARTESIAN_POINT('',(-19.17229360155,25.482334546295,61.5));
#398 = CARTESIAN_POINT('',(-18.79863466167,25.753686261329,61.5));
#399 = CARTESIAN_POINT('',(-18.4205561909,26.018809079807,61.5));
#400 = CARTESIAN_POINT('',(-18.03817590057,26.277613376493,61.5));
#401 = CARTESIAN_POINT('',(-17.26543982064,26.782173976662,61.5));
#402 = CARTESIAN_POINT('',(-16.87509196886,27.027942786475,61.5));
#403 = CARTESIAN_POINT('',(-16.48069590293,27.267242348171,61.5));
#404 = CARTESIAN_POINT('',(-16.08237583251,27.499993388886,61.5));
#405 = CARTESIAN_POINT('',(-15.68025784012,27.726119664521,61.5));
#406 = CARTESIAN_POINT('',(-15.27446988113,27.945547959742,61.5));
#407 = CARTESIAN_POINT('',(-14.86514178374,28.158208087981,61.5));
#408 = CARTESIAN_POINT('',(-14.45240524899,28.364032891435,61.5));
#409 = PCURVE('',#93,#410);
#410 = DEFINITIONAL_REPRESENTATION('',(#411),#456);
#411 = B_SPLINE_CURVE_WITH_KNOTS('',8,(#412,#413,#414,#415,#416,#417,
    #418,#419,#420,#421,#422,#423,#424,#425,#426,#427,#428,#429,#430,
    #431,#432,#433,#434,#435,#436,#437,#438,#439,#440,#441,#442,#443,
    #444,#445,#446,#447,#448,#449,#450,#451,#452,#453,#454,#455),
  .UNSPECIFIED.,.F.,.F.,(9,7,7,7,7,7,9),(0.,0.296743527074,
    0.529090562096,0.76651120537,0.882877090834,0.941467455582,1.),
  .UNSPECIFIED.);
#412 = CARTESIAN_POINT('',(-21.02589256893,-24.61790320619));
#413 = CARTESIAN_POINT('',(-22.79108643679,-23.08448983757));
#414 = CARTESIAN_POINT('',(-24.42995182521,-21.40497667866));
#415 = CARTESIAN_POINT('',(-25.92770583018,-19.59178011761));
#416 = CARTESIAN_POINT('',(-27.27175539498,-17.6588401869));
#417 = CARTESIAN_POINT('',(-28.4511846584,-15.62124170611));
#418 = CARTESIAN_POINT('',(-29.45676149609,-13.49519156815));
#419 = CARTESIAN_POINT('',(-30.28096575029,-11.2980094569));
#420 = CARTESIAN_POINT('',(-31.41761427,-7.286952855001));
#421 = CARTESIAN_POINT('',(-31.80241492845,-5.492967571851));
#422 = CARTESIAN_POINT('',(-32.07024315401,-3.675265616635));
#423 = CARTESIAN_POINT('',(-32.21937706191,-1.842757288562));
#424 = CARTESIAN_POINT('',(-32.24890210484,-4.417647234326E-03));
#425 = CARTESIAN_POINT('',(-32.15868518114,1.830719458844));
#426 = CARTESIAN_POINT('',(-31.94941415125,3.65356429076));
#427 = CARTESIAN_POINT('',(-31.28885719311,7.295713924249));
#428 = CARTESIAN_POINT('',(-30.83233354043,9.11436457929));
#429 = CARTESIAN_POINT('',(-30.25478946209,10.901142156204));
#430 = CARTESIAN_POINT('',(-29.55881974873,12.646639483801));
#431 = CARTESIAN_POINT('',(-28.74784442916,14.341779475197));
#432 = CARTESIAN_POINT('',(-27.82607164697,15.977805098358));
#433 = CARTESIAN_POINT('',(-26.79853530824,17.546302915284));
#434 = CARTESIAN_POINT('',(-25.11867551845,19.770996456798));
#435 = CARTESIAN_POINT('',(-24.54214669524,20.484619004119));
#436 = CARTESIAN_POINT('',(-23.94230903179,21.179197178083));
#437 = CARTESIAN_POINT('',(-23.31989080858,21.853836849311));
#438 = CARTESIAN_POINT('',(-22.67565954048,22.507679480627));
#439 = CARTESIAN_POINT('',(-22.01042198064,23.139902204687));
#440 = CARTESIAN_POINT('',(-21.32502517311,23.74971891136));
#441 = CARTESIAN_POINT('',(-20.26555805538,24.631768096594));
#442 = CARTESIAN_POINT('',(-19.90587135321,24.921284664863));
#443 = CARTESIAN_POINT('',(-19.54141225568,25.204838593526));
#444 = CARTESIAN_POINT('',(-19.17229360155,25.482334546295));
#445 = CARTESIAN_POINT('',(-18.79863466167,25.753686261329));
#446 = CARTESIAN_POINT('',(-18.4205561909,26.018809079807));
#447 = CARTESIAN_POINT('',(-18.03817590057,26.277613376493));
#448 = CARTESIAN_POINT('',(-17.26543982064,26.782173976662));
#449 = CARTESIAN_POINT('',(-16.87509196886,27.027942786475));
#450 = CARTESIAN_POINT('',(-16.48069590293,27.267242348171));
#451 = CARTESIAN_POINT('',(-16.08237583251,27.499993388886));
#452 = CARTESIAN_POINT('',(-15.68025784012,27.726119664521));
#453 = CARTESIAN_POINT('',(-15.27446988113,27.945547959742));
#454 = CARTESIAN_POINT('',(-14.86514178374,28.158208087981));
#455 = CARTESIAN_POINT('',(-14.45240524899,28.364032891435));
#456 = ( GEOMETRIC_REPRESENTATION_CONTEXT(2) 
PARAMETRIC_REPRESENTATION_CONTEXT() REPRESENTATION_CONTEXT('2D SPACE',''
  ) );
#457 = PCURVE('',#458,#481);
#458 = ( BOUNDED_SURFACE() B_SPLINE_SURFACE(1,6,(
    (#459,#460,#461,#462,#463,#464,#465,#466,#467,#468,#469)
    ,(#470,#471,#472,#473,#474,#475,#476,#477,#478,#479,#480
)),.UNSPECIFIED.,.F.,.F.,.F.) B_SPLINE_SURFACE_WITH_KNOTS((2,2),(7,4,7),
(2.,3.),(0.,0.5,1.),.UNSPECIFIED.) GEOMETRIC_REPRESENTATION_ITEM() 
RATIONAL_B_SPLINE_SURFACE((
    (1.,1.,1.,1.,1.,1.,1.,1.,1.,1.,1.)
,(1.,1.,1.,1.,1.,1.,1.,1.,1.,1.,1.
  ))) REPRESENTATION_ITEM('') SURFACE() );
#459 = CARTESIAN_POINT('',(31.833734122756,-1.046168762553E-14,61.175));
#460 = CARTESIAN_POINT('',(31.824662943213,11.67171781696,
    61.233333333337));
#461 = CARTESIAN_POINT('',(26.728152564921,23.322328520712,
    61.291666667047));
#462 = CARTESIAN_POINT('',(16.392864942191,32.210511295113,
    61.350000001165));
#463 = CARTESIAN_POINT('',(3.18102891372,35.320187281734,61.408333335485
    ));
#464 = CARTESIAN_POINT('',(-21.72607020958,29.903370239352,
    61.525000004023));
#465 = CARTESIAN_POINT('',(-34.57448626489,7.889199837583,
    61.641666671654));
#466 = CARTESIAN_POINT('',(-35.69969051389,-5.636945636395,
    61.700000005067));
#467 = CARTESIAN_POINT('',(-30.44030588538,-18.21298780415,
    61.758333338012));
#468 = CARTESIAN_POINT('',(-20.93482497563,-26.66029391206,
    61.816666670626));
#469 = CARTESIAN_POINT('',(-9.837164838069,-30.27568027542,
    61.875000003128));
#470 = CARTESIAN_POINT('',(32.375000000098,6.49885418111E-13,
    60.862499999959));
#471 = CARTESIAN_POINT('',(32.365774584611,11.870170896655,
    60.920833333296));
#472 = CARTESIAN_POINT('',(27.182608736008,23.718875799037,
    60.979166667013));
#473 = CARTESIAN_POINT('',(16.671591227045,32.758183477664,
    61.037500001144));
#474 = CARTESIAN_POINT('',(3.235115637989,35.920732982328,
    61.095833335481));
#475 = CARTESIAN_POINT('',(-22.09547646289,30.411814327683,
    61.212500004051));
#476 = CARTESIAN_POINT('',(-35.16235288377,8.023339133379,
    61.329166671698));
#477 = CARTESIAN_POINT('',(-36.30668887072,-5.732790074136,
    61.387500005113));
#478 = CARTESIAN_POINT('',(-30.95787943855,-18.52266145898,
    61.445833338051));
#479 = CARTESIAN_POINT('',(-21.29077776332,-27.11359629047,
    61.504166670652));
#480 = CARTESIAN_POINT('',(-10.00442519267,-30.79045471514,
    61.562500003141));
#481 = DEFINITIONAL_REPRESENTATION('',(#482),#527);
#482 = B_SPLINE_CURVE_WITH_KNOTS('',8,(#483,#484,#485,#486,#487,#488,
    #489,#490,#491,#492,#493,#494,#495,#496,#497,#498,#499,#500,#501,
    #502,#503,#504,#505,#506,#507,#508,#509,#510,#511,#512,#513,#514,
    #515,#516,#517,#518,#519,#520,#521,#522,#523,#524,#525,#526),
  .UNSPECIFIED.,.F.,.F.,(9,7,7,7,7,7,9),(0.,0.296743527074,
    0.529090562096,0.76651120537,0.882877090834,0.941467455582,1.),
  .UNSPECIFIED.);
#483 = CARTESIAN_POINT('',(3.,0.910714280046));
#484 = CARTESIAN_POINT('',(2.963214005237,0.894291960766));
#485 = CARTESIAN_POINT('',(2.926396378906,0.877855520263));
#486 = CARTESIAN_POINT('',(2.889558950717,0.861410239662));
#487 = CARTESIAN_POINT('',(2.852700717883,0.844955671286));
#488 = CARTESIAN_POINT('',(2.81581749639,0.82848994728));
#489 = CARTESIAN_POINT('',(2.778905097797,0.8120111978));
#490 = CARTESIAN_POINT('',(2.741962507456,0.795518969881));
#491 = CARTESIAN_POINT('',(2.676058748612,0.766097648846));
#492 = CARTESIAN_POINT('',(2.647098708367,0.75316905941));
#493 = CARTESIAN_POINT('',(2.618122886651,0.740233424686));
#494 = CARTESIAN_POINT('',(2.589131598943,0.727290885515));
#495 = CARTESIAN_POINT('',(2.560123815525,0.7143409822));
#496 = CARTESIAN_POINT('',(2.531098533305,0.701383266933));
#497 = CARTESIAN_POINT('',(2.502056172762,0.688417927427));
#498 = CARTESIAN_POINT('',(2.443309346844,0.662191665927));
#499 = CARTESIAN_POINT('',(2.413599620249,0.648928395174));
#500 = CARTESIAN_POINT('',(2.383874444158,0.635658227339));
#501 = CARTESIAN_POINT('',(2.354134145632,0.622381308428));
#502 = CARTESIAN_POINT('',(2.324377267909,0.609096988103));
#503 = CARTESIAN_POINT('',(2.294602168862,0.59580453327));
#504 = CARTESIAN_POINT('',(2.264808704859,0.582503879807));
#505 = CARTESIAN_POINT('',(2.220389996892,0.562674099645));
#506 = CARTESIAN_POINT('',(2.205775686661,0.556149854068));
#507 = CARTESIAN_POINT('',(2.191157145831,0.549623719833));
#508 = CARTESIAN_POINT('',(2.176534356774,0.543095689071));
#509 = CARTESIAN_POINT('',(2.161907258151,0.536565734397));
#510 = CARTESIAN_POINT('',(2.1472757991,0.530033833106));
#511 = CARTESIAN_POINT('',(2.132639997168,0.523499993032));
#512 = CARTESIAN_POINT('',(2.110628743631,0.513673540674));
#513 = CARTESIAN_POINT('',(2.103256405433,0.510382318302));
#514 = CARTESIAN_POINT('',(2.095882991229,0.507090615572));
#515 = CARTESIAN_POINT('',(2.088508505173,0.503798434337));
#516 = CARTESIAN_POINT('',(2.081132951256,0.500505776378));
#517 = CARTESIAN_POINT('',(2.073756340317,0.497212646535));
#518 = CARTESIAN_POINT('',(2.06637868936,0.493919052399));
#519 = CARTESIAN_POINT('',(2.051628592349,0.487334187745));
#520 = CARTESIAN_POINT('',(2.044256147847,0.48404291792));
#521 = CARTESIAN_POINT('',(2.036882673371,0.480751188285));
#522 = CARTESIAN_POINT('',(2.029508174484,0.477459001325));
#523 = CARTESIAN_POINT('',(2.022132655432,0.474166358934));
#524 = CARTESIAN_POINT('',(2.014756119145,0.470873262421));
#525 = CARTESIAN_POINT('',(2.007378567235,0.467579712505));
#526 = CARTESIAN_POINT('',(2.,0.464285709319));
#527 = ( GEOMETRIC_REPRESENTATION_CONTEXT(2) 
PARAMETRIC_REPRESENTATION_CONTEXT() REPRESENTATION_CONTEXT('2D SPACE',''
  ) );
#528 = ORIENTED_EDGE('',*,*,#529,.F.);
#529 = EDGE_CURVE('',#239,#361,#530,.T.);
#530 = SURFACE_CURVE('',#531,(#536,#543),.PCURVE_S1.);
#531 = CIRCLE('',#532,31.9);
#532 = AXIS2_PLACEMENT_3D('',#533,#534,#535);
#533 = CARTESIAN_POINT('',(0.,0.,61.5));
#534 = DIRECTION('',(0.,0.,1.));
#535 = DIRECTION('',(1.,0.,-0.));
#536 = PCURVE('',#93,#537);
#537 = DEFINITIONAL_REPRESENTATION('',(#538),#542);
#538 = CIRCLE('',#539,31.9);
#539 = AXIS2_PLACEMENT_2D('',#540,#541);
#540 = CARTESIAN_POINT('',(0.,0.));
#541 = DIRECTION('',(1.,0.));
#542 = ( GEOMETRIC_REPRESENTATION_CONTEXT(2) 
PARAMETRIC_REPRESENTATION_CONTEXT() REPRESENTATION_CONTEXT('2D SPACE',''
  ) );
#543 = PCURVE('',#544,#549);
#544 = CYLINDRICAL_SURFACE('',#545,31.9);
#545 = AXIS2_PLACEMENT_3D('',#546,#547,#548);
#546 = CARTESIAN_POINT('',(0.,0.,56.));
#547 = DIRECTION('',(0.,0.,1.));
#548 = DIRECTION('',(1.,0.,-0.));
#549 = DEFINITIONAL_REPRESENTATION('',(#550),#554);
#550 = LINE('',#551,#552);
#551 = CARTESIAN_POINT('',(0.,5.5));
#552 = VECTOR('',#553,1.);
#553 = DIRECTION('',(1.,0.));
#554 = ( GEOMETRIC_REPRESENTATION_CONTEXT(2) 
PARAMETRIC_REPRESENTATION_CONTEXT() REPRESENTATION_CONTEXT('2D SPACE',''
  ) );
#555 = FACE_BOUND('',#556,.F.);
#556 = EDGE_LOOP('',(#557));
#557 = ORIENTED_EDGE('',*,*,#558,.F.);
#558 = EDGE_CURVE('',#559,#559,#561,.T.);
#559 = VERTEX_POINT('',#560);
#560 = CARTESIAN_POINT('',(-30.69467888754,34.294678887548,61.5));
#561 = SURFACE_CURVE('',#562,(#567,#574),.PCURVE_S1.);
#562 = CIRCLE('',#563,3.6);
#563 = AXIS2_PLACEMENT_3D('',#564,#565,#566);
#564 = CARTESIAN_POINT('',(-34.29467888754,34.294678887548,61.5));
#565 = DIRECTION('',(0.,0.,1.));
#566 = DIRECTION('',(1.,0.,-0.));
#567 = PCURVE('',#93,#568);
#568 = DEFINITIONAL_REPRESENTATION('',(#569),#573);
#569 = CIRCLE('',#570,3.6);
#570 = AXIS2_PLACEMENT_2D('',#571,#572);
#571 = CARTESIAN_POINT('',(-34.29467888754,34.294678887548));
#572 = DIRECTION('',(1.,0.));
#573 = ( GEOMETRIC_REPRESENTATION_CONTEXT(2) 
PARAMETRIC_REPRESENTATION_CONTEXT() REPRESENTATION_CONTEXT('2D SPACE',''
  ) );
#574 = PCURVE('',#575,#580);
#575 = CYLINDRICAL_SURFACE('',#576,3.6);
#576 = AXIS2_PLACEMENT_3D('',#577,#578,#579);
#577 = CARTESIAN_POINT('',(-34.29467888754,34.294678887548,58.5));
#578 = DIRECTION('',(0.,0.,1.));
#579 = DIRECTION('',(1.,0.,-0.));
#580 = DEFINITIONAL_REPRESENTATION('',(#581),#585);
#581 = LINE('',#582,#583);
#582 = CARTESIAN_POINT('',(0.,3.));
#583 = VECTOR('',#584,1.);
#584 = DIRECTION('',(1.,0.));
#585 = ( GEOMETRIC_REPRESENTATION_CONTEXT(2) 
PARAMETRIC_REPRESENTATION_CONTEXT() REPRESENTATION_CONTEXT('2D SPACE',''
  ) );
#586 = FACE_BOUND('',#587,.F.);
#587 = EDGE_LOOP('',(#588));
#588 = ORIENTED_EDGE('',*,*,#589,.F.);
#589 = EDGE_CURVE('',#590,#590,#592,.T.);
#590 = VERTEX_POINT('',#591);
#591 = CARTESIAN_POINT('',(52.1,-8.817456953861E-16,61.5));
#592 = SURFACE_CURVE('',#593,(#598,#605),.PCURVE_S1.);
#593 = CIRCLE('',#594,3.6);
#594 = AXIS2_PLACEMENT_3D('',#595,#596,#597);
#595 = CARTESIAN_POINT('',(48.5,0.,61.5));
#596 = DIRECTION('',(0.,0.,1.));
#597 = DIRECTION('',(1.,0.,-0.));
#598 = PCURVE('',#93,#599);
#599 = DEFINITIONAL_REPRESENTATION('',(#600),#604);
#600 = CIRCLE('',#601,3.6);
#601 = AXIS2_PLACEMENT_2D('',#602,#603);
#602 = CARTESIAN_POINT('',(48.5,0.));
#603 = DIRECTION('',(1.,0.));
#604 = ( GEOMETRIC_REPRESENTATION_CONTEXT(2) 
PARAMETRIC_REPRESENTATION_CONTEXT() REPRESENTATION_CONTEXT('2D SPACE',''
  ) );
#605 = PCURVE('',#606,#611);
#606 = CYLINDRICAL_SURFACE('',#607,3.6);
#607 = AXIS2_PLACEMENT_3D('',#608,#609,#610);
#608 = CARTESIAN_POINT('',(48.5,0.,58.5));
#609 = DIRECTION('',(0.,0.,1.));
#610 = DIRECTION('',(1.,0.,-0.));
#611 = DEFINITIONAL_REPRESENTATION('',(#612),#616);
#612 = LINE('',#613,#614);
#613 = CARTESIAN_POINT('',(0.,3.));
#614 = VECTOR('',#615,1.);
#615 = DIRECTION('',(1.,0.));
#616 = ( GEOMETRIC_REPRESENTATION_CONTEXT(2) 
PARAMETRIC_REPRESENTATION_CONTEXT() REPRESENTATION_CONTEXT('2D SPACE',''
  ) );
#617 = FACE_BOUND('',#618,.F.);
#618 = EDGE_LOOP('',(#619));
#619 = ORIENTED_EDGE('',*,*,#620,.F.);
#620 = EDGE_CURVE('',#621,#621,#623,.T.);
#621 = VERTEX_POINT('',#622);
#622 = CARTESIAN_POINT('',(3.6,48.5,61.5));
#623 = SURFACE_CURVE('',#624,(#629,#636),.PCURVE_S1.);
#624 = CIRCLE('',#625,3.6);
#625 = AXIS2_PLACEMENT_3D('',#626,#627,#628);
#626 = CARTESIAN_POINT('',(2.969768487932E-15,48.5,61.5));
#627 = DIRECTION('',(0.,0.,1.));
#628 = DIRECTION('',(1.,0.,-0.));
#629 = PCURVE('',#93,#630);
#630 = DEFINITIONAL_REPRESENTATION('',(#631),#635);
#631 = CIRCLE('',#632,3.6);
#632 = AXIS2_PLACEMENT_2D('',#633,#634);
#633 = CARTESIAN_POINT('',(2.969768487932E-15,48.5));
#634 = DIRECTION('',(1.,0.));
#635 = ( GEOMETRIC_REPRESENTATION_CONTEXT(2) 
PARAMETRIC_REPRESENTATION_CONTEXT() REPRESENTATION_CONTEXT('2D SPACE',''
  ) );
#636 = PCURVE('',#637,#642);
#637 = CYLINDRICAL_SURFACE('',#638,3.6);
#638 = AXIS2_PLACEMENT_3D('',#639,#640,#641);
#639 = CARTESIAN_POINT('',(2.969768487932E-15,48.5,58.5));
#640 = DIRECTION('',(0.,0.,1.));
#641 = DIRECTION('',(1.,0.,-0.));
#642 = DEFINITIONAL_REPRESENTATION('',(#643),#647);
#643 = LINE('',#644,#645);
#644 = CARTESIAN_POINT('',(0.,3.));
#645 = VECTOR('',#646,1.);
#646 = DIRECTION('',(1.,0.));
#647 = ( GEOMETRIC_REPRESENTATION_CONTEXT(2) 
PARAMETRIC_REPRESENTATION_CONTEXT() REPRESENTATION_CONTEXT('2D SPACE',''
  ) );
#648 = FACE_BOUND('',#649,.F.);
#649 = EDGE_LOOP('',(#650));
#650 = ORIENTED_EDGE('',*,*,#651,.F.);
#651 = EDGE_CURVE('',#652,#652,#654,.T.);
#652 = VERTEX_POINT('',#653);
#653 = CARTESIAN_POINT('',(37.894678887548,34.294678887548,61.5));
#654 = SURFACE_CURVE('',#655,(#660,#667),.PCURVE_S1.);
#655 = CIRCLE('',#656,3.6);
#656 = AXIS2_PLACEMENT_3D('',#657,#658,#659);
#657 = CARTESIAN_POINT('',(34.294678887548,34.294678887548,61.5));
#658 = DIRECTION('',(0.,0.,1.));
#659 = DIRECTION('',(1.,0.,-0.));
#660 = PCURVE('',#93,#661);
#661 = DEFINITIONAL_REPRESENTATION('',(#662),#666);
#662 = CIRCLE('',#663,3.6);
#663 = AXIS2_PLACEMENT_2D('',#664,#665);
#664 = CARTESIAN_POINT('',(34.294678887548,34.294678887548));
#665 = DIRECTION('',(1.,0.));
#666 = ( GEOMETRIC_REPRESENTATION_CONTEXT(2) 
PARAMETRIC_REPRESENTATION_CONTEXT() REPRESENTATION_CONTEXT('2D SPACE',''
  ) );
#667 = PCURVE('',#668,#673);
#668 = CYLINDRICAL_SURFACE('',#669,3.6);
#669 = AXIS2_PLACEMENT_3D('',#670,#671,#672);
#670 = CARTESIAN_POINT('',(34.294678887548,34.294678887548,58.5));
#671 = DIRECTION('',(0.,0.,1.));
#672 = DIRECTION('',(1.,0.,-0.));
#673 = DEFINITIONAL_REPRESENTATION('',(#674),#678);
#674 = LINE('',#675,#676);
#675 = CARTESIAN_POINT('',(0.,3.));
#676 = VECTOR('',#677,1.);
#677 = DIRECTION('',(1.,0.));
#678 = ( GEOMETRIC_REPRESENTATION_CONTEXT(2) 
PARAMETRIC_REPRESENTATION_CONTEXT() REPRESENTATION_CONTEXT('2D SPACE',''
  ) );
#679 = ADVANCED_FACE('',(#680),#668,.T.);
#680 = FACE_BOUND('',#681,.T.);
#681 = EDGE_LOOP('',(#682,#683,#706,#733));
#682 = ORIENTED_EDGE('',*,*,#651,.F.);
#683 = ORIENTED_EDGE('',*,*,#684,.F.);
#684 = EDGE_CURVE('',#685,#652,#687,.T.);
#685 = VERTEX_POINT('',#686);
#686 = CARTESIAN_POINT('',(37.894678887548,34.294678887548,58.5));
#687 = SEAM_CURVE('',#688,(#692,#699),.PCURVE_S1.);
#688 = LINE('',#689,#690);
#689 = CARTESIAN_POINT('',(37.894678887548,34.294678887548,58.5));
#690 = VECTOR('',#691,1.);
#691 = DIRECTION('',(0.,0.,1.));
#692 = PCURVE('',#668,#693);
#693 = DEFINITIONAL_REPRESENTATION('',(#694),#698);
#694 = LINE('',#695,#696);
#695 = CARTESIAN_POINT('',(6.28318530718,-0.));
#696 = VECTOR('',#697,1.);
#697 = DIRECTION('',(0.,1.));
#698 = ( GEOMETRIC_REPRESENTATION_CONTEXT(2) 
PARAMETRIC_REPRESENTATION_CONTEXT() REPRESENTATION_CONTEXT('2D SPACE',''
  ) );
#699 = PCURVE('',#668,#700);
#700 = DEFINITIONAL_REPRESENTATION('',(#701),#705);
#701 = LINE('',#702,#703);
#702 = CARTESIAN_POINT('',(0.,-0.));
#703 = VECTOR('',#704,1.);
#704 = DIRECTION('',(0.,1.));
#705 = ( GEOMETRIC_REPRESENTATION_CONTEXT(2) 
PARAMETRIC_REPRESENTATION_CONTEXT() REPRESENTATION_CONTEXT('2D SPACE',''
  ) );
#706 = ORIENTED_EDGE('',*,*,#707,.T.);
#707 = EDGE_CURVE('',#685,#685,#708,.T.);
#708 = SURFACE_CURVE('',#709,(#714,#721),.PCURVE_S1.);
#709 = CIRCLE('',#710,3.6);
#710 = AXIS2_PLACEMENT_3D('',#711,#712,#713);
#711 = CARTESIAN_POINT('',(34.294678887548,34.294678887548,58.5));
#712 = DIRECTION('',(0.,0.,1.));
#713 = DIRECTION('',(1.,0.,-0.));
#714 = PCURVE('',#668,#715);
#715 = DEFINITIONAL_REPRESENTATION('',(#716),#720);
#716 = LINE('',#717,#718);
#717 = CARTESIAN_POINT('',(0.,0.));
#718 = VECTOR('',#719,1.);
#719 = DIRECTION('',(1.,0.));
#720 = ( GEOMETRIC_REPRESENTATION_CONTEXT(2) 
PARAMETRIC_REPRESENTATION_CONTEXT() REPRESENTATION_CONTEXT('2D SPACE',''
  ) );
#721 = PCURVE('',#722,#727);
#722 = PLANE('',#723);
#723 = AXIS2_PLACEMENT_3D('',#724,#725,#726);
#724 = CARTESIAN_POINT('',(34.294678887548,34.294678887548,58.5));
#725 = DIRECTION('',(0.,0.,1.));
#726 = DIRECTION('',(1.,0.,-0.));
#727 = DEFINITIONAL_REPRESENTATION('',(#728),#732);
#728 = CIRCLE('',#729,3.6);
#729 = AXIS2_PLACEMENT_2D('',#730,#731);
#730 = CARTESIAN_POINT('',(0.,0.));
#731 = DIRECTION('',(1.,0.));
#732 = ( GEOMETRIC_REPRESENTATION_CONTEXT(2) 
PARAMETRIC_REPRESENTATION_CONTEXT() REPRESENTATION_CONTEXT('2D SPACE',''
  ) );
#733 = ORIENTED_EDGE('',*,*,#684,.T.);
#734 = ADVANCED_FACE('',(#735),#722,.F.);
#735 = FACE_BOUND('',#736,.T.);
#736 = EDGE_LOOP('',(#737));
#737 = ORIENTED_EDGE('',*,*,#707,.F.);
#738 = ADVANCED_FACE('',(#739),#637,.T.);
#739 = FACE_BOUND('',#740,.T.);
#740 = EDGE_LOOP('',(#741,#742,#765,#792));
#741 = ORIENTED_EDGE('',*,*,#620,.F.);
#742 = ORIENTED_EDGE('',*,*,#743,.F.);
#743 = EDGE_CURVE('',#744,#621,#746,.T.);
#744 = VERTEX_POINT('',#745);
#745 = CARTESIAN_POINT('',(3.6,48.5,58.5));
#746 = SEAM_CURVE('',#747,(#751,#758),.PCURVE_S1.);
#747 = LINE('',#748,#749);
#748 = CARTESIAN_POINT('',(3.6,48.5,58.5));
#749 = VECTOR('',#750,1.);
#750 = DIRECTION('',(0.,0.,1.));
#751 = PCURVE('',#637,#752);
#752 = DEFINITIONAL_REPRESENTATION('',(#753),#757);
#753 = LINE('',#754,#755);
#754 = CARTESIAN_POINT('',(6.28318530718,-0.));
#755 = VECTOR('',#756,1.);
#756 = DIRECTION('',(0.,1.));
#757 = ( GEOMETRIC_REPRESENTATION_CONTEXT(2) 
PARAMETRIC_REPRESENTATION_CONTEXT() REPRESENTATION_CONTEXT('2D SPACE',''
  ) );
#758 = PCURVE('',#637,#759);
#759 = DEFINITIONAL_REPRESENTATION('',(#760),#764);
#760 = LINE('',#761,#762);
#761 = CARTESIAN_POINT('',(0.,-0.));
#762 = VECTOR('',#763,1.);
#763 = DIRECTION('',(0.,1.));
#764 = ( GEOMETRIC_REPRESENTATION_CONTEXT(2) 
PARAMETRIC_REPRESENTATION_CONTEXT() REPRESENTATION_CONTEXT('2D SPACE',''
  ) );
#765 = ORIENTED_EDGE('',*,*,#766,.T.);
#766 = EDGE_CURVE('',#744,#744,#767,.T.);
#767 = SURFACE_CURVE('',#768,(#773,#780),.PCURVE_S1.);
#768 = CIRCLE('',#769,3.6);
#769 = AXIS2_PLACEMENT_3D('',#770,#771,#772);
#770 = CARTESIAN_POINT('',(2.969768487932E-15,48.5,58.5));
#771 = DIRECTION('',(0.,0.,1.));
#772 = DIRECTION('',(1.,0.,-0.));
#773 = PCURVE('',#637,#774);
#774 = DEFINITIONAL_REPRESENTATION('',(#775),#779);
#775 = LINE('',#776,#777);
#776 = CARTESIAN_POINT('',(0.,0.));
#777 = VECTOR('',#778,1.);
#778 = DIRECTION('',(1.,0.));
#779 = ( GEOMETRIC_REPRESENTATION_CONTEXT(2) 
PARAMETRIC_REPRESENTATION_CONTEXT() REPRESENTATION_CONTEXT('2D SPACE',''
  ) );
#780 = PCURVE('',#781,#786);
#781 = PLANE('',#782);
#782 = AXIS2_PLACEMENT_3D('',#783,#784,#785);
#783 = CARTESIAN_POINT('',(2.969768487932E-15,48.5,58.5));
#784 = DIRECTION('',(0.,0.,1.));
#785 = DIRECTION('',(1.,0.,-0.));
#786 = DEFINITIONAL_REPRESENTATION('',(#787),#791);
#787 = CIRCLE('',#788,3.6);
#788 = AXIS2_PLACEMENT_2D('',#789,#790);
#789 = CARTESIAN_POINT('',(0.,0.));
#790 = DIRECTION('',(1.,0.));
#791 = ( GEOMETRIC_REPRESENTATION_CONTEXT(2) 
PARAMETRIC_REPRESENTATION_CONTEXT() REPRESENTATION_CONTEXT('2D SPACE',''
  ) );
#792 = ORIENTED_EDGE('',*,*,#743,.T.);
#793 = ADVANCED_FACE('',(#794),#781,.F.);
#794 = FACE_BOUND('',#795,.T.);
#795 = EDGE_LOOP('',(#796));
#796 = ORIENTED_EDGE('',*,*,#766,.F.);
#797 = ADVANCED_FACE('',(#798),#606,.T.);
#798 = FACE_BOUND('',#799,.T.);
#799 = EDGE_LOOP('',(#800,#801,#824,#851));
#800 = ORIENTED_EDGE('',*,*,#589,.F.);
#801 = ORIENTED_EDGE('',*,*,#802,.F.);
#802 = EDGE_CURVE('',#803,#590,#805,.T.);
#803 = VERTEX_POINT('',#804);
#804 = CARTESIAN_POINT('',(52.1,-8.817456953861E-16,58.5));
#805 = SEAM_CURVE('',#806,(#810,#817),.PCURVE_S1.);
#806 = LINE('',#807,#808);
#807 = CARTESIAN_POINT('',(52.1,-8.817456953861E-16,58.5));
#808 = VECTOR('',#809,1.);
#809 = DIRECTION('',(0.,0.,1.));
#810 = PCURVE('',#606,#811);
#811 = DEFINITIONAL_REPRESENTATION('',(#812),#816);
#812 = LINE('',#813,#814);
#813 = CARTESIAN_POINT('',(6.28318530718,-0.));
#814 = VECTOR('',#815,1.);
#815 = DIRECTION('',(0.,1.));
#816 = ( GEOMETRIC_REPRESENTATION_CONTEXT(2) 
PARAMETRIC_REPRESENTATION_CONTEXT() REPRESENTATION_CONTEXT('2D SPACE',''
  ) );
#817 = PCURVE('',#606,#818);
#818 = DEFINITIONAL_REPRESENTATION('',(#819),#823);
#819 = LINE('',#820,#821);
#820 = CARTESIAN_POINT('',(0.,-0.));
#821 = VECTOR('',#822,1.);
#822 = DIRECTION('',(0.,1.));
#823 = ( GEOMETRIC_REPRESENTATION_CONTEXT(2) 
PARAMETRIC_REPRESENTATION_CONTEXT() REPRESENTATION_CONTEXT('2D SPACE',''
  ) );
#824 = ORIENTED_EDGE('',*,*,#825,.T.);
#825 = EDGE_CURVE('',#803,#803,#826,.T.);
#826 = SURFACE_CURVE('',#827,(#832,#839),.PCURVE_S1.);
#827 = CIRCLE('',#828,3.6);
#828 = AXIS2_PLACEMENT_3D('',#829,#830,#831);
#829 = CARTESIAN_POINT('',(48.5,0.,58.5));
#830 = DIRECTION('',(0.,0.,1.));
#831 = DIRECTION('',(1.,0.,-0.));
#832 = PCURVE('',#606,#833);
#833 = DEFINITIONAL_REPRESENTATION('',(#834),#838);
#834 = LINE('',#835,#836);
#835 = CARTESIAN_POINT('',(0.,0.));
#836 = VECTOR('',#837,1.);
#837 = DIRECTION('',(1.,0.));
#838 = ( GEOMETRIC_REPRESENTATION_CONTEXT(2) 
PARAMETRIC_REPRESENTATION_CONTEXT() REPRESENTATION_CONTEXT('2D SPACE',''
  ) );
#839 = PCURVE('',#840,#845);
#840 = PLANE('',#841);
#841 = AXIS2_PLACEMENT_3D('',#842,#843,#844);
#842 = CARTESIAN_POINT('',(48.5,0.,58.5));
#843 = DIRECTION('',(0.,0.,1.));
#844 = DIRECTION('',(1.,0.,-0.));
#845 = DEFINITIONAL_REPRESENTATION('',(#846),#850);
#846 = CIRCLE('',#847,3.6);
#847 = AXIS2_PLACEMENT_2D('',#848,#849);
#848 = CARTESIAN_POINT('',(0.,0.));
#849 = DIRECTION('',(1.,0.));
#850 = ( GEOMETRIC_REPRESENTATION_CONTEXT(2) 
PARAMETRIC_REPRESENTATION_CONTEXT() REPRESENTATION_CONTEXT('2D SPACE',''
  ) );
#851 = ORIENTED_EDGE('',*,*,#802,.T.);
#852 = ADVANCED_FACE('',(#853),#840,.F.);
#853 = FACE_BOUND('',#854,.T.);
#854 = EDGE_LOOP('',(#855));
#855 = ORIENTED_EDGE('',*,*,#825,.F.);
#856 = ADVANCED_FACE('',(#857),#575,.T.);
#857 = FACE_BOUND('',#858,.T.);
#858 = EDGE_LOOP('',(#859,#860,#883,#910));
#859 = ORIENTED_EDGE('',*,*,#558,.F.);
#860 = ORIENTED_EDGE('',*,*,#861,.F.);
#861 = EDGE_CURVE('',#862,#559,#864,.T.);
#862 = VERTEX_POINT('',#863);
#863 = CARTESIAN_POINT('',(-30.69467888754,34.294678887548,58.5));
#864 = SEAM_CURVE('',#865,(#869,#876),.PCURVE_S1.);
#865 = LINE('',#866,#867);
#866 = CARTESIAN_POINT('',(-30.69467888754,34.294678887548,58.5));
#867 = VECTOR('',#868,1.);
#868 = DIRECTION('',(0.,0.,1.));
#869 = PCURVE('',#575,#870);
#870 = DEFINITIONAL_REPRESENTATION('',(#871),#875);
#871 = LINE('',#872,#873);
#872 = CARTESIAN_POINT('',(6.28318530718,-0.));
#873 = VECTOR('',#874,1.);
#874 = DIRECTION('',(0.,1.));
#875 = ( GEOMETRIC_REPRESENTATION_CONTEXT(2) 
PARAMETRIC_REPRESENTATION_CONTEXT() REPRESENTATION_CONTEXT('2D SPACE',''
  ) );
#876 = PCURVE('',#575,#877);
#877 = DEFINITIONAL_REPRESENTATION('',(#878),#882);
#878 = LINE('',#879,#880);
#879 = CARTESIAN_POINT('',(0.,-0.));
#880 = VECTOR('',#881,1.);
#881 = DIRECTION('',(0.,1.));
#882 = ( GEOMETRIC_REPRESENTATION_CONTEXT(2) 
PARAMETRIC_REPRESENTATION_CONTEXT() REPRESENTATION_CONTEXT('2D SPACE',''
  ) );
#883 = ORIENTED_EDGE('',*,*,#884,.T.);
#884 = EDGE_CURVE('',#862,#862,#885,.T.);
#885 = SURFACE_CURVE('',#886,(#891,#898),.PCURVE_S1.);
#886 = CIRCLE('',#887,3.6);
#887 = AXIS2_PLACEMENT_3D('',#888,#889,#890);
#888 = CARTESIAN_POINT('',(-34.29467888754,34.294678887548,58.5));
#889 = DIRECTION('',(0.,0.,1.));
#890 = DIRECTION('',(1.,0.,-0.));
#891 = PCURVE('',#575,#892);
#892 = DEFINITIONAL_REPRESENTATION('',(#893),#897);
#893 = LINE('',#894,#895);
#894 = CARTESIAN_POINT('',(0.,0.));
#895 = VECTOR('',#896,1.);
#896 = DIRECTION('',(1.,0.));
#897 = ( GEOMETRIC_REPRESENTATION_CONTEXT(2) 
PARAMETRIC_REPRESENTATION_CONTEXT() REPRESENTATION_CONTEXT('2D SPACE',''
  ) );
#898 = PCURVE('',#899,#904);
#899 = PLANE('',#900);
#900 = AXIS2_PLACEMENT_3D('',#901,#902,#903);
#901 = CARTESIAN_POINT('',(-34.29467888754,34.294678887548,58.5));
#902 = DIRECTION('',(0.,0.,1.));
#903 = DIRECTION('',(1.,0.,-0.));
#904 = DEFINITIONAL_REPRESENTATION('',(#905),#909);
#905 = CIRCLE('',#906,3.6);
#906 = AXIS2_PLACEMENT_2D('',#907,#908);
#907 = CARTESIAN_POINT('',(0.,0.));
#908 = DIRECTION('',(1.,0.));
#909 = ( GEOMETRIC_REPRESENTATION_CONTEXT(2) 
PARAMETRIC_REPRESENTATION_CONTEXT() REPRESENTATION_CONTEXT('2D SPACE',''
  ) );
#910 = ORIENTED_EDGE('',*,*,#861,.T.);
#911 = ADVANCED_FACE('',(#912),#899,.F.);
#912 = FACE_BOUND('',#913,.T.);
#913 = EDGE_LOOP('',(#914));
#914 = ORIENTED_EDGE('',*,*,#884,.F.);
#915 = ADVANCED_FACE('',(#916),#282,.F.);
#916 = FACE_BOUND('',#917,.F.);
#917 = EDGE_LOOP('',(#918,#919,#940,#984));
#918 = ORIENTED_EDGE('',*,*,#267,.F.);
#919 = ORIENTED_EDGE('',*,*,#920,.F.);
#920 = EDGE_CURVE('',#921,#237,#923,.T.);
#921 = VERTEX_POINT('',#922);
#922 = CARTESIAN_POINT('',(-9.857642120367,-30.33870286987,
    61.163258625249));
#923 = SURFACE_CURVE('',#924,(#928,#934),.PCURVE_S1.);
#924 = LINE('',#925,#926);
#925 = CARTESIAN_POINT('',(-9.857642120718,-30.33870286976,56.));
#926 = VECTOR('',#927,1.);
#927 = DIRECTION('',(0.,0.,1.));
#928 = PCURVE('',#282,#929);
#929 = DEFINITIONAL_REPRESENTATION('',(#930),#933);
#930 = B_SPLINE_CURVE_WITH_KNOTS('',1,(#931,#932),.UNSPECIFIED.,.F.,.F.,
  (2,2),(5.069651876555,5.6000024),.PIECEWISE_BEZIER_KNOTS.);
#931 = CARTESIAN_POINT('',(0.201173488538,-0.18300316953));
#932 = CARTESIAN_POINT('',(0.470740489925,0.273730132827));
#933 = ( GEOMETRIC_REPRESENTATION_CONTEXT(2) 
PARAMETRIC_REPRESENTATION_CONTEXT() REPRESENTATION_CONTEXT('2D SPACE',''
  ) );
#934 = PCURVE('',#255,#935);
#935 = DEFINITIONAL_REPRESENTATION('',(#936),#939);
#936 = B_SPLINE_CURVE_WITH_KNOTS('',1,(#937,#938),.UNSPECIFIED.,.F.,.F.,
  (2,2),(5.069651876555,5.6000024),.PIECEWISE_BEZIER_KNOTS.);
#937 = CARTESIAN_POINT('',(4.398229715021,5.069651876555));
#938 = CARTESIAN_POINT('',(4.398229715021,5.6000024));
#939 = ( GEOMETRIC_REPRESENTATION_CONTEXT(2) 
PARAMETRIC_REPRESENTATION_CONTEXT() REPRESENTATION_CONTEXT('2D SPACE',''
  ) );
#940 = ORIENTED_EDGE('',*,*,#941,.F.);
#941 = EDGE_CURVE('',#942,#921,#944,.T.);
#942 = VERTEX_POINT('',#943);
#943 = CARTESIAN_POINT('',(-10.00442519268,-30.79045471514,
    61.437500003141));
#944 = SURFACE_CURVE('',#945,(#948,#954),.PCURVE_S1.);
#945 = B_SPLINE_CURVE_WITH_KNOTS('',1,(#946,#947),.UNSPECIFIED.,.F.,.F.,
  (2,2),(4.,5.),.PIECEWISE_BEZIER_KNOTS.);
#946 = CARTESIAN_POINT('',(-10.00442519268,-30.79045471514,
    61.437500003141));
#947 = CARTESIAN_POINT('',(-9.837164838126,-30.27568027542,
    61.125000003128));
#948 = PCURVE('',#282,#949);
#949 = DEFINITIONAL_REPRESENTATION('',(#950),#953);
#950 = B_SPLINE_CURVE_WITH_KNOTS('',1,(#951,#952),.UNSPECIFIED.,.F.,.F.,
  (2,2),(4.,5.),.PIECEWISE_BEZIER_KNOTS.);
#951 = CARTESIAN_POINT('',(0.797209546022,-0.107648923253));
#952 = CARTESIAN_POINT('',(0.172238277204,-0.101656164917));
#953 = ( GEOMETRIC_REPRESENTATION_CONTEXT(2) 
PARAMETRIC_REPRESENTATION_CONTEXT() REPRESENTATION_CONTEXT('2D SPACE',''
  ) );
#954 = PCURVE('',#955,#978);
#955 = ( BOUNDED_SURFACE() B_SPLINE_SURFACE(1,6,(
    (#956,#957,#958,#959,#960,#961,#962,#963,#964,#965,#966)
    ,(#967,#968,#969,#970,#971,#972,#973,#974,#975,#976,#977
)),.UNSPECIFIED.,.F.,.F.,.F.) B_SPLINE_SURFACE_WITH_KNOTS((2,2),(7,4,7),
(4.,5.),(0.,0.5,1.),.UNSPECIFIED.) GEOMETRIC_REPRESENTATION_ITEM() 
RATIONAL_B_SPLINE_SURFACE((
    (1.,1.,1.,1.,1.,1.,1.,1.,1.,1.,1.)
,(1.,1.,1.,1.,1.,1.,1.,1.,1.,1.,1.
  ))) REPRESENTATION_ITEM('') SURFACE() );
#956 = CARTESIAN_POINT('',(32.375000000088,6.542912218748E-13,
    60.737499999959));
#957 = CARTESIAN_POINT('',(32.365774584602,11.870170896655,
    60.795833333296));
#958 = CARTESIAN_POINT('',(27.182608735998,23.718875799037,
    60.854166667013));
#959 = CARTESIAN_POINT('',(16.671591227036,32.758183477664,
    60.912500001144));
#960 = CARTESIAN_POINT('',(3.23511563798,35.920732982328,60.970833335481
    ));
#961 = CARTESIAN_POINT('',(-22.09547646289,30.411814327683,
    61.087500004051));
#962 = CARTESIAN_POINT('',(-35.16235288378,8.023339133379,
    61.204166671698));
#963 = CARTESIAN_POINT('',(-36.30668887073,-5.732790074136,
    61.262500005113));
#964 = CARTESIAN_POINT('',(-30.95787943855,-18.52266145898,
    61.320833338051));
#965 = CARTESIAN_POINT('',(-21.29077776333,-27.11359629047,
    61.379166670652));
#966 = CARTESIAN_POINT('',(-10.00442519268,-30.79045471514,
    61.437500003141));
#967 = CARTESIAN_POINT('',(31.833734122699,1.597313495678E-14,60.425));
#968 = CARTESIAN_POINT('',(31.824662943156,11.67171781696,
    60.483333333337));
#969 = CARTESIAN_POINT('',(26.728152564865,23.322328520712,
    60.541666667047));
#970 = CARTESIAN_POINT('',(16.392864942135,32.210511295114,
    60.600000001165));
#971 = CARTESIAN_POINT('',(3.181028913664,35.320187281734,
    60.658333335485));
#972 = CARTESIAN_POINT('',(-21.72607020963,29.903370239352,
    60.775000004023));
#973 = CARTESIAN_POINT('',(-34.57448626495,7.889199837583,
    60.891666671654));
#974 = CARTESIAN_POINT('',(-35.69969051394,-5.636945636395,
    60.950000005067));
#975 = CARTESIAN_POINT('',(-30.44030588544,-18.21298780415,
    61.008333338012));
#976 = CARTESIAN_POINT('',(-20.93482497568,-26.66029391206,
    61.066666670626));
#977 = CARTESIAN_POINT('',(-9.837164838126,-30.27568027542,
    61.125000003128));
#978 = DEFINITIONAL_REPRESENTATION('',(#979),#983);
#979 = LINE('',#980,#981);
#980 = CARTESIAN_POINT('',(0.,1.));
#981 = VECTOR('',#982,1.);
#982 = DIRECTION('',(1.,0.));
#983 = ( GEOMETRIC_REPRESENTATION_CONTEXT(2) 
PARAMETRIC_REPRESENTATION_CONTEXT() REPRESENTATION_CONTEXT('2D SPACE',''
  ) );
#984 = ORIENTED_EDGE('',*,*,#985,.F.);
#985 = EDGE_CURVE('',#268,#942,#986,.T.);
#986 = SURFACE_CURVE('',#987,(#990,#996),.PCURVE_S1.);
#987 = B_SPLINE_CURVE_WITH_KNOTS('',1,(#988,#989),.UNSPECIFIED.,.F.,.F.,
  (2,2),(3.,4.),.PIECEWISE_BEZIER_KNOTS.);
#988 = CARTESIAN_POINT('',(-10.00442519267,-30.79045471514,
    61.562500003141));
#989 = CARTESIAN_POINT('',(-10.00442519268,-30.79045471514,
    61.437500003141));
#990 = PCURVE('',#282,#991);
#991 = DEFINITIONAL_REPRESENTATION('',(#992),#995);
#992 = B_SPLINE_CURVE_WITH_KNOTS('',1,(#993,#994),.UNSPECIFIED.,.F.,.F.,
  (2,2),(3.,4.),.PIECEWISE_BEZIER_KNOTS.);
#993 = CARTESIAN_POINT('',(0.860744649095,-3.469446951954E-17));
#994 = CARTESIAN_POINT('',(0.797209546022,-0.107648923253));
#995 = ( GEOMETRIC_REPRESENTATION_CONTEXT(2) 
PARAMETRIC_REPRESENTATION_CONTEXT() REPRESENTATION_CONTEXT('2D SPACE',''
  ) );
#996 = PCURVE('',#323,#997);
#997 = DEFINITIONAL_REPRESENTATION('',(#998),#1002);
#998 = LINE('',#999,#1000);
#999 = CARTESIAN_POINT('',(0.,1.));
#1000 = VECTOR('',#1001,1.);
#1001 = DIRECTION('',(1.,0.));
#1002 = ( GEOMETRIC_REPRESENTATION_CONTEXT(2) 
PARAMETRIC_REPRESENTATION_CONTEXT() REPRESENTATION_CONTEXT('2D SPACE',''
  ) );
#1003 = ADVANCED_FACE('',(#1004),#955,.T.);
#1004 = FACE_BOUND('',#1005,.T.);
#1005 = EDGE_LOOP('',(#1006,#1037,#1081,#1351));
#1006 = ORIENTED_EDGE('',*,*,#1007,.F.);
#1007 = EDGE_CURVE('',#1008,#942,#1010,.T.);
#1008 = VERTEX_POINT('',#1009);
#1009 = CARTESIAN_POINT('',(32.375000000089,6.152755110737E-13,
    60.737499999967));
#1010 = SURFACE_CURVE('',#1011,(#1023,#1030),.PCURVE_S1.);
#1011 = ( BOUNDED_CURVE() B_SPLINE_CURVE(6,(#1012,#1013,#1014,#1015,
    #1016,#1017,#1018,#1019,#1020,#1021,#1022),.UNSPECIFIED.,.F.,.F.) 
B_SPLINE_CURVE_WITH_KNOTS((7,4,7),(0.,0.5,1.),.UNSPECIFIED.) CURVE() 
GEOMETRIC_REPRESENTATION_ITEM() RATIONAL_B_SPLINE_CURVE((1.,1.,1.,1.,1.,
1.,1.,1.,1.,1.,1.)) REPRESENTATION_ITEM('') );
#1012 = CARTESIAN_POINT('',(32.375000000088,6.542912218748E-13,
    60.737499999959));
#1013 = CARTESIAN_POINT('',(32.365774584602,11.870170896655,
    60.795833333296));
#1014 = CARTESIAN_POINT('',(27.182608735998,23.718875799037,
    60.854166667013));
#1015 = CARTESIAN_POINT('',(16.671591227036,32.758183477664,
    60.912500001144));
#1016 = CARTESIAN_POINT('',(3.23511563798,35.920732982328,
    60.970833335481));
#1017 = CARTESIAN_POINT('',(-22.09547646289,30.411814327683,
    61.087500004051));
#1018 = CARTESIAN_POINT('',(-35.16235288378,8.023339133379,
    61.204166671698));
#1019 = CARTESIAN_POINT('',(-36.30668887073,-5.732790074136,
    61.262500005113));
#1020 = CARTESIAN_POINT('',(-30.95787943855,-18.52266145898,
    61.320833338051));
#1021 = CARTESIAN_POINT('',(-21.29077776333,-27.11359629047,
    61.379166670652));
#1022 = CARTESIAN_POINT('',(-10.00442519268,-30.79045471514,
    61.437500003141));
#1023 = PCURVE('',#955,#1024);
#1024 = DEFINITIONAL_REPRESENTATION('',(#1025),#1029);
#1025 = LINE('',#1026,#1027);
#1026 = CARTESIAN_POINT('',(4.,0.));
#1027 = VECTOR('',#1028,1.);
#1028 = DIRECTION('',(0.,1.));
#1029 = ( GEOMETRIC_REPRESENTATION_CONTEXT(2) 
PARAMETRIC_REPRESENTATION_CONTEXT() REPRESENTATION_CONTEXT('2D SPACE',''
  ) );
#1030 = PCURVE('',#323,#1031);
#1031 = DEFINITIONAL_REPRESENTATION('',(#1032),#1036);
#1032 = LINE('',#1033,#1034);
#1033 = CARTESIAN_POINT('',(4.,0.));
#1034 = VECTOR('',#1035,1.);
#1035 = DIRECTION('',(0.,1.));
#1036 = ( GEOMETRIC_REPRESENTATION_CONTEXT(2) 
PARAMETRIC_REPRESENTATION_CONTEXT() REPRESENTATION_CONTEXT('2D SPACE',''
  ) );
#1037 = ORIENTED_EDGE('',*,*,#1038,.T.);
#1038 = EDGE_CURVE('',#1008,#1039,#1041,.T.);
#1039 = VERTEX_POINT('',#1040);
#1040 = CARTESIAN_POINT('',(31.9,4.009599889428E-14,60.463258622089));
#1041 = SURFACE_CURVE('',#1042,(#1045,#1051),.PCURVE_S1.);
#1042 = B_SPLINE_CURVE_WITH_KNOTS('',1,(#1043,#1044),.UNSPECIFIED.,.F.,
  .F.,(2,2),(4.,5.),.PIECEWISE_BEZIER_KNOTS.);
#1043 = CARTESIAN_POINT('',(32.37500000009,5.762598002726E-13,
    60.737499999975));
#1044 = CARTESIAN_POINT('',(31.83373412271,1.289725828278E-14,60.425));
#1045 = PCURVE('',#955,#1046);
#1046 = DEFINITIONAL_REPRESENTATION('',(#1047),#1050);
#1047 = B_SPLINE_CURVE_WITH_KNOTS('',1,(#1048,#1049),.UNSPECIFIED.,.F.,
  .F.,(2,2),(4.,4.877572409295),.PIECEWISE_BEZIER_KNOTS.);
#1048 = CARTESIAN_POINT('',(4.,0.));
#1049 = CARTESIAN_POINT('',(4.877572409295,0.));
#1050 = ( GEOMETRIC_REPRESENTATION_CONTEXT(2) 
PARAMETRIC_REPRESENTATION_CONTEXT() REPRESENTATION_CONTEXT('2D SPACE',''
  ) );
#1051 = PCURVE('',#1052,#1075);
#1052 = ( BOUNDED_SURFACE() B_SPLINE_SURFACE(1,6,(
    (#1053,#1054,#1055,#1056,#1057,#1058,#1059,#1060,#1061,#1062,#1063)
    ,(#1064,#1065,#1066,#1067,#1068,#1069,#1070,#1071,#1072,#1073,#1074
)),.UNSPECIFIED.,.F.,.F.,.F.) B_SPLINE_SURFACE_WITH_KNOTS((2,2),(7,4,7),
(4.,5.),(0.,0.5,1.),.UNSPECIFIED.) GEOMETRIC_REPRESENTATION_ITEM() 
RATIONAL_B_SPLINE_SURFACE((
    (1.,1.,1.,1.,1.,1.,1.,1.,1.,1.,1.)
,(1.,1.,1.,1.,1.,1.,1.,1.,1.,1.,1.
  ))) REPRESENTATION_ITEM('') SURFACE() );
#1053 = CARTESIAN_POINT('',(32.375000000044,5.041186466239E-13,
    59.737499999975));
#1054 = CARTESIAN_POINT('',(32.260676413655,16.94762177742,
    59.820833333314));
#1055 = CARTESIAN_POINT('',(22.060058689595,33.895243554829,
    59.904166667122));
#1056 = CARTESIAN_POINT('',(-0.192206529577,42.586840259576,
    59.987500001488));
#1057 = CARTESIAN_POINT('',(-21.76662815115,33.895243554799,
    60.070833335824));
#1058 = CARTESIAN_POINT('',(-42.98337184874,-5.107336151974E-11,
    60.237500003475));
#1059 = CARTESIAN_POINT('',(-21.76662815109,-33.89524355487,
    60.404166669155));
#1060 = CARTESIAN_POINT('',(-0.192206529493,-42.58684025961,
    60.487500001487));
#1061 = CARTESIAN_POINT('',(22.060058689674,-33.89524355484,
    60.570833333786));
#1062 = CARTESIAN_POINT('',(32.260676413718,-16.94762177741,
    60.654166666647));
#1063 = CARTESIAN_POINT('',(32.37500000009,5.762598002726E-13,
    60.737499999975));
#1064 = CARTESIAN_POINT('',(31.833734122664,2.573049588002E-14,59.425));
#1065 = CARTESIAN_POINT('',(31.721321870826,16.664280638556,
    59.508333333339));
#1066 = CARTESIAN_POINT('',(21.691244573112,33.328561277106,
    59.591666667139));
#1067 = CARTESIAN_POINT('',(-0.188993098378,41.874846330398,
    59.675000001488));
#1068 = CARTESIAN_POINT('',(-21.40271979338,33.328561277075,
    59.758333335807));
#1069 = CARTESIAN_POINT('',(-42.26474845181,-5.23193112313E-11,
    59.925000003442));
#1070 = CARTESIAN_POINT('',(-21.40271979331,-33.32856127715,
    60.091666669138));
#1071 = CARTESIAN_POINT('',(-0.188993098296,-41.87484633044,
    60.175000001487));
#1072 = CARTESIAN_POINT('',(21.691244573191,-33.32856127712,
    60.258333333803));
#1073 = CARTESIAN_POINT('',(31.721321870887,-16.66428063855,
    60.341666666672));
#1074 = CARTESIAN_POINT('',(31.83373412271,1.289725828278E-14,60.425));
#1075 = DEFINITIONAL_REPRESENTATION('',(#1076),#1080);
#1076 = LINE('',#1077,#1078);
#1077 = CARTESIAN_POINT('',(0.,1.));
#1078 = VECTOR('',#1079,1.);
#1079 = DIRECTION('',(1.,0.));
#1080 = ( GEOMETRIC_REPRESENTATION_CONTEXT(2) 
PARAMETRIC_REPRESENTATION_CONTEXT() REPRESENTATION_CONTEXT('2D SPACE',''
  ) );
#1081 = ORIENTED_EDGE('',*,*,#1082,.T.);
#1082 = EDGE_CURVE('',#1039,#921,#1083,.T.);
#1083 = SURFACE_CURVE('',#1084,(#1171,#1261),.PCURVE_S1.);
#1084 = B_SPLINE_CURVE_WITH_KNOTS('',8,(#1085,#1086,#1087,#1088,#1089,
    #1090,#1091,#1092,#1093,#1094,#1095,#1096,#1097,#1098,#1099,#1100,
    #1101,#1102,#1103,#1104,#1105,#1106,#1107,#1108,#1109,#1110,#1111,
    #1112,#1113,#1114,#1115,#1116,#1117,#1118,#1119,#1120,#1121,#1122,
    #1123,#1124,#1125,#1126,#1127,#1128,#1129,#1130,#1131,#1132,#1133,
    #1134,#1135,#1136,#1137,#1138,#1139,#1140,#1141,#1142,#1143,#1144,
    #1145,#1146,#1147,#1148,#1149,#1150,#1151,#1152,#1153,#1154,#1155,
    #1156,#1157,#1158,#1159,#1160,#1161,#1162,#1163,#1164,#1165,#1166,
    #1167,#1168,#1169,#1170),.UNSPECIFIED.,.F.,.F.,(9,7,7,7,7,7,7,7,7,7,
    7,7,9),(0.,3.193543810732E-02,0.137099531629,0.233928152492,
    0.309025938484,0.369265909959,0.499827923959,0.549621403804,
    0.633791641659,0.767409653825,0.865890058507,0.956386300359,1.),
  .UNSPECIFIED.);
#1085 = CARTESIAN_POINT('',(31.9,9.592326932761E-14,60.463258622091));
#1086 = CARTESIAN_POINT('',(31.9,0.560061707001,60.466303210973));
#1087 = CARTESIAN_POINT('',(31.888762400428,1.120124658261,
    60.469287540897));
#1088 = CARTESIAN_POINT('',(31.866287157729,1.679925076568,
    60.472221245482));
#1089 = CARTESIAN_POINT('',(31.832581620628,2.239199708592,
    60.475112790548));
#1090 = CARTESIAN_POINT('',(31.78766052812,2.797685827427,
    60.477969567891));
#1091 = CARTESIAN_POINT('',(31.731546007465,3.355121235135,
    60.480797989054));
#1092 = CARTESIAN_POINT('',(31.664267572179,3.911244265288,
    60.483603579097));
#1093 = CARTESIAN_POINT('',(31.327671257729,6.291937438547,
    60.495570339873));
#1094 = CARTESIAN_POINT('',(30.948797682734,8.101168882538,
    60.504554008465));
#1095 = CARTESIAN_POINT('',(30.450554617305,9.883963847799,
    60.513510496522));
#1096 = CARTESIAN_POINT('',(29.835161436383,11.631140294932,
    60.522514920099));
#1097 = CARTESIAN_POINT('',(29.105638176142,13.333822891694,
    60.531587217401));
#1098 = CARTESIAN_POINT('',(28.265768982482,14.983434437498,
    60.540720235543));
#1099 = CARTESIAN_POINT('',(27.320134499439,16.571714235548,
    60.549897777632));
#1100 = CARTESIAN_POINT('',(25.311193275006,19.489410345337,
    60.567577853049));
#1101 = CARTESIAN_POINT('',(24.26302793818,20.829549992209,
    60.576077386329));
#1102 = CARTESIAN_POINT('',(23.133940984937,22.105012565958,
    60.584587419262));
#1103 = CARTESIAN_POINT('',(21.92863025579,23.310122972183,
    60.593095648174));
#1104 = CARTESIAN_POINT('',(20.652218851056,24.439653510596,
    60.601594643265));
#1105 = CARTESIAN_POINT('',(19.310237343553,25.488809558325,
    60.610082667616));
#1106 = CARTESIAN_POINT('',(17.908636986833,26.453248235257,
    60.618561928369));
#1107 = CARTESIAN_POINT('',(15.325526105825,28.008441443029,
    60.633605182489));
#1108 = CARTESIAN_POINT('',(14.165142167633,28.634529060544,
    60.640172416816));
#1109 = CARTESIAN_POINT('',(12.975644969853,29.205603870495,
    60.646737100049));
#1110 = CARTESIAN_POINT('',(11.76008661263,29.720098923629,
    60.653301071652));
#1111 = CARTESIAN_POINT('',(10.521602287305,30.176655658377,
    60.659866065968));
#1112 = CARTESIAN_POINT('',(9.26340790232,30.574119485591,
    60.666433189176));
#1113 = CARTESIAN_POINT('',(7.988801478505,30.911544654584,
    60.673002680826));
#1114 = CARTESIAN_POINT('',(5.668288527841,31.410135264757,
    60.684845136202));
#1115 = CARTESIAN_POINT('',(4.62700004602,31.59297088308,60.690117597799
    ));
#1116 = CARTESIAN_POINT('',(3.579041996213,31.736340346127,
    60.695391096116));
#1117 = CARTESIAN_POINT('',(2.526161434049,31.839965585116,
    60.700665170243));
#1118 = CARTESIAN_POINT('',(1.470112899334,31.903661360381,
    60.705939215279));
#1119 = CARTESIAN_POINT('',(0.412658185955,31.927333929709,
    60.711212576957));
#1120 = CARTESIAN_POINT('',(-0.64443367478,31.910982396441,
    60.716484672596));
#1121 = CARTESIAN_POINT('',(-3.985853578914,31.732724166301,
    60.73317816219));
#1122 = CARTESIAN_POINT('',(-6.262745508849,31.423159063073,
    60.744595895306));
#1123 = CARTESIAN_POINT('',(-8.511455962155,30.926876226388,
    60.756001902114));
#1124 = CARTESIAN_POINT('',(-10.71414690427,30.24706840921,
    60.767399006148));
#1125 = CARTESIAN_POINT('',(-12.85361989655,29.388790531808,
    60.778801623768));
#1126 = CARTESIAN_POINT('',(-14.91332924335,28.35894059295,
    60.790237770606));
#1127 = CARTESIAN_POINT('',(-16.87740468101,27.166266271509,
    60.801713507957));
#1128 = CARTESIAN_POINT('',(-19.43770295287,25.309055031827,
    60.817495535479));
#1129 = CARTESIAN_POINT('',(-20.12852475117,24.774189966515,
    60.821845478278));
#1130 = CARTESIAN_POINT('',(-20.80249676762,24.217797014819,
    60.826192934939));
#1131 = CARTESIAN_POINT('',(-21.45883713785,23.640497315879,
    60.830540857186));
#1132 = CARTESIAN_POINT('',(-22.09679334371,23.042944423713,
    60.834890792956));
#1133 = CARTESIAN_POINT('',(-22.71564226523,22.425824253598,
    60.839243285935));
#1134 = CARTESIAN_POINT('',(-23.31469023254,21.789855028448,
    60.843598275095));
#1135 = CARTESIAN_POINT('',(-24.87130184499,20.030159686311,
    60.855320879672));
#1136 = CARTESIAN_POINT('',(-25.79089273959,18.87277345703,
    60.862692888765));
#1137 = CARTESIAN_POINT('',(-26.64880055293,17.667283891019,
    60.870069502301));
#1138 = CARTESIAN_POINT('',(-27.44210750649,16.417545048372,
    60.877446760967));
#1139 = CARTESIAN_POINT('',(-28.16819849493,15.127593488058,
    60.884821406202));
#1140 = CARTESIAN_POINT('',(-28.82475325014,13.801642171306,
    60.892192107111));
#1141 = CARTESIAN_POINT('',(-29.40975542631,12.44408447592,
    60.899559273434));
#1142 = CARTESIAN_POINT('',(-30.7339290316,8.861530530816,
    60.918613896124));
#1143 = CARTESIAN_POINT('',(-31.36197996001,6.594901679774,
    60.930299875439));
#1144 = CARTESIAN_POINT('',(-31.79860990205,4.278322995386,
    60.941981943957));
#1145 = CARTESIAN_POINT('',(-32.03944662172,1.930725697112,
    60.953669606185));
#1146 = CARTESIAN_POINT('',(-32.08226606235,-0.428805854231,
    60.965371589009));
#1147 = CARTESIAN_POINT('',(-31.92698377829,-2.781058076014,
    60.977081525301));
#1148 = CARTESIAN_POINT('',(-31.57566482097,-5.106710183723,
    60.988786869943));
#1149 = CARTESIAN_POINT('',(-30.63317818045,-9.066489216055,
    61.009092382161));
#1150 = CARTESIAN_POINT('',(-30.12929255059,-10.72200090343,
    61.017701406876));
#1151 = CARTESIAN_POINT('',(-29.52322366424,-12.34520935475,
    61.026300465434));
#1152 = CARTESIAN_POINT('',(-28.81743763883,-13.92876533106,
    61.034887425555));
#1153 = CARTESIAN_POINT('',(-28.0149965863,-15.46560367828,
    61.043465380231));
#1154 = CARTESIAN_POINT('',(-27.1195345736,-16.94893562398,
    61.052043709139));
#1155 = CARTESIAN_POINT('',(-26.13527862406,-18.37226287485,
    61.060636114408));
#1156 = CARTESIAN_POINT('',(-24.08555080556,-20.97653504008,
    61.077176331666));
#1157 = CARTESIAN_POINT('',(-23.03303407677,-22.16790090252,
    61.085120644158));
#1158 = CARTESIAN_POINT('',(-21.91332001268,-23.29871793329,
    61.093098426201));
#1159 = CARTESIAN_POINT('',(-20.73050218879,-24.36458424682,
    61.101119242588));
#1160 = CARTESIAN_POINT('',(-19.48898132166,-25.36145598353,
    61.109187753872));
#1161 = CARTESIAN_POINT('',(-18.19345382588,-26.28563708484,
    61.117295003622));
#1162 = CARTESIAN_POINT('',(-16.84891992285,-27.1337921005,
    61.125405604001));
#1163 = CARTESIAN_POINT('',(-14.79167894622,-28.27368491862,
    61.137313306208));
#1164 = CARTESIAN_POINT('',(-14.11248684041,-28.62605551438,
    61.141168380553));
#1165 = CARTESIAN_POINT('',(-13.42372316181,-28.95976803252,
    61.144997276942));
#1166 = CARTESIAN_POINT('',(-12.72598646098,-29.27452017729,
    61.148788963783));
#1167 = CARTESIAN_POINT('',(-12.01988563681,-29.57003317051,
    61.152529696243));
#1168 = CARTESIAN_POINT('',(-11.30603991184,-29.84605178241,
    61.156202568857));
#1169 = CARTESIAN_POINT('',(-10.58507880768,-30.10234436241,
    61.159787068151));
#1170 = CARTESIAN_POINT('',(-9.857642120367,-30.33870286987,
    61.163258625249));
#1171 = PCURVE('',#955,#1172);
#1172 = DEFINITIONAL_REPRESENTATION('',(#1173),#1260);
#1173 = B_SPLINE_CURVE_WITH_KNOTS('',8,(#1174,#1175,#1176,#1177,#1178,
    #1179,#1180,#1181,#1182,#1183,#1184,#1185,#1186,#1187,#1188,#1189,
    #1190,#1191,#1192,#1193,#1194,#1195,#1196,#1197,#1198,#1199,#1200,
    #1201,#1202,#1203,#1204,#1205,#1206,#1207,#1208,#1209,#1210,#1211,
    #1212,#1213,#1214,#1215,#1216,#1217,#1218,#1219,#1220,#1221,#1222,
    #1223,#1224,#1225,#1226,#1227,#1228,#1229,#1230,#1231,#1232,#1233,
    #1234,#1235,#1236,#1237,#1238,#1239,#1240,#1241,#1242,#1243,#1244,
    #1245,#1246,#1247,#1248,#1249,#1250,#1251,#1252,#1253,#1254,#1255,
    #1256,#1257,#1258,#1259),.UNSPECIFIED.,.F.,.F.,(9,7,7,7,7,7,7,7,7,7,
    7,7,9),(0.,3.193543810732E-02,0.137099531629,0.233928152492,
    0.309025938484,0.369265909959,0.499827923959,0.549621403804,
    0.633791641659,0.767409653825,0.865890058507,0.956386300359,1.),
  .UNSPECIFIED.);
#1174 = CARTESIAN_POINT('',(4.877572409293,0.));
#1175 = CARTESIAN_POINT('',(4.876768227545,3.99040297992E-03));
#1176 = CARTESIAN_POINT('',(4.876157352849,7.981019523704E-03));
#1177 = CARTESIAN_POINT('',(4.875708939934,1.197184173366E-02));
#1178 = CARTESIAN_POINT('',(4.87539587745,1.596286035816E-02));
#1179 = CARTESIAN_POINT('',(4.875194486371,1.995406411184E-02));
#1180 = CARTESIAN_POINT('',(4.875084218404,2.394543899585E-02));
#1181 = CARTESIAN_POINT('',(4.875047354397,2.793696761802E-02));
#1182 = CARTESIAN_POINT('',(4.875139003314,4.507325481414E-02));
#1183 = CARTESIAN_POINT('',(4.875840850995,5.822039190566E-02));
#1184 = CARTESIAN_POINT('',(4.87663052652,7.136790850627E-02));
#1185 = CARTESIAN_POINT('',(4.877265901786,8.451502036639E-02));
#1186 = CARTESIAN_POINT('',(4.877683370498,9.766181496506E-02));
#1187 = CARTESIAN_POINT('',(4.877906619455,0.110808648362));
#1188 = CARTESIAN_POINT('',(4.877987240491,0.123955414208));
#1189 = CARTESIAN_POINT('',(4.877967922797,0.149204040617));
#1190 = CARTESIAN_POINT('',(4.877881618286,0.161307702106));
#1191 = CARTESIAN_POINT('',(4.877760317683,0.173410739834));
#1192 = CARTESIAN_POINT('',(4.877643557061,0.185513227158));
#1193 = CARTESIAN_POINT('',(4.877556334381,0.197615709883));
#1194 = CARTESIAN_POINT('',(4.877505353637,0.209718699551));
#1195 = CARTESIAN_POINT('',(4.877483539176,0.221822190449));
#1196 = CARTESIAN_POINT('',(4.877482262556,0.243311983281));
#1197 = CARTESIAN_POINT('',(4.877494222996,0.252699085963));
#1198 = CARTESIAN_POINT('',(4.877514449776,0.262086234552));
#1199 = CARTESIAN_POINT('',(4.877536978279,0.27147339408));
#1200 = CARTESIAN_POINT('',(4.877556433554,0.280860642646));
#1201 = CARTESIAN_POINT('',(4.877569425664,0.290248047142));
#1202 = CARTESIAN_POINT('',(4.877575037841,0.299635540514));
#1203 = CARTESIAN_POINT('',(4.877573901757,0.316552826479));
#1204 = CARTESIAN_POINT('',(4.877569378911,0.324082895235));
#1205 = CARTESIAN_POINT('',(4.877561378987,0.331612892752));
#1206 = CARTESIAN_POINT('',(4.877551321888,0.339142794473));
#1207 = CARTESIAN_POINT('',(4.87754119782,0.346672624738));
#1208 = CARTESIAN_POINT('',(4.877533170834,0.354202414974));
#1209 = CARTESIAN_POINT('',(4.877529095437,0.361732160685));
#1210 = CARTESIAN_POINT('',(4.877531790323,0.385581205679));
#1211 = CARTESIAN_POINT('',(4.877556777423,0.401903407698));
#1212 = CARTESIAN_POINT('',(4.877615369869,0.418223860239));
#1213 = CARTESIAN_POINT('',(4.877699358761,0.434542932235));
#1214 = CARTESIAN_POINT('',(4.877766618035,0.450862412211));
#1215 = CARTESIAN_POINT('',(4.87773130602,0.467184000323));
#1216 = CARTESIAN_POINT('',(4.877573863379,0.483507623721));
#1217 = CARTESIAN_POINT('',(4.87757186479,0.506052484822));
#1218 = CARTESIAN_POINT('',(4.877594544568,0.512276813647));
#1219 = CARTESIAN_POINT('',(4.877625095679,0.518501104836));
#1220 = CARTESIAN_POINT('',(4.8776540202,0.524725334994));
#1221 = CARTESIAN_POINT('',(4.87767636574,0.530949504571));
#1222 = CARTESIAN_POINT('',(4.877690408662,0.537173620778));
#1223 = CARTESIAN_POINT('',(4.877696337304,0.543397680515));
#1224 = CARTESIAN_POINT('',(4.877692565113,0.560142574301));
#1225 = CARTESIAN_POINT('',(4.877669374432,0.570663662782));
#1226 = CARTESIAN_POINT('',(4.877630758796,0.581184442904));
#1227 = CARTESIAN_POINT('',(4.877589446077,0.591704940592));
#1228 = CARTESIAN_POINT('',(4.877556468172,0.602225425714));
#1229 = CARTESIAN_POINT('',(4.877536672715,0.612746161112));
#1230 = CARTESIAN_POINT('',(4.877528774683,0.623267158461));
#1231 = CARTESIAN_POINT('',(4.877531810423,0.650489403119));
#1232 = CARTESIAN_POINT('',(4.877556297584,0.667194590984));
#1233 = CARTESIAN_POINT('',(4.877590348267,0.683898461446));
#1234 = CARTESIAN_POINT('',(4.87760371488,0.700601088985));
#1235 = CARTESIAN_POINT('',(4.877571364768,0.717303765285));
#1236 = CARTESIAN_POINT('',(4.87751646892,0.734007738644));
#1237 = CARTESIAN_POINT('',(4.877479185247,0.750713015102));
#1238 = CARTESIAN_POINT('',(4.877485833587,0.77972385781));
#1239 = CARTESIAN_POINT('',(4.877511283126,0.792033826001));
#1240 = CARTESIAN_POINT('',(4.877567442058,0.804343266387));
#1241 = CARTESIAN_POINT('',(4.877661126935,0.816652175956));
#1242 = CARTESIAN_POINT('',(4.877783686937,0.828961111294));
#1243 = CARTESIAN_POINT('',(4.877906426425,0.841270661387));
#1244 = CARTESIAN_POINT('',(4.877985653178,0.853580895248));
#1245 = CARTESIAN_POINT('',(4.877969724469,0.877202666235));
#1246 = CARTESIAN_POINT('',(4.877888415638,0.888515385609));
#1247 = CARTESIAN_POINT('',(4.877700370454,0.899828268476));
#1248 = CARTESIAN_POINT('',(4.877374838089,0.911141250779));
#1249 = CARTESIAN_POINT('',(4.876897239836,0.922454482097));
#1250 = CARTESIAN_POINT('',(4.876296269717,0.933767977362));
#1251 = CARTESIAN_POINT('',(4.875684228127,0.945081316623));
#1252 = CARTESIAN_POINT('',(4.875130516905,0.961845127488));
#1253 = CARTESIAN_POINT('',(4.875005789324,0.967296694669));
#1254 = CARTESIAN_POINT('',(4.87496432235,0.972748034684));
#1255 = CARTESIAN_POINT('',(4.875041314251,0.978199101632));
#1256 = CARTESIAN_POINT('',(4.875280668459,0.983649859778));
#1257 = CARTESIAN_POINT('',(4.87573641702,0.989100279912));
#1258 = CARTESIAN_POINT('',(4.876474144056,0.994550335692));
#1259 = CARTESIAN_POINT('',(4.877572409219,1.));
#1260 = ( GEOMETRIC_REPRESENTATION_CONTEXT(2) 
PARAMETRIC_REPRESENTATION_CONTEXT() REPRESENTATION_CONTEXT('2D SPACE',''
  ) );
#1261 = PCURVE('',#255,#1262);
#1262 = DEFINITIONAL_REPRESENTATION('',(#1263),#1350);
#1263 = B_SPLINE_CURVE_WITH_KNOTS('',8,(#1264,#1265,#1266,#1267,#1268,
    #1269,#1270,#1271,#1272,#1273,#1274,#1275,#1276,#1277,#1278,#1279,
    #1280,#1281,#1282,#1283,#1284,#1285,#1286,#1287,#1288,#1289,#1290,
    #1291,#1292,#1293,#1294,#1295,#1296,#1297,#1298,#1299,#1300,#1301,
    #1302,#1303,#1304,#1305,#1306,#1307,#1308,#1309,#1310,#1311,#1312,
    #1313,#1314,#1315,#1316,#1317,#1318,#1319,#1320,#1321,#1322,#1323,
    #1324,#1325,#1326,#1327,#1328,#1329,#1330,#1331,#1332,#1333,#1334,
    #1335,#1336,#1337,#1338,#1339,#1340,#1341,#1342,#1343,#1344,#1345,
    #1346,#1347,#1348,#1349),.UNSPECIFIED.,.F.,.F.,(9,7,7,7,7,7,7,7,7,7,
    7,7,9),(0.,3.193543810732E-02,0.137099531629,0.233928152492,
    0.309025938484,0.369265909959,0.499827923959,0.549621403804,
    0.633791641659,0.767409653825,0.865890058507,0.956386300359,1.),
  .UNSPECIFIED.);
#1264 = CARTESIAN_POINT('',(0.,4.463258622091));
#1265 = CARTESIAN_POINT('',(1.755679332293E-02,4.466303210973));
#1266 = CARTESIAN_POINT('',(3.51136256645E-02,4.469287540897));
#1267 = CARTESIAN_POINT('',(5.267047455894E-02,4.472221245482));
#1268 = CARTESIAN_POINT('',(7.022733409651E-02,4.475112790548));
#1269 = CARTESIAN_POINT('',(8.77842068175E-02,4.477969567891));
#1270 = CARTESIAN_POINT('',(0.105341095606,4.480797989054));
#1271 = CARTESIAN_POINT('',(0.122897995586,4.483603579097));
#1272 = CARTESIAN_POINT('',(0.198270108723,4.495570339873));
#1273 = CARTESIAN_POINT('',(0.256089947558,4.504554008465));
#1274 = CARTESIAN_POINT('',(0.313907765429,4.513510496522));
#1275 = CARTESIAN_POINT('',(0.37172303627,4.522514920099));
#1276 = CARTESIAN_POINT('',(0.429538290038,4.531587217401));
#1277 = CARTESIAN_POINT('',(0.48735606217,4.540720235543));
#1278 = CARTESIAN_POINT('',(0.545175847453,4.549897777632));
#1279 = CARTESIAN_POINT('',(0.65622374403,4.567577853049));
#1280 = CARTESIAN_POINT('',(0.70945945528,4.576077386329));
#1281 = CARTESIAN_POINT('',(0.762693815765,4.584587419262));
#1282 = CARTESIAN_POINT('',(0.81592649184,4.593095648174));
#1283 = CARTESIAN_POINT('',(0.869159170309,4.601594643265));
#1284 = CARTESIAN_POINT('',(0.922393536716,4.610082667616));
#1285 = CARTESIAN_POINT('',(0.975629254172,4.618561928369));
#1286 = CARTESIAN_POINT('',(1.070147845732,4.633605182489));
#1287 = CARTESIAN_POINT('',(1.111434605325,4.640172416816));
#1288 = CARTESIAN_POINT('',(1.152720984258,4.646737100049));
#1289 = CARTESIAN_POINT('',(1.194006887635,4.653301071652));
#1290 = CARTESIAN_POINT('',(1.235292793283,4.659866065968));
#1291 = CARTESIAN_POINT('',(1.276579179033,4.666433189176));
#1292 = CARTESIAN_POINT('',(1.317865946881,4.673002680826));
#1293 = CARTESIAN_POINT('',(1.392269481732,4.684845136202));
#1294 = CARTESIAN_POINT('',(1.425387408226,4.690117597799));
#1295 = CARTESIAN_POINT('',(1.458505207543,4.695391096116));
#1296 = CARTESIAN_POINT('',(1.491622847272,4.700665170243));
#1297 = CARTESIAN_POINT('',(1.524740486871,4.705939215279));
#1298 = CARTESIAN_POINT('',(1.557858285958,4.711212576957));
#1299 = CARTESIAN_POINT('',(1.590976212581,4.716484672596));
#1300 = CARTESIAN_POINT('',(1.695871867446,4.73317816219));
#1301 = CARTESIAN_POINT('',(1.767663399526,4.744595895306));
#1302 = CARTESIAN_POINT('',(1.839448119551,4.756001902114));
#1303 = CARTESIAN_POINT('',(1.911226544843,4.767399006148));
#1304 = CARTESIAN_POINT('',(1.983004966626,4.778801623768));
#1305 = CARTESIAN_POINT('',(2.054789674787,4.790237770606));
#1306 = CARTESIAN_POINT('',(2.126581185965,4.801713507957));
#1307 = CARTESIAN_POINT('',(2.225733759405,4.817495535479));
#1308 = CARTESIAN_POINT('',(2.253108429864,4.821845478278));
#1309 = CARTESIAN_POINT('',(2.280483053795,4.826192934939));
#1310 = CARTESIAN_POINT('',(2.307857617292,4.830540857186));
#1311 = CARTESIAN_POINT('',(2.335232179986,4.834890792956));
#1312 = CARTESIAN_POINT('',(2.36260680205,4.839243285935));
#1313 = CARTESIAN_POINT('',(2.389981471217,4.843598275095));
#1314 = CARTESIAN_POINT('',(2.463629620485,4.855320879672));
#1315 = CARTESIAN_POINT('',(2.509904725801,4.862692888765));
#1316 = CARTESIAN_POINT('',(2.556179157334,4.870069502301));
#1317 = CARTESIAN_POINT('',(2.602452747271,4.877446760967));
#1318 = CARTESIAN_POINT('',(2.648726337773,4.884821406202));
#1319 = CARTESIAN_POINT('',(2.695000770681,4.892192107111));
#1320 = CARTESIAN_POINT('',(2.741275877529,4.899559273434));
#1321 = CARTESIAN_POINT('',(2.861007566027,4.918613896124));
#1322 = CARTESIAN_POINT('',(2.934480611034,4.930299875439));
#1323 = CARTESIAN_POINT('',(3.007946042636,4.941981943957));
#1324 = CARTESIAN_POINT('',(3.081404544719,4.953669606185));
#1325 = CARTESIAN_POINT('',(3.15486309634,4.965371589009));
#1326 = CARTESIAN_POINT('',(3.228328656078,4.977081525301));
#1327 = CARTESIAN_POINT('',(3.301801892787,4.988786869943));
#1328 = CARTESIAN_POINT('',(3.429400542187,5.009092382161));
#1329 = CARTESIAN_POINT('',(3.483544523629,5.017701406876));
#1330 = CARTESIAN_POINT('',(3.537687042674,5.026300465434));
#1331 = CARTESIAN_POINT('',(3.591827733485,5.034887425555));
#1332 = CARTESIAN_POINT('',(3.645968426973,5.043465380231));
#1333 = CARTESIAN_POINT('',(3.700110952289,5.052043709139));
#1334 = CARTESIAN_POINT('',(3.754254938847,5.060636114408));
#1335 = CARTESIAN_POINT('',(3.858146918048,5.077176331666));
#1336 = CARTESIAN_POINT('',(3.907900381045,5.085120644158));
#1337 = CARTESIAN_POINT('',(3.957652869144,5.093098426201));
#1338 = CARTESIAN_POINT('',(4.007404137667,5.101119242588));
#1339 = CARTESIAN_POINT('',(4.057155390035,5.109187753872));
#1340 = CARTESIAN_POINT('',(4.106907834081,5.117295003622));
#1341 = CARTESIAN_POINT('',(4.156661240657,5.125405604001));
#1342 = CARTESIAN_POINT('',(4.230389596092,5.137313306208));
#1343 = CARTESIAN_POINT('',(4.254366743854,5.141168380553));
#1344 = CARTESIAN_POINT('',(4.278343874785,5.144997276942));
#1345 = CARTESIAN_POINT('',(4.302320988747,5.148788963783));
#1346 = CARTESIAN_POINT('',(4.32629812084,5.152529696243));
#1347 = CARTESIAN_POINT('',(4.350275303761,5.156202568857));
#1348 = CARTESIAN_POINT('',(4.374252530166,5.159787068151));
#1349 = CARTESIAN_POINT('',(4.398229715032,5.163258625249));
#1350 = ( GEOMETRIC_REPRESENTATION_CONTEXT(2) 
PARAMETRIC_REPRESENTATION_CONTEXT() REPRESENTATION_CONTEXT('2D SPACE',''
  ) );
#1351 = ORIENTED_EDGE('',*,*,#941,.F.);
#1352 = ADVANCED_FACE('',(#1353),#1052,.T.);
#1353 = FACE_BOUND('',#1354,.T.);
#1354 = EDGE_LOOP('',(#1355,#1409,#1453,#1875));
#1355 = ORIENTED_EDGE('',*,*,#1356,.F.);
#1356 = EDGE_CURVE('',#1357,#1008,#1359,.T.);
#1357 = VERTEX_POINT('',#1358);
#1358 = CARTESIAN_POINT('',(32.375000000044,4.828899713771E-13,
    59.737499999979));
#1359 = SURFACE_CURVE('',#1360,(#1372,#1379),.PCURVE_S1.);
#1360 = ( BOUNDED_CURVE() B_SPLINE_CURVE(6,(#1361,#1362,#1363,#1364,
    #1365,#1366,#1367,#1368,#1369,#1370,#1371),.UNSPECIFIED.,.F.,.F.) 
B_SPLINE_CURVE_WITH_KNOTS((7,4,7),(0.,0.5,1.),.UNSPECIFIED.) CURVE() 
GEOMETRIC_REPRESENTATION_ITEM() RATIONAL_B_SPLINE_CURVE((1.,1.,1.,1.,1.,
1.,1.,1.,1.,1.,1.)) REPRESENTATION_ITEM('') );
#1361 = CARTESIAN_POINT('',(32.375000000044,5.041186466239E-13,
    59.737499999975));
#1362 = CARTESIAN_POINT('',(32.260676413655,16.94762177742,
    59.820833333314));
#1363 = CARTESIAN_POINT('',(22.060058689595,33.895243554829,
    59.904166667122));
#1364 = CARTESIAN_POINT('',(-0.192206529577,42.586840259576,
    59.987500001488));
#1365 = CARTESIAN_POINT('',(-21.76662815115,33.895243554799,
    60.070833335824));
#1366 = CARTESIAN_POINT('',(-42.98337184874,-5.107336151974E-11,
    60.237500003475));
#1367 = CARTESIAN_POINT('',(-21.76662815109,-33.89524355487,
    60.404166669155));
#1368 = CARTESIAN_POINT('',(-0.192206529493,-42.58684025961,
    60.487500001487));
#1369 = CARTESIAN_POINT('',(22.060058689674,-33.89524355484,
    60.570833333786));
#1370 = CARTESIAN_POINT('',(32.260676413718,-16.94762177741,
    60.654166666647));
#1371 = CARTESIAN_POINT('',(32.37500000009,5.762598002726E-13,
    60.737499999975));
#1372 = PCURVE('',#1052,#1373);
#1373 = DEFINITIONAL_REPRESENTATION('',(#1374),#1378);
#1374 = LINE('',#1375,#1376);
#1375 = CARTESIAN_POINT('',(4.,0.));
#1376 = VECTOR('',#1377,1.);
#1377 = DIRECTION('',(0.,1.));
#1378 = ( GEOMETRIC_REPRESENTATION_CONTEXT(2) 
PARAMETRIC_REPRESENTATION_CONTEXT() REPRESENTATION_CONTEXT('2D SPACE',''
  ) );
#1379 = PCURVE('',#1380,#1403);
#1380 = ( BOUNDED_SURFACE() B_SPLINE_SURFACE(1,6,(
    (#1381,#1382,#1383,#1384,#1385,#1386,#1387,#1388,#1389,#1390,#1391)
    ,(#1392,#1393,#1394,#1395,#1396,#1397,#1398,#1399,#1400,#1401,#1402
)),.UNSPECIFIED.,.F.,.F.,.F.) B_SPLINE_SURFACE_WITH_KNOTS((2,2),(7,4,7),
(3.,4.),(0.,0.5,1.),.UNSPECIFIED.) GEOMETRIC_REPRESENTATION_ITEM() 
RATIONAL_B_SPLINE_SURFACE((
    (1.,1.,1.,1.,1.,1.,1.,1.,1.,1.,1.)
,(1.,1.,1.,1.,1.,1.,1.,1.,1.,1.,1.
  ))) REPRESENTATION_ITEM('') SURFACE() );
#1381 = CARTESIAN_POINT('',(32.375000000049,5.007381350848E-13,
    59.862499999975));
#1382 = CARTESIAN_POINT('',(32.260676413661,16.94762177742,
    59.945833333314));
#1383 = CARTESIAN_POINT('',(22.060058689601,33.895243554829,
    60.029166667122));
#1384 = CARTESIAN_POINT('',(-0.192206529571,42.586840259576,
    60.112500001488));
#1385 = CARTESIAN_POINT('',(-21.76662815115,33.895243554799,
    60.195833335824));
#1386 = CARTESIAN_POINT('',(-42.98337184873,-5.107674203128E-11,
    60.362500003475));
#1387 = CARTESIAN_POINT('',(-21.76662815108,-33.89524355487,
    60.529166669155));
#1388 = CARTESIAN_POINT('',(-0.192206529487,-42.58684025961,
    60.612500001487));
#1389 = CARTESIAN_POINT('',(22.06005868968,-33.89524355484,
    60.695833333786));
#1390 = CARTESIAN_POINT('',(32.260676413723,-16.94762177741,
    60.779166666647));
#1391 = CARTESIAN_POINT('',(32.375000000096,5.728792887335E-13,
    60.862499999975));
#1392 = CARTESIAN_POINT('',(32.375000000044,5.041186466239E-13,
    59.737499999975));
#1393 = CARTESIAN_POINT('',(32.260676413655,16.94762177742,
    59.820833333314));
#1394 = CARTESIAN_POINT('',(22.060058689595,33.895243554829,
    59.904166667122));
#1395 = CARTESIAN_POINT('',(-0.192206529577,42.586840259576,
    59.987500001488));
#1396 = CARTESIAN_POINT('',(-21.76662815115,33.895243554799,
    60.070833335824));
#1397 = CARTESIAN_POINT('',(-42.98337184874,-5.107336151974E-11,
    60.237500003475));
#1398 = CARTESIAN_POINT('',(-21.76662815109,-33.89524355487,
    60.404166669155));
#1399 = CARTESIAN_POINT('',(-0.192206529493,-42.58684025961,
    60.487500001487));
#1400 = CARTESIAN_POINT('',(22.060058689674,-33.89524355484,
    60.570833333786));
#1401 = CARTESIAN_POINT('',(32.260676413718,-16.94762177741,
    60.654166666647));
#1402 = CARTESIAN_POINT('',(32.37500000009,5.762598002726E-13,
    60.737499999975));
#1403 = DEFINITIONAL_REPRESENTATION('',(#1404),#1408);
#1404 = LINE('',#1405,#1406);
#1405 = CARTESIAN_POINT('',(4.,0.));
#1406 = VECTOR('',#1407,1.);
#1407 = DIRECTION('',(0.,1.));
#1408 = ( GEOMETRIC_REPRESENTATION_CONTEXT(2) 
PARAMETRIC_REPRESENTATION_CONTEXT() REPRESENTATION_CONTEXT('2D SPACE',''
  ) );
#1409 = ORIENTED_EDGE('',*,*,#1410,.T.);
#1410 = EDGE_CURVE('',#1357,#1411,#1413,.T.);
#1411 = VERTEX_POINT('',#1412);
#1412 = CARTESIAN_POINT('',(31.9,3.620598551026E-14,59.463258622113));
#1413 = SURFACE_CURVE('',#1414,(#1417,#1423),.PCURVE_S1.);
#1414 = B_SPLINE_CURVE_WITH_KNOTS('',1,(#1415,#1416),.UNSPECIFIED.,.F.,
  .F.,(2,2),(4.,5.),.PIECEWISE_BEZIER_KNOTS.);
#1415 = CARTESIAN_POINT('',(32.375000000045,4.616612961302E-13,
    59.737499999983));
#1416 = CARTESIAN_POINT('',(31.83373412267,2.234985378017E-14,59.425));
#1417 = PCURVE('',#1052,#1418);
#1418 = DEFINITIONAL_REPRESENTATION('',(#1419),#1422);
#1419 = B_SPLINE_CURVE_WITH_KNOTS('',1,(#1420,#1421),.UNSPECIFIED.,.F.,
  .F.,(2,2),(4.,4.877572409226),.PIECEWISE_BEZIER_KNOTS.);
#1420 = CARTESIAN_POINT('',(4.,0.));
#1421 = CARTESIAN_POINT('',(4.877572409226,0.));
#1422 = ( GEOMETRIC_REPRESENTATION_CONTEXT(2) 
PARAMETRIC_REPRESENTATION_CONTEXT() REPRESENTATION_CONTEXT('2D SPACE',''
  ) );
#1423 = PCURVE('',#1424,#1447);
#1424 = ( BOUNDED_SURFACE() B_SPLINE_SURFACE(1,6,(
    (#1425,#1426,#1427,#1428,#1429,#1430,#1431,#1432,#1433,#1434,#1435)
    ,(#1436,#1437,#1438,#1439,#1440,#1441,#1442,#1443,#1444,#1445,#1446
)),.UNSPECIFIED.,.F.,.F.,.F.) B_SPLINE_SURFACE_WITH_KNOTS((2,2),(7,4,7),
(4.,5.),(0.,0.5,1.),.UNSPECIFIED.) GEOMETRIC_REPRESENTATION_ITEM() 
RATIONAL_B_SPLINE_SURFACE((
    (1.,1.,1.,1.,1.,1.,1.,1.,1.,1.,1.)
,(1.,1.,1.,1.,1.,1.,1.,1.,1.,1.,1.
  ))) REPRESENTATION_ITEM('') SURFACE() );
#1425 = CARTESIAN_POINT('',(32.375000000014,3.80505096882E-13,
    58.737499999983));
#1426 = CARTESIAN_POINT('',(32.260676413628,16.94762177742,
    58.82083333332));
#1427 = CARTESIAN_POINT('',(22.060058689571,33.895243554831,
    58.90416666697));
#1428 = CARTESIAN_POINT('',(-0.192206529601,42.586840259584,
    58.987500000992));
#1429 = CARTESIAN_POINT('',(-21.76662815118,33.895243554811,
    59.070833334994));
#1430 = CARTESIAN_POINT('',(-42.98337184878,-3.352908060184E-11,
    59.237500002317));
#1431 = CARTESIAN_POINT('',(-21.76662815114,-33.89524355486,
    59.404166668325));
#1432 = CARTESIAN_POINT('',(-0.192206529545,-42.5868402596,
    59.487500000991));
#1433 = CARTESIAN_POINT('',(22.060058689623,-33.89524355484,
    59.570833333635));
#1434 = CARTESIAN_POINT('',(32.260676413669,-16.94762177741,
    59.654166666654));
#1435 = CARTESIAN_POINT('',(32.375000000045,4.616612961302E-13,
    59.737499999983));
#1436 = CARTESIAN_POINT('',(31.833734122639,2.61680457778E-14,58.425));
#1437 = CARTESIAN_POINT('',(31.721321870803,16.664280638556,
    58.508333333337));
#1438 = CARTESIAN_POINT('',(21.691244573092,33.328561277108,
    58.591666666982));
#1439 = CARTESIAN_POINT('',(-0.188993098398,41.874846330406,
    58.675000000992));
#1440 = CARTESIAN_POINT('',(-21.4027197934,33.328561277088,
    58.758333334982));
#1441 = CARTESIAN_POINT('',(-42.26474845184,-3.494628697073E-11,
    58.925000002294));
#1442 = CARTESIAN_POINT('',(-21.40271979336,-33.32856127713,
    59.091666668314));
#1443 = CARTESIAN_POINT('',(-0.188993098343,-41.87484633043,
    59.175000000991));
#1444 = CARTESIAN_POINT('',(21.691244573145,-33.32856127711,
    59.258333333646));
#1445 = CARTESIAN_POINT('',(31.721321870844,-16.66428063855,
    59.34166666667));
#1446 = CARTESIAN_POINT('',(31.83373412267,2.234985378017E-14,59.425));
#1447 = DEFINITIONAL_REPRESENTATION('',(#1448),#1452);
#1448 = LINE('',#1449,#1450);
#1449 = CARTESIAN_POINT('',(0.,1.));
#1450 = VECTOR('',#1451,1.);
#1451 = DIRECTION('',(1.,0.));
#1452 = ( GEOMETRIC_REPRESENTATION_CONTEXT(2) 
PARAMETRIC_REPRESENTATION_CONTEXT() REPRESENTATION_CONTEXT('2D SPACE',''
  ) );
#1453 = ORIENTED_EDGE('',*,*,#1454,.T.);
#1454 = EDGE_CURVE('',#1411,#1039,#1455,.T.);
#1455 = SURFACE_CURVE('',#1456,(#1592,#1731),.PCURVE_S1.);
#1456 = B_SPLINE_CURVE_WITH_KNOTS('',8,(#1457,#1458,#1459,#1460,#1461,
    #1462,#1463,#1464,#1465,#1466,#1467,#1468,#1469,#1470,#1471,#1472,
    #1473,#1474,#1475,#1476,#1477,#1478,#1479,#1480,#1481,#1482,#1483,
    #1484,#1485,#1486,#1487,#1488,#1489,#1490,#1491,#1492,#1493,#1494,
    #1495,#1496,#1497,#1498,#1499,#1500,#1501,#1502,#1503,#1504,#1505,
    #1506,#1507,#1508,#1509,#1510,#1511,#1512,#1513,#1514,#1515,#1516,
    #1517,#1518,#1519,#1520,#1521,#1522,#1523,#1524,#1525,#1526,#1527,
    #1528,#1529,#1530,#1531,#1532,#1533,#1534,#1535,#1536,#1537,#1538,
    #1539,#1540,#1541,#1542,#1543,#1544,#1545,#1546,#1547,#1548,#1549,
    #1550,#1551,#1552,#1553,#1554,#1555,#1556,#1557,#1558,#1559,#1560,
    #1561,#1562,#1563,#1564,#1565,#1566,#1567,#1568,#1569,#1570,#1571,
    #1572,#1573,#1574,#1575,#1576,#1577,#1578,#1579,#1580,#1581,#1582,
    #1583,#1584,#1585,#1586,#1587,#1588,#1589,#1590,#1591),
  .UNSPECIFIED.,.F.,.F.,(9,7,7,7,7,7,7,7,7,7,7,7,7,7,7,7,7,7,7,9),(0.,
    1.271099711819E-02,3.949085700991E-02,6.542827415245E-02,
    0.136965169071,0.160245951024,0.233270280874,0.301678519044,
    0.364339748663,0.451541604108,0.500189527897,0.554097981559,
    0.635111908794,0.701300650242,0.766967505751,0.863993960829,
    0.934568960714,0.960630858229,0.987097425823,1.),.UNSPECIFIED.);
#1457 = CARTESIAN_POINT('',(31.9,8.171241461241E-14,59.463258622114));
#1458 = CARTESIAN_POINT('',(31.9,0.318412464597,59.466087704162));
#1459 = CARTESIAN_POINT('',(31.896367693159,0.636831305608,
    59.468806331317));
#1460 = CARTESIAN_POINT('',(31.889102844949,0.955207281547,
    59.471420550474));
#1461 = CARTESIAN_POINT('',(31.878206028853,1.273491273512,
    59.473936209945));
#1462 = CARTESIAN_POINT('',(31.863678626371,1.59163428519,
    59.476358959459));
#1463 = CARTESIAN_POINT('',(31.845522827017,1.909587442854,
    59.478694250155));
#1464 = CARTESIAN_POINT('',(31.82374162832,2.227301995361,
    59.480947334592));
#1465 = CARTESIAN_POINT('',(31.744819570758,3.213493459419,
    59.487707577279));
#1466 = CARTESIAN_POINT('',(31.675224963036,3.880983078066,
    59.491949413902));
#1467 = CARTESIAN_POINT('',(31.589590614045,4.546742422983,
    59.495896059668));
#1468 = CARTESIAN_POINT('',(31.48796755897,5.21031900287,59.499590778364
    ));
#1469 = CARTESIAN_POINT('',(31.370422112611,5.871263569754,
    59.503072908704));
#1470 = CARTESIAN_POINT('',(31.23703571521,6.529130106491,
    59.506377958523));
#1471 = CARTESIAN_POINT('',(31.087904778275,7.183475814281,
    59.509537698973));
#1472 = CARTESIAN_POINT('',(30.763559448039,8.463786519187,
    59.515527105406));
#1473 = CARTESIAN_POINT('',(30.58931288853,9.089997908882,
    59.518364039638));
#1474 = CARTESIAN_POINT('',(30.400502107595,9.712095611245,
    59.521116676651));
#1475 = CARTESIAN_POINT('',(30.197241057011,10.329684359598,
    59.523807460812));
#1476 = CARTESIAN_POINT('',(29.979656368123,10.942373284312,
    59.526455864327));
#1477 = CARTESIAN_POINT('',(29.747887335365,11.549775918511,
    59.529078585949));
#1478 = CARTESIAN_POINT('',(29.502085899765,12.151510203781,
    59.531689749679));
#1479 = CARTESIAN_POINT('',(28.526233791814,14.390141219185,
    59.54150336811));
#1480 = CARTESIAN_POINT('',(27.704506552496,15.987215567907,
    59.548707626171));
#1481 = CARTESIAN_POINT('',(26.780730050985,17.53033398367,
    59.556160257826));
#1482 = CARTESIAN_POINT('',(25.759096381368,19.011910481822,
    59.563972186164));
#1483 = CARTESIAN_POINT('',(24.644415254515,20.424810709388,
    59.572157012813));
#1484 = CARTESIAN_POINT('',(23.442087019438,21.762336107127,
    59.580671360331));
#1485 = CARTESIAN_POINT('',(22.158125845222,23.01824513218,
    59.589448291059));
#1486 = CARTESIAN_POINT('',(20.356995595252,24.567110688038,
    59.60133266796));
#1487 = CARTESIAN_POINT('',(19.906813125817,24.938166237015,
    59.604270807304));
#1488 = CARTESIAN_POINT('',(19.448909410388,25.299786850222,
    59.607226596316));
#1489 = CARTESIAN_POINT('',(18.98351554264,25.651785285108,
    59.61019751154));
#1490 = CARTESIAN_POINT('',(18.510867741622,25.993981342744,
    59.61318105079));
#1491 = CARTESIAN_POINT('',(18.031207340195,26.326201859484,
    59.616174784049));
#1492 = CARTESIAN_POINT('',(17.544780773459,26.64828069862,
    59.619176404367));
#1493 = CARTESIAN_POINT('',(15.505641449191,27.938006249491,
    59.631616945559));
#1494 = CARTESIAN_POINT('',(13.895225006149,28.814684139748,
    59.641107611336));
#1495 = CARTESIAN_POINT('',(12.228500278645,29.585052745441,
    59.65058789391));
#1496 = CARTESIAN_POINT('',(10.513694487465,30.244952402692,
    59.66000845961));
#1497 = CARTESIAN_POINT('',(8.759312569595,30.791005593844,
    59.669344082528));
#1498 = CARTESIAN_POINT('',(6.974120745441,31.220585559206,59.6785929801
    ));
#1499 = CARTESIAN_POINT('',(5.16715311726,31.531851377828,
    59.687769925015));
#1500 = CARTESIAN_POINT('',(1.643340077174,31.903710865977,
    59.705439635895));
#1501 = CARTESIAN_POINT('',(-7.220750784091E-02,31.978930389477,
    59.713940305599));
#1502 = CARTESIAN_POINT('',(-1.791255970377,31.94867975372,
    59.722410627769));
#1503 = CARTESIAN_POINT('',(-3.506231079976,31.812839313312,
    59.730872523461));
#1504 = CARTESIAN_POINT('',(-5.209625526265,31.571926389545,
    59.739346439635));
#1505 = CARTESIAN_POINT('',(-6.893999699184,31.227071091515,
    59.74784620656));
#1506 = CARTESIAN_POINT('',(-8.551987584725,30.780039680363,
    59.756376662564));
#1507 = CARTESIAN_POINT('',(-11.66416805762,29.732502672812,
    59.772772519836));
#1508 = CARTESIAN_POINT('',(-13.12392432824,29.147996994205,
    59.780634328076));
#1509 = CARTESIAN_POINT('',(-14.54998910984,28.481655828003,
    59.788516991293));
#1510 = CARTESIAN_POINT('',(-15.93701805172,27.735776950138,
    59.796412656456));
#1511 = CARTESIAN_POINT('',(-17.27989027161,26.913050612452,
    59.804309695703));
#1512 = CARTESIAN_POINT('',(-18.57370284957,26.01654628623,
    59.812194981605));
#1513 = CARTESIAN_POINT('',(-19.81377947466,25.049724062079,
    59.820056839038));
#1514 = CARTESIAN_POINT('',(-22.64049138113,22.57855430508,
    59.838787765785));
#1515 = CARTESIAN_POINT('',(-24.17300022509,21.011674370066,
    59.849630917061));
#1516 = CARTESIAN_POINT('',(-25.58102206252,19.326376383366,
    59.860398675414));
#1517 = CARTESIAN_POINT('',(-26.85399341315,17.534323235264,
    59.871091776836));
#1518 = CARTESIAN_POINT('',(-27.98275058974,15.6481050055,
    59.881745071157));
#1519 = CARTESIAN_POINT('',(-28.95945186766,13.681175176464,
    59.892428182567));
#1520 = CARTESIAN_POINT('',(-29.77766737816,11.64789633894,
    59.903218117077));
#1521 = CARTESIAN_POINT('',(-30.79804648052,8.400940887358,
    59.920215977715));
#1522 = CARTESIAN_POINT('',(-31.11267968632,7.222230479167,
    59.92634125424));
#1523 = CARTESIAN_POINT('',(-31.37572373588,6.03015912,59.932507545638)
  );
#1524 = CARTESIAN_POINT('',(-31.58652704399,4.827365589828,
    59.938712312976));
#1525 = CARTESIAN_POINT('',(-31.74460085148,3.616513748158,
    59.94494371639));
#1526 = CARTESIAN_POINT('',(-31.84961611299,2.400291673656,
    59.951176215261));
#1527 = CARTESIAN_POINT('',(-31.90140658147,1.181411750452,
    59.957365843574));
#1528 = CARTESIAN_POINT('',(-31.89839512808,-1.387982956695,
    59.970181862621));
#1529 = CARTESIAN_POINT('',(-31.83146119251,-2.738535627692,
    59.976787007903));
#1530 = CARTESIAN_POINT('',(-31.69917495773,-4.085308311758,
    59.983351008333));
#1531 = CARTESIAN_POINT('',(-31.50179764659,-5.424608315442,
    59.989928791605));
#1532 = CARTESIAN_POINT('',(-31.23983525576,-6.752785434534,
    59.996548796933));
#1533 = CARTESIAN_POINT('',(-30.91403234323,-8.066231282841,
    60.003220875717));
#1534 = CARTESIAN_POINT('',(-30.52537737733,-9.361380767162,
    60.009943097021));
#1535 = CARTESIAN_POINT('',(-29.3984697993,-12.54829061691,
    60.026872977404));
#1536 = CARTESIAN_POINT('',(-28.58259350271,-14.4128841311,
    60.037135091397));
#1537 = CARTESIAN_POINT('',(-27.6317282635,-16.21634068762,
    60.047465394085));
#1538 = CARTESIAN_POINT('',(-26.55132545066,-17.94729548219,
    60.05780493026));
#1539 = CARTESIAN_POINT('',(-25.34787899799,-19.5950797495,
    60.068105325897));
#1540 = CARTESIAN_POINT('',(-24.02886785837,-21.14969022529,
    60.078343826727));
#1541 = CARTESIAN_POINT('',(-22.60280597929,-22.60183150947,
    60.088520756105));
#1542 = CARTESIAN_POINT('',(-19.83475880458,-25.03881343374,
    60.106921828307));
#1543 = CARTESIAN_POINT('',(-18.52495980943,-26.06070110058,
    60.115163817644));
#1544 = CARTESIAN_POINT('',(-17.15520600324,-27.00409339686,
    60.123380372549));
#1545 = CARTESIAN_POINT('',(-15.73101702583,-27.86491809651,
    60.131585508936));
#1546 = CARTESIAN_POINT('',(-14.25819097245,-28.63959060747,
    60.139795259595));
#1547 = CARTESIAN_POINT('',(-12.74279234325,-29.32499830039,
    60.148023240349));
#1548 = CARTESIAN_POINT('',(-11.1911597063,-29.91851895866,
    60.156277280395));
#1549 = CARTESIAN_POINT('',(-8.041174120291,-30.91368884723,
    60.172771668261));
#1550 = CARTESIAN_POINT('',(-6.443123583991,-31.3168653892,
    60.181012480872));
#1551 = CARTESIAN_POINT('',(-4.822252405376,-31.62554117027,
    60.189279724484));
#1552 = CARTESIAN_POINT('',(-3.185096275936,-31.83825145174,
    60.197567186498));
#1553 = CARTESIAN_POINT('',(-1.538247487327,-31.95407275561,
    60.205861890441));
#1554 = CARTESIAN_POINT('',(0.111649455801,-31.97260440584,
    60.214145794912));
#1555 = CARTESIAN_POINT('',(1.757898459037,-31.89398741693,
    60.222399572914));
#1556 = CARTESIAN_POINT('',(5.810809000578,-31.46034900145,
    60.242737578828));
#1557 = CARTESIAN_POINT('',(8.205923589837,-30.99117757265,
    60.254772413468));
#1558 = CARTESIAN_POINT('',(10.556814911467,-30.31365266512,
    60.266662139188));
#1559 = CARTESIAN_POINT('',(12.842398965366,-29.43291787566,
    60.278382575515));
#1560 = CARTESIAN_POINT('',(15.042558221354,-28.3563986396,
    60.289966208923));
#1561 = CARTESIAN_POINT('',(17.138165699113,-27.09379251736,
    60.301537963853));
#1562 = CARTESIAN_POINT('',(19.111109665382,-25.65705635919,
    60.313298295057));
#1563 = CARTESIAN_POINT('',(22.278270196878,-22.90011004022,
    60.334238791459));
#1564 = CARTESIAN_POINT('',(23.538473781087,-21.65463243373,
    60.343250425448));
#1565 = CARTESIAN_POINT('',(24.718831786681,-20.33012805596,
    60.352523951302));
#1566 = CARTESIAN_POINT('',(25.813598385968,-18.93261772995,
    60.36212187178));
#1567 = CARTESIAN_POINT('',(26.81761149974,-17.46855334348,
    60.37208319594));
#1568 = CARTESIAN_POINT('',(27.726271499119,-15.94479760933,
    60.382391408091));
#1569 = CARTESIAN_POINT('',(28.535565846099,-14.36863766175,
    60.392936457163));
#1570 = CARTESIAN_POINT('',(29.503065157387,-12.14929902829,
    60.407371974612));
#1571 = CARTESIAN_POINT('',(29.749988336932,-11.54466380186,
    60.411264815174));
#1572 = CARTESIAN_POINT('',(29.982744026173,-10.93430718189,
    60.415145413946));
#1573 = CARTESIAN_POINT('',(30.201178232428,-10.31861647795,
    60.418999385104));
#1574 = CARTESIAN_POINT('',(30.405149833696,-9.69798343405,
    60.422809738722));
#1575 = CARTESIAN_POINT('',(30.594530586734,-9.072804215608,
    60.426556678805));
#1576 = CARTESIAN_POINT('',(30.769205135139,-8.443479396387,
    60.430217401322));
#1577 = CARTESIAN_POINT('',(31.091419180172,-7.16751871732,
    60.437369481545));
#1578 = CARTESIAN_POINT('',(31.238495514933,-6.520764651834,
    60.440857327421));
#1579 = CARTESIAN_POINT('',(31.370192924792,-5.87057558362,
    60.444202251076));
#1580 = CARTESIAN_POINT('',(31.486418397557,-5.217378334867,
    60.447373641981));
#1581 = CARTESIAN_POINT('',(31.587093134686,-4.561602723291,
    60.450337373159));
#1582 = CARTESIAN_POINT('',(31.672152680228,-3.903681570089,
    60.453055716469));
#1583 = CARTESIAN_POINT('',(31.741547049758,-3.244050707909,
    60.455487257882));
#1584 = CARTESIAN_POINT('',(31.821416839939,-2.260956342398,
    60.458610355491));
#1585 = CARTESIAN_POINT('',(31.843861436437,-1.938461610846,
    60.459555002854));
#1586 = CARTESIAN_POINT('',(31.862570551287,-1.615715535094,
    60.460415522636));
#1587 = CARTESIAN_POINT('',(31.877540937147,-1.292768985708,
    60.461186476072));
#1588 = CARTESIAN_POINT('',(31.888770196849,-0.969672962881,
    60.461862217856));
#1589 = CARTESIAN_POINT('',(31.896256783404,-0.646478596426,
    60.462436896138));
#1590 = CARTESIAN_POINT('',(31.9,-0.323237145779,60.462904452527));
#1591 = CARTESIAN_POINT('',(31.9,7.105427357601E-14,60.463258622087));
#1592 = PCURVE('',#1052,#1593);
#1593 = DEFINITIONAL_REPRESENTATION('',(#1594),#1730);
#1594 = B_SPLINE_CURVE_WITH_KNOTS('',8,(#1595,#1596,#1597,#1598,#1599,
    #1600,#1601,#1602,#1603,#1604,#1605,#1606,#1607,#1608,#1609,#1610,
    #1611,#1612,#1613,#1614,#1615,#1616,#1617,#1618,#1619,#1620,#1621,
    #1622,#1623,#1624,#1625,#1626,#1627,#1628,#1629,#1630,#1631,#1632,
    #1633,#1634,#1635,#1636,#1637,#1638,#1639,#1640,#1641,#1642,#1643,
    #1644,#1645,#1646,#1647,#1648,#1649,#1650,#1651,#1652,#1653,#1654,
    #1655,#1656,#1657,#1658,#1659,#1660,#1661,#1662,#1663,#1664,#1665,
    #1666,#1667,#1668,#1669,#1670,#1671,#1672,#1673,#1674,#1675,#1676,
    #1677,#1678,#1679,#1680,#1681,#1682,#1683,#1684,#1685,#1686,#1687,
    #1688,#1689,#1690,#1691,#1692,#1693,#1694,#1695,#1696,#1697,#1698,
    #1699,#1700,#1701,#1702,#1703,#1704,#1705,#1706,#1707,#1708,#1709,
    #1710,#1711,#1712,#1713,#1714,#1715,#1716,#1717,#1718,#1719,#1720,
    #1721,#1722,#1723,#1724,#1725,#1726,#1727,#1728,#1729),
  .UNSPECIFIED.,.F.,.F.,(9,7,7,7,7,7,7,7,7,7,7,7,7,7,7,7,7,7,7,9),(0.,
    1.271099711819E-02,3.949085700991E-02,6.542827415245E-02,
    0.136965169071,0.160245951024,0.233270280874,0.301678519044,
    0.364339748663,0.451541604108,0.500189527897,0.554097981559,
    0.635111908794,0.701300650242,0.766967505751,0.863993960829,
    0.934568960714,0.960630858229,0.987097425823,1.),.UNSPECIFIED.);
#1595 = CARTESIAN_POINT('',(4.877572409225,0.));
#1596 = CARTESIAN_POINT('',(4.873604091032,1.588982612985E-03));
#1597 = CARTESIAN_POINT('',(4.869988548119,3.17775260675E-03));
#1598 = CARTESIAN_POINT('',(4.866706527691,4.766340379528E-03));
#1599 = CARTESIAN_POINT('',(4.863739405111,6.354774044737E-03));
#1600 = CARTESIAN_POINT('',(4.861069183907,7.943079430978E-03));
#1601 = CARTESIAN_POINT('',(4.858678495763,9.531280082039E-03));
#1602 = CARTESIAN_POINT('',(4.856550600529,1.111939725689E-02));
#1603 = CARTESIAN_POINT('',(4.850705994879,1.605320067472E-02));
#1604 = CARTESIAN_POINT('',(4.847837612854,1.939866791161E-02));
#1605 = CARTESIAN_POINT('',(4.845913491167,2.274402564611E-02));
#1606 = CARTESIAN_POINT('',(4.844795628501,2.608941225464E-02));
#1607 = CARTESIAN_POINT('',(4.844358479411,2.943493349852E-02));
#1608 = CARTESIAN_POINT('',(4.844488662538,3.278066553818E-02));
#1609 = CARTESIAN_POINT('',(4.84508466883,3.612665794739E-02));
#1610 = CARTESIAN_POINT('',(4.846997896557,4.271394803022E-02));
#1611 = CARTESIAN_POINT('',(4.848291821574,4.595523382248E-02));
#1612 = CARTESIAN_POINT('',(4.849856444154,4.919681538251E-02));
#1613 = CARTESIAN_POINT('',(4.851619969779,5.243870129178E-02));
#1614 = CARTESIAN_POINT('',(4.853520076753,5.568088822629E-02));
#1615 = CARTESIAN_POINT('',(4.855503282868,5.892336174788E-02));
#1616 = CARTESIAN_POINT('',(4.857524312081,6.216609709547E-02));
#1617 = CARTESIAN_POINT('',(4.865119907189,7.435333895229E-02));
#1618 = CARTESIAN_POINT('',(4.870695648448,8.330001611889E-02));
#1619 = CARTESIAN_POINT('',(4.875479262022,9.224752697228E-02));
#1620 = CARTESIAN_POINT('',(4.87911278573,0.101194931422));
#1621 = CARTESIAN_POINT('',(4.881551134102,0.110141741886));
#1622 = CARTESIAN_POINT('',(4.88293246862,0.119087756385));
#1623 = CARTESIAN_POINT('',(4.883470204954,0.128032729657));
#1624 = CARTESIAN_POINT('',(4.88337097603,0.139886097436));
#1625 = CARTESIAN_POINT('',(4.88328171106,0.142796341456));
#1626 = CARTESIAN_POINT('',(4.88313551153,0.145706443093));
#1627 = CARTESIAN_POINT('',(4.882940458494,0.148616404222));
#1628 = CARTESIAN_POINT('',(4.882704578663,0.151526231002));
#1629 = CARTESIAN_POINT('',(4.882435675532,0.154435932011));
#1630 = CARTESIAN_POINT('',(4.882141160509,0.157345516362));
#1631 = CARTESIAN_POINT('',(4.880845236474,0.169381081198));
#1632 = CARTESIAN_POINT('',(4.87967745022,0.178506813695));
#1633 = CARTESIAN_POINT('',(4.878539535434,0.187631497822));
#1634 = CARTESIAN_POINT('',(4.877590592802,0.19675551887));
#1635 = CARTESIAN_POINT('',(4.876914095967,0.205879736445));
#1636 = CARTESIAN_POINT('',(4.876518219796,0.215004922631));
#1637 = CARTESIAN_POINT('',(4.876356214494,0.224131240805));
#1638 = CARTESIAN_POINT('',(4.87637676587,0.241807373827));
#1639 = CARTESIAN_POINT('',(4.876537530236,0.250358282315));
#1640 = CARTESIAN_POINT('',(4.876797462619,0.258909833274));
#1641 = CARTESIAN_POINT('',(4.877086071695,0.267461919224));
#1642 = CARTESIAN_POINT('',(4.877338307129,0.276014658891));
#1643 = CARTESIAN_POINT('',(4.877510035032,0.284568090708));
#1644 = CARTESIAN_POINT('',(4.87758471262,0.293121883381));
#1645 = CARTESIAN_POINT('',(4.87755894149,0.309509687031));
#1646 = CARTESIAN_POINT('',(4.877472711839,0.317344548437));
#1647 = CARTESIAN_POINT('',(4.877318392231,0.325178986711));
#1648 = CARTESIAN_POINT('',(4.877120438409,0.33301279124));
#1649 = CARTESIAN_POINT('',(4.876916248167,0.340846020974));
#1650 = CARTESIAN_POINT('',(4.876748249236,0.348678807149));
#1651 = CARTESIAN_POINT('',(4.87665376963,0.356511139648));
#1652 = CARTESIAN_POINT('',(4.876651188603,0.375241259693));
#1653 = CARTESIAN_POINT('',(4.876830983474,0.386140596795));
#1654 = CARTESIAN_POINT('',(4.877246962903,0.397038348654));
#1655 = CARTESIAN_POINT('',(4.877898374759,0.407935016222));
#1656 = CARTESIAN_POINT('',(4.878678369303,0.418832058785));
#1657 = CARTESIAN_POINT('',(4.879368550814,0.429730851873));
#1658 = CARTESIAN_POINT('',(4.879723346651,0.440631660044));
#1659 = CARTESIAN_POINT('',(4.879669841846,0.457612800382));
#1660 = CARTESIAN_POINT('',(4.879529402691,0.463694189657));
#1661 = CARTESIAN_POINT('',(4.879258599942,0.469775855184));
#1662 = CARTESIAN_POINT('',(4.878865379122,0.475857741006));
#1663 = CARTESIAN_POINT('',(4.878387550304,0.481939822907));
#1664 = CARTESIAN_POINT('',(4.8779067134,0.488022060241));
#1665 = CARTESIAN_POINT('',(4.87756327428,0.494104363826));
#1666 = CARTESIAN_POINT('',(4.877582832342,0.506926494768));
#1667 = CARTESIAN_POINT('',(4.878014642954,0.51366658087));
#1668 = CARTESIAN_POINT('',(4.878577787902,0.520406564102));
#1669 = CARTESIAN_POINT('',(4.879096039967,0.527146301153));
#1670 = CARTESIAN_POINT('',(4.879478249497,0.533885746972));
#1671 = CARTESIAN_POINT('',(4.879692872021,0.540624895309));
#1672 = CARTESIAN_POINT('',(4.879745914313,0.547363692348));
#1673 = CARTESIAN_POINT('',(4.879536641231,0.564228174945));
#1674 = CARTESIAN_POINT('',(4.879102617896,0.574354656684));
#1675 = CARTESIAN_POINT('',(4.878445527026,0.58447961852));
#1676 = CARTESIAN_POINT('',(4.877754852195,0.59460331886));
#1677 = CARTESIAN_POINT('',(4.877188713125,0.604726796093));
#1678 = CARTESIAN_POINT('',(4.876823368015,0.614851126638));
#1679 = CARTESIAN_POINT('',(4.876658975052,0.624976683281));
#1680 = CARTESIAN_POINT('',(4.876647792448,0.643374261048));
#1681 = CARTESIAN_POINT('',(4.876748129775,0.651647605861));
#1682 = CARTESIAN_POINT('',(4.876931407174,0.659921435017));
#1683 = CARTESIAN_POINT('',(4.877152714597,0.668195730039));
#1684 = CARTESIAN_POINT('',(4.877361295108,0.676470662176));
#1685 = CARTESIAN_POINT('',(4.877513841367,0.684746313706));
#1686 = CARTESIAN_POINT('',(4.877584450872,0.693022419295));
#1687 = CARTESIAN_POINT('',(4.877558133223,0.709508583042));
#1688 = CARTESIAN_POINT('',(4.877462428918,0.717719488132));
#1689 = CARTESIAN_POINT('',(4.877280973672,0.725930027055));
#1690 = CARTESIAN_POINT('',(4.877032739043,0.734139915824));
#1691 = CARTESIAN_POINT('',(4.876759330784,0.742349179762));
#1692 = CARTESIAN_POINT('',(4.876518793686,0.750557916467));
#1693 = CARTESIAN_POINT('',(4.876372712018,0.758766044024));
#1694 = CARTESIAN_POINT('',(4.87635758292,0.779099322283));
#1695 = CARTESIAN_POINT('',(4.876654397434,0.791226911569));
#1696 = CARTESIAN_POINT('',(4.877406430571,0.803351647754));
#1697 = CARTESIAN_POINT('',(4.878693746504,0.815474370416));
#1698 = CARTESIAN_POINT('',(4.880420225788,0.827597528702));
#1699 = CARTESIAN_POINT('',(4.882194436578,0.839723724602));
#1700 = CARTESIAN_POINT('',(4.883377889813,0.851853885033));
#1701 = CARTESIAN_POINT('',(4.883416523272,0.872806454538));
#1702 = CARTESIAN_POINT('',(4.88281855437,0.881631223304));
#1703 = CARTESIAN_POINT('',(4.881385679567,0.890456975837));
#1704 = CARTESIAN_POINT('',(4.878917068819,0.899283455507));
#1705 = CARTESIAN_POINT('',(4.87528720431,0.908110447055));
#1706 = CARTESIAN_POINT('',(4.87054740973,0.916937473441));
#1707 = CARTESIAN_POINT('',(4.865046998494,0.925763644039));
#1708 = CARTESIAN_POINT('',(4.857516790551,0.937845971551));
#1709 = CARTESIAN_POINT('',(4.855486068105,0.94110421136));
#1710 = CARTESIAN_POINT('',(4.853493676991,0.94436218792));
#1711 = CARTESIAN_POINT('',(4.851585576131,0.94761987757));
#1712 = CARTESIAN_POINT('',(4.849816092039,0.950877267418));
#1713 = CARTESIAN_POINT('',(4.848248567859,0.954134356203));
#1714 = CARTESIAN_POINT('',(4.846956012401,0.957391155148));
#1715 = CARTESIAN_POINT('',(4.8450729794,0.963954787573));
#1716 = CARTESIAN_POINT('',(4.844493731942,0.967261618625));
#1717 = CARTESIAN_POINT('',(4.844371069604,0.970568210305));
#1718 = CARTESIAN_POINT('',(4.844803109853,0.973874613794));
#1719 = CARTESIAN_POINT('',(4.84589930522,0.977180906029));
#1720 = CARTESIAN_POINT('',(4.847780723688,0.980487192614));
#1721 = CARTESIAN_POINT('',(4.850580329081,0.983793610715));
#1722 = CARTESIAN_POINT('',(4.856326458863,0.988712373885));
#1723 = CARTESIAN_POINT('',(4.858462353344,0.990324488274));
#1724 = CARTESIAN_POINT('',(4.860867752735,0.991936695367));
#1725 = CARTESIAN_POINT('',(4.863560133609,0.993549017827));
#1726 = CARTESIAN_POINT('',(4.866557641281,0.995161480759));
#1727 = CARTESIAN_POINT('',(4.869879089804,0.996774111705));
#1728 = CARTESIAN_POINT('',(4.87354396197,0.998386940646));
#1729 = CARTESIAN_POINT('',(4.877572409311,1.));
#1730 = ( GEOMETRIC_REPRESENTATION_CONTEXT(2) 
PARAMETRIC_REPRESENTATION_CONTEXT() REPRESENTATION_CONTEXT('2D SPACE',''
  ) );
#1731 = PCURVE('',#1732,#1737);
#1732 = CYLINDRICAL_SURFACE('',#1733,31.9);
#1733 = AXIS2_PLACEMENT_3D('',#1734,#1735,#1736);
#1734 = CARTESIAN_POINT('',(0.,0.,56.));
#1735 = DIRECTION('',(0.,0.,1.));
#1736 = DIRECTION('',(1.,0.,-0.));
#1737 = DEFINITIONAL_REPRESENTATION('',(#1738),#1874);
#1738 = B_SPLINE_CURVE_WITH_KNOTS('',8,(#1739,#1740,#1741,#1742,#1743,
    #1744,#1745,#1746,#1747,#1748,#1749,#1750,#1751,#1752,#1753,#1754,
    #1755,#1756,#1757,#1758,#1759,#1760,#1761,#1762,#1763,#1764,#1765,
    #1766,#1767,#1768,#1769,#1770,#1771,#1772,#1773,#1774,#1775,#1776,
    #1777,#1778,#1779,#1780,#1781,#1782,#1783,#1784,#1785,#1786,#1787,
    #1788,#1789,#1790,#1791,#1792,#1793,#1794,#1795,#1796,#1797,#1798,
    #1799,#1800,#1801,#1802,#1803,#1804,#1805,#1806,#1807,#1808,#1809,
    #1810,#1811,#1812,#1813,#1814,#1815,#1816,#1817,#1818,#1819,#1820,
    #1821,#1822,#1823,#1824,#1825,#1826,#1827,#1828,#1829,#1830,#1831,
    #1832,#1833,#1834,#1835,#1836,#1837,#1838,#1839,#1840,#1841,#1842,
    #1843,#1844,#1845,#1846,#1847,#1848,#1849,#1850,#1851,#1852,#1853,
    #1854,#1855,#1856,#1857,#1858,#1859,#1860,#1861,#1862,#1863,#1864,
    #1865,#1866,#1867,#1868,#1869,#1870,#1871,#1872,#1873),
  .UNSPECIFIED.,.F.,.F.,(9,7,7,7,7,7,7,7,7,7,7,7,7,7,7,7,7,7,7,9),(0.,
    1.271099711819E-02,3.949085700991E-02,6.542827415245E-02,
    0.136965169071,0.160245951024,0.233270280874,0.301678519044,
    0.364339748663,0.451541604108,0.500189527897,0.554097981559,
    0.635111908794,0.701300650242,0.766967505751,0.863993960829,
    0.934568960714,0.960630858229,0.987097425823,1.),.UNSPECIFIED.);
#1739 = CARTESIAN_POINT('',(0.,3.463258622114));
#1740 = CARTESIAN_POINT('',(9.981581962282E-03,3.466087704162));
#1741 = CARTESIAN_POINT('',(1.996336329052E-02,3.468806331317));
#1742 = CARTESIAN_POINT('',(2.994531683716E-02,3.471420550474));
#1743 = CARTESIAN_POINT('',(3.992741846028E-02,3.473936209945));
#1744 = CARTESIAN_POINT('',(4.990964702357E-02,3.476358959459));
#1745 = CARTESIAN_POINT('',(5.989198439638E-02,3.478694250155));
#1746 = CARTESIAN_POINT('',(6.987441545363E-02,3.480947334592));
#1747 = CARTESIAN_POINT('',(0.100888345746,3.487707577279));
#1748 = CARTESIAN_POINT('',(0.121920136283,3.491949413902));
#1749 = CARTESIAN_POINT('',(0.14295214537,3.495896059668));
#1750 = CARTESIAN_POINT('',(0.163984282849,3.499590778364));
#1751 = CARTESIAN_POINT('',(0.185016502265,3.503072908704));
#1752 = CARTESIAN_POINT('',(0.206048780415,3.506377958523));
#1753 = CARTESIAN_POINT('',(0.227081096889,3.509537698973));
#1754 = CARTESIAN_POINT('',(0.268484094222,3.515527105406));
#1755 = CARTESIAN_POINT('',(0.288854812058,3.518364039638));
#1756 = CARTESIAN_POINT('',(0.309225523722,3.521116676651));
#1757 = CARTESIAN_POINT('',(0.329596221593,3.523807460812));
#1758 = CARTESIAN_POINT('',(0.349966917001,3.526455864327));
#1759 = CARTESIAN_POINT('',(0.370337623396,3.529078585949));
#1760 = CARTESIAN_POINT('',(0.390708339508,3.531689749679));
#1761 = CARTESIAN_POINT('',(0.467262580682,3.54150336811));
#1762 = CARTESIAN_POINT('',(0.523450151877,3.548707626171));
#1763 = CARTESIAN_POINT('',(0.579635799551,3.556160257826));
#1764 = CARTESIAN_POINT('',(0.63581942693,3.563972186164));
#1765 = CARTESIAN_POINT('',(0.6920030268,3.572157012813));
#1766 = CARTESIAN_POINT('',(0.748188587769,3.580671360331));
#1767 = CARTESIAN_POINT('',(0.804376000524,3.589448291059));
#1768 = CARTESIAN_POINT('',(0.878843444351,3.60133266796));
#1769 = CARTESIAN_POINT('',(0.897127610103,3.604270807304));
#1770 = CARTESIAN_POINT('',(0.915411767379,3.607226596316));
#1771 = CARTESIAN_POINT('',(0.933695910772,3.61019751154));
#1772 = CARTESIAN_POINT('',(0.951980047051,3.61318105079));
#1773 = CARTESIAN_POINT('',(0.97026418531,3.616174784049));
#1774 = CARTESIAN_POINT('',(0.988548327114,3.619176404367));
#1775 = CARTESIAN_POINT('',(1.064183893927,3.631616945559));
#1776 = CARTESIAN_POINT('',(1.121539694331,3.641107611336));
#1777 = CARTESIAN_POINT('',(1.178893551408,3.65058789391));
#1778 = CARTESIAN_POINT('',(1.236244994482,3.66000845961));
#1779 = CARTESIAN_POINT('',(1.293596467006,3.669344082528));
#1780 = CARTESIAN_POINT('',(1.350950405295,3.6785929801));
#1781 = CARTESIAN_POINT('',(1.408306317629,3.687769925015));
#1782 = CARTESIAN_POINT('',(1.519384042864,3.705439635895));
#1783 = CARTESIAN_POINT('',(1.573113421382,3.713940305599));
#1784 = CARTESIAN_POINT('',(1.626841403809,3.722410627769));
#1785 = CARTESIAN_POINT('',(1.680567625817,3.730872523461));
#1786 = CARTESIAN_POINT('',(1.734293842698,3.739346439635));
#1787 = CARTESIAN_POINT('',(1.788021814469,3.74784620656));
#1788 = CARTESIAN_POINT('',(1.84175118763,3.756376662564));
#1789 = CARTESIAN_POINT('',(1.944689997126,3.772772519836));
#1790 = CARTESIAN_POINT('',(1.993904673975,3.780634328076));
#1791 = CARTESIAN_POINT('',(2.043118432559,3.788516991293));
#1792 = CARTESIAN_POINT('',(2.092331044926,3.796412656456));
#1793 = CARTESIAN_POINT('',(2.141543655748,3.804309695703));
#1794 = CARTESIAN_POINT('',(2.190757411237,3.812194981605));
#1795 = CARTESIAN_POINT('',(2.239972087935,3.820056839038));
#1796 = CARTESIAN_POINT('',(2.357670976379,3.838787765785));
#1797 = CARTESIAN_POINT('',(2.4261679325,3.849630917061));
#1798 = CARTESIAN_POINT('',(2.494659607501,3.860398675414));
#1799 = CARTESIAN_POINT('',(2.563146199147,3.871091776836));
#1800 = CARTESIAN_POINT('',(2.631632800466,3.881745071157));
#1801 = CARTESIAN_POINT('',(2.700124499957,3.892428182567));
#1802 = CARTESIAN_POINT('',(2.768621480283,3.903218117077));
#1803 = CARTESIAN_POINT('',(2.875314643125,3.920215977715));
#1804 = CARTESIAN_POINT('',(2.913522135392,3.92634125424));
#1805 = CARTESIAN_POINT('',(2.951729355991,3.932507545638));
#1806 = CARTESIAN_POINT('',(2.98993623865,3.938712312976));
#1807 = CARTESIAN_POINT('',(3.028143111206,3.94494371639));
#1808 = CARTESIAN_POINT('',(3.06635030692,3.951176215261));
#1809 = CARTESIAN_POINT('',(3.104557776504,3.957365843574));
#1810 = CARTESIAN_POINT('',(3.185103120452,3.970181862621));
#1811 = CARTESIAN_POINT('',(3.227442617873,3.976787007903));
#1812 = CARTESIAN_POINT('',(3.269781693871,3.983351008333));
#1813 = CARTESIAN_POINT('',(3.312120198102,3.989928791605));
#1814 = CARTESIAN_POINT('',(3.354458661595,3.996548796933));
#1815 = CARTESIAN_POINT('',(3.396797636596,4.003220875717));
#1816 = CARTESIAN_POINT('',(3.439137043768,4.009943097021));
#1817 = CARTESIAN_POINT('',(3.545102036996,4.026872977404));
#1818 = CARTESIAN_POINT('',(3.608735931343,4.037135091397));
#1819 = CARTESIAN_POINT('',(3.672366168745,4.047465394085));
#1820 = CARTESIAN_POINT('',(3.735992787597,4.05780493026));
#1821 = CARTESIAN_POINT('',(3.799619418532,4.068105325897));
#1822 = CARTESIAN_POINT('',(3.863249684878,4.078343826727));
#1823 = CARTESIAN_POINT('',(3.926883607601,4.088520756105));
#1824 = CARTESIAN_POINT('',(4.042493286616,4.106921828307));
#1825 = CARTESIAN_POINT('',(4.094479129279,4.115163817644));
#1826 = CARTESIAN_POINT('',(4.146463783153,4.123380372549));
#1827 = CARTESIAN_POINT('',(4.198446947686,4.131585508936));
#1828 = CARTESIAN_POINT('',(4.250430118245,4.139795259595));
#1829 = CARTESIAN_POINT('',(4.302414792287,4.148023240349));
#1830 = CARTESIAN_POINT('',(4.354400661605,4.156277280395));
#1831 = CARTESIAN_POINT('',(4.457957042373,4.172771668261));
#1832 = CARTESIAN_POINT('',(4.509532882683,4.181012480872));
#1833 = CARTESIAN_POINT('',(4.561107564042,4.189279724484));
#1834 = CARTESIAN_POINT('',(4.612680798662,4.197567186498));
#1835 = CARTESIAN_POINT('',(4.664254030066,4.205861890441));
#1836 = CARTESIAN_POINT('',(4.715828704242,4.214145794912));
#1837 = CARTESIAN_POINT('',(4.767404540402,4.222399572914));
#1838 = CARTESIAN_POINT('',(4.895180181479,4.242737578828));
#1839 = CARTESIAN_POINT('',(4.971400724223,4.254772413468));
#1840 = CARTESIAN_POINT('',(5.047612023895,4.266662139188));
#1841 = CARTESIAN_POINT('',(5.123815080839,4.278382575515));
#1842 = CARTESIAN_POINT('',(5.200018179888,4.289966208923));
#1843 = CARTESIAN_POINT('',(5.276229567977,4.301537963853));
#1844 = CARTESIAN_POINT('',(5.352450259386,4.313298295057));
#1845 = CARTESIAN_POINT('',(5.484080569326,4.334238791459));
#1846 = CARTESIAN_POINT('',(5.539512261495,4.343250425448));
#1847 = CARTESIAN_POINT('',(5.594942061775,4.352523951302));
#1848 = CARTESIAN_POINT('',(5.650369826325,4.36212187178));
#1849 = CARTESIAN_POINT('',(5.705797399755,4.37208319594));
#1850 = CARTESIAN_POINT('',(5.761226658507,4.382391408091));
#1851 = CARTESIAN_POINT('',(5.816657559607,4.392936457163));
#1852 = CARTESIAN_POINT('',(5.892552775605,4.407371974612));
#1853 = CARTESIAN_POINT('',(5.91302089553,4.411264815174));
#1854 = CARTESIAN_POINT('',(5.933489013203,4.415145413946));
#1855 = CARTESIAN_POINT('',(5.953957136396,4.418999385105));
#1856 = CARTESIAN_POINT('',(5.974425289364,4.422809738722));
#1857 = CARTESIAN_POINT('',(5.994893495887,4.426556678805));
#1858 = CARTESIAN_POINT('',(6.015361762312,4.430217401322));
#1859 = CARTESIAN_POINT('',(6.056616175623,4.437369481545));
#1860 = CARTESIAN_POINT('',(6.07740236059,4.440857327421));
#1861 = CARTESIAN_POINT('',(6.098188596136,4.444202251076));
#1862 = CARTESIAN_POINT('',(6.118974881424,4.447373641981));
#1863 = CARTESIAN_POINT('',(6.139761215208,4.450337373159));
#1864 = CARTESIAN_POINT('',(6.1605475769,4.453055716469));
#1865 = CARTESIAN_POINT('',(6.18133390765,4.455487257882));
#1866 = CARTESIAN_POINT('',(6.212253452177,4.458610355491));
#1867 = CARTESIAN_POINT('',(6.222386779079,4.459555002854));
#1868 = CARTESIAN_POINT('',(6.23252006308,4.460415522636));
#1869 = CARTESIAN_POINT('',(6.242653292057,4.461186476072));
#1870 = CARTESIAN_POINT('',(6.252786450799,4.461862217856));
#1871 = CARTESIAN_POINT('',(6.262919521007,4.462436896138));
#1872 = CARTESIAN_POINT('',(6.273052481293,4.462904452527));
#1873 = CARTESIAN_POINT('',(6.28318530718,4.463258622087));
#1874 = ( GEOMETRIC_REPRESENTATION_CONTEXT(2) 
PARAMETRIC_REPRESENTATION_CONTEXT() REPRESENTATION_CONTEXT('2D SPACE',''
  ) );
#1875 = ORIENTED_EDGE('',*,*,#1038,.F.);
#1876 = ADVANCED_FACE('',(#1877),#1424,.T.);
#1877 = FACE_BOUND('',#1878,.T.);
#1878 = EDGE_LOOP('',(#1879,#1933,#1977,#2399));
#1879 = ORIENTED_EDGE('',*,*,#1880,.F.);
#1880 = EDGE_CURVE('',#1881,#1357,#1883,.T.);
#1881 = VERTEX_POINT('',#1882);
#1882 = CARTESIAN_POINT('',(32.375000000014,3.592764389807E-13,
    58.737499999987));
#1883 = SURFACE_CURVE('',#1884,(#1896,#1903),.PCURVE_S1.);
#1884 = ( BOUNDED_CURVE() B_SPLINE_CURVE(6,(#1885,#1886,#1887,#1888,
    #1889,#1890,#1891,#1892,#1893,#1894,#1895),.UNSPECIFIED.,.F.,.F.) 
B_SPLINE_CURVE_WITH_KNOTS((7,4,7),(0.,0.5,1.),.UNSPECIFIED.) CURVE() 
GEOMETRIC_REPRESENTATION_ITEM() RATIONAL_B_SPLINE_CURVE((1.,1.,1.,1.,1.,
1.,1.,1.,1.,1.,1.)) REPRESENTATION_ITEM('') );
#1885 = CARTESIAN_POINT('',(32.375000000014,3.80505096882E-13,
    58.737499999983));
#1886 = CARTESIAN_POINT('',(32.260676413628,16.94762177742,
    58.82083333332));
#1887 = CARTESIAN_POINT('',(22.060058689571,33.895243554831,
    58.90416666697));
#1888 = CARTESIAN_POINT('',(-0.192206529601,42.586840259584,
    58.987500000992));
#1889 = CARTESIAN_POINT('',(-21.76662815118,33.895243554811,
    59.070833334994));
#1890 = CARTESIAN_POINT('',(-42.98337184878,-3.352908060184E-11,
    59.237500002317));
#1891 = CARTESIAN_POINT('',(-21.76662815114,-33.89524355486,
    59.404166668325));
#1892 = CARTESIAN_POINT('',(-0.192206529545,-42.5868402596,
    59.487500000991));
#1893 = CARTESIAN_POINT('',(22.060058689623,-33.89524355484,
    59.570833333635));
#1894 = CARTESIAN_POINT('',(32.260676413669,-16.94762177741,
    59.654166666654));
#1895 = CARTESIAN_POINT('',(32.375000000045,4.616612961302E-13,
    59.737499999983));
#1896 = PCURVE('',#1424,#1897);
#1897 = DEFINITIONAL_REPRESENTATION('',(#1898),#1902);
#1898 = LINE('',#1899,#1900);
#1899 = CARTESIAN_POINT('',(4.,0.));
#1900 = VECTOR('',#1901,1.);
#1901 = DIRECTION('',(0.,1.));
#1902 = ( GEOMETRIC_REPRESENTATION_CONTEXT(2) 
PARAMETRIC_REPRESENTATION_CONTEXT() REPRESENTATION_CONTEXT('2D SPACE',''
  ) );
#1903 = PCURVE('',#1904,#1927);
#1904 = ( BOUNDED_SURFACE() B_SPLINE_SURFACE(1,6,(
    (#1905,#1906,#1907,#1908,#1909,#1910,#1911,#1912,#1913,#1914,#1915)
    ,(#1916,#1917,#1918,#1919,#1920,#1921,#1922,#1923,#1924,#1925,#1926
)),.UNSPECIFIED.,.F.,.F.,.F.) B_SPLINE_SURFACE_WITH_KNOTS((2,2),(7,4,7),
(3.,4.),(0.,0.5,1.),.UNSPECIFIED.) GEOMETRIC_REPRESENTATION_ITEM() 
RATIONAL_B_SPLINE_SURFACE((
    (1.,1.,1.,1.,1.,1.,1.,1.,1.,1.,1.)
,(1.,1.,1.,1.,1.,1.,1.,1.,1.,1.,1.
  ))) REPRESENTATION_ITEM('') SURFACE() );
#1905 = CARTESIAN_POINT('',(32.375000000017,3.782514660429E-13,
    58.862499999983));
#1906 = CARTESIAN_POINT('',(32.260676413632,16.94762177742,
    58.94583333332));
#1907 = CARTESIAN_POINT('',(22.060058689575,33.895243554831,
    59.02916666697));
#1908 = CARTESIAN_POINT('',(-0.192206529597,42.586840259584,
    59.112500000992));
#1909 = CARTESIAN_POINT('',(-21.76662815118,33.895243554811,
    59.195833334994));
#1910 = CARTESIAN_POINT('',(-42.98337184877,-3.353133423268E-11,
    59.362500002317));
#1911 = CARTESIAN_POINT('',(-21.76662815113,-33.89524355486,
    59.529166668325));
#1912 = CARTESIAN_POINT('',(-0.192206529541,-42.5868402596,
    59.612500000991));
#1913 = CARTESIAN_POINT('',(22.060058689627,-33.89524355484,
    59.695833333635));
#1914 = CARTESIAN_POINT('',(32.260676413673,-16.94762177741,
    59.779166666654));
#1915 = CARTESIAN_POINT('',(32.375000000048,4.594076652911E-13,
    59.862499999983));
#1916 = CARTESIAN_POINT('',(32.375000000014,3.80505096882E-13,
    58.737499999983));
#1917 = CARTESIAN_POINT('',(32.260676413628,16.94762177742,
    58.82083333332));
#1918 = CARTESIAN_POINT('',(22.060058689571,33.895243554831,
    58.90416666697));
#1919 = CARTESIAN_POINT('',(-0.192206529601,42.586840259584,
    58.987500000992));
#1920 = CARTESIAN_POINT('',(-21.76662815118,33.895243554811,
    59.070833334994));
#1921 = CARTESIAN_POINT('',(-42.98337184878,-3.352908060184E-11,
    59.237500002317));
#1922 = CARTESIAN_POINT('',(-21.76662815114,-33.89524355486,
    59.404166668325));
#1923 = CARTESIAN_POINT('',(-0.192206529545,-42.5868402596,
    59.487500000991));
#1924 = CARTESIAN_POINT('',(22.060058689623,-33.89524355484,
    59.570833333635));
#1925 = CARTESIAN_POINT('',(32.260676413669,-16.94762177741,
    59.654166666654));
#1926 = CARTESIAN_POINT('',(32.375000000045,4.616612961302E-13,
    59.737499999983));
#1927 = DEFINITIONAL_REPRESENTATION('',(#1928),#1932);
#1928 = LINE('',#1929,#1930);
#1929 = CARTESIAN_POINT('',(4.,0.));
#1930 = VECTOR('',#1931,1.);
#1931 = DIRECTION('',(0.,1.));
#1932 = ( GEOMETRIC_REPRESENTATION_CONTEXT(2) 
PARAMETRIC_REPRESENTATION_CONTEXT() REPRESENTATION_CONTEXT('2D SPACE',''
  ) );
#1933 = ORIENTED_EDGE('',*,*,#1934,.T.);
#1934 = EDGE_CURVE('',#1881,#1935,#1937,.T.);
#1935 = VERTEX_POINT('',#1936);
#1936 = CARTESIAN_POINT('',(31.9,2.883035244201E-14,58.463258622129));
#1937 = SURFACE_CURVE('',#1938,(#1941,#1947),.PCURVE_S1.);
#1938 = B_SPLINE_CURVE_WITH_KNOTS('',1,(#1939,#1940),.UNSPECIFIED.,.F.,
  .F.,(2,2),(4.,5.),.PIECEWISE_BEZIER_KNOTS.);
#1939 = CARTESIAN_POINT('',(32.375000000015,3.380477810794E-13,
    58.737499999992));
#1940 = CARTESIAN_POINT('',(31.833734122644,2.27876118242E-14,58.425));
#1941 = PCURVE('',#1424,#1942);
#1942 = DEFINITIONAL_REPRESENTATION('',(#1943),#1946);
#1943 = B_SPLINE_CURVE_WITH_KNOTS('',1,(#1944,#1945),.UNSPECIFIED.,.F.,
  .F.,(2,2),(4.,4.877572409178),.PIECEWISE_BEZIER_KNOTS.);
#1944 = CARTESIAN_POINT('',(4.,0.));
#1945 = CARTESIAN_POINT('',(4.877572409178,0.));
#1946 = ( GEOMETRIC_REPRESENTATION_CONTEXT(2) 
PARAMETRIC_REPRESENTATION_CONTEXT() REPRESENTATION_CONTEXT('2D SPACE',''
  ) );
#1947 = PCURVE('',#1948,#1971);
#1948 = ( BOUNDED_SURFACE() B_SPLINE_SURFACE(1,6,(
    (#1949,#1950,#1951,#1952,#1953,#1954,#1955,#1956,#1957,#1958,#1959)
    ,(#1960,#1961,#1962,#1963,#1964,#1965,#1966,#1967,#1968,#1969,#1970
)),.UNSPECIFIED.,.F.,.F.,.F.) B_SPLINE_SURFACE_WITH_KNOTS((2,2),(7,4,7),
(4.,5.),(0.,0.5,1.),.UNSPECIFIED.) GEOMETRIC_REPRESENTATION_ITEM() 
RATIONAL_B_SPLINE_SURFACE((
    (1.,1.,1.,1.,1.,1.,1.,1.,1.,1.,1.)
,(1.,1.,1.,1.,1.,1.,1.,1.,1.,1.,1.
  ))) REPRESENTATION_ITEM('') SURFACE() );
#1949 = CARTESIAN_POINT('',(32.374999999999,2.478770912882E-13,
    57.737499999992));
#1950 = CARTESIAN_POINT('',(32.260676413616,16.94762177742,
    57.820833333327));
#1951 = CARTESIAN_POINT('',(22.060058689562,33.895243554834,
    57.904166666819));
#1952 = CARTESIAN_POINT('',(-0.192206529609,42.586840259591,
    57.987500000496));
#1953 = CARTESIAN_POINT('',(-21.76662815119,33.895243554824,
    58.070833334164));
#1954 = CARTESIAN_POINT('',(-42.9833718488,-1.599381441733E-11,
    58.237500001158));
#1955 = CARTESIAN_POINT('',(-21.76662815117,-33.89524355485,
    58.404166667496));
#1956 = CARTESIAN_POINT('',(-0.192206529581,-42.5868402596,
    58.487500000496));
#1957 = CARTESIAN_POINT('',(22.060058689588,-33.89524355484,
    58.570833333484));
#1958 = CARTESIAN_POINT('',(32.260676413637,-16.94762177741,
    58.65416666666));
#1959 = CARTESIAN_POINT('',(32.375000000015,3.380477810794E-13,
    58.737499999992));
#1960 = CARTESIAN_POINT('',(31.833734122629,1.759131327892E-14,57.425));
#1961 = CARTESIAN_POINT('',(31.721321870796,16.664280638556,
    57.508333333335));
#1962 = CARTESIAN_POINT('',(21.691244573088,33.328561277111,
    57.591666666824));
#1963 = CARTESIAN_POINT('',(-0.188993098401,41.874846330413,
    57.675000000496));
#1964 = CARTESIAN_POINT('',(-21.40271979341,33.3285612771,
    57.758333334158));
#1965 = CARTESIAN_POINT('',(-42.26474845186,-1.758227727009E-11,
    57.925000001147));
#1966 = CARTESIAN_POINT('',(-21.40271979338,-33.32856127712,
    58.09166666749));
#1967 = CARTESIAN_POINT('',(-0.188993098374,-41.87484633042,
    58.175000000496));
#1968 = CARTESIAN_POINT('',(21.691244573115,-33.32856127711,
    58.25833333349));
#1969 = CARTESIAN_POINT('',(31.721321870816,-16.66428063855,
    58.341666666669));
#1970 = CARTESIAN_POINT('',(31.833734122644,2.27876118242E-14,58.425));
#1971 = DEFINITIONAL_REPRESENTATION('',(#1972),#1976);
#1972 = LINE('',#1973,#1974);
#1973 = CARTESIAN_POINT('',(0.,1.));
#1974 = VECTOR('',#1975,1.);
#1975 = DIRECTION('',(1.,0.));
#1976 = ( GEOMETRIC_REPRESENTATION_CONTEXT(2) 
PARAMETRIC_REPRESENTATION_CONTEXT() REPRESENTATION_CONTEXT('2D SPACE',''
  ) );
#1977 = ORIENTED_EDGE('',*,*,#1978,.T.);
#1978 = EDGE_CURVE('',#1935,#1411,#1979,.T.);
#1979 = SURFACE_CURVE('',#1980,(#2116,#2255),.PCURVE_S1.);
#1980 = B_SPLINE_CURVE_WITH_KNOTS('',8,(#1981,#1982,#1983,#1984,#1985,
    #1986,#1987,#1988,#1989,#1990,#1991,#1992,#1993,#1994,#1995,#1996,
    #1997,#1998,#1999,#2000,#2001,#2002,#2003,#2004,#2005,#2006,#2007,
    #2008,#2009,#2010,#2011,#2012,#2013,#2014,#2015,#2016,#2017,#2018,
    #2019,#2020,#2021,#2022,#2023,#2024,#2025,#2026,#2027,#2028,#2029,
    #2030,#2031,#2032,#2033,#2034,#2035,#2036,#2037,#2038,#2039,#2040,
    #2041,#2042,#2043,#2044,#2045,#2046,#2047,#2048,#2049,#2050,#2051,
    #2052,#2053,#2054,#2055,#2056,#2057,#2058,#2059,#2060,#2061,#2062,
    #2063,#2064,#2065,#2066,#2067,#2068,#2069,#2070,#2071,#2072,#2073,
    #2074,#2075,#2076,#2077,#2078,#2079,#2080,#2081,#2082,#2083,#2084,
    #2085,#2086,#2087,#2088,#2089,#2090,#2091,#2092,#2093,#2094,#2095,
    #2096,#2097,#2098,#2099,#2100,#2101,#2102,#2103,#2104,#2105,#2106,
    #2107,#2108,#2109,#2110,#2111,#2112,#2113,#2114,#2115),
  .UNSPECIFIED.,.F.,.F.,(9,7,7,7,7,7,7,7,7,7,7,7,7,7,7,7,7,7,7,9),(0.,
    1.271124925542E-02,3.949164035762E-02,6.542957199752E-02,
    0.136967885878,0.160249129418,0.233274907786,0.301684500232,
    0.364346968666,0.451550736201,0.500199959825,0.553834244567,
    0.580838002338,0.700738606522,0.767251619541,0.863628356849,
    0.89214492334,0.962127489528,0.987621278172,1.),.UNSPECIFIED.);
#1981 = CARTESIAN_POINT('',(31.9,7.105427357601E-14,58.46325862213));
#1982 = CARTESIAN_POINT('',(31.9,0.31841246461,58.466087704178));
#1983 = CARTESIAN_POINT('',(31.896367693159,0.636831305635,
    58.468806331333));
#1984 = CARTESIAN_POINT('',(31.889102844948,0.955207281588,
    58.47142055049));
#1985 = CARTESIAN_POINT('',(31.878206028851,1.273491273567,
    58.473936209961));
#1986 = CARTESIAN_POINT('',(31.863678626368,1.591634285259,
    58.476358959474));
#1987 = CARTESIAN_POINT('',(31.845522827013,1.909587442936,
    58.478694250171));
#1988 = CARTESIAN_POINT('',(31.823741628313,2.227301995456,
    58.480947334607));
#1989 = CARTESIAN_POINT('',(31.744819570742,3.213493459587,
    58.487707577294));
#1990 = CARTESIAN_POINT('',(31.67522496301,3.880983078292,
    58.491949413916));
#1991 = CARTESIAN_POINT('',(31.589590614007,4.546742423267,
    58.49589605968));
#1992 = CARTESIAN_POINT('',(31.487967558916,5.210319003212,
    58.499590778375));
#1993 = CARTESIAN_POINT('',(31.370422112539,5.871263570153,
    58.503072908713));
#1994 = CARTESIAN_POINT('',(31.237035715117,6.529130106946,
    58.50637795853));
#1995 = CARTESIAN_POINT('',(31.087904778159,7.183475814791,
    58.509537698978));
#1996 = CARTESIAN_POINT('',(30.763559447884,8.463786519749,
    58.515527105406));
#1997 = CARTESIAN_POINT('',(30.589312888364,9.089997909441,
    58.518364039635));
#1998 = CARTESIAN_POINT('',(30.400502107418,9.7120956118,58.521116676645
    ));
#1999 = CARTESIAN_POINT('',(30.197241056822,10.32968436015,
    58.523807460802));
#2000 = CARTESIAN_POINT('',(29.979656367923,10.94237328486,
    58.526455864314));
#2001 = CARTESIAN_POINT('',(29.747887335154,11.549775919055,
    58.529078585931));
#2002 = CARTESIAN_POINT('',(29.502085899543,12.15151020432,
    58.531689749658));
#2003 = CARTESIAN_POINT('',(28.526233792065,14.390141218528,
    58.541503368067));
#2004 = CARTESIAN_POINT('',(27.704506553384,15.987215566128,
    58.54870762611));
#2005 = CARTESIAN_POINT('',(26.780730052648,17.530333980837,
    58.556160257744));
#2006 = CARTESIAN_POINT('',(25.75909638395,19.011910478043,
    58.56397218606));
#2007 = CARTESIAN_POINT('',(24.644415258141,20.424810704778,
    58.572157012684));
#2008 = CARTESIAN_POINT('',(23.442087024209,21.762336101801,
    58.580671360176));
#2009 = CARTESIAN_POINT('',(22.158125851244,23.018245126282,
    58.589448290876));
#2010 = CARTESIAN_POINT('',(20.356995606768,24.567110678369,
    58.601332667713));
#2011 = CARTESIAN_POINT('',(19.90681314164,24.93816622417,
    58.604270807023));
#2012 = CARTESIAN_POINT('',(19.448909430655,25.299786834378,58.607226596
    ));
#2013 = CARTESIAN_POINT('',(18.98351556748,25.651785266447,
    58.610197511188));
#2014 = CARTESIAN_POINT('',(18.510867771159,25.993981321453,
    58.613181050403));
#2015 = CARTESIAN_POINT('',(18.031207374545,26.326201835754,
    58.616174783626));
#2016 = CARTESIAN_POINT('',(17.544780812732,26.648280672646,
    58.619176403908));
#2017 = CARTESIAN_POINT('',(15.505641495095,27.938006224014,
    58.631616945039));
#2018 = CARTESIAN_POINT('',(13.8952250535,28.814684116915,
    58.641107610789));
#2019 = CARTESIAN_POINT('',(12.228500327258,29.585052725347,
    58.650587893338));
#2020 = CARTESIAN_POINT('',(10.513694537159,30.244952385416,
    58.660008459013));
#2021 = CARTESIAN_POINT('',(8.759312620191,30.791005579451,
    58.669344081904));
#2022 = CARTESIAN_POINT('',(6.974120796748,31.220585547746,
    58.67859297945));
#2023 = CARTESIAN_POINT('',(5.167153169072,31.531851369337,
    58.687769924338));
#2024 = CARTESIAN_POINT('',(1.643340196289,31.903710856239,
    58.705439634829));
#2025 = CARTESIAN_POINT('',(-7.22073210304E-02,31.978930383708,
    58.713940304175));
#2026 = CARTESIAN_POINT('',(-1.791255716067,31.948679760214,
    58.722410625989));
#2027 = CARTESIAN_POINT('',(-3.506230759258,31.812839340337,
    58.730872521324));
#2028 = CARTESIAN_POINT('',(-5.209625141107,31.571926445243,
    58.739346437137));
#2029 = CARTESIAN_POINT('',(-6.893999252411,31.227071183809,
    58.747846203696));
#2030 = CARTESIAN_POINT('',(-8.551987080004,30.780039816862,
    58.756376659332));
#2031 = CARTESIAN_POINT('',(-11.66416741038,29.732502921251,
    58.772772515686));
#2032 = CARTESIAN_POINT('',(-13.12392359718,29.14799731375,
    58.780634323374));
#2033 = CARTESIAN_POINT('',(-14.5499883013,28.481656228724,
    58.78851698604));
#2034 = CARTESIAN_POINT('',(-15.93701717304,27.735777441518,
    58.796412650654));
#2035 = CARTESIAN_POINT('',(-17.27988933107,26.913051203296,
    58.804309689359));
#2036 = CARTESIAN_POINT('',(-18.57370185631,26.016546984568,
    58.812194974728));
#2037 = CARTESIAN_POINT('',(-19.81377843861,25.049724875072,
    58.82005683164));
#2038 = CARTESIAN_POINT('',(-22.64049381619,22.578552305361,
    58.83878778067));
#2039 = CARTESIAN_POINT('',(-24.17300570115,21.011668891059,
    58.849630954529));
#2040 = CARTESIAN_POINT('',(-25.58103003831,19.326366946005,
    58.860398735114));
#2041 = CARTESIAN_POINT('',(-26.8540032835,17.534309436334,
    58.871091858441));
#2042 = CARTESIAN_POINT('',(-27.98276169758,15.648086524709,
    58.881745174693));
#2043 = CARTESIAN_POINT('',(-28.95946351512,13.681151782655,
    58.892428308711));
#2044 = CARTESIAN_POINT('',(-29.77767883883,11.647867896724,
    58.903218267049));
#2045 = CARTESIAN_POINT('',(-30.79805824926,8.400898959853,
    58.920216195073));
#2046 = CARTESIAN_POINT('',(-31.11269197295,7.222179981855,
    58.926341515157));
#2047 = CARTESIAN_POINT('',(-31.3757358098,6.030099943781,58.93250785035
    ));
#2048 = CARTESIAN_POINT('',(-31.58653816521,4.827297681137,
    58.938712661932));
#2049 = CARTESIAN_POINT('',(-31.74461027515,3.616437109331,
    58.944944109605));
#2050 = CARTESIAN_POINT('',(-31.84962309376,2.40020636326,
    58.951176651225));
#2051 = CARTESIAN_POINT('',(-31.90141037803,1.181317883621,
    58.95736631862));
#2052 = CARTESIAN_POINT('',(-31.89839878293,-1.381189661943,
    58.970147968329));
#2053 = CARTESIAN_POINT('',(-31.83213422669,-2.724846289711,
    58.976720052816));
#2054 = CARTESIAN_POINT('',(-31.70118312544,-4.064780084778,
    58.983250955271));
#2055 = CARTESIAN_POINT('',(-31.50580135223,-5.397354764799,
    58.989794948706));
#2056 = CARTESIAN_POINT('',(-31.24648462904,-6.718975379918,
    58.996380306356));
#2057 = CARTESIAN_POINT('',(-30.92396253804,-8.026087666215,
    59.003017005693));
#2058 = CARTESIAN_POINT('',(-30.53920374392,-9.315179486344,
    59.009703376905));
#2059 = CARTESIAN_POINT('',(-29.86899574977,-11.22099730358,
    59.019819265865));
#2060 = CARTESIAN_POINT('',(-29.62909012825,-11.85377129935,
    59.023217510362));
#2061 = CARTESIAN_POINT('',(-29.3738699062,-12.48066763123,
    59.026625426728));
#2062 = CARTESIAN_POINT('',(-29.10350379022,-13.10125402635,
    59.030041660857));
#2063 = CARTESIAN_POINT('',(-28.81817484437,-13.7151046637,
    59.03346462558));
#2064 = CARTESIAN_POINT('',(-28.51808048458,-14.32180018545,
    59.036892619099));
#2065 = CARTESIAN_POINT('',(-28.20343247309,-14.9209277082,
    59.040323943411));
#2066 = CARTESIAN_POINT('',(-26.41375767372,-18.13688652222,
    59.059000393332));
#2067 = CARTESIAN_POINT('',(-24.66977689967,-20.60594433995,
    59.074286686349));
#2068 = CARTESIAN_POINT('',(-22.66295849681,-22.88123950999,
    59.089464226458));
#2069 = CARTESIAN_POINT('',(-20.41912933151,-24.93080557268,
    59.104427821409));
#2070 = CARTESIAN_POINT('',(-17.96765289824,-26.72684593915,
    59.11925415002));
#2071 = CARTESIAN_POINT('',(-15.34156600152,-28.24604799588,
    59.134087012939));
#2072 = CARTESIAN_POINT('',(-12.57729807458,-29.46938814653,
    59.149004887274));
#2073 = CARTESIAN_POINT('',(-8.128969664371,-30.89185306273,
    59.17231936602));
#2074 = CARTESIAN_POINT('',(-6.51140644702,-31.30466711716,
    59.180664967406));
#2075 = CARTESIAN_POINT('',(-4.87017814191,-31.62058734751,
    59.189037940985));
#2076 = CARTESIAN_POINT('',(-3.212073163269,-31.83807584314,
    59.197432048284));
#2077 = CARTESIAN_POINT('',(-1.543940042618,-31.95616414185,
    59.205833884835));
#2078 = CARTESIAN_POINT('',(0.127317353012,-31.97443331988,
    59.214224658895));
#2079 = CARTESIAN_POINT('',(1.794740502024,-31.89303436807,
    59.222584220227));
#2080 = CARTESIAN_POINT('',(5.851670674415,-31.45151682158,
    59.242942970704));
#2081 = CARTESIAN_POINT('',(8.22998982205,-30.98258440454,
    59.254894728456));
#2082 = CARTESIAN_POINT('',(10.564452804812,-30.30815518086,
    59.266703166441));
#2083 = CARTESIAN_POINT('',(12.834403841883,-29.43328547057,
    59.278345150939));
#2084 = CARTESIAN_POINT('',(15.020128167219,-28.36525523265,
    59.289852902122));
#2085 = CARTESIAN_POINT('',(17.102875009249,-27.11355676601,
    59.301348260066));
#2086 = CARTESIAN_POINT('',(19.06488238695,-25.68988558907,
    59.313026477063));
#2087 = CARTESIAN_POINT('',(21.429622826291,-23.6408898204,
    59.328618383508));
#2088 = CARTESIAN_POINT('',(21.957584402718,-23.15922717876,
    59.332209666932));
#2089 = CARTESIAN_POINT('',(22.473158195972,-22.66410285491,
    59.335836675339));
#2090 = CARTESIAN_POINT('',(22.975944090878,-22.15588948508,
    59.339503832576));
#2091 = CARTESIAN_POINT('',(23.465556124551,-21.6349732838,
    59.343215210267));
#2092 = CARTESIAN_POINT('',(23.941622490232,-21.10175401707,
    59.346974253172));
#2093 = CARTESIAN_POINT('',(24.403785541119,-20.55664497564,
    59.350783504536));
#2094 = CARTESIAN_POINT('',(25.950934019014,-18.63418835742,
    59.364119194915));
#2095 = CARTESIAN_POINT('',(26.964438486923,-17.19917342036,
    59.37390524543));
#2096 = CARTESIAN_POINT('',(27.887031634561,-15.7014326201,
    59.384021688397));
#2097 = CARTESIAN_POINT('',(28.714228533378,-14.14772395048,
    59.394443718758));
#2098 = CARTESIAN_POINT('',(29.44217214386,-12.54511670673,
    59.405074457521));
#2099 = CARTESIAN_POINT('',(30.067609973309,-10.90097574832,
    59.415706115645));
#2100 = CARTESIAN_POINT('',(30.58791898452,-9.22296961735,
    59.425983905016));
#2101 = CARTESIAN_POINT('',(31.151725366065,-6.898401100193,
    59.438811362665));
#2102 = CARTESIAN_POINT('',(31.288068616436,-6.274255995179,
    59.442120398655));
#2103 = CARTESIAN_POINT('',(31.410117331093,-5.64704385826,
    59.445288178459));
#2104 = CARTESIAN_POINT('',(31.517791549158,-5.017146626604,
    59.448286574064));
#2105 = CARTESIAN_POINT('',(31.611023512737,-4.384948909545,
    59.451084410418));
#2106 = CARTESIAN_POINT('',(31.68975780811,-3.750838000956,
    59.453647400612));
#2107 = CARTESIAN_POINT('',(31.753951506929,-3.115203891629,
    59.455938081088));
#2108 = CARTESIAN_POINT('',(31.827669072303,-2.169252911313,
    59.458876018932));
#2109 = CARTESIAN_POINT('',(31.848328526529,-1.859799885013,
    59.459762496782));
#2110 = CARTESIAN_POINT('',(31.865549202416,-1.550125028492,
    59.460570522865));
#2111 = CARTESIAN_POINT('',(31.879328353171,-1.24027327901,
    59.461295264786));
#2112 = CARTESIAN_POINT('',(31.889663952888,-0.930289685351,
    59.461931715268));
#2113 = CARTESIAN_POINT('',(31.896554696544,-0.620219407822,
    59.462474692155));
#2114 = CARTESIAN_POINT('',(31.9,-0.310107718253,59.46291883841));
#2115 = CARTESIAN_POINT('',(31.9,6.039613253961E-14,59.463258622112));
#2116 = PCURVE('',#1424,#2117);
#2117 = DEFINITIONAL_REPRESENTATION('',(#2118),#2254);
#2118 = B_SPLINE_CURVE_WITH_KNOTS('',8,(#2119,#2120,#2121,#2122,#2123,
    #2124,#2125,#2126,#2127,#2128,#2129,#2130,#2131,#2132,#2133,#2134,
    #2135,#2136,#2137,#2138,#2139,#2140,#2141,#2142,#2143,#2144,#2145,
    #2146,#2147,#2148,#2149,#2150,#2151,#2152,#2153,#2154,#2155,#2156,
    #2157,#2158,#2159,#2160,#2161,#2162,#2163,#2164,#2165,#2166,#2167,
    #2168,#2169,#2170,#2171,#2172,#2173,#2174,#2175,#2176,#2177,#2178,
    #2179,#2180,#2181,#2182,#2183,#2184,#2185,#2186,#2187,#2188,#2189,
    #2190,#2191,#2192,#2193,#2194,#2195,#2196,#2197,#2198,#2199,#2200,
    #2201,#2202,#2203,#2204,#2205,#2206,#2207,#2208,#2209,#2210,#2211,
    #2212,#2213,#2214,#2215,#2216,#2217,#2218,#2219,#2220,#2221,#2222,
    #2223,#2224,#2225,#2226,#2227,#2228,#2229,#2230,#2231,#2232,#2233,
    #2234,#2235,#2236,#2237,#2238,#2239,#2240,#2241,#2242,#2243,#2244,
    #2245,#2246,#2247,#2248,#2249,#2250,#2251,#2252,#2253),
  .UNSPECIFIED.,.F.,.F.,(9,7,7,7,7,7,7,7,7,7,7,7,7,7,7,7,7,7,7,9),(0.,
    1.271124925542E-02,3.949164035762E-02,6.542957199752E-02,
    0.136967885878,0.160249129418,0.233274907786,0.301684500232,
    0.364346968666,0.451550736201,0.500199959825,0.553834244567,
    0.580838002338,0.700738606522,0.767251619541,0.863628356849,
    0.89214492334,0.962127489528,0.987621278172,1.),.UNSPECIFIED.);
#2119 = CARTESIAN_POINT('',(4.877572409178,0.));
#2120 = CARTESIAN_POINT('',(4.873604090984,1.588982613052E-03));
#2121 = CARTESIAN_POINT('',(4.869988548071,3.177752606884E-03));
#2122 = CARTESIAN_POINT('',(4.866706527643,4.766340379729E-03));
#2123 = CARTESIAN_POINT('',(4.863739405064,6.354774045005E-03));
#2124 = CARTESIAN_POINT('',(4.861069183859,7.943079431313E-03));
#2125 = CARTESIAN_POINT('',(4.858678495716,9.531280082441E-03));
#2126 = CARTESIAN_POINT('',(4.856550600482,1.111939725736E-02));
#2127 = CARTESIAN_POINT('',(4.850705994831,1.605320067555E-02));
#2128 = CARTESIAN_POINT('',(4.847837612806,1.939866791273E-02));
#2129 = CARTESIAN_POINT('',(4.84591349112,2.274402564752E-02));
#2130 = CARTESIAN_POINT('',(4.844795628455,2.608941225635E-02));
#2131 = CARTESIAN_POINT('',(4.844358479365,2.943493350052E-02));
#2132 = CARTESIAN_POINT('',(4.844488662493,3.278066554047E-02));
#2133 = CARTESIAN_POINT('',(4.845084668786,3.612665794997E-02));
#2134 = CARTESIAN_POINT('',(4.846997896514,4.27139480331E-02));
#2135 = CARTESIAN_POINT('',(4.848291821533,4.595523382535E-02));
#2136 = CARTESIAN_POINT('',(4.849856444112,4.919681538538E-02));
#2137 = CARTESIAN_POINT('',(4.851619969739,5.243870129465E-02));
#2138 = CARTESIAN_POINT('',(4.853520076713,5.568088822916E-02));
#2139 = CARTESIAN_POINT('',(4.855503282829,5.892336175075E-02));
#2140 = CARTESIAN_POINT('',(4.857524312042,6.216609709833E-02));
#2141 = CARTESIAN_POINT('',(4.865119907148,7.435333894873E-02));
#2142 = CARTESIAN_POINT('',(4.870695648405,8.330001610892E-02));
#2143 = CARTESIAN_POINT('',(4.875479261978,9.224752695587E-02));
#2144 = CARTESIAN_POINT('',(4.879112785688,0.101194931399));
#2145 = CARTESIAN_POINT('',(4.881551134064,0.110141741856));
#2146 = CARTESIAN_POINT('',(4.882932468586,0.119087756349));
#2147 = CARTESIAN_POINT('',(4.883470204926,0.128032729615));
#2148 = CARTESIAN_POINT('',(4.88337097601,0.139886097361));
#2149 = CARTESIAN_POINT('',(4.883281711043,0.142796341354));
#2150 = CARTESIAN_POINT('',(4.883135511517,0.145706442965));
#2151 = CARTESIAN_POINT('',(4.882940458485,0.148616404067));
#2152 = CARTESIAN_POINT('',(4.882704578659,0.151526230821));
#2153 = CARTESIAN_POINT('',(4.882435675533,0.154435931803));
#2154 = CARTESIAN_POINT('',(4.882141160516,0.157345516127));
#2155 = CARTESIAN_POINT('',(4.880845236493,0.169381080937));
#2156 = CARTESIAN_POINT('',(4.879677450242,0.178506813434));
#2157 = CARTESIAN_POINT('',(4.878539535456,0.18763149756));
#2158 = CARTESIAN_POINT('',(4.877590592821,0.196755518608));
#2159 = CARTESIAN_POINT('',(4.876914095982,0.205879736184));
#2160 = CARTESIAN_POINT('',(4.876518219808,0.21500492237));
#2161 = CARTESIAN_POINT('',(4.876356214503,0.224131240544));
#2162 = CARTESIAN_POINT('',(4.876376765877,0.24180737323));
#2163 = CARTESIAN_POINT('',(4.876537530231,0.250358281384));
#2164 = CARTESIAN_POINT('',(4.876797462597,0.258909832009));
#2165 = CARTESIAN_POINT('',(4.877086071661,0.267461917623));
#2166 = CARTESIAN_POINT('',(4.877338307095,0.276014656956));
#2167 = CARTESIAN_POINT('',(4.877510035013,0.284568088438));
#2168 = CARTESIAN_POINT('',(4.877584712626,0.293121880776));
#2169 = CARTESIAN_POINT('',(4.877558941553,0.309509683574));
#2170 = CARTESIAN_POINT('',(4.877472711937,0.317344544462));
#2171 = CARTESIAN_POINT('',(4.877318392368,0.325178982218));
#2172 = CARTESIAN_POINT('',(4.877120438578,0.33301278623));
#2173 = CARTESIAN_POINT('',(4.876916248348,0.340846015447));
#2174 = CARTESIAN_POINT('',(4.876748249403,0.348678801105));
#2175 = CARTESIAN_POINT('',(4.876653769752,0.356511133087));
#2176 = CARTESIAN_POINT('',(4.876651188549,0.375241275404));
#2177 = CARTESIAN_POINT('',(4.87683098405,0.38614063531));
#2178 = CARTESIAN_POINT('',(4.877246965199,0.397038409961));
#2179 = CARTESIAN_POINT('',(4.877898379804,0.407935100312));
#2180 = CARTESIAN_POINT('',(4.878678377038,0.418832165665));
#2181 = CARTESIAN_POINT('',(4.879368559135,0.429730981558));
#2182 = CARTESIAN_POINT('',(4.879723351711,0.440631812551));
#2183 = CARTESIAN_POINT('',(4.879669838167,0.457613017561));
#2184 = CARTESIAN_POINT('',(4.879529393593,0.463694448706));
#2185 = CARTESIAN_POINT('',(4.87925858468,0.469776156105));
#2186 = CARTESIAN_POINT('',(4.87886535626,0.4758580838));
#2187 = CARTESIAN_POINT('',(4.878387519795,0.481940207573));
#2188 = CARTESIAN_POINT('',(4.877906680073,0.488022486776));
#2189 = CARTESIAN_POINT('',(4.877563249866,0.49410483223));
#2190 = CARTESIAN_POINT('',(4.877582808468,0.506892594002));
#2191 = CARTESIAN_POINT('',(4.878010281352,0.513598263767));
#2192 = CARTESIAN_POINT('',(4.878569214658,0.520303832885));
#2193 = CARTESIAN_POINT('',(4.879085486914,0.527009161406));
#2194 = CARTESIAN_POINT('',(4.879468479744,0.533714204323));
#2195 = CARTESIAN_POINT('',(4.879686240023,0.540418953757));
#2196 = CARTESIAN_POINT('',(4.879743936172,0.547123355028));
#2197 = CARTESIAN_POINT('',(4.879626172241,0.55720244278));
#2198 = CARTESIAN_POINT('',(4.879552255526,0.560577588311));
#2199 = CARTESIAN_POINT('',(4.879447044484,0.563952626234));
#2200 = CARTESIAN_POINT('',(4.879314881059,0.567327559301));
#2201 = CARTESIAN_POINT('',(4.879160872504,0.57070239636));
#2202 = CARTESIAN_POINT('',(4.8789905008,0.57407714873));
#2203 = CARTESIAN_POINT('',(4.878809232085,0.577451826579));
#2204 = CARTESIAN_POINT('',(4.877791348205,0.595810187843));
#2205 = CARTESIAN_POINT('',(4.876845611762,0.610800938276));
#2206 = CARTESIAN_POINT('',(4.876232891899,0.625787003489));
#2207 = CARTESIAN_POINT('',(4.876298914056,0.640771230435));
#2208 = CARTESIAN_POINT('',(4.87681354131,0.655758380137));
#2209 = CARTESIAN_POINT('',(4.877326654832,0.670751591114));
#2210 = CARTESIAN_POINT('',(4.877586951109,0.685750808121));
#2211 = CARTESIAN_POINT('',(4.877563646929,0.709058004449));
#2212 = CARTESIAN_POINT('',(4.877470765698,0.7173745805));
#2213 = CARTESIAN_POINT('',(4.877289098342,0.72569078308));
#2214 = CARTESIAN_POINT('',(4.87703765552,0.734006314549));
#2215 = CARTESIAN_POINT('',(4.876759429912,0.74232120565));
#2216 = CARTESIAN_POINT('',(4.876514896699,0.750635563132));
#2217 = CARTESIAN_POINT('',(4.876368263073,0.758949301508));
#2218 = CARTESIAN_POINT('',(4.87636386394,0.779306677381));
#2219 = CARTESIAN_POINT('',(4.876665622185,0.791352734658));
#2220 = CARTESIAN_POINT('',(4.877417120593,0.803396015968));
#2221 = CARTESIAN_POINT('',(4.878695012651,0.815437341805));
#2222 = CARTESIAN_POINT('',(4.880403816703,0.827479094322));
#2223 = CARTESIAN_POINT('',(4.882161747093,0.839523805577));
#2224 = CARTESIAN_POINT('',(4.883346881664,0.851572377188));
#2225 = CARTESIAN_POINT('',(4.883414592711,0.867185443409));
#2226 = CARTESIAN_POINT('',(4.883330836841,0.870750553139));
#2227 = CARTESIAN_POINT('',(4.88313342541,0.874315870491));
#2228 = CARTESIAN_POINT('',(4.882808175405,0.877881387116));
#2229 = CARTESIAN_POINT('',(4.882342025158,0.88144709287));
#2230 = CARTESIAN_POINT('',(4.8817238993,0.885012971459));
#2231 = CARTESIAN_POINT('',(4.880945573725,0.888578996095));
#2232 = CARTESIAN_POINT('',(4.877688240804,0.900896769985));
#2233 = CARTESIAN_POINT('',(4.87438207067,0.909649642364));
#2234 = CARTESIAN_POINT('',(4.870018347093,0.918402421741));
#2235 = CARTESIAN_POINT('',(4.864674194453,0.927154404428));
#2236 = CARTESIAN_POINT('',(4.858657837552,0.935905031682));
#2237 = CARTESIAN_POINT('',(4.852632548651,0.944653787044));
#2238 = CARTESIAN_POINT('',(4.847732446243,0.953400294428));
#2239 = CARTESIAN_POINT('',(4.8448591158,0.965329836331));
#2240 = CARTESIAN_POINT('',(4.844462672993,0.968514983949));
#2241 = CARTESIAN_POINT('',(4.844517585788,0.971699924004));
#2242 = CARTESIAN_POINT('',(4.845114031123,0.974884708781));
#2243 = CARTESIAN_POINT('',(4.846352007167,0.97806941265));
#2244 = CARTESIAN_POINT('',(4.848341548576,0.981254134538));
#2245 = CARTESIAN_POINT('',(4.851202941759,0.984439000385));
#2246 = CARTESIAN_POINT('',(4.856943136789,0.989170749178));
#2247 = CARTESIAN_POINT('',(4.8590557033,0.990717404064));
#2248 = CARTESIAN_POINT('',(4.861419602235,0.992264148565));
#2249 = CARTESIAN_POINT('',(4.864050362394,0.993811003035));
#2250 = CARTESIAN_POINT('',(4.866964078803,0.995357989896));
#2251 = CARTESIAN_POINT('',(4.870177412719,0.996905133632));
#2252 = CARTESIAN_POINT('',(4.873707591626,0.998452460795));
#2253 = CARTESIAN_POINT('',(4.877572409235,1.));
#2254 = ( GEOMETRIC_REPRESENTATION_CONTEXT(2) 
PARAMETRIC_REPRESENTATION_CONTEXT() REPRESENTATION_CONTEXT('2D SPACE',''
  ) );
#2255 = PCURVE('',#2256,#2261);
#2256 = CYLINDRICAL_SURFACE('',#2257,31.9);
#2257 = AXIS2_PLACEMENT_3D('',#2258,#2259,#2260);
#2258 = CARTESIAN_POINT('',(0.,0.,56.));
#2259 = DIRECTION('',(0.,0.,1.));
#2260 = DIRECTION('',(1.,0.,-0.));
#2261 = DEFINITIONAL_REPRESENTATION('',(#2262),#2398);
#2262 = B_SPLINE_CURVE_WITH_KNOTS('',8,(#2263,#2264,#2265,#2266,#2267,
    #2268,#2269,#2270,#2271,#2272,#2273,#2274,#2275,#2276,#2277,#2278,
    #2279,#2280,#2281,#2282,#2283,#2284,#2285,#2286,#2287,#2288,#2289,
    #2290,#2291,#2292,#2293,#2294,#2295,#2296,#2297,#2298,#2299,#2300,
    #2301,#2302,#2303,#2304,#2305,#2306,#2307,#2308,#2309,#2310,#2311,
    #2312,#2313,#2314,#2315,#2316,#2317,#2318,#2319,#2320,#2321,#2322,
    #2323,#2324,#2325,#2326,#2327,#2328,#2329,#2330,#2331,#2332,#2333,
    #2334,#2335,#2336,#2337,#2338,#2339,#2340,#2341,#2342,#2343,#2344,
    #2345,#2346,#2347,#2348,#2349,#2350,#2351,#2352,#2353,#2354,#2355,
    #2356,#2357,#2358,#2359,#2360,#2361,#2362,#2363,#2364,#2365,#2366,
    #2367,#2368,#2369,#2370,#2371,#2372,#2373,#2374,#2375,#2376,#2377,
    #2378,#2379,#2380,#2381,#2382,#2383,#2384,#2385,#2386,#2387,#2388,
    #2389,#2390,#2391,#2392,#2393,#2394,#2395,#2396,#2397),
  .UNSPECIFIED.,.F.,.F.,(9,7,7,7,7,7,7,7,7,7,7,7,7,7,7,7,7,7,7,9),(0.,
    1.271124925542E-02,3.949164035762E-02,6.542957199752E-02,
    0.136967885878,0.160249129418,0.233274907786,0.301684500232,
    0.364346968666,0.451550736201,0.500199959825,0.553834244567,
    0.580838002338,0.700738606522,0.767251619541,0.863628356849,
    0.89214492334,0.962127489528,0.987621278172,1.),.UNSPECIFIED.);
#2263 = CARTESIAN_POINT('',(0.,2.46325862213));
#2264 = CARTESIAN_POINT('',(9.981581962708E-03,2.466087704178));
#2265 = CARTESIAN_POINT('',(1.996336329137E-02,2.468806331333));
#2266 = CARTESIAN_POINT('',(2.994531683844E-02,2.47142055049));
#2267 = CARTESIAN_POINT('',(3.992741846199E-02,2.473936209961));
#2268 = CARTESIAN_POINT('',(4.990964702572E-02,2.476358959474));
#2269 = CARTESIAN_POINT('',(5.989198439895E-02,2.478694250171));
#2270 = CARTESIAN_POINT('',(6.987441545663E-02,2.480947334607));
#2271 = CARTESIAN_POINT('',(0.100888345751,2.487707577294));
#2272 = CARTESIAN_POINT('',(0.12192013629,2.491949413916));
#2273 = CARTESIAN_POINT('',(0.142952145379,2.49589605968));
#2274 = CARTESIAN_POINT('',(0.16398428286,2.499590778375));
#2275 = CARTESIAN_POINT('',(0.185016502278,2.503072908713));
#2276 = CARTESIAN_POINT('',(0.20604878043,2.50637795853));
#2277 = CARTESIAN_POINT('',(0.227081096905,2.509537698978));
#2278 = CARTESIAN_POINT('',(0.26848409424,2.515527105406));
#2279 = CARTESIAN_POINT('',(0.288854812076,2.518364039635));
#2280 = CARTESIAN_POINT('',(0.30922552374,2.521116676645));
#2281 = CARTESIAN_POINT('',(0.329596221611,2.523807460802));
#2282 = CARTESIAN_POINT('',(0.34996691702,2.526455864314));
#2283 = CARTESIAN_POINT('',(0.370337623414,2.529078585931));
#2284 = CARTESIAN_POINT('',(0.390708339526,2.531689749658));
#2285 = CARTESIAN_POINT('',(0.46726258066,2.541503368067));
#2286 = CARTESIAN_POINT('',(0.523450151814,2.54870762611));
#2287 = CARTESIAN_POINT('',(0.579635799448,2.556160257744));
#2288 = CARTESIAN_POINT('',(0.635819426787,2.56397218606));
#2289 = CARTESIAN_POINT('',(0.692003026617,2.572157012684));
#2290 = CARTESIAN_POINT('',(0.748188587546,2.580671360176));
#2291 = CARTESIAN_POINT('',(0.804376000261,2.589448290876));
#2292 = CARTESIAN_POINT('',(0.87884344388,2.601332667713));
#2293 = CARTESIAN_POINT('',(0.897127609465,2.604270807023));
#2294 = CARTESIAN_POINT('',(0.915411766573,2.607226596));
#2295 = CARTESIAN_POINT('',(0.933695909798,2.610197511188));
#2296 = CARTESIAN_POINT('',(0.95198004591,2.613181050403));
#2297 = CARTESIAN_POINT('',(0.970264184002,2.616174783626));
#2298 = CARTESIAN_POINT('',(0.988548325638,2.619176403908));
#2299 = CARTESIAN_POINT('',(1.064183892284,2.631616945039));
#2300 = CARTESIAN_POINT('',(1.121539692688,2.641107610789));
#2301 = CARTESIAN_POINT('',(1.178893549765,2.650587893338));
#2302 = CARTESIAN_POINT('',(1.236244992839,2.660008459013));
#2303 = CARTESIAN_POINT('',(1.293596465363,2.669344081904));
#2304 = CARTESIAN_POINT('',(1.350950403652,2.67859297945));
#2305 = CARTESIAN_POINT('',(1.408306315985,2.687769924338));
#2306 = CARTESIAN_POINT('',(1.519384039118,2.705439634829));
#2307 = CARTESIAN_POINT('',(1.573113415534,2.713940304175));
#2308 = CARTESIAN_POINT('',(1.626841395858,2.722410625989));
#2309 = CARTESIAN_POINT('',(1.680567615764,2.730872521324));
#2310 = CARTESIAN_POINT('',(1.734293830543,2.739346437137));
#2311 = CARTESIAN_POINT('',(1.788021800212,2.747846203696));
#2312 = CARTESIAN_POINT('',(1.84175117127,2.756376659332));
#2313 = CARTESIAN_POINT('',(1.944689975412,2.772772515686));
#2314 = CARTESIAN_POINT('',(1.993904649008,2.780634323374));
#2315 = CARTESIAN_POINT('',(2.043118404341,2.78851698604));
#2316 = CARTESIAN_POINT('',(2.092331013456,2.796412650654));
#2317 = CARTESIAN_POINT('',(2.141543621027,2.804309689359));
#2318 = CARTESIAN_POINT('',(2.190757373263,2.812194974728));
#2319 = CARTESIAN_POINT('',(2.23997204671,2.82005683164));
#2320 = CARTESIAN_POINT('',(2.357671075108,2.83878778067));
#2321 = CARTESIAN_POINT('',(2.426168174546,2.849630954529));
#2322 = CARTESIAN_POINT('',(2.494659992807,2.860398735114));
#2323 = CARTESIAN_POINT('',(2.563146727663,2.871091858441));
#2324 = CARTESIAN_POINT('',(2.631633472192,2.881745174693));
#2325 = CARTESIAN_POINT('',(2.700125314942,2.892428308711));
#2326 = CARTESIAN_POINT('',(2.768622438585,2.903218267049));
#2327 = CARTESIAN_POINT('',(2.875316007614,2.920216195073));
#2328 = CARTESIAN_POINT('',(2.913523762875,2.926341515157));
#2329 = CARTESIAN_POINT('',(2.951731246457,2.93250785035));
#2330 = CARTESIAN_POINT('',(2.989938392088,2.938712661932));
#2331 = CARTESIAN_POINT('',(3.028145527616,2.944944109605));
#2332 = CARTESIAN_POINT('',(3.066352986316,2.951176651225));
#2333 = CARTESIAN_POINT('',(3.104560718897,2.95736631862));
#2334 = CARTESIAN_POINT('',(3.184890164516,2.970147968329));
#2335 = CARTESIAN_POINT('',(3.227013467393,2.976720052816));
#2336 = CARTESIAN_POINT('',(3.269136359228,2.983250955272));
#2337 = CARTESIAN_POINT('',(3.311258696991,2.989794948706));
#2338 = CARTESIAN_POINT('',(3.353380999041,2.996380306356));
#2339 = CARTESIAN_POINT('',(3.39550380147,3.003017005693));
#2340 = CARTESIAN_POINT('',(3.437627021991,3.009703376905));
#2341 = CARTESIAN_POINT('',(3.500957046635,3.019819265865));
#2342 = CARTESIAN_POINT('',(3.522164789287,3.023217510362));
#2343 = CARTESIAN_POINT('',(3.543372515088,3.026625426728));
#2344 = CARTESIAN_POINT('',(3.564580221013,3.030041660857));
#2345 = CARTESIAN_POINT('',(3.58578792467,3.03346462558));
#2346 = CARTESIAN_POINT('',(3.606995643729,3.036892619099));
#2347 = CARTESIAN_POINT('',(3.628203375341,3.040323943411));
#2348 = CARTESIAN_POINT('',(3.743576342932,3.059000393332));
#2349 = CARTESIAN_POINT('',(3.837793537127,3.074286686349));
#2350 = CARTESIAN_POINT('',(3.931982505609,3.089464226458));
#2351 = CARTESIAN_POINT('',(4.026150373006,3.104427821409));
#2352 = CARTESIAN_POINT('',(4.120318274944,3.11925415002));
#2353 = CARTESIAN_POINT('',(4.214507337286,3.134087012939));
#2354 = CARTESIAN_POINT('',(4.308724648522,3.149004887274));
#2355 = CARTESIAN_POINT('',(4.45512678861,3.17231936602));
#2356 = CARTESIAN_POINT('',(4.507366329892,3.180664967406));
#2357 = CARTESIAN_POINT('',(4.559604637355,3.189037940985));
#2358 = CARTESIAN_POINT('',(4.611841403663,3.197432048284));
#2359 = CARTESIAN_POINT('',(4.664078166231,3.205833884835));
#2360 = CARTESIAN_POINT('',(4.71631646545,3.214224658895));
#2361 = CARTESIAN_POINT('',(4.76855600234,3.222584220227));
#2362 = CARTESIAN_POINT('',(4.896483423297,3.242942970704));
#2363 = CARTESIAN_POINT('',(4.972191663001,3.254894728456));
#2364 = CARTESIAN_POINT('',(5.047890970032,3.266703166441));
#2365 = CARTESIAN_POINT('',(5.123582288317,3.278345150939));
#2366 = CARTESIAN_POINT('',(5.199273635926,3.289852902122));
#2367 = CARTESIAN_POINT('',(5.274973012529,3.301348260066));
#2368 = CARTESIAN_POINT('',(5.350681336355,3.313026477063));
#2369 = CARTESIAN_POINT('',(5.448767808261,3.328618383508));
#2370 = CARTESIAN_POINT('',(5.471163683163,3.332209666932));
#2371 = CARTESIAN_POINT('',(5.493559533676,3.335836675339));
#2372 = CARTESIAN_POINT('',(5.515955348114,3.339503832576));
#2373 = CARTESIAN_POINT('',(5.538351143877,3.343215210267));
#2374 = CARTESIAN_POINT('',(5.560746940514,3.346974253172));
#2375 = CARTESIAN_POINT('',(5.583142732793,3.350783504536));
#2376 = CARTESIAN_POINT('',(5.660499874535,3.364119194915));
#2377 = CARTESIAN_POINT('',(5.715464671488,3.37390524543));
#2378 = CARTESIAN_POINT('',(5.770427557722,3.384021688397));
#2379 = CARTESIAN_POINT('',(5.825388467603,3.394443718758));
#2380 = CARTESIAN_POINT('',(5.880349261452,3.405074457521));
#2381 = CARTESIAN_POINT('',(5.935311853723,3.415706115645));
#2382 = CARTESIAN_POINT('',(5.990276354272,3.425983905016));
#2383 = CARTESIAN_POINT('',(6.065259582232,3.438811362665));
#2384 = CARTESIAN_POINT('',(6.08528141104,3.442120398655));
#2385 = CARTESIAN_POINT('',(6.105303283968,3.445288178459));
#2386 = CARTESIAN_POINT('',(6.125325205488,3.448286574064));
#2387 = CARTESIAN_POINT('',(6.145347173547,3.451084410418));
#2388 = CARTESIAN_POINT('',(6.165369163821,3.453647400612));
#2389 = CARTESIAN_POINT('',(6.185391113964,3.455938081088));
#2390 = CARTESIAN_POINT('',(6.215134656975,3.458876018932));
#2391 = CARTESIAN_POINT('',(6.224856372584,3.459762496782));
#2392 = CARTESIAN_POINT('',(6.234578046369,3.460570522865));
#2393 = CARTESIAN_POINT('',(6.244299667302,3.461295264786));
#2394 = CARTESIAN_POINT('',(6.254021221648,3.461931715268));
#2395 = CARTESIAN_POINT('',(6.263742692963,3.462474692155));
#2396 = CARTESIAN_POINT('',(6.273464062093,3.46291883841));
#2397 = CARTESIAN_POINT('',(6.28318530718,3.463258622112));
#2398 = ( GEOMETRIC_REPRESENTATION_CONTEXT(2) 
PARAMETRIC_REPRESENTATION_CONTEXT() REPRESENTATION_CONTEXT('2D SPACE',''
  ) );
#2399 = ORIENTED_EDGE('',*,*,#1410,.F.);
#2400 = ADVANCED_FACE('',(#2401),#1948,.T.);
#2401 = FACE_BOUND('',#2402,.T.);
#2402 = EDGE_LOOP('',(#2403,#2457,#2501,#2923));
#2403 = ORIENTED_EDGE('',*,*,#2404,.F.);
#2404 = EDGE_CURVE('',#2405,#1881,#2407,.T.);
#2405 = VERTEX_POINT('',#2406);
#2406 = CARTESIAN_POINT('',(32.375,2.266484313361E-13,57.737499999996));
#2407 = SURFACE_CURVE('',#2408,(#2420,#2427),.PCURVE_S1.);
#2408 = ( BOUNDED_CURVE() B_SPLINE_CURVE(6,(#2409,#2410,#2411,#2412,
    #2413,#2414,#2415,#2416,#2417,#2418,#2419),.UNSPECIFIED.,.F.,.F.) 
B_SPLINE_CURVE_WITH_KNOTS((7,4,7),(0.,0.5,1.),.UNSPECIFIED.) CURVE() 
GEOMETRIC_REPRESENTATION_ITEM() RATIONAL_B_SPLINE_CURVE((1.,1.,1.,1.,1.,
1.,1.,1.,1.,1.,1.)) REPRESENTATION_ITEM('') );
#2409 = CARTESIAN_POINT('',(32.374999999999,2.478770912882E-13,
    57.737499999992));
#2410 = CARTESIAN_POINT('',(32.260676413616,16.94762177742,
    57.820833333327));
#2411 = CARTESIAN_POINT('',(22.060058689562,33.895243554834,
    57.904166666819));
#2412 = CARTESIAN_POINT('',(-0.192206529609,42.586840259591,
    57.987500000496));
#2413 = CARTESIAN_POINT('',(-21.76662815119,33.895243554824,
    58.070833334164));
#2414 = CARTESIAN_POINT('',(-42.9833718488,-1.599381441733E-11,
    58.237500001158));
#2415 = CARTESIAN_POINT('',(-21.76662815117,-33.89524355485,
    58.404166667496));
#2416 = CARTESIAN_POINT('',(-0.192206529581,-42.5868402596,
    58.487500000496));
#2417 = CARTESIAN_POINT('',(22.060058689588,-33.89524355484,
    58.570833333484));
#2418 = CARTESIAN_POINT('',(32.260676413637,-16.94762177741,
    58.65416666666));
#2419 = CARTESIAN_POINT('',(32.375000000015,3.380477810794E-13,
    58.737499999992));
#2420 = PCURVE('',#1948,#2421);
#2421 = DEFINITIONAL_REPRESENTATION('',(#2422),#2426);
#2422 = LINE('',#2423,#2424);
#2423 = CARTESIAN_POINT('',(4.,0.));
#2424 = VECTOR('',#2425,1.);
#2425 = DIRECTION('',(0.,1.));
#2426 = ( GEOMETRIC_REPRESENTATION_CONTEXT(2) 
PARAMETRIC_REPRESENTATION_CONTEXT() REPRESENTATION_CONTEXT('2D SPACE',''
  ) );
#2427 = PCURVE('',#2428,#2451);
#2428 = ( BOUNDED_SURFACE() B_SPLINE_SURFACE(1,6,(
    (#2429,#2430,#2431,#2432,#2433,#2434,#2435,#2436,#2437,#2438,#2439)
    ,(#2440,#2441,#2442,#2443,#2444,#2445,#2446,#2447,#2448,#2449,#2450
)),.UNSPECIFIED.,.F.,.F.,.F.) B_SPLINE_SURFACE_WITH_KNOTS((2,2),(7,4,7),
(3.,4.),(0.,0.5,1.),.UNSPECIFIED.) GEOMETRIC_REPRESENTATION_ITEM() 
RATIONAL_B_SPLINE_SURFACE((
    (1.,1.,1.,1.,1.,1.,1.,1.,1.,1.,1.)
,(1.,1.,1.,1.,1.,1.,1.,1.,1.,1.,1.
  ))) REPRESENTATION_ITEM('') SURFACE() );
#2429 = CARTESIAN_POINT('',(32.375000000001,2.46750271767E-13,
    57.862499999992));
#2430 = CARTESIAN_POINT('',(32.260676413618,16.94762177742,
    57.945833333327));
#2431 = CARTESIAN_POINT('',(22.060058689563,33.895243554834,
    58.029166666819));
#2432 = CARTESIAN_POINT('',(-0.192206529607,42.586840259591,
    58.112500000496));
#2433 = CARTESIAN_POINT('',(-21.76662815119,33.895243554824,
    58.195833334164));
#2434 = CARTESIAN_POINT('',(-42.9833718488,-1.599494123685E-11,
    58.362500001158));
#2435 = CARTESIAN_POINT('',(-21.76662815117,-33.89524355485,
    58.529166667496));
#2436 = CARTESIAN_POINT('',(-0.192206529579,-42.5868402596,
    58.612500000496));
#2437 = CARTESIAN_POINT('',(22.06005868959,-33.89524355484,
    58.695833333484));
#2438 = CARTESIAN_POINT('',(32.260676413639,-16.94762177741,
    58.77916666666));
#2439 = CARTESIAN_POINT('',(32.375000000016,3.369209615582E-13,
    58.862499999992));
#2440 = CARTESIAN_POINT('',(32.374999999999,2.478770912882E-13,
    57.737499999992));
#2441 = CARTESIAN_POINT('',(32.260676413616,16.94762177742,
    57.820833333327));
#2442 = CARTESIAN_POINT('',(22.060058689562,33.895243554834,
    57.904166666819));
#2443 = CARTESIAN_POINT('',(-0.192206529609,42.586840259591,
    57.987500000496));
#2444 = CARTESIAN_POINT('',(-21.76662815119,33.895243554824,
    58.070833334164));
#2445 = CARTESIAN_POINT('',(-42.9833718488,-1.599381441733E-11,
    58.237500001158));
#2446 = CARTESIAN_POINT('',(-21.76662815117,-33.89524355485,
    58.404166667496));
#2447 = CARTESIAN_POINT('',(-0.192206529581,-42.5868402596,
    58.487500000496));
#2448 = CARTESIAN_POINT('',(22.060058689588,-33.89524355484,
    58.570833333484));
#2449 = CARTESIAN_POINT('',(32.260676413637,-16.94762177741,
    58.65416666666));
#2450 = CARTESIAN_POINT('',(32.375000000015,3.380477810794E-13,
    58.737499999992));
#2451 = DEFINITIONAL_REPRESENTATION('',(#2452),#2456);
#2452 = LINE('',#2453,#2454);
#2453 = CARTESIAN_POINT('',(4.,0.));
#2454 = VECTOR('',#2455,1.);
#2455 = DIRECTION('',(0.,1.));
#2456 = ( GEOMETRIC_REPRESENTATION_CONTEXT(2) 
PARAMETRIC_REPRESENTATION_CONTEXT() REPRESENTATION_CONTEXT('2D SPACE',''
  ) );
#2457 = ORIENTED_EDGE('',*,*,#2458,.T.);
#2458 = EDGE_CURVE('',#2405,#2459,#2461,.T.);
#2459 = VERTEX_POINT('',#2460);
#2460 = CARTESIAN_POINT('',(31.9,1.694786043733E-14,57.463258622136));
#2461 = SURFACE_CURVE('',#2462,(#2465,#2471),.PCURVE_S1.);
#2462 = B_SPLINE_CURVE_WITH_KNOTS('',1,(#2463,#2464),.UNSPECIFIED.,.F.,
  .F.,(2,2),(4.,5.),.PIECEWISE_BEZIER_KNOTS.);
#2463 = CARTESIAN_POINT('',(32.375,2.054197713841E-13,57.7375));
#2464 = CARTESIAN_POINT('',(31.833734122635,1.42108547152E-14,57.425));
#2465 = PCURVE('',#1948,#2466);
#2466 = DEFINITIONAL_REPRESENTATION('',(#2467),#2470);
#2467 = B_SPLINE_CURVE_WITH_KNOTS('',1,(#2468,#2469),.UNSPECIFIED.,.F.,
  .F.,(2,2),(4.,4.877572409159),.PIECEWISE_BEZIER_KNOTS.);
#2468 = CARTESIAN_POINT('',(4.,0.));
#2469 = CARTESIAN_POINT('',(4.877572409159,0.));
#2470 = ( GEOMETRIC_REPRESENTATION_CONTEXT(2) 
PARAMETRIC_REPRESENTATION_CONTEXT() REPRESENTATION_CONTEXT('2D SPACE',''
  ) );
#2471 = PCURVE('',#2472,#2495);
#2472 = ( BOUNDED_SURFACE() B_SPLINE_SURFACE(1,6,(
    (#2473,#2474,#2475,#2476,#2477,#2478,#2479,#2480,#2481,#2482,#2483)
    ,(#2484,#2485,#2486,#2487,#2488,#2489,#2490,#2491,#2492,#2493,#2494
)),.UNSPECIFIED.,.F.,.F.,.F.) B_SPLINE_SURFACE_WITH_KNOTS((2,2),(7,4,7),
(4.,5.),(0.,0.5,1.),.UNSPECIFIED.) GEOMETRIC_REPRESENTATION_ITEM() 
RATIONAL_B_SPLINE_SURFACE((
    (1.,1.,1.,1.,1.,1.,1.,1.,1.,1.,1.)
,(1.,1.,1.,1.,1.,1.,1.,1.,1.,1.,1.
  ))) REPRESENTATION_ITEM('') SURFACE() );
#2473 = CARTESIAN_POINT('',(32.375,1.06234525423E-13,56.7375));
#2474 = CARTESIAN_POINT('',(32.26067641362,16.94762177742,
    56.820833333333));
#2475 = CARTESIAN_POINT('',(22.060058689568,33.895243554836,
    56.904166666667));
#2476 = CARTESIAN_POINT('',(-0.192206529602,42.586840259599,56.9875));
#2477 = CARTESIAN_POINT('',(-21.76662815119,33.895243554836,
    57.070833333334));
#2478 = CARTESIAN_POINT('',(-42.9833718488,1.532437239714E-12,57.2375));
#2479 = CARTESIAN_POINT('',(-21.76662815119,-33.89524355483,
    57.404166666666));
#2480 = CARTESIAN_POINT('',(-0.192206529601,-42.58684025959,
    57.487500000001));
#2481 = CARTESIAN_POINT('',(22.060058689568,-33.89524355484,
    57.570833333333));
#2482 = CARTESIAN_POINT('',(32.26067641362,-16.94762177741,
    57.654166666667));
#2483 = CARTESIAN_POINT('',(32.375,2.054197713841E-13,57.7375));
#2484 = CARTESIAN_POINT('',(31.833734122635,0.,56.425));
#2485 = CARTESIAN_POINT('',(31.721321870805,16.664280638556,
    56.508333333333));
#2486 = CARTESIAN_POINT('',(21.691244573099,33.328561277113,
    56.591666666667));
#2487 = CARTESIAN_POINT('',(-0.18899309839,41.874846330421,56.675));
#2488 = CARTESIAN_POINT('',(-21.4027197934,33.328561277113,
    56.758333333334));
#2489 = CARTESIAN_POINT('',(-42.26474845186,-2.27282117434E-13,56.925));
#2490 = CARTESIAN_POINT('',(-21.4027197934,-33.32856127711,
    57.091666666666));
#2491 = CARTESIAN_POINT('',(-0.188993098389,-41.87484633042,57.175));
#2492 = CARTESIAN_POINT('',(21.6912445731,-33.32856127711,
    57.258333333333));
#2493 = CARTESIAN_POINT('',(31.721321870804,-16.66428063855,
    57.341666666667));
#2494 = CARTESIAN_POINT('',(31.833734122635,1.42108547152E-14,57.425));
#2495 = DEFINITIONAL_REPRESENTATION('',(#2496),#2500);
#2496 = LINE('',#2497,#2498);
#2497 = CARTESIAN_POINT('',(0.,1.));
#2498 = VECTOR('',#2499,1.);
#2499 = DIRECTION('',(1.,0.));
#2500 = ( GEOMETRIC_REPRESENTATION_CONTEXT(2) 
PARAMETRIC_REPRESENTATION_CONTEXT() REPRESENTATION_CONTEXT('2D SPACE',''
  ) );
#2501 = ORIENTED_EDGE('',*,*,#2502,.T.);
#2502 = EDGE_CURVE('',#2459,#1935,#2503,.T.);
#2503 = SURFACE_CURVE('',#2504,(#2640,#2779),.PCURVE_S1.);
#2504 = B_SPLINE_CURVE_WITH_KNOTS('',8,(#2505,#2506,#2507,#2508,#2509,
    #2510,#2511,#2512,#2513,#2514,#2515,#2516,#2517,#2518,#2519,#2520,
    #2521,#2522,#2523,#2524,#2525,#2526,#2527,#2528,#2529,#2530,#2531,
    #2532,#2533,#2534,#2535,#2536,#2537,#2538,#2539,#2540,#2541,#2542,
    #2543,#2544,#2545,#2546,#2547,#2548,#2549,#2550,#2551,#2552,#2553,
    #2554,#2555,#2556,#2557,#2558,#2559,#2560,#2561,#2562,#2563,#2564,
    #2565,#2566,#2567,#2568,#2569,#2570,#2571,#2572,#2573,#2574,#2575,
    #2576,#2577,#2578,#2579,#2580,#2581,#2582,#2583,#2584,#2585,#2586,
    #2587,#2588,#2589,#2590,#2591,#2592,#2593,#2594,#2595,#2596,#2597,
    #2598,#2599,#2600,#2601,#2602,#2603,#2604,#2605,#2606,#2607,#2608,
    #2609,#2610,#2611,#2612,#2613,#2614,#2615,#2616,#2617,#2618,#2619,
    #2620,#2621,#2622,#2623,#2624,#2625,#2626,#2627,#2628,#2629,#2630,
    #2631,#2632,#2633,#2634,#2635,#2636,#2637,#2638,#2639),
  .UNSPECIFIED.,.F.,.F.,(9,7,7,7,7,7,7,7,7,7,7,7,7,7,7,7,7,7,7,9),(0.,
    1.271098988939E-02,3.94908345531E-02,6.54282369428E-02,
    0.136965091094,0.160245859481,0.233270147794,0.301678342834,
    0.364339530345,0.45154162252,0.500190044519,0.554612468359,
    0.637423396734,0.700359391214,0.767063023002,0.864436903947,
    0.892269301951,0.934184637124,0.987414549061,1.),.UNSPECIFIED.);
#2505 = CARTESIAN_POINT('',(31.9,4.973799150321E-14,57.463258622137));
#2506 = CARTESIAN_POINT('',(31.9,0.318412464623,57.466087704186));
#2507 = CARTESIAN_POINT('',(31.896367693159,0.63683130566,57.46880633134
    ));
#2508 = CARTESIAN_POINT('',(31.889102844947,0.955207281625,
    57.471420550497));
#2509 = CARTESIAN_POINT('',(31.878206028849,1.273491273616,
    57.473936209968));
#2510 = CARTESIAN_POINT('',(31.863678626365,1.59163428532,
    57.476358959481));
#2511 = CARTESIAN_POINT('',(31.845522827008,1.909587443009,
    57.478694250177));
#2512 = CARTESIAN_POINT('',(31.823741628307,2.227301995542,
    57.480947334613));
#2513 = CARTESIAN_POINT('',(31.744819570729,3.213493459726,
    57.487707577299));
#2514 = CARTESIAN_POINT('',(31.675224962989,3.880983078472,
    57.49194941392));
#2515 = CARTESIAN_POINT('',(31.589590613977,4.546742423488,
    57.495896059683));
#2516 = CARTESIAN_POINT('',(31.487967558875,5.210319003474,
    57.499590778376));
#2517 = CARTESIAN_POINT('',(31.370422112485,5.871263570454,
    57.503072908713));
#2518 = CARTESIAN_POINT('',(31.237035715048,6.529130107287,
    57.506377958528));
#2519 = CARTESIAN_POINT('',(31.087904778072,7.18347581517,
    57.509537698973));
#2520 = CARTESIAN_POINT('',(30.76355944777,8.463786520164,
    57.515527105396));
#2521 = CARTESIAN_POINT('',(30.589312888241,9.089997909854,
    57.518364039622));
#2522 = CARTESIAN_POINT('',(30.400502107287,9.71209561221,
    57.521116676629));
#2523 = CARTESIAN_POINT('',(30.197241056683,10.329684360557,
    57.523807460783));
#2524 = CARTESIAN_POINT('',(29.979656367776,10.942373285264,
    57.526455864291));
#2525 = CARTESIAN_POINT('',(29.747887334998,11.549775919456,
    57.529078585905));
#2526 = CARTESIAN_POINT('',(29.502085899379,12.151510204718,
    57.531689749627));
#2527 = CARTESIAN_POINT('',(28.526233792131,14.390141218314,
    57.541503368019));
#2528 = CARTESIAN_POINT('',(27.704506553758,15.987215565358,
    57.548707626046));
#2529 = CARTESIAN_POINT('',(26.780730053418,17.530333979513,
    57.556160257663));
#2530 = CARTESIAN_POINT('',(25.759096385173,19.011910476245,
    57.563972185959));
#2531 = CARTESIAN_POINT('',(24.644415259876,20.424810702567,
    57.572157012563));
#2532 = CARTESIAN_POINT('',(23.442087026526,21.76233609921,
    57.580671360032));
#2533 = CARTESIAN_POINT('',(22.158125854183,23.018245123403,
    57.589448290708));
#2534 = CARTESIAN_POINT('',(20.356995612564,24.567110673499,
    57.601332667499));
#2535 = CARTESIAN_POINT('',(19.906813149703,24.938166217621,
    57.604270806786));
#2536 = CARTESIAN_POINT('',(19.448909441056,25.299786826243,
    57.607226595742));
#2537 = CARTESIAN_POINT('',(18.98351558029,25.651785256821,
    57.610197510908));
#2538 = CARTESIAN_POINT('',(18.510867786442,25.993981310435,
    57.613181050101));
#2539 = CARTESIAN_POINT('',(18.031207392362,26.326201823444,
    57.616174783302));
#2540 = CARTESIAN_POINT('',(17.544780833142,26.648280659148,
    57.619176403561));
#2541 = CARTESIAN_POINT('',(15.505641518988,27.938006210753,
    57.631616944644));
#2542 = CARTESIAN_POINT('',(13.895225078143,28.814684105032,
    57.641107610369));
#2543 = CARTESIAN_POINT('',(12.22850035256,29.585052714888,
    57.650587892892));
#2544 = CARTESIAN_POINT('',(10.513694563026,30.244952376424,
    57.660008458541));
#2545 = CARTESIAN_POINT('',(8.759312646526,30.791005571959,
    57.669344081406));
#2546 = CARTESIAN_POINT('',(6.97412082345,31.220585541781,
    57.678592978925));
#2547 = CARTESIAN_POINT('',(5.16715319604,31.531851364918,
    57.687769923785));
#2548 = CARTESIAN_POINT('',(1.643340262057,31.903710850773,
    57.705439634029));
#2549 = CARTESIAN_POINT('',(-7.22072162055E-02,31.978930380372,
    57.713940303158));
#2550 = CARTESIAN_POINT('',(-1.791255572292,31.948679763795,
    57.722410624755));
#2551 = CARTESIAN_POINT('',(-3.506230577152,31.812839355606,
    57.730872519872));
#2552 = CARTESIAN_POINT('',(-5.209624921795,31.571926476898,
    57.739346435465));
#2553 = CARTESIAN_POINT('',(-6.893998997512,31.227071236424,
    57.747846201803));
#2554 = CARTESIAN_POINT('',(-8.551986791626,30.780039894831,
    57.756376657216));
#2555 = CARTESIAN_POINT('',(-11.66416704115,29.732503063025,
    57.772772513027));
#2556 = CARTESIAN_POINT('',(-13.12392318095,29.147997495751,
    57.780634320396));
#2557 = CARTESIAN_POINT('',(-14.54998784167,28.481656456606,
    57.788516982742));
#2558 = CARTESIAN_POINT('',(-15.93701667413,27.735777720605,
    57.796412647039));
#2559 = CARTESIAN_POINT('',(-17.27988879754,26.913051538526,
    57.804309685431));
#2560 = CARTESIAN_POINT('',(-18.57370129331,26.016547380444,
    57.812194970491));
#2561 = CARTESIAN_POINT('',(-19.81377785176,25.049725335608,
    57.820056827101));
#2562 = CARTESIAN_POINT('',(-22.64049520911,22.578551160713,
    57.838787788825));
#2563 = CARTESIAN_POINT('',(-24.17300882804,21.011665761904,
    57.849630975553));
#2564 = CARTESIAN_POINT('',(-25.58103459049,19.326361559118,
    57.860398768807));
#2565 = CARTESIAN_POINT('',(-26.8540089158,17.534301561826,
    57.871091904619));
#2566 = CARTESIAN_POINT('',(-27.98276803527,15.648075979942,
    57.88174523337));
#2567 = CARTESIAN_POINT('',(-28.9594701602,13.68113843579,
    57.892428380275));
#2568 = CARTESIAN_POINT('',(-29.77768537699,11.647851670623,
    57.903218352197));
#2569 = CARTESIAN_POINT('',(-30.79806496307,8.400875041078,
    57.920216318656));
#2570 = CARTESIAN_POINT('',(-31.11269898231,7.222151173775,
    57.926341663589));
#2571 = CARTESIAN_POINT('',(-31.37574269787,6.030066184162,
    57.932508023766));
#2572 = CARTESIAN_POINT('',(-31.5865445098,4.827258939415,
    57.938712860589));
#2573 = CARTESIAN_POINT('',(-31.7446156513,3.616393386829,
    57.944944333513));
#2574 = CARTESIAN_POINT('',(-31.84962707622,2.400157693388,
    57.951176899522));
#2575 = CARTESIAN_POINT('',(-31.90141254387,1.181264332078,
    57.957366589213));
#2576 = CARTESIAN_POINT('',(-31.8983729826,-1.401021054595,
    57.970246880242));
#2577 = CARTESIAN_POINT('',(-31.83016494364,-2.76445108143,
    57.976913734733));
#2578 = CARTESIAN_POINT('',(-31.69535227407,-4.123992081765,
    57.983539545032));
#2579 = CARTESIAN_POINT('',(-31.49420642102,-5.475844647838,
    57.990180465846));
#2580 = CARTESIAN_POINT('',(-31.22725297771,-6.81625391738,
    57.996865234044));
#2581 = CARTESIAN_POINT('',(-30.89526510083,-8.141508891948,
    58.003603446685));
#2582 = CARTESIAN_POINT('',(-30.49926915611,-9.44794400417,
    58.010392667511));
#2583 = CARTESIAN_POINT('',(-29.34257978086,-12.68571742424,
    58.027619690097));
#2584 = CARTESIAN_POINT('',(-28.49928603702,-14.58785865959,
    58.038114937465));
#2585 = CARTESIAN_POINT('',(-27.51525105752,-16.42538152636,
    58.048678640749));
#2586 = CARTESIAN_POINT('',(-26.39636972079,-18.18617894447,
    58.059247101032));
#2587 = CARTESIAN_POINT('',(-25.14966769416,-19.85891295883,
    58.069769898407));
#2588 = CARTESIAN_POINT('',(-23.7832362725,-21.43297940124,
    58.08022548323));
#2589 = CARTESIAN_POINT('',(-22.3062888451,-22.89855660464,
    58.090617088015));
#2590 = CARTESIAN_POINT('',(-19.53084964492,-25.27136954356,
    58.108819173361));
#2591 = CARTESIAN_POINT('',(-18.2744356008,-26.22833257821,
    58.116651711125));
#2592 = CARTESIAN_POINT('',(-16.96461854476,-27.11374837938,
    58.124463379723));
#2593 = CARTESIAN_POINT('',(-15.60617669463,-27.92416507465,
    58.132266356434));
#2594 = CARTESIAN_POINT('',(-14.20411416673,-28.6565310778,
    58.140074170047));
#2595 = CARTESIAN_POINT('',(-12.76365216948,-29.30818330549,
    58.147898266048));
#2596 = CARTESIAN_POINT('',(-11.29023442112,-29.87686082841,
    58.155745400362));
#2597 = CARTESIAN_POINT('',(-8.199021116623,-30.87359454907,
    58.171957484858));
#2598 = CARTESIAN_POINT('',(-6.57770420111,-31.29124562396,
    58.180326148142));
#2599 = CARTESIAN_POINT('',(-4.93236922836,-31.6114939698,
    58.188722508454));
#2600 = CARTESIAN_POINT('',(-3.269860517118,-31.83277354501,
    58.197140473932));
#2601 = CARTESIAN_POINT('',(-1.597084195589,-31.95409422834,
    58.205566667801));
#2602 = CARTESIAN_POINT('',(7.8996740523E-02,-31.97502156014,
    58.21398219336));
#2603 = CARTESIAN_POINT('',(1.751362986256,-31.89569747472,
    58.222366700091));
#2604 = CARTESIAN_POINT('',(5.838496065107,-31.45589664107,
    58.242876627314));
#2605 = CARTESIAN_POINT('',(8.241832603445,-30.98283301783,
    58.254953312719));
#2606 = CARTESIAN_POINT('',(10.600420496212,-30.29995346609,
    58.266883490807));
#2607 = CARTESIAN_POINT('',(12.892953422232,-29.41248225814,
    58.278643061441));
#2608 = CARTESIAN_POINT('',(15.099108194193,-28.32795523879,
    58.290265645688));
#2609 = CARTESIAN_POINT('',(17.199570312436,-27.05621116389,
    58.301878985668));
#2610 = CARTESIAN_POINT('',(19.17605877521,-25.60937791679,
    58.313687063129));
#2611 = CARTESIAN_POINT('',(21.53632795855,-23.54321147376,
    58.329345841189));
#2612 = CARTESIAN_POINT('',(22.049524497933,-23.07081070772,
    58.332857142695));
#2613 = CARTESIAN_POINT('',(22.550864507682,-22.58563780105,
    58.336403087475));
#2614 = CARTESIAN_POINT('',(23.03997752625,-22.08804070882,
    58.339987749375));
#2615 = CARTESIAN_POINT('',(23.516505927005,-21.57837969346,
    58.343614862595));
#2616 = CARTESIAN_POINT('',(23.980104929457,-21.0570273081,
    58.347287576535));
#2617 = CARTESIAN_POINT('',(24.430442610494,-20.52436837981,
    58.351008210647));
#2618 = CARTESIAN_POINT('',(25.524952396427,-19.16219100622,
    58.360455291318));
#2619 = CARTESIAN_POINT('',(26.151911784497,-18.31883035286,
    58.366244130573));
#2620 = CARTESIAN_POINT('',(26.746982801049,-17.45207965362,
    58.372148616337));
#2621 = CARTESIAN_POINT('',(27.309151292457,-16.56334978271,
    58.378167272128));
#2622 = CARTESIAN_POINT('',(27.8374809504,-15.65409868145,
    58.384290601893));
#2623 = CARTESIAN_POINT('',(28.331112224359,-14.72583050058,
    58.39049853441));
#2624 = CARTESIAN_POINT('',(28.789263426488,-13.78009607138,
    58.39675776585));
#2625 = CARTESIAN_POINT('',(29.747110884135,-11.59731978663,
    58.410970385624));
#2626 = CARTESIAN_POINT('',(30.224653355181,-10.35051980267,
    58.418925305575));
#2627 = CARTESIAN_POINT('',(30.642416932541,-9.08137650267,
    58.426782562297));
#2628 = CARTESIAN_POINT('',(30.999197414837,-7.793237260429,
    58.434400748684));
#2629 = CARTESIAN_POINT('',(31.294016935624,-6.489510816037,
    58.441588503168));
#2630 = CARTESIAN_POINT('',(31.526120394587,-5.173665656003,
    58.448097804103));
#2631 = CARTESIAN_POINT('',(31.694982293068,-3.84923103197,
    58.453620303989));
#2632 = CARTESIAN_POINT('',(31.82523050687,-2.205475821191,
    58.458771789075));
#2633 = CARTESIAN_POINT('',(31.846586234599,-1.890870727697,
    58.459681073781));
#2634 = CARTESIAN_POINT('',(31.864387450067,-1.576032439274,
    58.460509678038));
#2635 = CARTESIAN_POINT('',(31.878631216278,-1.26100817719,
    58.461252535321));
#2636 = CARTESIAN_POINT('',(31.889315366277,-0.945845282211,
    58.461904392189));
#2637 = CARTESIAN_POINT('',(31.896438503144,-0.630591214599,
    58.462459808283));
#2638 = CARTESIAN_POINT('',(31.9,-0.31529355411,58.462913156327));
#2639 = CARTESIAN_POINT('',(31.9,3.907985046681E-14,58.463258622128));
#2640 = PCURVE('',#1948,#2641);
#2641 = DEFINITIONAL_REPRESENTATION('',(#2642),#2778);
#2642 = B_SPLINE_CURVE_WITH_KNOTS('',8,(#2643,#2644,#2645,#2646,#2647,
    #2648,#2649,#2650,#2651,#2652,#2653,#2654,#2655,#2656,#2657,#2658,
    #2659,#2660,#2661,#2662,#2663,#2664,#2665,#2666,#2667,#2668,#2669,
    #2670,#2671,#2672,#2673,#2674,#2675,#2676,#2677,#2678,#2679,#2680,
    #2681,#2682,#2683,#2684,#2685,#2686,#2687,#2688,#2689,#2690,#2691,
    #2692,#2693,#2694,#2695,#2696,#2697,#2698,#2699,#2700,#2701,#2702,
    #2703,#2704,#2705,#2706,#2707,#2708,#2709,#2710,#2711,#2712,#2713,
    #2714,#2715,#2716,#2717,#2718,#2719,#2720,#2721,#2722,#2723,#2724,
    #2725,#2726,#2727,#2728,#2729,#2730,#2731,#2732,#2733,#2734,#2735,
    #2736,#2737,#2738,#2739,#2740,#2741,#2742,#2743,#2744,#2745,#2746,
    #2747,#2748,#2749,#2750,#2751,#2752,#2753,#2754,#2755,#2756,#2757,
    #2758,#2759,#2760,#2761,#2762,#2763,#2764,#2765,#2766,#2767,#2768,
    #2769,#2770,#2771,#2772,#2773,#2774,#2775,#2776,#2777),
  .UNSPECIFIED.,.F.,.F.,(9,7,7,7,7,7,7,7,7,7,7,7,7,7,7,7,7,7,7,9),(0.,
    1.271098988939E-02,3.94908345531E-02,6.54282369428E-02,
    0.136965091094,0.160245859481,0.233270147794,0.301678342834,
    0.364339530345,0.45154162252,0.500190044519,0.554612468359,
    0.637423396734,0.700359391214,0.767063023002,0.864436903947,
    0.892269301951,0.934184637124,0.987414549061,1.),.UNSPECIFIED.);
#2643 = CARTESIAN_POINT('',(4.877572409159,0.));
#2644 = CARTESIAN_POINT('',(4.873604090965,1.588982613113E-03));
#2645 = CARTESIAN_POINT('',(4.869988548052,3.177752607006E-03));
#2646 = CARTESIAN_POINT('',(4.866706527624,4.766340379912E-03));
#2647 = CARTESIAN_POINT('',(4.863739405044,6.354774045249E-03));
#2648 = CARTESIAN_POINT('',(4.86106918384,7.943079431618E-03));
#2649 = CARTESIAN_POINT('',(4.858678495697,9.531280082807E-03));
#2650 = CARTESIAN_POINT('',(4.856550600463,1.111939725779E-02));
#2651 = CARTESIAN_POINT('',(4.850705994812,1.605320067624E-02));
#2652 = CARTESIAN_POINT('',(4.847837612788,1.939866791363E-02));
#2653 = CARTESIAN_POINT('',(4.845913491102,2.274402564862E-02));
#2654 = CARTESIAN_POINT('',(4.844795628437,2.608941225766E-02));
#2655 = CARTESIAN_POINT('',(4.844358479348,2.943493350203E-02));
#2656 = CARTESIAN_POINT('',(4.844488662476,3.278066554219E-02));
#2657 = CARTESIAN_POINT('',(4.845084668769,3.61266579519E-02));
#2658 = CARTESIAN_POINT('',(4.846997896499,4.271394803523E-02));
#2659 = CARTESIAN_POINT('',(4.848291821518,4.595523382749E-02));
#2660 = CARTESIAN_POINT('',(4.849856444098,4.919681538751E-02));
#2661 = CARTESIAN_POINT('',(4.851619969725,5.243870129678E-02));
#2662 = CARTESIAN_POINT('',(4.8535200767,5.568088823129E-02));
#2663 = CARTESIAN_POINT('',(4.855503282815,5.892336175287E-02));
#2664 = CARTESIAN_POINT('',(4.857524312029,6.216609710046E-02));
#2665 = CARTESIAN_POINT('',(4.865119907135,7.43533389476E-02));
#2666 = CARTESIAN_POINT('',(4.870695648391,8.330001610463E-02));
#2667 = CARTESIAN_POINT('',(4.875479261963,9.224752694824E-02));
#2668 = CARTESIAN_POINT('',(4.879112785674,0.101194931388));
#2669 = CARTESIAN_POINT('',(4.881551134051,0.110141741842));
#2670 = CARTESIAN_POINT('',(4.882932468577,0.119087756332));
#2671 = CARTESIAN_POINT('',(4.883470204919,0.128032729595));
#2672 = CARTESIAN_POINT('',(4.883370976006,0.139886097323));
#2673 = CARTESIAN_POINT('',(4.883281711041,0.142796341302));
#2674 = CARTESIAN_POINT('',(4.883135511517,0.145706442899));
#2675 = CARTESIAN_POINT('',(4.882940458488,0.148616403987));
#2676 = CARTESIAN_POINT('',(4.882704578664,0.151526230727));
#2677 = CARTESIAN_POINT('',(4.882435675541,0.154435931695));
#2678 = CARTESIAN_POINT('',(4.882141160527,0.157345516005));
#2679 = CARTESIAN_POINT('',(4.880845236511,0.169381080801));
#2680 = CARTESIAN_POINT('',(4.879677450261,0.178506813298));
#2681 = CARTESIAN_POINT('',(4.878539535474,0.187631497424));
#2682 = CARTESIAN_POINT('',(4.877590592838,0.196755518472));
#2683 = CARTESIAN_POINT('',(4.876914095997,0.205879736048));
#2684 = CARTESIAN_POINT('',(4.876518219821,0.215004922234));
#2685 = CARTESIAN_POINT('',(4.876356214515,0.224131240408));
#2686 = CARTESIAN_POINT('',(4.876376765887,0.241807372901));
#2687 = CARTESIAN_POINT('',(4.876537530233,0.250358280862));
#2688 = CARTESIAN_POINT('',(4.87679746259,0.258909831293));
#2689 = CARTESIAN_POINT('',(4.877086071647,0.267461916715));
#2690 = CARTESIAN_POINT('',(4.877338307081,0.276014655855));
#2691 = CARTESIAN_POINT('',(4.877510035007,0.284568087143));
#2692 = CARTESIAN_POINT('',(4.877584712634,0.293121879288));
#2693 = CARTESIAN_POINT('',(4.877558941593,0.309509681601));
#2694 = CARTESIAN_POINT('',(4.877472711997,0.317344542199));
#2695 = CARTESIAN_POINT('',(4.87731839245,0.325178979665));
#2696 = CARTESIAN_POINT('',(4.877120438676,0.333012783386));
#2697 = CARTESIAN_POINT('',(4.876916248454,0.340846012312));
#2698 = CARTESIAN_POINT('',(4.876748249501,0.348678797679));
#2699 = CARTESIAN_POINT('',(4.876653769823,0.356511129371));
#2700 = CARTESIAN_POINT('',(4.87665118852,0.375241284394));
#2701 = CARTESIAN_POINT('',(4.87683098438,0.386140657304));
#2702 = CARTESIAN_POINT('',(4.877246966511,0.397038444953));
#2703 = CARTESIAN_POINT('',(4.877898382683,0.407935148298));
#2704 = CARTESIAN_POINT('',(4.878678381452,0.418832226648));
#2705 = CARTESIAN_POINT('',(4.879368563883,0.429731055547));
#2706 = CARTESIAN_POINT('',(4.879723354596,0.440631899555));
#2707 = CARTESIAN_POINT('',(4.879669836068,0.457613141457));
#2708 = CARTESIAN_POINT('',(4.879529388402,0.46369459649));
#2709 = CARTESIAN_POINT('',(4.879258575972,0.469776327778));
#2710 = CARTESIAN_POINT('',(4.878865343215,0.475858279362));
#2711 = CARTESIAN_POINT('',(4.878387502387,0.481940427024));
#2712 = CARTESIAN_POINT('',(4.877906661058,0.488022730117));
#2713 = CARTESIAN_POINT('',(4.877563235937,0.494105099457));
#2714 = CARTESIAN_POINT('',(4.877582975943,0.506991559237));
#2715 = CARTESIAN_POINT('',(4.878022985046,0.513795916574));
#2716 = CARTESIAN_POINT('',(4.878593992599,0.520600166736));
#2717 = CARTESIAN_POINT('',(4.879115827315,0.527404160902));
#2718 = CARTESIAN_POINT('',(4.879496387343,0.534207854113));
#2719 = CARTESIAN_POINT('',(4.879704950697,0.541011242807));
#2720 = CARTESIAN_POINT('',(4.879749143099,0.547814273764));
#2721 = CARTESIAN_POINT('',(4.879513169135,0.564967554505));
#2722 = CARTESIAN_POINT('',(4.879052069096,0.575318708124));
#2723 = CARTESIAN_POINT('',(4.878366718633,0.585668239403));
#2724 = CARTESIAN_POINT('',(4.877661902193,0.596016444566));
#2725 = CARTESIAN_POINT('',(4.877102627556,0.606364468636));
#2726 = CARTESIAN_POINT('',(4.876761608882,0.616713485144));
#2727 = CARTESIAN_POINT('',(4.876629740737,0.627063881157));
#2728 = CARTESIAN_POINT('',(4.876674136052,0.645279840082));
#2729 = CARTESIAN_POINT('',(4.876783854874,0.653146664997));
#2730 = CARTESIAN_POINT('',(4.876961839221,0.661013953725));
#2731 = CARTESIAN_POINT('',(4.877169047872,0.66888168316));
#2732 = CARTESIAN_POINT('',(4.877362579144,0.676749975317));
#2733 = CARTESIAN_POINT('',(4.877505969802,0.684618880921));
#2734 = CARTESIAN_POINT('',(4.877576894726,0.692488179296));
#2735 = CARTESIAN_POINT('',(4.877567363001,0.708697285176));
#2736 = CARTESIAN_POINT('',(4.877477545181,0.717037880417));
#2737 = CARTESIAN_POINT('',(4.877297916869,0.725378106906));
#2738 = CARTESIAN_POINT('',(4.877047006241,0.733717662839));
#2739 = CARTESIAN_POINT('',(4.876767717138,0.74205657889));
#2740 = CARTESIAN_POINT('',(4.876520862751,0.750394962478));
#2741 = CARTESIAN_POINT('',(4.876371282532,0.758732725417));
#2742 = CARTESIAN_POINT('',(4.876359622603,0.779239008975));
#2743 = CARTESIAN_POINT('',(4.876661626246,0.791410070555));
#2744 = CARTESIAN_POINT('',(4.877423214585,0.803578245037));
#2745 = CARTESIAN_POINT('',(4.878724254252,0.815744390602));
#2746 = CARTESIAN_POINT('',(4.88046511309,0.82791099327));
#2747 = CARTESIAN_POINT('',(4.882245459882,0.840080691655));
#2748 = CARTESIAN_POINT('',(4.883415524259,0.852254414264));
#2749 = CARTESIAN_POINT('',(4.883396064125,0.867907111069));
#2750 = CARTESIAN_POINT('',(4.883294877979,0.871386791913));
#2751 = CARTESIAN_POINT('',(4.883083461726,0.874866669121));
#2752 = CARTESIAN_POINT('',(4.882748753824,0.878346734809));
#2753 = CARTESIAN_POINT('',(4.882278773224,0.881826979099));
#2754 = CARTESIAN_POINT('',(4.881663391602,0.885307386289));
#2755 = CARTESIAN_POINT('',(4.880895105589,0.888787931029));
#2756 = CARTESIAN_POINT('',(4.87857632086,0.897510391489));
#2757 = CARTESIAN_POINT('',(4.876826750664,0.902752490067));
#2758 = CARTESIAN_POINT('',(4.874707471808,0.907994701199));
#2759 = CARTESIAN_POINT('',(4.872222773409,0.913236888748));
#2760 = CARTESIAN_POINT('',(4.869402628451,0.918478923222));
#2761 = CARTESIAN_POINT('',(4.866310813931,0.923720663709));
#2762 = CARTESIAN_POINT('',(4.86305338301,0.928961947993));
#2763 = CARTESIAN_POINT('',(4.855640003756,0.940857886766));
#2764 = CARTESIAN_POINT('',(4.851478516589,0.947512341984));
#2765 = CARTESIAN_POINT('',(4.847625502313,0.954165531751));
#2766 = CARTESIAN_POINT('',(4.844532951384,0.960817295979));
#2767 = CARTESIAN_POINT('',(4.842813548898,0.96746773719));
#2768 = CARTESIAN_POINT('',(4.84326226515,0.974117261958));
#2769 = CARTESIAN_POINT('',(4.84686835792,0.980766665837));
#2770 = CARTESIAN_POINT('',(4.856697315116,0.988989700049));
#2771 = CARTESIAN_POINT('',(4.858819636265,0.990562210114));
#2772 = CARTESIAN_POINT('',(4.861200425659,0.992134811057));
#2773 = CARTESIAN_POINT('',(4.863855964197,0.993707524133));
#2774 = CARTESIAN_POINT('',(4.866803137965,0.995280372804));
#2775 = CARTESIAN_POINT('',(4.870059438225,0.996853382729));
#2776 = CARTESIAN_POINT('',(4.873642961423,0.998426581773));
#2777 = CARTESIAN_POINT('',(4.877572409187,1.));
#2778 = ( GEOMETRIC_REPRESENTATION_CONTEXT(2) 
PARAMETRIC_REPRESENTATION_CONTEXT() REPRESENTATION_CONTEXT('2D SPACE',''
  ) );
#2779 = PCURVE('',#2780,#2785);
#2780 = CYLINDRICAL_SURFACE('',#2781,31.9);
#2781 = AXIS2_PLACEMENT_3D('',#2782,#2783,#2784);
#2782 = CARTESIAN_POINT('',(0.,0.,56.));
#2783 = DIRECTION('',(0.,0.,1.));
#2784 = DIRECTION('',(1.,0.,-0.));
#2785 = DEFINITIONAL_REPRESENTATION('',(#2786),#2922);
#2786 = B_SPLINE_CURVE_WITH_KNOTS('',8,(#2787,#2788,#2789,#2790,#2791,
    #2792,#2793,#2794,#2795,#2796,#2797,#2798,#2799,#2800,#2801,#2802,
    #2803,#2804,#2805,#2806,#2807,#2808,#2809,#2810,#2811,#2812,#2813,
    #2814,#2815,#2816,#2817,#2818,#2819,#2820,#2821,#2822,#2823,#2824,
    #2825,#2826,#2827,#2828,#2829,#2830,#2831,#2832,#2833,#2834,#2835,
    #2836,#2837,#2838,#2839,#2840,#2841,#2842,#2843,#2844,#2845,#2846,
    #2847,#2848,#2849,#2850,#2851,#2852,#2853,#2854,#2855,#2856,#2857,
    #2858,#2859,#2860,#2861,#2862,#2863,#2864,#2865,#2866,#2867,#2868,
    #2869,#2870,#2871,#2872,#2873,#2874,#2875,#2876,#2877,#2878,#2879,
    #2880,#2881,#2882,#2883,#2884,#2885,#2886,#2887,#2888,#2889,#2890,
    #2891,#2892,#2893,#2894,#2895,#2896,#2897,#2898,#2899,#2900,#2901,
    #2902,#2903,#2904,#2905,#2906,#2907,#2908,#2909,#2910,#2911,#2912,
    #2913,#2914,#2915,#2916,#2917,#2918,#2919,#2920,#2921),
  .UNSPECIFIED.,.F.,.F.,(9,7,7,7,7,7,7,7,7,7,7,7,7,7,7,7,7,7,7,9),(0.,
    1.271098988939E-02,3.94908345531E-02,6.54282369428E-02,
    0.136965091094,0.160245859481,0.233270147794,0.301678342834,
    0.364339530345,0.45154162252,0.500190044519,0.554612468359,
    0.637423396734,0.700359391214,0.767063023002,0.864436903947,
    0.892269301951,0.934184637124,0.987414549061,1.),.UNSPECIFIED.);
#2787 = CARTESIAN_POINT('',(0.,1.463258622137));
#2788 = CARTESIAN_POINT('',(9.981581963096E-03,1.466087704186));
#2789 = CARTESIAN_POINT('',(1.996336329215E-02,1.46880633134));
#2790 = CARTESIAN_POINT('',(2.99453168396E-02,1.471420550497));
#2791 = CARTESIAN_POINT('',(3.992741846354E-02,1.473936209968));
#2792 = CARTESIAN_POINT('',(4.990964702765E-02,1.476358959481));
#2793 = CARTESIAN_POINT('',(5.989198440127E-02,1.478694250177));
#2794 = CARTESIAN_POINT('',(6.987441545934E-02,1.480947334613));
#2795 = CARTESIAN_POINT('',(0.100888345755,1.487707577299));
#2796 = CARTESIAN_POINT('',(0.121920136296,1.49194941392));
#2797 = CARTESIAN_POINT('',(0.142952145386,1.495896059683));
#2798 = CARTESIAN_POINT('',(0.163984282868,1.499590778376));
#2799 = CARTESIAN_POINT('',(0.185016502288,1.503072908713));
#2800 = CARTESIAN_POINT('',(0.20604878044,1.506377958528));
#2801 = CARTESIAN_POINT('',(0.227081096917,1.509537698973));
#2802 = CARTESIAN_POINT('',(0.268484094253,1.515527105396));
#2803 = CARTESIAN_POINT('',(0.28885481209,1.518364039622));
#2804 = CARTESIAN_POINT('',(0.309225523754,1.521116676629));
#2805 = CARTESIAN_POINT('',(0.329596221625,1.523807460783));
#2806 = CARTESIAN_POINT('',(0.349966917033,1.526455864291));
#2807 = CARTESIAN_POINT('',(0.370337623428,1.529078585905));
#2808 = CARTESIAN_POINT('',(0.390708339539,1.531689749627));
#2809 = CARTESIAN_POINT('',(0.467262580653,1.541503368019));
#2810 = CARTESIAN_POINT('',(0.523450151788,1.548707626046));
#2811 = CARTESIAN_POINT('',(0.5796357994,1.556160257663));
#2812 = CARTESIAN_POINT('',(0.635819426719,1.563972185959));
#2813 = CARTESIAN_POINT('',(0.692003026529,1.572157012563));
#2814 = CARTESIAN_POINT('',(0.748188587437,1.580671360032));
#2815 = CARTESIAN_POINT('',(0.804376000132,1.589448290708));
#2816 = CARTESIAN_POINT('',(0.878843443643,1.601332667499));
#2817 = CARTESIAN_POINT('',(0.897127609139,1.604270806786));
#2818 = CARTESIAN_POINT('',(0.915411766159,1.607226595742));
#2819 = CARTESIAN_POINT('',(0.933695909296,1.610197510908));
#2820 = CARTESIAN_POINT('',(0.95198004532,1.613181050101));
#2821 = CARTESIAN_POINT('',(0.970264183323,1.616174783302));
#2822 = CARTESIAN_POINT('',(0.988548324872,1.619176403561));
#2823 = CARTESIAN_POINT('',(1.064183891429,1.631616944644));
#2824 = CARTESIAN_POINT('',(1.121539691833,1.641107610369));
#2825 = CARTESIAN_POINT('',(1.17889354891,1.650587892892));
#2826 = CARTESIAN_POINT('',(1.236244991984,1.660008458541));
#2827 = CARTESIAN_POINT('',(1.293596464508,1.669344081406));
#2828 = CARTESIAN_POINT('',(1.350950402796,1.678592978925));
#2829 = CARTESIAN_POINT('',(1.40830631513,1.687769923785));
#2830 = CARTESIAN_POINT('',(1.51938403705,1.705439634029));
#2831 = CARTESIAN_POINT('',(1.573113412252,1.713940303158));
#2832 = CARTESIAN_POINT('',(1.626841391363,1.722410624755));
#2833 = CARTESIAN_POINT('',(1.680567610056,1.730872519872));
#2834 = CARTESIAN_POINT('',(1.734293823622,1.739346435465));
#2835 = CARTESIAN_POINT('',(1.788021792078,1.747846201803));
#2836 = CARTESIAN_POINT('',(1.841751161922,1.756376657216));
#2837 = CARTESIAN_POINT('',(1.944689963024,1.772772513027));
#2838 = CARTESIAN_POINT('',(1.993904634793,1.780634320396));
#2839 = CARTESIAN_POINT('',(2.043118388298,1.788516982742));
#2840 = CARTESIAN_POINT('',(2.092330995586,1.796412647039));
#2841 = CARTESIAN_POINT('',(2.141543601329,1.804309685431));
#2842 = CARTESIAN_POINT('',(2.190757351739,1.812194970491));
#2843 = CARTESIAN_POINT('',(2.239972023357,1.820056827101));
#2844 = CARTESIAN_POINT('',(2.357671131599,1.838787788825));
#2845 = CARTESIAN_POINT('',(2.426168312771,1.849630975553));
#2846 = CARTESIAN_POINT('',(2.494660212733,1.860398768807));
#2847 = CARTESIAN_POINT('',(2.563147029261,1.871091904619));
#2848 = CARTESIAN_POINT('',(2.631633855462,1.88174523337));
#2849 = CARTESIAN_POINT('',(2.700125779913,1.892428380275));
#2850 = CARTESIAN_POINT('',(2.76862298529,1.903218352197));
#2851 = CARTESIAN_POINT('',(2.875316786026,1.920216318656));
#2852 = CARTESIAN_POINT('',(2.913524691333,1.926341663589));
#2853 = CARTESIAN_POINT('',(2.951732324954,1.932508023766));
#2854 = CARTESIAN_POINT('',(2.989939620618,1.938712860589));
#2855 = CARTESIAN_POINT('',(3.02814690618,1.944944333513));
#2856 = CARTESIAN_POINT('',(3.066354514921,1.951176899522));
#2857 = CARTESIAN_POINT('',(3.104562397547,1.957366589213));
#2858 = CARTESIAN_POINT('',(3.185511838788,1.970246880242));
#2859 = CARTESIAN_POINT('',(3.228255071584,1.976913734733));
#2860 = CARTESIAN_POINT('',(3.270997862788,1.983539545032));
#2861 = CARTESIAN_POINT('',(3.313740053813,1.990180465846));
#2862 = CARTESIAN_POINT('',(3.35648220079,1.996865234045));
#2863 = CARTESIAN_POINT('',(3.399224883676,2.003603446685));
#2864 = CARTESIAN_POINT('',(3.441968021663,2.010392667511));
#2865 = CARTESIAN_POINT('',(3.549748074387,2.027619690097));
#2866 = CARTESIAN_POINT('',(3.614794187596,2.038114937465));
#2867 = CARTESIAN_POINT('',(3.679836210969,2.048678640749));
#2868 = CARTESIAN_POINT('',(3.744874225582,2.059247101032));
#2869 = CARTESIAN_POINT('',(3.809912255006,2.069769898407));
#2870 = CARTESIAN_POINT('',(3.874954314007,2.08022548323));
#2871 = CARTESIAN_POINT('',(3.940000462049,2.090617088015));
#2872 = CARTESIAN_POINT('',(4.054466910314,2.108819173361));
#2873 = CARTESIAN_POINT('',(4.103897575491,2.116651711125));
#2874 = CARTESIAN_POINT('',(4.153327313202,2.124463379723));
#2875 = CARTESIAN_POINT('',(4.202755885951,2.132266356434));
#2876 = CARTESIAN_POINT('',(4.252184456901,2.140074170047));
#2877 = CARTESIAN_POINT('',(4.301614190019,2.147898266048));
#2878 = CARTESIAN_POINT('',(4.351044850106,2.155745400362));
#2879 = CARTESIAN_POINT('',(4.452860975194,2.171957484858));
#2880 = CARTESIAN_POINT('',(4.505251352821,2.180326148142));
#2881 = CARTESIAN_POINT('',(4.557640483599,2.188722508454));
#2882 = CARTESIAN_POINT('',(4.610028051715,2.197140473932));
#2883 = CARTESIAN_POINT('',(4.662415614939,2.205566667801));
#2884 = CARTESIAN_POINT('',(4.714804737261,2.21398219336));
#2885 = CARTESIAN_POINT('',(4.767195116726,2.222366700091));
#2886 = CARTESIAN_POINT('',(4.896058051567,2.242876627314));
#2887 = CARTESIAN_POINT('',(4.972551910379,2.254953312719));
#2888 = CARTESIAN_POINT('',(5.049036347597,2.266883490807));
#2889 = CARTESIAN_POINT('',(5.125512408891,2.278643061441));
#2890 = CARTESIAN_POINT('',(5.201988505153,2.290265645688));
#2891 = CARTESIAN_POINT('',(5.278473018938,2.301878985668));
#2892 = CARTESIAN_POINT('',(5.354966989628,2.313687063129));
#2893 = CARTESIAN_POINT('',(5.453301277471,2.329345841189));
#2894 = CARTESIAN_POINT('',(5.475160266391,2.332857142695));
#2895 = CARTESIAN_POINT('',(5.4970192289,2.336403087475));
#2896 = CARTESIAN_POINT('',(5.518878157725,2.339987749375));
#2897 = CARTESIAN_POINT('',(5.540737069884,2.343614862595));
#2898 = CARTESIAN_POINT('',(5.562595982853,2.347287576535));
#2899 = CARTESIAN_POINT('',(5.584454890752,2.351008210647));
#2900 = CARTESIAN_POINT('',(5.639232967021,2.360455291318));
#2901 = CARTESIAN_POINT('',(5.672152422334,2.366244130573));
#2902 = CARTESIAN_POINT('',(5.705071692243,2.372148616337));
#2903 = CARTESIAN_POINT('',(5.737990740562,2.378167272128));
#2904 = CARTESIAN_POINT('',(5.770909723753,2.384290601893));
#2905 = CARTESIAN_POINT('',(5.803828806327,2.39049853441));
#2906 = CARTESIAN_POINT('',(5.836747977043,2.39675776585));
#2907 = CARTESIAN_POINT('',(5.911471841246,2.410970385624));
#2908 = CARTESIAN_POINT('',(5.953277577633,2.418925305575));
#2909 = CARTESIAN_POINT('',(5.995083033276,2.426782562297));
#2910 = CARTESIAN_POINT('',(6.0368882498,2.434400748684));
#2911 = CARTESIAN_POINT('',(6.078693768344,2.441588503168));
#2912 = CARTESIAN_POINT('',(6.120500029183,2.448097804103));
#2913 = CARTESIAN_POINT('',(6.162306754857,2.453620303989));
#2914 = CARTESIAN_POINT('',(6.213996643681,2.458771789075));
#2915 = CARTESIAN_POINT('',(6.22388093681,2.459681073781));
#2916 = CARTESIAN_POINT('',(6.233765187667,2.460509678038));
#2917 = CARTESIAN_POINT('',(6.243649384835,2.461252535321));
#2918 = CARTESIAN_POINT('',(6.253533514008,2.461904392189));
#2919 = CARTESIAN_POINT('',(6.263417557992,2.462459808283));
#2920 = CARTESIAN_POINT('',(6.273301496706,2.462913156327));
#2921 = CARTESIAN_POINT('',(6.28318530718,2.463258622128));
#2922 = ( GEOMETRIC_REPRESENTATION_CONTEXT(2) 
PARAMETRIC_REPRESENTATION_CONTEXT() REPRESENTATION_CONTEXT('2D SPACE',''
  ) );
#2923 = ORIENTED_EDGE('',*,*,#1934,.F.);
#2924 = ADVANCED_FACE('',(#2925),#2472,.T.);
#2925 = FACE_BOUND('',#2926,.T.);
#2926 = EDGE_LOOP('',(#2927,#2981,#3019,#3420));
#2927 = ORIENTED_EDGE('',*,*,#2928,.F.);
#2928 = EDGE_CURVE('',#2929,#2405,#2931,.T.);
#2929 = VERTEX_POINT('',#2930);
#2930 = CARTESIAN_POINT('',(32.375,1.236083329949E-13,56.737499999997));
#2931 = SURFACE_CURVE('',#2932,(#2944,#2951),.PCURVE_S1.);
#2932 = ( BOUNDED_CURVE() B_SPLINE_CURVE(6,(#2933,#2934,#2935,#2936,
    #2937,#2938,#2939,#2940,#2941,#2942,#2943),.UNSPECIFIED.,.F.,.F.) 
B_SPLINE_CURVE_WITH_KNOTS((7,4,7),(0.,0.5,1.),.UNSPECIFIED.) CURVE() 
GEOMETRIC_REPRESENTATION_ITEM() RATIONAL_B_SPLINE_CURVE((1.,1.,1.,1.,1.,
1.,1.,1.,1.,1.,1.)) REPRESENTATION_ITEM('') );
#2933 = CARTESIAN_POINT('',(32.375,1.06234525423E-13,56.7375));
#2934 = CARTESIAN_POINT('',(32.26067641362,16.94762177742,
    56.820833333333));
#2935 = CARTESIAN_POINT('',(22.060058689568,33.895243554836,
    56.904166666667));
#2936 = CARTESIAN_POINT('',(-0.192206529602,42.586840259599,56.9875));
#2937 = CARTESIAN_POINT('',(-21.76662815119,33.895243554836,
    57.070833333334));
#2938 = CARTESIAN_POINT('',(-42.9833718488,1.532437239714E-12,57.2375));
#2939 = CARTESIAN_POINT('',(-21.76662815119,-33.89524355483,
    57.404166666666));
#2940 = CARTESIAN_POINT('',(-0.192206529601,-42.58684025959,
    57.487500000001));
#2941 = CARTESIAN_POINT('',(22.060058689568,-33.89524355484,
    57.570833333333));
#2942 = CARTESIAN_POINT('',(32.26067641362,-16.94762177741,
    57.654166666667));
#2943 = CARTESIAN_POINT('',(32.375,2.054197713841E-13,57.7375));
#2944 = PCURVE('',#2472,#2945);
#2945 = DEFINITIONAL_REPRESENTATION('',(#2946),#2950);
#2946 = LINE('',#2947,#2948);
#2947 = CARTESIAN_POINT('',(4.,0.));
#2948 = VECTOR('',#2949,1.);
#2949 = DIRECTION('',(0.,1.));
#2950 = ( GEOMETRIC_REPRESENTATION_CONTEXT(2) 
PARAMETRIC_REPRESENTATION_CONTEXT() REPRESENTATION_CONTEXT('2D SPACE',''
  ) );
#2951 = PCURVE('',#2952,#2975);
#2952 = ( BOUNDED_SURFACE() B_SPLINE_SURFACE(1,6,(
    (#2953,#2954,#2955,#2956,#2957,#2958,#2959,#2960,#2961,#2962,#2963)
    ,(#2964,#2965,#2966,#2967,#2968,#2969,#2970,#2971,#2972,#2973,#2974
)),.UNSPECIFIED.,.F.,.F.,.F.) B_SPLINE_SURFACE_WITH_KNOTS((2,2),(7,4,7),
(3.,4.),(0.,0.5,1.),.UNSPECIFIED.) GEOMETRIC_REPRESENTATION_ITEM() 
RATIONAL_B_SPLINE_SURFACE((
    (1.,1.,1.,1.,1.,1.,1.,1.,1.,1.,1.)
,(1.,1.,1.,1.,1.,1.,1.,1.,1.,1.,1.
  ))) REPRESENTATION_ITEM('') SURFACE() );
#2953 = CARTESIAN_POINT('',(32.375,1.06234525423E-13,56.8625));
#2954 = CARTESIAN_POINT('',(32.26067641362,16.94762177742,
    56.945833333333));
#2955 = CARTESIAN_POINT('',(22.060058689568,33.895243554836,
    57.029166666667));
#2956 = CARTESIAN_POINT('',(-0.192206529602,42.586840259599,57.1125));
#2957 = CARTESIAN_POINT('',(-21.76662815119,33.895243554836,
    57.195833333334));
#2958 = CARTESIAN_POINT('',(-42.9833718488,1.532437239714E-12,57.3625));
#2959 = CARTESIAN_POINT('',(-21.76662815119,-33.89524355483,
    57.529166666666));
#2960 = CARTESIAN_POINT('',(-0.192206529601,-42.58684025959,
    57.612500000001));
#2961 = CARTESIAN_POINT('',(22.060058689568,-33.89524355484,
    57.695833333333));
#2962 = CARTESIAN_POINT('',(32.26067641362,-16.94762177741,
    57.779166666667));
#2963 = CARTESIAN_POINT('',(32.375,2.054197713841E-13,57.8625));
#2964 = CARTESIAN_POINT('',(32.375,1.06234525423E-13,56.7375));
#2965 = CARTESIAN_POINT('',(32.26067641362,16.94762177742,
    56.820833333333));
#2966 = CARTESIAN_POINT('',(22.060058689568,33.895243554836,
    56.904166666667));
#2967 = CARTESIAN_POINT('',(-0.192206529602,42.586840259599,56.9875));
#2968 = CARTESIAN_POINT('',(-21.76662815119,33.895243554836,
    57.070833333334));
#2969 = CARTESIAN_POINT('',(-42.9833718488,1.532437239714E-12,57.2375));
#2970 = CARTESIAN_POINT('',(-21.76662815119,-33.89524355483,
    57.404166666666));
#2971 = CARTESIAN_POINT('',(-0.192206529601,-42.58684025959,
    57.487500000001));
#2972 = CARTESIAN_POINT('',(22.060058689568,-33.89524355484,
    57.570833333333));
#2973 = CARTESIAN_POINT('',(32.26067641362,-16.94762177741,
    57.654166666667));
#2974 = CARTESIAN_POINT('',(32.375,2.054197713841E-13,57.7375));
#2975 = DEFINITIONAL_REPRESENTATION('',(#2976),#2980);
#2976 = LINE('',#2977,#2978);
#2977 = CARTESIAN_POINT('',(4.,0.));
#2978 = VECTOR('',#2979,1.);
#2979 = DIRECTION('',(0.,1.));
#2980 = ( GEOMETRIC_REPRESENTATION_CONTEXT(2) 
PARAMETRIC_REPRESENTATION_CONTEXT() REPRESENTATION_CONTEXT('2D SPACE',''
  ) );
#2981 = ORIENTED_EDGE('',*,*,#2982,.T.);
#2982 = EDGE_CURVE('',#2929,#2983,#2985,.T.);
#2983 = VERTEX_POINT('',#2984);
#2984 = CARTESIAN_POINT('',(31.9,3.377272760876E-15,56.463258622136));
#2985 = SURFACE_CURVE('',#2986,(#2989,#2996),.PCURVE_S1.);
#2986 = B_SPLINE_CURVE_WITH_KNOTS('',1,(#2987,#2988),.UNSPECIFIED.,.F.,
  .F.,(2,2),(4.,5.),.PIECEWISE_BEZIER_KNOTS.);
#2987 = CARTESIAN_POINT('',(32.375,1.06234525423E-13,56.7375));
#2988 = CARTESIAN_POINT('',(31.833734122635,0.,56.425));
#2989 = PCURVE('',#2472,#2990);
#2990 = DEFINITIONAL_REPRESENTATION('',(#2991),#2995);
#2991 = LINE('',#2992,#2993);
#2992 = CARTESIAN_POINT('',(0.,0.));
#2993 = VECTOR('',#2994,1.);
#2994 = DIRECTION('',(1.,0.));
#2995 = ( GEOMETRIC_REPRESENTATION_CONTEXT(2) 
PARAMETRIC_REPRESENTATION_CONTEXT() REPRESENTATION_CONTEXT('2D SPACE',''
  ) );
#2996 = PCURVE('',#2997,#3014);
#2997 = ( BOUNDED_SURFACE() B_SPLINE_SURFACE(1,7,(
    (#2998,#2999,#3000,#3001,#3002,#3003,#3004,#3005)
    ,(#3006,#3007,#3008,#3009,#3010,#3011,#3012,#3013
)),.UNSPECIFIED.,.F.,.F.,.F.) B_SPLINE_SURFACE_WITH_KNOTS((2,2),(8,8),(
    4.,5.),(0.,1.),.PIECEWISE_BEZIER_KNOTS.) 
GEOMETRIC_REPRESENTATION_ITEM() RATIONAL_B_SPLINE_SURFACE((
    (1.,1.,1.,0.999999999999,1.000000000001,1.,1.,1.)
    ,(1.,1.,1.,0.999999999999,1.000000000001,1.,1.,1.
))) REPRESENTATION_ITEM('') SURFACE() );
#2998 = CARTESIAN_POINT('',(32.374999999999,1.409821405668E-13,
    56.737499999993));
#2999 = CARTESIAN_POINT('',(32.30479000602,-7.257593855052,
    56.709930523818));
#3000 = CARTESIAN_POINT('',(30.336355986386,-14.48084797015,
    56.682351638664));
#3001 = CARTESIAN_POINT('',(26.485090637116,-21.07438194894,
    56.654763404199));
#3002 = CARTESIAN_POINT('',(20.998472255288,-26.448605484,
    56.627165880552));
#3003 = CARTESIAN_POINT('',(14.357817158865,-30.14677627041,
    56.599559128267));
#3004 = CARTESIAN_POINT('',(7.161687558432,-31.95331882752,
    56.571943208351));
#3005 = CARTESIAN_POINT('',(1.52518030394E-12,-31.88294011149,
    56.54431818223));
#3006 = CARTESIAN_POINT('',(31.83373412263,-1.28994358208E-15,56.425));
#3007 = CARTESIAN_POINT('',(31.833748009625,-7.136255788151,
    56.437973871141));
#3008 = CARTESIAN_POINT('',(29.967290549239,-14.27487034682,
    56.450952170075));
#3009 = CARTESIAN_POINT('',(26.232524053621,-20.83042894798,
    56.463934868715));
#3010 = CARTESIAN_POINT('',(20.855654073597,-26.21444369368,
    56.476921938774));
#3011 = CARTESIAN_POINT('',(14.298830730463,-29.95976590236,
    56.489913351735));
#3012 = CARTESIAN_POINT('',(7.150635628919,-31.83374714977,
    56.502909078893));
#3013 = CARTESIAN_POINT('',(1.153795956935E-12,-31.83373412264,
    56.51590909132));
#3014 = DEFINITIONAL_REPRESENTATION('',(#3015),#3018);
#3015 = B_SPLINE_CURVE_WITH_KNOTS('',1,(#3016,#3017),.UNSPECIFIED.,.F.,
  .F.,(2,2),(4.,4.877572409161),.PIECEWISE_BEZIER_KNOTS.);
#3016 = CARTESIAN_POINT('',(4.,0.));
#3017 = CARTESIAN_POINT('',(4.877572409161,0.));
#3018 = ( GEOMETRIC_REPRESENTATION_CONTEXT(2) 
PARAMETRIC_REPRESENTATION_CONTEXT() REPRESENTATION_CONTEXT('2D SPACE',''
  ) );
#3019 = ORIENTED_EDGE('',*,*,#3020,.T.);
#3020 = EDGE_CURVE('',#2983,#2459,#3021,.T.);
#3021 = SURFACE_CURVE('',#3022,(#3151,#3283),.PCURVE_S1.);
#3022 = B_SPLINE_CURVE_WITH_KNOTS('',8,(#3023,#3024,#3025,#3026,#3027,
    #3028,#3029,#3030,#3031,#3032,#3033,#3034,#3035,#3036,#3037,#3038,
    #3039,#3040,#3041,#3042,#3043,#3044,#3045,#3046,#3047,#3048,#3049,
    #3050,#3051,#3052,#3053,#3054,#3055,#3056,#3057,#3058,#3059,#3060,
    #3061,#3062,#3063,#3064,#3065,#3066,#3067,#3068,#3069,#3070,#3071,
    #3072,#3073,#3074,#3075,#3076,#3077,#3078,#3079,#3080,#3081,#3082,
    #3083,#3084,#3085,#3086,#3087,#3088,#3089,#3090,#3091,#3092,#3093,
    #3094,#3095,#3096,#3097,#3098,#3099,#3100,#3101,#3102,#3103,#3104,
    #3105,#3106,#3107,#3108,#3109,#3110,#3111,#3112,#3113,#3114,#3115,
    #3116,#3117,#3118,#3119,#3120,#3121,#3122,#3123,#3124,#3125,#3126,
    #3127,#3128,#3129,#3130,#3131,#3132,#3133,#3134,#3135,#3136,#3137,
    #3138,#3139,#3140,#3141,#3142,#3143,#3144,#3145,#3146,#3147,#3148,
    #3149,#3150),.UNSPECIFIED.,.F.,.F.,(9,7,7,7,7,7,7,7,7,7,7,7,7,7,7,7,
    7,7,9),(0.,1.271109388346E-02,3.949115764499E-02,6.542877223888E-02,
    0.136966211662,0.160247170519,0.233272056273,0.301680811036,
    0.364342511291,0.451545313503,0.50019412733,0.554623895827,
    0.637440083722,0.700382141668,0.766712460389,0.864057219022,
    0.961022529218,0.976143104626,1.),.UNSPECIFIED.);
#3023 = CARTESIAN_POINT('',(31.9,1.06581410364E-14,56.463258622135));
#3024 = CARTESIAN_POINT('',(31.9,0.318412464633,56.466087704184));
#3025 = CARTESIAN_POINT('',(31.896367693159,0.636831305681,
    56.468806331338));
#3026 = CARTESIAN_POINT('',(31.889102844946,0.955207281656,
    56.471420550495));
#3027 = CARTESIAN_POINT('',(31.878206028848,1.273491273658,
    56.473936209966));
#3028 = CARTESIAN_POINT('',(31.863678626363,1.591634285372,
    56.476358959479));
#3029 = CARTESIAN_POINT('',(31.845522827005,1.909587443072,
    56.478694250175));
#3030 = CARTESIAN_POINT('',(31.823741628302,2.227301995615,
    56.480947334611));
#3031 = CARTESIAN_POINT('',(31.744819570718,3.21349345984,
    56.487707577295));
#3032 = CARTESIAN_POINT('',(31.675224962973,3.880983078618,
    56.491949413915));
#3033 = CARTESIAN_POINT('',(31.589590613953,4.546742423665,
    56.495896059677));
#3034 = CARTESIAN_POINT('',(31.487967558842,5.210319003681,
    56.499590778369));
#3035 = CARTESIAN_POINT('',(31.370422112442,5.871263570692,
    56.503072908704));
#3036 = CARTESIAN_POINT('',(31.237035714993,6.529130107554,
    56.506377958516));
#3037 = CARTESIAN_POINT('',(31.087904778004,7.183475815467,
    56.509537698959));
#3038 = CARTESIAN_POINT('',(30.763559447681,8.463786520488,
    56.515527105377));
#3039 = CARTESIAN_POINT('',(30.589312888145,9.089997910177,
    56.518364039601));
#3040 = CARTESIAN_POINT('',(30.400502107184,9.712095612531,
    56.521116676604));
#3041 = CARTESIAN_POINT('',(30.197241056574,10.329684360876,
    56.523807460755));
#3042 = CARTESIAN_POINT('',(29.97965636766,10.942373285581,
    56.52645586426));
#3043 = CARTESIAN_POINT('',(29.747887334876,11.54977591977,
    56.52907858587));
#3044 = CARTESIAN_POINT('',(29.502085899251,12.15151020503,
    56.531689749589));
#3045 = CARTESIAN_POINT('',(28.526233791976,14.390141218623,
    56.541503367965));
#3046 = CARTESIAN_POINT('',(27.704506553592,15.987215565643,
    56.54870762598));
#3047 = CARTESIAN_POINT('',(26.78073005322,17.53033397982,
    56.556160257582));
#3048 = CARTESIAN_POINT('',(25.759096384965,19.011910476529,
    56.563972185862));
#3049 = CARTESIAN_POINT('',(24.644415259658,20.424810702825,
    56.572157012448));
#3050 = CARTESIAN_POINT('',(23.442087026275,21.762336099484,
    56.580671359899));
#3051 = CARTESIAN_POINT('',(22.158125853926,23.018245123651,
    56.589448290555));
#3052 = CARTESIAN_POINT('',(20.356995612266,24.567110673747,
    56.601332667318));
#3053 = CARTESIAN_POINT('',(19.906813149381,24.93816621788,
    56.604270806599));
#3054 = CARTESIAN_POINT('',(19.448909440709,25.299786826511,
    56.607226595548));
#3055 = CARTESIAN_POINT('',(18.983515579917,25.651785257098,
    56.610197510707));
#3056 = CARTESIAN_POINT('',(18.510867786044,25.993981310719,
    56.613181049892));
#3057 = CARTESIAN_POINT('',(18.031207391938,26.326201823735,
    56.616174783086));
#3058 = CARTESIAN_POINT('',(17.544780832691,26.648280659445,
    56.619176403338));
#3059 = CARTESIAN_POINT('',(15.505641518492,27.938006211028,
    56.631616944389));
#3060 = CARTESIAN_POINT('',(13.895225077633,28.814684105278,
    56.641107610089));
#3061 = CARTESIAN_POINT('',(12.228500352038,29.585052715105,
    56.650587892587));
#3062 = CARTESIAN_POINT('',(10.513694562491,30.24495237661,
    56.660008458209));
#3063 = CARTESIAN_POINT('',(8.759312645981,30.791005572114,
    56.669344081047));
#3064 = CARTESIAN_POINT('',(6.974120822898,31.220585541904,
    56.678592978538));
#3065 = CARTESIAN_POINT('',(5.167153195485,31.531851365009,
    56.68776992337));
#3066 = CARTESIAN_POINT('',(1.643340260281,31.90371085093,
    56.705439633566));
#3067 = CARTESIAN_POINT('',(-7.220721921442E-02,31.978930380478,
    56.713940302674));
#3068 = CARTESIAN_POINT('',(-1.791255576529,31.948679763699,
    56.722410624251));
#3069 = CARTESIAN_POINT('',(-3.506230582598,31.812839355157,
    56.730872519348));
#3070 = CARTESIAN_POINT('',(-5.209624928417,31.571926475948,
    56.739346434921));
#3071 = CARTESIAN_POINT('',(-6.893999005261,31.227071234829,
    56.747846201238));
#3072 = CARTESIAN_POINT('',(-8.551986800434,30.780039892452,
    56.756376656631));
#3073 = CARTESIAN_POINT('',(-11.66416705286,29.732503058545,
    56.772772512413));
#3074 = CARTESIAN_POINT('',(-13.12392319449,29.147997489862,
    56.78063431977));
#3075 = CARTESIAN_POINT('',(-14.5499878569,28.481656449088,
    56.788516982106));
#3076 = CARTESIAN_POINT('',(-15.9370166909,27.735777711254,
    56.796412646392));
#3077 = CARTESIAN_POINT('',(-17.27988881568,26.913051527156,
    56.804309684774));
#3078 = CARTESIAN_POINT('',(-18.57370131264,26.01654736688,
    56.812194969825));
#3079 = CARTESIAN_POINT('',(-19.81377787206,25.049725319689,
    56.820056826427));
#3080 = CARTESIAN_POINT('',(-22.6404951648,22.578551196903,
    56.838787787693));
#3081 = CARTESIAN_POINT('',(-24.17300872697,21.011665862876,
    56.849630973975));
#3082 = CARTESIAN_POINT('',(-25.58103444277,19.326361733783,
    56.860398766793));
#3083 = CARTESIAN_POINT('',(-26.85400873268,17.534301817731,
    56.871091902176));
#3084 = CARTESIAN_POINT('',(-27.98276782898,15.64807632306,
    56.881745230501));
#3085 = CARTESIAN_POINT('',(-28.95946994377,13.681138870411,
    56.892428376969));
#3086 = CARTESIAN_POINT('',(-29.77768516394,11.64785219931,
    56.903218348435));
#3087 = CARTESIAN_POINT('',(-30.79806474456,8.400875819687,
    56.920216313629));
#3088 = CARTESIAN_POINT('',(-31.1126987544,7.222152110693,
    56.926341657753));
#3089 = CARTESIAN_POINT('',(-31.37574247405,6.030067281395,
    56.932508017117));
#3090 = CARTESIAN_POINT('',(-31.58654430374,4.827260197946,
    56.93871285312));
#3091 = CARTESIAN_POINT('',(-31.74461547676,3.616394806606,
    56.944944325224));
#3092 = CARTESIAN_POINT('',(-31.84962694697,2.400159273323,
    56.951176890442));
#3093 = CARTESIAN_POINT('',(-31.90141247359,1.181266070037,
    56.957366579411));
#3094 = CARTESIAN_POINT('',(-31.89837286228,-1.401192014742,
    56.970247732156));
#3095 = CARTESIAN_POINT('',(-31.83014781259,-2.764794900933,
    56.976915414939));
#3096 = CARTESIAN_POINT('',(-31.69530124109,-4.124507291335,
    56.983542054923));
#3097 = CARTESIAN_POINT('',(-31.49410473367,-5.47652833197,
    56.990183823403));
#3098 = CARTESIAN_POINT('',(-31.22708414994,-6.817101742392,
    56.996869461202));
#3099 = CARTESIAN_POINT('',(-30.89501303544,-8.142515133944,
    57.003608561856));
#3100 = CARTESIAN_POINT('',(-30.49891827139,-9.449101578287,
    57.010398682219));
#3101 = CARTESIAN_POINT('',(-29.34199194334,-12.68709580325,
    57.027627241315));
#3102 = CARTESIAN_POINT('',(-28.49856113201,-14.58930296113,
    57.038123117782));
#3103 = CARTESIAN_POINT('',(-27.51437655024,-16.42687778318,
    57.048687427277));
#3104 = CARTESIAN_POINT('',(-26.39533466492,-18.18771146508,
    57.059256459334));
#3105 = CARTESIAN_POINT('',(-25.14846293612,-19.86046456129,
    57.069779796659));
#3106 = CARTESIAN_POINT('',(-23.78185463633,-21.43453163151,
    57.080235902551));
#3107 = CARTESIAN_POINT('',(-22.30472533294,-22.90008997391,
    57.090628024836));
#3108 = CARTESIAN_POINT('',(-19.52892215292,-25.27286775211,
    57.108831293276));
#3109 = CARTESIAN_POINT('',(-18.27232323079,-26.22981861672,
    57.116664491731));
#3110 = CARTESIAN_POINT('',(-16.96231743747,-27.11520543535,
    57.124476830001));
#3111 = CARTESIAN_POINT('',(-15.60368453201,-27.9255758024,
    57.132280491172));
#3112 = CARTESIAN_POINT('',(-14.20143021623,-28.65787775814,
    57.140089007345));
#3113 = CARTESIAN_POINT('',(-12.76077732491,-29.30944799882,
    57.147913823487));
#3114 = CARTESIAN_POINT('',(-11.28717124508,-29.87802553584,
    57.155761691008));
#3115 = CARTESIAN_POINT('',(-8.204633820157,-30.87159784696,
    57.171927809072));
#3116 = CARTESIAN_POINT('',(-6.592532476533,-31.2872658168,
    57.180249460662));
#3117 = CARTESIAN_POINT('',(-4.956654404981,-31.60662977327,
    57.188598485455));
#3118 = CARTESIAN_POINT('',(-3.303728533051,-31.8281471429,
    57.196968929246));
#3119 = CARTESIAN_POINT('',(-1.640544788036,-31.95083848309,
    57.205347713422));
#3120 = CARTESIAN_POINT('',(2.605068847223E-02,-31.97426788761,
    57.213716337403));
#3121 = CARTESIAN_POINT('',(1.689156055045,-31.89856303374,
    57.222054814138));
#3122 = CARTESIAN_POINT('',(5.767204672475,-31.46898732721,
    57.242518479239));
#3123 = CARTESIAN_POINT('',(8.17086375994,-31.00152256881,
    57.254595018496));
#3124 = CARTESIAN_POINT('',(10.530278771465,-30.32427041482,
    57.26652578723));
#3125 = CARTESIAN_POINT('',(12.82415140941,-29.44240161723,
    57.278285780772));
#3126 = CARTESIAN_POINT('',(15.032159656903,-28.36339798627,
    57.289907127616));
#3127 = CARTESIAN_POINT('',(17.134983626736,-27.09704375212,
    57.30151573526));
#3128 = CARTESIAN_POINT('',(19.114330398712,-25.65541244158,
    57.313314280663));
#3129 = CARTESIAN_POINT('',(22.785030983539,-22.45782488591,
    57.337594683172));
#3130 = CARTESIAN_POINT('',(24.478353863078,-20.70235221377,
    57.350079515372));
#3131 = CARTESIAN_POINT('',(26.016268239778,-18.80162572544,
    57.363106729389));
#3132 = CARTESIAN_POINT('',(27.384466259438,-16.77191199564,
    57.376834295725));
#3133 = CARTESIAN_POINT('',(28.570736876303,-14.63079032244,
    57.39130482457));
#3134 = CARTESIAN_POINT('',(29.564980563081,-12.39712688175,
    57.406287053672));
#3135 = CARTESIAN_POINT('',(30.359220808897,-10.0910444001,
    57.421034120101));
#3136 = CARTESIAN_POINT('',(31.040054519427,-7.366716998198,
    57.436243877714));
#3137 = CARTESIAN_POINT('',(31.126912547569,-6.997953173921,
    57.43825712677));
#3138 = CARTESIAN_POINT('',(31.208763136346,-6.6280212917,
    57.440226695584));
#3139 = CARTESIAN_POINT('',(31.285587980742,-6.257000911509,
    57.442147101577));
#3140 = CARTESIAN_POINT('',(31.357370319981,-5.884971757962,
    57.44401248688));
#3141 = CARTESIAN_POINT('',(31.424094937523,-5.512013720315,
    57.445816618333));
#3142 = CARTESIAN_POINT('',(31.485748161069,-5.138206852465,
    57.447552887487));
#3143 = CARTESIAN_POINT('',(31.631572233728,-4.172634814723,
    57.451835665694));
#3144 = CARTESIAN_POINT('',(31.708171559227,-3.579726001555,
    57.454270670554));
#3145 = CARTESIAN_POINT('',(31.772067870265,-2.985222509285,
    57.456491860649));
#3146 = CARTESIAN_POINT('',(31.823222728775,-2.389443339867,
    57.458469325523));
#3147 = CARTESIAN_POINT('',(31.861607362208,-1.792708924155,
    57.46017071783));
#3148 = CARTESIAN_POINT('',(31.887202798327,-1.195341124701,
    57.461561262361));
#3149 = CARTESIAN_POINT('',(31.9,-0.597663238543,57.462603765077));
#3150 = CARTESIAN_POINT('',(31.9,0.,57.463258622135));
#3151 = PCURVE('',#2472,#3152);
#3152 = DEFINITIONAL_REPRESENTATION('',(#3153),#3282);
#3153 = B_SPLINE_CURVE_WITH_KNOTS('',8,(#3154,#3155,#3156,#3157,#3158,
    #3159,#3160,#3161,#3162,#3163,#3164,#3165,#3166,#3167,#3168,#3169,
    #3170,#3171,#3172,#3173,#3174,#3175,#3176,#3177,#3178,#3179,#3180,
    #3181,#3182,#3183,#3184,#3185,#3186,#3187,#3188,#3189,#3190,#3191,
    #3192,#3193,#3194,#3195,#3196,#3197,#3198,#3199,#3200,#3201,#3202,
    #3203,#3204,#3205,#3206,#3207,#3208,#3209,#3210,#3211,#3212,#3213,
    #3214,#3215,#3216,#3217,#3218,#3219,#3220,#3221,#3222,#3223,#3224,
    #3225,#3226,#3227,#3228,#3229,#3230,#3231,#3232,#3233,#3234,#3235,
    #3236,#3237,#3238,#3239,#3240,#3241,#3242,#3243,#3244,#3245,#3246,
    #3247,#3248,#3249,#3250,#3251,#3252,#3253,#3254,#3255,#3256,#3257,
    #3258,#3259,#3260,#3261,#3262,#3263,#3264,#3265,#3266,#3267,#3268,
    #3269,#3270,#3271,#3272,#3273,#3274,#3275,#3276,#3277,#3278,#3279,
    #3280,#3281),.UNSPECIFIED.,.F.,.F.,(9,7,7,7,7,7,7,7,7,7,7,7,7,7,7,7,
    7,7,9),(0.,1.271109388346E-02,3.949115764499E-02,6.542877223888E-02,
    0.136966211662,0.160247170519,0.233272056273,0.301680811036,
    0.364342511291,0.451545313503,0.50019412733,0.554623895827,
    0.637440083722,0.700382141668,0.766712460389,0.864057219022,
    0.961022529218,0.976143104626,1.),.UNSPECIFIED.);
#3154 = CARTESIAN_POINT('',(4.877572409168,0.));
#3155 = CARTESIAN_POINT('',(4.873604090975,1.588982613165E-03));
#3156 = CARTESIAN_POINT('',(4.869988548062,3.17775260711E-03));
#3157 = CARTESIAN_POINT('',(4.866706527633,4.766340380069E-03));
#3158 = CARTESIAN_POINT('',(4.863739405054,6.354774045458E-03));
#3159 = CARTESIAN_POINT('',(4.861069183849,7.943079431879E-03));
#3160 = CARTESIAN_POINT('',(4.858678495706,9.531280083119E-03));
#3161 = CARTESIAN_POINT('',(4.856550600472,1.111939725815E-02));
#3162 = CARTESIAN_POINT('',(4.850705994822,1.605320067682E-02));
#3163 = CARTESIAN_POINT('',(4.847837612798,1.939866791436E-02));
#3164 = CARTESIAN_POINT('',(4.845913491112,2.274402564952E-02));
#3165 = CARTESIAN_POINT('',(4.844795628448,2.608941225871E-02));
#3166 = CARTESIAN_POINT('',(4.844358479359,2.943493350324E-02));
#3167 = CARTESIAN_POINT('',(4.844488662487,3.278066554356E-02));
#3168 = CARTESIAN_POINT('',(4.845084668781,3.612665795342E-02));
#3169 = CARTESIAN_POINT('',(4.846997896511,4.271394803691E-02));
#3170 = CARTESIAN_POINT('',(4.84829182153,4.595523382917E-02));
#3171 = CARTESIAN_POINT('',(4.849856444111,4.91968153892E-02));
#3172 = CARTESIAN_POINT('',(4.851619969738,5.243870129847E-02));
#3173 = CARTESIAN_POINT('',(4.853520076713,5.568088823298E-02));
#3174 = CARTESIAN_POINT('',(4.855503282829,5.892336175457E-02));
#3175 = CARTESIAN_POINT('',(4.857524312042,6.216609710216E-02));
#3176 = CARTESIAN_POINT('',(4.865119907149,7.435333894933E-02));
#3177 = CARTESIAN_POINT('',(4.870695648405,8.33000161063E-02));
#3178 = CARTESIAN_POINT('',(4.875479261978,9.224752695004E-02));
#3179 = CARTESIAN_POINT('',(4.879112785688,0.10119493139));
#3180 = CARTESIAN_POINT('',(4.881551134066,0.110141741844));
#3181 = CARTESIAN_POINT('',(4.882932468591,0.119087756334));
#3182 = CARTESIAN_POINT('',(4.883470204933,0.128032729597));
#3183 = CARTESIAN_POINT('',(4.88337097602,0.139886097325));
#3184 = CARTESIAN_POINT('',(4.883281711055,0.142796341304));
#3185 = CARTESIAN_POINT('',(4.883135511531,0.145706442901));
#3186 = CARTESIAN_POINT('',(4.882940458502,0.148616403989));
#3187 = CARTESIAN_POINT('',(4.882704578678,0.151526230729));
#3188 = CARTESIAN_POINT('',(4.882435675555,0.154435931697));
#3189 = CARTESIAN_POINT('',(4.882141160541,0.157345516007));
#3190 = CARTESIAN_POINT('',(4.880845236525,0.169381080803));
#3191 = CARTESIAN_POINT('',(4.879677450275,0.178506813301));
#3192 = CARTESIAN_POINT('',(4.878539535488,0.187631497427));
#3193 = CARTESIAN_POINT('',(4.877590592852,0.196755518475));
#3194 = CARTESIAN_POINT('',(4.876914096011,0.20587973605));
#3195 = CARTESIAN_POINT('',(4.876518219835,0.215004922237));
#3196 = CARTESIAN_POINT('',(4.876356214529,0.22413124041));
#3197 = CARTESIAN_POINT('',(4.8763767659,0.24180737291));
#3198 = CARTESIAN_POINT('',(4.876537530247,0.250358280877));
#3199 = CARTESIAN_POINT('',(4.876797462604,0.258909831315));
#3200 = CARTESIAN_POINT('',(4.877086071662,0.267461916742));
#3201 = CARTESIAN_POINT('',(4.877338307095,0.276014655888));
#3202 = CARTESIAN_POINT('',(4.87751003502,0.284568087182));
#3203 = CARTESIAN_POINT('',(4.877584712647,0.293121879334));
#3204 = CARTESIAN_POINT('',(4.877558941605,0.309509681664));
#3205 = CARTESIAN_POINT('',(4.877472712009,0.317344542273));
#3206 = CARTESIAN_POINT('',(4.87731839246,0.325178979749));
#3207 = CARTESIAN_POINT('',(4.877120438686,0.333012783481));
#3208 = CARTESIAN_POINT('',(4.876916248463,0.340846012418));
#3209 = CARTESIAN_POINT('',(4.87674824951,0.348678797797));
#3210 = CARTESIAN_POINT('',(4.876653769833,0.3565111295));
#3211 = CARTESIAN_POINT('',(4.876651188533,0.375241284109));
#3212 = CARTESIAN_POINT('',(4.876830984381,0.386140656594));
#3213 = CARTESIAN_POINT('',(4.87724696648,0.397038443818));
#3214 = CARTESIAN_POINT('',(4.8778983826,0.407935146739));
#3215 = CARTESIAN_POINT('',(4.878678381318,0.418832224663));
#3216 = CARTESIAN_POINT('',(4.879368563737,0.429731053137));
#3217 = CARTESIAN_POINT('',(4.879723354511,0.44063189672));
#3218 = CARTESIAN_POINT('',(4.879669836144,0.457613137424));
#3219 = CARTESIAN_POINT('',(4.879529388578,0.463694591684));
#3220 = CARTESIAN_POINT('',(4.879258576263,0.469776322199));
#3221 = CARTESIAN_POINT('',(4.878865343646,0.47585827301));
#3222 = CARTESIAN_POINT('',(4.878387502959,0.481940419898));
#3223 = CARTESIAN_POINT('',(4.877906661681,0.488022722217));
#3224 = CARTESIAN_POINT('',(4.877563236395,0.494105090784));
#3225 = CARTESIAN_POINT('',(4.877582976733,0.506992412385));
#3226 = CARTESIAN_POINT('',(4.878023095953,0.513797632425));
#3227 = CARTESIAN_POINT('',(4.878594208988,0.520602745232));
#3228 = CARTESIAN_POINT('',(4.879116091221,0.52740760191));
#3229 = CARTESIAN_POINT('',(4.879496628158,0.534212157501));
#3230 = CARTESIAN_POINT('',(4.879705109199,0.541016408481));
#3231 = CARTESIAN_POINT('',(4.879749182145,0.547820301639));
#3232 = CARTESIAN_POINT('',(4.879512880748,0.564975016549));
#3233 = CARTESIAN_POINT('',(4.879051599397,0.575326742593));
#3234 = CARTESIAN_POINT('',(4.878366140314,0.585676846125));
#3235 = CARTESIAN_POINT('',(4.87766132548,0.596025623547));
#3236 = CARTESIAN_POINT('',(4.877102155326,0.606374220199));
#3237 = CARTESIAN_POINT('',(4.876761303359,0.616723809851));
#3238 = CARTESIAN_POINT('',(4.8766296151,0.627074779555));
#3239 = CARTESIAN_POINT('',(4.876674281517,0.64529200625));
#3240 = CARTESIAN_POINT('',(4.876784108535,0.653159525648));
#3241 = CARTESIAN_POINT('',(4.876962172576,0.661027508932));
#3242 = CARTESIAN_POINT('',(4.877169413574,0.668895932914));
#3243 = CARTESIAN_POINT('',(4.8773629192,0.676764919595));
#3244 = CARTESIAN_POINT('',(4.877506227787,0.68463451967));
#3245 = CARTESIAN_POINT('',(4.877577028276,0.692504512344));
#3246 = CARTESIAN_POINT('',(4.877567229277,0.708667568221));
#3247 = CARTESIAN_POINT('',(4.877478226692,0.716961406504));
#3248 = CARTESIAN_POINT('',(4.877300476091,0.725254884233));
#3249 = CARTESIAN_POINT('',(4.877052083599,0.733547705371));
#3250 = CARTESIAN_POINT('',(4.876774987843,0.741839897123));
#3251 = CARTESIAN_POINT('',(4.876528716291,0.750131561244));
#3252 = CARTESIAN_POINT('',(4.876376944885,0.758422609414));
#3253 = CARTESIAN_POINT('',(4.876352062102,0.778878498646));
#3254 = CARTESIAN_POINT('',(4.87664268152,0.791045856471));
#3255 = CARTESIAN_POINT('',(4.877390493105,0.803210316326));
#3256 = CARTESIAN_POINT('',(4.878678230067,0.815372727667));
#3257 = CARTESIAN_POINT('',(4.880411006824,0.827535567249));
#3258 = CARTESIAN_POINT('',(4.882194360501,0.839701472917));
#3259 = CARTESIAN_POINT('',(4.883382723647,0.851871381803));
#3260 = CARTESIAN_POINT('',(4.88341790617,0.87616277885));
#3261 = CARTESIAN_POINT('',(4.882273769921,0.888290068472));
#3262 = CARTESIAN_POINT('',(4.879396906281,0.900418262601));
#3263 = CARTESIAN_POINT('',(4.874279601428,0.912546671173));
#3264 = CARTESIAN_POINT('',(4.86678374093,0.924674743609));
#3265 = CARTESIAN_POINT('',(4.857644638759,0.936801003284));
#3266 = CARTESIAN_POINT('',(4.84924583293,0.948923442892));
#3267 = CARTESIAN_POINT('',(4.845391715665,0.962928788859));
#3268 = CARTESIAN_POINT('',(4.844994950216,0.964818048712));
#3269 = CARTESIAN_POINT('',(4.844737701039,0.966707227158));
#3270 = CARTESIAN_POINT('',(4.844637535373,0.968596331381));
#3271 = CARTESIAN_POINT('',(4.844713232904,0.970485372163));
#3272 = CARTESIAN_POINT('',(4.844984785771,0.972374363887));
#3273 = CARTESIAN_POINT('',(4.845473398558,0.974263324536));
#3274 = CARTESIAN_POINT('',(4.847350251523,0.979132619295));
#3275 = CARTESIAN_POINT('',(4.84909524269,0.982112933895));
#3276 = CARTESIAN_POINT('',(4.851524583983,0.985093293144));
#3277 = CARTESIAN_POINT('',(4.854734294441,0.988073792536));
#3278 = CARTESIAN_POINT('',(4.858828268725,0.991054551807));
#3279 = CARTESIAN_POINT('',(4.863918255861,0.994035717318));
#3280 = CARTESIAN_POINT('',(4.870123838001,0.997017464452));
#3281 = CARTESIAN_POINT('',(4.877572409168,1.));
#3282 = ( GEOMETRIC_REPRESENTATION_CONTEXT(2) 
PARAMETRIC_REPRESENTATION_CONTEXT() REPRESENTATION_CONTEXT('2D SPACE',''
  ) );
#3283 = PCURVE('',#3284,#3289);
#3284 = CYLINDRICAL_SURFACE('',#3285,31.9);
#3285 = AXIS2_PLACEMENT_3D('',#3286,#3287,#3288);
#3286 = CARTESIAN_POINT('',(0.,0.,56.));
#3287 = DIRECTION('',(0.,0.,1.));
#3288 = DIRECTION('',(1.,0.,-0.));
#3289 = DEFINITIONAL_REPRESENTATION('',(#3290),#3419);
#3290 = B_SPLINE_CURVE_WITH_KNOTS('',8,(#3291,#3292,#3293,#3294,#3295,
    #3296,#3297,#3298,#3299,#3300,#3301,#3302,#3303,#3304,#3305,#3306,
    #3307,#3308,#3309,#3310,#3311,#3312,#3313,#3314,#3315,#3316,#3317,
    #3318,#3319,#3320,#3321,#3322,#3323,#3324,#3325,#3326,#3327,#3328,
    #3329,#3330,#3331,#3332,#3333,#3334,#3335,#3336,#3337,#3338,#3339,
    #3340,#3341,#3342,#3343,#3344,#3345,#3346,#3347,#3348,#3349,#3350,
    #3351,#3352,#3353,#3354,#3355,#3356,#3357,#3358,#3359,#3360,#3361,
    #3362,#3363,#3364,#3365,#3366,#3367,#3368,#3369,#3370,#3371,#3372,
    #3373,#3374,#3375,#3376,#3377,#3378,#3379,#3380,#3381,#3382,#3383,
    #3384,#3385,#3386,#3387,#3388,#3389,#3390,#3391,#3392,#3393,#3394,
    #3395,#3396,#3397,#3398,#3399,#3400,#3401,#3402,#3403,#3404,#3405,
    #3406,#3407,#3408,#3409,#3410,#3411,#3412,#3413,#3414,#3415,#3416,
    #3417,#3418),.UNSPECIFIED.,.F.,.F.,(9,7,7,7,7,7,7,7,7,7,7,7,7,7,7,7,
    7,7,9),(0.,1.271109388346E-02,3.949115764499E-02,6.542877223888E-02,
    0.136966211662,0.160247170519,0.233272056273,0.301680811036,
    0.364342511291,0.451545313503,0.50019412733,0.554623895827,
    0.637440083722,0.700382141668,0.766712460389,0.864057219022,
    0.961022529218,0.976143104626,1.),.UNSPECIFIED.);
#3291 = CARTESIAN_POINT('',(0.,0.463258622135));
#3292 = CARTESIAN_POINT('',(9.981581963419E-03,0.466087704184));
#3293 = CARTESIAN_POINT('',(1.99633632928E-02,0.468806331338));
#3294 = CARTESIAN_POINT('',(2.994531684058E-02,0.471420550495));
#3295 = CARTESIAN_POINT('',(3.992741846484E-02,0.473936209966));
#3296 = CARTESIAN_POINT('',(4.990964702928E-02,0.476358959479));
#3297 = CARTESIAN_POINT('',(5.989198440322E-02,0.478694250175));
#3298 = CARTESIAN_POINT('',(6.987441546162E-02,0.480947334611));
#3299 = CARTESIAN_POINT('',(0.100888345759,0.487707577295));
#3300 = CARTESIAN_POINT('',(0.1219201363,0.491949413915));
#3301 = CARTESIAN_POINT('',(0.142952145392,0.495896059677));
#3302 = CARTESIAN_POINT('',(0.163984282875,0.499590778369));
#3303 = CARTESIAN_POINT('',(0.185016502295,0.503072908704));
#3304 = CARTESIAN_POINT('',(0.206048780449,0.506377958516));
#3305 = CARTESIAN_POINT('',(0.227081096927,0.509537698959));
#3306 = CARTESIAN_POINT('',(0.268484094264,0.515527105377));
#3307 = CARTESIAN_POINT('',(0.2888548121,0.518364039601));
#3308 = CARTESIAN_POINT('',(0.309225523764,0.521116676604));
#3309 = CARTESIAN_POINT('',(0.329596221635,0.523807460755));
#3310 = CARTESIAN_POINT('',(0.349966917044,0.52645586426));
#3311 = CARTESIAN_POINT('',(0.370337623438,0.52907858587));
#3312 = CARTESIAN_POINT('',(0.39070833955,0.531689749589));
#3313 = CARTESIAN_POINT('',(0.467262580664,0.541503367965));
#3314 = CARTESIAN_POINT('',(0.523450151798,0.54870762598));
#3315 = CARTESIAN_POINT('',(0.579635799412,0.556160257582));
#3316 = CARTESIAN_POINT('',(0.63581942673,0.563972185862));
#3317 = CARTESIAN_POINT('',(0.69200302654,0.572157012448));
#3318 = CARTESIAN_POINT('',(0.748188587449,0.580671359899));
#3319 = CARTESIAN_POINT('',(0.804376000143,0.589448290555));
#3320 = CARTESIAN_POINT('',(0.878843443655,0.601332667318));
#3321 = CARTESIAN_POINT('',(0.897127609152,0.604270806599));
#3322 = CARTESIAN_POINT('',(0.915411766173,0.607226595548));
#3323 = CARTESIAN_POINT('',(0.933695909311,0.610197510707));
#3324 = CARTESIAN_POINT('',(0.951980045335,0.613181049892));
#3325 = CARTESIAN_POINT('',(0.970264183339,0.616174783086));
#3326 = CARTESIAN_POINT('',(0.988548324888,0.619176403338));
#3327 = CARTESIAN_POINT('',(1.064183891447,0.631616944389));
#3328 = CARTESIAN_POINT('',(1.121539691851,0.64110761009));
#3329 = CARTESIAN_POINT('',(1.178893548928,0.650587892587));
#3330 = CARTESIAN_POINT('',(1.236244992001,0.660008458209));
#3331 = CARTESIAN_POINT('',(1.293596464526,0.669344081047));
#3332 = CARTESIAN_POINT('',(1.350950402814,0.678592978538));
#3333 = CARTESIAN_POINT('',(1.408306315148,0.68776992337));
#3334 = CARTESIAN_POINT('',(1.519384037106,0.705439633566));
#3335 = CARTESIAN_POINT('',(1.573113412346,0.713940302674));
#3336 = CARTESIAN_POINT('',(1.626841391495,0.722410624251));
#3337 = CARTESIAN_POINT('',(1.680567610227,0.730872519348));
#3338 = CARTESIAN_POINT('',(1.734293823831,0.739346434921));
#3339 = CARTESIAN_POINT('',(1.788021792325,0.747846201238));
#3340 = CARTESIAN_POINT('',(1.841751162208,0.756376656631));
#3341 = CARTESIAN_POINT('',(1.944689963417,0.772772512413));
#3342 = CARTESIAN_POINT('',(1.993904635255,0.78063431977));
#3343 = CARTESIAN_POINT('',(2.043118388829,0.788516982106));
#3344 = CARTESIAN_POINT('',(2.092330996186,0.796412646392));
#3345 = CARTESIAN_POINT('',(2.141543601999,0.804309684774));
#3346 = CARTESIAN_POINT('',(2.190757352477,0.812194969825));
#3347 = CARTESIAN_POINT('',(2.239972024165,0.820056826427));
#3348 = CARTESIAN_POINT('',(2.357671129806,0.838787787693));
#3349 = CARTESIAN_POINT('',(2.426168308307,0.849630973975));
#3350 = CARTESIAN_POINT('',(2.494660205599,0.860398766793));
#3351 = CARTESIAN_POINT('',(2.563147019458,0.871091902176));
#3352 = CARTESIAN_POINT('',(2.63163384299,0.881745230501));
#3353 = CARTESIAN_POINT('',(2.700125764772,0.892428376969));
#3354 = CARTESIAN_POINT('',(2.768622967477,0.903218348435));
#3355 = CARTESIAN_POINT('',(2.875316760688,0.920216313629));
#3356 = CARTESIAN_POINT('',(2.913524661137,0.926341657753));
#3357 = CARTESIAN_POINT('',(2.951732289902,0.932508017117));
#3358 = CARTESIAN_POINT('',(2.989939580709,0.93871285312));
#3359 = CARTESIAN_POINT('',(3.028146861415,0.944944325224));
#3360 = CARTESIAN_POINT('',(3.066354465299,0.951176890442));
#3361 = CARTESIAN_POINT('',(3.104562343069,0.957366579411));
#3362 = CARTESIAN_POINT('',(3.185517198041,0.970247732156));
#3363 = CARTESIAN_POINT('',(3.228265850118,0.976915414939));
#3364 = CARTESIAN_POINT('',(3.271014060328,0.983542054923));
#3365 = CARTESIAN_POINT('',(3.313761669972,0.990183823403));
#3366 = CARTESIAN_POINT('',(3.356509235524,0.996869461202));
#3367 = CARTESIAN_POINT('',(3.39925733732,1.003608561856));
#3368 = CARTESIAN_POINT('',(3.442005894534,1.010398682219));
#3369 = CARTESIAN_POINT('',(3.549794964632,1.027627241315));
#3370 = CARTESIAN_POINT('',(3.61484467883,1.038123117782));
#3371 = CARTESIAN_POINT('',(3.679890302044,1.048687427277));
#3372 = CARTESIAN_POINT('',(3.744931915457,1.059256459334));
#3373 = CARTESIAN_POINT('',(3.809973543679,1.069779796659));
#3374 = CARTESIAN_POINT('',(3.875019202523,1.080235902551));
#3375 = CARTESIAN_POINT('',(3.940068951582,1.090628024836));
#3376 = CARTESIAN_POINT('',(4.054543356503,1.108831293276));
#3377 = CARTESIAN_POINT('',(4.103978380323,1.116664491731));
#3378 = CARTESIAN_POINT('',(4.153412476222,1.124476830001));
#3379 = CARTESIAN_POINT('',(4.202845406649,1.132280491172));
#3380 = CARTESIAN_POINT('',(4.2522783353,1.140089007345));
#3381 = CARTESIAN_POINT('',(4.301712426651,1.147913823487));
#3382 = CARTESIAN_POINT('',(4.351147445377,1.155761691008));
#3383 = CARTESIAN_POINT('',(4.452674310008,1.171927809072));
#3384 = CARTESIAN_POINT('',(4.504770993291,1.180249460662));
#3385 = CARTESIAN_POINT('',(4.556866463886,1.188598485455));
#3386 = CARTESIAN_POINT('',(4.608960414489,1.196968929246));
#3387 = CARTESIAN_POINT('',(4.661054360058,1.205347713422));
#3388 = CARTESIAN_POINT('',(4.713149821561,1.213716337403));
#3389 = CARTESIAN_POINT('',(4.765246505489,1.222054814138));
#3390 = CARTESIAN_POINT('',(4.893792324893,1.242518479239));
#3391 = CARTESIAN_POINT('',(4.970262673524,1.254595018496));
#3392 = CARTESIAN_POINT('',(5.04672361083,1.26652578723));
#3393 = CARTESIAN_POINT('',(5.123176186256,1.278285780772));
#3394 = CARTESIAN_POINT('',(5.199628792863,1.289907127616));
#3395 = CARTESIAN_POINT('',(5.276089803349,1.30151573526));
#3396 = CARTESIAN_POINT('',(5.352560242934,1.313314280663));
#3397 = CARTESIAN_POINT('',(5.505165939095,1.337594683172));
#3398 = CARTESIAN_POINT('',(5.581337764059,1.350079515372));
#3399 = CARTESIAN_POINT('',(5.65750008006,1.363106729389));
#3400 = CARTESIAN_POINT('',(5.733653793863,1.376834295725));
#3401 = CARTESIAN_POINT('',(5.809807117906,1.39130482457));
#3402 = CARTESIAN_POINT('',(5.885968391973,1.406287053672));
#3403 = CARTESIAN_POINT('',(5.962138980798,1.421034120101));
#3404 = CARTESIAN_POINT('',(6.050167577562,1.436243877714));
#3405 = CARTESIAN_POINT('',(6.06204281355,1.43825712677));
#3406 = CARTESIAN_POINT('',(6.073918067768,1.440226695584));
#3407 = CARTESIAN_POINT('',(6.085793333377,1.442147101577));
#3408 = CARTESIAN_POINT('',(6.097668607969,1.44401248688));
#3409 = CARTESIAN_POINT('',(6.109543893574,1.445816618333));
#3410 = CARTESIAN_POINT('',(6.121419196656,1.447552887487));
#3411 = CARTESIAN_POINT('',(6.152031152377,1.451835665694));
#3412 = CARTESIAN_POINT('',(6.170767809235,1.454270670554));
#3413 = CARTESIAN_POINT('',(6.189504453032,1.456491860649));
#3414 = CARTESIAN_POINT('',(6.208241039492,1.458469325523));
#3415 = CARTESIAN_POINT('',(6.2269775138,1.46017071783));
#3416 = CARTESIAN_POINT('',(6.245713798677,1.461561262361));
#3417 = CARTESIAN_POINT('',(6.26444978246,1.462603765077));
#3418 = CARTESIAN_POINT('',(6.28318530718,1.463258622135));
#3419 = ( GEOMETRIC_REPRESENTATION_CONTEXT(2) 
PARAMETRIC_REPRESENTATION_CONTEXT() REPRESENTATION_CONTEXT('2D SPACE',''
  ) );
#3420 = ORIENTED_EDGE('',*,*,#2458,.F.);
#3421 = ADVANCED_FACE('',(#3422),#2997,.F.);
#3422 = FACE_BOUND('',#3423,.F.);
#3423 = EDGE_LOOP('',(#3424,#3469,#3470));
#3424 = ORIENTED_EDGE('',*,*,#3425,.F.);
#3425 = EDGE_CURVE('',#2929,#3426,#3428,.T.);
#3426 = VERTEX_POINT('',#3427);
#3427 = CARTESIAN_POINT('',(1.736258036944,-31.8527142961,
    56.551015244419));
#3428 = SURFACE_CURVE('',#3429,(#3438,#3445),.PCURVE_S1.);
#3429 = ( BOUNDED_CURVE() B_SPLINE_CURVE(7,(#3430,#3431,#3432,#3433,
    #3434,#3435,#3436,#3437),.UNSPECIFIED.,.F.,.F.) 
B_SPLINE_CURVE_WITH_KNOTS((8,8),(0.,1.),.PIECEWISE_BEZIER_KNOTS.) CURVE(
) GEOMETRIC_REPRESENTATION_ITEM() RATIONAL_B_SPLINE_CURVE((1.,1.,1.,
0.999999999999,1.000000000001,1.,1.,1.)) REPRESENTATION_ITEM('') );
#3430 = CARTESIAN_POINT('',(32.374999999999,1.409821405668E-13,
    56.737499999993));
#3431 = CARTESIAN_POINT('',(32.30479000602,-7.257593855052,
    56.709930523818));
#3432 = CARTESIAN_POINT('',(30.336355986386,-14.48084797015,
    56.682351638664));
#3433 = CARTESIAN_POINT('',(26.485090637116,-21.07438194894,
    56.654763404199));
#3434 = CARTESIAN_POINT('',(20.998472255288,-26.448605484,
    56.627165880552));
#3435 = CARTESIAN_POINT('',(14.357817158865,-30.14677627041,
    56.599559128267));
#3436 = CARTESIAN_POINT('',(7.161687558432,-31.95331882752,
    56.571943208351));
#3437 = CARTESIAN_POINT('',(1.52518030394E-12,-31.88294011149,
    56.54431818223));
#3438 = PCURVE('',#2997,#3439);
#3439 = DEFINITIONAL_REPRESENTATION('',(#3440),#3444);
#3440 = LINE('',#3441,#3442);
#3441 = CARTESIAN_POINT('',(4.,0.));
#3442 = VECTOR('',#3443,1.);
#3443 = DIRECTION('',(0.,1.));
#3444 = ( GEOMETRIC_REPRESENTATION_CONTEXT(2) 
PARAMETRIC_REPRESENTATION_CONTEXT() REPRESENTATION_CONTEXT('2D SPACE',''
  ) );
#3445 = PCURVE('',#3446,#3463);
#3446 = ( BOUNDED_SURFACE() B_SPLINE_SURFACE(1,7,(
    (#3447,#3448,#3449,#3450,#3451,#3452,#3453,#3454)
    ,(#3455,#3456,#3457,#3458,#3459,#3460,#3461,#3462
)),.UNSPECIFIED.,.F.,.F.,.F.) B_SPLINE_SURFACE_WITH_KNOTS((2,2),(8,8),(
    3.,4.),(0.,1.),.PIECEWISE_BEZIER_KNOTS.) 
GEOMETRIC_REPRESENTATION_ITEM() RATIONAL_B_SPLINE_SURFACE((
    (1.,1.,1.,0.999999999999,1.000000000001,1.,1.,1.)
    ,(1.,1.,1.,0.999999999999,1.000000000001,1.,1.,1.
))) REPRESENTATION_ITEM('') SURFACE() );
#3447 = CARTESIAN_POINT('',(32.375000000001,1.414121217608E-13,
    56.862499999993));
#3448 = CARTESIAN_POINT('',(32.304790006022,-7.257593855052,
    56.818713184892));
#3449 = CARTESIAN_POINT('',(30.336355986387,-14.48084797015,
    56.774911426101));
#3450 = CARTESIAN_POINT('',(26.485090637117,-21.07438194894,
    56.731094818394));
#3451 = CARTESIAN_POINT('',(20.998472255289,-26.448605484,
    56.687263457264));
#3452 = CARTESIAN_POINT('',(14.357817158865,-30.14677627041,
    56.64341743888));
#3453 = CARTESIAN_POINT('',(7.161687558432,-31.95331882752,
    56.599556860134));
#3454 = CARTESIAN_POINT('',(1.671997837771E-12,-31.88294011149,
    56.555681818593));
#3455 = CARTESIAN_POINT('',(32.374999999999,1.409821405668E-13,
    56.737499999993));
#3456 = CARTESIAN_POINT('',(32.30479000602,-7.257593855052,
    56.709930523818));
#3457 = CARTESIAN_POINT('',(30.336355986386,-14.48084797015,
    56.682351638664));
#3458 = CARTESIAN_POINT('',(26.485090637116,-21.07438194894,
    56.654763404199));
#3459 = CARTESIAN_POINT('',(20.998472255288,-26.448605484,
    56.627165880552));
#3460 = CARTESIAN_POINT('',(14.357817158865,-30.14677627041,
    56.599559128267));
#3461 = CARTESIAN_POINT('',(7.161687558432,-31.95331882752,
    56.571943208351));
#3462 = CARTESIAN_POINT('',(1.52518030394E-12,-31.88294011149,
    56.54431818223));
#3463 = DEFINITIONAL_REPRESENTATION('',(#3464),#3468);
#3464 = LINE('',#3465,#3466);
#3465 = CARTESIAN_POINT('',(4.,0.));
#3466 = VECTOR('',#3467,1.);
#3467 = DIRECTION('',(0.,1.));
#3468 = ( GEOMETRIC_REPRESENTATION_CONTEXT(2) 
PARAMETRIC_REPRESENTATION_CONTEXT() REPRESENTATION_CONTEXT('2D SPACE',''
  ) );
#3469 = ORIENTED_EDGE('',*,*,#2982,.T.);
#3470 = ORIENTED_EDGE('',*,*,#3471,.T.);
#3471 = EDGE_CURVE('',#2983,#3426,#3472,.T.);
#3472 = SURFACE_CURVE('',#3473,(#3588,#3706),.PCURVE_S1.);
#3473 = B_SPLINE_CURVE_WITH_KNOTS('',8,(#3474,#3475,#3476,#3477,#3478,
    #3479,#3480,#3481,#3482,#3483,#3484,#3485,#3486,#3487,#3488,#3489,
    #3490,#3491,#3492,#3493,#3494,#3495,#3496,#3497,#3498,#3499,#3500,
    #3501,#3502,#3503,#3504,#3505,#3506,#3507,#3508,#3509,#3510,#3511,
    #3512,#3513,#3514,#3515,#3516,#3517,#3518,#3519,#3520,#3521,#3522,
    #3523,#3524,#3525,#3526,#3527,#3528,#3529,#3530,#3531,#3532,#3533,
    #3534,#3535,#3536,#3537,#3538,#3539,#3540,#3541,#3542,#3543,#3544,
    #3545,#3546,#3547,#3548,#3549,#3550,#3551,#3552,#3553,#3554,#3555,
    #3556,#3557,#3558,#3559,#3560,#3561,#3562,#3563,#3564,#3565,#3566,
    #3567,#3568,#3569,#3570,#3571,#3572,#3573,#3574,#3575,#3576,#3577,
    #3578,#3579,#3580,#3581,#3582,#3583,#3584,#3585,#3586,#3587),
  .UNSPECIFIED.,.F.,.F.,(9,7,7,7,7,7,7,7,7,7,7,7,7,7,7,7,9),(0.,
    0.392135081915,0.462524822569,0.525673236394,0.583647427958,
    0.637479544096,0.687166485951,0.732705519801,0.774503539028,
    0.812901330478,0.84767946189,0.878710654928,0.906916250161,
    0.932732196105,0.956342021239,0.978571869823,1.),.UNSPECIFIED.);
#3474 = CARTESIAN_POINT('',(31.9,1.7763568394E-14,56.463258622137));
#3475 = CARTESIAN_POINT('',(31.9,-2.372130356009,56.467559606929));
#3476 = CARTESIAN_POINT('',(31.698405614553,-4.744773126303,
    56.471867197356));
#3477 = CARTESIAN_POINT('',(31.295064734745,-7.097164092504,
    56.476172536281));
#3478 = CARTESIAN_POINT('',(30.692570908368,-9.409310928041,
    56.480475177968));
#3479 = CARTESIAN_POINT('',(29.895681588528,-11.66185985983,
    56.484778004456));
#3480 = CARTESIAN_POINT('',(28.911305203821,-13.8361162735,
    56.489081746689));
#3481 = CARTESIAN_POINT('',(27.748500687141,-15.91406905937,
    56.493386393537));
#3482 = CARTESIAN_POINT('',(26.18039141402,-18.23124824921,
    56.498462780942));
#3483 = CARTESIAN_POINT('',(25.936367947126,-18.58024951277,
    56.499235339379));
#3484 = CARTESIAN_POINT('',(25.687029980427,-18.92551425008,
    56.500007899949));
#3485 = CARTESIAN_POINT('',(25.432444385721,-19.26694808348,
    56.500780460828));
#3486 = CARTESIAN_POINT('',(25.172680007179,-19.60445812589,
    56.501553020266));
#3487 = CARTESIAN_POINT('',(24.907807661343,-19.93795298072,
    56.502325576581));
#3488 = CARTESIAN_POINT('',(24.637900137127,-20.26734274197,
    56.503098128165));
#3489 = CARTESIAN_POINT('',(24.116441224688,-20.88428076385,
    56.504563743384));
#3490 = CARTESIAN_POINT('',(23.865857856365,-21.17264756073,
    56.505256808421));
#3491 = CARTESIAN_POINT('',(23.611336060872,-21.45757556359,
    56.505949867566));
#3492 = CARTESIAN_POINT('',(23.352930984073,-21.73900204033,
    56.506642920007));
#3493 = CARTESIAN_POINT('',(23.09069894767,-22.01686534796,
    56.507335965139));
#3494 = CARTESIAN_POINT('',(22.824697449208,-22.29110493262,
    56.508029002567));
#3495 = CARTESIAN_POINT('',(22.554985162068,-22.56166132951,
    56.508722032104));
#3496 = CARTESIAN_POINT('',(22.030657404379,-23.07342885984,
    56.510051290985));
#3497 = CARTESIAN_POINT('',(21.776615661012,-23.3152280816,
    56.510687521609));
#3498 = CARTESIAN_POINT('',(21.519543009057,-23.55382866721,
    56.51132374571));
#3499 = CARTESIAN_POINT('',(21.259486516463,-23.78918630195,
    56.511959963484));
#3500 = CARTESIAN_POINT('',(20.996494015443,-24.02125751736,
    56.512596175252));
#3501 = CARTESIAN_POINT('',(20.730614102474,-24.24999969135,
    56.51323238146));
#3502 = CARTESIAN_POINT('',(20.461896138298,-24.4753710481,
    56.513868582684));
#3503 = CARTESIAN_POINT('',(19.938282607809,-24.90343194529,
    56.515095522274));
#3504 = CARTESIAN_POINT('',(19.683771146045,-25.10659162346,
    56.515686261216));
#3505 = CARTESIAN_POINT('',(19.426895988116,-25.30677692919,
    56.516276997029));
#3506 = CARTESIAN_POINT('',(19.167697777677,-25.50395577312,
    56.516867730295));
#3507 = CARTESIAN_POINT('',(18.906217676551,-25.69809674004,
    56.517458461593));
#3508 = CARTESIAN_POINT('',(18.642497364731,-25.88916908881,
    56.518049191506));
#3509 = CARTESIAN_POINT('',(18.376579040383,-26.0771427524,
    56.518639920616));
#3510 = CARTESIAN_POINT('',(17.861073972731,-26.43260046532,
    56.519775891157));
#3511 = CARTESIAN_POINT('',(17.611806347057,-26.60054772458,
    56.520321132594));
#3512 = CARTESIAN_POINT('',(17.360736126565,-26.76580700671,
    56.520866374272));
#3513 = CARTESIAN_POINT('',(17.107897239695,-26.9283557189,
    56.521411616557));
#3514 = CARTESIAN_POINT('',(16.853323959577,-27.08817178445,
    56.521956859725));
#3515 = CARTESIAN_POINT('',(16.597050904035,-27.2452336428,
    56.522502103958));
#3516 = CARTESIAN_POINT('',(16.33911303558,-27.3995202495,
    56.523047349349));
#3517 = CARTESIAN_POINT('',(15.841647191571,-27.68985532038,
    56.524092324802));
#3518 = CARTESIAN_POINT('',(15.602379911334,-27.8263511005,
    56.524592054657));
#3519 = CARTESIAN_POINT('',(15.361770997396,-27.96048261455,
    56.525091785457));
#3520 = CARTESIAN_POINT('',(15.119847854959,-28.09223443999,
    56.525591517071));
#3521 = CARTESIAN_POINT('',(14.876638117736,-28.22159153376,
    56.526091249241));
#3522 = CARTESIAN_POINT('',(14.632169647954,-28.34853923229,
    56.526590981584));
#3523 = CARTESIAN_POINT('',(14.386470536348,-28.47306325147,
    56.527090713589));
#3524 = CARTESIAN_POINT('',(13.912950528599,-28.70720676687,
    56.528049122935));
#3525 = CARTESIAN_POINT('',(13.685319057807,-28.81721031177,
    56.528507800411));
#3526 = CARTESIAN_POINT('',(13.456696579952,-28.92514957159,
    56.528966476557));
#3527 = CARTESIAN_POINT('',(13.227105148157,-29.03101407438,
    56.529425150752));
#3528 = CARTESIAN_POINT('',(12.996566978511,-29.13479362602,
    56.529883822248));
#3529 = CARTESIAN_POINT('',(12.765104450071,-29.23647831027,
    56.530342490167));
#3530 = CARTESIAN_POINT('',(12.53274010486,-29.33605848876,
    56.530801153503));
#3531 = CARTESIAN_POINT('',(12.085227316819,-29.52306232448,
    56.531681157392));
#3532 = CARTESIAN_POINT('',(11.870216096244,-29.61081591726,
    56.532102498816));
#3533 = CARTESIAN_POINT('',(11.654480577358,-29.69677832417,
    56.532523834525));
#3534 = CARTESIAN_POINT('',(11.4380384841,-29.78094249313,
    56.532945163524));
#3535 = CARTESIAN_POINT('',(11.220907673133,-29.86330157509,
    56.533366484691));
#3536 = CARTESIAN_POINT('',(11.003106133843,-29.94384892409,
    56.533787796781));
#3537 = CARTESIAN_POINT('',(10.784651988336,-30.02257809718,
    56.534209098418));
#3538 = CARTESIAN_POINT('',(10.367127897938,-30.16913800014,
    56.535011963907));
#3539 = CARTESIAN_POINT('',(10.168171932025,-30.23729648014,
    56.535393529871));
#3540 = CARTESIAN_POINT('',(9.968709155488,-30.30395366612,
    56.535775084893));
#3541 = CARTESIAN_POINT('',(9.768753243036,-30.36910506276,
    56.536156627741));
#3542 = CARTESIAN_POINT('',(9.568317988123,-30.43274631131,
    56.536538157054));
#3543 = CARTESIAN_POINT('',(9.367417308759,-30.49487319312,
    56.536919671331));
#3544 = CARTESIAN_POINT('',(9.166065253324,-30.55548163318,
    56.537301168931));
#3545 = CARTESIAN_POINT('',(8.784227199257,-30.66728793858,
    56.53802302727));
#3546 = CARTESIAN_POINT('',(8.603830359247,-30.71879615963,
    56.538363391719));
#3547 = CARTESIAN_POINT('',(8.423095552329,-30.76908958126,
    56.538703740164));
#3548 = CARTESIAN_POINT('',(8.242032963758,-30.81816550074,56.5390440712
    ));
#3549 = CARTESIAN_POINT('',(8.060652905662,-30.86602130276,
    56.539384383258));
#3550 = CARTESIAN_POINT('',(7.878965824648,-30.912654464,56.539724674598
    ));
#3551 = CARTESIAN_POINT('',(7.696982309392,-30.95806255773,
    56.540064943301));
#3552 = CARTESIAN_POINT('',(7.349040718633,-31.04240101052,
    56.540714449728));
#3553 = CARTESIAN_POINT('',(7.183132351014,-31.08154470596,
    56.541023691664));
#3554 = CARTESIAN_POINT('',(7.01699604271,-31.11967260449,
    56.541332911516));
#3555 = CARTESIAN_POINT('',(6.850639998426,-31.15678302041,
    56.541642107502));
#3556 = CARTESIAN_POINT('',(6.684072591255,-31.19287432905,
    56.541951277594));
#3557 = CARTESIAN_POINT('',(6.51730237369,-31.22794497332,56.5422604195)
  );
#3558 = CARTESIAN_POINT('',(6.350338088628,-31.26199347021,
    56.542569530656));
#3559 = CARTESIAN_POINT('',(6.030200592297,-31.32524540754,
    56.543161499922));
#3560 = CARTESIAN_POINT('',(5.877057499772,-31.35461492067,
    56.543444363338));
#3561 = CARTESIAN_POINT('',(5.723766232606,-31.38312589011,
    56.543727196316));
#3562 = CARTESIAN_POINT('',(5.570333854235,-31.41077728585,
    56.544009996342));
#3563 = CARTESIAN_POINT('',(5.416767678555,-31.43756812422,
    56.544292760503));
#3564 = CARTESIAN_POINT('',(5.263075286744,-31.46349747767,
    56.544575485457));
#3565 = CARTESIAN_POINT('',(5.109264544082,-31.48856448455,
    56.544858167411));
#3566 = CARTESIAN_POINT('',(4.814576116479,-31.53490387314,
    56.54539928401));
#3567 = CARTESIAN_POINT('',(4.673716590694,-31.55631745,56.545657726148)
  );
#3568 = CARTESIAN_POINT('',(4.532771237987,-31.57700850017,
    56.545916125322));
#3569 = CARTESIAN_POINT('',(4.391746620855,-31.59697646056,
    56.546174477732));
#3570 = CARTESIAN_POINT('',(4.25064969176,-31.61622080908,
    56.546432778919));
#3571 = CARTESIAN_POINT('',(4.109487819173,-31.63474107933,
    56.546691023717));
#3572 = CARTESIAN_POINT('',(3.968268813613,-31.65253687543,
    56.546949206213));
#3573 = CARTESIAN_POINT('',(3.693990094099,-31.68568111027,
    56.547450346647));
#3574 = CARTESIAN_POINT('',(3.560936174766,-31.70111176854,
    56.547693311958));
#3575 = CARTESIAN_POINT('',(3.42784600135,-31.71589962248,
    56.547936210227));
#3576 = CARTESIAN_POINT('',(3.294727041596,-31.73004445942,
    56.548179034884));
#3577 = CARTESIAN_POINT('',(3.161587473003,-31.74354611972,
    56.548421778117));
#3578 = CARTESIAN_POINT('',(3.028436230493,-31.75640452332,
    56.548664430785));
#3579 = CARTESIAN_POINT('',(2.895283054082,-31.76861969637,
    56.548906982335));
#3580 = CARTESIAN_POINT('',(2.633795869558,-31.79134655195,
    56.549383115568));
#3581 = CARTESIAN_POINT('',(2.505461808966,-31.80190373321,
    56.549616704246));
#3582 = CARTESIAN_POINT('',(2.377145575795,-31.81186352261,
    56.549850176441));
#3583 = CARTESIAN_POINT('',(2.248857788803,-31.82122614685,
    56.550083519347));
#3584 = CARTESIAN_POINT('',(2.120610565173,-31.82999193488,
    56.550316717482));
#3585 = CARTESIAN_POINT('',(1.992417621191,-31.83816137465,
    56.550549752502));
#3586 = CARTESIAN_POINT('',(1.864294372931,-31.84573516976,
    56.550782603018));
#3587 = CARTESIAN_POINT('',(1.736258036943,-31.8527142961,
    56.551015244419));
#3588 = PCURVE('',#2997,#3589);
#3589 = DEFINITIONAL_REPRESENTATION('',(#3590),#3705);
#3590 = B_SPLINE_CURVE_WITH_KNOTS('',8,(#3591,#3592,#3593,#3594,#3595,
    #3596,#3597,#3598,#3599,#3600,#3601,#3602,#3603,#3604,#3605,#3606,
    #3607,#3608,#3609,#3610,#3611,#3612,#3613,#3614,#3615,#3616,#3617,
    #3618,#3619,#3620,#3621,#3622,#3623,#3624,#3625,#3626,#3627,#3628,
    #3629,#3630,#3631,#3632,#3633,#3634,#3635,#3636,#3637,#3638,#3639,
    #3640,#3641,#3642,#3643,#3644,#3645,#3646,#3647,#3648,#3649,#3650,
    #3651,#3652,#3653,#3654,#3655,#3656,#3657,#3658,#3659,#3660,#3661,
    #3662,#3663,#3664,#3665,#3666,#3667,#3668,#3669,#3670,#3671,#3672,
    #3673,#3674,#3675,#3676,#3677,#3678,#3679,#3680,#3681,#3682,#3683,
    #3684,#3685,#3686,#3687,#3688,#3689,#3690,#3691,#3692,#3693,#3694,
    #3695,#3696,#3697,#3698,#3699,#3700,#3701,#3702,#3703,#3704),
  .UNSPECIFIED.,.F.,.F.,(9,7,7,7,7,7,7,7,7,7,7,7,7,7,7,7,9),(0.,
    0.392135081915,0.462524822569,0.525673236394,0.583647427958,
    0.637479544096,0.687166485951,0.732705519801,0.774503539028,
    0.812901330478,0.84767946189,0.878710654928,0.906916250161,
    0.932732196105,0.956342021239,0.978571869823,1.),.UNSPECIFIED.);
#3591 = CARTESIAN_POINT('',(4.87757240916,0.));
#3592 = CARTESIAN_POINT('',(4.872312037245,4.738784912654E-02));
#3593 = CARTESIAN_POINT('',(4.86651492684,9.478085782424E-02));
#3594 = CARTESIAN_POINT('',(4.860114102412,0.142163261682));
#3595 = CARTESIAN_POINT('',(4.853000060806,0.189535672622));
#3596 = CARTESIAN_POINT('',(4.845018022125,0.236902829316));
#3597 = CARTESIAN_POINT('',(4.835959136022,0.284269428791));
#3598 = CARTESIAN_POINT('',(4.825539407476,0.331635938057));
#3599 = CARTESIAN_POINT('',(4.811082916825,0.387486509504));
#3600 = CARTESIAN_POINT('',(4.808823543279,0.395986004781));
#3601 = CARTESIAN_POINT('',(4.806502147794,0.404485327139));
#3602 = CARTESIAN_POINT('',(4.804115739404,0.41298447589));
#3603 = CARTESIAN_POINT('',(4.801661058129,0.421483450274));
#3604 = CARTESIAN_POINT('',(4.799134574962,0.42998224946));
#3605 = CARTESIAN_POINT('',(4.796532491881,0.438480872545));
#3606 = CARTESIAN_POINT('',(4.791444876158,0.454603489072));
#3607 = CARTESIAN_POINT('',(4.788974829436,0.46222751795));
#3608 = CARTESIAN_POINT('',(4.786437678259,0.469851404523));
#3609 = CARTESIAN_POINT('',(4.783830212891,0.477475148032));
#3610 = CARTESIAN_POINT('',(4.781148937279,0.485098747619));
#3611 = CARTESIAN_POINT('',(4.77839006905,0.492722202327));
#3612 = CARTESIAN_POINT('',(4.775549539512,0.500345511103));
#3613 = CARTESIAN_POINT('',(4.769936241607,0.514967211785));
#3614 = CARTESIAN_POINT('',(4.767176921081,0.521965627328));
#3615 = CARTESIAN_POINT('',(4.764341680552,0.528963918565));
#3616 = CARTESIAN_POINT('',(4.761426835577,0.535962084493));
#3617 = CARTESIAN_POINT('',(4.758428368802,0.54296012397));
#3618 = CARTESIAN_POINT('',(4.755341929961,0.549958035712));
#3619 = CARTESIAN_POINT('',(4.752162835871,0.556955818291));
#3620 = CARTESIAN_POINT('',(4.745843419688,0.57045116156));
#3621 = CARTESIAN_POINT('',(4.742716468809,0.576948740575));
#3622 = CARTESIAN_POINT('',(4.739501227318,0.583446205965));
#3623 = CARTESIAN_POINT('',(4.736193296276,0.5899435563));
#3624 = CARTESIAN_POINT('',(4.732787868282,0.596440789934));
#3625 = CARTESIAN_POINT('',(4.729279727478,0.602937905011));
#3626 = CARTESIAN_POINT('',(4.725663249548,0.609434899462));
#3627 = CARTESIAN_POINT('',(4.718488836184,0.621928371206));
#3628 = CARTESIAN_POINT('',(4.714947728176,0.627924866846));
#3629 = CARTESIAN_POINT('',(4.7113043656,0.633921256179));
#3630 = CARTESIAN_POINT('',(4.707553540892,0.639917537144));
#3631 = CARTESIAN_POINT('',(4.703689551014,0.645913707366));
#3632 = CARTESIAN_POINT('',(4.699706197454,0.651909764152));
#3633 = CARTESIAN_POINT('',(4.695596786224,0.657905704495));
#3634 = CARTESIAN_POINT('',(4.687465650221,0.669396809463));
#3635 = CARTESIAN_POINT('',(4.683465112588,0.674891993246));
#3636 = CARTESIAN_POINT('',(4.679347017875,0.680387073933));
#3637 = CARTESIAN_POINT('',(4.675105278138,0.685882048573));
#3638 = CARTESIAN_POINT('',(4.670733214578,0.691376913751));
#3639 = CARTESIAN_POINT('',(4.66622355754,0.696871665586));
#3640 = CARTESIAN_POINT('',(4.661568446519,0.702366299733));
#3641 = CARTESIAN_POINT('',(4.652345472684,0.712903950954));
#3642 = CARTESIAN_POINT('',(4.647801696072,0.717946987162));
#3643 = CARTESIAN_POINT('',(4.643121614016,0.722989916411));
#3644 = CARTESIAN_POINT('',(4.638298023871,0.728032734399));
#3645 = CARTESIAN_POINT('',(4.633323006649,0.733075436119));
#3646 = CARTESIAN_POINT('',(4.628187927018,0.738118015854));
#3647 = CARTESIAN_POINT('',(4.622883433303,0.743160467183));
#3648 = CARTESIAN_POINT('',(4.612361597709,0.752834911339));
#3649 = CARTESIAN_POINT('',(4.607172066237,0.757466924984));
#3650 = CARTESIAN_POINT('',(4.601823121979,0.762098818597));
#3651 = CARTESIAN_POINT('',(4.596306141329,0.766730585784));
#3652 = CARTESIAN_POINT('',(4.590611618163,0.771362219075));
#3653 = CARTESIAN_POINT('',(4.584729163842,0.775993709922));
#3654 = CARTESIAN_POINT('',(4.578647507212,0.780625048701));
#3655 = CARTESIAN_POINT('',(4.56665470794,0.789450831791));
#3656 = CARTESIAN_POINT('',(4.560781438192,0.793645304907));
#3657 = CARTESIAN_POINT('',(4.554725436078,0.797839636081));
#3658 = CARTESIAN_POINT('',(4.548476706852,0.802033816042));
#3659 = CARTESIAN_POINT('',(4.542024365117,0.806227834085));
#3660 = CARTESIAN_POINT('',(4.535356489642,0.810421677929));
#3661 = CARTESIAN_POINT('',(4.528459978184,0.814615333569));
#3662 = CARTESIAN_POINT('',(4.514950032521,0.822550441168));
#3663 = CARTESIAN_POINT('',(4.508386154469,0.826291934133));
#3664 = CARTESIAN_POINT('',(4.501618476194,0.830033252972));
#3665 = CARTESIAN_POINT('',(4.494635878764,0.833774384757));
#3666 = CARTESIAN_POINT('',(4.487426256311,0.837515314529));
#3667 = CARTESIAN_POINT('',(4.479976356067,0.841256025135));
#3668 = CARTESIAN_POINT('',(4.472271618403,0.844996497064));
#3669 = CARTESIAN_POINT('',(4.457046647234,0.852136348252));
#3670 = CARTESIAN_POINT('',(4.449573500651,0.855535771849));
#3671 = CARTESIAN_POINT('',(4.441864490933,0.858934962882));
#3672 = CARTESIAN_POINT('',(4.433906549485,0.862333902297));
#3673 = CARTESIAN_POINT('',(4.42568543201,0.865732567966));
#3674 = CARTESIAN_POINT('',(4.417185525208,0.869130934462));
#3675 = CARTESIAN_POINT('',(4.408389653474,0.87252897284));
#3676 = CARTESIAN_POINT('',(4.390940005005,0.87903646816));
#3677 = CARTESIAN_POINT('',(4.382337333654,0.882145982036));
#3678 = CARTESIAN_POINT('',(4.373456290631,0.885255167555));
#3679 = CARTESIAN_POINT('',(4.364281089541,0.888363995728));
#3680 = CARTESIAN_POINT('',(4.354794495238,0.891472432731));
#3681 = CARTESIAN_POINT('',(4.344977580537,0.894580439571));
#3682 = CARTESIAN_POINT('',(4.334809482939,0.897687971753));
#3683 = CARTESIAN_POINT('',(4.31462574167,0.903636474541));
#3684 = CARTESIAN_POINT('',(4.304671338132,0.906477528375));
#3685 = CARTESIAN_POINT('',(4.29438624201,0.909318102921));
#3686 = CARTESIAN_POINT('',(4.283751258089,0.912158153468));
#3687 = CARTESIAN_POINT('',(4.272745398588,0.914997627612));
#3688 = CARTESIAN_POINT('',(4.261345577083,0.91783646474));
#3689 = CARTESIAN_POINT('',(4.249526302439,0.920674595514));
#3690 = CARTESIAN_POINT('',(4.225709435848,0.926183446466));
#3691 = CARTESIAN_POINT('',(4.213762675469,0.928854250689));
#3692 = CARTESIAN_POINT('',(4.201395425082,0.931524290531));
#3693 = CARTESIAN_POINT('',(4.188581957475,0.934193489329));
#3694 = CARTESIAN_POINT('',(4.175294037558,0.936861756297));
#3695 = CARTESIAN_POINT('',(4.161500475192,0.939528985583));
#3696 = CARTESIAN_POINT('',(4.147166678024,0.942195055315));
#3697 = CARTESIAN_POINT('',(4.117879548233,0.947428493139));
#3698 = CARTESIAN_POINT('',(4.102967282595,0.949995941977));
#3699 = CARTESIAN_POINT('',(4.087482754633,0.952562054126));
#3700 = CARTESIAN_POINT('',(4.071388137211,0.955126682671));
#3701 = CARTESIAN_POINT('',(4.054641694405,0.957689650784));
#3702 = CARTESIAN_POINT('',(4.037197047094,0.96025074971));
#3703 = CARTESIAN_POINT('',(4.019002438544,0.962809736734));
#3704 = CARTESIAN_POINT('',(4.,0.965366333162));
#3705 = ( GEOMETRIC_REPRESENTATION_CONTEXT(2) 
PARAMETRIC_REPRESENTATION_CONTEXT() REPRESENTATION_CONTEXT('2D SPACE',''
  ) );
#3706 = PCURVE('',#3284,#3707);
#3707 = DEFINITIONAL_REPRESENTATION('',(#3708),#3823);
#3708 = B_SPLINE_CURVE_WITH_KNOTS('',8,(#3709,#3710,#3711,#3712,#3713,
    #3714,#3715,#3716,#3717,#3718,#3719,#3720,#3721,#3722,#3723,#3724,
    #3725,#3726,#3727,#3728,#3729,#3730,#3731,#3732,#3733,#3734,#3735,
    #3736,#3737,#3738,#3739,#3740,#3741,#3742,#3743,#3744,#3745,#3746,
    #3747,#3748,#3749,#3750,#3751,#3752,#3753,#3754,#3755,#3756,#3757,
    #3758,#3759,#3760,#3761,#3762,#3763,#3764,#3765,#3766,#3767,#3768,
    #3769,#3770,#3771,#3772,#3773,#3774,#3775,#3776,#3777,#3778,#3779,
    #3780,#3781,#3782,#3783,#3784,#3785,#3786,#3787,#3788,#3789,#3790,
    #3791,#3792,#3793,#3794,#3795,#3796,#3797,#3798,#3799,#3800,#3801,
    #3802,#3803,#3804,#3805,#3806,#3807,#3808,#3809,#3810,#3811,#3812,
    #3813,#3814,#3815,#3816,#3817,#3818,#3819,#3820,#3821,#3822),
  .UNSPECIFIED.,.F.,.F.,(9,7,7,7,7,7,7,7,7,7,7,7,7,7,7,7,9),(0.,
    0.392135081915,0.462524822569,0.525673236394,0.583647427958,
    0.637479544096,0.687166485951,0.732705519801,0.774503539028,
    0.812901330478,0.84767946189,0.878710654928,0.906916250161,
    0.932732196105,0.956342021239,0.978571869823,1.),.UNSPECIFIED.);
#3709 = CARTESIAN_POINT('',(6.28318530718,0.463258622137));
#3710 = CARTESIAN_POINT('',(6.208823854013,0.467559606929));
#3711 = CARTESIAN_POINT('',(6.134446344831,0.471867197356));
#3712 = CARTESIAN_POINT('',(6.060077061812,0.476172536281));
#3713 = CARTESIAN_POINT('',(5.985715235604,0.480475177968));
#3714 = CARTESIAN_POINT('',(5.911353488884,0.484778004456));
#3715 = CARTESIAN_POINT('',(5.836984458113,0.489081746689));
#3716 = CARTESIAN_POINT('',(5.762607412568,0.493386393537));
#3717 = CARTESIAN_POINT('',(5.674898715123,0.498462780942));
#3718 = CARTESIAN_POINT('',(5.661550699522,0.499235339379));
#3719 = CARTESIAN_POINT('',(5.648202693452,0.500007899949));
#3720 = CARTESIAN_POINT('',(5.634854698089,0.500780460828));
#3721 = CARTESIAN_POINT('',(5.62150671473,0.501553020266));
#3722 = CARTESIAN_POINT('',(5.608158744793,0.502325576581));
#3723 = CARTESIAN_POINT('',(5.594810789813,0.503098128165));
#3724 = CARTESIAN_POINT('',(5.569488078874,0.504563743384));
#3725 = CARTESIAN_POINT('',(5.557513318296,0.505256808421));
#3726 = CARTESIAN_POINT('',(5.545538570845,0.505949867566));
#3727 = CARTESIAN_POINT('',(5.533563837808,0.506642920007));
#3728 = CARTESIAN_POINT('',(5.521589120628,0.507335965139));
#3729 = CARTESIAN_POINT('',(5.509614420905,0.508029002567));
#3730 = CARTESIAN_POINT('',(5.49763974039,0.508722032104));
#3731 = CARTESIAN_POINT('',(5.474671595082,0.510051290985));
#3732 = CARTESIAN_POINT('',(5.463678126148,0.510687521609));
#3733 = CARTESIAN_POINT('',(5.45268467562,0.51132374571));
#3734 = CARTESIAN_POINT('',(5.441691245147,0.511959963484));
#3735 = CARTESIAN_POINT('',(5.430697836597,0.512596175252));
#3736 = CARTESIAN_POINT('',(5.419704452058,0.51323238146));
#3737 = CARTESIAN_POINT('',(5.408711093841,0.513868582684));
#3738 = CARTESIAN_POINT('',(5.387509874255,0.515095522274));
#3739 = CARTESIAN_POINT('',(5.37730200842,0.515686261216));
#3740 = CARTESIAN_POINT('',(5.367094168939,0.516276997029));
#3741 = CARTESIAN_POINT('',(5.356886358111,0.516867730295));
#3742 = CARTESIAN_POINT('',(5.34667857857,0.517458461593));
#3743 = CARTESIAN_POINT('',(5.336470833278,0.518049191506));
#3744 = CARTESIAN_POINT('',(5.326263125532,0.518639920616));
#3745 = CARTESIAN_POINT('',(5.306633801924,0.519775891157));
#3746 = CARTESIAN_POINT('',(5.297212179739,0.520321132594));
#3747 = CARTESIAN_POINT('',(5.287790595173,0.520866374272));
#3748 = CARTESIAN_POINT('',(5.278369051495,0.521411616557));
#3749 = CARTESIAN_POINT('',(5.268947552471,0.521956859725));
#3750 = CARTESIAN_POINT('',(5.259526102361,0.522502103958));
#3751 = CARTESIAN_POINT('',(5.250104705923,0.523047349349));
#3752 = CARTESIAN_POINT('',(5.232048532136,0.524092324802));
#3753 = CARTESIAN_POINT('',(5.223413745367,0.524592054657));
#3754 = CARTESIAN_POINT('',(5.214779012034,0.525091785457));
#3755 = CARTESIAN_POINT('',(5.206144336798,0.525591517071));
#3756 = CARTESIAN_POINT('',(5.197509725052,0.526091249241));
#3757 = CARTESIAN_POINT('',(5.188875182922,0.526590981584));
#3758 = CARTESIAN_POINT('',(5.180240717265,0.527090713589));
#3759 = CARTESIAN_POINT('',(5.163681265297,0.528049122935));
#3760 = CARTESIAN_POINT('',(5.155756266003,0.528507800411));
#3761 = CARTESIAN_POINT('',(5.147831343462,0.528966476557));
#3762 = CARTESIAN_POINT('',(5.139906504461,0.529425150752));
#3763 = CARTESIAN_POINT('',(5.1319817569,0.529883822248));
#3764 = CARTESIAN_POINT('',(5.124057109791,0.530342490167));
#3765 = CARTESIAN_POINT('',(5.116132573261,0.530801153503));
#3766 = CARTESIAN_POINT('',(5.100928387182,0.531681157392));
#3767 = CARTESIAN_POINT('',(5.093648719148,0.532102498816));
#3768 = CARTESIAN_POINT('',(5.086369162831,0.532523834525));
#3769 = CARTESIAN_POINT('',(5.079089728308,0.532945163524));
#3770 = CARTESIAN_POINT('',(5.071810427352,0.533366484691));
#3771 = CARTESIAN_POINT('',(5.064531273433,0.533787796781));
#3772 = CARTESIAN_POINT('',(5.057252281713,0.534209098418));
#3773 = CARTESIAN_POINT('',(5.043380811149,0.535011963907));
#3774 = CARTESIAN_POINT('',(5.036788300821,0.535393529871));
#3775 = CARTESIAN_POINT('',(5.030195950639,0.535775084893));
#3776 = CARTESIAN_POINT('',(5.023603775205,0.536156627741));
#3777 = CARTESIAN_POINT('',(5.017011791374,0.536538157054));
#3778 = CARTESIAN_POINT('',(5.010420018487,0.536919671331));
#3779 = CARTESIAN_POINT('',(5.003828478588,0.537301168931));
#3780 = CARTESIAN_POINT('',(4.991356048542,0.53802302727));
#3781 = CARTESIAN_POINT('',(4.985475106743,0.538363391719));
#3782 = CARTESIAN_POINT('',(4.979594388669,0.538703740164));
#3783 = CARTESIAN_POINT('',(4.973713914667,0.5390440712));
#3784 = CARTESIAN_POINT('',(4.967833708279,0.539384383258));
#3785 = CARTESIAN_POINT('',(4.961953796496,0.539724674598));
#3786 = CARTESIAN_POINT('',(4.95607421001,0.540064943301));
#3787 = CARTESIAN_POINT('',(4.944851099867,0.540714449728));
#3788 = CARTESIAN_POINT('',(4.939507515179,0.541023691664));
#3789 = CARTESIAN_POINT('',(4.934164254896,0.541332911516));
#3790 = CARTESIAN_POINT('',(4.92882134899,0.541642107502));
#3791 = CARTESIAN_POINT('',(4.923478832268,0.541951277594));
#3792 = CARTESIAN_POINT('',(4.91813674472,0.5422604195));
#3793 = CARTESIAN_POINT('',(4.912795131868,0.542569530656));
#3794 = CARTESIAN_POINT('',(4.902565468729,0.543161499922));
#3795 = CARTESIAN_POINT('',(4.897677335608,0.543444363338));
#3796 = CARTESIAN_POINT('',(4.892789684261,0.543727196316));
#3797 = CARTESIAN_POINT('',(4.887902560275,0.544009996342));
#3798 = CARTESIAN_POINT('',(4.883016016841,0.544292760503));
#3799 = CARTESIAN_POINT('',(4.878130115271,0.544575485457));
#3800 = CARTESIAN_POINT('',(4.873244925528,0.544858167411));
#3801 = CARTESIAN_POINT('',(4.86389352789,0.54539928401));
#3802 = CARTESIAN_POINT('',(4.859427194773,0.545657726148));
#3803 = CARTESIAN_POINT('',(4.854961586411,0.545916125322));
#3804 = CARTESIAN_POINT('',(4.850496773104,0.546174477732));
#3805 = CARTESIAN_POINT('',(4.846032837249,0.546432778919));
#3806 = CARTESIAN_POINT('',(4.841569874148,0.546691023717));
#3807 = CARTESIAN_POINT('',(4.837107992821,0.546949206213));
#3808 = CARTESIAN_POINT('',(4.828447363978,0.547450346647));
#3809 = CARTESIAN_POINT('',(4.824248487587,0.547693311958));
#3810 = CARTESIAN_POINT('',(4.820050787478,0.547936210227));
#3811 = CARTESIAN_POINT('',(4.815854384192,0.548179034884));
#3812 = CARTESIAN_POINT('',(4.811659420469,0.548421778117));
#3813 = CARTESIAN_POINT('',(4.807466062744,0.548664430785));
#3814 = CARTESIAN_POINT('',(4.80327450264,0.548906982335));
#3815 = CARTESIAN_POINT('',(4.79504650999,0.549383115568));
#3816 = CARTESIAN_POINT('',(4.791009952298,0.549616704246));
#3817 = CARTESIAN_POINT('',(4.786975472555,0.549850176441));
#3818 = CARTESIAN_POINT('',(4.782943301766,0.550083519347));
#3819 = CARTESIAN_POINT('',(4.778913717965,0.550316717482));
#3820 = CARTESIAN_POINT('',(4.774887049396,0.550549752502));
#3821 = CARTESIAN_POINT('',(4.770863677702,0.550782603018));
#3822 = CARTESIAN_POINT('',(4.766844041108,0.551015244419));
#3823 = ( GEOMETRIC_REPRESENTATION_CONTEXT(2) 
PARAMETRIC_REPRESENTATION_CONTEXT() REPRESENTATION_CONTEXT('2D SPACE',''
  ) );
#3824 = ADVANCED_FACE('',(#3825),#3446,.F.);
#3825 = FACE_BOUND('',#3826,.F.);
#3826 = EDGE_LOOP('',(#3827,#3874,#3893,#3894));
#3827 = ORIENTED_EDGE('',*,*,#3828,.F.);
#3828 = EDGE_CURVE('',#3829,#3831,#3833,.T.);
#3829 = VERTEX_POINT('',#3830);
#3830 = CARTESIAN_POINT('',(32.375,1.238233235919E-13,56.862499999997));
#3831 = VERTEX_POINT('',#3832);
#3832 = CARTESIAN_POINT('',(1.736258036943,-31.8527142961,
    56.566318329142));
#3833 = SURFACE_CURVE('',#3834,(#3843,#3850),.PCURVE_S1.);
#3834 = ( BOUNDED_CURVE() B_SPLINE_CURVE(7,(#3835,#3836,#3837,#3838,
    #3839,#3840,#3841,#3842),.UNSPECIFIED.,.F.,.F.) 
B_SPLINE_CURVE_WITH_KNOTS((8,8),(0.,1.),.PIECEWISE_BEZIER_KNOTS.) CURVE(
) GEOMETRIC_REPRESENTATION_ITEM() RATIONAL_B_SPLINE_CURVE((1.,1.,1.,
0.999999999999,1.000000000001,1.,1.,1.)) REPRESENTATION_ITEM('') );
#3835 = CARTESIAN_POINT('',(32.375000000001,1.414121217608E-13,
    56.862499999993));
#3836 = CARTESIAN_POINT('',(32.304790006022,-7.257593855052,
    56.818713184892));
#3837 = CARTESIAN_POINT('',(30.336355986387,-14.48084797015,
    56.774911426101));
#3838 = CARTESIAN_POINT('',(26.485090637117,-21.07438194894,
    56.731094818394));
#3839 = CARTESIAN_POINT('',(20.998472255289,-26.448605484,
    56.687263457264));
#3840 = CARTESIAN_POINT('',(14.357817158865,-30.14677627041,
    56.64341743888));
#3841 = CARTESIAN_POINT('',(7.161687558432,-31.95331882752,
    56.599556860134));
#3842 = CARTESIAN_POINT('',(1.671997837771E-12,-31.88294011149,
    56.555681818593));
#3843 = PCURVE('',#3446,#3844);
#3844 = DEFINITIONAL_REPRESENTATION('',(#3845),#3849);
#3845 = LINE('',#3846,#3847);
#3846 = CARTESIAN_POINT('',(3.,0.));
#3847 = VECTOR('',#3848,1.);
#3848 = DIRECTION('',(0.,1.));
#3849 = ( GEOMETRIC_REPRESENTATION_CONTEXT(2) 
PARAMETRIC_REPRESENTATION_CONTEXT() REPRESENTATION_CONTEXT('2D SPACE',''
  ) );
#3850 = PCURVE('',#3851,#3868);
#3851 = ( BOUNDED_SURFACE() B_SPLINE_SURFACE(1,7,(
    (#3852,#3853,#3854,#3855,#3856,#3857,#3858,#3859)
    ,(#3860,#3861,#3862,#3863,#3864,#3865,#3866,#3867
)),.UNSPECIFIED.,.F.,.F.,.F.) B_SPLINE_SURFACE_WITH_KNOTS((2,2),(8,8),(
    2.,3.),(0.,1.),.PIECEWISE_BEZIER_KNOTS.) 
GEOMETRIC_REPRESENTATION_ITEM() RATIONAL_B_SPLINE_SURFACE((
    (1.,1.,1.,0.999999999999,1.000000000001,1.,1.,1.)
    ,(1.,1.,1.,0.999999999999,1.000000000001,1.,1.,1.
))) REPRESENTATION_ITEM('') SURFACE() );
#3852 = CARTESIAN_POINT('',(31.83373412264,1.289943582082E-15,57.175));
#3853 = CARTESIAN_POINT('',(31.833748009634,-7.136255788151,
    57.090669837581));
#3854 = CARTESIAN_POINT('',(29.967290549246,-14.27487034682,
    57.006310894699));
#3855 = CARTESIAN_POINT('',(26.232524053627,-20.83042894798,
    56.921923353884));
#3856 = CARTESIAN_POINT('',(20.855654073601,-26.21444369368,
    56.837507399045));
#3857 = CARTESIAN_POINT('',(14.298830730466,-29.95976590236,
    56.753063215413));
#3858 = CARTESIAN_POINT('',(7.150635628921,-31.83374714977,
    56.668590989592));
#3859 = CARTESIAN_POINT('',(2.03470115992E-12,-31.83373412264,
    56.584090909502));
#3860 = CARTESIAN_POINT('',(32.375000000001,1.414121217608E-13,
    56.862499999993));
#3861 = CARTESIAN_POINT('',(32.304790006022,-7.257593855052,
    56.818713184892));
#3862 = CARTESIAN_POINT('',(30.336355986387,-14.48084797015,
    56.774911426101));
#3863 = CARTESIAN_POINT('',(26.485090637117,-21.07438194894,
    56.731094818394));
#3864 = CARTESIAN_POINT('',(20.998472255289,-26.448605484,
    56.687263457264));
#3865 = CARTESIAN_POINT('',(14.357817158865,-30.14677627041,
    56.64341743888));
#3866 = CARTESIAN_POINT('',(7.161687558432,-31.95331882752,
    56.599556860134));
#3867 = CARTESIAN_POINT('',(1.671997837771E-12,-31.88294011149,
    56.555681818593));
#3868 = DEFINITIONAL_REPRESENTATION('',(#3869),#3873);
#3869 = LINE('',#3870,#3871);
#3870 = CARTESIAN_POINT('',(3.,0.));
#3871 = VECTOR('',#3872,1.);
#3872 = DIRECTION('',(0.,1.));
#3873 = ( GEOMETRIC_REPRESENTATION_CONTEXT(2) 
PARAMETRIC_REPRESENTATION_CONTEXT() REPRESENTATION_CONTEXT('2D SPACE',''
  ) );
#3874 = ORIENTED_EDGE('',*,*,#3875,.T.);
#3875 = EDGE_CURVE('',#3829,#2929,#3876,.T.);
#3876 = SURFACE_CURVE('',#3877,(#3880,#3886),.PCURVE_S1.);
#3877 = B_SPLINE_CURVE_WITH_KNOTS('',1,(#3878,#3879),.UNSPECIFIED.,.F.,
  .F.,(2,2),(3.,4.),.PIECEWISE_BEZIER_KNOTS.);
#3878 = CARTESIAN_POINT('',(32.375,1.06234525423E-13,56.8625));
#3879 = CARTESIAN_POINT('',(32.375,1.06234525423E-13,56.7375));
#3880 = PCURVE('',#3446,#3881);
#3881 = DEFINITIONAL_REPRESENTATION('',(#3882),#3885);
#3882 = B_SPLINE_CURVE_WITH_KNOTS('',1,(#3883,#3884),.UNSPECIFIED.,.F.,
  .F.,(2,2),(3.,4.),.PIECEWISE_BEZIER_KNOTS.);
#3883 = CARTESIAN_POINT('',(3.,0.));
#3884 = CARTESIAN_POINT('',(4.,0.));
#3885 = ( GEOMETRIC_REPRESENTATION_CONTEXT(2) 
PARAMETRIC_REPRESENTATION_CONTEXT() REPRESENTATION_CONTEXT('2D SPACE',''
  ) );
#3886 = PCURVE('',#2952,#3887);
#3887 = DEFINITIONAL_REPRESENTATION('',(#3888),#3892);
#3888 = LINE('',#3889,#3890);
#3889 = CARTESIAN_POINT('',(0.,0.));
#3890 = VECTOR('',#3891,1.);
#3891 = DIRECTION('',(1.,0.));
#3892 = ( GEOMETRIC_REPRESENTATION_CONTEXT(2) 
PARAMETRIC_REPRESENTATION_CONTEXT() REPRESENTATION_CONTEXT('2D SPACE',''
  ) );
#3893 = ORIENTED_EDGE('',*,*,#3425,.T.);
#3894 = ORIENTED_EDGE('',*,*,#3895,.T.);
#3895 = EDGE_CURVE('',#3426,#3831,#3896,.T.);
#3896 = SURFACE_CURVE('',#3897,(#3903,#3912),.PCURVE_S1.);
#3897 = B_SPLINE_CURVE_WITH_KNOTS('',4,(#3898,#3899,#3900,#3901,#3902),
  .UNSPECIFIED.,.F.,.F.,(5,5),(0.,1.),.PIECEWISE_BEZIER_KNOTS.);
#3898 = CARTESIAN_POINT('',(1.736258036943,-31.8527142961,
    56.551015244419));
#3899 = CARTESIAN_POINT('',(1.736258036943,-31.8527142961,56.5548410156)
  );
#3900 = CARTESIAN_POINT('',(1.736258036943,-31.8527142961,56.55866678678
    ));
#3901 = CARTESIAN_POINT('',(1.736258036943,-31.8527142961,
    56.562492557961));
#3902 = CARTESIAN_POINT('',(1.736258036942,-31.8527142961,
    56.566318329142));
#3903 = PCURVE('',#3446,#3904);
#3904 = DEFINITIONAL_REPRESENTATION('',(#3905),#3911);
#3905 = B_SPLINE_CURVE_WITH_KNOTS('',4,(#3906,#3907,#3908,#3909,#3910),
  .UNSPECIFIED.,.F.,.F.,(5,5),(0.,1.),.PIECEWISE_BEZIER_KNOTS.);
#3906 = CARTESIAN_POINT('',(4.,0.965366333162));
#3907 = CARTESIAN_POINT('',(3.75,0.965366333162));
#3908 = CARTESIAN_POINT('',(3.5,0.965366333162));
#3909 = CARTESIAN_POINT('',(3.25,0.965366333162));
#3910 = CARTESIAN_POINT('',(3.,0.965366333162));
#3911 = ( GEOMETRIC_REPRESENTATION_CONTEXT(2) 
PARAMETRIC_REPRESENTATION_CONTEXT() REPRESENTATION_CONTEXT('2D SPACE',''
  ) );
#3912 = PCURVE('',#3284,#3913);
#3913 = DEFINITIONAL_REPRESENTATION('',(#3914),#3920);
#3914 = B_SPLINE_CURVE_WITH_KNOTS('',4,(#3915,#3916,#3917,#3918,#3919),
  .UNSPECIFIED.,.F.,.F.,(5,5),(0.,1.),.PIECEWISE_BEZIER_KNOTS.);
#3915 = CARTESIAN_POINT('',(4.766844041108,0.551015244419));
#3916 = CARTESIAN_POINT('',(4.766844041108,0.5548410156));
#3917 = CARTESIAN_POINT('',(4.766844041108,0.55866678678));
#3918 = CARTESIAN_POINT('',(4.766844041108,0.562492557961));
#3919 = CARTESIAN_POINT('',(4.766844041108,0.566318329142));
#3920 = ( GEOMETRIC_REPRESENTATION_CONTEXT(2) 
PARAMETRIC_REPRESENTATION_CONTEXT() REPRESENTATION_CONTEXT('2D SPACE',''
  ) );
#3921 = ADVANCED_FACE('',(#3922),#3851,.F.);
#3922 = FACE_BOUND('',#3923,.F.);
#3923 = EDGE_LOOP('',(#3924,#4280,#4322));
#3924 = ORIENTED_EDGE('',*,*,#3925,.F.);
#3925 = EDGE_CURVE('',#3926,#3831,#3928,.T.);
#3926 = VERTEX_POINT('',#3927);
#3927 = CARTESIAN_POINT('',(31.9,3.957227848548E-15,57.136741377866));
#3928 = SURFACE_CURVE('',#3929,(#4044,#4162),.PCURVE_S1.);
#3929 = B_SPLINE_CURVE_WITH_KNOTS('',8,(#3930,#3931,#3932,#3933,#3934,
    #3935,#3936,#3937,#3938,#3939,#3940,#3941,#3942,#3943,#3944,#3945,
    #3946,#3947,#3948,#3949,#3950,#3951,#3952,#3953,#3954,#3955,#3956,
    #3957,#3958,#3959,#3960,#3961,#3962,#3963,#3964,#3965,#3966,#3967,
    #3968,#3969,#3970,#3971,#3972,#3973,#3974,#3975,#3976,#3977,#3978,
    #3979,#3980,#3981,#3982,#3983,#3984,#3985,#3986,#3987,#3988,#3989,
    #3990,#3991,#3992,#3993,#3994,#3995,#3996,#3997,#3998,#3999,#4000,
    #4001,#4002,#4003,#4004,#4005,#4006,#4007,#4008,#4009,#4010,#4011,
    #4012,#4013,#4014,#4015,#4016,#4017,#4018,#4019,#4020,#4021,#4022,
    #4023,#4024,#4025,#4026,#4027,#4028,#4029,#4030,#4031,#4032,#4033,
    #4034,#4035,#4036,#4037,#4038,#4039,#4040,#4041,#4042,#4043),
  .UNSPECIFIED.,.F.,.F.,(9,7,7,7,7,7,7,7,7,7,7,7,7,7,7,7,9),(0.,
    0.39316997975,0.46252466448,0.525673112587,0.583647335315,
    0.63747948008,0.687166448028,0.732705505357,0.774503545457,
    0.812901355016,0.847679501231,0.878710705208,0.906916307137,
    0.932732254456,0.956342073771,0.978571905601,1.),.UNSPECIFIED.);
#3930 = CARTESIAN_POINT('',(31.9,2.48689957516E-14,57.136741377867));
#3931 = CARTESIAN_POINT('',(31.9,-2.378389468689,57.108696640701));
#3932 = CARTESIAN_POINT('',(31.697340354829,-4.757297858717,
    57.08063998856));
#3933 = CARTESIAN_POINT('',(31.291866620972,-7.115792283858,
    57.05258833559));
#3934 = CARTESIAN_POINT('',(30.686200920152,-9.433721986533,
    57.024541806003));
#3935 = CARTESIAN_POINT('',(29.88515093473,-11.69158276341,
    56.996495091631));
#3936 = CARTESIAN_POINT('',(28.895697401063,-13.87053824659,
    56.968445099163));
#3937 = CARTESIAN_POINT('',(27.726992867415,-15.95244443154,
    56.940391608206));
#3938 = CARTESIAN_POINT('',(26.155248417937,-18.2671561656,
    56.907396703198));
#3939 = CARTESIAN_POINT('',(25.914351566093,-18.61070016956,
    56.902449179492));
#3940 = CARTESIAN_POINT('',(25.66830014261,-18.95061000048,
    56.89750165683));
#3941 = CARTESIAN_POINT('',(25.417158225276,-19.28679546455,
    56.892554137317));
#3942 = CARTESIAN_POINT('',(25.16099174967,-19.6191677742,
    56.887606623025));
#3943 = CARTESIAN_POINT('',(24.899868509158,-19.94763954806,
    56.882659115987));
#3944 = CARTESIAN_POINT('',(24.633858154893,-20.27212481101,
    56.877711618204));
#3945 = CARTESIAN_POINT('',(24.116441225226,-20.88428076321,
    56.868259373243));
#3946 = CARTESIAN_POINT('',(23.865857857336,-21.17264755962,
    56.863754623548));
#3947 = CARTESIAN_POINT('',(23.611336062147,-21.45757556217,
    56.859249883936));
#3948 = CARTESIAN_POINT('',(23.352930985496,-21.7390020388,
    56.854745155625));
#3949 = CARTESIAN_POINT('',(23.090698949063,-22.01686534651,
    56.850240439675));
#3950 = CARTESIAN_POINT('',(22.824697450368,-22.29110493145,
    56.845735736986));
#3951 = CARTESIAN_POINT('',(22.554985162772,-22.56166132883,
    56.841231048299));
#3952 = CARTESIAN_POINT('',(22.03065740507,-23.07342885917,
    56.832590801781));
#3953 = CARTESIAN_POINT('',(21.776615662223,-23.31522808045,
    56.828455241355));
#3954 = CARTESIAN_POINT('',(21.519543010605,-23.55382866579,
    56.8243196933));
#3955 = CARTESIAN_POINT('',(21.259486518151,-23.78918630044,
    56.820184157941));
#3956 = CARTESIAN_POINT('',(20.996494017059,-24.02125751596,
    56.81604863555));
#3957 = CARTESIAN_POINT('',(20.730614103793,-24.24999969024,
    56.811913126342));
#3958 = CARTESIAN_POINT('',(20.461896139084,-24.47537104746,
    56.807777630477));
#3959 = CARTESIAN_POINT('',(19.93828260854,-24.90343194469,
    56.799802133001));
#3960 = CARTESIAN_POINT('',(19.68377114732,-25.10659162245,
    56.795962129396));
#3961 = CARTESIAN_POINT('',(19.426895989741,-25.30677692793,
    56.792122137291));
#3962 = CARTESIAN_POINT('',(19.167697779447,-25.50395577179,
    56.788282156838));
#3963 = CARTESIAN_POINT('',(18.906217678248,-25.6980967388,
    56.784442188294));
#3964 = CARTESIAN_POINT('',(18.642497366121,-25.88916908782,
    56.780602232024));
#3965 = CARTESIAN_POINT('',(18.376579041214,-26.07714275182,
    56.776762288497));
#3966 = CARTESIAN_POINT('',(17.861073973605,-26.43260046472,
    56.769378109958));
#3967 = CARTESIAN_POINT('',(17.611806348598,-26.60054772354,
    56.76583387293));
#3968 = CARTESIAN_POINT('',(17.360736128551,-26.76580700541,
    56.76228964763));
#3969 = CARTESIAN_POINT('',(17.107897241885,-26.92835571751,
    56.758745434738));
#3970 = CARTESIAN_POINT('',(16.853323961705,-27.08817178314,
    56.75520123518));
#3971 = CARTESIAN_POINT('',(16.597050905802,-27.24523364174,
    56.751657050132));
#3972 = CARTESIAN_POINT('',(16.339113036652,-27.39952024887,
    56.74811288102));
#3973 = CARTESIAN_POINT('',(15.841647192878,-27.68985531962,
    56.74132044682));
#3974 = CARTESIAN_POINT('',(15.602379913656,-27.82635109917,
    56.73807217894));
#3975 = CARTESIAN_POINT('',(15.361771000412,-27.96048261287,
    56.734823927136));
#3976 = CARTESIAN_POINT('',(15.119847858308,-28.09223443818,
    56.731575693026));
#3977 = CARTESIAN_POINT('',(14.87663812101,-28.22159153205,
    56.728327478588));
#3978 = CARTESIAN_POINT('',(14.632169650688,-28.3485392309,
    56.725079286155));
#3979 = CARTESIAN_POINT('',(14.386470538015,-28.47306325065,
    56.721831118421));
#3980 = CARTESIAN_POINT('',(13.912950530741,-28.70720676581,
    56.715601671989));
#3981 = CARTESIAN_POINT('',(13.685319061616,-28.81721030994,
    56.71262038902));
#3982 = CARTESIAN_POINT('',(13.456696584899,-28.92514956927,
    56.70963913183));
#3983 = CARTESIAN_POINT('',(13.227105153647,-29.03101407187,
    56.706657903197));
#3984 = CARTESIAN_POINT('',(12.996566983873,-29.13479362364,
    56.703676706384));
#3985 = CARTESIAN_POINT('',(12.765104454546,-29.23647830834,
    56.700695545136));
#3986 = CARTESIAN_POINT('',(12.532740107589,-29.33605848762,
    56.69771442368));
#3987 = CARTESIAN_POINT('',(12.085227320292,-29.52306232302,
    56.691994777524));
#3988 = CARTESIAN_POINT('',(11.870216102393,-29.61081591475,
    56.689256246068));
#3989 = CARTESIAN_POINT('',(11.654480585319,-29.69677832102,
    56.68651775589));
#3990 = CARTESIAN_POINT('',(11.43803849291,-29.78094248974,
    56.683779311189));
#3991 = CARTESIAN_POINT('',(11.220907681714,-29.86330157189,
    56.68104091683));
#3992 = CARTESIAN_POINT('',(11.003106140985,-29.9438489215,
    56.678302578341));
#3993 = CARTESIAN_POINT('',(10.784651992687,-30.02257809565,
    56.675564301918));
#3994 = CARTESIAN_POINT('',(10.367127903206,-30.16913799829,
    56.670346010741));
#3995 = CARTESIAN_POINT('',(10.168171941316,-30.23729647697,
    56.667865983857));
#3996 = CARTESIAN_POINT('',(9.968709167479,-30.30395366214,
    56.665386018867));
#3997 = CARTESIAN_POINT('',(9.768753256266,-30.3691050585,
    56.662906121646));
#3998 = CARTESIAN_POINT('',(9.568318000972,-30.43274630729,
    56.660426298916));
#3999 = CARTESIAN_POINT('',(9.367417319426,-30.49487318989,
    56.657946558326));
#4000 = CARTESIAN_POINT('',(9.166065259804,-30.55548163128,
    56.655466908527));
#4001 = CARTESIAN_POINT('',(8.784227206756,-30.66728793638,
    56.650774952678));
#4002 = CARTESIAN_POINT('',(8.603830372451,-30.71879615588,
    56.648562626487));
#4003 = CARTESIAN_POINT('',(8.423095569341,-30.76908957656,
    56.646350387466));
#4004 = CARTESIAN_POINT('',(8.242032982493,-30.81816549572,
    56.644138243491));
#4005 = CARTESIAN_POINT('',(8.060652923823,-30.86602129805,
    56.641926203617));
#4006 = CARTESIAN_POINT('',(7.878965839694,-30.91265446023,
    56.639714278172));
#4007 = CARTESIAN_POINT('',(7.69698231851,-30.95806255552,
    56.637502478837));
#4008 = CARTESIAN_POINT('',(7.34904072954,-31.04240100788,
    56.633280545342));
#4009 = CARTESIAN_POINT('',(7.183132370225,-31.08154470145,
    56.631270387554));
#4010 = CARTESIAN_POINT('',(7.016996067457,-31.11967259885,
    56.629260355043));
#4011 = CARTESIAN_POINT('',(6.850640025672,-31.15678301441,
    56.627250459127));
#4012 = CARTESIAN_POINT('',(6.684072617658,-31.19287432343,
    56.625240712909));
#4013 = CARTESIAN_POINT('',(6.517302395555,-31.22794496883,
    56.623231131402));
#4014 = CARTESIAN_POINT('',(6.350338101863,-31.2619934676,
    56.621221731658));
#4015 = CARTESIAN_POINT('',(6.030200608473,-31.32524540434,
    56.617373558859));
#4016 = CARTESIAN_POINT('',(5.877057528296,-31.35461491522,
    56.615534754145));
#4017 = CARTESIAN_POINT('',(5.723766269369,-31.38312588334,
    56.613696133141));
#4018 = CARTESIAN_POINT('',(5.570333894731,-31.41077727866,
    56.611857712866));
#4019 = CARTESIAN_POINT('',(5.416767717814,-31.4375681175,
    56.610019513161));
#4020 = CARTESIAN_POINT('',(5.263075319266,-31.46349747233,
    56.608181556879));
#4021 = CARTESIAN_POINT('',(5.109264563764,-31.48856448146,
    56.606343870079));
#4022 = CARTESIAN_POINT('',(4.814576140787,-31.53490386932,
    56.602826110209));
#4023 = CARTESIAN_POINT('',(4.6737166336,-31.55631744351,56.601145989803
    ));
#4024 = CARTESIAN_POINT('',(4.532771293324,-31.57700849213,
    56.599466142967));
#4025 = CARTESIAN_POINT('',(4.391746681848,-31.59697645207,
    56.597786595871));
#4026 = CARTESIAN_POINT('',(4.250649750926,-31.61622080119,
    56.596107379199));
#4027 = CARTESIAN_POINT('',(4.109487868212,-31.6347410731,
    56.594428528446));
#4028 = CARTESIAN_POINT('',(3.968268843298,-31.65253687184,
    56.592750084221));
#4029 = CARTESIAN_POINT('',(3.693990133711,-31.68568110548,
    56.589492179037));
#4030 = CARTESIAN_POINT('',(3.560936244808,-31.70111176046,
    56.587912669695));
#4031 = CARTESIAN_POINT('',(3.427846091828,-31.71589961254,
    56.586333601705));
#4032 = CARTESIAN_POINT('',(3.294727141485,-31.73004444901,
    56.584755019997));
#4033 = CARTESIAN_POINT('',(3.161587570064,-31.74354611016,
    56.583176977813));
#4034 = CARTESIAN_POINT('',(3.028436311081,-31.75640451585,
    56.581599537261));
#4035 = CARTESIAN_POINT('',(2.89528310294,-31.76861969212,
    56.580022769878));
#4036 = CARTESIAN_POINT('',(2.633795940105,-31.79134654581,
    56.576927584715));
#4037 = CARTESIAN_POINT('',(2.505461933996,-31.80190372299,
    56.575409120114));
#4038 = CARTESIAN_POINT('',(2.377145737684,-31.81186351025,
    56.573891433261));
#4039 = CARTESIAN_POINT('',(2.248857967974,-31.82122613412,
    56.572374610479));
#4040 = CARTESIAN_POINT('',(2.120610739722,-31.82999192342,
    56.570858755734));
#4041 = CARTESIAN_POINT('',(1.992417766497,-31.83816136592,
    56.569343991829));
#4042 = CARTESIAN_POINT('',(1.864294461243,-31.84573516494,
    56.567830461607));
#4043 = CARTESIAN_POINT('',(1.736258036942,-31.8527142961,
    56.566318329142));
#4044 = PCURVE('',#3851,#4045);
#4045 = DEFINITIONAL_REPRESENTATION('',(#4046),#4161);
#4046 = B_SPLINE_CURVE_WITH_KNOTS('',8,(#4047,#4048,#4049,#4050,#4051,
    #4052,#4053,#4054,#4055,#4056,#4057,#4058,#4059,#4060,#4061,#4062,
    #4063,#4064,#4065,#4066,#4067,#4068,#4069,#4070,#4071,#4072,#4073,
    #4074,#4075,#4076,#4077,#4078,#4079,#4080,#4081,#4082,#4083,#4084,
    #4085,#4086,#4087,#4088,#4089,#4090,#4091,#4092,#4093,#4094,#4095,
    #4096,#4097,#4098,#4099,#4100,#4101,#4102,#4103,#4104,#4105,#4106,
    #4107,#4108,#4109,#4110,#4111,#4112,#4113,#4114,#4115,#4116,#4117,
    #4118,#4119,#4120,#4121,#4122,#4123,#4124,#4125,#4126,#4127,#4128,
    #4129,#4130,#4131,#4132,#4133,#4134,#4135,#4136,#4137,#4138,#4139,
    #4140,#4141,#4142,#4143,#4144,#4145,#4146,#4147,#4148,#4149,#4150,
    #4151,#4152,#4153,#4154,#4155,#4156,#4157,#4158,#4159,#4160),
  .UNSPECIFIED.,.F.,.F.,(9,7,7,7,7,7,7,7,7,7,7,7,7,7,7,7,9),(0.,
    0.39316997975,0.46252466448,0.525673112587,0.583647335315,
    0.63747948008,0.687166448028,0.732705505357,0.774503545457,
    0.812901355016,0.847679501231,0.878710705208,0.906916307137,
    0.932732254456,0.956342073771,0.978571905601,1.),.UNSPECIFIED.);
#4047 = CARTESIAN_POINT('',(2.122427590824,0.));
#4048 = CARTESIAN_POINT('',(2.127701842777,4.751288689549E-02));
#4049 = CARTESIAN_POINT('',(2.133515678482,9.503103644747E-02));
#4050 = CARTESIAN_POINT('',(2.139936595184,0.142538482357));
#4051 = CARTESIAN_POINT('',(2.147075087493,0.190035852572));
#4052 = CARTESIAN_POINT('',(2.155087375962,0.237527940911));
#4053 = CARTESIAN_POINT('',(2.164184433704,0.28501949993));
#4054 = CARTESIAN_POINT('',(2.174653284815,0.332511010528));
#4055 = CARTESIAN_POINT('',(2.189149933517,0.388361415346));
#4056 = CARTESIAN_POINT('',(2.191381484903,0.396735908899));
#4057 = CARTESIAN_POINT('',(2.19367346291,0.405110234529));
#4058 = CARTESIAN_POINT('',(2.196028741833,0.413484391582));
#4059 = CARTESIAN_POINT('',(2.198450450413,0.421858379335));
#4060 = CARTESIAN_POINT('',(2.200941971833,0.430232196999));
#4061 = CARTESIAN_POINT('',(2.203506943722,0.438605843714));
#4062 = CARTESIAN_POINT('',(2.208555123826,0.454603489056));
#4063 = CARTESIAN_POINT('',(2.211025170543,0.46222751792));
#4064 = CARTESIAN_POINT('',(2.213562321717,0.469851404485));
#4065 = CARTESIAN_POINT('',(2.216169787084,0.477475147991));
#4066 = CARTESIAN_POINT('',(2.218851062696,0.485098747579));
#4067 = CARTESIAN_POINT('',(2.221609930927,0.492722202295));
#4068 = CARTESIAN_POINT('',(2.22445046047,0.500345511084));
#4069 = CARTESIAN_POINT('',(2.230063758376,0.514967211766));
#4070 = CARTESIAN_POINT('',(2.232823078896,0.521965627295));
#4071 = CARTESIAN_POINT('',(2.235658319421,0.528963918523));
#4072 = CARTESIAN_POINT('',(2.238573164395,0.535962084448));
#4073 = CARTESIAN_POINT('',(2.24157163117,0.542960123928));
#4074 = CARTESIAN_POINT('',(2.244658070014,0.549958035677));
#4075 = CARTESIAN_POINT('',(2.247837164111,0.556955818271));
#4076 = CARTESIAN_POINT('',(2.254156580294,0.570451161542));
#4077 = CARTESIAN_POINT('',(2.257283531166,0.576948740542));
#4078 = CARTESIAN_POINT('',(2.260498772653,0.583446205924));
#4079 = CARTESIAN_POINT('',(2.263806703693,0.589943556256));
#4080 = CARTESIAN_POINT('',(2.267212131687,0.596440789892));
#4081 = CARTESIAN_POINT('',(2.270720272495,0.602937904977));
#4082 = CARTESIAN_POINT('',(2.274336750433,0.609434899442));
#4083 = CARTESIAN_POINT('',(2.281511163796,0.621928371185));
#4084 = CARTESIAN_POINT('',(2.285052271794,0.627924866809));
#4085 = CARTESIAN_POINT('',(2.288695634363,0.633921256131));
#4086 = CARTESIAN_POINT('',(2.292446459068,0.639917537092));
#4087 = CARTESIAN_POINT('',(2.296310448946,0.645913707316));
#4088 = CARTESIAN_POINT('',(2.300293802511,0.651909764111));
#4089 = CARTESIAN_POINT('',(2.304403213751,0.65790570447));
#4090 = CARTESIAN_POINT('',(2.312534349751,0.669396809433));
#4091 = CARTESIAN_POINT('',(2.316534887367,0.674891993193));
#4092 = CARTESIAN_POINT('',(2.320652982067,0.680387073864));
#4093 = CARTESIAN_POINT('',(2.324894721796,0.685882048497));
#4094 = CARTESIAN_POINT('',(2.329266785357,0.691376913677));
#4095 = CARTESIAN_POINT('',(2.333776442402,0.696871665525));
#4096 = CARTESIAN_POINT('',(2.338431553443,0.702366299696));
#4097 = CARTESIAN_POINT('',(2.347654527269,0.712903950907));
#4098 = CARTESIAN_POINT('',(2.352198303846,0.717946987078));
#4099 = CARTESIAN_POINT('',(2.356878385877,0.722989916302));
#4100 = CARTESIAN_POINT('',(2.361701976007,0.728032734279));
#4101 = CARTESIAN_POINT('',(2.366676993228,0.733075436002));
#4102 = CARTESIAN_POINT('',(2.371812072876,0.738118015757));
#4103 = CARTESIAN_POINT('',(2.377116566628,0.743160467124));
#4104 = CARTESIAN_POINT('',(2.387638402205,0.752834911264));
#4105 = CARTESIAN_POINT('',(2.39282793361,0.757466924852));
#4106 = CARTESIAN_POINT('',(2.398176877818,0.762098818426));
#4107 = CARTESIAN_POINT('',(2.40369385844,0.766730585596));
#4108 = CARTESIAN_POINT('',(2.409388381604,0.771362218892));
#4109 = CARTESIAN_POINT('',(2.415270835956,0.77599370977));
#4110 = CARTESIAN_POINT('',(2.421352492659,0.780625048609));
#4111 = CARTESIAN_POINT('',(2.433345291905,0.789450831679));
#4112 = CARTESIAN_POINT('',(2.439218561529,0.793645304712));
#4113 = CARTESIAN_POINT('',(2.445274563551,0.797839635829));
#4114 = CARTESIAN_POINT('',(2.451523292726,0.802033815765));
#4115 = CARTESIAN_POINT('',(2.457975634459,0.806227833817));
#4116 = CARTESIAN_POINT('',(2.464643509992,0.810421677707));
#4117 = CARTESIAN_POINT('',(2.471540021583,0.814615333435));
#4118 = CARTESIAN_POINT('',(2.485049967211,0.822550441012));
#4119 = CARTESIAN_POINT('',(2.491613845046,0.826291933859));
#4120 = CARTESIAN_POINT('',(2.498381523161,0.83003325262));
#4121 = CARTESIAN_POINT('',(2.505364120501,0.83377438437));
#4122 = CARTESIAN_POINT('',(2.512573742951,0.837515314155));
#4123 = CARTESIAN_POINT('',(2.520023643298,0.841256024825));
#4124 = CARTESIAN_POINT('',(2.527728381196,0.844996496877));
#4125 = CARTESIAN_POINT('',(2.542953352287,0.852136348028));
#4126 = CARTESIAN_POINT('',(2.550426498478,0.855535771456));
#4127 = CARTESIAN_POINT('',(2.558135507907,0.858934962376));
#4128 = CARTESIAN_POINT('',(2.566093449192,0.862333901741));
#4129 = CARTESIAN_POINT('',(2.57431456666,0.865732567427));
#4130 = CARTESIAN_POINT('',(2.582814473647,0.869130934017));
#4131 = CARTESIAN_POINT('',(2.591610345803,0.872528972571));
#4132 = CARTESIAN_POINT('',(2.609059994111,0.879036467831));
#4133 = CARTESIAN_POINT('',(2.617662664735,0.882145981456));
#4134 = CARTESIAN_POINT('',(2.62654370722,0.885255166809));
#4135 = CARTESIAN_POINT('',(2.635718908003,0.888363994908));
#4136 = CARTESIAN_POINT('',(2.645205502287,0.891472431937));
#4137 = CARTESIAN_POINT('',(2.655022417328,0.894580438914));
#4138 = CARTESIAN_POINT('',(2.665190515712,0.897687971356));
#4139 = CARTESIAN_POINT('',(2.685374256664,0.90363647405));
#4140 = CARTESIAN_POINT('',(2.695328658822,0.90647752751));
#4141 = CARTESIAN_POINT('',(2.705613753916,0.909318101806));
#4142 = CARTESIAN_POINT('',(2.716248737245,0.91215815224));
#4143 = CARTESIAN_POINT('',(2.727254596701,0.914997626422));
#4144 = CARTESIAN_POINT('',(2.738654418843,0.917836463754));
#4145 = CARTESIAN_POINT('',(2.750473694983,0.920674594918));
#4146 = CARTESIAN_POINT('',(2.774290560711,0.92618344567));
#4147 = CARTESIAN_POINT('',(2.786237318213,0.928854249283));
#4148 = CARTESIAN_POINT('',(2.798604566432,0.931524288717));
#4149 = CARTESIAN_POINT('',(2.811418032766,0.934193487326));
#4150 = CARTESIAN_POINT('',(2.824705952543,0.936861754352));
#4151 = CARTESIAN_POINT('',(2.838499516205,0.939528983969));
#4152 = CARTESIAN_POINT('',(2.852833316504,0.942195054337));
#4153 = CARTESIAN_POINT('',(2.882120443865,0.947428491727));
#4154 = CARTESIAN_POINT('',(2.897032702804,0.949995939475));
#4155 = CARTESIAN_POINT('',(2.912517225635,0.952562050889));
#4156 = CARTESIAN_POINT('',(2.928611839948,0.955126679089));
#4157 = CARTESIAN_POINT('',(2.945358282257,0.957689647296));
#4158 = CARTESIAN_POINT('',(2.962802932467,0.960250746808));
#4159 = CARTESIAN_POINT('',(2.980997548349,0.962809734971));
#4160 = CARTESIAN_POINT('',(3.,0.965366333162));
#4161 = ( GEOMETRIC_REPRESENTATION_CONTEXT(2) 
PARAMETRIC_REPRESENTATION_CONTEXT() REPRESENTATION_CONTEXT('2D SPACE',''
  ) );
#4162 = PCURVE('',#3284,#4163);
#4163 = DEFINITIONAL_REPRESENTATION('',(#4164),#4279);
#4164 = B_SPLINE_CURVE_WITH_KNOTS('',8,(#4165,#4166,#4167,#4168,#4169,
    #4170,#4171,#4172,#4173,#4174,#4175,#4176,#4177,#4178,#4179,#4180,
    #4181,#4182,#4183,#4184,#4185,#4186,#4187,#4188,#4189,#4190,#4191,
    #4192,#4193,#4194,#4195,#4196,#4197,#4198,#4199,#4200,#4201,#4202,
    #4203,#4204,#4205,#4206,#4207,#4208,#4209,#4210,#4211,#4212,#4213,
    #4214,#4215,#4216,#4217,#4218,#4219,#4220,#4221,#4222,#4223,#4224,
    #4225,#4226,#4227,#4228,#4229,#4230,#4231,#4232,#4233,#4234,#4235,
    #4236,#4237,#4238,#4239,#4240,#4241,#4242,#4243,#4244,#4245,#4246,
    #4247,#4248,#4249,#4250,#4251,#4252,#4253,#4254,#4255,#4256,#4257,
    #4258,#4259,#4260,#4261,#4262,#4263,#4264,#4265,#4266,#4267,#4268,
    #4269,#4270,#4271,#4272,#4273,#4274,#4275,#4276,#4277,#4278),
  .UNSPECIFIED.,.F.,.F.,(9,7,7,7,7,7,7,7,7,7,7,7,7,7,7,7,9),(0.,
    0.39316997975,0.46252466448,0.525673112587,0.583647335315,
    0.63747948008,0.687166448028,0.732705505357,0.774503545457,
    0.812901355016,0.847679501231,0.878710705208,0.906916307137,
    0.932732254456,0.956342073771,0.978571905601,1.),.UNSPECIFIED.);
#4165 = CARTESIAN_POINT('',(6.28318530718,1.136741377867));
#4166 = CARTESIAN_POINT('',(6.208627643584,1.108696640701));
#4167 = CARTESIAN_POINT('',(6.134053720152,1.08063998856));
#4168 = CARTESIAN_POINT('',(6.059488132202,1.05258833559));
#4169 = CARTESIAN_POINT('',(5.984930088502,1.024541806003));
#4170 = CARTESIAN_POINT('',(5.910372124975,0.996495091631));
#4171 = CARTESIAN_POINT('',(5.835806790621,0.968445099163));
#4172 = CARTESIAN_POINT('',(5.761233332834,0.940391608206));
#4173 = CARTESIAN_POINT('',(5.673524719778,0.907396703198));
#4174 = CARTESIAN_POINT('',(5.66037299011,0.902449179492));
#4175 = CARTESIAN_POINT('',(5.647221269782,0.89750165683));
#4176 = CARTESIAN_POINT('',(5.634069559915,0.892554137317));
#4177 = CARTESIAN_POINT('',(5.620917861744,0.887606623025));
#4178 = CARTESIAN_POINT('',(5.607766176616,0.882659115987));
#4179 = CARTESIAN_POINT('',(5.594614505992,0.877711618204));
#4180 = CARTESIAN_POINT('',(5.5694880789,0.868259373243));
#4181 = CARTESIAN_POINT('',(5.557513318342,0.863754623548));
#4182 = CARTESIAN_POINT('',(5.545538570904,0.859249883936));
#4183 = CARTESIAN_POINT('',(5.533563837873,0.854745155625));
#4184 = CARTESIAN_POINT('',(5.521589120691,0.850240439675));
#4185 = CARTESIAN_POINT('',(5.509614420956,0.845735736986));
#4186 = CARTESIAN_POINT('',(5.497639740421,0.841231048299));
#4187 = CARTESIAN_POINT('',(5.474671595112,0.832590801781));
#4188 = CARTESIAN_POINT('',(5.4636781262,0.828455241355));
#4189 = CARTESIAN_POINT('',(5.452684675686,0.8243196933));
#4190 = CARTESIAN_POINT('',(5.441691245218,0.820184157941));
#4191 = CARTESIAN_POINT('',(5.430697836664,0.81604863555));
#4192 = CARTESIAN_POINT('',(5.419704452112,0.811913126342));
#4193 = CARTESIAN_POINT('',(5.408711093873,0.807777630477));
#4194 = CARTESIAN_POINT('',(5.387509874284,0.799802133001));
#4195 = CARTESIAN_POINT('',(5.377302008471,0.795962129396));
#4196 = CARTESIAN_POINT('',(5.367094169003,0.792122137291));
#4197 = CARTESIAN_POINT('',(5.356886358181,0.788282156838));
#4198 = CARTESIAN_POINT('',(5.346678578636,0.784442188294));
#4199 = CARTESIAN_POINT('',(5.336470833332,0.780602232024));
#4200 = CARTESIAN_POINT('',(5.326263125563,0.776762288497));
#4201 = CARTESIAN_POINT('',(5.306633801958,0.769378109958));
#4202 = CARTESIAN_POINT('',(5.297212179797,0.76583387293));
#4203 = CARTESIAN_POINT('',(5.287790595247,0.76228964763));
#4204 = CARTESIAN_POINT('',(5.278369051576,0.758745434738));
#4205 = CARTESIAN_POINT('',(5.268947552549,0.75520123518));
#4206 = CARTESIAN_POINT('',(5.259526102426,0.751657050132));
#4207 = CARTESIAN_POINT('',(5.250104705962,0.74811288102));
#4208 = CARTESIAN_POINT('',(5.232048532183,0.741320446821));
#4209 = CARTESIAN_POINT('',(5.223413745451,0.73807217894));
#4210 = CARTESIAN_POINT('',(5.214779012142,0.734823927136));
#4211 = CARTESIAN_POINT('',(5.206144336917,0.731575693026));
#4212 = CARTESIAN_POINT('',(5.197509725168,0.728327478588));
#4213 = CARTESIAN_POINT('',(5.188875183018,0.725079286155));
#4214 = CARTESIAN_POINT('',(5.180240717323,0.721831118421));
#4215 = CARTESIAN_POINT('',(5.163681265372,0.715601671989));
#4216 = CARTESIAN_POINT('',(5.155756266136,0.71262038902));
#4217 = CARTESIAN_POINT('',(5.147831343634,0.70963913183));
#4218 = CARTESIAN_POINT('',(5.13990650465,0.706657903197));
#4219 = CARTESIAN_POINT('',(5.131981757084,0.703676706384));
#4220 = CARTESIAN_POINT('',(5.124057109944,0.700695545136));
#4221 = CARTESIAN_POINT('',(5.116132573354,0.69771442368));
#4222 = CARTESIAN_POINT('',(5.1009283873,0.691994777524));
#4223 = CARTESIAN_POINT('',(5.093648719357,0.689256246068));
#4224 = CARTESIAN_POINT('',(5.0863691631,0.68651775589));
#4225 = CARTESIAN_POINT('',(5.079089728604,0.683779311189));
#4226 = CARTESIAN_POINT('',(5.071810427639,0.68104091683));
#4227 = CARTESIAN_POINT('',(5.064531273671,0.678302578341));
#4228 = CARTESIAN_POINT('',(5.057252281857,0.675564301918));
#4229 = CARTESIAN_POINT('',(5.043380811324,0.670346010741));
#4230 = CARTESIAN_POINT('',(5.036788301129,0.667865983857));
#4231 = CARTESIAN_POINT('',(5.030195951035,0.665386018867));
#4232 = CARTESIAN_POINT('',(5.02360377564,0.662906121646));
#4233 = CARTESIAN_POINT('',(5.017011791796,0.660426298916));
#4234 = CARTESIAN_POINT('',(5.010420018836,0.657946558326));
#4235 = CARTESIAN_POINT('',(5.0038284788,0.655466908527));
#4236 = CARTESIAN_POINT('',(4.991356048787,0.650774952678));
#4237 = CARTESIAN_POINT('',(4.985475107173,0.648562626487));
#4238 = CARTESIAN_POINT('',(4.979594389222,0.646350387466));
#4239 = CARTESIAN_POINT('',(4.973713915275,0.644138243491));
#4240 = CARTESIAN_POINT('',(4.967833708868,0.641926203617));
#4241 = CARTESIAN_POINT('',(4.961953796982,0.639714278172));
#4242 = CARTESIAN_POINT('',(4.956074210304,0.637502478837));
#4243 = CARTESIAN_POINT('',(4.944851100219,0.633280545342));
#4244 = CARTESIAN_POINT('',(4.939507515797,0.631270387554));
#4245 = CARTESIAN_POINT('',(4.934164255691,0.629260355043));
#4246 = CARTESIAN_POINT('',(4.928821349865,0.627250459127));
#4247 = CARTESIAN_POINT('',(4.923478833114,0.625240712909));
#4248 = CARTESIAN_POINT('',(4.918136745419,0.623231131402));
#4249 = CARTESIAN_POINT('',(4.912795132291,0.621221731658));
#4250 = CARTESIAN_POINT('',(4.902565469246,0.617373558859));
#4251 = CARTESIAN_POINT('',(4.897677336518,0.615534754145));
#4252 = CARTESIAN_POINT('',(4.892789685433,0.613696133141));
#4253 = CARTESIAN_POINT('',(4.887902561565,0.611857712866));
#4254 = CARTESIAN_POINT('',(4.883016018089,0.610019513161));
#4255 = CARTESIAN_POINT('',(4.878130116304,0.608181556879));
#4256 = CARTESIAN_POINT('',(4.873244926153,0.606343870079));
#4257 = CARTESIAN_POINT('',(4.863893528661,0.602826110209));
#4258 = CARTESIAN_POINT('',(4.859427196133,0.601145989803));
#4259 = CARTESIAN_POINT('',(4.854961588164,0.599466142967));
#4260 = CARTESIAN_POINT('',(4.850496775034,0.597786595871));
#4261 = CARTESIAN_POINT('',(4.84603283912,0.596107379199));
#4262 = CARTESIAN_POINT('',(4.841569875697,0.594428528446));
#4263 = CARTESIAN_POINT('',(4.837107993759,0.592750084221));
#4264 = CARTESIAN_POINT('',(4.828447365229,0.589492179037));
#4265 = CARTESIAN_POINT('',(4.824248489797,0.587912669695));
#4266 = CARTESIAN_POINT('',(4.820050790331,0.586333601705));
#4267 = CARTESIAN_POINT('',(4.81585438734,0.584755019997));
#4268 = CARTESIAN_POINT('',(4.811659423526,0.583176977813));
#4269 = CARTESIAN_POINT('',(4.807466065281,0.581599537261));
#4270 = CARTESIAN_POINT('',(4.803274504177,0.580022769878));
#4271 = CARTESIAN_POINT('',(4.79504651221,0.576927584715));
#4272 = CARTESIAN_POINT('',(4.791009956231,0.575409120114));
#4273 = CARTESIAN_POINT('',(4.786975477644,0.573891433261));
#4274 = CARTESIAN_POINT('',(4.782943307397,0.572374610479));
#4275 = CARTESIAN_POINT('',(4.778913723449,0.570858755734));
#4276 = CARTESIAN_POINT('',(4.77488705396,0.569343991829));
#4277 = CARTESIAN_POINT('',(4.770863680474,0.567830461607));
#4278 = CARTESIAN_POINT('',(4.766844041108,0.566318329142));
#4279 = ( GEOMETRIC_REPRESENTATION_CONTEXT(2) 
PARAMETRIC_REPRESENTATION_CONTEXT() REPRESENTATION_CONTEXT('2D SPACE',''
  ) );
#4280 = ORIENTED_EDGE('',*,*,#4281,.T.);
#4281 = EDGE_CURVE('',#3926,#3829,#4282,.T.);
#4282 = SURFACE_CURVE('',#4283,(#4286,#4292),.PCURVE_S1.);
#4283 = B_SPLINE_CURVE_WITH_KNOTS('',1,(#4284,#4285),.UNSPECIFIED.,.F.,
  .F.,(2,2),(2.,3.),.PIECEWISE_BEZIER_KNOTS.);
#4284 = CARTESIAN_POINT('',(31.833734122635,0.,57.175));
#4285 = CARTESIAN_POINT('',(32.375,1.06234525423E-13,56.8625));
#4286 = PCURVE('',#3851,#4287);
#4287 = DEFINITIONAL_REPRESENTATION('',(#4288),#4291);
#4288 = B_SPLINE_CURVE_WITH_KNOTS('',1,(#4289,#4290),.UNSPECIFIED.,.F.,
  .F.,(2,2),(2.122427590824,3.),.PIECEWISE_BEZIER_KNOTS.);
#4289 = CARTESIAN_POINT('',(2.122427590824,0.));
#4290 = CARTESIAN_POINT('',(3.,0.));
#4291 = ( GEOMETRIC_REPRESENTATION_CONTEXT(2) 
PARAMETRIC_REPRESENTATION_CONTEXT() REPRESENTATION_CONTEXT('2D SPACE',''
  ) );
#4292 = PCURVE('',#4293,#4316);
#4293 = ( BOUNDED_SURFACE() B_SPLINE_SURFACE(1,6,(
    (#4294,#4295,#4296,#4297,#4298,#4299,#4300,#4301,#4302,#4303,#4304)
    ,(#4305,#4306,#4307,#4308,#4309,#4310,#4311,#4312,#4313,#4314,#4315
)),.UNSPECIFIED.,.F.,.F.,.F.) B_SPLINE_SURFACE_WITH_KNOTS((2,2),(7,4,7),
(2.,3.),(0.,0.5,1.),.UNSPECIFIED.) GEOMETRIC_REPRESENTATION_ITEM() 
RATIONAL_B_SPLINE_SURFACE((
    (1.,1.,1.,1.,1.,1.,1.,1.,1.,1.,1.)
,(1.,1.,1.,1.,1.,1.,1.,1.,1.,1.,1.
  ))) REPRESENTATION_ITEM('') SURFACE() );
#4294 = CARTESIAN_POINT('',(31.833734122635,0.,57.175));
#4295 = CARTESIAN_POINT('',(31.721321870805,16.664280638556,
    57.258333333333));
#4296 = CARTESIAN_POINT('',(21.691244573099,33.328561277113,
    57.341666666667));
#4297 = CARTESIAN_POINT('',(-0.18899309839,41.874846330421,57.425));
#4298 = CARTESIAN_POINT('',(-21.4027197934,33.328561277113,
    57.508333333334));
#4299 = CARTESIAN_POINT('',(-42.26474845186,-2.27282117434E-13,57.675));
#4300 = CARTESIAN_POINT('',(-21.4027197934,-33.32856127711,
    57.841666666666));
#4301 = CARTESIAN_POINT('',(-0.188993098389,-41.87484633042,57.925));
#4302 = CARTESIAN_POINT('',(21.6912445731,-33.32856127711,
    58.008333333333));
#4303 = CARTESIAN_POINT('',(31.721321870804,-16.66428063855,
    58.091666666667));
#4304 = CARTESIAN_POINT('',(31.833734122635,1.42108547152E-14,58.175));
#4305 = CARTESIAN_POINT('',(32.375,1.06234525423E-13,56.8625));
#4306 = CARTESIAN_POINT('',(32.26067641362,16.94762177742,
    56.945833333333));
#4307 = CARTESIAN_POINT('',(22.060058689568,33.895243554836,
    57.029166666667));
#4308 = CARTESIAN_POINT('',(-0.192206529602,42.586840259599,57.1125));
#4309 = CARTESIAN_POINT('',(-21.76662815119,33.895243554836,
    57.195833333334));
#4310 = CARTESIAN_POINT('',(-42.9833718488,1.532437239714E-12,57.3625));
#4311 = CARTESIAN_POINT('',(-21.76662815119,-33.89524355483,
    57.529166666666));
#4312 = CARTESIAN_POINT('',(-0.192206529601,-42.58684025959,
    57.612500000001));
#4313 = CARTESIAN_POINT('',(22.060058689568,-33.89524355484,
    57.695833333333));
#4314 = CARTESIAN_POINT('',(32.26067641362,-16.94762177741,
    57.779166666667));
#4315 = CARTESIAN_POINT('',(32.375,2.054197713841E-13,57.8625));
#4316 = DEFINITIONAL_REPRESENTATION('',(#4317),#4321);
#4317 = LINE('',#4318,#4319);
#4318 = CARTESIAN_POINT('',(0.,0.));
#4319 = VECTOR('',#4320,1.);
#4320 = DIRECTION('',(1.,0.));
#4321 = ( GEOMETRIC_REPRESENTATION_CONTEXT(2) 
PARAMETRIC_REPRESENTATION_CONTEXT() REPRESENTATION_CONTEXT('2D SPACE',''
  ) );
#4322 = ORIENTED_EDGE('',*,*,#3828,.T.);
#4323 = ADVANCED_FACE('',(#4324),#4293,.T.);
#4324 = FACE_BOUND('',#4325,.T.);
#4325 = EDGE_LOOP('',(#4326,#4787,#4788,#4819));
#4326 = ORIENTED_EDGE('',*,*,#4327,.F.);
#4327 = EDGE_CURVE('',#3926,#4328,#4330,.T.);
#4328 = VERTEX_POINT('',#4329);
#4329 = CARTESIAN_POINT('',(31.9,1.542669870451E-14,58.136741377866));
#4330 = SURFACE_CURVE('',#4331,(#4481,#4634),.PCURVE_S1.);
#4331 = B_SPLINE_CURVE_WITH_KNOTS('',8,(#4332,#4333,#4334,#4335,#4336,
    #4337,#4338,#4339,#4340,#4341,#4342,#4343,#4344,#4345,#4346,#4347,
    #4348,#4349,#4350,#4351,#4352,#4353,#4354,#4355,#4356,#4357,#4358,
    #4359,#4360,#4361,#4362,#4363,#4364,#4365,#4366,#4367,#4368,#4369,
    #4370,#4371,#4372,#4373,#4374,#4375,#4376,#4377,#4378,#4379,#4380,
    #4381,#4382,#4383,#4384,#4385,#4386,#4387,#4388,#4389,#4390,#4391,
    #4392,#4393,#4394,#4395,#4396,#4397,#4398,#4399,#4400,#4401,#4402,
    #4403,#4404,#4405,#4406,#4407,#4408,#4409,#4410,#4411,#4412,#4413,
    #4414,#4415,#4416,#4417,#4418,#4419,#4420,#4421,#4422,#4423,#4424,
    #4425,#4426,#4427,#4428,#4429,#4430,#4431,#4432,#4433,#4434,#4435,
    #4436,#4437,#4438,#4439,#4440,#4441,#4442,#4443,#4444,#4445,#4446,
    #4447,#4448,#4449,#4450,#4451,#4452,#4453,#4454,#4455,#4456,#4457,
    #4458,#4459,#4460,#4461,#4462,#4463,#4464,#4465,#4466,#4467,#4468,
    #4469,#4470,#4471,#4472,#4473,#4474,#4475,#4476,#4477,#4478,#4479,
    #4480),.UNSPECIFIED.,.F.,.F.,(9,7,7,7,7,7,7,7,7,7,7,7,7,7,7,7,7,7,7,
    7,7,9),(0.,1.27102346903E-02,3.948972040206E-02,6.542745330093E-02,
    0.136964794523,0.2335852879,0.301046181739,0.365993876088,
    0.449757794664,0.495183858365,0.503063428851,0.55457040653,
    0.57657263403,0.635586884479,0.699266918621,0.769363488415,
    0.848375396495,0.865376739776,0.899128648829,0.962124050078,
    0.987555571666,1.),.UNSPECIFIED.);
#4332 = CARTESIAN_POINT('',(31.9,1.06581410364E-14,57.136741377865));
#4333 = CARTESIAN_POINT('',(31.9,0.318419357827,57.137090268596));
#4334 = CARTESIAN_POINT('',(31.896367536209,0.636842890556,
    57.137549191264));
#4335 = CARTESIAN_POINT('',(31.88910246133,0.955221475143,
    57.138112156996));
#4336 = CARTESIAN_POINT('',(31.878205429076,1.273506109186,
    57.138773371375));
#4337 = CARTESIAN_POINT('',(31.863677894166,1.59164791093,
    57.139527234445));
#4338 = CARTESIAN_POINT('',(31.845522112326,1.909598119261,
    57.140368340706));
#4339 = CARTESIAN_POINT('',(31.823741140289,2.227308093708,
    57.14129147912));
#4340 = CARTESIAN_POINT('',(31.744818136397,3.213511382788,
    57.144398880532));
#4341 = CARTESIAN_POINT('',(31.675221778471,3.881012044777,
    57.146848031584));
#4342 = CARTESIAN_POINT('',(31.589585860341,4.54677652106,
    57.149592138733));
#4343 = CARTESIAN_POINT('',(31.487961795964,5.210353214351,
    57.152588208472));
#4344 = CARTESIAN_POINT('',(31.370416174352,5.871293700809,
    57.15579711169));
#4345 = CARTESIAN_POINT('',(31.237030619007,6.529152721414,
    57.159183494037));
#4346 = CARTESIAN_POINT('',(31.087901647338,7.183488173354,
    57.162715686301));
#4347 = CARTESIAN_POINT('',(30.763558307447,8.463791021417,
    57.169900815956));
#4348 = CARTESIAN_POINT('',(30.589310939234,9.090004725095,
    57.17354646813));
#4349 = CARTESIAN_POINT('',(30.400499728059,9.712103092682,
    57.177276999741));
#4350 = CARTESIAN_POINT('',(30.197238625655,10.329691319932,
    57.181069985317));
#4351 = CARTESIAN_POINT('',(29.979654225281,10.942378930848,
    57.184905948074));
#4352 = CARTESIAN_POINT('',(29.747885754108,11.549779790429,
    57.188768162518));
#4353 = CARTESIAN_POINT('',(29.502085065611,12.151512117419,
    57.192642457054));
#4354 = CARTESIAN_POINT('',(28.526240341014,14.390126194966,
    57.207203212214));
#4355 = CARTESIAN_POINT('',(27.704521464943,15.987186627536,
    57.217892212338));
#4356 = CARTESIAN_POINT('',(26.780753024273,17.530296913817,
    57.22833454485));
#4357 = CARTESIAN_POINT('',(25.75912463181,19.011872157666,
    57.238417415387));
#4358 = CARTESIAN_POINT('',(24.64444427186,20.42477718128,57.24812623872
    ));
#4359 = CARTESIAN_POINT('',(23.44211151549,21.762311772613,
    57.257503977156));
#4360 = CARTESIAN_POINT('',(22.158140483998,23.018232542638,
    57.266617072608));
#4361 = CARTESIAN_POINT('',(18.963846514855,25.765136553972,
    57.287583956735));
#4362 = CARTESIAN_POINT('',(16.991150401883,27.184658717812,
    57.29928228806));
#4363 = CARTESIAN_POINT('',(14.897787986743,28.430838735083,
    57.310804368172));
#4364 = CARTESIAN_POINT('',(12.701706942401,29.491964740653,
    57.32234529981));
#4365 = CARTESIAN_POINT('',(10.421843420834,30.358554545268,
    57.334024816346));
#4366 = CARTESIAN_POINT('',(8.078097272726,31.023365150887,
    57.345872391664));
#4367 = CARTESIAN_POINT('',(5.691307911428,31.481403198529,
    57.357862668252));
#4368 = CARTESIAN_POINT('',(1.602317300714,31.904531658544,
    57.378380729302));
#4369 = CARTESIAN_POINT('',(-8.947088289509E-02,31.976711342262,
    57.38686321295));
#4370 = CARTESIAN_POINT('',(-1.784558160089,31.946326351109,
    57.395376103444));
#4371 = CARTESIAN_POINT('',(-3.475681784421,31.813267150289,
    57.403898258481));
#4372 = CARTESIAN_POINT('',(-5.1556418491,31.578026736756,57.41241034907
    ));
#4373 = CARTESIAN_POINT('',(-6.817301901146,31.241678397503,
    57.420899083858));
#4374 = CARTESIAN_POINT('',(-8.453594303994,30.805897265202,
    57.429358924296));
#4375 = CARTESIAN_POINT('',(-11.60171308983,29.760005765182,
    57.445909516204));
#4376 = CARTESIAN_POINT('',(-13.11606459861,29.156941826304,
    57.454003127052));
#4377 = CARTESIAN_POINT('',(-14.59434667891,28.465889792792,
    57.462073041748));
#4378 = CARTESIAN_POINT('',(-16.03060441402,27.689404450434,
    57.470127542757));
#4379 = CARTESIAN_POINT('',(-17.41914184625,26.830492615418,
    57.478179913794));
#4380 = CARTESIAN_POINT('',(-18.75451524573,25.892596727089,
    57.486245234776));
#4381 = CARTESIAN_POINT('',(-20.03154396815,24.879608850627,
    57.494336334387));
#4382 = CARTESIAN_POINT('',(-22.81078662076,22.398260609879,
    57.51293468315));
#4383 = CARTESIAN_POINT('',(-24.27135987906,20.882722836426,
    57.523464978076));
#4384 = CARTESIAN_POINT('',(-25.61637749344,19.258744393047,
    57.534061600425));
#4385 = CARTESIAN_POINT('',(-26.83653792771,17.536706972455,
    57.544722878148));
#4386 = CARTESIAN_POINT('',(-27.92373343681,15.72778224751,
    57.555419929439));
#4387 = CARTESIAN_POINT('',(-28.87098836611,13.843881281995,
    57.56609499475));
#4388 = CARTESIAN_POINT('',(-29.67252974685,11.897690680493,
    57.576681856679));
#4389 = CARTESIAN_POINT('',(-30.67729666809,8.820924458837,
    57.592839911943));
#4390 = CARTESIAN_POINT('',(-30.98648831203,7.724646817393,
    57.598489450192));
#4391 = CARTESIAN_POINT('',(-31.25088007032,6.616067153787,
    57.604103694051));
#4392 = CARTESIAN_POINT('',(-31.46990837212,5.497324886748,
    57.609683233359));
#4393 = CARTESIAN_POINT('',(-31.64313309255,4.3705812149,57.615235073829
    ));
#4394 = CARTESIAN_POINT('',(-31.77023552378,3.238018576088,
    57.620775561904));
#4395 = CARTESIAN_POINT('',(-31.85102049082,2.101840843666,57.6263337104
    ));
#4396 = CARTESIAN_POINT('',(-31.8913899779,0.766952824614,
    57.632929976516));
#4397 = CARTESIAN_POINT('',(-31.89596178417,0.569589171346,
    57.633906755308));
#4398 = CARTESIAN_POINT('',(-31.89913768267,0.37219484639,
    57.634885794547));
#4399 = CARTESIAN_POINT('',(-31.90091743946,0.174781387121,
    57.635867447822));
#4400 = CARTESIAN_POINT('',(-31.90130093486,-2.263967817677E-02,
    57.636851889065));
#4401 = CARTESIAN_POINT('',(-31.90028816349,-0.220056830308,
    57.637839112545));
#4402 = CARTESIAN_POINT('',(-31.89787923423,-0.417458559165,
    57.638828932871));
#4403 = CARTESIAN_POINT('',(-31.86920283126,-1.905028009535,
    57.646305806281));
#4404 = CARTESIAN_POINT('',(-31.78468326079,-3.194098342829,
    57.652885839919));
#4405 = CARTESIAN_POINT('',(-31.64057436108,-4.478789768708,
    57.659489776353));
#4406 = CARTESIAN_POINT('',(-31.43715170688,-5.755886908218,
    57.666074590194));
#4407 = CARTESIAN_POINT('',(-31.17489444373,-7.022211544411,
    57.672618367781));
#4408 = CARTESIAN_POINT('',(-30.85448069767,-8.274622225804,
    57.679113984695));
#4409 = CARTESIAN_POINT('',(-30.47679169611,-9.510015527227,
    57.685563633197));
#4410 = CARTESIAN_POINT('',(-29.85758966137,-11.24447421817,
    57.694712600256));
#4411 = CARTESIAN_POINT('',(-29.66200212207,-11.7599597384,
    57.697443893667));
#4412 = CARTESIAN_POINT('',(-29.456246496,-12.27154882551,
    57.700168640288));
#4413 = CARTESIAN_POINT('',(-29.24041365778,-12.77900754728,
    57.702887560987));
#4414 = CARTESIAN_POINT('',(-29.01460084131,-13.28210474604,
    57.705601489888));
#4415 = CARTESIAN_POINT('',(-28.77891163833,-13.78061204221,
    57.70831132719));
#4416 = CARTESIAN_POINT('',(-28.53345599691,-14.27430383785,
    57.71101799199));
#4417 = CARTESIAN_POINT('',(-27.59410694449,-16.07362093313,
    57.720976056237));
#4418 = CARTESIAN_POINT('',(-26.84041511974,-17.34808390463,
    57.728213556118));
#4419 = CARTESIAN_POINT('',(-26.01954020155,-18.58198755756,
    57.735452030762));
#4420 = CARTESIAN_POINT('',(-25.1340522589,-19.77120970641,
    57.742707812084));
#4421 = CARTESIAN_POINT('',(-24.18680171817,-20.91184718921,
    57.749992324631));
#4422 = CARTESIAN_POINT('',(-23.18091075712,-22.00021068601,
    57.757310234698));
#4423 = CARTESIAN_POINT('',(-22.1197803487,-23.03283182388,
    57.764659831827));
#4424 = CARTESIAN_POINT('',(-19.80647586946,-25.05711207215,
    57.779994599806));
#4425 = CARTESIAN_POINT('',(-18.54573331211,-26.03916287886,
    57.787984625233));
#4426 = CARTESIAN_POINT('',(-17.22953196837,-26.94855044738,
    57.795998826532));
#4427 = CARTESIAN_POINT('',(-15.86278412315,-27.78164716873,
    57.804024856479));
#4428 = CARTESIAN_POINT('',(-14.45064259671,-28.53524262516,
    57.812048880663));
#4429 = CARTESIAN_POINT('',(-12.99849121425,-29.20653101272,
    57.820058775574));
#4430 = CARTESIAN_POINT('',(-11.51195080882,-29.79312572763,
    57.828046557194));
#4431 = CARTESIAN_POINT('',(-8.32919104131,-30.84345508838,
    57.844775940458));
#4432 = CARTESIAN_POINT('',(-6.626745373578,-31.2889175316,
    57.85351338448));
#4433 = CARTESIAN_POINT('',(-4.897419800481,-31.62687012614,
    57.862218817364));
#4434 = CARTESIAN_POINT('',(-3.149156556182,-31.85547810823,
    57.870898337333));
#4435 = CARTESIAN_POINT('',(-1.389971340868,-31.97360827348,
    57.879567865751));
#4436 = CARTESIAN_POINT('',(0.372053440571,-31.98080203802,
    57.888250218634));
#4437 = CARTESIAN_POINT('',(2.128769479229,-31.87730355759,
    57.896969079543));
#4438 = CARTESIAN_POINT('',(5.836855318694,-31.42387109117,
    57.915626194903));
#4439 = CARTESIAN_POINT('',(7.784919968766,-31.04422454643,
    57.925580359333));
#4440 = CARTESIAN_POINT('',(9.704306927177,-30.52660176433,
    57.935624567514));
#4441 = CARTESIAN_POINT('',(11.583623592952,-29.87362405862,
    57.945771922214));
#4442 = CARTESIAN_POINT('',(13.411882400609,-29.08897347812,
    57.95601300309));
#4443 = CARTESIAN_POINT('',(15.178486339975,-28.17733813463,
    57.966303468589));
#4444 = CARTESIAN_POINT('',(16.873254824108,-27.14446195797,
    57.976563195736));
#4445 = CARTESIAN_POINT('',(18.833626634054,-25.75045507414,
    57.988878104695));
#4446 = CARTESIAN_POINT('',(19.176988667681,-25.4983169771,
    57.991052994485));
#4447 = CARTESIAN_POINT('',(19.516489629676,-25.24094873956,
    57.99322118481));
#4448 = CARTESIAN_POINT('',(19.852036641355,-24.97841943547,
    57.995381717376));
#4449 = CARTESIAN_POINT('',(20.18353836131,-24.71080007484,
    57.997533628417));
#4450 = CARTESIAN_POINT('',(20.510904985416,-24.43816360372,
    57.999675948691));
#4451 = CARTESIAN_POINT('',(20.834048246824,-24.16058490421,
    58.001807703482));
#4452 = CARTESIAN_POINT('',(21.785844820665,-23.31741875355,
    58.008137056778));
#4453 = CARTESIAN_POINT('',(22.401823749528,-22.73751864545,
    58.012300739292));
#4454 = CARTESIAN_POINT('',(23.000137292094,-22.13904383754,
    58.01641156687));
#4455 = CARTESIAN_POINT('',(23.580132852908,-21.52262370332,
    58.020462370113));
#4456 = CARTESIAN_POINT('',(24.141186191253,-20.88891357789,
    58.024446865621));
#4457 = CARTESIAN_POINT('',(24.682701460886,-20.23859471363,
    58.02836031814));
#4458 = CARTESIAN_POINT('',(25.20411124978,-19.57237423569,
    58.032200202698));
#4459 = CARTESIAN_POINT('',(26.639517542546,-17.61922348869,
    58.042997062073));
#4460 = CARTESIAN_POINT('',(27.502288834182,-16.29455937059,
    58.049772631527));
#4461 = CARTESIAN_POINT('',(28.289634683084,-14.92180908469,
    58.056295930778));
#4462 = CARTESIAN_POINT('',(28.998455303043,-13.50600633079,
    58.062606778203));
#4463 = CARTESIAN_POINT('',(29.626068386985,-12.05238111342,
    58.06879998634));
#4464 = CARTESIAN_POINT('',(30.170196556908,-10.56635212371,
    58.075047900374));
#4465 = CARTESIAN_POINT('',(30.628981335191,-9.053531479401,
    58.081621002316));
#4466 = CARTESIAN_POINT('',(31.151219494175,-6.900542655367,
    58.091838057486));
#4467 = CARTESIAN_POINT('',(31.287280295849,-6.277916799094,
    58.094891518105));
#4468 = CARTESIAN_POINT('',(31.409115259696,-5.652240252766,
    58.098085044666));
#4469 = CARTESIAN_POINT('',(31.516645077191,-5.023892775942,
    58.101446651564));
#4470 = CARTESIAN_POINT('',(31.609802588965,-4.39325682703,58.1050074121
    ));
#4471 = CARTESIAN_POINT('',(31.688532934774,-3.760717578433,
    58.108801526276));
#4472 = CARTESIAN_POINT('',(31.752793703476,-3.126662931689,
    58.112866388597));
#4473 = CARTESIAN_POINT('',(31.826904861632,-2.180670650916,
    58.119384098504));
#4474 = CARTESIAN_POINT('',(31.847782864306,-1.869588330299,
    58.12160010251));
#4475 = CARTESIAN_POINT('',(31.865185598778,-1.5582822082,
    58.123895430322));
#4476 = CARTESIAN_POINT('',(31.879110315384,-1.246798037969,
    58.126275026746));
#4477 = CARTESIAN_POINT('',(31.889555007038,-0.93518168888,
    58.128744018964));
#4478 = CARTESIAN_POINT('',(31.896518409223,-0.623479146125,
    58.131307716537));
#4479 = CARTESIAN_POINT('',(31.9,-0.31173651082,58.1339716114));
#4480 = CARTESIAN_POINT('',(31.9,0.,58.136741377865));
#4481 = PCURVE('',#4293,#4482);
#4482 = DEFINITIONAL_REPRESENTATION('',(#4483),#4633);
#4483 = B_SPLINE_CURVE_WITH_KNOTS('',8,(#4484,#4485,#4486,#4487,#4488,
    #4489,#4490,#4491,#4492,#4493,#4494,#4495,#4496,#4497,#4498,#4499,
    #4500,#4501,#4502,#4503,#4504,#4505,#4506,#4507,#4508,#4509,#4510,
    #4511,#4512,#4513,#4514,#4515,#4516,#4517,#4518,#4519,#4520,#4521,
    #4522,#4523,#4524,#4525,#4526,#4527,#4528,#4529,#4530,#4531,#4532,
    #4533,#4534,#4535,#4536,#4537,#4538,#4539,#4540,#4541,#4542,#4543,
    #4544,#4545,#4546,#4547,#4548,#4549,#4550,#4551,#4552,#4553,#4554,
    #4555,#4556,#4557,#4558,#4559,#4560,#4561,#4562,#4563,#4564,#4565,
    #4566,#4567,#4568,#4569,#4570,#4571,#4572,#4573,#4574,#4575,#4576,
    #4577,#4578,#4579,#4580,#4581,#4582,#4583,#4584,#4585,#4586,#4587,
    #4588,#4589,#4590,#4591,#4592,#4593,#4594,#4595,#4596,#4597,#4598,
    #4599,#4600,#4601,#4602,#4603,#4604,#4605,#4606,#4607,#4608,#4609,
    #4610,#4611,#4612,#4613,#4614,#4615,#4616,#4617,#4618,#4619,#4620,
    #4621,#4622,#4623,#4624,#4625,#4626,#4627,#4628,#4629,#4630,#4631,
    #4632),.UNSPECIFIED.,.F.,.F.,(9,7,7,7,7,7,7,7,7,7,7,7,7,7,7,7,7,7,7,
    7,7,9),(0.,1.27102346903E-02,3.948972040206E-02,6.542745330093E-02,
    0.136964794523,0.2335852879,0.301046181739,0.365993876088,
    0.449757794664,0.495183858365,0.503063428851,0.55457040653,
    0.57657263403,0.635586884479,0.699266918621,0.769363488415,
    0.848375396495,0.865376739776,0.899128648829,0.962124050078,
    0.987555571666,1.),.UNSPECIFIED.);
#4484 = CARTESIAN_POINT('',(2.122427590832,0.));
#4485 = CARTESIAN_POINT('',(2.126395994934,1.589017012464E-03));
#4486 = CARTESIAN_POINT('',(2.130011581271,3.177810411037E-03));
#4487 = CARTESIAN_POINT('',(2.133293613468,4.766411204361E-03));
#4488 = CARTESIAN_POINT('',(2.136260725502,6.354848094458E-03));
#4489 = CARTESIAN_POINT('',(2.138930921703,7.943147476722E-03));
#4490 = CARTESIAN_POINT('',(2.141321576748,9.531333439926E-03));
#4491 = CARTESIAN_POINT('',(2.143449435668,1.111942776622E-02));
#4492 = CARTESIAN_POINT('',(2.149294111397,1.605329034328E-02));
#4493 = CARTESIAN_POINT('',(2.15216250104,1.939881315891E-02));
#4494 = CARTESIAN_POINT('',(2.154086587075,2.274419719373E-02));
#4495 = CARTESIAN_POINT('',(2.155204405275,2.60895851204E-02));
#4496 = CARTESIAN_POINT('',(2.155641519551,2.943508654966E-02));
#4497 = CARTESIAN_POINT('',(2.155511318636,3.278078111138E-02));
#4498 = CARTESIAN_POINT('',(2.154915312752,3.612672153564E-02));
#4499 = CARTESIAN_POINT('',(2.153002096763,4.271397119451E-02));
#4500 = CARTESIAN_POINT('',(2.15170816333,4.595526917076E-02));
#4501 = CARTESIAN_POINT('',(2.150143535295,4.919685452039E-02));
#4502 = CARTESIAN_POINT('',(2.148380008743,5.243873804929E-02));
#4503 = CARTESIAN_POINT('',(2.146479904869,5.568091834577E-02));
#4504 = CARTESIAN_POINT('',(2.14449670431,5.8923382615E-02));
#4505 = CARTESIAN_POINT('',(2.142475681469,6.216610751332E-02));
#4506 = CARTESIAN_POINT('',(2.134880143826,7.435325715963E-02));
#4507 = CARTESIAN_POINT('',(2.129304453189,8.329985395987E-02));
#4508 = CARTESIAN_POINT('',(2.124520849411,9.224731029153E-02));
#4509 = CARTESIAN_POINT('',(2.120887294923,0.10119469505));
#4510 = CARTESIAN_POINT('',(2.11844890501,0.110141521535));
#4511 = CARTESIAN_POINT('',(2.11706754355,0.119087584516));
#4512 = CARTESIAN_POINT('',(2.116529794261,0.128032633315));
#4513 = CARTESIAN_POINT('',(2.116705776158,0.149054511785));
#4514 = CARTESIAN_POINT('',(2.117924601291,0.161133725964));
#4515 = CARTESIAN_POINT('',(2.11969505788,0.173209073759));
#4516 = CARTESIAN_POINT('',(2.12139578967,0.185281484082));
#4517 = CARTESIAN_POINT('',(2.122651850106,0.197353519504));
#4518 = CARTESIAN_POINT('',(2.123376587253,0.209427575181));
#4519 = CARTESIAN_POINT('',(2.123653746173,0.221504463931));
#4520 = CARTESIAN_POINT('',(2.123618015756,0.242011359226));
#4521 = CARTESIAN_POINT('',(2.123458086572,0.250443865004));
#4522 = CARTESIAN_POINT('',(2.123202867729,0.258876999609));
#4523 = CARTESIAN_POINT('',(2.122919692778,0.267310662474));
#4524 = CARTESIAN_POINT('',(2.122670764202,0.275744962883));
#4525 = CARTESIAN_POINT('',(2.122498719059,0.284179933564));
#4526 = CARTESIAN_POINT('',(2.122420275692,0.29261526045));
#4527 = CARTESIAN_POINT('',(2.122435360942,0.309170566499));
#4528 = CARTESIAN_POINT('',(2.12252251901,0.317291414243));
#4529 = CARTESIAN_POINT('',(2.122684015144,0.325411796481));
#4530 = CARTESIAN_POINT('',(2.122892576288,0.333531472847));
#4531 = CARTESIAN_POINT('',(2.123105949303,0.341650522951));
#4532 = CARTESIAN_POINT('',(2.123276403637,0.349769110912));
#4533 = CARTESIAN_POINT('',(2.123362864222,0.357887229456));
#4534 = CARTESIAN_POINT('',(2.12332350498,0.376473278456));
#4535 = CARTESIAN_POINT('',(2.123128511794,0.386942638011));
#4536 = CARTESIAN_POINT('',(2.122716982437,0.397410657436));
#4537 = CARTESIAN_POINT('',(2.122095666688,0.407877773988));
#4538 = CARTESIAN_POINT('',(2.121360950583,0.418345226496));
#4539 = CARTESIAN_POINT('',(2.120701411719,0.428814185912));
#4540 = CARTESIAN_POINT('',(2.120329726095,0.439284896083));
#4541 = CARTESIAN_POINT('',(2.120299142794,0.455433394066));
#4542 = CARTESIAN_POINT('',(2.120391931837,0.461111928891));
#4543 = CARTESIAN_POINT('',(2.120598493143,0.466790723158));
#4544 = CARTESIAN_POINT('',(2.120916814185,0.472469737792));
#4545 = CARTESIAN_POINT('',(2.12132441546,0.47814895366));
#4546 = CARTESIAN_POINT('',(2.121768874782,0.483828335274));
#4547 = CARTESIAN_POINT('',(2.122157100886,0.489507804426));
#4548 = CARTESIAN_POINT('',(2.122375664061,0.496172371535));
#4549 = CARTESIAN_POINT('',(2.122402446734,0.497157519912));
#4550 = CARTESIAN_POINT('',(2.12242199693,0.498142668587));
#4551 = CARTESIAN_POINT('',(2.122433182344,0.499127817305));
#4552 = CARTESIAN_POINT('',(2.122435445785,0.500112965873));
#4553 = CARTESIAN_POINT('',(2.122428805175,0.501098114162));
#4554 = CARTESIAN_POINT('',(2.122413853552,0.502083262106));
#4555 = CARTESIAN_POINT('',(2.122247332414,0.50950809766));
#4556 = CARTESIAN_POINT('',(2.121798588254,0.515947898749));
#4557 = CARTESIAN_POINT('',(2.121272975229,0.522387581113));
#4558 = CARTESIAN_POINT('',(2.120807788312,0.528827024041));
#4559 = CARTESIAN_POINT('',(2.120473028031,0.535266189041));
#4560 = CARTESIAN_POINT('',(2.120291474585,0.541705070503));
#4561 = CARTESIAN_POINT('',(2.120255976858,0.548143625965));
#4562 = CARTESIAN_POINT('',(2.120381538494,0.557331831035));
#4563 = CARTESIAN_POINT('',(2.120441647611,0.560081908546));
#4564 = CARTESIAN_POINT('',(2.120522482894,0.562831916192));
#4565 = CARTESIAN_POINT('',(2.120621742079,0.565581855387));
#4566 = CARTESIAN_POINT('',(2.120736768239,0.568331729963));
#4567 = CARTESIAN_POINT('',(2.120864696612,0.571081544882));
#4568 = CARTESIAN_POINT('',(2.121002601426,0.573831304936));
#4569 = CARTESIAN_POINT('',(2.121536671663,0.583956266132));
#4570 = CARTESIAN_POINT('',(2.121977113342,0.591331404037));
#4571 = CARTESIAN_POINT('',(2.122413301779,0.598706187568));
#4572 = CARTESIAN_POINT('',(2.122793399227,0.606080749343));
#4573 = CARTESIAN_POINT('',(2.123081838205,0.613455399071));
#4574 = CARTESIAN_POINT('',(2.123264636742,0.62083043368));
#4575 = CARTESIAN_POINT('',(2.123347586827,0.628205952711));
#4576 = CARTESIAN_POINT('',(2.123347023911,0.643540544778));
#4577 = CARTESIAN_POINT('',(2.12325012669,0.651500289824));
#4578 = CARTESIAN_POINT('',(2.123077347623,0.659460497664));
#4579 = CARTESIAN_POINT('',(2.122868156248,0.667421155306));
#4580 = CARTESIAN_POINT('',(2.122667275644,0.675382404302));
#4581 = CARTESIAN_POINT('',(2.122513708973,0.683344309628));
#4582 = CARTESIAN_POINT('',(2.122432285339,0.691306646363));
#4583 = CARTESIAN_POINT('',(2.122422705082,0.708033035796));
#4584 = CARTESIAN_POINT('',(2.122510845334,0.716798023647));
#4585 = CARTESIAN_POINT('',(2.122700059851,0.725562586067));
#4586 = CARTESIAN_POINT('',(2.122969686169,0.734326364261));
#4587 = CARTESIAN_POINT('',(2.123268976637,0.74308942095));
#4588 = CARTESIAN_POINT('',(2.123525425938,0.75185191424));
#4589 = CARTESIAN_POINT('',(2.123662934752,0.760613746653));
#4590 = CARTESIAN_POINT('',(2.123592471272,0.779248842175));
#4591 = CARTESIAN_POINT('',(2.123338061003,0.789123503397));
#4592 = CARTESIAN_POINT('',(2.122791031642,0.798996764902));
#4593 = CARTESIAN_POINT('',(2.12191054998,0.808868969083));
#4594 = CARTESIAN_POINT('',(2.120730152404,0.818741175716));
#4595 = CARTESIAN_POINT('',(2.119395393851,0.828614529168));
#4596 = CARTESIAN_POINT('',(2.118164396465,0.838489569631));
#4597 = CARTESIAN_POINT('',(2.117157998595,0.850489979256));
#4598 = CARTESIAN_POINT('',(2.116998399462,0.852614994317));
#4599 = CARTESIAN_POINT('',(2.116860465362,0.854740080235));
#4600 = CARTESIAN_POINT('',(2.11674727008,0.856865239276));
#4601 = CARTESIAN_POINT('',(2.116661902794,0.85899047304));
#4602 = CARTESIAN_POINT('',(2.116607468075,0.861115782465));
#4603 = CARTESIAN_POINT('',(2.116587085889,0.863241167822));
#4604 = CARTESIAN_POINT('',(2.116637255113,0.869586199001));
#4605 = CARTESIAN_POINT('',(2.116817099088,0.873806082757));
#4606 = CARTESIAN_POINT('',(2.117167003326,0.87802625541));
#4607 = CARTESIAN_POINT('',(2.11770985222,0.882246698932));
#4608 = CARTESIAN_POINT('',(2.118465685284,0.886467392272));
#4609 = CARTESIAN_POINT('',(2.119449547682,0.89068830179));
#4610 = CARTESIAN_POINT('',(2.120669340769,0.894909371688));
#4611 = CARTESIAN_POINT('',(2.124838073696,0.907008960103));
#4612 = CARTESIAN_POINT('',(2.128369325707,0.91488804581));
#4613 = CARTESIAN_POINT('',(2.132706946513,0.922766851563));
#4614 = CARTESIAN_POINT('',(2.137721736014,0.930644820707));
#4615 = CARTESIAN_POINT('',(2.143108903724,0.938521518754));
#4616 = CARTESIAN_POINT('',(2.148315794895,0.946396586278));
#4617 = CARTESIAN_POINT('',(2.152476154019,0.954269800447));
#4618 = CARTESIAN_POINT('',(2.155138574926,0.96531886215));
#4619 = CARTESIAN_POINT('',(2.155535347225,0.968496314113));
#4620 = CARTESIAN_POINT('',(2.15548320244,0.971673545428));
#4621 = CARTESIAN_POINT('',(2.154892651549,0.974850605173));
#4622 = CARTESIAN_POINT('',(2.15366448615,0.978027564022));
#4623 = CARTESIAN_POINT('',(2.151689569122,0.981204516626));
#4624 = CARTESIAN_POINT('',(2.148848625278,0.984381583997));
#4625 = CARTESIAN_POINT('',(2.143134668558,0.989113682429));
#4626 = CARTESIAN_POINT('',(2.141018913757,0.990668513059));
#4627 = CARTESIAN_POINT('',(2.138649585638,0.992223425834));
#4628 = CARTESIAN_POINT('',(2.136010925288,0.993778440898));
#4629 = CARTESIAN_POINT('',(2.133086596864,0.995333580484));
#4630 = CARTESIAN_POINT('',(2.129859687598,0.996888868911));
#4631 = CARTESIAN_POINT('',(2.126312707795,0.998444332586));
#4632 = CARTESIAN_POINT('',(2.122427590832,1.));
#4633 = ( GEOMETRIC_REPRESENTATION_CONTEXT(2) 
PARAMETRIC_REPRESENTATION_CONTEXT() REPRESENTATION_CONTEXT('2D SPACE',''
  ) );
#4634 = PCURVE('',#2780,#4635);
#4635 = DEFINITIONAL_REPRESENTATION('',(#4636),#4786);
#4636 = B_SPLINE_CURVE_WITH_KNOTS('',8,(#4637,#4638,#4639,#4640,#4641,
    #4642,#4643,#4644,#4645,#4646,#4647,#4648,#4649,#4650,#4651,#4652,
    #4653,#4654,#4655,#4656,#4657,#4658,#4659,#4660,#4661,#4662,#4663,
    #4664,#4665,#4666,#4667,#4668,#4669,#4670,#4671,#4672,#4673,#4674,
    #4675,#4676,#4677,#4678,#4679,#4680,#4681,#4682,#4683,#4684,#4685,
    #4686,#4687,#4688,#4689,#4690,#4691,#4692,#4693,#4694,#4695,#4696,
    #4697,#4698,#4699,#4700,#4701,#4702,#4703,#4704,#4705,#4706,#4707,
    #4708,#4709,#4710,#4711,#4712,#4713,#4714,#4715,#4716,#4717,#4718,
    #4719,#4720,#4721,#4722,#4723,#4724,#4725,#4726,#4727,#4728,#4729,
    #4730,#4731,#4732,#4733,#4734,#4735,#4736,#4737,#4738,#4739,#4740,
    #4741,#4742,#4743,#4744,#4745,#4746,#4747,#4748,#4749,#4750,#4751,
    #4752,#4753,#4754,#4755,#4756,#4757,#4758,#4759,#4760,#4761,#4762,
    #4763,#4764,#4765,#4766,#4767,#4768,#4769,#4770,#4771,#4772,#4773,
    #4774,#4775,#4776,#4777,#4778,#4779,#4780,#4781,#4782,#4783,#4784,
    #4785),.UNSPECIFIED.,.F.,.F.,(9,7,7,7,7,7,7,7,7,7,7,7,7,7,7,7,7,7,7,
    7,7,9),(0.,1.27102346903E-02,3.948972040206E-02,6.542745330093E-02,
    0.136964794523,0.2335852879,0.301046181739,0.365993876088,
    0.449757794664,0.495183858365,0.503063428851,0.55457040653,
    0.57657263403,0.635586884479,0.699266918621,0.769363488415,
    0.848375396495,0.865376739776,0.899128648829,0.962124050078,
    0.987555571666,1.),.UNSPECIFIED.);
#4637 = CARTESIAN_POINT('',(0.,1.136741377865));
#4638 = CARTESIAN_POINT('',(9.981798051013E-03,1.137090268596));
#4639 = CARTESIAN_POINT('',(1.996372646554E-02,1.137549191264));
#4640 = CARTESIAN_POINT('',(2.99457618858E-02,1.138112156996));
#4641 = CARTESIAN_POINT('',(3.992788383305E-02,1.138773371375));
#4642 = CARTESIAN_POINT('',(4.991007470764E-02,1.139527234445));
#4643 = CARTESIAN_POINT('',(5.989231978899E-02,1.140368340706));
#4644 = CARTESIAN_POINT('',(6.987460723558E-02,1.14129147912));
#4645 = CARTESIAN_POINT('',(0.100888909403,1.144398880532));
#4646 = CARTESIAN_POINT('',(0.121921049417,1.146848031584));
#4647 = CARTESIAN_POINT('',(0.142953223892,1.149592138733));
#4648 = CARTESIAN_POINT('',(0.163985369631,1.152588208472));
#4649 = CARTESIAN_POINT('',(0.185017464408,1.15579711169));
#4650 = CARTESIAN_POINT('',(0.206049506888,1.159183494037));
#4651 = CARTESIAN_POINT('',(0.227081496559,1.1627156863));
#4652 = CARTESIAN_POINT('',(0.268484239816,1.169900815956));
#4653 = CARTESIAN_POINT('',(0.288855034207,1.17354646813));
#4654 = CARTESIAN_POINT('',(0.309225769659,1.177276999741));
#4655 = CARTESIAN_POINT('',(0.329596452546,1.181069985317));
#4656 = CARTESIAN_POINT('',(0.349967106227,1.184905948074));
#4657 = CARTESIAN_POINT('',(0.370337754482,1.188768162518));
#4658 = CARTESIAN_POINT('',(0.390708404948,1.192642457054));
#4659 = CARTESIAN_POINT('',(0.467262066901,1.207203212214));
#4660 = CARTESIAN_POINT('',(0.523449133476,1.217892212338));
#4661 = CARTESIAN_POINT('',(0.579634438965,1.22833454485));
#4662 = CARTESIAN_POINT('',(0.635817942679,1.238417415387));
#4663 = CARTESIAN_POINT('',(0.692001642943,1.24812623872));
#4664 = CARTESIAN_POINT('',(0.748187508204,1.257503977156));
#4665 = CARTESIAN_POINT('',(0.804375395265,1.266617072608));
#4666 = CARTESIAN_POINT('',(0.936442971616,1.287583956735));
#4667 = CARTESIAN_POINT('',(1.012344540468,1.29928228806));
#4668 = CARTESIAN_POINT('',(1.088237054092,1.310804368172));
#4669 = CARTESIAN_POINT('',(1.164121444431,1.32234529981));
#4670 = CARTESIAN_POINT('',(1.240005806346,1.334024816346));
#4671 = CARTESIAN_POINT('',(1.315898246962,1.345872391664));
#4672 = CARTESIAN_POINT('',(1.391799746087,1.357862668252));
#4673 = CARTESIAN_POINT('',(1.520665732509,1.378380729302));
#4674 = CARTESIAN_POINT('',(1.573651024689,1.38686321295));
#4675 = CARTESIAN_POINT('',(1.626634995838,1.395376103444));
#4676 = CARTESIAN_POINT('',(1.679617317759,1.403898258481));
#4677 = CARTESIAN_POINT('',(1.732599639761,1.41241034907));
#4678 = CARTESIAN_POINT('',(1.785583612823,1.420899083858));
#4679 = CARTESIAN_POINT('',(1.838568912836,1.429358924296));
#4680 = CARTESIAN_POINT('',(1.942559799641,1.445909516204));
#4681 = CARTESIAN_POINT('',(1.993570806635,1.454003127052));
#4682 = CARTESIAN_POINT('',(2.044580733145,1.462073041748));
#4683 = CARTESIAN_POINT('',(2.095589300905,1.470127542757));
#4684 = CARTESIAN_POINT('',(2.146597868413,1.478179913794));
#4685 = CARTESIAN_POINT('',(2.197607794849,1.486245234776));
#4686 = CARTESIAN_POINT('',(2.248618803628,1.494336334387));
#4687 = CARTESIAN_POINT('',(2.365413751086,1.51293468315));
#4688 = CARTESIAN_POINT('',(2.431208891875,1.523464978076));
#4689 = CARTESIAN_POINT('',(2.496999696985,1.534061600425));
#4690 = CARTESIAN_POINT('',(2.562786252767,1.544722878148));
#4691 = CARTESIAN_POINT('',(2.628572796811,1.555419929439));
#4692 = CARTESIAN_POINT('',(2.694363575811,1.56609499475));
#4693 = CARTESIAN_POINT('',(2.760158697498,1.576681856679));
#4694 = CARTESIAN_POINT('',(2.861621775958,1.592839911943));
#4695 = CARTESIAN_POINT('',(2.897298879406,1.598489450192));
#4696 = CARTESIAN_POINT('',(2.932975811338,1.604103694051));
#4697 = CARTESIAN_POINT('',(2.968652521712,1.609683233359));
#4698 = CARTESIAN_POINT('',(3.004329238198,1.615235073829));
#4699 = CARTESIAN_POINT('',(3.040006187702,1.620775561904));
#4700 = CARTESIAN_POINT('',(3.075683317367,1.6263337104));
#4701 = CARTESIAN_POINT('',(3.11754846795,1.632929976516));
#4702 = CARTESIAN_POINT('',(3.123736921211,1.633906755308));
#4703 = CARTESIAN_POINT('',(3.129925373968,1.634885794547));
#4704 = CARTESIAN_POINT('',(3.136113825634,1.635867447822));
#4705 = CARTESIAN_POINT('',(3.142302275923,1.636851889065));
#4706 = CARTESIAN_POINT('',(3.148490724854,1.637839112545));
#4707 = CARTESIAN_POINT('',(3.154679172753,1.638828932871));
#4708 = CARTESIAN_POINT('',(3.201320107777,1.646305806281));
#4709 = CARTESIAN_POINT('',(3.241773390726,1.652885839919));
#4710 = CARTESIAN_POINT('',(3.28222632222,1.659489776353));
#4711 = CARTESIAN_POINT('',(3.322678807252,1.666074590194));
#4712 = CARTESIAN_POINT('',(3.363131280832,1.672618367781));
#4713 = CARTESIAN_POINT('',(3.403584188332,1.679113984695));
#4714 = CARTESIAN_POINT('',(3.444037468005,1.685563633197));
#4715 = CARTESIAN_POINT('',(3.501770152623,1.694712600256));
#4716 = CARTESIAN_POINT('',(3.519050282862,1.697443893667));
#4717 = CARTESIAN_POINT('',(3.536330410113,1.700168640288));
#4718 = CARTESIAN_POINT('',(3.553610532896,1.702887560987));
#4719 = CARTESIAN_POINT('',(3.57089065713,1.705601489888));
#4720 = CARTESIAN_POINT('',(3.588170788725,1.70831132719));
#4721 = CARTESIAN_POINT('',(3.605450926174,1.71101799199));
#4722 = CARTESIAN_POINT('',(3.669079712199,1.720976056237));
#4723 = CARTESIAN_POINT('',(3.715429902893,1.728213556118));
#4724 = CARTESIAN_POINT('',(3.761779414232,1.735452030762));
#4725 = CARTESIAN_POINT('',(3.808128072205,1.742707812084));
#4726 = CARTESIAN_POINT('',(3.854476722247,1.749992324631));
#4727 = CARTESIAN_POINT('',(3.900826211322,1.757310234698));
#4728 = CARTESIAN_POINT('',(3.947176369634,1.764659831827));
#4729 = CARTESIAN_POINT('',(4.043538028308,1.779994599806));
#4730 = CARTESIAN_POINT('',(4.093553284149,1.787984625233));
#4731 = CARTESIAN_POINT('',(4.143567544238,1.795998826532));
#4732 = CARTESIAN_POINT('',(4.193580563522,1.804024856479));
#4733 = CARTESIAN_POINT('',(4.243593582642,1.812048880663));
#4734 = CARTESIAN_POINT('',(4.293607842823,1.820058775574));
#4735 = CARTESIAN_POINT('',(4.343623100157,1.828046557194));
#4736 = CARTESIAN_POINT('',(4.448688598578,1.844775940458));
#4737 = CARTESIAN_POINT('',(4.503744621804,1.85351338448));
#4738 = CARTESIAN_POINT('',(4.558799064644,1.862218817364));
#4739 = CARTESIAN_POINT('',(4.613851530959,1.870898337333));
#4740 = CARTESIAN_POINT('',(4.668904008896,1.879567865751));
#4741 = CARTESIAN_POINT('',(4.723958487996,1.888250218634));
#4742 = CARTESIAN_POINT('',(4.779014557316,1.896969079543));
#4743 = CARTESIAN_POINT('',(4.896121338026,1.915626194903));
#4744 = CARTESIAN_POINT('',(4.958182220028,1.925580359333));
#4745 = CARTESIAN_POINT('',(5.020239872241,1.935624567514));
#4746 = CARTESIAN_POINT('',(5.082294274686,1.945771922214));
#4747 = CARTESIAN_POINT('',(5.144348644961,1.95601300309));
#4748 = CARTESIAN_POINT('',(5.206406211132,1.966303468589));
#4749 = CARTESIAN_POINT('',(5.268466983404,1.976563195736));
#4750 = CARTESIAN_POINT('',(5.343873741785,1.988878104695));
#4751 = CARTESIAN_POINT('',(5.357226237038,1.991052994485));
#4752 = CARTESIAN_POINT('',(5.370578735369,1.99322118481));
#4753 = CARTESIAN_POINT('',(5.383931236723,1.995381717376));
#4754 = CARTESIAN_POINT('',(5.397283741016,1.997533628417));
#4755 = CARTESIAN_POINT('',(5.410636248135,1.999675948691));
#4756 = CARTESIAN_POINT('',(5.42398875794,2.001807703482));
#4757 = CARTESIAN_POINT('',(5.463849339299,2.008137056778));
#4758 = CARTESIAN_POINT('',(5.490357520315,2.012300739292));
#4759 = CARTESIAN_POINT('',(5.516865676636,2.01641156687));
#4760 = CARTESIAN_POINT('',(5.543373796234,2.020462370113));
#4761 = CARTESIAN_POINT('',(5.569881929459,2.024446865621));
#4762 = CARTESIAN_POINT('',(5.59639012678,2.02836031814));
#4763 = CARTESIAN_POINT('',(5.622898376517,2.032200202698));
#4764 = CARTESIAN_POINT('',(5.698882042024,2.042997062073));
#4765 = CARTESIAN_POINT('',(5.748359668551,2.049772631527));
#4766 = CARTESIAN_POINT('',(5.797836294491,2.056295930778));
#4767 = CARTESIAN_POINT('',(5.847311835531,2.062606778203));
#4768 = CARTESIAN_POINT('',(5.896787379888,2.06879998634));
#4769 = CARTESIAN_POINT('',(5.946264013512,2.075047900374));
#4770 = CARTESIAN_POINT('',(5.995741644562,2.081621002316));
#4771 = CARTESIAN_POINT('',(6.065190602531,2.091838057486));
#4772 = CARTESIAN_POINT('',(6.085164051469,2.094891518105));
#4773 = CARTESIAN_POINT('',(6.105137456524,2.098085044666));
#4774 = CARTESIAN_POINT('',(6.125110804679,2.101446651564));
#4775 = CARTESIAN_POINT('',(6.145084074799,2.1050074121));
#4776 = CARTESIAN_POINT('',(6.16505722177,2.108801526276));
#4777 = CARTESIAN_POINT('',(6.185030160653,2.112866388598));
#4778 = CARTESIAN_POINT('',(6.214775955553,2.119384098504));
#4779 = CARTESIAN_POINT('',(6.224549080143,2.12160010251));
#4780 = CARTESIAN_POINT('',(6.234322113244,2.123895430322));
#4781 = CARTESIAN_POINT('',(6.24409504062,2.126275026746));
#4782 = CARTESIAN_POINT('',(6.253867845151,2.128744018964));
#4783 = CARTESIAN_POINT('',(6.26364050683,2.131307716537));
#4784 = CARTESIAN_POINT('',(6.273413002765,2.1339716114));
#4785 = CARTESIAN_POINT('',(6.28318530718,2.136741377865));
#4786 = ( GEOMETRIC_REPRESENTATION_CONTEXT(2) 
PARAMETRIC_REPRESENTATION_CONTEXT() REPRESENTATION_CONTEXT('2D SPACE',''
  ) );
#4787 = ORIENTED_EDGE('',*,*,#4281,.T.);
#4788 = ORIENTED_EDGE('',*,*,#4789,.T.);
#4789 = EDGE_CURVE('',#3829,#4790,#4792,.T.);
#4790 = VERTEX_POINT('',#4791);
#4791 = CARTESIAN_POINT('',(32.375,2.260850215755E-13,57.862499999996));
#4792 = SURFACE_CURVE('',#4793,(#4805,#4812),.PCURVE_S1.);
#4793 = ( BOUNDED_CURVE() B_SPLINE_CURVE(6,(#4794,#4795,#4796,#4797,
    #4798,#4799,#4800,#4801,#4802,#4803,#4804),.UNSPECIFIED.,.F.,.F.) 
B_SPLINE_CURVE_WITH_KNOTS((7,4,7),(0.,0.5,1.),.UNSPECIFIED.) CURVE() 
GEOMETRIC_REPRESENTATION_ITEM() RATIONAL_B_SPLINE_CURVE((1.,1.,1.,1.,1.,
1.,1.,1.,1.,1.,1.)) REPRESENTATION_ITEM('') );
#4794 = CARTESIAN_POINT('',(32.375,1.06234525423E-13,56.8625));
#4795 = CARTESIAN_POINT('',(32.26067641362,16.94762177742,
    56.945833333333));
#4796 = CARTESIAN_POINT('',(22.060058689568,33.895243554836,
    57.029166666667));
#4797 = CARTESIAN_POINT('',(-0.192206529602,42.586840259599,57.1125));
#4798 = CARTESIAN_POINT('',(-21.76662815119,33.895243554836,
    57.195833333334));
#4799 = CARTESIAN_POINT('',(-42.9833718488,1.532437239714E-12,57.3625));
#4800 = CARTESIAN_POINT('',(-21.76662815119,-33.89524355483,
    57.529166666666));
#4801 = CARTESIAN_POINT('',(-0.192206529601,-42.58684025959,
    57.612500000001));
#4802 = CARTESIAN_POINT('',(22.060058689568,-33.89524355484,
    57.695833333333));
#4803 = CARTESIAN_POINT('',(32.26067641362,-16.94762177741,
    57.779166666667));
#4804 = CARTESIAN_POINT('',(32.375,2.054197713841E-13,57.8625));
#4805 = PCURVE('',#4293,#4806);
#4806 = DEFINITIONAL_REPRESENTATION('',(#4807),#4811);
#4807 = LINE('',#4808,#4809);
#4808 = CARTESIAN_POINT('',(3.,0.));
#4809 = VECTOR('',#4810,1.);
#4810 = DIRECTION('',(0.,1.));
#4811 = ( GEOMETRIC_REPRESENTATION_CONTEXT(2) 
PARAMETRIC_REPRESENTATION_CONTEXT() REPRESENTATION_CONTEXT('2D SPACE',''
  ) );
#4812 = PCURVE('',#2952,#4813);
#4813 = DEFINITIONAL_REPRESENTATION('',(#4814),#4818);
#4814 = LINE('',#4815,#4816);
#4815 = CARTESIAN_POINT('',(3.,0.));
#4816 = VECTOR('',#4817,1.);
#4817 = DIRECTION('',(0.,1.));
#4818 = ( GEOMETRIC_REPRESENTATION_CONTEXT(2) 
PARAMETRIC_REPRESENTATION_CONTEXT() REPRESENTATION_CONTEXT('2D SPACE',''
  ) );
#4819 = ORIENTED_EDGE('',*,*,#4820,.F.);
#4820 = EDGE_CURVE('',#4328,#4790,#4821,.T.);
#4821 = SURFACE_CURVE('',#4822,(#4825,#4832),.PCURVE_S1.);
#4822 = B_SPLINE_CURVE_WITH_KNOTS('',1,(#4823,#4824),.UNSPECIFIED.,.F.,
  .F.,(2,2),(2.,3.),.PIECEWISE_BEZIER_KNOTS.);
#4823 = CARTESIAN_POINT('',(31.833734122635,1.42108547152E-14,58.175));
#4824 = CARTESIAN_POINT('',(32.375,2.054197713841E-13,57.8625));
#4825 = PCURVE('',#4293,#4826);
#4826 = DEFINITIONAL_REPRESENTATION('',(#4827),#4831);
#4827 = LINE('',#4828,#4829);
#4828 = CARTESIAN_POINT('',(0.,1.));
#4829 = VECTOR('',#4830,1.);
#4830 = DIRECTION('',(1.,0.));
#4831 = ( GEOMETRIC_REPRESENTATION_CONTEXT(2) 
PARAMETRIC_REPRESENTATION_CONTEXT() REPRESENTATION_CONTEXT('2D SPACE',''
  ) );
#4832 = PCURVE('',#4833,#4856);
#4833 = ( BOUNDED_SURFACE() B_SPLINE_SURFACE(1,6,(
    (#4834,#4835,#4836,#4837,#4838,#4839,#4840,#4841,#4842,#4843,#4844)
    ,(#4845,#4846,#4847,#4848,#4849,#4850,#4851,#4852,#4853,#4854,#4855
)),.UNSPECIFIED.,.F.,.F.,.F.) B_SPLINE_SURFACE_WITH_KNOTS((2,2),(7,4,7),
(2.,3.),(0.,0.5,1.),.UNSPECIFIED.) GEOMETRIC_REPRESENTATION_ITEM() 
RATIONAL_B_SPLINE_SURFACE((
    (1.,1.,1.,1.,1.,1.,1.,1.,1.,1.,1.)
,(1.,1.,1.,1.,1.,1.,1.,1.,1.,1.,1.
  ))) REPRESENTATION_ITEM('') SURFACE() );
#4834 = CARTESIAN_POINT('',(31.833734122641,1.083039615148E-14,58.175));
#4835 = CARTESIAN_POINT('',(31.721321870808,16.664280638556,
    58.258333333335));
#4836 = CARTESIAN_POINT('',(21.691244573099,33.328561277111,
    58.341666666824));
#4837 = CARTESIAN_POINT('',(-0.18899309839,41.874846330413,
    58.425000000496));
#4838 = CARTESIAN_POINT('',(-21.40271979339,33.3285612771,
    58.508333334158));
#4839 = CARTESIAN_POINT('',(-42.26474845185,-1.758903818722E-11,
    58.675000001147));
#4840 = CARTESIAN_POINT('',(-21.40271979337,-33.32856127712,
    58.84166666749));
#4841 = CARTESIAN_POINT('',(-0.188993098362,-41.87484633042,
    58.925000000496));
#4842 = CARTESIAN_POINT('',(21.691244573126,-33.32856127711,
    59.00833333349));
#4843 = CARTESIAN_POINT('',(31.721321870828,-16.66428063855,
    59.091666666669));
#4844 = CARTESIAN_POINT('',(31.833734122656,1.602669469677E-14,59.175));
#4845 = CARTESIAN_POINT('',(32.375000000001,2.46750271767E-13,
    57.862499999992));
#4846 = CARTESIAN_POINT('',(32.260676413618,16.94762177742,
    57.945833333327));
#4847 = CARTESIAN_POINT('',(22.060058689563,33.895243554834,
    58.029166666819));
#4848 = CARTESIAN_POINT('',(-0.192206529607,42.586840259591,
    58.112500000496));
#4849 = CARTESIAN_POINT('',(-21.76662815119,33.895243554824,
    58.195833334164));
#4850 = CARTESIAN_POINT('',(-42.9833718488,-1.599494123685E-11,
    58.362500001158));
#4851 = CARTESIAN_POINT('',(-21.76662815117,-33.89524355485,
    58.529166667496));
#4852 = CARTESIAN_POINT('',(-0.192206529579,-42.5868402596,
    58.612500000496));
#4853 = CARTESIAN_POINT('',(22.06005868959,-33.89524355484,
    58.695833333484));
#4854 = CARTESIAN_POINT('',(32.260676413639,-16.94762177741,
    58.77916666666));
#4855 = CARTESIAN_POINT('',(32.375000000016,3.369209615582E-13,
    58.862499999992));
#4856 = DEFINITIONAL_REPRESENTATION('',(#4857),#4860);
#4857 = B_SPLINE_CURVE_WITH_KNOTS('',1,(#4858,#4859),.UNSPECIFIED.,.F.,
  .F.,(2,2),(2.122427590823,3.),.PIECEWISE_BEZIER_KNOTS.);
#4858 = CARTESIAN_POINT('',(2.122427590823,0.));
#4859 = CARTESIAN_POINT('',(3.,0.));
#4860 = ( GEOMETRIC_REPRESENTATION_CONTEXT(2) 
PARAMETRIC_REPRESENTATION_CONTEXT() REPRESENTATION_CONTEXT('2D SPACE',''
  ) );
#4861 = ADVANCED_FACE('',(#4862),#4833,.T.);
#4862 = FACE_BOUND('',#4863,.T.);
#4863 = EDGE_LOOP('',(#4864,#5325,#5326,#5357));
#4864 = ORIENTED_EDGE('',*,*,#4865,.F.);
#4865 = EDGE_CURVE('',#4328,#4866,#4868,.T.);
#4866 = VERTEX_POINT('',#4867);
#4867 = CARTESIAN_POINT('',(31.9,2.427346984617E-14,59.136741377877));
#4868 = SURFACE_CURVE('',#4869,(#5019,#5172),.PCURVE_S1.);
#4869 = B_SPLINE_CURVE_WITH_KNOTS('',8,(#4870,#4871,#4872,#4873,#4874,
    #4875,#4876,#4877,#4878,#4879,#4880,#4881,#4882,#4883,#4884,#4885,
    #4886,#4887,#4888,#4889,#4890,#4891,#4892,#4893,#4894,#4895,#4896,
    #4897,#4898,#4899,#4900,#4901,#4902,#4903,#4904,#4905,#4906,#4907,
    #4908,#4909,#4910,#4911,#4912,#4913,#4914,#4915,#4916,#4917,#4918,
    #4919,#4920,#4921,#4922,#4923,#4924,#4925,#4926,#4927,#4928,#4929,
    #4930,#4931,#4932,#4933,#4934,#4935,#4936,#4937,#4938,#4939,#4940,
    #4941,#4942,#4943,#4944,#4945,#4946,#4947,#4948,#4949,#4950,#4951,
    #4952,#4953,#4954,#4955,#4956,#4957,#4958,#4959,#4960,#4961,#4962,
    #4963,#4964,#4965,#4966,#4967,#4968,#4969,#4970,#4971,#4972,#4973,
    #4974,#4975,#4976,#4977,#4978,#4979,#4980,#4981,#4982,#4983,#4984,
    #4985,#4986,#4987,#4988,#4989,#4990,#4991,#4992,#4993,#4994,#4995,
    #4996,#4997,#4998,#4999,#5000,#5001,#5002,#5003,#5004,#5005,#5006,
    #5007,#5008,#5009,#5010,#5011,#5012,#5013,#5014,#5015,#5016,#5017,
    #5018),.UNSPECIFIED.,.F.,.F.,(9,7,7,7,7,7,7,7,7,7,7,7,7,7,7,7,7,7,7,
    7,7,9),(0.,1.271023180329E-02,3.948971143235E-02,6.542743844131E-02,
    0.136964763434,0.233585234978,0.301046113772,0.365993797083,
    0.449757701583,0.495183590172,0.503063073886,0.554683850334,
    0.57268541417,0.630699578115,0.699538881263,0.768879651724,
    0.84758755368,0.86535013707,0.898931135878,0.934859703367,
    0.986775717723,1.),.UNSPECIFIED.);
#4870 = CARTESIAN_POINT('',(31.9,3.907985046681E-14,58.136741377867));
#4871 = CARTESIAN_POINT('',(31.9,0.318419357807,58.137090268597));
#4872 = CARTESIAN_POINT('',(31.896367536209,0.636842890516,
    58.137549191266));
#4873 = CARTESIAN_POINT('',(31.889102461331,0.955221475083,
    58.138112156998));
#4874 = CARTESIAN_POINT('',(31.878205429079,1.273506109106,
    58.138773371377));
#4875 = CARTESIAN_POINT('',(31.86367789417,1.59164791083,58.139527234447
    ));
#4876 = CARTESIAN_POINT('',(31.845522112333,1.909598119141,
    58.140368340709));
#4877 = CARTESIAN_POINT('',(31.823741140299,2.227308093568,
    58.141291479122));
#4878 = CARTESIAN_POINT('',(31.744818136416,3.213511382588,
    58.144398880535));
#4879 = CARTESIAN_POINT('',(31.675221778498,3.881012044535,
    58.146848031588));
#4880 = CARTESIAN_POINT('',(31.58958586038,4.546776520778,
    58.149592138738));
#4881 = CARTESIAN_POINT('',(31.487961796015,5.21035321403,
    58.152588208478));
#4882 = CARTESIAN_POINT('',(31.370416174418,5.871293700448,
    58.155797111698));
#4883 = CARTESIAN_POINT('',(31.237030619089,6.529152721014,
    58.159183494047));
#4884 = CARTESIAN_POINT('',(31.087901647439,7.183488172916,
    58.162715686312));
#4885 = CARTESIAN_POINT('',(30.763558307577,8.463791020943,
    58.169900815972));
#4886 = CARTESIAN_POINT('',(30.589310939374,9.090004724624,
    58.173546468148));
#4887 = CARTESIAN_POINT('',(30.400499728208,9.712103092215,
    58.177276999762));
#4888 = CARTESIAN_POINT('',(30.197238625814,10.329691319467,
    58.181069985341));
#4889 = CARTESIAN_POINT('',(29.97965422545,10.942378930386,
    58.184905948102));
#4890 = CARTESIAN_POINT('',(29.747885754286,11.549779789971,
    58.188768162549));
#4891 = CARTESIAN_POINT('',(29.502085065798,12.151512116965,
    58.192642457089));
#4892 = CARTESIAN_POINT('',(28.526240341088,14.390126194865,
    58.207203212266));
#4893 = CARTESIAN_POINT('',(27.704521464844,15.987186627777,
    58.217892212405));
#4894 = CARTESIAN_POINT('',(26.780753023975,17.530296914358,
    58.228334544933));
#4895 = CARTESIAN_POINT('',(25.759124631253,19.011872158498,
    58.238417415487));
#4896 = CARTESIAN_POINT('',(24.644444271013,20.424777182372,
    58.248126238839));
#4897 = CARTESIAN_POINT('',(23.442111514337,21.762311773909,
    58.257503977296));
#4898 = CARTESIAN_POINT('',(22.158140482486,23.018232544122,
    58.266617072769));
#4899 = CARTESIAN_POINT('',(18.963846510811,25.765136557201,
    58.287583956959));
#4900 = CARTESIAN_POINT('',(16.991150395299,27.184658722354,
    58.299282288327));
#4901 = CARTESIAN_POINT('',(14.897787977653,28.430838740318,
    58.310804368482));
#4902 = CARTESIAN_POINT('',(12.701706930097,29.49196474651,
    58.322345300168));
#4903 = CARTESIAN_POINT('',(10.421843405886,30.358554550837,
    58.334024816752));
#4904 = CARTESIAN_POINT('',(8.078097254524,31.023365156001,
    58.345872392121));
#4905 = CARTESIAN_POINT('',(5.691307890324,31.481403202553,
    58.35786266876));
#4906 = CARTESIAN_POINT('',(1.602317269718,31.904531660467,
    58.378380729922));
#4907 = CARTESIAN_POINT('',(-8.947092090466E-02,31.976711342785,
    58.386863213631));
#4908 = CARTESIAN_POINT('',(-1.784558205026,31.946326349387,
    58.395376104186));
#4909 = CARTESIAN_POINT('',(-3.475681836115,31.813267145485,
    58.403898259284));
#4910 = CARTESIAN_POINT('',(-5.155641907298,31.578026728051,
    58.412410349933));
#4911 = CARTESIAN_POINT('',(-6.817301965506,31.241678384103,
    58.420899084781));
#4912 = CARTESIAN_POINT('',(-8.453594374084,30.805897246347,
    58.429358925277));
#4913 = CARTESIAN_POINT('',(-11.60171325211,29.760005707001,
    58.44590951773));
#4914 = CARTESIAN_POINT('',(-13.11606484424,29.156941724744,
    58.454003129061));
#4915 = CARTESIAN_POINT('',(-14.59434700319,28.465889638,58.462073044237
    ));
#4916 = CARTESIAN_POINT('',(-16.03060481124,27.689404233045,
    58.470127545725));
#4917 = CARTESIAN_POINT('',(-17.41914230977,26.830492326648,
    58.478179917243));
#4918 = CARTESIAN_POINT('',(-18.75451576803,25.892596358834,
    58.486245238711));
#4919 = CARTESIAN_POINT('',(-20.03154454091,24.879608395558,
    58.494336338814));
#4920 = CARTESIAN_POINT('',(-22.81078729125,22.398259938641,
    58.512934688735));
#4921 = CARTESIAN_POINT('',(-24.27136059053,20.882722031009,
    58.523464984331));
#4922 = CARTESIAN_POINT('',(-25.61637822876,19.258743444233,
    58.534061607357));
#4923 = CARTESIAN_POINT('',(-26.83653866852,17.536705873067,
    58.544722885756));
#4924 = CARTESIAN_POINT('',(-27.92373416372,15.727780992727,
    58.555419937708));
#4925 = CARTESIAN_POINT('',(-28.87098905899,13.84387986946,
    58.566095003642));
#4926 = CARTESIAN_POINT('',(-29.67253038522,11.897689110264,
    58.576681866146));
#4927 = CARTESIAN_POINT('',(-30.6772958882,8.820926638429,
    58.592839901307));
#4928 = CARTESIAN_POINT('',(-30.98648650808,7.724653008842,
    58.598489419132));
#4929 = CARTESIAN_POINT('',(-31.25087756918,6.616077441218,
    58.604103642835));
#4930 = CARTESIAN_POINT('',(-31.46990550647,5.497339330888,
    58.609683162239));
#4931 = CARTESIAN_POINT('',(-31.64313019906,4.370599852811,
    58.615234982944));
#4932 = CARTESIAN_POINT('',(-31.77023294137,3.238041420921,
    58.620775451125));
#4933 = CARTESIAN_POINT('',(-31.85101855887,2.101867884404,
    58.626333579106));
#4934 = CARTESIAN_POINT('',(-31.89138916303,0.766986159762,
    58.632929812537));
#4935 = CARTESIAN_POINT('',(-31.89596112817,0.569624640005,
    58.633906580483));
#4936 = CARTESIAN_POINT('',(-31.89913721568,0.37223244773,
    58.634885608786));
#4937 = CARTESIAN_POINT('',(-31.90091719162,0.174821119945,
    58.635867251028));
#4938 = CARTESIAN_POINT('',(-31.90130093631,-2.259781543646E-02,
    58.63685168115));
#4939 = CARTESIAN_POINT('',(-31.90028844433,-0.22001283959,
    58.637838893445));
#4940 = CARTESIAN_POINT('',(-31.89787982456,-0.417412442785,
    58.638828702563));
#4941 = CARTESIAN_POINT('',(-31.86915076039,-1.907830638938,
    58.646319890627));
#4942 = CARTESIAN_POINT('',(-31.7843142947,-3.199747133005,
    58.652914674487));
#4943 = CARTESIAN_POINT('',(-31.63962496513,-4.48725822296,
    58.659533309318));
#4944 = CARTESIAN_POINT('',(-31.43536067087,-5.767127161559,
    58.666132546764));
#4945 = CARTESIAN_POINT('',(-31.1720046697,-7.036154766225,
    58.672690421365));
#4946 = CARTESIAN_POINT('',(-30.85024092487,-8.291179022595,
    58.679199859144));
#4947 = CARTESIAN_POINT('',(-30.47095827743,-9.529076363329,
    58.685663149302));
#4948 = CARTESIAN_POINT('',(-29.88332484697,-11.17140552127,
    58.694327547164));
#4949 = CARTESIAN_POINT('',(-29.72452492206,-11.593591593,
    58.696563051386));
#4950 = CARTESIAN_POINT('',(-29.55891001521,-12.01319331476,
    58.698794136134));
#4951 = CARTESIAN_POINT('',(-29.38652933543,-12.43008237477,
    58.701021182443));
#4952 = CARTESIAN_POINT('',(-29.20743495492,-12.84413167204,
    58.703244607931));
#4953 = CARTESIAN_POINT('',(-29.02168180902,-13.25521531636,
    58.705464866801));
#4954 = CARTESIAN_POINT('',(-28.8293276963,-13.66320862833,
    58.707682449838));
#4955 = CARTESIAN_POINT('',(-27.98945044659,-15.37248285586,
    58.717037629926));
#4956 = CARTESIAN_POINT('',(-27.28051962361,-16.64364080968,
    58.724155079685));
#4957 = CARTESIAN_POINT('',(-26.50569060709,-17.87727211246,
    58.731266566213));
#4958 = CARTESIAN_POINT('',(-25.6673029464,-19.06939940577,
    58.738388904961));
#4959 = CARTESIAN_POINT('',(-24.76796361294,-20.21624268482,
    58.745534993426));
#4960 = CARTESIAN_POINT('',(-23.81053910784,-21.31421482554,
    58.752711579904));
#4961 = CARTESIAN_POINT('',(-22.7981620071,-22.35992781529,
    58.759919201856));
#4962 = CARTESIAN_POINT('',(-20.4718218346,-24.52527297042,
    58.775739416253));
#4963 = CARTESIAN_POINT('',(-19.13670919583,-25.62240391484,
    58.784363915713));
#4964 = CARTESIAN_POINT('',(-17.73463642745,-26.63624623933,
    58.79302185018));
#4965 = CARTESIAN_POINT('',(-16.27170350943,-27.56206958441,
    58.801698490543));
#4966 = CARTESIAN_POINT('',(-14.75434717906,-28.39570712739,
    58.810376047963));
#4967 = CARTESIAN_POINT('',(-13.18932535703,-29.13353597241,
    58.819038401563));
#4968 = CARTESIAN_POINT('',(-11.58372682253,-29.7725003151,
    58.827674826529));
#4969 = CARTESIAN_POINT('',(-8.294348015159,-30.85177121528,
    58.844953323875));
#4970 = CARTESIAN_POINT('',(-6.609877450724,-31.2906643033,
    58.853596007187));
#4971 = CARTESIAN_POINT('',(-4.899200905126,-31.62433663678,
    58.862207511482));
#4972 = CARTESIAN_POINT('',(-3.170007048667,-31.85101722543,
    58.870793818261));
#4973 = CARTESIAN_POINT('',(-1.430055207231,-31.96960717897,
    58.879370284622));
#4974 = CARTESIAN_POINT('',(0.31283091487,-31.97965435101,
    58.887958866655));
#4975 = CARTESIAN_POINT('',(2.050764235464,-31.88137954589,
    58.896582433191));
#4976 = CARTESIAN_POINT('',(5.733846718765,-31.44235145042,
    58.91510162759));
#4977 = CARTESIAN_POINT('',(7.675617311399,-31.07059434955,
    58.925013525866));
#4978 = CARTESIAN_POINT('',(9.589391699445,-30.56183006996,
    58.935014139565));
#4979 = CARTESIAN_POINT('',(11.463899759235,-29.91861051876,
    58.945117071432));
#4980 = CARTESIAN_POINT('',(13.288266158559,-29.14453381845,
    58.955314093104));
#4981 = CARTESIAN_POINT('',(15.051996417273,-28.24419078318,
    58.96556282726));
#4982 = CARTESIAN_POINT('',(16.74500199055,-27.22321363543,
    58.975785534858));
#4983 = CARTESIAN_POINT('',(18.72161513355,-25.83232793494,
    58.988169454899));
#4984 = CARTESIAN_POINT('',(19.081475206981,-25.57042923509,
    58.990443647624));
#4985 = CARTESIAN_POINT('',(19.437144360403,-25.302804021,
    58.992710768927));
#4986 = CARTESIAN_POINT('',(19.788516381315,-25.02953062506,
    58.994969730108));
#4987 = CARTESIAN_POINT('',(20.13548685957,-24.7506897112,
    58.997219434377));
#4988 = CARTESIAN_POINT('',(20.477953187376,-24.46636427489,
    58.999458776857));
#4989 = CARTESIAN_POINT('',(20.815814559295,-24.17663964316,
    59.001686644577));
#4990 = CARTESIAN_POINT('',(21.77882172107,-23.32382373007,
    59.008089992145));
#4991 = CARTESIAN_POINT('',(22.391861702772,-22.74705686129,
    59.01223310027));
#4992 = CARTESIAN_POINT('',(22.987421181002,-22.15189700819,
    59.016323956714));
#4993 = CARTESIAN_POINT('',(23.564857169725,-21.53896380545,
    59.020355496604));
#4994 = CARTESIAN_POINT('',(24.123554467758,-20.90890233643,
    59.024321518806));
#4995 = CARTESIAN_POINT('',(24.66292569331,-20.26238308711,
    59.028217330393));
#4996 = CARTESIAN_POINT('',(25.182411318522,-19.60010190003,
    59.032040391104));
#4997 = CARTESIAN_POINT('',(26.215436787078,-18.19810796969,
    59.039803717834));
#4998 = CARTESIAN_POINT('',(26.726026481801,-17.45621289905,
    59.043733545504));
#4999 = CARTESIAN_POINT('',(27.212597565864,-16.69797893844,
    59.047580876146));
#5000 = CARTESIAN_POINT('',(27.674541553401,-15.924315076,
    59.051349964412));
#5001 = CARTESIAN_POINT('',(28.111292732885,-15.13615497365,
    59.055050091245));
#5002 = CARTESIAN_POINT('',(28.522328205023,-14.33445687493,
    59.058696770837));
#5003 = CARTESIAN_POINT('',(28.907167920646,-13.52020351279,
    59.062312957584));
#5004 = CARTESIAN_POINT('',(29.782975907984,-11.50113645506,
    59.071157167897));
#5005 = CARTESIAN_POINT('',(30.244981183308,-10.28373085237,
    59.076386476669));
#5006 = CARTESIAN_POINT('',(30.650063049392,-9.045236562322,
    59.081713705205));
#5007 = CARTESIAN_POINT('',(30.997111451741,-7.788764640634,
    59.087271666732));
#5008 = CARTESIAN_POINT('',(31.285221815366,-6.517482373546,
    59.093238976841));
#5009 = CARTESIAN_POINT('',(31.513692211313,-5.234612069925,
    59.099846002972));
#5010 = CARTESIAN_POINT('',(31.682029650913,-3.943432117857,
    59.107378248419));
#5011 = CARTESIAN_POINT('',(31.817459417975,-2.317118646466,
    59.118418472198));
#5012 = CARTESIAN_POINT('',(31.841034296255,-1.986633350924,
    59.120741963833));
#5013 = CARTESIAN_POINT('',(31.860685676737,-1.655879140828,
    59.123153291762));
#5014 = CARTESIAN_POINT('',(31.876410039186,-1.32491088605,
    59.125658334738));
#5015 = CARTESIAN_POINT('',(31.888204808967,-0.993783604532,
    59.128263204249));
#5016 = CARTESIAN_POINT('',(31.896068357047,-0.662552462284,
    59.130974244517));
#5017 = CARTESIAN_POINT('',(31.9,-0.33127277339,59.133798032497));
#5018 = CARTESIAN_POINT('',(31.9,6.394884621841E-14,59.136741377876));
#5019 = PCURVE('',#4833,#5020);
#5020 = DEFINITIONAL_REPRESENTATION('',(#5021),#5171);
#5021 = B_SPLINE_CURVE_WITH_KNOTS('',8,(#5022,#5023,#5024,#5025,#5026,
    #5027,#5028,#5029,#5030,#5031,#5032,#5033,#5034,#5035,#5036,#5037,
    #5038,#5039,#5040,#5041,#5042,#5043,#5044,#5045,#5046,#5047,#5048,
    #5049,#5050,#5051,#5052,#5053,#5054,#5055,#5056,#5057,#5058,#5059,
    #5060,#5061,#5062,#5063,#5064,#5065,#5066,#5067,#5068,#5069,#5070,
    #5071,#5072,#5073,#5074,#5075,#5076,#5077,#5078,#5079,#5080,#5081,
    #5082,#5083,#5084,#5085,#5086,#5087,#5088,#5089,#5090,#5091,#5092,
    #5093,#5094,#5095,#5096,#5097,#5098,#5099,#5100,#5101,#5102,#5103,
    #5104,#5105,#5106,#5107,#5108,#5109,#5110,#5111,#5112,#5113,#5114,
    #5115,#5116,#5117,#5118,#5119,#5120,#5121,#5122,#5123,#5124,#5125,
    #5126,#5127,#5128,#5129,#5130,#5131,#5132,#5133,#5134,#5135,#5136,
    #5137,#5138,#5139,#5140,#5141,#5142,#5143,#5144,#5145,#5146,#5147,
    #5148,#5149,#5150,#5151,#5152,#5153,#5154,#5155,#5156,#5157,#5158,
    #5159,#5160,#5161,#5162,#5163,#5164,#5165,#5166,#5167,#5168,#5169,
    #5170),.UNSPECIFIED.,.F.,.F.,(9,7,7,7,7,7,7,7,7,7,7,7,7,7,7,7,7,7,7,
    7,7,9),(0.,1.271023180329E-02,3.948971143235E-02,6.542743844131E-02,
    0.136964763434,0.233585234978,0.301046113772,0.365993797083,
    0.449757701583,0.495183590172,0.503063073886,0.554683850334,
    0.57268541417,0.630699578115,0.699538881263,0.768879651724,
    0.84758755368,0.86535013707,0.898931135878,0.934859703367,
    0.986775717723,1.),.UNSPECIFIED.);
#5022 = CARTESIAN_POINT('',(2.122427590822,0.));
#5023 = CARTESIAN_POINT('',(2.126395994924,1.589017012364E-03));
#5024 = CARTESIAN_POINT('',(2.130011581261,3.177810410837E-03));
#5025 = CARTESIAN_POINT('',(2.133293613458,4.766411204063E-03));
#5026 = CARTESIAN_POINT('',(2.136260725492,6.35484809406E-03));
#5027 = CARTESIAN_POINT('',(2.138930921693,7.943147476224E-03));
#5028 = CARTESIAN_POINT('',(2.141321576738,9.531333439328E-03));
#5029 = CARTESIAN_POINT('',(2.143449435658,1.111942776552E-02));
#5030 = CARTESIAN_POINT('',(2.149294111388,1.605329034228E-02));
#5031 = CARTESIAN_POINT('',(2.152162501031,1.939881315771E-02));
#5032 = CARTESIAN_POINT('',(2.154086587067,2.274419719231E-02));
#5033 = CARTESIAN_POINT('',(2.155204405266,2.608958511878E-02));
#5034 = CARTESIAN_POINT('',(2.155641519544,2.943508654784E-02));
#5035 = CARTESIAN_POINT('',(2.155511318629,3.278078110935E-02));
#5036 = CARTESIAN_POINT('',(2.154915312746,3.61267215334E-02));
#5037 = CARTESIAN_POINT('',(2.153002096757,4.271397119207E-02));
#5038 = CARTESIAN_POINT('',(2.151708163325,4.595526916832E-02));
#5039 = CARTESIAN_POINT('',(2.15014353529,4.919685451795E-02));
#5040 = CARTESIAN_POINT('',(2.148380008738,5.243873804684E-02));
#5041 = CARTESIAN_POINT('',(2.146479904865,5.568091834333E-02));
#5042 = CARTESIAN_POINT('',(2.144496704306,5.892338261255E-02));
#5043 = CARTESIAN_POINT('',(2.142475681465,6.216610751088E-02));
#5044 = CARTESIAN_POINT('',(2.134880143822,7.435325715903E-02));
#5045 = CARTESIAN_POINT('',(2.129304453185,8.329985396118E-02));
#5046 = CARTESIAN_POINT('',(2.124520849407,9.22473102946E-02));
#5047 = CARTESIAN_POINT('',(2.120887294919,0.101194695055));
#5048 = CARTESIAN_POINT('',(2.118448905006,0.110141521542));
#5049 = CARTESIAN_POINT('',(2.117067543548,0.119087584524));
#5050 = CARTESIAN_POINT('',(2.116529794261,0.128032633326));
#5051 = CARTESIAN_POINT('',(2.116705776162,0.14905451181));
#5052 = CARTESIAN_POINT('',(2.1179246013,0.161133726003));
#5053 = CARTESIAN_POINT('',(2.119695057893,0.173209073811));
#5054 = CARTESIAN_POINT('',(2.121395789686,0.185281484149));
#5055 = CARTESIAN_POINT('',(2.122651850122,0.197353519583));
#5056 = CARTESIAN_POINT('',(2.123376587268,0.209427575275));
#5057 = CARTESIAN_POINT('',(2.123653746186,0.221504464038));
#5058 = CARTESIAN_POINT('',(2.123618015767,0.242011359381));
#5059 = CARTESIAN_POINT('',(2.123458086581,0.250443865193));
#5060 = CARTESIAN_POINT('',(2.123202867736,0.258876999833));
#5061 = CARTESIAN_POINT('',(2.122919692785,0.267310662732));
#5062 = CARTESIAN_POINT('',(2.12267076421,0.275744963176));
#5063 = CARTESIAN_POINT('',(2.12249871907,0.284179933891));
#5064 = CARTESIAN_POINT('',(2.122420275707,0.292615260811));
#5065 = CARTESIAN_POINT('',(2.122435360966,0.309170567359));
#5066 = CARTESIAN_POINT('',(2.122522519047,0.317291415567));
#5067 = CARTESIAN_POINT('',(2.122684015202,0.325411798269));
#5068 = CARTESIAN_POINT('',(2.122892576367,0.333531475099));
#5069 = CARTESIAN_POINT('',(2.123105949396,0.341650525667));
#5070 = CARTESIAN_POINT('',(2.123276403725,0.349769114092));
#5071 = CARTESIAN_POINT('',(2.123362864283,0.357887233099));
#5072 = CARTESIAN_POINT('',(2.123323504935,0.376473283181));
#5073 = CARTESIAN_POINT('',(2.123128511655,0.386942643354));
#5074 = CARTESIAN_POINT('',(2.122716982177,0.397410663397));
#5075 = CARTESIAN_POINT('',(2.122095666301,0.407877780567));
#5076 = CARTESIAN_POINT('',(2.121360950114,0.418345233693));
#5077 = CARTESIAN_POINT('',(2.120701411281,0.428814193728));
#5078 = CARTESIAN_POINT('',(2.120329725839,0.439284904518));
#5079 = CARTESIAN_POINT('',(2.120299142986,0.455433382522));
#5080 = CARTESIAN_POINT('',(2.120391931473,0.461111896745));
#5081 = CARTESIAN_POINT('',(2.120598491361,0.466790670408));
#5082 = CARTESIAN_POINT('',(2.12091681017,0.472469664437));
#5083 = CARTESIAN_POINT('',(2.121324408763,0.4781488597));
#5084 = CARTESIAN_POINT('',(2.121768865817,0.483828220708));
#5085 = CARTESIAN_POINT('',(2.122157091631,0.489507669255));
#5086 = CARTESIAN_POINT('',(2.122375659469,0.496172205135));
#5087 = CARTESIAN_POINT('',(2.12240244285,0.497157342887));
#5088 = CARTESIAN_POINT('',(2.122421994042,0.498142480937));
#5089 = CARTESIAN_POINT('',(2.122433180762,0.49912761903));
#5090 = CARTESIAN_POINT('',(2.122435445791,0.500112756973));
#5091 = CARTESIAN_POINT('',(2.122428806972,0.501097894637));
#5092 = CARTESIAN_POINT('',(2.122413857215,0.502083031956));
#5093 = CARTESIAN_POINT('',(2.122247028686,0.509522086105));
#5094 = CARTESIAN_POINT('',(2.1217966217,0.515976117784));
#5095 = CARTESIAN_POINT('',(2.121269508576,0.522430029766));
#5096 = CARTESIAN_POINT('',(2.120803694481,0.52888370031));
#5097 = CARTESIAN_POINT('',(2.12046934574,0.535337090933));
#5098 = CARTESIAN_POINT('',(2.120289082694,0.541790196516));
#5099 = CARTESIAN_POINT('',(2.12025544439,0.54824297471));
#5100 = CARTESIAN_POINT('',(2.120376938691,0.55694533955));
#5101 = CARTESIAN_POINT('',(2.120423448911,0.559195378218));
#5102 = CARTESIAN_POINT('',(2.12048395406,0.561445370828));
#5103 = CARTESIAN_POINT('',(2.120557237036,0.56369531807));
#5104 = CARTESIAN_POINT('',(2.120641965346,0.565945221157));
#5105 = CARTESIAN_POINT('',(2.120736691098,0.568195081827));
#5106 = CARTESIAN_POINT('',(2.120839851006,0.570444902338));
#5107 = CARTESIAN_POINT('',(2.121303993899,0.579945127093));
#5108 = CARTESIAN_POINT('',(2.121729046924,0.587195405933));
#5109 = CARTESIAN_POINT('',(2.122171921192,0.594445290683));
#5110 = CARTESIAN_POINT('',(2.122579182153,0.601694898494));
#5111 = CARTESIAN_POINT('',(2.122910479399,0.608944517363));
#5112 = CARTESIAN_POINT('',(2.123145128329,0.616194431646));
#5113 = CARTESIAN_POINT('',(2.123281759039,0.62344475071));
#5114 = CARTESIAN_POINT('',(2.123389500039,0.639298634206));
#5115 = CARTESIAN_POINT('',(2.123325401991,0.647903103046));
#5116 = CARTESIAN_POINT('',(2.123155832876,0.656508047187));
#5117 = CARTESIAN_POINT('',(2.122927951433,0.665113474621));
#5118 = CARTESIAN_POINT('',(2.1226994573,0.673719627648));
#5119 = CARTESIAN_POINT('',(2.122522360189,0.682326638425));
#5120 = CARTESIAN_POINT('',(2.12243004149,0.690934213823));
#5121 = CARTESIAN_POINT('',(2.122425157452,0.708211184958));
#5122 = CARTESIAN_POINT('',(2.122514035884,0.716881642806));
#5123 = CARTESIAN_POINT('',(2.12270136847,0.725551688561));
#5124 = CARTESIAN_POINT('',(2.122966907294,0.734220976248));
#5125 = CARTESIAN_POINT('',(2.123261683258,0.742889560125));
#5126 = CARTESIAN_POINT('',(2.123515900572,0.751557585096));
#5127 = CARTESIAN_POINT('',(2.123656074198,0.760224955917));
#5128 = CARTESIAN_POINT('',(2.123603414406,0.778727694188));
#5129 = CARTESIAN_POINT('',(2.123362784296,0.788564395585));
#5130 = CARTESIAN_POINT('',(2.122833802502,0.798399702503));
#5131 = CARTESIAN_POINT('',(2.121973998433,0.808233945627));
#5132 = CARTESIAN_POINT('',(2.1208130255,0.818068163286));
#5133 = CARTESIAN_POINT('',(2.119490095144,0.827903481733));
#5134 = CARTESIAN_POINT('',(2.118255696064,0.837740439644));
#5135 = CARTESIAN_POINT('',(2.117210966689,0.849797881786));
#5136 = CARTESIAN_POINT('',(2.117038010426,0.852018025685));
#5137 = CARTESIAN_POINT('',(2.116887928364,0.854238246349));
#5138 = CARTESIAN_POINT('',(2.116764213535,0.856458546651));
#5139 = CARTESIAN_POINT('',(2.116670381849,0.858678928524));
#5140 = CARTESIAN_POINT('',(2.116609972097,0.860899392961));
#5141 = CARTESIAN_POINT('',(2.116586545948,0.863119940016));
#5142 = CARTESIAN_POINT('',(2.116636095715,0.869538771901));
#5143 = CARTESIAN_POINT('',(2.116813393366,0.873737285551));
#5144 = CARTESIAN_POINT('',(2.117158812577,0.877936085507));
#5145 = CARTESIAN_POINT('',(2.117694903966,0.882135153965));
#5146 = CARTESIAN_POINT('',(2.118441444893,0.886334470216));
#5147 = CARTESIAN_POINT('',(2.119413347267,0.890534001303));
#5148 = CARTESIAN_POINT('',(2.120618565347,0.894733692672));
#5149 = CARTESIAN_POINT('',(2.123593929664,0.903426820767));
#5150 = CARTESIAN_POINT('',(2.125397628575,0.907920304355));
#5151 = CARTESIAN_POINT('',(2.127465369445,0.912413804026));
#5152 = CARTESIAN_POINT('',(2.12978323186,0.916907224304));
#5153 = CARTESIAN_POINT('',(2.132321226334,0.921400474417));
#5154 = CARTESIAN_POINT('',(2.135029414814,0.925893462915));
#5155 = CARTESIAN_POINT('',(2.13783403119,0.930386092286));
#5156 = CARTESIAN_POINT('',(2.144678921683,0.941369330891));
#5157 = CARTESIAN_POINT('',(2.148713946773,0.947859585011));
#5158 = CARTESIAN_POINT('',(2.152431736898,0.954348622967));
#5159 = CARTESIAN_POINT('',(2.155406793902,0.960836289813));
#5160 = CARTESIAN_POINT('',(2.157067809233,0.967322667217));
#5161 = CARTESIAN_POINT('',(2.156678739524,0.973808109069));
#5162 = CARTESIAN_POINT('',(2.153328210174,0.980293314096));
#5163 = CARTESIAN_POINT('',(2.144042040035,0.988431609708));
#5164 = CARTESIAN_POINT('',(2.14189403149,0.990083848674));
#5165 = CARTESIAN_POINT('',(2.139465221019,0.991736173331));
#5166 = CARTESIAN_POINT('',(2.136736872079,0.993388607263));
#5167 = CARTESIAN_POINT('',(2.133689511842,0.995041176701));
#5168 = CARTESIAN_POINT('',(2.130302931194,0.996693910517));
#5169 = CARTESIAN_POINT('',(2.126556184739,0.998346840229));
#5170 = CARTESIAN_POINT('',(2.122427590794,1.));
#5171 = ( GEOMETRIC_REPRESENTATION_CONTEXT(2) 
PARAMETRIC_REPRESENTATION_CONTEXT() REPRESENTATION_CONTEXT('2D SPACE',''
  ) );
#5172 = PCURVE('',#2256,#5173);
#5173 = DEFINITIONAL_REPRESENTATION('',(#5174),#5324);
#5174 = B_SPLINE_CURVE_WITH_KNOTS('',8,(#5175,#5176,#5177,#5178,#5179,
    #5180,#5181,#5182,#5183,#5184,#5185,#5186,#5187,#5188,#5189,#5190,
    #5191,#5192,#5193,#5194,#5195,#5196,#5197,#5198,#5199,#5200,#5201,
    #5202,#5203,#5204,#5205,#5206,#5207,#5208,#5209,#5210,#5211,#5212,
    #5213,#5214,#5215,#5216,#5217,#5218,#5219,#5220,#5221,#5222,#5223,
    #5224,#5225,#5226,#5227,#5228,#5229,#5230,#5231,#5232,#5233,#5234,
    #5235,#5236,#5237,#5238,#5239,#5240,#5241,#5242,#5243,#5244,#5245,
    #5246,#5247,#5248,#5249,#5250,#5251,#5252,#5253,#5254,#5255,#5256,
    #5257,#5258,#5259,#5260,#5261,#5262,#5263,#5264,#5265,#5266,#5267,
    #5268,#5269,#5270,#5271,#5272,#5273,#5274,#5275,#5276,#5277,#5278,
    #5279,#5280,#5281,#5282,#5283,#5284,#5285,#5286,#5287,#5288,#5289,
    #5290,#5291,#5292,#5293,#5294,#5295,#5296,#5297,#5298,#5299,#5300,
    #5301,#5302,#5303,#5304,#5305,#5306,#5307,#5308,#5309,#5310,#5311,
    #5312,#5313,#5314,#5315,#5316,#5317,#5318,#5319,#5320,#5321,#5322,
    #5323),.UNSPECIFIED.,.F.,.F.,(9,7,7,7,7,7,7,7,7,7,7,7,7,7,7,7,7,7,7,
    7,7,9),(0.,1.271023180329E-02,3.948971143235E-02,6.542743844131E-02,
    0.136964763434,0.233585234978,0.301046113772,0.365993797083,
    0.449757701583,0.495183590172,0.503063073886,0.554683850334,
    0.57268541417,0.630699578115,0.699538881263,0.768879651724,
    0.84758755368,0.86535013707,0.898931135878,0.934859703367,
    0.986775717723,1.),.UNSPECIFIED.);
#5175 = CARTESIAN_POINT('',(0.,2.136741377867));
#5176 = CARTESIAN_POINT('',(9.981798050383E-03,2.137090268597));
#5177 = CARTESIAN_POINT('',(1.996372646429E-02,2.137549191266));
#5178 = CARTESIAN_POINT('',(2.994576188392E-02,2.138112156998));
#5179 = CARTESIAN_POINT('',(3.992788383054E-02,2.138773371377));
#5180 = CARTESIAN_POINT('',(4.99100747045E-02,2.139527234447));
#5181 = CARTESIAN_POINT('',(5.989231978522E-02,2.140368340709));
#5182 = CARTESIAN_POINT('',(6.987460723118E-02,2.141291479122));
#5183 = CARTESIAN_POINT('',(0.100888909397,2.144398880535));
#5184 = CARTESIAN_POINT('',(0.12192104941,2.146848031588));
#5185 = CARTESIAN_POINT('',(0.142953223883,2.149592138738));
#5186 = CARTESIAN_POINT('',(0.163985369621,2.152588208478));
#5187 = CARTESIAN_POINT('',(0.185017464397,2.155797111698));
#5188 = CARTESIAN_POINT('',(0.206049506875,2.159183494047));
#5189 = CARTESIAN_POINT('',(0.227081496545,2.162715686312));
#5190 = CARTESIAN_POINT('',(0.268484239801,2.169900815972));
#5191 = CARTESIAN_POINT('',(0.288855034192,2.173546468148));
#5192 = CARTESIAN_POINT('',(0.309225769644,2.177276999762));
#5193 = CARTESIAN_POINT('',(0.329596452531,2.181069985341));
#5194 = CARTESIAN_POINT('',(0.349967106212,2.184905948102));
#5195 = CARTESIAN_POINT('',(0.370337754466,2.188768162549));
#5196 = CARTESIAN_POINT('',(0.390708404932,2.192642457089));
#5197 = CARTESIAN_POINT('',(0.467262066897,2.207203212266));
#5198 = CARTESIAN_POINT('',(0.523449133484,2.217892212405));
#5199 = CARTESIAN_POINT('',(0.579634438985,2.228334544933));
#5200 = CARTESIAN_POINT('',(0.63581794271,2.238417415487));
#5201 = CARTESIAN_POINT('',(0.692001642987,2.248126238839));
#5202 = CARTESIAN_POINT('',(0.748187508259,2.257503977296));
#5203 = CARTESIAN_POINT('',(0.804375395331,2.266617072769));
#5204 = CARTESIAN_POINT('',(0.936442971778,2.287583956959));
#5205 = CARTESIAN_POINT('',(1.012344540718,2.299282288327));
#5206 = CARTESIAN_POINT('',(1.08823705442,2.310804368482));
#5207 = CARTESIAN_POINT('',(1.164121444854,2.322345300168));
#5208 = CARTESIAN_POINT('',(1.240005806843,2.334024816752));
#5209 = CARTESIAN_POINT('',(1.315898247551,2.345872392122));
#5210 = CARTESIAN_POINT('',(1.391799746758,2.35786266876));
#5211 = CARTESIAN_POINT('',(1.520665733481,2.378380729922));
#5212 = CARTESIAN_POINT('',(1.573651025878,2.386863213631));
#5213 = CARTESIAN_POINT('',(1.626634997243,2.395376104186));
#5214 = CARTESIAN_POINT('',(1.679617319381,2.403898259284));
#5215 = CARTESIAN_POINT('',(1.7325996416,2.412410349933));
#5216 = CARTESIAN_POINT('',(1.785583614878,2.420899084781));
#5217 = CARTESIAN_POINT('',(1.838568915107,2.429358925277));
#5218 = CARTESIAN_POINT('',(1.942559805044,2.44590951773));
#5219 = CARTESIAN_POINT('',(1.993570814953,2.454003129061));
#5220 = CARTESIAN_POINT('',(2.044580744379,2.462073044237));
#5221 = CARTESIAN_POINT('',(2.095589315053,2.470127545725));
#5222 = CARTESIAN_POINT('',(2.146597885476,2.478179917243));
#5223 = CARTESIAN_POINT('',(2.197607814828,2.486245238711));
#5224 = CARTESIAN_POINT('',(2.248618826523,2.494336338814));
#5225 = CARTESIAN_POINT('',(2.365413780779,2.512934688735));
#5226 = CARTESIAN_POINT('',(2.431208925454,2.523464984331));
#5227 = CARTESIAN_POINT('',(2.496999734449,2.534061607357));
#5228 = CARTESIAN_POINT('',(2.562786294116,2.544722885756));
#5229 = CARTESIAN_POINT('',(2.628572842043,2.555419937708));
#5230 = CARTESIAN_POINT('',(2.694363624928,2.566095003642));
#5231 = CARTESIAN_POINT('',(2.760158750502,2.576681866146));
#5232 = CARTESIAN_POINT('',(2.861621703418,2.592839901307));
#5233 = CARTESIAN_POINT('',(2.897298677434,2.598489419132));
#5234 = CARTESIAN_POINT('',(2.932975479936,2.604103642835));
#5235 = CARTESIAN_POINT('',(2.968652060884,2.609683162239));
#5236 = CARTESIAN_POINT('',(3.004328647946,2.615234982944));
#5237 = CARTESIAN_POINT('',(3.04000546802,2.620775451125));
#5238 = CARTESIAN_POINT('',(3.075682468252,2.626333579106));
#5239 = CARTESIAN_POINT('',(3.117547422666,2.632929812537));
#5240 = CARTESIAN_POINT('',(3.123735809184,2.633906580483));
#5241 = CARTESIAN_POINT('',(3.129924195199,2.634885608786));
#5242 = CARTESIAN_POINT('',(3.136112580121,2.635867251028));
#5243 = CARTESIAN_POINT('',(3.142300963667,2.63685168115));
#5244 = CARTESIAN_POINT('',(3.148489345855,2.637838893445));
#5245 = CARTESIAN_POINT('',(3.15467772701,2.638828702563));
#5246 = CARTESIAN_POINT('',(3.201407979639,2.646319890627));
#5247 = CARTESIAN_POINT('',(3.241950655892,2.652914674487));
#5248 = CARTESIAN_POINT('',(3.282492977052,2.659533309318));
#5249 = CARTESIAN_POINT('',(3.323034846759,2.666132546764));
#5250 = CARTESIAN_POINT('',(3.363576704612,2.672690421365));
#5251 = CARTESIAN_POINT('',(3.404119001003,2.679199859144));
#5252 = CARTESIAN_POINT('',(3.444661673893,2.685663149302));
#5253 = CARTESIAN_POINT('',(3.499341705617,2.694327547164));
#5254 = CARTESIAN_POINT('',(3.51347978651,2.696563051386));
#5255 = CARTESIAN_POINT('',(3.527617869652,2.698794136134));
#5256 = CARTESIAN_POINT('',(3.541755954451,2.701021182443));
#5257 = CARTESIAN_POINT('',(3.555894040312,2.703244607931));
#5258 = CARTESIAN_POINT('',(3.570032126632,2.705464866801));
#5259 = CARTESIAN_POINT('',(3.584170212803,2.707682449838));
#5260 = CARTESIAN_POINT('',(3.643871517737,2.717037629926));
#5261 = CARTESIAN_POINT('',(3.689436146526,2.724155079685));
#5262 = CARTESIAN_POINT('',(3.735000153088,2.731266566213));
#5263 = CARTESIAN_POINT('',(3.780563377078,2.738388904961));
#5264 = CARTESIAN_POINT('',(3.826126594607,2.745534993426));
#5265 = CARTESIAN_POINT('',(3.871690583173,2.752711579904));
#5266 = CARTESIAN_POINT('',(3.917255186193,2.759919201856));
#5267 = CARTESIAN_POINT('',(4.016883420957,2.775739416253));
#5268 = CARTESIAN_POINT('',(4.070951721019,2.784363915713));
#5269 = CARTESIAN_POINT('',(4.125018553623,2.79302185018));
#5270 = CARTESIAN_POINT('',(4.179083562055,2.801698490543));
#5271 = CARTESIAN_POINT('',(4.233148572287,2.810376047963));
#5272 = CARTESIAN_POINT('',(4.287215408544,2.819038401563));
#5273 = CARTESIAN_POINT('',(4.341283708766,2.827674826529));
#5274 = CARTESIAN_POINT('',(4.449807613655,2.844953323875));
#5275 = CARTESIAN_POINT('',(4.504269889426,2.853596007187));
#5276 = CARTESIAN_POINT('',(4.558730669313,2.862207511482));
#5277 = CARTESIAN_POINT('',(4.613189572708,2.870793818261));
#5278 = CARTESIAN_POINT('',(4.66764848045,2.879370284622));
#5279 = CARTESIAN_POINT('',(4.722109273603,2.887958866655));
#5280 = CARTESIAN_POINT('',(4.776571566896,2.896582433191));
#5281 = CARTESIAN_POINT('',(4.892846066622,2.91510162759));
#5282 = CARTESIAN_POINT('',(4.954668106795,2.925013525866));
#5283 = CARTESIAN_POINT('',(5.016486982122,2.935014139565));
#5284 = CARTESIAN_POINT('',(5.078302665743,2.945117071431));
#5285 = CARTESIAN_POINT('',(5.140118315946,2.955314093104));
#5286 = CARTESIAN_POINT('',(5.201937102332,2.96556282726));
#5287 = CARTESIAN_POINT('',(5.263759030718,2.975785534858));
#5288 = CARTESIAN_POINT('',(5.339524938767,2.988169454899));
#5289 = CARTESIAN_POINT('',(5.353475302916,2.990443647624));
#5290 = CARTESIAN_POINT('',(5.36742567047,2.992710768927));
#5291 = CARTESIAN_POINT('',(5.381376042373,2.994969730108));
#5292 = CARTESIAN_POINT('',(5.395326418571,2.997219434378));
#5293 = CARTESIAN_POINT('',(5.409276798005,2.999458776857));
#5294 = CARTESIAN_POINT('',(5.423227178614,3.001686644577));
#5295 = CARTESIAN_POINT('',(5.463551404028,3.008089992145));
#5296 = CARTESIAN_POINT('',(5.489925362968,3.01223310027));
#5297 = CARTESIAN_POINT('',(5.516299299091,3.016323956714));
#5298 = CARTESIAN_POINT('',(5.542673199508,3.020355496604));
#5299 = CARTESIAN_POINT('',(5.569047112767,3.024321518806));
#5300 = CARTESIAN_POINT('',(5.595421088125,3.028217330393));
#5301 = CARTESIAN_POINT('',(5.621795114815,3.032040391104));
#5302 = CARTESIAN_POINT('',(5.676386748417,3.039803717834));
#5303 = CARTESIAN_POINT('',(5.70460457256,3.043733545504));
#5304 = CARTESIAN_POINT('',(5.732822345128,3.047580876146));
#5305 = CARTESIAN_POINT('',(5.76104004817,3.051349964412));
#5306 = CARTESIAN_POINT('',(5.789257749799,3.055050091245));
#5307 = CARTESIAN_POINT('',(5.817475519588,3.058696770837));
#5308 = CARTESIAN_POINT('',(5.845693343965,3.062312957584));
#5309 = CARTESIAN_POINT('',(5.914685013375,3.071157167896));
#5310 = CARTESIAN_POINT('',(5.955459677948,3.076386476669));
#5311 = CARTESIAN_POINT('',(5.996234041109,3.081713705205));
#5312 = CARTESIAN_POINT('',(6.037008053208,3.087271666732));
#5313 = CARTESIAN_POINT('',(6.077782086128,3.093238976841));
#5314 = CARTESIAN_POINT('',(6.118556394067,3.099846002972));
#5315 = CARTESIAN_POINT('',(6.15933055814,3.107378248419));
#5316 = CARTESIAN_POINT('',(6.210488634137,3.118418472198));
#5317 = CARTESIAN_POINT('',(6.220874267876,3.120741963833));
#5318 = CARTESIAN_POINT('',(6.231259803295,3.123153291762));
#5319 = CARTESIAN_POINT('',(6.241645224052,3.125658334738));
#5320 = CARTESIAN_POINT('',(6.252030510192,3.128263204249));
#5321 = CARTESIAN_POINT('',(6.262415638148,3.130974244517));
#5322 = CARTESIAN_POINT('',(6.272800580741,3.133798032497));
#5323 = CARTESIAN_POINT('',(6.28318530718,3.136741377876));
#5324 = ( GEOMETRIC_REPRESENTATION_CONTEXT(2) 
PARAMETRIC_REPRESENTATION_CONTEXT() REPRESENTATION_CONTEXT('2D SPACE',''
  ) );
#5325 = ORIENTED_EDGE('',*,*,#4820,.T.);
#5326 = ORIENTED_EDGE('',*,*,#5327,.T.);
#5327 = EDGE_CURVE('',#4790,#5328,#5330,.T.);
#5328 = VERTEX_POINT('',#5329);
#5329 = CARTESIAN_POINT('',(32.375000000017,3.575862138005E-13,
    58.862499999987));
#5330 = SURFACE_CURVE('',#5331,(#5343,#5350),.PCURVE_S1.);
#5331 = ( BOUNDED_CURVE() B_SPLINE_CURVE(6,(#5332,#5333,#5334,#5335,
    #5336,#5337,#5338,#5339,#5340,#5341,#5342),.UNSPECIFIED.,.F.,.F.) 
B_SPLINE_CURVE_WITH_KNOTS((7,4,7),(0.,0.5,1.),.UNSPECIFIED.) CURVE() 
GEOMETRIC_REPRESENTATION_ITEM() RATIONAL_B_SPLINE_CURVE((1.,1.,1.,1.,1.,
1.,1.,1.,1.,1.,1.)) REPRESENTATION_ITEM('') );
#5332 = CARTESIAN_POINT('',(32.375000000001,2.46750271767E-13,
    57.862499999992));
#5333 = CARTESIAN_POINT('',(32.260676413618,16.94762177742,
    57.945833333327));
#5334 = CARTESIAN_POINT('',(22.060058689563,33.895243554834,
    58.029166666819));
#5335 = CARTESIAN_POINT('',(-0.192206529607,42.586840259591,
    58.112500000496));
#5336 = CARTESIAN_POINT('',(-21.76662815119,33.895243554824,
    58.195833334164));
#5337 = CARTESIAN_POINT('',(-42.9833718488,-1.599494123685E-11,
    58.362500001158));
#5338 = CARTESIAN_POINT('',(-21.76662815117,-33.89524355485,
    58.529166667496));
#5339 = CARTESIAN_POINT('',(-0.192206529579,-42.5868402596,
    58.612500000496));
#5340 = CARTESIAN_POINT('',(22.06005868959,-33.89524355484,
    58.695833333484));
#5341 = CARTESIAN_POINT('',(32.260676413639,-16.94762177741,
    58.77916666666));
#5342 = CARTESIAN_POINT('',(32.375000000016,3.369209615582E-13,
    58.862499999992));
#5343 = PCURVE('',#4833,#5344);
#5344 = DEFINITIONAL_REPRESENTATION('',(#5345),#5349);
#5345 = LINE('',#5346,#5347);
#5346 = CARTESIAN_POINT('',(3.,0.));
#5347 = VECTOR('',#5348,1.);
#5348 = DIRECTION('',(0.,1.));
#5349 = ( GEOMETRIC_REPRESENTATION_CONTEXT(2) 
PARAMETRIC_REPRESENTATION_CONTEXT() REPRESENTATION_CONTEXT('2D SPACE',''
  ) );
#5350 = PCURVE('',#2428,#5351);
#5351 = DEFINITIONAL_REPRESENTATION('',(#5352),#5356);
#5352 = LINE('',#5353,#5354);
#5353 = CARTESIAN_POINT('',(3.,0.));
#5354 = VECTOR('',#5355,1.);
#5355 = DIRECTION('',(0.,1.));
#5356 = ( GEOMETRIC_REPRESENTATION_CONTEXT(2) 
PARAMETRIC_REPRESENTATION_CONTEXT() REPRESENTATION_CONTEXT('2D SPACE',''
  ) );
#5357 = ORIENTED_EDGE('',*,*,#5358,.F.);
#5358 = EDGE_CURVE('',#4866,#5328,#5359,.T.);
#5359 = SURFACE_CURVE('',#5360,(#5363,#5370),.PCURVE_S1.);
#5360 = B_SPLINE_CURVE_WITH_KNOTS('',1,(#5361,#5362),.UNSPECIFIED.,.F.,
  .F.,(2,2),(2.,3.),.PIECEWISE_BEZIER_KNOTS.);
#5361 = CARTESIAN_POINT('',(31.833734122656,1.602669469677E-14,59.175));
#5362 = CARTESIAN_POINT('',(32.375000000016,3.369209615582E-13,
    58.862499999992));
#5363 = PCURVE('',#4833,#5364);
#5364 = DEFINITIONAL_REPRESENTATION('',(#5365),#5369);
#5365 = LINE('',#5366,#5367);
#5366 = CARTESIAN_POINT('',(0.,1.));
#5367 = VECTOR('',#5368,1.);
#5368 = DIRECTION('',(1.,0.));
#5369 = ( GEOMETRIC_REPRESENTATION_CONTEXT(2) 
PARAMETRIC_REPRESENTATION_CONTEXT() REPRESENTATION_CONTEXT('2D SPACE',''
  ) );
#5370 = PCURVE('',#5371,#5394);
#5371 = ( BOUNDED_SURFACE() B_SPLINE_SURFACE(1,6,(
    (#5372,#5373,#5374,#5375,#5376,#5377,#5378,#5379,#5380,#5381,#5382)
    ,(#5383,#5384,#5385,#5386,#5387,#5388,#5389,#5390,#5391,#5392,#5393
)),.UNSPECIFIED.,.F.,.F.,.F.) B_SPLINE_SURFACE_WITH_KNOTS((2,2),(7,4,7),
(2.,3.),(0.,0.5,1.),.UNSPECIFIED.) GEOMETRIC_REPRESENTATION_ITEM() 
RATIONAL_B_SPLINE_SURFACE((
    (1.,1.,1.,1.,1.,1.,1.,1.,1.,1.,1.)
,(1.,1.,1.,1.,1.,1.,1.,1.,1.,1.,1.
  ))) REPRESENTATION_ITEM('') SURFACE() );
#5372 = CARTESIAN_POINT('',(31.833734122662,1.264626074318E-14,59.175));
#5373 = CARTESIAN_POINT('',(31.721321870826,16.664280638556,
    59.258333333337));
#5374 = CARTESIAN_POINT('',(21.691244573115,33.328561277108,
    59.341666666982));
#5375 = CARTESIAN_POINT('',(-0.188993098374,41.874846330406,
    59.425000000992));
#5376 = CARTESIAN_POINT('',(-21.40271979338,33.328561277088,
    59.508333334982));
#5377 = CARTESIAN_POINT('',(-42.26474845182,-3.495980875576E-11,
    59.675000002294));
#5378 = CARTESIAN_POINT('',(-21.40271979333,-33.32856127713,
    59.841666668314));
#5379 = CARTESIAN_POINT('',(-0.18899309832,-41.87484633043,
    59.925000000991));
#5380 = CARTESIAN_POINT('',(21.691244573168,-33.32856127711,
    60.008333333646));
#5381 = CARTESIAN_POINT('',(31.721321870867,-16.66428063855,
    60.09166666667));
#5382 = CARTESIAN_POINT('',(31.833734122693,8.828068745547E-15,60.175));
#5383 = CARTESIAN_POINT('',(32.375000000017,3.782514660429E-13,
    58.862499999983));
#5384 = CARTESIAN_POINT('',(32.260676413632,16.94762177742,
    58.94583333332));
#5385 = CARTESIAN_POINT('',(22.060058689575,33.895243554831,
    59.02916666697));
#5386 = CARTESIAN_POINT('',(-0.192206529597,42.586840259584,
    59.112500000992));
#5387 = CARTESIAN_POINT('',(-21.76662815118,33.895243554811,
    59.195833334994));
#5388 = CARTESIAN_POINT('',(-42.98337184877,-3.353133423268E-11,
    59.362500002317));
#5389 = CARTESIAN_POINT('',(-21.76662815113,-33.89524355486,
    59.529166668325));
#5390 = CARTESIAN_POINT('',(-0.192206529541,-42.5868402596,
    59.612500000991));
#5391 = CARTESIAN_POINT('',(22.060058689627,-33.89524355484,
    59.695833333635));
#5392 = CARTESIAN_POINT('',(32.260676413673,-16.94762177741,
    59.779166666654));
#5393 = CARTESIAN_POINT('',(32.375000000048,4.594076652911E-13,
    59.862499999983));
#5394 = DEFINITIONAL_REPRESENTATION('',(#5395),#5398);
#5395 = B_SPLINE_CURVE_WITH_KNOTS('',1,(#5396,#5397),.UNSPECIFIED.,.F.,
  .F.,(2,2),(2.122427590785,3.),.PIECEWISE_BEZIER_KNOTS.);
#5396 = CARTESIAN_POINT('',(2.122427590785,0.));
#5397 = CARTESIAN_POINT('',(3.,0.));
#5398 = ( GEOMETRIC_REPRESENTATION_CONTEXT(2) 
PARAMETRIC_REPRESENTATION_CONTEXT() REPRESENTATION_CONTEXT('2D SPACE',''
  ) );
#5399 = ADVANCED_FACE('',(#5400),#5371,.T.);
#5400 = FACE_BOUND('',#5401,.T.);
#5401 = EDGE_LOOP('',(#5402,#5821,#5822,#5853));
#5402 = ORIENTED_EDGE('',*,*,#5403,.F.);
#5403 = EDGE_CURVE('',#4866,#5404,#5406,.T.);
#5404 = VERTEX_POINT('',#5405);
#5405 = CARTESIAN_POINT('',(31.9,2.861241780399E-14,60.136741377897));
#5406 = SURFACE_CURVE('',#5407,(#5543,#5682),.PCURVE_S1.);
#5407 = B_SPLINE_CURVE_WITH_KNOTS('',8,(#5408,#5409,#5410,#5411,#5412,
    #5413,#5414,#5415,#5416,#5417,#5418,#5419,#5420,#5421,#5422,#5423,
    #5424,#5425,#5426,#5427,#5428,#5429,#5430,#5431,#5432,#5433,#5434,
    #5435,#5436,#5437,#5438,#5439,#5440,#5441,#5442,#5443,#5444,#5445,
    #5446,#5447,#5448,#5449,#5450,#5451,#5452,#5453,#5454,#5455,#5456,
    #5457,#5458,#5459,#5460,#5461,#5462,#5463,#5464,#5465,#5466,#5467,
    #5468,#5469,#5470,#5471,#5472,#5473,#5474,#5475,#5476,#5477,#5478,
    #5479,#5480,#5481,#5482,#5483,#5484,#5485,#5486,#5487,#5488,#5489,
    #5490,#5491,#5492,#5493,#5494,#5495,#5496,#5497,#5498,#5499,#5500,
    #5501,#5502,#5503,#5504,#5505,#5506,#5507,#5508,#5509,#5510,#5511,
    #5512,#5513,#5514,#5515,#5516,#5517,#5518,#5519,#5520,#5521,#5522,
    #5523,#5524,#5525,#5526,#5527,#5528,#5529,#5530,#5531,#5532,#5533,
    #5534,#5535,#5536,#5537,#5538,#5539,#5540,#5541,#5542),
  .UNSPECIFIED.,.F.,.F.,(9,7,7,7,7,7,7,7,7,7,7,7,7,7,7,7,7,7,7,9),(0.,
    1.271029760829E-02,3.94899158825E-02,6.542777718127E-02,
    0.136965472593,0.233586444664,0.301047673439,0.365995702764,
    0.449760053906,0.50018481177,0.550058779761,0.636343206541,
    0.699890826119,0.757645176649,0.84757105802,0.865444994866,
    0.899204189484,0.934133828912,0.986986402682,1.),.UNSPECIFIED.);
#5408 = CARTESIAN_POINT('',(31.9,6.039613253961E-14,59.136741377878));
#5409 = CARTESIAN_POINT('',(31.9,0.318419357786,59.137090268608));
#5410 = CARTESIAN_POINT('',(31.896367536209,0.636842890473,
    59.137549191277));
#5411 = CARTESIAN_POINT('',(31.889102461333,0.955221475017,
    59.138112157008));
#5412 = CARTESIAN_POINT('',(31.878205429082,1.27350610902,
    59.138773371388));
#5413 = CARTESIAN_POINT('',(31.863677894175,1.591647910722,
    59.139527234458));
#5414 = CARTESIAN_POINT('',(31.84552211234,1.909598119011,59.14036834072
    ));
#5415 = CARTESIAN_POINT('',(31.823741140309,2.227308093417,
    59.141291479134));
#5416 = CARTESIAN_POINT('',(31.744818136439,3.213511382347,
    59.144398880547));
#5417 = CARTESIAN_POINT('',(31.675221778534,3.881012044227,
    59.146848031601));
#5418 = CARTESIAN_POINT('',(31.589585860431,4.546776520403,
    59.149592138751));
#5419 = CARTESIAN_POINT('',(31.487961796085,5.210353213588,
    59.152588208493));
#5420 = CARTESIAN_POINT('',(31.37041617451,5.871293699939,
    59.155797111713));
#5421 = CARTESIAN_POINT('',(31.237030619206,6.529152720441,
    59.159183494064));
#5422 = CARTESIAN_POINT('',(31.087901647584,7.183488172279,
    59.162715686331));
#5423 = CARTESIAN_POINT('',(30.763558307769,8.463791020248,
    59.169900815995));
#5424 = CARTESIAN_POINT('',(30.58931093958,9.090004723932,
    59.173546468174));
#5425 = CARTESIAN_POINT('',(30.400499728428,9.712103091526,
    59.17727699979));
#5426 = CARTESIAN_POINT('',(30.197238626048,10.329691318783,
    59.181069985373));
#5427 = CARTESIAN_POINT('',(29.979654225698,10.942378929707,
    59.184905948136));
#5428 = CARTESIAN_POINT('',(29.747885754548,11.549779789298,
    59.188768162587));
#5429 = CARTESIAN_POINT('',(29.502085066073,12.151512116296,
    59.192642457131));
#5430 = CARTESIAN_POINT('',(28.526240340989,14.390126195192,
    59.207203212329));
#5431 = CARTESIAN_POINT('',(27.704521464252,15.987186629005,
    59.217892212486));
#5432 = CARTESIAN_POINT('',(26.780753022726,17.530296916498,
    59.228334545035));
#5433 = CARTESIAN_POINT('',(25.759124629284,19.011872161401,
    59.238417415609));
#5434 = CARTESIAN_POINT('',(24.644444268214,20.424777185944,
    59.248126238982));
#5435 = CARTESIAN_POINT('',(23.442111510569,21.762311778119,
    59.257503977462));
#5436 = CARTESIAN_POINT('',(22.158140477729,23.018232548784,
    59.266617072959));
#5437 = CARTESIAN_POINT('',(18.963846499161,25.765136566448,
    59.287583957236));
#5438 = CARTESIAN_POINT('',(16.9911503771,27.184658734826,
    59.299282288666));
#5439 = CARTESIAN_POINT('',(14.897787952222,28.430838754979,
    59.310804368886));
#5440 = CARTESIAN_POINT('',(12.701706897016,29.491964762106,
    59.32234530064));
#5441 = CARTESIAN_POINT('',(10.421843364931,30.358554566141,
    59.334024817294));
#5442 = CARTESIAN_POINT('',(8.078097205484,31.023365169735,
    59.345872392737));
#5443 = CARTESIAN_POINT('',(5.691307833399,31.481403213394,
    59.357862669449));
#5444 = CARTESIAN_POINT('',(1.602317187146,31.904531665555,
    59.378380730801));
#5445 = CARTESIAN_POINT('',(-8.94710215212E-02,31.976711344121,
    59.386863214626));
#5446 = CARTESIAN_POINT('',(-1.784558323472,31.946326344798,
    59.395376105297));
#5447 = CARTESIAN_POINT('',(-3.475681971944,31.81326713282,
    59.40389826051));
#5448 = CARTESIAN_POINT('',(-5.155642059839,31.578026705198,
    59.412410351274));
#5449 = CARTESIAN_POINT('',(-6.817302133867,31.24167834902,
    59.420899086233));
#5450 = CARTESIAN_POINT('',(-8.45359455716,30.805897197084,
    59.42935892684));
#5451 = CARTESIAN_POINT('',(-11.60171367716,29.760005554659,
    59.445909520642));
#5452 = CARTESIAN_POINT('',(-13.11606548835,29.156941458474,
    59.454003133206));
#5453 = CARTESIAN_POINT('',(-14.59434785402,28.46588923191,
    59.462073049607));
#5454 = CARTESIAN_POINT('',(-16.0306058538,27.689403662516,
    59.470127552319));
#5455 = CARTESIAN_POINT('',(-17.41914352662,26.830491568599,
    59.478179925066));
#5456 = CARTESIAN_POINT('',(-18.7545171394,25.892595391961,
    59.486245247777));
#5457 = CARTESIAN_POINT('',(-20.03154604492,24.879607200596,
    59.49433634914));
#5458 = CARTESIAN_POINT('',(-22.81078905166,22.398258176246,
    59.51293470203));
#5459 = CARTESIAN_POINT('',(-24.27136245814,20.882719916715,
    59.523464999345));
#5460 = CARTESIAN_POINT('',(-25.61638015875,19.258740953784,
    59.534061624111));
#5461 = CARTESIAN_POINT('',(-26.83654061269,17.536702987781,
    59.544722904254));
#5462 = CARTESIAN_POINT('',(-27.92373607122,15.727777699965,
    59.555419957909));
#5463 = CARTESIAN_POINT('',(-28.87099087707,13.843876162943,
    59.566095025455));
#5464 = CARTESIAN_POINT('',(-29.67253206016,11.897684990305,
    59.576681889446));
#5465 = CARTESIAN_POINT('',(-30.71617354841,8.701876038214,
    59.593465112184));
#5466 = CARTESIAN_POINT('',(-31.05400129722,7.483202988077,
    59.599732387406));
#5467 = CARTESIAN_POINT('',(-31.33653273104,6.249658531335,
    59.605955809317));
#5468 = CARTESIAN_POINT('',(-31.56301613542,5.004175343308,
    59.612136630525));
#5469 = CARTESIAN_POINT('',(-31.73288745047,3.749716324667,
    59.618286366296));
#5470 = CARTESIAN_POINT('',(-31.84576649687,2.489273615609,
    59.62443187239));
#5471 = CARTESIAN_POINT('',(-31.90146094434,1.225868858355,
    59.630620923007));
#5472 = CARTESIAN_POINT('',(-31.89851129905,-1.286960255911,
    59.643166759312));
#5473 = CARTESIAN_POINT('',(-31.84110943342,-2.536429657349,
    59.649518065295));
#5474 = CARTESIAN_POINT('',(-31.72777280301,-3.782901876369,
    59.655910252712));
#5475 = CARTESIAN_POINT('',(-31.5586922035,-5.023454536708,
    59.66229747495));
#5476 = CARTESIAN_POINT('',(-31.33423806279,-6.255193255383,
    59.668653930558));
#5477 = CARTESIAN_POINT('',(-31.05495683643,-7.475251526706,
    59.674968398444));
#5478 = CARTESIAN_POINT('',(-30.72157458506,-8.680791740745,
    59.681239370565));
#5479 = CARTESIAN_POINT('',(-29.66622799668,-11.92467897573,
    59.698251431762));
#5480 = CARTESIAN_POINT('',(-28.83814278154,-13.9288641484,
    59.708915700543));
#5481 = CARTESIAN_POINT('',(-27.85550191924,-15.86669273625,
    59.719482405974));
#5482 = CARTESIAN_POINT('',(-26.72465398352,-17.72430722382,
    59.730026030713));
#5483 = CARTESIAN_POINT('',(-25.45329540114,-19.48873189308,
    59.740611971309));
#5484 = CARTESIAN_POINT('',(-24.05038564192,-21.14782940316,
    59.751271953139));
#5485 = CARTESIAN_POINT('',(-22.52621982566,-22.69036075197,
    59.76200545166));
#5486 = CARTESIAN_POINT('',(-19.68954226275,-25.14889003945,
    59.780737852483));
#5487 = CARTESIAN_POINT('',(-18.4269051548,-26.12303844867,
    59.788713202213));
#5488 = CARTESIAN_POINT('',(-17.1093755158,-27.02457299918,
    59.796711850792));
#5489 = CARTESIAN_POINT('',(-15.7418514224,-27.84991107023,
    59.804721373809));
#5490 = CARTESIAN_POINT('',(-14.32946764905,-28.59588488543,
    59.812728039773));
#5491 = CARTESIAN_POINT('',(-12.87758629104,-29.25972902239,
    59.820719969431));
#5492 = CARTESIAN_POINT('',(-11.39180263225,-29.83909481231,
    59.828689495577));
#5493 = CARTESIAN_POINT('',(-8.502137592581,-30.78014477704,
    59.84385563068));
#5494 = CARTESIAN_POINT('',(-7.103040191446,-31.15689050651,
    59.851056947409));
#5495 = CARTESIAN_POINT('',(-5.685046714579,-31.46089655417,
    59.858237114427));
#5496 = CARTESIAN_POINT('',(-4.252578869391,-31.69107992229,
    59.865398846724));
#5497 = CARTESIAN_POINT('',(-2.810102850912,-31.84668101054,
    59.872549316375));
#5498 = CARTESIAN_POINT('',(-1.362127112984,-31.92725509077,
    59.879699262513));
#5499 = CARTESIAN_POINT('',(8.67975298043E-02,-31.93268112477,
    59.886861028303));
#5500 = CARTESIAN_POINT('',(3.782432219291,-31.75498417665,
    59.905232079413));
#5501 = CARTESIAN_POINT('',(6.024450527833,-31.46512299786,
    59.91647626454));
#5502 = CARTESIAN_POINT('',(8.240426937418,-30.99434956745,
    59.927817798519));
#5503 = CARTESIAN_POINT('',(10.41334141926,-30.345560576,59.939293637267
    ));
#5504 = CARTESIAN_POINT('',(12.526777835831,-29.52345079247,
    59.950913412752));
#5505 = CARTESIAN_POINT('',(14.564897167529,-28.53439505001,
    59.962629670782));
#5506 = CARTESIAN_POINT('',(16.51248842818,-27.38655728552,
    59.97432939401));
#5507 = CARTESIAN_POINT('',(18.72136958622,-25.83255405136,
    59.988167796369));
#5508 = CARTESIAN_POINT('',(19.083483368876,-25.56901399441,
    59.990456236745));
#5509 = CARTESIAN_POINT('',(19.441353456687,-25.29967554053,
    59.992737515655));
#5510 = CARTESIAN_POINT('',(19.794871622106,-25.02461851589,
    59.99501052361));
#5511 = CARTESIAN_POINT('',(20.143931495191,-24.74392512897,
    59.99727414304));
#5512 = CARTESIAN_POINT('',(20.4884285636,-24.45767997056,
    59.999527248297));
#5513 = CARTESIAN_POINT('',(20.828260172597,-24.16597001379,
    60.00176870565));
#5514 = CARTESIAN_POINT('',(21.796176392831,-23.30776794943,
    60.008206743907));
#5515 = CARTESIAN_POINT('',(22.412027258634,-22.72747260192,
    60.01237054144));
#5516 = CARTESIAN_POINT('',(23.010197048718,-22.12860261656,
    60.016481371665));
#5517 = CARTESIAN_POINT('',(23.590033038809,-21.51178805379,
    60.020532068503));
#5518 = CARTESIAN_POINT('',(24.150910894116,-20.87768494506,
    60.024516357588));
#5519 = CARTESIAN_POINT('',(24.692234709336,-20.2269752486,
    60.028429519826));
#5520 = CARTESIAN_POINT('',(25.21343704867,-19.56036680498,
    60.032269054965));
#5521 = CARTESIAN_POINT('',(26.231874912601,-18.17318241972,
    60.039932214124));
#5522 = CARTESIAN_POINT('',(26.727656919048,-17.45153130447,
    60.043750720301));
#5523 = CARTESIAN_POINT('',(27.200728168056,-16.7144532187,
    60.047491398929));
#5524 = CARTESIAN_POINT('',(27.650529972668,-15.96278359897,
    60.051158229542));
#5525 = CARTESIAN_POINT('',(28.076541826953,-15.19737997063,
    60.054759684162));
#5526 = CARTESIAN_POINT('',(28.478281436865,-14.41912187165,
    60.058309775509));
#5527 = CARTESIAN_POINT('',(28.855304751112,-13.6289107765,60.0618291052
    ));
#5528 = CARTESIAN_POINT('',(29.739673163124,-11.61530032796,
    60.070667246252));
#5529 = CARTESIAN_POINT('',(30.214636318705,-10.37764854578,
    60.075982883766));
#5530 = CARTESIAN_POINT('',(30.630679462761,-9.117928811504,
    60.081390855761));
#5531 = CARTESIAN_POINT('',(30.98662047052,-7.839419887712,
    60.087028765246));
#5532 = CARTESIAN_POINT('',(31.281497748852,-6.54546125268,
    60.093083182391));
#5533 = CARTESIAN_POINT('',(31.514567041702,-5.239451727585,
    60.099796201942));
#5534 = CARTESIAN_POINT('',(31.685308380564,-3.924850639736,
    60.107469162638));
#5535 = CARTESIAN_POINT('',(31.820068614376,-2.280246683827,
    60.118678161695));
#5536 = CARTESIAN_POINT('',(31.842898534757,-1.955003507374,
    60.120972909585));
#5537 = CARTESIAN_POINT('',(31.861928756113,-1.629504154002,
    60.123353170414));
#5538 = CARTESIAN_POINT('',(31.877155980544,-1.303800922586,
    60.12582456051));
#5539 = CARTESIAN_POINT('',(31.888577797266,-0.977946249318,
    60.128392914426));
#5540 = CARTESIAN_POINT('',(31.896192682606,-0.651992707699,
    60.131064284931));
#5541 = CARTESIAN_POINT('',(31.9,-0.32599300855,60.133844943017));
#5542 = CARTESIAN_POINT('',(31.9,3.552713678801E-14,60.136741377896));
#5543 = PCURVE('',#5371,#5544);
#5544 = DEFINITIONAL_REPRESENTATION('',(#5545),#5681);
#5545 = B_SPLINE_CURVE_WITH_KNOTS('',8,(#5546,#5547,#5548,#5549,#5550,
    #5551,#5552,#5553,#5554,#5555,#5556,#5557,#5558,#5559,#5560,#5561,
    #5562,#5563,#5564,#5565,#5566,#5567,#5568,#5569,#5570,#5571,#5572,
    #5573,#5574,#5575,#5576,#5577,#5578,#5579,#5580,#5581,#5582,#5583,
    #5584,#5585,#5586,#5587,#5588,#5589,#5590,#5591,#5592,#5593,#5594,
    #5595,#5596,#5597,#5598,#5599,#5600,#5601,#5602,#5603,#5604,#5605,
    #5606,#5607,#5608,#5609,#5610,#5611,#5612,#5613,#5614,#5615,#5616,
    #5617,#5618,#5619,#5620,#5621,#5622,#5623,#5624,#5625,#5626,#5627,
    #5628,#5629,#5630,#5631,#5632,#5633,#5634,#5635,#5636,#5637,#5638,
    #5639,#5640,#5641,#5642,#5643,#5644,#5645,#5646,#5647,#5648,#5649,
    #5650,#5651,#5652,#5653,#5654,#5655,#5656,#5657,#5658,#5659,#5660,
    #5661,#5662,#5663,#5664,#5665,#5666,#5667,#5668,#5669,#5670,#5671,
    #5672,#5673,#5674,#5675,#5676,#5677,#5678,#5679,#5680),
  .UNSPECIFIED.,.F.,.F.,(9,7,7,7,7,7,7,7,7,7,7,7,7,7,7,7,7,7,7,9),(0.,
    1.271029760829E-02,3.94899158825E-02,6.542777718127E-02,
    0.136965472593,0.233586444664,0.301047673439,0.365995702764,
    0.449760053906,0.50018481177,0.550058779761,0.636343206541,
    0.699890826119,0.757645176649,0.84757105802,0.865444994866,
    0.899204189484,0.934133828912,0.986986402682,1.),.UNSPECIFIED.);
#5546 = CARTESIAN_POINT('',(2.122427590784,0.));
#5547 = CARTESIAN_POINT('',(2.126395994886,1.589017012257E-03));
#5548 = CARTESIAN_POINT('',(2.130011581222,3.177810410623E-03));
#5549 = CARTESIAN_POINT('',(2.133293613419,4.766411203741E-03));
#5550 = CARTESIAN_POINT('',(2.136260725454,6.354848093631E-03));
#5551 = CARTESIAN_POINT('',(2.138930921654,7.943147475688E-03));
#5552 = CARTESIAN_POINT('',(2.141321576699,9.531333438684E-03));
#5553 = CARTESIAN_POINT('',(2.14344943562,1.111942776477E-02));
#5554 = CARTESIAN_POINT('',(2.14929411135,1.605329034108E-02));
#5555 = CARTESIAN_POINT('',(2.152162500993,1.939881315617E-02));
#5556 = CARTESIAN_POINT('',(2.154086587029,2.274419719044E-02));
#5557 = CARTESIAN_POINT('',(2.15520440523,2.608958511656E-02));
#5558 = CARTESIAN_POINT('',(2.155641519508,2.943508654528E-02));
#5559 = CARTESIAN_POINT('',(2.155511318594,3.278078110646E-02));
#5560 = CARTESIAN_POINT('',(2.154915312711,3.612672153017E-02));
#5561 = CARTESIAN_POINT('',(2.153002096725,4.27139711885E-02));
#5562 = CARTESIAN_POINT('',(2.151708163293,4.595526916475E-02));
#5563 = CARTESIAN_POINT('',(2.150143535259,4.919685451438E-02));
#5564 = CARTESIAN_POINT('',(2.148380008707,5.243873804327E-02));
#5565 = CARTESIAN_POINT('',(2.146479904835,5.568091833976E-02));
#5566 = CARTESIAN_POINT('',(2.144496704276,5.892338260899E-02));
#5567 = CARTESIAN_POINT('',(2.142475681436,6.216610750731E-02));
#5568 = CARTESIAN_POINT('',(2.134880143791,7.435325716077E-02));
#5569 = CARTESIAN_POINT('',(2.129304453152,8.329985396802E-02));
#5570 = CARTESIAN_POINT('',(2.124520849373,9.224731030696E-02));
#5571 = CARTESIAN_POINT('',(2.120887294887,0.101194695073));
#5572 = CARTESIAN_POINT('',(2.118448904977,0.110141521565));
#5573 = CARTESIAN_POINT('',(2.117067543522,0.119087584553));
#5574 = CARTESIAN_POINT('',(2.11652979424,0.128032633359));
#5575 = CARTESIAN_POINT('',(2.116705776152,0.149054511885));
#5576 = CARTESIAN_POINT('',(2.117924601301,0.161133726113));
#5577 = CARTESIAN_POINT('',(2.119695057906,0.173209073957));
#5578 = CARTESIAN_POINT('',(2.121395789706,0.18528148433));
#5579 = CARTESIAN_POINT('',(2.122651850143,0.1973535198));
#5580 = CARTESIAN_POINT('',(2.123376587285,0.209427575527));
#5581 = CARTESIAN_POINT('',(2.123653746198,0.221504464326));
#5582 = CARTESIAN_POINT('',(2.123618015773,0.242011359793));
#5583 = CARTESIAN_POINT('',(2.123458086583,0.250443865695));
#5584 = CARTESIAN_POINT('',(2.123202867734,0.258877000422));
#5585 = CARTESIAN_POINT('',(2.122919692782,0.267310663411));
#5586 = CARTESIAN_POINT('',(2.122670764209,0.275744963943));
#5587 = CARTESIAN_POINT('',(2.122498719077,0.284179934747));
#5588 = CARTESIAN_POINT('',(2.122420275724,0.292615261756));
#5589 = CARTESIAN_POINT('',(2.122435361007,0.309170569611));
#5590 = CARTESIAN_POINT('',(2.122522519124,0.31729141904));
#5591 = CARTESIAN_POINT('',(2.122684015333,0.325411802961));
#5592 = CARTESIAN_POINT('',(2.122892576555,0.33353148101));
#5593 = CARTESIAN_POINT('',(2.123105949619,0.341650532797));
#5594 = CARTESIAN_POINT('',(2.123276403937,0.349769122441));
#5595 = CARTESIAN_POINT('',(2.123362864425,0.357887242667));
#5596 = CARTESIAN_POINT('',(2.123323504797,0.376473295587));
#5597 = CARTESIAN_POINT('',(2.123128511273,0.38694265738));
#5598 = CARTESIAN_POINT('',(2.122716981475,0.397410679043));
#5599 = CARTESIAN_POINT('',(2.122095665267,0.407877797832));
#5600 = CARTESIAN_POINT('',(2.121360948868,0.418345252579));
#5601 = CARTESIAN_POINT('',(2.120701410116,0.428814214236));
#5602 = CARTESIAN_POINT('',(2.120329725151,0.43928492665));
#5603 = CARTESIAN_POINT('',(2.120297960103,0.45605822278));
#5604 = CARTESIAN_POINT('',(2.120413702683,0.462361667547));
#5605 = CARTESIAN_POINT('',(2.120670751611,0.46866541724));
#5606 = CARTESIAN_POINT('',(2.121064911263,0.474969413332));
#5607 = CARTESIAN_POINT('',(2.121559262779,0.481273633946));
#5608 = CARTESIAN_POINT('',(2.122067725284,0.487578034569));
#5609 = CARTESIAN_POINT('',(2.122437078655,0.493882508114));
#5610 = CARTESIAN_POINT('',(2.122417922217,0.506422358031));
#5611 = CARTESIAN_POINT('',(2.122047640575,0.512657951003));
#5612 = CARTESIAN_POINT('',(2.121546292241,0.518893467069));
#5613 = CARTESIAN_POINT('',(2.121060268446,0.525128806876));
#5614 = CARTESIAN_POINT('',(2.12067200121,0.531363928981));
#5615 = CARTESIAN_POINT('',(2.120417331433,0.53759881257));
#5616 = CARTESIAN_POINT('',(2.120300906169,0.543833401806));
#5617 = CARTESIAN_POINT('',(2.120324654708,0.560852884454));
#5618 = CARTESIAN_POINT('',(2.120713894361,0.571638790653));
#5619 = CARTESIAN_POINT('',(2.121409182177,0.582422773557));
#5620 = CARTESIAN_POINT('',(2.122173061355,0.593205110574));
#5621 = CARTESIAN_POINT('',(2.122800507331,0.603987128077));
#5622 = CARTESIAN_POINT('',(2.123194465873,0.614770221994));
#5623 = CARTESIAN_POINT('',(2.123358130443,0.625554865741));
#5624 = CARTESIAN_POINT('',(2.123338641317,0.644281176299));
#5625 = CARTESIAN_POINT('',(2.123235732947,0.652224367203));
#5626 = CARTESIAN_POINT('',(2.123059755852,0.660168022981));
#5627 = CARTESIAN_POINT('',(2.122850410433,0.668112125597));
#5628 = CARTESIAN_POINT('',(2.122652070119,0.676056810257));
#5629 = CARTESIAN_POINT('',(2.122502941737,0.68400213734));
#5630 = CARTESIAN_POINT('',(2.122426839819,0.691947881683));
#5631 = CARTESIAN_POINT('',(2.122428242863,0.707114455327));
#5632 = CARTESIAN_POINT('',(2.122492467608,0.714335842331));
#5633 = CARTESIAN_POINT('',(2.122623752482,0.721557035916));
#5634 = CARTESIAN_POINT('',(2.122812815681,0.728777850508));
#5635 = CARTESIAN_POINT('',(2.123036622953,0.735998259976));
#5636 = CARTESIAN_POINT('',(2.123260836466,0.743218272882));
#5637 = CARTESIAN_POINT('',(2.123445679808,0.750437802261));
#5638 = CARTESIAN_POINT('',(2.123725776231,0.768896383617));
#5639 = CARTESIAN_POINT('',(2.123713713645,0.780136799255));
#5640 = CARTESIAN_POINT('',(2.123382399609,0.791374797667));
#5641 = CARTESIAN_POINT('',(2.122614750464,0.802610746125));
#5642 = CARTESIAN_POINT('',(2.121385267473,0.81384630824));
#5643 = CARTESIAN_POINT('',(2.119851863295,0.825083377528));
#5644 = CARTESIAN_POINT('',(2.118379126818,0.836322870667));
#5645 = CARTESIAN_POINT('',(2.117210990159,0.849796230388));
#5646 = CARTESIAN_POINT('',(2.11703693413,0.852030278267));
#5647 = CARTESIAN_POINT('',(2.116886043564,0.854264403886));
#5648 = CARTESIAN_POINT('',(2.116761877981,0.856498610107));
#5649 = CARTESIAN_POINT('',(2.116668019863,0.858732898886));
#5650 = CARTESIAN_POINT('',(2.116608074656,0.860967271276));
#5651 = CARTESIAN_POINT('',(2.116585670771,0.863201727426));
#5652 = CARTESIAN_POINT('',(2.116639946733,0.86965672695));
#5653 = CARTESIAN_POINT('',(2.116822271086,0.873877500863));
#5654 = CARTESIAN_POINT('',(2.11717501511,0.878098563614));
#5655 = CARTESIAN_POINT('',(2.117721052118,0.882319897035));
#5656 = CARTESIAN_POINT('',(2.118480392241,0.886541479926));
#5657 = CARTESIAN_POINT('',(2.119468028405,0.890763278482));
#5658 = CARTESIAN_POINT('',(2.120691782301,0.894985236729));
#5659 = CARTESIAN_POINT('',(2.123659080629,0.903575676648));
#5660 = CARTESIAN_POINT('',(2.125419124248,0.907944196471));
#5661 = CARTESIAN_POINT('',(2.127428260603,0.912312730224));
#5662 = CARTESIAN_POINT('',(2.129673475144,0.916681190395));
#5663 = CARTESIAN_POINT('',(2.132127389931,0.9210494934));
#5664 = CARTESIAN_POINT('',(2.134744894167,0.925417554833));
#5665 = CARTESIAN_POINT('',(2.13745977474,0.929785284714));
#5666 = CARTESIAN_POINT('',(2.14429939918,0.940760808431));
#5667 = CARTESIAN_POINT('',(2.148433037124,0.947368207818));
#5668 = CARTESIAN_POINT('',(2.152267193715,0.95397435376));
#5669 = CARTESIAN_POINT('',(2.155360985449,0.960579073172));
#5670 = CARTESIAN_POINT('',(2.15711763681,0.967182443877));
#5671 = CARTESIAN_POINT('',(2.156763618259,0.973784832638));
#5672 = CARTESIAN_POINT('',(2.153336997588,0.98038697438));
#5673 = CARTESIAN_POINT('',(2.143800896703,0.988615941914));
#5674 = CARTESIAN_POINT('',(2.141660628302,0.990241855929));
#5675 = CARTESIAN_POINT('',(2.139246989911,0.991867854762));
#5676 = CARTESIAN_POINT('',(2.136542081653,0.993493961028));
#5677 = CARTESIAN_POINT('',(2.133527313317,0.995120199839));
#5678 = CARTESIAN_POINT('',(2.130183404357,0.996746598794));
#5679 = CARTESIAN_POINT('',(2.126490383898,0.998373187987));
#5680 = CARTESIAN_POINT('',(2.122427590727,1.));
#5681 = ( GEOMETRIC_REPRESENTATION_CONTEXT(2) 
PARAMETRIC_REPRESENTATION_CONTEXT() REPRESENTATION_CONTEXT('2D SPACE',''
  ) );
#5682 = PCURVE('',#1732,#5683);
#5683 = DEFINITIONAL_REPRESENTATION('',(#5684),#5820);
#5684 = B_SPLINE_CURVE_WITH_KNOTS('',8,(#5685,#5686,#5687,#5688,#5689,
    #5690,#5691,#5692,#5693,#5694,#5695,#5696,#5697,#5698,#5699,#5700,
    #5701,#5702,#5703,#5704,#5705,#5706,#5707,#5708,#5709,#5710,#5711,
    #5712,#5713,#5714,#5715,#5716,#5717,#5718,#5719,#5720,#5721,#5722,
    #5723,#5724,#5725,#5726,#5727,#5728,#5729,#5730,#5731,#5732,#5733,
    #5734,#5735,#5736,#5737,#5738,#5739,#5740,#5741,#5742,#5743,#5744,
    #5745,#5746,#5747,#5748,#5749,#5750,#5751,#5752,#5753,#5754,#5755,
    #5756,#5757,#5758,#5759,#5760,#5761,#5762,#5763,#5764,#5765,#5766,
    #5767,#5768,#5769,#5770,#5771,#5772,#5773,#5774,#5775,#5776,#5777,
    #5778,#5779,#5780,#5781,#5782,#5783,#5784,#5785,#5786,#5787,#5788,
    #5789,#5790,#5791,#5792,#5793,#5794,#5795,#5796,#5797,#5798,#5799,
    #5800,#5801,#5802,#5803,#5804,#5805,#5806,#5807,#5808,#5809,#5810,
    #5811,#5812,#5813,#5814,#5815,#5816,#5817,#5818,#5819),
  .UNSPECIFIED.,.F.,.F.,(9,7,7,7,7,7,7,7,7,7,7,7,7,7,7,7,7,7,7,9),(0.,
    1.271029760829E-02,3.94899158825E-02,6.542777718127E-02,
    0.136965472593,0.233586444664,0.301047673439,0.365995702764,
    0.449760053906,0.50018481177,0.550058779761,0.636343206541,
    0.699890826119,0.757645176649,0.84757105802,0.865444994866,
    0.899204189484,0.934133828912,0.986986402682,1.),.UNSPECIFIED.);
#5685 = CARTESIAN_POINT('',(0.,3.136741377878));
#5686 = CARTESIAN_POINT('',(9.981798049701E-03,3.137090268608));
#5687 = CARTESIAN_POINT('',(1.996372646293E-02,3.137549191277));
#5688 = CARTESIAN_POINT('',(2.994576188188E-02,3.138112157008));
#5689 = CARTESIAN_POINT('',(3.992788382782E-02,3.138773371388));
#5690 = CARTESIAN_POINT('',(4.99100747011E-02,3.139527234458));
#5691 = CARTESIAN_POINT('',(5.989231978114E-02,3.14036834072));
#5692 = CARTESIAN_POINT('',(6.987460722641E-02,3.141291479134));
#5693 = CARTESIAN_POINT('',(0.100888909389,3.144398880547));
#5694 = CARTESIAN_POINT('',(0.1219210494,3.146848031601));
#5695 = CARTESIAN_POINT('',(0.142953223871,3.149592138751));
#5696 = CARTESIAN_POINT('',(0.163985369607,3.152588208493));
#5697 = CARTESIAN_POINT('',(0.18501746438,3.155797111713));
#5698 = CARTESIAN_POINT('',(0.206049506857,3.159183494064));
#5699 = CARTESIAN_POINT('',(0.227081496525,3.162715686331));
#5700 = CARTESIAN_POINT('',(0.268484239778,3.169900815995));
#5701 = CARTESIAN_POINT('',(0.288855034169,3.173546468174));
#5702 = CARTESIAN_POINT('',(0.309225769621,3.17727699979));
#5703 = CARTESIAN_POINT('',(0.329596452508,3.181069985373));
#5704 = CARTESIAN_POINT('',(0.349967106189,3.184905948136));
#5705 = CARTESIAN_POINT('',(0.370337754444,3.188768162587));
#5706 = CARTESIAN_POINT('',(0.39070840491,3.192642457131));
#5707 = CARTESIAN_POINT('',(0.467262066908,3.207203212329));
#5708 = CARTESIAN_POINT('',(0.523449133527,3.217892212486));
#5709 = CARTESIAN_POINT('',(0.579634439062,3.228334545035));
#5710 = CARTESIAN_POINT('',(0.635817942819,3.238417415609));
#5711 = CARTESIAN_POINT('',(0.692001643128,3.248126238982));
#5712 = CARTESIAN_POINT('',(0.748187508435,3.257503977462));
#5713 = CARTESIAN_POINT('',(0.80437539554,3.266617072959));
#5714 = CARTESIAN_POINT('',(0.936442972244,3.287583957236));
#5715 = CARTESIAN_POINT('',(1.012344541407,3.299282288666));
#5716 = CARTESIAN_POINT('',(1.088237055335,3.310804368886));
#5717 = CARTESIAN_POINT('',(1.164121445992,3.32234530064));
#5718 = CARTESIAN_POINT('',(1.240005808204,3.334024817294));
#5719 = CARTESIAN_POINT('',(1.315898249138,3.345872392737));
#5720 = CARTESIAN_POINT('',(1.391799748568,3.357862669449));
#5721 = CARTESIAN_POINT('',(1.520665736073,3.378380730801));
#5722 = CARTESIAN_POINT('',(1.573651029026,3.386863214626));
#5723 = CARTESIAN_POINT('',(1.626635000948,3.395376105297));
#5724 = CARTESIAN_POINT('',(1.679617323643,3.40389826051));
#5725 = CARTESIAN_POINT('',(1.732599646419,3.412410351274));
#5726 = CARTESIAN_POINT('',(1.785583620254,3.420899086233));
#5727 = CARTESIAN_POINT('',(1.83856892104,3.42935892684));
#5728 = CARTESIAN_POINT('',(1.942559819195,3.445909520642));
#5729 = CARTESIAN_POINT('',(1.993570836766,3.454003133206));
#5730 = CARTESIAN_POINT('',(2.044580773853,3.462073049608));
#5731 = CARTESIAN_POINT('',(2.095589352188,3.470127552319));
#5732 = CARTESIAN_POINT('',(2.146597930271,3.478179925066));
#5733 = CARTESIAN_POINT('',(2.197607867284,3.486245247777));
#5734 = CARTESIAN_POINT('',(2.248618886641,3.49433634914));
#5735 = CARTESIAN_POINT('',(2.365413858739,3.51293470203));
#5736 = CARTESIAN_POINT('',(2.431209013604,3.523464999345));
#5737 = CARTESIAN_POINT('',(2.496999832782,3.534061624111));
#5738 = CARTESIAN_POINT('',(2.562786402631,3.544722904254));
#5739 = CARTESIAN_POINT('',(2.628572960741,3.555419957909));
#5740 = CARTESIAN_POINT('',(2.69436375381,3.566095025455));
#5741 = CARTESIAN_POINT('',(2.760158889573,3.576681889446));
#5742 = CARTESIAN_POINT('',(2.865547654679,3.593465112184));
#5743 = CARTESIAN_POINT('',(2.905150715467,3.599732387406));
#5744 = CARTESIAN_POINT('',(2.94475348129,3.605955809317));
#5745 = CARTESIAN_POINT('',(2.98435587049,3.612136630525));
#5746 = CARTESIAN_POINT('',(3.023958266876,3.618286366296));
#5747 = CARTESIAN_POINT('',(3.063561051884,3.62443187239));
#5748 = CARTESIAN_POINT('',(3.103164135718,3.630620923007));
#5749 = CARTESIAN_POINT('',(3.181936262535,3.643166759312));
#5750 = CARTESIAN_POINT('',(3.221106663648,3.649518065295));
#5751 = CARTESIAN_POINT('',(3.260276758133,3.655910252712));
#5752 = CARTESIAN_POINT('',(3.299446486585,3.66229747495));
#5753 = CARTESIAN_POINT('',(3.338616224654,3.668653930558));
#5754 = CARTESIAN_POINT('',(3.377786343989,3.674968398444));
#5755 = CARTESIAN_POINT('',(3.41695677235,3.681239370565));
#5756 = CARTESIAN_POINT('',(3.52389220693,3.698251431762));
#5757 = CARTESIAN_POINT('',(3.591668029636,3.708915700543));
#5758 = CARTESIAN_POINT('',(3.659438860903,3.719482405974));
#5759 = CARTESIAN_POINT('',(3.727204843729,3.730026030713));
#5760 = CARTESIAN_POINT('',(3.794970814869,3.740611971309));
#5761 = CARTESIAN_POINT('',(3.862741629712,3.751271953139));
#5762 = CARTESIAN_POINT('',(3.930517459991,3.76200545166));
#5763 = CARTESIAN_POINT('',(4.048191822877,3.780737852483));
#5764 = CARTESIAN_POINT('',(4.098102749632,3.788713202213));
#5765 = CARTESIAN_POINT('',(4.148012694891,3.796711850792));
#5766 = CARTESIAN_POINT('',(4.197921412058,3.804721373809));
#5767 = CARTESIAN_POINT('',(4.24783012712,3.812728039773));
#5768 = CARTESIAN_POINT('',(4.297740068728,3.820719969431));
#5769 = CARTESIAN_POINT('',(4.347650997442,3.828689495577));
#5770 = CARTESIAN_POINT('',(4.442918579876,3.84385563068));
#5771 = CARTESIAN_POINT('',(4.488278807309,3.851056947409));
#5772 = CARTESIAN_POINT('',(4.533638432647,3.858237114427));
#5773 = CARTESIAN_POINT('',(4.578997301042,3.865398846724));
#5774 = CARTESIAN_POINT('',(4.624356172125,3.872549316375));
#5775 = CARTESIAN_POINT('',(4.669715805405,3.879699262513));
#5776 = CARTESIAN_POINT('',(4.715076045529,3.886861028303));
#5777 = CARTESIAN_POINT('',(4.831060506913,3.905232079413));
#5778 = CARTESIAN_POINT('',(4.901698515756,3.91647626454));
#5779 = CARTESIAN_POINT('',(4.972330272222,3.927817798519));
#5780 = CARTESIAN_POINT('',(5.042956096767,3.939293637267));
#5781 = CARTESIAN_POINT('',(5.113581877986,3.950913412752));
#5782 = CARTESIAN_POINT('',(5.184213517474,3.962629670782));
#5783 = CARTESIAN_POINT('',(5.254851372628,3.97432939401));
#5784 = CARTESIAN_POINT('',(5.33951456461,3.988167796369));
#5785 = CARTESIAN_POINT('',(5.353552295045,3.990456236745));
#5786 = CARTESIAN_POINT('',(5.367590028942,3.992737515655));
#5787 = CARTESIAN_POINT('',(5.381627766863,3.99501052361));
#5788 = CARTESIAN_POINT('',(5.395665508713,3.99727414304));
#5789 = CARTESIAN_POINT('',(5.409703253745,3.999527248297));
#5790 = CARTESIAN_POINT('',(5.423741000559,4.00176870565));
#5791 = CARTESIAN_POINT('',(5.464292380981,4.008206743907));
#5792 = CARTESIAN_POINT('',(5.490806126787,4.01237054144));
#5793 = CARTESIAN_POINT('',(5.517319847804,4.016481371665));
#5794 = CARTESIAN_POINT('',(5.543833532049,4.020532068503));
#5795 = CARTESIAN_POINT('',(5.570347229951,4.024516357588));
#5796 = CARTESIAN_POINT('',(5.596860992021,4.028429519826));
#5797 = CARTESIAN_POINT('',(5.623374806522,4.032269054965));
#5798 = CARTESIAN_POINT('',(5.677321509443,4.039932214124));
#5799 = CARTESIAN_POINT('',(5.704754601495,4.043750720302));
#5800 = CARTESIAN_POINT('',(5.732187649025,4.047491398929));
#5801 = CARTESIAN_POINT('',(5.759620636243,4.051158229542));
#5802 = CARTESIAN_POINT('',(5.787053622253,4.054759684162));
#5803 = CARTESIAN_POINT('',(5.814486667459,4.058309775509));
#5804 = CARTESIAN_POINT('',(5.841919759964,4.0618291052));
#5805 = CARTESIAN_POINT('',(5.910862008294,4.070667246252));
#5806 = CARTESIAN_POINT('',(5.952372031819,4.075982883766));
#5807 = CARTESIAN_POINT('',(5.993881723948,4.081390855761));
#5808 = CARTESIAN_POINT('',(6.035391031713,4.087028765246));
#5809 = CARTESIAN_POINT('',(6.076900366592,4.093083182391));
#5810 = CARTESIAN_POINT('',(6.118410015494,4.099796201942));
#5811 = CARTESIAN_POINT('',(6.159919533902,4.107469162638));
#5812 = CARTESIAN_POINT('',(6.211647305147,4.118678161695));
#5813 = CARTESIAN_POINT('',(6.221867405071,4.120972909585));
#5814 = CARTESIAN_POINT('',(6.232087408502,4.123353170413));
#5815 = CARTESIAN_POINT('',(6.242307299625,4.12582456051));
#5816 = CARTESIAN_POINT('',(6.252527059265,4.128392914426));
#5817 = CARTESIAN_POINT('',(6.26274666489,4.131064284931));
#5818 = CARTESIAN_POINT('',(6.272966090611,4.133844943017));
#5819 = CARTESIAN_POINT('',(6.28318530718,4.136741377896));
#5820 = ( GEOMETRIC_REPRESENTATION_CONTEXT(2) 
PARAMETRIC_REPRESENTATION_CONTEXT() REPRESENTATION_CONTEXT('2D SPACE',''
  ) );
#5821 = ORIENTED_EDGE('',*,*,#5358,.T.);
#5822 = ORIENTED_EDGE('',*,*,#5823,.T.);
#5823 = EDGE_CURVE('',#5328,#5824,#5826,.T.);
#5824 = VERTEX_POINT('',#5825);
#5825 = CARTESIAN_POINT('',(32.375000000049,4.80072900188E-13,
    59.862499999979));
#5826 = SURFACE_CURVE('',#5827,(#5839,#5846),.PCURVE_S1.);
#5827 = ( BOUNDED_CURVE() B_SPLINE_CURVE(6,(#5828,#5829,#5830,#5831,
    #5832,#5833,#5834,#5835,#5836,#5837,#5838),.UNSPECIFIED.,.F.,.F.) 
B_SPLINE_CURVE_WITH_KNOTS((7,4,7),(0.,0.5,1.),.UNSPECIFIED.) CURVE() 
GEOMETRIC_REPRESENTATION_ITEM() RATIONAL_B_SPLINE_CURVE((1.,1.,1.,1.,1.,
1.,1.,1.,1.,1.,1.)) REPRESENTATION_ITEM('') );
#5828 = CARTESIAN_POINT('',(32.375000000017,3.782514660429E-13,
    58.862499999983));
#5829 = CARTESIAN_POINT('',(32.260676413632,16.94762177742,
    58.94583333332));
#5830 = CARTESIAN_POINT('',(22.060058689575,33.895243554831,
    59.02916666697));
#5831 = CARTESIAN_POINT('',(-0.192206529597,42.586840259584,
    59.112500000992));
#5832 = CARTESIAN_POINT('',(-21.76662815118,33.895243554811,
    59.195833334994));
#5833 = CARTESIAN_POINT('',(-42.98337184877,-3.353133423268E-11,
    59.362500002317));
#5834 = CARTESIAN_POINT('',(-21.76662815113,-33.89524355486,
    59.529166668325));
#5835 = CARTESIAN_POINT('',(-0.192206529541,-42.5868402596,
    59.612500000991));
#5836 = CARTESIAN_POINT('',(22.060058689627,-33.89524355484,
    59.695833333635));
#5837 = CARTESIAN_POINT('',(32.260676413673,-16.94762177741,
    59.779166666654));
#5838 = CARTESIAN_POINT('',(32.375000000048,4.594076652911E-13,
    59.862499999983));
#5839 = PCURVE('',#5371,#5840);
#5840 = DEFINITIONAL_REPRESENTATION('',(#5841),#5845);
#5841 = LINE('',#5842,#5843);
#5842 = CARTESIAN_POINT('',(3.,0.));
#5843 = VECTOR('',#5844,1.);
#5844 = DIRECTION('',(0.,1.));
#5845 = ( GEOMETRIC_REPRESENTATION_CONTEXT(2) 
PARAMETRIC_REPRESENTATION_CONTEXT() REPRESENTATION_CONTEXT('2D SPACE',''
  ) );
#5846 = PCURVE('',#1904,#5847);
#5847 = DEFINITIONAL_REPRESENTATION('',(#5848),#5852);
#5848 = LINE('',#5849,#5850);
#5849 = CARTESIAN_POINT('',(3.,0.));
#5850 = VECTOR('',#5851,1.);
#5851 = DIRECTION('',(0.,1.));
#5852 = ( GEOMETRIC_REPRESENTATION_CONTEXT(2) 
PARAMETRIC_REPRESENTATION_CONTEXT() REPRESENTATION_CONTEXT('2D SPACE',''
  ) );
#5853 = ORIENTED_EDGE('',*,*,#5854,.F.);
#5854 = EDGE_CURVE('',#5404,#5824,#5855,.T.);
#5855 = SURFACE_CURVE('',#5856,(#5859,#5866),.PCURVE_S1.);
#5856 = B_SPLINE_CURVE_WITH_KNOTS('',1,(#5857,#5858),.UNSPECIFIED.,.F.,
  .F.,(2,2),(2.,3.),.PIECEWISE_BEZIER_KNOTS.);
#5857 = CARTESIAN_POINT('',(31.833734122693,8.828068745547E-15,60.175));
#5858 = CARTESIAN_POINT('',(32.375000000048,4.594076652911E-13,
    59.862499999983));
#5859 = PCURVE('',#5371,#5860);
#5860 = DEFINITIONAL_REPRESENTATION('',(#5861),#5865);
#5861 = LINE('',#5862,#5863);
#5862 = CARTESIAN_POINT('',(0.,1.));
#5863 = VECTOR('',#5864,1.);
#5864 = DIRECTION('',(1.,0.));
#5865 = ( GEOMETRIC_REPRESENTATION_CONTEXT(2) 
PARAMETRIC_REPRESENTATION_CONTEXT() REPRESENTATION_CONTEXT('2D SPACE',''
  ) );
#5866 = PCURVE('',#5867,#5890);
#5867 = ( BOUNDED_SURFACE() B_SPLINE_SURFACE(1,6,(
    (#5868,#5869,#5870,#5871,#5872,#5873,#5874,#5875,#5876,#5877,#5878)
    ,(#5879,#5880,#5881,#5882,#5883,#5884,#5885,#5886,#5887,#5888,#5889
)),.UNSPECIFIED.,.F.,.F.,.F.) B_SPLINE_SURFACE_WITH_KNOTS((2,2),(7,4,7),
(2.,3.),(0.,0.5,1.),.UNSPECIFIED.) GEOMETRIC_REPRESENTATION_ITEM() 
RATIONAL_B_SPLINE_SURFACE((
    (1.,1.,1.,1.,1.,1.,1.,1.,1.,1.,1.)
,(1.,1.,1.,1.,1.,1.,1.,1.,1.,1.,1.
  ))) REPRESENTATION_ITEM('') SURFACE() );
#5868 = CARTESIAN_POINT('',(31.833734122699,5.447426645692E-15,60.175));
#5869 = CARTESIAN_POINT('',(31.721321870861,16.664280638556,
    60.258333333339));
#5870 = CARTESIAN_POINT('',(21.691244573147,33.328561277106,
    60.341666667139));
#5871 = CARTESIAN_POINT('',(-0.188993098344,41.874846330398,
    60.425000001488));
#5872 = CARTESIAN_POINT('',(-21.40271979334,33.328561277075,
    60.508333335807));
#5873 = CARTESIAN_POINT('',(-42.26474845178,-5.233959430053E-11,
    60.675000003442));
#5874 = CARTESIAN_POINT('',(-21.40271979328,-33.32856127715,
    60.841666669138));
#5875 = CARTESIAN_POINT('',(-0.188993098261,-41.87484633044,
    60.925000001487));
#5876 = CARTESIAN_POINT('',(21.691244573226,-33.32856127712,
    61.008333333803));
#5877 = CARTESIAN_POINT('',(31.721321870922,-16.66428063855,
    61.091666666672));
#5878 = CARTESIAN_POINT('',(31.833734122745,-7.38581095155E-15,61.175));
#5879 = CARTESIAN_POINT('',(32.375000000049,5.007381350848E-13,
    59.862499999975));
#5880 = CARTESIAN_POINT('',(32.260676413661,16.94762177742,
    59.945833333314));
#5881 = CARTESIAN_POINT('',(22.060058689601,33.895243554829,
    60.029166667122));
#5882 = CARTESIAN_POINT('',(-0.192206529571,42.586840259576,
    60.112500001488));
#5883 = CARTESIAN_POINT('',(-21.76662815115,33.895243554799,
    60.195833335824));
#5884 = CARTESIAN_POINT('',(-42.98337184873,-5.107674203128E-11,
    60.362500003475));
#5885 = CARTESIAN_POINT('',(-21.76662815108,-33.89524355487,
    60.529166669155));
#5886 = CARTESIAN_POINT('',(-0.192206529487,-42.58684025961,
    60.612500001487));
#5887 = CARTESIAN_POINT('',(22.06005868968,-33.89524355484,
    60.695833333786));
#5888 = CARTESIAN_POINT('',(32.260676413723,-16.94762177741,
    60.779166666647));
#5889 = CARTESIAN_POINT('',(32.375000000096,5.728792887335E-13,
    60.862499999975));
#5890 = DEFINITIONAL_REPRESENTATION('',(#5891),#5894);
#5891 = B_SPLINE_CURVE_WITH_KNOTS('',1,(#5892,#5893),.UNSPECIFIED.,.F.,
  .F.,(2,2),(2.122427590718,3.),.PIECEWISE_BEZIER_KNOTS.);
#5892 = CARTESIAN_POINT('',(2.122427590718,0.));
#5893 = CARTESIAN_POINT('',(3.,0.));
#5894 = ( GEOMETRIC_REPRESENTATION_CONTEXT(2) 
PARAMETRIC_REPRESENTATION_CONTEXT() REPRESENTATION_CONTEXT('2D SPACE',''
  ) );
#5895 = ADVANCED_FACE('',(#5896),#5867,.T.);
#5896 = FACE_BOUND('',#5897,.T.);
#5897 = EDGE_LOOP('',(#5898,#6338,#6339,#6370));
#5898 = ORIENTED_EDGE('',*,*,#5899,.F.);
#5899 = EDGE_CURVE('',#5404,#5900,#5902,.T.);
#5900 = VERTEX_POINT('',#5901);
#5901 = CARTESIAN_POINT('',(31.9,2.96038099104E-14,61.136741377927));
#5902 = SURFACE_CURVE('',#5903,(#6046,#6192),.PCURVE_S1.);
#5903 = B_SPLINE_CURVE_WITH_KNOTS('',8,(#5904,#5905,#5906,#5907,#5908,
    #5909,#5910,#5911,#5912,#5913,#5914,#5915,#5916,#5917,#5918,#5919,
    #5920,#5921,#5922,#5923,#5924,#5925,#5926,#5927,#5928,#5929,#5930,
    #5931,#5932,#5933,#5934,#5935,#5936,#5937,#5938,#5939,#5940,#5941,
    #5942,#5943,#5944,#5945,#5946,#5947,#5948,#5949,#5950,#5951,#5952,
    #5953,#5954,#5955,#5956,#5957,#5958,#5959,#5960,#5961,#5962,#5963,
    #5964,#5965,#5966,#5967,#5968,#5969,#5970,#5971,#5972,#5973,#5974,
    #5975,#5976,#5977,#5978,#5979,#5980,#5981,#5982,#5983,#5984,#5985,
    #5986,#5987,#5988,#5989,#5990,#5991,#5992,#5993,#5994,#5995,#5996,
    #5997,#5998,#5999,#6000,#6001,#6002,#6003,#6004,#6005,#6006,#6007,
    #6008,#6009,#6010,#6011,#6012,#6013,#6014,#6015,#6016,#6017,#6018,
    #6019,#6020,#6021,#6022,#6023,#6024,#6025,#6026,#6027,#6028,#6029,
    #6030,#6031,#6032,#6033,#6034,#6035,#6036,#6037,#6038,#6039,#6040,
    #6041,#6042,#6043,#6044,#6045),.UNSPECIFIED.,.F.,.F.,(9,7,7,7,7,7,7,
    7,7,7,7,7,7,7,7,7,7,7,7,7,9),(0.,1.271024530759E-02,
    3.948975338758E-02,6.542750795842E-02,0.136964909083,0.233585484124,
    0.301046436815,0.365994218065,0.44975825018,0.495182899391,
    0.503061726649,0.554358624414,0.576360838367,0.635375149798,
    0.699512291403,0.76833632352,0.852820580728,0.898916901338,
    0.934845472897,0.987088286314,1.),.UNSPECIFIED.);
#5904 = CARTESIAN_POINT('',(31.9,6.039613253961E-14,60.136741377898));
#5905 = CARTESIAN_POINT('',(31.9,0.318419357762,60.137090268628));
#5906 = CARTESIAN_POINT('',(31.89636753621,0.636842890425,
    60.137549191296));
#5907 = CARTESIAN_POINT('',(31.889102461334,0.955221474947,
    60.138112157028));
#5908 = CARTESIAN_POINT('',(31.878205429085,1.273506108925,
    60.138773371408));
#5909 = CARTESIAN_POINT('',(31.863677894181,1.591647910604,
    60.139527234478));
#5910 = CARTESIAN_POINT('',(31.845522112348,1.90959811887,60.14036834074
    ));
#5911 = CARTESIAN_POINT('',(31.823741140321,2.227308093252,
    60.141291479154));
#5912 = CARTESIAN_POINT('',(31.744818136463,3.213511382091,
    60.144398880568));
#5913 = CARTESIAN_POINT('',(31.675221778571,3.881012043905,
    60.146848031622));
#5914 = CARTESIAN_POINT('',(31.589585860484,4.546776520014,
    60.149592138774));
#5915 = CARTESIAN_POINT('',(31.487961796156,5.210353213134,
    60.152588208516));
#5916 = CARTESIAN_POINT('',(31.370416174604,5.871293699421,
    60.155797111738));
#5917 = CARTESIAN_POINT('',(31.237030619326,6.529152719859,
    60.15918349409));
#5918 = CARTESIAN_POINT('',(31.087901647732,7.183488171634,
    60.162715686359));
#5919 = CARTESIAN_POINT('',(30.763558307962,8.463791019544,
    60.169900816027));
#5920 = CARTESIAN_POINT('',(30.589310939788,9.090004723232,
    60.173546468209));
#5921 = CARTESIAN_POINT('',(30.40049972865,9.71210309083,60.177276999827
    ));
#5922 = CARTESIAN_POINT('',(30.197238626284,10.329691318092,
    60.181069985413));
#5923 = CARTESIAN_POINT('',(29.979654225948,10.94237892902,
    60.18490594818));
#5924 = CARTESIAN_POINT('',(29.747885754813,11.549779788616,
    60.188768162634));
#5925 = CARTESIAN_POINT('',(29.502085066352,12.15151211562,
    60.192642457181));
#5926 = CARTESIAN_POINT('',(28.526240340591,14.390126196208,
    60.207203212404));
#5927 = CARTESIAN_POINT('',(27.704521462942,15.987186631623,
    60.217892212584));
#5928 = CARTESIAN_POINT('',(26.780753020316,17.530296920589,
    60.228334545157));
#5929 = CARTESIAN_POINT('',(25.759124625561,19.01187216684,
    60.238417415755));
#5930 = CARTESIAN_POINT('',(24.644444263004,20.424777192571,
    60.248126239153));
#5931 = CARTESIAN_POINT('',(23.442111503736,21.762311785741,
    60.257503977659));
#5932 = CARTESIAN_POINT('',(22.158140469111,23.018232557222,
    60.266617073182));
#5933 = CARTESIAN_POINT('',(18.963846477682,25.765136583532,
    60.28758395758));
#5934 = CARTESIAN_POINT('',(16.99115034312,27.18465875816,
    60.299282289103));
#5935 = CARTESIAN_POINT('',(14.897787904684,28.430838782405,
    60.310804369415));
#5936 = CARTESIAN_POINT('',(12.701706834854,29.491964791456,
    60.322345301268));
#5937 = CARTESIAN_POINT('',(10.421843287808,30.358554594981,
    60.334024818023));
#5938 = CARTESIAN_POINT('',(8.078097113089,31.023365195623,
    60.345872393574));
#5939 = CARTESIAN_POINT('',(5.691307725981,31.481403233858,
    60.357862670394));
#5940 = CARTESIAN_POINT('',(1.602317027157,31.904531675584,
    60.378380732069));
#5941 = CARTESIAN_POINT('',(-8.94712197078E-02,31.976711346992,
    60.386863216111));
#5942 = CARTESIAN_POINT('',(-1.784558559441,31.946326335914,
    60.395376106999));
#5943 = CARTESIAN_POINT('',(-3.475682244797,31.813267107616,
    60.403898262427));
#5944 = CARTESIAN_POINT('',(-5.155642368205,31.578026659199,
    60.412410353403));
#5945 = CARTESIAN_POINT('',(-6.817302475908,31.241678277889,
    60.420899088572));
#5946 = CARTESIAN_POINT('',(-8.453594930575,30.805897096678,
    60.429358929386));
#5947 = CARTESIAN_POINT('',(-11.6017145282,29.760005249149,
    60.445909525807));
#5948 = CARTESIAN_POINT('',(-13.11606676963,29.156940928247,
    60.45400314077));
#5949 = CARTESIAN_POINT('',(-14.59434954122,28.465888426096,
    60.462073059557));
#5950 = CARTESIAN_POINT('',(-16.03060791744,27.689402532753,
    60.470127564652));
#5951 = CARTESIAN_POINT('',(-17.41914593236,26.830490069541,
    60.478179939795));
#5952 = CARTESIAN_POINT('',(-18.75451984837,25.892593481768,
    60.486245264929));
#5953 = CARTESIAN_POINT('',(-20.03154901407,24.879604841435,
    60.494336368751));
#5954 = CARTESIAN_POINT('',(-22.81079252646,22.398254697637,
    60.512934727454));
#5955 = CARTESIAN_POINT('',(-24.27136614545,20.882715742574,
    60.523465028148));
#5956 = CARTESIAN_POINT('',(-25.61638397003,19.258736035968,
    60.534061656337));
#5957 = CARTESIAN_POINT('',(-26.83654445254,17.536697289428,
    60.544722939908));
#5958 = CARTESIAN_POINT('',(-27.92373983909,15.727771196023,
    60.555419996917));
#5959 = CARTESIAN_POINT('',(-28.87099446874,13.843868840813,
    60.566095067637));
#5960 = CARTESIAN_POINT('',(-29.6725353693,11.897676850712,
    60.576681934556));
#5961 = CARTESIAN_POINT('',(-30.67728979142,8.820943679545,
    60.592839812533));
#5962 = CARTESIAN_POINT('',(-30.98647241002,7.724701397168,
    60.598489170751));
#5963 = CARTESIAN_POINT('',(-31.25085802392,6.616157833983,
    60.604103236936));
#5964 = CARTESIAN_POINT('',(-31.46988311333,5.49745220257,
    60.609682600806));
#5965 = CARTESIAN_POINT('',(-31.64310758863,4.370745493035,
    60.615234267063));
#5966 = CARTESIAN_POINT('',(-31.77021276182,3.238219932436,
    60.620774579776));
#5967 = CARTESIAN_POINT('',(-31.85100346191,2.102079181056,
    60.626332547465));
#5968 = CARTESIAN_POINT('',(-31.89138279389,0.76724665868,
    60.632928525403));
#5969 = CARTESIAN_POINT('',(-31.89595599996,0.569901829532,
    60.633905208501));
#5970 = CARTESIAN_POINT('',(-31.89913356421,0.372526321371,
    60.634884151252));
#5971 = CARTESIAN_POINT('',(-31.90091525266,0.175131668349,
    60.635865707185));
#5972 = CARTESIAN_POINT('',(-31.90130094554,-2.227060450708E-02,
    60.636850050308));
#5973 = CARTESIAN_POINT('',(-31.90029063733,-0.21966898129,
    60.637837175108));
#5974 = CARTESIAN_POINT('',(-31.89788443675,-0.417051955214,
    60.638826896549));
#5975 = CARTESIAN_POINT('',(-31.86932962689,-1.899339654724,
    60.646277189217));
#5976 = CARTESIAN_POINT('',(-31.78541432255,-3.18315659151,
    60.652829980757));
#5977 = CARTESIAN_POINT('',(-31.64239464321,-4.462644215973,
    60.659406781916));
#5978 = CARTESIAN_POINT('',(-31.44054185946,-5.734626348419,
    60.665964972288));
#5979 = CARTESIAN_POINT('',(-31.1803275431,-6.995963233334,
    60.672482730943));
#5980 = CARTESIAN_POINT('',(-30.86241909062,-8.24355114401,
    60.678952839553));
#5981 = CARTESIAN_POINT('',(-30.48768375021,-9.474323610934,
    60.685377311519));
#5982 = CARTESIAN_POINT('',(-29.87255898784,-11.2046454397,
    60.694501724648));
#5983 = CARTESIAN_POINT('',(-29.67765938233,-11.72039056305,
    60.697233462978));
#5984 = CARTESIAN_POINT('',(-29.47258653327,-12.23225282939,
    60.699958614335));
#5985 = CARTESIAN_POINT('',(-29.25743100275,-12.73999818658,
    60.702677893645));
#5986 = CARTESIAN_POINT('',(-29.03228971582,-13.24339534854,
    60.705392131119));
#5987 = CARTESIAN_POINT('',(-28.79726595905,-13.74221579874,
    60.708102224822));
#5988 = CARTESIAN_POINT('',(-28.55246937897,-14.23623379379,
    60.710809093249));
#5989 = CARTESIAN_POINT('',(-27.61552138605,-16.03680165032,
    60.720767727447));
#5990 = CARTESIAN_POINT('',(-26.86352999778,-17.31226894785,
    60.728005271055));
#5991 = CARTESIAN_POINT('',(-26.0443014565,-18.54726656238,
    60.735243427473));
#5992 = CARTESIAN_POINT('',(-25.16040033172,-19.7376688814,
    60.742498609478));
#5993 = CARTESIAN_POINT('',(-24.21467184276,-20.87956894181,
    60.749782353688));
#5994 = CARTESIAN_POINT('',(-23.21023324576,-21.9692732601,
    60.757099441277));
#5995 = CARTESIAN_POINT('',(-22.15048088686,-23.00330892813,
    60.76444825961));
#5996 = CARTESIAN_POINT('',(-19.83127091093,-25.03822506611,
    60.779838761019));
#5997 = CARTESIAN_POINT('',(-18.56236361388,-26.02852293954,
    60.787885772657));
#5998 = CARTESIAN_POINT('',(-17.2371338787,-26.9451558844,
    60.795957487422));
#5999 = CARTESIAN_POINT('',(-15.86059822861,-27.78441387778,
    60.804041289258));
#6000 = CARTESIAN_POINT('',(-14.43802064419,-28.54301614142,
    60.81212301704));
#6001 = CARTESIAN_POINT('',(-12.97490260057,-29.2180980285,
    60.820190279464));
#6002 = CARTESIAN_POINT('',(-11.47698935922,-29.80722623984,
    60.828234966103));
#6003 = CARTESIAN_POINT('',(-8.312030657869,-30.8462854066,
    60.844861012443));
#6004 = CARTESIAN_POINT('',(-6.64044311851,-31.28295794015,
    60.853439558508));
#6005 = CARTESIAN_POINT('',(-4.942964989887,-31.61599579419,
    60.861987407616));
#6006 = CARTESIAN_POINT('',(-3.227112243086,-31.84366063834,
    60.870510321099));
#6007 = CARTESIAN_POINT('',(-1.500470528011,-31.96486642036,
    60.879023161177));
#6008 = CARTESIAN_POINT('',(0.229310859375,-31.97915512057,
    60.887547246437));
#6009 = CARTESIAN_POINT('',(1.954519843865,-31.88672182817,
    60.896104908456));
#6010 = CARTESIAN_POINT('',(5.769978399133,-31.44515057099,
    60.915275878135));
#6011 = CARTESIAN_POINT('',(7.854415519773,-31.04233546711,
    60.925916188345));
#6012 = CARTESIAN_POINT('',(9.906142073361,-30.48165336272,
    60.936659860782));
#6013 = CARTESIAN_POINT('',(11.911223362102,-29.76633279665,
    60.947523720147));
#6014 = CARTESIAN_POINT('',(13.856266985417,-28.90098062733,
    60.95849480437));
#6015 = CARTESIAN_POINT('',(15.728400416096,-27.89150099634,
    60.969512756126));
#6016 = CARTESIAN_POINT('',(17.515309992474,-26.74516876978,
    60.980470129805));
#6017 = CARTESIAN_POINT('',(20.12747868994,-24.77555942342,
    60.997127398485));
#6018 = CARTESIAN_POINT('',(21.020845786175,-24.04210493873,
    61.002954422777));
#6019 = CARTESIAN_POINT('',(21.883597609872,-23.27188813749,
    61.008709074556));
#6020 = CARTESIAN_POINT('',(22.713973678892,-22.46640694209,
    61.014371277936));
#6021 = CARTESIAN_POINT('',(23.510307614954,-21.62725297739,
    61.019921744275));
#6022 = CARTESIAN_POINT('',(24.27102571595,-20.75610987033,
    61.025344410598));
#6023 = CARTESIAN_POINT('',(24.994648794448,-19.85475476486,
    61.030629658689));
#6024 = CARTESIAN_POINT('',(26.21381835288,-18.20043916091,
    61.039791300205));
#6025 = CARTESIAN_POINT('',(26.724473604743,-17.45859010794,
    61.043721352346));
#6026 = CARTESIAN_POINT('',(27.211111738626,-16.70040005549,
    61.047568899024));
#6027 = CARTESIAN_POINT('',(27.673124189256,-15.92677793535,
    61.051338185474));
#6028 = CARTESIAN_POINT('',(28.109945163365,-15.13865735688,
    61.055038481318));
#6029 = CARTESIAN_POINT('',(28.521051677587,-14.3369965148,
    61.058685287488));
#6030 = CARTESIAN_POINT('',(28.905963596365,-13.52277809699,
    61.062301543151));
#6031 = CARTESIAN_POINT('',(29.785209525687,-11.49627983022,
    61.071178640387));
#6032 = CARTESIAN_POINT('',(30.249879747038,-10.27110029866,
    61.076440713701));
#6033 = CARTESIAN_POINT('',(30.656901167274,-9.024580075212,
    61.081802345393));
#6034 = CARTESIAN_POINT('',(31.005143715199,-7.759889761043,
    61.087399044286));
#6035 = CARTESIAN_POINT('',(31.293688015919,-6.480257495144,
    61.093413336737));
#6036 = CARTESIAN_POINT('',(31.521822470049,-5.188967704551,
    61.10008089475));
#6037 = CARTESIAN_POINT('',(31.689049811246,-3.889362190608,
    61.107693990668));
#6038 = CARTESIAN_POINT('',(31.821314024566,-2.262434207889,
    61.118803945121));
#6039 = CARTESIAN_POINT('',(31.843788358602,-1.939723739934,
    61.121084727524));
#6040 = CARTESIAN_POINT('',(31.862522089996,-1.616763101599,
    61.123449906432));
#6041 = CARTESIAN_POINT('',(31.877512024403,-1.293603379212,
    61.125904974081));
#6042 = CARTESIAN_POINT('',(31.888755827329,-0.970295791222,
    61.128455634168));
#6043 = CARTESIAN_POINT('',(31.896252024127,-0.646891688205,
    61.13110780185));
#6044 = CARTESIAN_POINT('',(31.9,-0.323442552857,61.133867603743));
#6045 = CARTESIAN_POINT('',(31.9,4.263256414561E-14,61.136741377925));
#6046 = PCURVE('',#5867,#6047);
#6047 = DEFINITIONAL_REPRESENTATION('',(#6048),#6191);
#6048 = B_SPLINE_CURVE_WITH_KNOTS('',8,(#6049,#6050,#6051,#6052,#6053,
    #6054,#6055,#6056,#6057,#6058,#6059,#6060,#6061,#6062,#6063,#6064,
    #6065,#6066,#6067,#6068,#6069,#6070,#6071,#6072,#6073,#6074,#6075,
    #6076,#6077,#6078,#6079,#6080,#6081,#6082,#6083,#6084,#6085,#6086,
    #6087,#6088,#6089,#6090,#6091,#6092,#6093,#6094,#6095,#6096,#6097,
    #6098,#6099,#6100,#6101,#6102,#6103,#6104,#6105,#6106,#6107,#6108,
    #6109,#6110,#6111,#6112,#6113,#6114,#6115,#6116,#6117,#6118,#6119,
    #6120,#6121,#6122,#6123,#6124,#6125,#6126,#6127,#6128,#6129,#6130,
    #6131,#6132,#6133,#6134,#6135,#6136,#6137,#6138,#6139,#6140,#6141,
    #6142,#6143,#6144,#6145,#6146,#6147,#6148,#6149,#6150,#6151,#6152,
    #6153,#6154,#6155,#6156,#6157,#6158,#6159,#6160,#6161,#6162,#6163,
    #6164,#6165,#6166,#6167,#6168,#6169,#6170,#6171,#6172,#6173,#6174,
    #6175,#6176,#6177,#6178,#6179,#6180,#6181,#6182,#6183,#6184,#6185,
    #6186,#6187,#6188,#6189,#6190),.UNSPECIFIED.,.F.,.F.,(9,7,7,7,7,7,7,
    7,7,7,7,7,7,7,7,7,7,7,7,7,9),(0.,1.271024530759E-02,
    3.948975338758E-02,6.542750795842E-02,0.136964909083,0.233585484124,
    0.301046436815,0.365994218065,0.44975825018,0.495182899391,
    0.503061726649,0.554358624414,0.576360838367,0.635375149798,
    0.699512291403,0.76833632352,0.852820580728,0.898916901338,
    0.934845472897,0.987088286314,1.),.UNSPECIFIED.);
#6049 = CARTESIAN_POINT('',(2.122427590717,0.));
#6050 = CARTESIAN_POINT('',(2.126395994819,1.589017012141E-03));
#6051 = CARTESIAN_POINT('',(2.130011581155,3.177810410391E-03));
#6052 = CARTESIAN_POINT('',(2.133293613352,4.766411203393E-03));
#6053 = CARTESIAN_POINT('',(2.136260725387,6.354848093166E-03));
#6054 = CARTESIAN_POINT('',(2.138930921587,7.943147475108E-03));
#6055 = CARTESIAN_POINT('',(2.141321576632,9.531333437989E-03));
#6056 = CARTESIAN_POINT('',(2.143449435553,1.111942776396E-02));
#6057 = CARTESIAN_POINT('',(2.149294111283,1.605329033982E-02));
#6058 = CARTESIAN_POINT('',(2.152162500927,1.939881315458E-02));
#6059 = CARTESIAN_POINT('',(2.154086586964,2.274419718851E-02));
#6060 = CARTESIAN_POINT('',(2.155204405165,2.60895851143E-02));
#6061 = CARTESIAN_POINT('',(2.155641519444,2.943508654269E-02));
#6062 = CARTESIAN_POINT('',(2.155511318531,3.278078110353E-02));
#6063 = CARTESIAN_POINT('',(2.154915312649,3.612672152691E-02));
#6064 = CARTESIAN_POINT('',(2.153002096664,4.271397118491E-02));
#6065 = CARTESIAN_POINT('',(2.151708163233,4.595526916116E-02));
#6066 = CARTESIAN_POINT('',(2.1501435352,4.919685451079E-02));
#6067 = CARTESIAN_POINT('',(2.148380008649,5.243873803969E-02));
#6068 = CARTESIAN_POINT('',(2.146479904777,5.568091833617E-02));
#6069 = CARTESIAN_POINT('',(2.144496704219,5.89233826054E-02));
#6070 = CARTESIAN_POINT('',(2.14247568138,6.216610750372E-02));
#6071 = CARTESIAN_POINT('',(2.134880143732,7.435325716629E-02));
#6072 = CARTESIAN_POINT('',(2.129304453089,8.329985398268E-02));
#6073 = CARTESIAN_POINT('',(2.124520849309,9.22473103307E-02));
#6074 = CARTESIAN_POINT('',(2.120887294825,0.101194695106));
#6075 = CARTESIAN_POINT('',(2.11844890492,0.110141521607));
#6076 = CARTESIAN_POINT('',(2.117067543472,0.119087584604));
#6077 = CARTESIAN_POINT('',(2.116529794197,0.128032633419));
#6078 = CARTESIAN_POINT('',(2.116705776127,0.149054512022));
#6079 = CARTESIAN_POINT('',(2.117924601298,0.161133726318));
#6080 = CARTESIAN_POINT('',(2.119695057925,0.173209074229));
#6081 = CARTESIAN_POINT('',(2.121395789736,0.185281484671));
#6082 = CARTESIAN_POINT('',(2.122651850174,0.197353520208));
#6083 = CARTESIAN_POINT('',(2.123376587307,0.209427576003));
#6084 = CARTESIAN_POINT('',(2.123653746211,0.22150446487));
#6085 = CARTESIAN_POINT('',(2.123618015773,0.242011360593));
#6086 = CARTESIAN_POINT('',(2.123458086573,0.250443866682));
#6087 = CARTESIAN_POINT('',(2.123202867715,0.258877001597));
#6088 = CARTESIAN_POINT('',(2.122919692759,0.267310664774));
#6089 = CARTESIAN_POINT('',(2.122670764192,0.275744965494));
#6090 = CARTESIAN_POINT('',(2.122498719073,0.284179936486));
#6091 = CARTESIAN_POINT('',(2.12242027574,0.292615263683));
#6092 = CARTESIAN_POINT('',(2.122435361069,0.309170574123));
#6093 = CARTESIAN_POINT('',(2.122522519256,0.317291425949));
#6094 = CARTESIAN_POINT('',(2.122684015573,0.325411812267));
#6095 = CARTESIAN_POINT('',(2.122892576907,0.333531492712));
#6096 = CARTESIAN_POINT('',(2.123105950039,0.341650546894));
#6097 = CARTESIAN_POINT('',(2.123276404333,0.349769138933));
#6098 = CARTESIAN_POINT('',(2.123362864683,0.357887261555));
#6099 = CARTESIAN_POINT('',(2.123323504504,0.376473320073));
#6100 = CARTESIAN_POINT('',(2.123128510495,0.386942685072));
#6101 = CARTESIAN_POINT('',(2.122716980066,0.397410709939));
#6102 = CARTESIAN_POINT('',(2.122095663201,0.407877831932));
#6103 = CARTESIAN_POINT('',(2.121360946381,0.418345289885));
#6104 = CARTESIAN_POINT('',(2.120701407788,0.428814254751));
#6105 = CARTESIAN_POINT('',(2.120329723766,0.439284970376));
#6106 = CARTESIAN_POINT('',(2.120299144418,0.45543329226));
#6107 = CARTESIAN_POINT('',(2.120391928561,0.461111645509));
#6108 = CARTESIAN_POINT('',(2.120598477374,0.466790258186));
#6109 = CARTESIAN_POINT('',(2.120916778737,0.472469091221));
#6110 = CARTESIAN_POINT('',(2.121324356372,0.478148125482));
#6111 = CARTESIAN_POINT('',(2.121768795712,0.483827325482));
#6112 = CARTESIAN_POINT('',(2.122157019257,0.489506613024));
#6113 = CARTESIAN_POINT('',(2.122375623521,0.496170904794));
#6114 = CARTESIAN_POINT('',(2.122402412431,0.497155959426));
#6115 = CARTESIAN_POINT('',(2.122421971406,0.498141014356));
#6116 = CARTESIAN_POINT('',(2.122433168333,0.499126069329));
#6117 = CARTESIAN_POINT('',(2.122435445772,0.500111124152));
#6118 = CARTESIAN_POINT('',(2.122428820954,0.501096178696));
#6119 = CARTESIAN_POINT('',(2.12241388578,0.502081232896));
#6120 = CARTESIAN_POINT('',(2.122248056766,0.509479703998));
#6121 = CARTESIAN_POINT('',(2.121802413058,0.515893231883));
#6122 = CARTESIAN_POINT('',(2.121279564427,0.522306642851));
#6123 = CARTESIAN_POINT('',(2.120815515933,0.528719818078));
#6124 = CARTESIAN_POINT('',(2.120479971318,0.535132719054));
#6125 = CARTESIAN_POINT('',(2.120296008461,0.541545339285));
#6126 = CARTESIAN_POINT('',(2.120257047958,0.547957636111));
#6127 = CARTESIAN_POINT('',(2.120377172692,0.557119588249));
#6128 = CARTESIAN_POINT('',(2.120435859755,0.559869666295));
#6129 = CARTESIAN_POINT('',(2.120515401322,0.562619674401));
#6130 = CARTESIAN_POINT('',(2.120613513946,0.565369613916));
#6131 = CARTESIAN_POINT('',(2.120727553041,0.568119488618));
#6132 = CARTESIAN_POINT('',(2.120854660499,0.570869303413));
#6133 = CARTESIAN_POINT('',(2.120991912322,0.573619063046));
#6134 = CARTESIAN_POINT('',(2.121524188559,0.583744033611));
#6135 = CARTESIAN_POINT('',(2.121964514832,0.591119179215));
#6136 = CARTESIAN_POINT('',(2.122401735781,0.598493967217));
#6137 = CARTESIAN_POINT('',(2.122783753512,0.605868529804));
#6138 = CARTESIAN_POINT('',(2.123074641907,0.613243176681));
#6139 = CARTESIAN_POINT('',(2.123260052706,0.620618205192));
#6140 = CARTESIAN_POINT('',(2.123345467232,0.627993715613));
#6141 = CARTESIAN_POINT('',(2.123349278905,0.643385408278));
#6142 = CARTESIAN_POINT('',(2.123252839677,0.651402282716));
#6143 = CARTESIAN_POINT('',(2.123078842265,0.659419623352));
#6144 = CARTESIAN_POINT('',(2.122867615978,0.667437417037));
#6145 = CARTESIAN_POINT('',(2.122664948549,0.675455811314));
#6146 = CARTESIAN_POINT('',(2.122510712224,0.683474874954));
#6147 = CARTESIAN_POINT('',(2.122430120657,0.691494376798));
#6148 = CARTESIAN_POINT('',(2.122424929583,0.708118801074));
#6149 = CARTESIAN_POINT('',(2.122512207085,0.716724621436));
#6150 = CARTESIAN_POINT('',(2.122696440219,0.725330043477));
#6151 = CARTESIAN_POINT('',(2.122958113721,0.733934730009));
#6152 = CARTESIAN_POINT('',(2.123249822548,0.742538729176));
#6153 = CARTESIAN_POINT('',(2.12350378004,0.751142176232));
#6154 = CARTESIAN_POINT('',(2.123648217651,0.759744975085));
#6155 = CARTESIAN_POINT('',(2.123613598589,0.778905126484));
#6156 = CARTESIAN_POINT('',(2.123353170315,0.789464052955));
#6157 = CARTESIAN_POINT('',(2.12275637697,0.800021227568));
#6158 = CARTESIAN_POINT('',(2.12177078122,0.810577088353));
#6159 = CARTESIAN_POINT('',(2.120442328378,0.821133031154));
#6160 = CARTESIAN_POINT('',(2.118968944392,0.831690550501));
#6161 = CARTESIAN_POINT('',(2.117696551173,0.842250301383));
#6162 = CARTESIAN_POINT('',(2.116623230612,0.858572157508));
#6163 = CARTESIAN_POINT('',(2.116416383498,0.864334542118));
#6164 = CARTESIAN_POINT('',(2.116442848412,0.870097464223));
#6165 = CARTESIAN_POINT('',(2.116766877709,0.875860926797));
#6166 = CARTESIAN_POINT('',(2.117450215062,0.881624936095));
#6167 = CARTESIAN_POINT('',(2.118544124374,0.887389449114));
#6168 = CARTESIAN_POINT('',(2.120078942969,0.893154328049));
#6169 = CARTESIAN_POINT('',(2.123588351321,0.903412659732));
#6170 = CARTESIAN_POINT('',(2.12539131981,0.90790613955));
#6171 = CARTESIAN_POINT('',(2.127458357927,0.912399635662));
#6172 = CARTESIAN_POINT('',(2.129775575459,0.916893052612));
#6173 = CARTESIAN_POINT('',(2.132313019183,0.92138629964));
#6174 = CARTESIAN_POINT('',(2.135020793472,0.925879285294));
#6175 = CARTESIAN_POINT('',(2.137825180892,0.930371912044));
#6176 = CARTESIAN_POINT('',(2.144695562988,0.941396003726));
#6177 = CARTESIAN_POINT('',(2.148756452119,0.947927104915));
#6178 = CARTESIAN_POINT('',(2.152494806678,0.954456972425));
#6179 = CARTESIAN_POINT('',(2.155476494757,0.960985448859));
#6180 = CARTESIAN_POINT('',(2.157117706553,0.967512620009));
#6181 = CARTESIAN_POINT('',(2.156665462794,0.974038851858));
#6182 = CARTESIAN_POINT('',(2.153186801066,0.980564865995));
#6183 = CARTESIAN_POINT('',(2.143683331526,0.988704986222));
#6184 = CARTESIAN_POINT('',(2.141547059477,0.990318183611));
#6185 = CARTESIAN_POINT('',(2.139140988602,0.991931465371));
#6186 = CARTESIAN_POINT('',(2.136447614649,0.993544853661));
#6187 = CARTESIAN_POINT('',(2.133448764441,0.995158373059));
#6188 = CARTESIAN_POINT('',(2.130125595876,0.996772050564));
#6189 = CARTESIAN_POINT('',(2.126458597924,0.998385915597));
#6190 = CARTESIAN_POINT('',(2.122427590631,1.));
#6191 = ( GEOMETRIC_REPRESENTATION_CONTEXT(2) 
PARAMETRIC_REPRESENTATION_CONTEXT() REPRESENTATION_CONTEXT('2D SPACE',''
  ) );
#6192 = PCURVE('',#255,#6193);
#6193 = DEFINITIONAL_REPRESENTATION('',(#6194),#6337);
#6194 = B_SPLINE_CURVE_WITH_KNOTS('',8,(#6195,#6196,#6197,#6198,#6199,
    #6200,#6201,#6202,#6203,#6204,#6205,#6206,#6207,#6208,#6209,#6210,
    #6211,#6212,#6213,#6214,#6215,#6216,#6217,#6218,#6219,#6220,#6221,
    #6222,#6223,#6224,#6225,#6226,#6227,#6228,#6229,#6230,#6231,#6232,
    #6233,#6234,#6235,#6236,#6237,#6238,#6239,#6240,#6241,#6242,#6243,
    #6244,#6245,#6246,#6247,#6248,#6249,#6250,#6251,#6252,#6253,#6254,
    #6255,#6256,#6257,#6258,#6259,#6260,#6261,#6262,#6263,#6264,#6265,
    #6266,#6267,#6268,#6269,#6270,#6271,#6272,#6273,#6274,#6275,#6276,
    #6277,#6278,#6279,#6280,#6281,#6282,#6283,#6284,#6285,#6286,#6287,
    #6288,#6289,#6290,#6291,#6292,#6293,#6294,#6295,#6296,#6297,#6298,
    #6299,#6300,#6301,#6302,#6303,#6304,#6305,#6306,#6307,#6308,#6309,
    #6310,#6311,#6312,#6313,#6314,#6315,#6316,#6317,#6318,#6319,#6320,
    #6321,#6322,#6323,#6324,#6325,#6326,#6327,#6328,#6329,#6330,#6331,
    #6332,#6333,#6334,#6335,#6336),.UNSPECIFIED.,.F.,.F.,(9,7,7,7,7,7,7,
    7,7,7,7,7,7,7,7,7,7,7,7,7,9),(0.,1.271024530759E-02,
    3.948975338758E-02,6.542750795842E-02,0.136964909083,0.233585484124,
    0.301046436815,0.365994218065,0.44975825018,0.495182899391,
    0.503061726649,0.554358624414,0.576360838367,0.635375149798,
    0.699512291403,0.76833632352,0.852820580728,0.898916901338,
    0.934845472897,0.987088286314,1.),.UNSPECIFIED.);
#6195 = CARTESIAN_POINT('',(0.,4.136741377898));
#6196 = CARTESIAN_POINT('',(9.981798048963E-03,4.137090268628));
#6197 = CARTESIAN_POINT('',(1.996372646145E-02,4.137549191296));
#6198 = CARTESIAN_POINT('',(2.994576187966E-02,4.138112157028));
#6199 = CARTESIAN_POINT('',(3.992788382486E-02,4.138773371408));
#6200 = CARTESIAN_POINT('',(4.99100746974E-02,4.139527234478));
#6201 = CARTESIAN_POINT('',(5.98923197767E-02,4.14036834074));
#6202 = CARTESIAN_POINT('',(6.987460722124E-02,4.141291479154));
#6203 = CARTESIAN_POINT('',(0.100888909381,4.144398880568));
#6204 = CARTESIAN_POINT('',(0.12192104939,4.146848031622));
#6205 = CARTESIAN_POINT('',(0.142953223859,4.149592138774));
#6206 = CARTESIAN_POINT('',(0.163985369593,4.152588208516));
#6207 = CARTESIAN_POINT('',(0.185017464364,4.155797111738));
#6208 = CARTESIAN_POINT('',(0.206049506838,4.15918349409));
#6209 = CARTESIAN_POINT('',(0.227081496504,4.162715686359));
#6210 = CARTESIAN_POINT('',(0.268484239755,4.169900816027));
#6211 = CARTESIAN_POINT('',(0.288855034146,4.173546468209));
#6212 = CARTESIAN_POINT('',(0.309225769598,4.177276999827));
#6213 = CARTESIAN_POINT('',(0.329596452485,4.181069985413));
#6214 = CARTESIAN_POINT('',(0.349967106166,4.18490594818));
#6215 = CARTESIAN_POINT('',(0.370337754421,4.188768162634));
#6216 = CARTESIAN_POINT('',(0.390708404887,4.192642457181));
#6217 = CARTESIAN_POINT('',(0.467262066942,4.207203212404));
#6218 = CARTESIAN_POINT('',(0.523449133618,4.217892212584));
#6219 = CARTESIAN_POINT('',(0.579634439211,4.228334545157));
#6220 = CARTESIAN_POINT('',(0.635817943025,4.238417415755));
#6221 = CARTESIAN_POINT('',(0.692001643391,4.248126239153));
#6222 = CARTESIAN_POINT('',(0.748187508755,4.257503977659));
#6223 = CARTESIAN_POINT('',(0.804375395917,4.266617073182));
#6224 = CARTESIAN_POINT('',(0.936442973104,4.28758395758));
#6225 = CARTESIAN_POINT('',(1.012344542694,4.299282289103));
#6226 = CARTESIAN_POINT('',(1.088237057045,4.310804369415));
#6227 = CARTESIAN_POINT('',(1.164121448132,4.322345301268));
#6228 = CARTESIAN_POINT('',(1.240005810766,4.334024818023));
#6229 = CARTESIAN_POINT('',(1.315898252128,4.345872393574));
#6230 = CARTESIAN_POINT('',(1.391799751983,4.357862670394));
#6231 = CARTESIAN_POINT('',(1.520665741094,4.378380732069));
#6232 = CARTESIAN_POINT('',(1.573651035227,4.386863216111));
#6233 = CARTESIAN_POINT('',(1.62663500833,4.395376106999));
#6234 = CARTESIAN_POINT('',(1.679617332204,4.403898262427));
#6235 = CARTESIAN_POINT('',(1.73259965616,4.412410353403));
#6236 = CARTESIAN_POINT('',(1.785583631175,4.420899088572));
#6237 = CARTESIAN_POINT('',(1.838568933142,4.429358929386));
#6238 = CARTESIAN_POINT('',(1.942559847532,4.445909525807));
#6239 = CARTESIAN_POINT('',(1.993570880163,4.45400314077));
#6240 = CARTESIAN_POINT('',(2.044580832308,4.462073059557));
#6241 = CARTESIAN_POINT('',(2.095589425699,4.470127564652));
#6242 = CARTESIAN_POINT('',(2.146598018838,4.478179939795));
#6243 = CARTESIAN_POINT('',(2.197607970909,4.486245264929));
#6244 = CARTESIAN_POINT('',(2.248619005325,4.494336368751));
#6245 = CARTESIAN_POINT('',(2.36541401262,4.512934727454));
#6246 = CARTESIAN_POINT('',(2.431209187636,4.523465028148));
#6247 = CARTESIAN_POINT('',(2.497000026961,4.534061656337));
#6248 = CARTESIAN_POINT('',(2.562786616949,4.544722939908));
#6249 = CARTESIAN_POINT('',(2.628573195198,4.555419996917));
#6250 = CARTESIAN_POINT('',(2.694364008414,4.566095067637));
#6251 = CARTESIAN_POINT('',(2.76015916433,4.576681934556));
#6252 = CARTESIAN_POINT('',(2.861621136276,4.592839812533));
#6253 = CARTESIAN_POINT('',(2.897297098951,4.598489170751));
#6254 = CARTESIAN_POINT('',(2.932972890144,4.604103236936));
#6255 = CARTESIAN_POINT('',(2.968648459815,4.609682600806));
#6256 = CARTESIAN_POINT('',(3.004324035597,4.615234267063));
#6257 = CARTESIAN_POINT('',(3.039999844358,4.620774579776));
#6258 = CARTESIAN_POINT('',(3.075675833252,4.626332547465));
#6259 = CARTESIAN_POINT('',(3.117539254253,4.632928525403));
#6260 = CARTESIAN_POINT('',(3.123727118635,4.633905208501));
#6261 = CARTESIAN_POINT('',(3.129914982514,4.634884151252));
#6262 = CARTESIAN_POINT('',(3.136102845301,4.635865707185));
#6263 = CARTESIAN_POINT('',(3.142290706708,4.636850050308));
#6264 = CARTESIAN_POINT('',(3.148478566757,4.637837175108));
#6265 = CARTESIAN_POINT('',(3.154666425771,4.638826896549));
#6266 = CARTESIAN_POINT('',(3.201141745963,4.646277189217));
#6267 = CARTESIAN_POINT('',(3.241429986559,4.652829980757));
#6268 = CARTESIAN_POINT('',(3.281717882341,4.659406781916));
#6269 = CARTESIAN_POINT('',(3.32200534076,4.665964972288));
#6270 = CARTESIAN_POINT('',(3.362292788446,4.672482730943));
#6271 = CARTESIAN_POINT('',(3.402580661648,4.678952839553));
#6272 = CARTESIAN_POINT('',(3.442868899229,4.685377311519));
#6273 = CARTESIAN_POINT('',(3.50043652903,4.694501724648));
#6274 = CARTESIAN_POINT('',(3.517716633169,4.697233462978));
#6275 = CARTESIAN_POINT('',(3.534996734335,4.699958614335));
#6276 = CARTESIAN_POINT('',(3.552276831048,4.702677893645));
#6277 = CARTESIAN_POINT('',(3.569556929227,4.705392131119));
#6278 = CARTESIAN_POINT('',(3.586837034782,4.708102224822));
#6279 = CARTESIAN_POINT('',(3.604117146208,4.710809093249));
#6280 = CARTESIAN_POINT('',(3.667745912895,4.720767727447));
#6281 = CARTESIAN_POINT('',(3.714096110365,4.728005271055));
#6282 = CARTESIAN_POINT('',(3.76044562858,4.735243427473));
#6283 = CARTESIAN_POINT('',(3.80679429351,4.742498609478));
#6284 = CARTESIAN_POINT('',(3.853142950561,4.749782353688));
#6285 = CARTESIAN_POINT('',(3.89949244667,4.757099441277));
#6286 = CARTESIAN_POINT('',(3.945842612012,4.76444825961));
#6287 = CARTESIAN_POINT('',(4.042563236383,4.779838761019));
#6288 = CARTESIAN_POINT('',(4.092937532003,4.787885772657));
#6289 = CARTESIAN_POINT('',(4.143310797476,4.795957487422));
#6290 = CARTESIAN_POINT('',(4.19368277797,4.804041289258));
#6291 = CARTESIAN_POINT('',(4.244054758475,4.81212301704));
#6292 = CARTESIAN_POINT('',(4.294428025437,4.820190279464));
#6293 = CARTESIAN_POINT('',(4.344802326114,4.828234966103));
#6294 = CARTESIAN_POINT('',(4.449227313144,4.844861012443));
#6295 = CARTESIAN_POINT('',(4.503283578736,4.853439558508));
#6296 = CARTESIAN_POINT('',(4.557338403269,4.861987407616));
#6297 = CARTESIAN_POINT('',(4.611391419825,4.870510321099));
#6298 = CARTESIAN_POINT('',(4.665444440924,4.879023161177));
#6299 = CARTESIAN_POINT('',(4.719499279671,4.887547246437));
#6300 = CARTESIAN_POINT('',(4.773555564827,4.896104908456));
#6301 = CARTESIAN_POINT('',(4.893960754815,4.915275878135));
#6302 = CARTESIAN_POINT('',(4.960322072581,4.925916188345));
#6303 = CARTESIAN_POINT('',(5.026678849932,4.936659860782));
#6304 = CARTESIAN_POINT('',(5.093031184585,4.947523720147));
#6305 = CARTESIAN_POINT('',(5.159383480725,4.95849480437));
#6306 = CARTESIAN_POINT('',(5.225740160793,4.969512756126));
#6307 = CARTESIAN_POINT('',(5.292101370285,4.980470129805));
#6308 = CARTESIAN_POINT('',(5.394656583908,4.997127398485));
#6309 = CARTESIAN_POINT('',(5.430860112945,5.002954422777));
#6310 = CARTESIAN_POINT('',(5.46706346781,5.008709074556));
#6311 = CARTESIAN_POINT('',(5.503266607767,5.014371277936));
#6312 = CARTESIAN_POINT('',(5.53946978448,5.019921744275));
#6313 = CARTESIAN_POINT('',(5.575673243075,5.025344410598));
#6314 = CARTESIAN_POINT('',(5.611876922731,5.030629658689));
#6315 = CARTESIAN_POINT('',(5.676297820831,5.039791300205));
#6316 = CARTESIAN_POINT('',(5.704515621889,5.043721352346));
#6317 = CARTESIAN_POINT('',(5.73273337138,5.047568899024));
#6318 = CARTESIAN_POINT('',(5.760951051353,5.051338185474));
#6319 = CARTESIAN_POINT('',(5.789168729917,5.055038481318));
#6320 = CARTESIAN_POINT('',(5.817386476643,5.058685287488));
#6321 = CARTESIAN_POINT('',(5.845604277956,5.062301543151));
#6322 = CARTESIAN_POINT('',(5.914852548631,5.071178640387));
#6323 = CARTESIAN_POINT('',(5.955883856056,5.076440713701));
#6324 = CARTESIAN_POINT('',(5.996914852496,5.081802345393));
#6325 = CARTESIAN_POINT('',(6.037945488158,5.087399044286));
#6326 = CARTESIAN_POINT('',(6.078976146577,5.093413336737));
#6327 = CARTESIAN_POINT('',(6.120007088443,5.100080894749));
#6328 = CARTESIAN_POINT('',(6.161037878454,5.107693990668));
#6329 = CARTESIAN_POINT('',(6.212207015269,5.118803945121));
#6330 = CARTESIAN_POINT('',(6.222347152083,5.121084727524));
#6331 = CARTESIAN_POINT('',(6.232487193292,5.123449906432));
#6332 = CARTESIAN_POINT('',(6.242627123328,5.125904974081));
#6333 = CARTESIAN_POINT('',(6.252766923388,5.128455634168));
#6334 = CARTESIAN_POINT('',(6.262906571435,5.13110780185));
#6335 = CARTESIAN_POINT('',(6.2730460422,5.133867603743));
#6336 = CARTESIAN_POINT('',(6.28318530718,5.136741377925));
#6337 = ( GEOMETRIC_REPRESENTATION_CONTEXT(2) 
PARAMETRIC_REPRESENTATION_CONTEXT() REPRESENTATION_CONTEXT('2D SPACE',''
  ) );
#6338 = ORIENTED_EDGE('',*,*,#5854,.T.);
#6339 = ORIENTED_EDGE('',*,*,#6340,.T.);
#6340 = EDGE_CURVE('',#5824,#6341,#6343,.T.);
#6341 = VERTEX_POINT('',#6342);
#6342 = CARTESIAN_POINT('',(32.375000000097,6.113823534223E-13,
    60.862499999967));
#6343 = SURFACE_CURVE('',#6344,(#6356,#6363),.PCURVE_S1.);
#6344 = ( BOUNDED_CURVE() B_SPLINE_CURVE(6,(#6345,#6346,#6347,#6348,
    #6349,#6350,#6351,#6352,#6353,#6354,#6355),.UNSPECIFIED.,.F.,.F.) 
B_SPLINE_CURVE_WITH_KNOTS((7,4,7),(0.,0.5,1.),.UNSPECIFIED.) CURVE() 
GEOMETRIC_REPRESENTATION_ITEM() RATIONAL_B_SPLINE_CURVE((1.,1.,1.,1.,1.,
1.,1.,1.,1.,1.,1.)) REPRESENTATION_ITEM('') );
#6345 = CARTESIAN_POINT('',(32.375000000049,5.007381350848E-13,
    59.862499999975));
#6346 = CARTESIAN_POINT('',(32.260676413661,16.94762177742,
    59.945833333314));
#6347 = CARTESIAN_POINT('',(22.060058689601,33.895243554829,
    60.029166667122));
#6348 = CARTESIAN_POINT('',(-0.192206529571,42.586840259576,
    60.112500001488));
#6349 = CARTESIAN_POINT('',(-21.76662815115,33.895243554799,
    60.195833335824));
#6350 = CARTESIAN_POINT('',(-42.98337184873,-5.107674203128E-11,
    60.362500003475));
#6351 = CARTESIAN_POINT('',(-21.76662815108,-33.89524355487,
    60.529166669155));
#6352 = CARTESIAN_POINT('',(-0.192206529487,-42.58684025961,
    60.612500001487));
#6353 = CARTESIAN_POINT('',(22.06005868968,-33.89524355484,
    60.695833333786));
#6354 = CARTESIAN_POINT('',(32.260676413723,-16.94762177741,
    60.779166666647));
#6355 = CARTESIAN_POINT('',(32.375000000096,5.728792887335E-13,
    60.862499999975));
#6356 = PCURVE('',#5867,#6357);
#6357 = DEFINITIONAL_REPRESENTATION('',(#6358),#6362);
#6358 = LINE('',#6359,#6360);
#6359 = CARTESIAN_POINT('',(3.,0.));
#6360 = VECTOR('',#6361,1.);
#6361 = DIRECTION('',(0.,1.));
#6362 = ( GEOMETRIC_REPRESENTATION_CONTEXT(2) 
PARAMETRIC_REPRESENTATION_CONTEXT() REPRESENTATION_CONTEXT('2D SPACE',''
  ) );
#6363 = PCURVE('',#1380,#6364);
#6364 = DEFINITIONAL_REPRESENTATION('',(#6365),#6369);
#6365 = LINE('',#6366,#6367);
#6366 = CARTESIAN_POINT('',(3.,0.));
#6367 = VECTOR('',#6368,1.);
#6368 = DIRECTION('',(0.,1.));
#6369 = ( GEOMETRIC_REPRESENTATION_CONTEXT(2) 
PARAMETRIC_REPRESENTATION_CONTEXT() REPRESENTATION_CONTEXT('2D SPACE',''
  ) );
#6370 = ORIENTED_EDGE('',*,*,#6371,.F.);
#6371 = EDGE_CURVE('',#5900,#6341,#6372,.T.);
#6372 = SURFACE_CURVE('',#6373,(#6376,#6383),.PCURVE_S1.);
#6373 = B_SPLINE_CURVE_WITH_KNOTS('',1,(#6374,#6375),.UNSPECIFIED.,.F.,
  .F.,(2,2),(2.,3.),.PIECEWISE_BEZIER_KNOTS.);
#6374 = CARTESIAN_POINT('',(31.833734122745,-7.38581095155E-15,61.175));
#6375 = CARTESIAN_POINT('',(32.375000000096,5.728792887335E-13,
    60.862499999975));
#6376 = PCURVE('',#5867,#6377);
#6377 = DEFINITIONAL_REPRESENTATION('',(#6378),#6382);
#6378 = LINE('',#6379,#6380);
#6379 = CARTESIAN_POINT('',(0.,1.));
#6380 = VECTOR('',#6381,1.);
#6381 = DIRECTION('',(1.,0.));
#6382 = ( GEOMETRIC_REPRESENTATION_CONTEXT(2) 
PARAMETRIC_REPRESENTATION_CONTEXT() REPRESENTATION_CONTEXT('2D SPACE',''
  ) );
#6383 = PCURVE('',#458,#6384);
#6384 = DEFINITIONAL_REPRESENTATION('',(#6385),#6388);
#6385 = B_SPLINE_CURVE_WITH_KNOTS('',1,(#6386,#6387),.UNSPECIFIED.,.F.,
  .F.,(2,2),(2.122427590615,3.),.PIECEWISE_BEZIER_KNOTS.);
#6386 = CARTESIAN_POINT('',(2.122427590615,0.));
#6387 = CARTESIAN_POINT('',(3.,0.));
#6388 = ( GEOMETRIC_REPRESENTATION_CONTEXT(2) 
PARAMETRIC_REPRESENTATION_CONTEXT() REPRESENTATION_CONTEXT('2D SPACE',''
  ) );
#6389 = ADVANCED_FACE('',(#6390),#3284,.T.);
#6390 = FACE_BOUND('',#6391,.T.);
#6391 = EDGE_LOOP('',(#6392,#6393,#6416,#6443,#6444,#6445,#6446,#6447));
#6392 = ORIENTED_EDGE('',*,*,#3020,.F.);
#6393 = ORIENTED_EDGE('',*,*,#6394,.F.);
#6394 = EDGE_CURVE('',#6395,#2983,#6397,.T.);
#6395 = VERTEX_POINT('',#6396);
#6396 = CARTESIAN_POINT('',(31.9,-7.81324657856E-15,56.));
#6397 = SEAM_CURVE('',#6398,(#6402,#6409),.PCURVE_S1.);
#6398 = LINE('',#6399,#6400);
#6399 = CARTESIAN_POINT('',(31.9,-7.81324657856E-15,56.));
#6400 = VECTOR('',#6401,1.);
#6401 = DIRECTION('',(0.,0.,1.));
#6402 = PCURVE('',#3284,#6403);
#6403 = DEFINITIONAL_REPRESENTATION('',(#6404),#6408);
#6404 = LINE('',#6405,#6406);
#6405 = CARTESIAN_POINT('',(0.,-0.));
#6406 = VECTOR('',#6407,1.);
#6407 = DIRECTION('',(0.,1.));
#6408 = ( GEOMETRIC_REPRESENTATION_CONTEXT(2) 
PARAMETRIC_REPRESENTATION_CONTEXT() REPRESENTATION_CONTEXT('2D SPACE',''
  ) );
#6409 = PCURVE('',#3284,#6410);
#6410 = DEFINITIONAL_REPRESENTATION('',(#6411),#6415);
#6411 = LINE('',#6412,#6413);
#6412 = CARTESIAN_POINT('',(6.28318530718,-0.));
#6413 = VECTOR('',#6414,1.);
#6414 = DIRECTION('',(0.,1.));
#6415 = ( GEOMETRIC_REPRESENTATION_CONTEXT(2) 
PARAMETRIC_REPRESENTATION_CONTEXT() REPRESENTATION_CONTEXT('2D SPACE',''
  ) );
#6416 = ORIENTED_EDGE('',*,*,#6417,.T.);
#6417 = EDGE_CURVE('',#6395,#6395,#6418,.T.);
#6418 = SURFACE_CURVE('',#6419,(#6424,#6431),.PCURVE_S1.);
#6419 = CIRCLE('',#6420,31.9);
#6420 = AXIS2_PLACEMENT_3D('',#6421,#6422,#6423);
#6421 = CARTESIAN_POINT('',(0.,0.,56.));
#6422 = DIRECTION('',(0.,0.,1.));
#6423 = DIRECTION('',(1.,0.,-0.));
#6424 = PCURVE('',#3284,#6425);
#6425 = DEFINITIONAL_REPRESENTATION('',(#6426),#6430);
#6426 = LINE('',#6427,#6428);
#6427 = CARTESIAN_POINT('',(0.,0.));
#6428 = VECTOR('',#6429,1.);
#6429 = DIRECTION('',(1.,0.));
#6430 = ( GEOMETRIC_REPRESENTATION_CONTEXT(2) 
PARAMETRIC_REPRESENTATION_CONTEXT() REPRESENTATION_CONTEXT('2D SPACE',''
  ) );
#6431 = PCURVE('',#6432,#6437);
#6432 = PLANE('',#6433);
#6433 = AXIS2_PLACEMENT_3D('',#6434,#6435,#6436);
#6434 = CARTESIAN_POINT('',(0.,0.,56.));
#6435 = DIRECTION('',(0.,0.,1.));
#6436 = DIRECTION('',(1.,0.,-0.));
#6437 = DEFINITIONAL_REPRESENTATION('',(#6438),#6442);
#6438 = CIRCLE('',#6439,31.9);
#6439 = AXIS2_PLACEMENT_2D('',#6440,#6441);
#6440 = CARTESIAN_POINT('',(0.,0.));
#6441 = DIRECTION('',(1.,0.));
#6442 = ( GEOMETRIC_REPRESENTATION_CONTEXT(2) 
PARAMETRIC_REPRESENTATION_CONTEXT() REPRESENTATION_CONTEXT('2D SPACE',''
  ) );
#6443 = ORIENTED_EDGE('',*,*,#6394,.T.);
#6444 = ORIENTED_EDGE('',*,*,#3471,.T.);
#6445 = ORIENTED_EDGE('',*,*,#3895,.T.);
#6446 = ORIENTED_EDGE('',*,*,#3925,.F.);
#6447 = ORIENTED_EDGE('',*,*,#6448,.T.);
#6448 = EDGE_CURVE('',#3926,#2459,#6449,.T.);
#6449 = SURFACE_CURVE('',#6450,(#6454,#6461),.PCURVE_S1.);
#6450 = LINE('',#6451,#6452);
#6451 = CARTESIAN_POINT('',(31.9,-7.81324657856E-15,56.));
#6452 = VECTOR('',#6453,1.);
#6453 = DIRECTION('',(0.,0.,1.));
#6454 = PCURVE('',#3284,#6455);
#6455 = DEFINITIONAL_REPRESENTATION('',(#6456),#6460);
#6456 = LINE('',#6457,#6458);
#6457 = CARTESIAN_POINT('',(6.28318530718,-0.));
#6458 = VECTOR('',#6459,1.);
#6459 = DIRECTION('',(0.,1.));
#6460 = ( GEOMETRIC_REPRESENTATION_CONTEXT(2) 
PARAMETRIC_REPRESENTATION_CONTEXT() REPRESENTATION_CONTEXT('2D SPACE',''
  ) );
#6461 = PCURVE('',#2780,#6462);
#6462 = DEFINITIONAL_REPRESENTATION('',(#6463),#6467);
#6463 = LINE('',#6464,#6465);
#6464 = CARTESIAN_POINT('',(0.,-0.));
#6465 = VECTOR('',#6466,1.);
#6466 = DIRECTION('',(0.,1.));
#6467 = ( GEOMETRIC_REPRESENTATION_CONTEXT(2) 
PARAMETRIC_REPRESENTATION_CONTEXT() REPRESENTATION_CONTEXT('2D SPACE',''
  ) );
#6468 = ADVANCED_FACE('',(#6469,#6472),#6432,.F.);
#6469 = FACE_BOUND('',#6470,.F.);
#6470 = EDGE_LOOP('',(#6471));
#6471 = ORIENTED_EDGE('',*,*,#6417,.T.);
#6472 = FACE_BOUND('',#6473,.F.);
#6473 = EDGE_LOOP('',(#6474));
#6474 = ORIENTED_EDGE('',*,*,#6475,.F.);
#6475 = EDGE_CURVE('',#6476,#6476,#6478,.T.);
#6476 = VERTEX_POINT('',#6477);
#6477 = CARTESIAN_POINT('',(29.5,-7.225416114969E-15,56.));
#6478 = SURFACE_CURVE('',#6479,(#6484,#6491),.PCURVE_S1.);
#6479 = CIRCLE('',#6480,29.5);
#6480 = AXIS2_PLACEMENT_3D('',#6481,#6482,#6483);
#6481 = CARTESIAN_POINT('',(0.,0.,56.));
#6482 = DIRECTION('',(0.,0.,1.));
#6483 = DIRECTION('',(1.,0.,-0.));
#6484 = PCURVE('',#6432,#6485);
#6485 = DEFINITIONAL_REPRESENTATION('',(#6486),#6490);
#6486 = CIRCLE('',#6487,29.5);
#6487 = AXIS2_PLACEMENT_2D('',#6488,#6489);
#6488 = CARTESIAN_POINT('',(0.,0.));
#6489 = DIRECTION('',(1.,0.));
#6490 = ( GEOMETRIC_REPRESENTATION_CONTEXT(2) 
PARAMETRIC_REPRESENTATION_CONTEXT() REPRESENTATION_CONTEXT('2D SPACE',''
  ) );
#6491 = PCURVE('',#6492,#6497);
#6492 = CYLINDRICAL_SURFACE('',#6493,29.5);
#6493 = AXIS2_PLACEMENT_3D('',#6494,#6495,#6496);
#6494 = CARTESIAN_POINT('',(0.,0.,60.5));
#6495 = DIRECTION('',(0.,0.,1.));
#6496 = DIRECTION('',(1.,0.,-0.));
#6497 = DEFINITIONAL_REPRESENTATION('',(#6498),#6502);
#6498 = LINE('',#6499,#6500);
#6499 = CARTESIAN_POINT('',(0.,-4.5));
#6500 = VECTOR('',#6501,1.);
#6501 = DIRECTION('',(1.,0.));
#6502 = ( GEOMETRIC_REPRESENTATION_CONTEXT(2) 
PARAMETRIC_REPRESENTATION_CONTEXT() REPRESENTATION_CONTEXT('2D SPACE',''
  ) );
#6503 = ADVANCED_FACE('',(#6504),#6492,.F.);
#6504 = FACE_BOUND('',#6505,.F.);
#6505 = EDGE_LOOP('',(#6506,#6530,#6551,#6552));
#6506 = ORIENTED_EDGE('',*,*,#6507,.F.);
#6507 = EDGE_CURVE('',#6508,#6508,#6510,.T.);
#6508 = VERTEX_POINT('',#6509);
#6509 = CARTESIAN_POINT('',(29.5,-7.225416114969E-15,64.));
#6510 = SURFACE_CURVE('',#6511,(#6516,#6523),.PCURVE_S1.);
#6511 = CIRCLE('',#6512,29.5);
#6512 = AXIS2_PLACEMENT_3D('',#6513,#6514,#6515);
#6513 = CARTESIAN_POINT('',(0.,0.,64.));
#6514 = DIRECTION('',(0.,0.,1.));
#6515 = DIRECTION('',(1.,0.,-0.));
#6516 = PCURVE('',#6492,#6517);
#6517 = DEFINITIONAL_REPRESENTATION('',(#6518),#6522);
#6518 = LINE('',#6519,#6520);
#6519 = CARTESIAN_POINT('',(0.,3.5));
#6520 = VECTOR('',#6521,1.);
#6521 = DIRECTION('',(1.,0.));
#6522 = ( GEOMETRIC_REPRESENTATION_CONTEXT(2) 
PARAMETRIC_REPRESENTATION_CONTEXT() REPRESENTATION_CONTEXT('2D SPACE',''
  ) );
#6523 = PCURVE('',#43,#6524);
#6524 = DEFINITIONAL_REPRESENTATION('',(#6525),#6529);
#6525 = CIRCLE('',#6526,29.5);
#6526 = AXIS2_PLACEMENT_2D('',#6527,#6528);
#6527 = CARTESIAN_POINT('',(0.,0.));
#6528 = DIRECTION('',(1.,0.));
#6529 = ( GEOMETRIC_REPRESENTATION_CONTEXT(2) 
PARAMETRIC_REPRESENTATION_CONTEXT() REPRESENTATION_CONTEXT('2D SPACE',''
  ) );
#6530 = ORIENTED_EDGE('',*,*,#6531,.F.);
#6531 = EDGE_CURVE('',#6476,#6508,#6532,.T.);
#6532 = SEAM_CURVE('',#6533,(#6537,#6544),.PCURVE_S1.);
#6533 = LINE('',#6534,#6535);
#6534 = CARTESIAN_POINT('',(29.5,-7.225416114969E-15,56.));
#6535 = VECTOR('',#6536,1.);
#6536 = DIRECTION('',(0.,0.,1.));
#6537 = PCURVE('',#6492,#6538);
#6538 = DEFINITIONAL_REPRESENTATION('',(#6539),#6543);
#6539 = LINE('',#6540,#6541);
#6540 = CARTESIAN_POINT('',(0.,-4.5));
#6541 = VECTOR('',#6542,1.);
#6542 = DIRECTION('',(0.,1.));
#6543 = ( GEOMETRIC_REPRESENTATION_CONTEXT(2) 
PARAMETRIC_REPRESENTATION_CONTEXT() REPRESENTATION_CONTEXT('2D SPACE',''
  ) );
#6544 = PCURVE('',#6492,#6545);
#6545 = DEFINITIONAL_REPRESENTATION('',(#6546),#6550);
#6546 = LINE('',#6547,#6548);
#6547 = CARTESIAN_POINT('',(6.28318530718,-4.5));
#6548 = VECTOR('',#6549,1.);
#6549 = DIRECTION('',(0.,1.));
#6550 = ( GEOMETRIC_REPRESENTATION_CONTEXT(2) 
PARAMETRIC_REPRESENTATION_CONTEXT() REPRESENTATION_CONTEXT('2D SPACE',''
  ) );
#6551 = ORIENTED_EDGE('',*,*,#6475,.T.);
#6552 = ORIENTED_EDGE('',*,*,#6531,.T.);
#6553 = ADVANCED_FACE('',(#6554),#2952,.T.);
#6554 = FACE_BOUND('',#6555,.T.);
#6555 = EDGE_LOOP('',(#6556,#6557,#6558,#6577));
#6556 = ORIENTED_EDGE('',*,*,#3875,.T.);
#6557 = ORIENTED_EDGE('',*,*,#2928,.T.);
#6558 = ORIENTED_EDGE('',*,*,#6559,.F.);
#6559 = EDGE_CURVE('',#4790,#2405,#6560,.T.);
#6560 = SURFACE_CURVE('',#6561,(#6564,#6571),.PCURVE_S1.);
#6561 = B_SPLINE_CURVE_WITH_KNOTS('',1,(#6562,#6563),.UNSPECIFIED.,.F.,
  .F.,(2,2),(3.,4.),.PIECEWISE_BEZIER_KNOTS.);
#6562 = CARTESIAN_POINT('',(32.375,2.054197713841E-13,57.8625));
#6563 = CARTESIAN_POINT('',(32.375,2.054197713841E-13,57.7375));
#6564 = PCURVE('',#2952,#6565);
#6565 = DEFINITIONAL_REPRESENTATION('',(#6566),#6570);
#6566 = LINE('',#6567,#6568);
#6567 = CARTESIAN_POINT('',(0.,1.));
#6568 = VECTOR('',#6569,1.);
#6569 = DIRECTION('',(1.,0.));
#6570 = ( GEOMETRIC_REPRESENTATION_CONTEXT(2) 
PARAMETRIC_REPRESENTATION_CONTEXT() REPRESENTATION_CONTEXT('2D SPACE',''
  ) );
#6571 = PCURVE('',#2428,#6572);
#6572 = DEFINITIONAL_REPRESENTATION('',(#6573),#6576);
#6573 = B_SPLINE_CURVE_WITH_KNOTS('',1,(#6574,#6575),.UNSPECIFIED.,.F.,
  .F.,(2,2),(3.,4.),.PIECEWISE_BEZIER_KNOTS.);
#6574 = CARTESIAN_POINT('',(3.,0.));
#6575 = CARTESIAN_POINT('',(4.,0.));
#6576 = ( GEOMETRIC_REPRESENTATION_CONTEXT(2) 
PARAMETRIC_REPRESENTATION_CONTEXT() REPRESENTATION_CONTEXT('2D SPACE',''
  ) );
#6577 = ORIENTED_EDGE('',*,*,#4789,.F.);
#6578 = ADVANCED_FACE('',(#6579),#2780,.T.);
#6579 = FACE_BOUND('',#6580,.T.);
#6580 = EDGE_LOOP('',(#6581,#6582,#6583,#6584));
#6581 = ORIENTED_EDGE('',*,*,#2502,.F.);
#6582 = ORIENTED_EDGE('',*,*,#6448,.F.);
#6583 = ORIENTED_EDGE('',*,*,#4327,.T.);
#6584 = ORIENTED_EDGE('',*,*,#6585,.T.);
#6585 = EDGE_CURVE('',#4328,#1935,#6586,.T.);
#6586 = SURFACE_CURVE('',#6587,(#6591,#6598),.PCURVE_S1.);
#6587 = LINE('',#6588,#6589);
#6588 = CARTESIAN_POINT('',(31.9,-7.81324657856E-15,56.));
#6589 = VECTOR('',#6590,1.);
#6590 = DIRECTION('',(0.,0.,1.));
#6591 = PCURVE('',#2780,#6592);
#6592 = DEFINITIONAL_REPRESENTATION('',(#6593),#6597);
#6593 = LINE('',#6594,#6595);
#6594 = CARTESIAN_POINT('',(6.28318530718,-0.));
#6595 = VECTOR('',#6596,1.);
#6596 = DIRECTION('',(0.,1.));
#6597 = ( GEOMETRIC_REPRESENTATION_CONTEXT(2) 
PARAMETRIC_REPRESENTATION_CONTEXT() REPRESENTATION_CONTEXT('2D SPACE',''
  ) );
#6598 = PCURVE('',#2256,#6599);
#6599 = DEFINITIONAL_REPRESENTATION('',(#6600),#6604);
#6600 = LINE('',#6601,#6602);
#6601 = CARTESIAN_POINT('',(0.,-0.));
#6602 = VECTOR('',#6603,1.);
#6603 = DIRECTION('',(0.,1.));
#6604 = ( GEOMETRIC_REPRESENTATION_CONTEXT(2) 
PARAMETRIC_REPRESENTATION_CONTEXT() REPRESENTATION_CONTEXT('2D SPACE',''
  ) );
#6605 = ADVANCED_FACE('',(#6606),#2428,.T.);
#6606 = FACE_BOUND('',#6607,.T.);
#6607 = EDGE_LOOP('',(#6608,#6609,#6610,#6629));
#6608 = ORIENTED_EDGE('',*,*,#6559,.T.);
#6609 = ORIENTED_EDGE('',*,*,#2404,.T.);
#6610 = ORIENTED_EDGE('',*,*,#6611,.F.);
#6611 = EDGE_CURVE('',#5328,#1881,#6612,.T.);
#6612 = SURFACE_CURVE('',#6613,(#6616,#6623),.PCURVE_S1.);
#6613 = B_SPLINE_CURVE_WITH_KNOTS('',1,(#6614,#6615),.UNSPECIFIED.,.F.,
  .F.,(2,2),(3.,4.),.PIECEWISE_BEZIER_KNOTS.);
#6614 = CARTESIAN_POINT('',(32.375000000016,3.369209615582E-13,
    58.862499999992));
#6615 = CARTESIAN_POINT('',(32.375000000015,3.380477810794E-13,
    58.737499999992));
#6616 = PCURVE('',#2428,#6617);
#6617 = DEFINITIONAL_REPRESENTATION('',(#6618),#6622);
#6618 = LINE('',#6619,#6620);
#6619 = CARTESIAN_POINT('',(0.,1.));
#6620 = VECTOR('',#6621,1.);
#6621 = DIRECTION('',(1.,0.));
#6622 = ( GEOMETRIC_REPRESENTATION_CONTEXT(2) 
PARAMETRIC_REPRESENTATION_CONTEXT() REPRESENTATION_CONTEXT('2D SPACE',''
  ) );
#6623 = PCURVE('',#1904,#6624);
#6624 = DEFINITIONAL_REPRESENTATION('',(#6625),#6628);
#6625 = B_SPLINE_CURVE_WITH_KNOTS('',1,(#6626,#6627),.UNSPECIFIED.,.F.,
  .F.,(2,2),(3.,4.),.PIECEWISE_BEZIER_KNOTS.);
#6626 = CARTESIAN_POINT('',(3.,0.));
#6627 = CARTESIAN_POINT('',(4.,0.));
#6628 = ( GEOMETRIC_REPRESENTATION_CONTEXT(2) 
PARAMETRIC_REPRESENTATION_CONTEXT() REPRESENTATION_CONTEXT('2D SPACE',''
  ) );
#6629 = ORIENTED_EDGE('',*,*,#5327,.F.);
#6630 = ADVANCED_FACE('',(#6631),#2256,.T.);
#6631 = FACE_BOUND('',#6632,.T.);
#6632 = EDGE_LOOP('',(#6633,#6634,#6635,#6636));
#6633 = ORIENTED_EDGE('',*,*,#1978,.F.);
#6634 = ORIENTED_EDGE('',*,*,#6585,.F.);
#6635 = ORIENTED_EDGE('',*,*,#4865,.T.);
#6636 = ORIENTED_EDGE('',*,*,#6637,.T.);
#6637 = EDGE_CURVE('',#4866,#1411,#6638,.T.);
#6638 = SURFACE_CURVE('',#6639,(#6643,#6650),.PCURVE_S1.);
#6639 = LINE('',#6640,#6641);
#6640 = CARTESIAN_POINT('',(31.9,-7.81324657856E-15,56.));
#6641 = VECTOR('',#6642,1.);
#6642 = DIRECTION('',(0.,0.,1.));
#6643 = PCURVE('',#2256,#6644);
#6644 = DEFINITIONAL_REPRESENTATION('',(#6645),#6649);
#6645 = LINE('',#6646,#6647);
#6646 = CARTESIAN_POINT('',(6.28318530718,-0.));
#6647 = VECTOR('',#6648,1.);
#6648 = DIRECTION('',(0.,1.));
#6649 = ( GEOMETRIC_REPRESENTATION_CONTEXT(2) 
PARAMETRIC_REPRESENTATION_CONTEXT() REPRESENTATION_CONTEXT('2D SPACE',''
  ) );
#6650 = PCURVE('',#1732,#6651);
#6651 = DEFINITIONAL_REPRESENTATION('',(#6652),#6656);
#6652 = LINE('',#6653,#6654);
#6653 = CARTESIAN_POINT('',(0.,-0.));
#6654 = VECTOR('',#6655,1.);
#6655 = DIRECTION('',(0.,1.));
#6656 = ( GEOMETRIC_REPRESENTATION_CONTEXT(2) 
PARAMETRIC_REPRESENTATION_CONTEXT() REPRESENTATION_CONTEXT('2D SPACE',''
  ) );
#6657 = ADVANCED_FACE('',(#6658),#1904,.T.);
#6658 = FACE_BOUND('',#6659,.T.);
#6659 = EDGE_LOOP('',(#6660,#6661,#6662,#6681));
#6660 = ORIENTED_EDGE('',*,*,#6611,.T.);
#6661 = ORIENTED_EDGE('',*,*,#1880,.T.);
#6662 = ORIENTED_EDGE('',*,*,#6663,.F.);
#6663 = EDGE_CURVE('',#5824,#1357,#6664,.T.);
#6664 = SURFACE_CURVE('',#6665,(#6668,#6675),.PCURVE_S1.);
#6665 = B_SPLINE_CURVE_WITH_KNOTS('',1,(#6666,#6667),.UNSPECIFIED.,.F.,
  .F.,(2,2),(3.,4.),.PIECEWISE_BEZIER_KNOTS.);
#6666 = CARTESIAN_POINT('',(32.375000000048,4.594076652911E-13,
    59.862499999983));
#6667 = CARTESIAN_POINT('',(32.375000000045,4.616612961302E-13,
    59.737499999983));
#6668 = PCURVE('',#1904,#6669);
#6669 = DEFINITIONAL_REPRESENTATION('',(#6670),#6674);
#6670 = LINE('',#6671,#6672);
#6671 = CARTESIAN_POINT('',(0.,1.));
#6672 = VECTOR('',#6673,1.);
#6673 = DIRECTION('',(1.,0.));
#6674 = ( GEOMETRIC_REPRESENTATION_CONTEXT(2) 
PARAMETRIC_REPRESENTATION_CONTEXT() REPRESENTATION_CONTEXT('2D SPACE',''
  ) );
#6675 = PCURVE('',#1380,#6676);
#6676 = DEFINITIONAL_REPRESENTATION('',(#6677),#6680);
#6677 = B_SPLINE_CURVE_WITH_KNOTS('',1,(#6678,#6679),.UNSPECIFIED.,.F.,
  .F.,(2,2),(3.,4.),.PIECEWISE_BEZIER_KNOTS.);
#6678 = CARTESIAN_POINT('',(3.,0.));
#6679 = CARTESIAN_POINT('',(4.,0.));
#6680 = ( GEOMETRIC_REPRESENTATION_CONTEXT(2) 
PARAMETRIC_REPRESENTATION_CONTEXT() REPRESENTATION_CONTEXT('2D SPACE',''
  ) );
#6681 = ORIENTED_EDGE('',*,*,#5823,.F.);
#6682 = ADVANCED_FACE('',(#6683),#1732,.T.);
#6683 = FACE_BOUND('',#6684,.T.);
#6684 = EDGE_LOOP('',(#6685,#6686,#6687,#6688));
#6685 = ORIENTED_EDGE('',*,*,#1454,.F.);
#6686 = ORIENTED_EDGE('',*,*,#6637,.F.);
#6687 = ORIENTED_EDGE('',*,*,#5403,.T.);
#6688 = ORIENTED_EDGE('',*,*,#6689,.T.);
#6689 = EDGE_CURVE('',#5404,#1039,#6690,.T.);
#6690 = SURFACE_CURVE('',#6691,(#6695,#6702),.PCURVE_S1.);
#6691 = LINE('',#6692,#6693);
#6692 = CARTESIAN_POINT('',(31.9,-7.81324657856E-15,56.));
#6693 = VECTOR('',#6694,1.);
#6694 = DIRECTION('',(0.,0.,1.));
#6695 = PCURVE('',#1732,#6696);
#6696 = DEFINITIONAL_REPRESENTATION('',(#6697),#6701);
#6697 = LINE('',#6698,#6699);
#6698 = CARTESIAN_POINT('',(6.28318530718,-0.));
#6699 = VECTOR('',#6700,1.);
#6700 = DIRECTION('',(0.,1.));
#6701 = ( GEOMETRIC_REPRESENTATION_CONTEXT(2) 
PARAMETRIC_REPRESENTATION_CONTEXT() REPRESENTATION_CONTEXT('2D SPACE',''
  ) );
#6702 = PCURVE('',#255,#6703);
#6703 = DEFINITIONAL_REPRESENTATION('',(#6704),#6708);
#6704 = LINE('',#6705,#6706);
#6705 = CARTESIAN_POINT('',(0.,-0.));
#6706 = VECTOR('',#6707,1.);
#6707 = DIRECTION('',(0.,1.));
#6708 = ( GEOMETRIC_REPRESENTATION_CONTEXT(2) 
PARAMETRIC_REPRESENTATION_CONTEXT() REPRESENTATION_CONTEXT('2D SPACE',''
  ) );
#6709 = ADVANCED_FACE('',(#6710),#1380,.T.);
#6710 = FACE_BOUND('',#6711,.T.);
#6711 = EDGE_LOOP('',(#6712,#6713,#6714,#6733));
#6712 = ORIENTED_EDGE('',*,*,#6663,.T.);
#6713 = ORIENTED_EDGE('',*,*,#1356,.T.);
#6714 = ORIENTED_EDGE('',*,*,#6715,.F.);
#6715 = EDGE_CURVE('',#6341,#1008,#6716,.T.);
#6716 = SURFACE_CURVE('',#6717,(#6720,#6727),.PCURVE_S1.);
#6717 = B_SPLINE_CURVE_WITH_KNOTS('',1,(#6718,#6719),.UNSPECIFIED.,.F.,
  .F.,(2,2),(3.,4.),.PIECEWISE_BEZIER_KNOTS.);
#6718 = CARTESIAN_POINT('',(32.375000000096,5.728792887335E-13,
    60.862499999975));
#6719 = CARTESIAN_POINT('',(32.37500000009,5.762598002726E-13,
    60.737499999975));
#6720 = PCURVE('',#1380,#6721);
#6721 = DEFINITIONAL_REPRESENTATION('',(#6722),#6726);
#6722 = LINE('',#6723,#6724);
#6723 = CARTESIAN_POINT('',(0.,1.));
#6724 = VECTOR('',#6725,1.);
#6725 = DIRECTION('',(1.,0.));
#6726 = ( GEOMETRIC_REPRESENTATION_CONTEXT(2) 
PARAMETRIC_REPRESENTATION_CONTEXT() REPRESENTATION_CONTEXT('2D SPACE',''
  ) );
#6727 = PCURVE('',#323,#6728);
#6728 = DEFINITIONAL_REPRESENTATION('',(#6729),#6732);
#6729 = B_SPLINE_CURVE_WITH_KNOTS('',1,(#6730,#6731),.UNSPECIFIED.,.F.,
  .F.,(2,2),(3.,4.),.PIECEWISE_BEZIER_KNOTS.);
#6730 = CARTESIAN_POINT('',(3.,0.));
#6731 = CARTESIAN_POINT('',(4.,0.));
#6732 = ( GEOMETRIC_REPRESENTATION_CONTEXT(2) 
PARAMETRIC_REPRESENTATION_CONTEXT() REPRESENTATION_CONTEXT('2D SPACE',''
  ) );
#6733 = ORIENTED_EDGE('',*,*,#6340,.F.);
#6734 = ADVANCED_FACE('',(#6735),#323,.T.);
#6735 = FACE_BOUND('',#6736,.T.);
#6736 = EDGE_LOOP('',(#6737,#6766,#6767,#6768,#6769));
#6737 = ORIENTED_EDGE('',*,*,#6738,.F.);
#6738 = EDGE_CURVE('',#6341,#294,#6739,.T.);
#6739 = SURFACE_CURVE('',#6740,(#6752,#6759),.PCURVE_S1.);
#6740 = ( BOUNDED_CURVE() B_SPLINE_CURVE(6,(#6741,#6742,#6743,#6744,
    #6745,#6746,#6747,#6748,#6749,#6750,#6751),.UNSPECIFIED.,.F.,.F.) 
B_SPLINE_CURVE_WITH_KNOTS((7,4,7),(0.,0.5,1.),.UNSPECIFIED.) CURVE() 
GEOMETRIC_REPRESENTATION_ITEM() RATIONAL_B_SPLINE_CURVE((1.,1.,1.,1.,1.,
1.,1.,1.,1.,1.,1.)) REPRESENTATION_ITEM('') );
#6741 = CARTESIAN_POINT('',(32.375000000098,6.49885418111E-13,
    60.862499999959));
#6742 = CARTESIAN_POINT('',(32.365774584611,11.870170896655,
    60.920833333296));
#6743 = CARTESIAN_POINT('',(27.182608736008,23.718875799037,
    60.979166667013));
#6744 = CARTESIAN_POINT('',(16.671591227045,32.758183477664,
    61.037500001144));
#6745 = CARTESIAN_POINT('',(3.235115637989,35.920732982328,
    61.095833335481));
#6746 = CARTESIAN_POINT('',(-22.09547646289,30.411814327683,
    61.212500004051));
#6747 = CARTESIAN_POINT('',(-35.16235288377,8.023339133379,
    61.329166671698));
#6748 = CARTESIAN_POINT('',(-36.30668887072,-5.732790074136,
    61.387500005113));
#6749 = CARTESIAN_POINT('',(-30.95787943855,-18.52266145898,
    61.445833338051));
#6750 = CARTESIAN_POINT('',(-21.29077776332,-27.11359629047,
    61.504166670652));
#6751 = CARTESIAN_POINT('',(-10.00442519267,-30.79045471514,
    61.562500003141));
#6752 = PCURVE('',#323,#6753);
#6753 = DEFINITIONAL_REPRESENTATION('',(#6754),#6758);
#6754 = LINE('',#6755,#6756);
#6755 = CARTESIAN_POINT('',(3.,0.));
#6756 = VECTOR('',#6757,1.);
#6757 = DIRECTION('',(0.,1.));
#6758 = ( GEOMETRIC_REPRESENTATION_CONTEXT(2) 
PARAMETRIC_REPRESENTATION_CONTEXT() REPRESENTATION_CONTEXT('2D SPACE',''
  ) );
#6759 = PCURVE('',#458,#6760);
#6760 = DEFINITIONAL_REPRESENTATION('',(#6761),#6765);
#6761 = LINE('',#6762,#6763);
#6762 = CARTESIAN_POINT('',(3.,0.));
#6763 = VECTOR('',#6764,1.);
#6764 = DIRECTION('',(0.,1.));
#6765 = ( GEOMETRIC_REPRESENTATION_CONTEXT(2) 
PARAMETRIC_REPRESENTATION_CONTEXT() REPRESENTATION_CONTEXT('2D SPACE',''
  ) );
#6766 = ORIENTED_EDGE('',*,*,#6715,.T.);
#6767 = ORIENTED_EDGE('',*,*,#1007,.T.);
#6768 = ORIENTED_EDGE('',*,*,#985,.F.);
#6769 = ORIENTED_EDGE('',*,*,#293,.T.);
#6770 = ADVANCED_FACE('',(#6771),#458,.T.);
#6771 = FACE_BOUND('',#6772,.T.);
#6772 = EDGE_LOOP('',(#6773,#7007,#7008,#7009));
#6773 = ORIENTED_EDGE('',*,*,#6774,.F.);
#6774 = EDGE_CURVE('',#5900,#361,#6775,.T.);
#6775 = SURFACE_CURVE('',#6776,(#6851,#6929),.PCURVE_S1.);
#6776 = B_SPLINE_CURVE_WITH_KNOTS('',7,(#6777,#6778,#6779,#6780,#6781,
    #6782,#6783,#6784,#6785,#6786,#6787,#6788,#6789,#6790,#6791,#6792,
    #6793,#6794,#6795,#6796,#6797,#6798,#6799,#6800,#6801,#6802,#6803,
    #6804,#6805,#6806,#6807,#6808,#6809,#6810,#6811,#6812,#6813,#6814,
    #6815,#6816,#6817,#6818,#6819,#6820,#6821,#6822,#6823,#6824,#6825,
    #6826,#6827,#6828,#6829,#6830,#6831,#6832,#6833,#6834,#6835,#6836,
    #6837,#6838,#6839,#6840,#6841,#6842,#6843,#6844,#6845,#6846,#6847,
    #6848,#6849,#6850),.UNSPECIFIED.,.F.,.F.,(8,6,6,6,6,6,6,6,6,6,6,6,8)
  ,(0.,4.92251878982E-02,7.465899444141E-02,0.207156357706,
    0.353461573869,0.466934785675,0.5579683779,0.657245563432,
    0.706943071222,0.757767782036,0.83097637489,0.95641758885,1.),
  .UNSPECIFIED.);
#6777 = CARTESIAN_POINT('',(31.9,7.045218646008E-14,61.136741377928));
#6778 = CARTESIAN_POINT('',(31.9,0.652965168389,61.13970501801));
#6779 = CARTESIAN_POINT('',(31.884406747822,1.305930396017,
    61.142752680488));
#6780 = CARTESIAN_POINT('',(31.853220316348,1.958447940239,
    61.145867983107));
#6781 = CARTESIAN_POINT('',(31.806456739851,2.610071149351,
    61.149037069311));
#6782 = CARTESIAN_POINT('',(31.744148021615,3.260354476584,
    61.15224832903));
#6783 = CARTESIAN_POINT('',(31.666342141561,3.908853494099,
    61.155492119479));
#6784 = CARTESIAN_POINT('',(31.524928038737,4.889042212153,
    61.160449194594));
#6785 = CARTESIAN_POINT('',(31.472632915026,5.222365106822,
    61.162144460625));
#6786 = CARTESIAN_POINT('',(31.416226507012,5.555032522075,
    61.163845199066));
#6787 = CARTESIAN_POINT('',(31.355718748207,5.886983609644,
    61.165550431383));
#6788 = CARTESIAN_POINT('',(31.29112069136,6.218157741911,
    61.167259285484));
#6789 = CARTESIAN_POINT('',(31.222444508459,6.548494511906,
    61.168970995721));
#6790 = CARTESIAN_POINT('',(30.770759307358,8.594146684636,
    61.179613498767));
#6791 = CARTESIAN_POINT('',(30.281482862178,10.286078870255,
    61.188602003256));
#6792 = CARTESIAN_POINT('',(29.683765747778,11.945081049622,
    61.197554801213));
#6793 = CARTESIAN_POINT('',(28.980334211911,13.562859057564,
    61.20644543193));
#6794 = CARTESIAN_POINT('',(28.174655530515,15.131438178908,
    61.215279695215));
#6795 = CARTESIAN_POINT('',(27.270936376086,16.643167385555,
    61.22407248489));
#6796 = CARTESIAN_POINT('',(25.173619185721,19.689216777753,
    61.242517725354));
#6797 = CARTESIAN_POINT('',(23.959497653148,21.209660959443,
    61.252165287799));
#6798 = CARTESIAN_POINT('',(22.638606768365,22.64222385921,
    61.261801017788));
#6799 = CARTESIAN_POINT('',(21.218652943269,23.978022931659,
    61.271444730658));
#6800 = CARTESIAN_POINT('',(19.708160508786,25.209039112265,
    61.281105064862));
#6801 = CARTESIAN_POINT('',(18.11646554471,26.328122539456,
    61.290778874109));
#6802 = CARTESIAN_POINT('',(15.164309361258,28.105503933116,
    61.307970424203));
#6803 = CARTESIAN_POINT('',(13.832014816598,28.81090940207,
    61.315485339305));
#6804 = CARTESIAN_POINT('',(12.461691101466,29.442483889701,
    61.323003335932));
#6805 = CARTESIAN_POINT('',(11.058257563129,29.997808988673,
    61.330521245437));
#6806 = CARTESIAN_POINT('',(9.626795655988,30.474873949059,
    61.33803684706));
#6807 = CARTESIAN_POINT('',(8.172547653595,30.872076281857,
    61.345549422143));
#6808 = CARTESIAN_POINT('',(5.520329289551,31.44191669639,
    61.359083861326));
#6809 = CARTESIAN_POINT('',(4.328513781681,31.643437555116,
    61.365106910014));
#6810 = CARTESIAN_POINT('',(3.12826768965,31.792221994974,
    61.371128466969));
#6811 = CARTESIAN_POINT('',(1.92239067199,31.887863712953,
    61.377149350085));
#6812 = CARTESIAN_POINT('',(0.713697069534,31.930139497176,
    61.383170718799));
#6813 = CARTESIAN_POINT('',(-0.49498443098,31.919009250035,
    61.389193628027));
#6814 = CARTESIAN_POINT('',(-3.015830306552,31.784414027192,
    61.401788894708));
#6815 = CARTESIAN_POINT('',(-4.327487690301,31.650865996615,
    61.408361795496));
#6816 = CARTESIAN_POINT('',(-5.632088679605,31.454176619607,
    61.414937635505));
#6817 = CARTESIAN_POINT('',(-6.925993091784,31.194811572929,
    61.421516505869));
#6818 = CARTESIAN_POINT('',(-8.205611366362,30.873490402053,
    61.428097136103));
#6819 = CARTESIAN_POINT('',(-9.467405150414,30.491186386845,
    61.434677041823));
#6820 = CARTESIAN_POINT('',(-11.32887070532,29.827860637168,
    61.444546096758));
#6821 = CARTESIAN_POINT('',(-11.9445154828,29.591605320018,
    61.447837664587));
#6822 = CARTESIAN_POINT('',(-12.55439162159,29.340532887198,
    61.451128140922));
#6823 = CARTESIAN_POINT('',(-13.15807169906,29.074813298013,
    61.45441728687));
#6824 = CARTESIAN_POINT('',(-13.75513499862,28.794631736447,
    61.457704997047));
#6825 = CARTESIAN_POINT('',(-14.34516750969,28.500188611166,
    61.460991299575));
#6826 = CARTESIAN_POINT('',(-15.52357033212,27.87621357364,
    61.467635921882));
#6827 = CARTESIAN_POINT('',(-16.11160051503,27.546036714582,
    61.470994305033));
#6828 = CARTESIAN_POINT('',(-16.69141679569,27.201399609803,
    61.474351356454));
#6829 = CARTESIAN_POINT('',(-17.26259323783,26.842548504227,
    61.477708949278));
#6830 = CARTESIAN_POINT('',(-17.8247135235,26.469744949992,
    61.481065999057));
#6831 = CARTESIAN_POINT('',(-18.37737089753,26.083265857006,
    61.484426524996));
#6832 = CARTESIAN_POINT('',(-19.70202122529,25.107436969039,
    61.492638210076));
#6833 = CARTESIAN_POINT('',(-20.46342132451,24.503699684212,
    61.497493010162));
#6834 = CARTESIAN_POINT('',(-21.20317986464,23.873068054352,
    61.502349124227));
#6835 = CARTESIAN_POINT('',(-21.92016070263,23.21647625323,
    61.50720309455));
#6836 = CARTESIAN_POINT('',(-22.61328054515,22.534916324927,
    61.512053707445));
#6837 = CARTESIAN_POINT('',(-23.28150908899,21.829438062519,
    61.516901019344));
#6838 = CARTESIAN_POINT('',(-25.02453814259,19.85324239436,
    61.530046086628));
#6839 = CARTESIAN_POINT('',(-26.04930574338,18.538308900399,
    61.538338541882));
#6840 = CARTESIAN_POINT('',(-26.99320002991,17.161965829115,
    61.546624908581));
#6841 = CARTESIAN_POINT('',(-27.85186738951,15.730206662502,
    61.55491226366));
#6842 = CARTESIAN_POINT('',(-28.62151180079,14.249360981157,
    61.563205152628));
#6843 = CARTESIAN_POINT('',(-29.29889635775,12.726091899785,61.571503407
    ));
#6844 = CARTESIAN_POINT('',(-30.08379045579,10.625900705561,
    61.582689553606));
#6845 = CARTESIAN_POINT('',(-30.27472444195,10.080090914812,
    61.585574349103));
#6846 = CARTESIAN_POINT('',(-30.45410018516,9.530292747512,
    61.588459538992));
#6847 = CARTESIAN_POINT('',(-30.62181831226,8.976800190715,
    61.591345038451));
#6848 = CARTESIAN_POINT('',(-30.77778889805,8.419909996116,
    61.594230752924));
#6849 = CARTESIAN_POINT('',(-30.92193146523,7.859921680044,
    61.597116578118));
#6850 = CARTESIAN_POINT('',(-31.05417498443,7.297137523467,61.6000024));
#6851 = PCURVE('',#458,#6852);
#6852 = DEFINITIONAL_REPRESENTATION('',(#6853),#6928);
#6853 = B_SPLINE_CURVE_WITH_KNOTS('',7,(#6854,#6855,#6856,#6857,#6858,
    #6859,#6860,#6861,#6862,#6863,#6864,#6865,#6866,#6867,#6868,#6869,
    #6870,#6871,#6872,#6873,#6874,#6875,#6876,#6877,#6878,#6879,#6880,
    #6881,#6882,#6883,#6884,#6885,#6886,#6887,#6888,#6889,#6890,#6891,
    #6892,#6893,#6894,#6895,#6896,#6897,#6898,#6899,#6900,#6901,#6902,
    #6903,#6904,#6905,#6906,#6907,#6908,#6909,#6910,#6911,#6912,#6913,
    #6914,#6915,#6916,#6917,#6918,#6919,#6920,#6921,#6922,#6923,#6924,
    #6925,#6926,#6927),.UNSPECIFIED.,.F.,.F.,(8,6,6,6,6,6,6,6,6,6,6,6,8)
  ,(0.,4.92251878982E-02,7.465899444141E-02,0.207156357706,
    0.353461573869,0.466934785675,0.5579683779,0.657245563432,
    0.706943071222,0.757767782036,0.83097637489,0.95641758885,1.),
  .UNSPECIFIED.);
#6854 = CARTESIAN_POINT('',(2.122427590613,0.));
#6855 = CARTESIAN_POINT('',(2.12336517064,4.652334057397E-03));
#6856 = CARTESIAN_POINT('',(2.124034516216,9.304952584345E-03));
#6857 = CARTESIAN_POINT('',(2.124488025631,1.395784445443E-02));
#6858 = CARTESIAN_POINT('',(2.124770007609,1.861099526546E-02));
#6859 = CARTESIAN_POINT('',(2.124917570384,2.3264385382E-02));
#6860 = CARTESIAN_POINT('',(2.124961510781,2.791798797789E-02));
#6861 = CARTESIAN_POINT('',(2.124909477203,3.497629456566E-02));
#6862 = CARTESIAN_POINT('',(2.124870877242,3.738087105102E-02));
#6863 = CARTESIAN_POINT('',(2.124814865691,3.97854922317E-02));
#6864 = CARTESIAN_POINT('',(2.124744564489,4.219015392692E-02));
#6865 = CARTESIAN_POINT('',(2.124662755239,4.459485207831E-02));
#6866 = CARTESIAN_POINT('',(2.124571879201,4.699958274991E-02));
#6867 = CARTESIAN_POINT('',(2.123964330091,6.193193119991E-02));
#6868 = CARTESIAN_POINT('',(2.123265918858,7.446086111634E-02));
#6869 = CARTESIAN_POINT('',(2.122681330661,8.698959554578E-02));
#6870 = CARTESIAN_POINT('',(2.122294530253,9.951781774181E-02));
#6871 = CARTESIAN_POINT('',(2.122087610433,0.112045818856));
#6872 = CARTESIAN_POINT('',(2.12201323251,0.124573742437));
#6873 = CARTESIAN_POINT('',(2.122033400024,0.150933089086));
#6874 = CARTESIAN_POINT('',(2.122146708819,0.164765905303));
#6875 = CARTESIAN_POINT('',(2.122295466327,0.17859764332));
#6876 = CARTESIAN_POINT('',(2.122417419521,0.192428819229));
#6877 = CARTESIAN_POINT('',(2.122487409064,0.206260541832));
#6878 = CARTESIAN_POINT('',(2.12251635806,0.220093192817));
#6879 = CARTESIAN_POINT('',(2.122517817075,0.244653201122));
#6880 = CARTESIAN_POINT('',(2.122501762854,0.25538162692));
#6881 = CARTESIAN_POINT('',(2.12247582034,0.266110040475));
#6882 = CARTESIAN_POINT('',(2.122450218869,0.276838481817));
#6883 = CARTESIAN_POINT('',(2.122432473008,0.287567133151));
#6884 = CARTESIAN_POINT('',(2.122424871022,0.29829598937));
#6885 = CARTESIAN_POINT('',(2.122426171591,0.317631482816));
#6886 = CARTESIAN_POINT('',(2.122432108105,0.326238488186));
#6887 = CARTESIAN_POINT('',(2.122442537542,0.334845368278));
#6888 = CARTESIAN_POINT('',(2.122454834591,0.343452119497));
#6889 = CARTESIAN_POINT('',(2.122465439435,0.352058808978));
#6890 = CARTESIAN_POINT('',(2.122471031755,0.36066546146));
#6891 = CARTESIAN_POINT('',(2.122468984749,0.378657785464));
#6892 = CARTESIAN_POINT('',(2.122460068548,0.388043663144));
#6893 = CARTESIAN_POINT('',(2.122441344533,0.397429361225));
#6894 = CARTESIAN_POINT('',(2.122412690617,0.406814955393));
#6895 = CARTESIAN_POINT('',(2.122378576063,0.41620062588));
#6896 = CARTESIAN_POINT('',(2.122347159219,0.425586465681));
#6897 = CARTESIAN_POINT('',(2.122315001145,0.439670759106));
#6898 = CARTESIAN_POINT('',(2.122306638781,0.444369265597));
#6899 = CARTESIAN_POINT('',(2.122301844532,0.449067805721));
#6900 = CARTESIAN_POINT('',(2.122301389783,0.453766382569));
#6901 = CARTESIAN_POINT('',(2.122305614664,0.458464997436));
#6902 = CARTESIAN_POINT('',(2.122314428046,0.463163649816));
#6903 = CARTESIAN_POINT('',(2.122340479167,0.472667597235));
#6904 = CARTESIAN_POINT('',(2.122357530351,0.477472899524));
#6905 = CARTESIAN_POINT('',(2.122378914717,0.482278233798));
#6906 = CARTESIAN_POINT('',(2.122398629449,0.487083596134));
#6907 = CARTESIAN_POINT('',(2.122420136583,0.49188898287));
#6908 = CARTESIAN_POINT('',(2.122430550976,0.496694383436));
#6909 = CARTESIAN_POINT('',(2.122421958762,0.508421526169));
#6910 = CARTESIAN_POINT('',(2.122391371661,0.515343299825));
#6911 = CARTESIAN_POINT('',(2.122356431306,0.52226500718));
#6912 = CARTESIAN_POINT('',(2.12232816254,0.529186630437));
#6913 = CARTESIAN_POINT('',(2.122310480122,0.53610818342));
#6914 = CARTESIAN_POINT('',(2.122303216226,0.543029671821));
#6915 = CARTESIAN_POINT('',(2.122308457898,0.561810679215));
#6916 = CARTESIAN_POINT('',(2.122338613199,0.573670505943));
#6917 = CARTESIAN_POINT('',(2.122387113361,0.585529824412));
#6918 = CARTESIAN_POINT('',(2.122431822403,0.597388862398));
#6919 = CARTESIAN_POINT('',(2.122459367949,0.609248143674));
#6920 = CARTESIAN_POINT('',(2.12247074432,0.621107871442));
#6921 = CARTESIAN_POINT('',(2.122469902566,0.637087705011));
#6922 = CARTESIAN_POINT('',(2.122468234829,0.64120809689));
#6923 = CARTESIAN_POINT('',(2.122465355682,0.645328511379));
#6924 = CARTESIAN_POINT('',(2.122461535393,0.649448947959));
#6925 = CARTESIAN_POINT('',(2.122457075208,0.653569406036));
#6926 = CARTESIAN_POINT('',(2.122452307353,0.657689884933));
#6927 = CARTESIAN_POINT('',(2.122447595035,0.661810383895));
#6928 = ( GEOMETRIC_REPRESENTATION_CONTEXT(2) 
PARAMETRIC_REPRESENTATION_CONTEXT() REPRESENTATION_CONTEXT('2D SPACE',''
  ) );
#6929 = PCURVE('',#544,#6930);
#6930 = DEFINITIONAL_REPRESENTATION('',(#6931),#7006);
#6931 = B_SPLINE_CURVE_WITH_KNOTS('',7,(#6932,#6933,#6934,#6935,#6936,
    #6937,#6938,#6939,#6940,#6941,#6942,#6943,#6944,#6945,#6946,#6947,
    #6948,#6949,#6950,#6951,#6952,#6953,#6954,#6955,#6956,#6957,#6958,
    #6959,#6960,#6961,#6962,#6963,#6964,#6965,#6966,#6967,#6968,#6969,
    #6970,#6971,#6972,#6973,#6974,#6975,#6976,#6977,#6978,#6979,#6980,
    #6981,#6982,#6983,#6984,#6985,#6986,#6987,#6988,#6989,#6990,#6991,
    #6992,#6993,#6994,#6995,#6996,#6997,#6998,#6999,#7000,#7001,#7002,
    #7003,#7004,#7005),.UNSPECIFIED.,.F.,.F.,(8,6,6,6,6,6,6,6,6,6,6,6,8)
  ,(0.,4.92251878982E-02,7.465899444141E-02,0.207156357706,
    0.353461573869,0.466934785675,0.5579683779,0.657245563432,
    0.706943071222,0.757767782036,0.83097637489,0.95641758885,1.),
  .UNSPECIFIED.);
#6932 = CARTESIAN_POINT('',(0.,5.136741377928));
#6933 = CARTESIAN_POINT('',(2.04691275357E-02,5.13970501801));
#6934 = CARTESIAN_POINT('',(4.093825695638E-02,5.142752680488));
#6935 = CARTESIAN_POINT('',(6.140736026546E-02,5.145867983107));
#6936 = CARTESIAN_POINT('',(8.187644369176E-02,5.149037069311));
#6937 = CARTESIAN_POINT('',(0.102345524103,5.15224832903));
#6938 = CARTESIAN_POINT('',(0.122814605419,5.155492119479));
#6939 = CARTESIAN_POINT('',(0.153859660322,5.160449194594));
#6940 = CARTESIAN_POINT('',(0.164435665352,5.162144460625));
#6941 = CARTESIAN_POINT('',(0.175011669099,5.163845199066));
#6942 = CARTESIAN_POINT('',(0.185587671052,5.165550431383));
#6943 = CARTESIAN_POINT('',(0.196163671213,5.167259285484));
#6944 = CARTESIAN_POINT('',(0.206739670096,5.168970995721));
#6945 = CARTESIAN_POINT('',(0.272411311989,5.179613498767));
#6946 = CARTESIAN_POINT('',(0.327509408762,5.188602003256));
#6947 = CARTESIAN_POINT('',(0.382605703741,5.197554801213));
#6948 = CARTESIAN_POINT('',(0.437700865053,5.20644543193));
#6949 = CARTESIAN_POINT('',(0.492797200059,5.215279695215));
#6950 = CARTESIAN_POINT('',(0.547895363679,5.22407248489));
#6951 = CARTESIAN_POINT('',(0.663828403088,5.242517725354));
#6952 = CARTESIAN_POINT('',(0.724669800982,5.252165287799));
#6953 = CARTESIAN_POINT('',(0.785508236802,5.261801017788));
#6954 = CARTESIAN_POINT('',(0.846344783091,5.271444730658));
#6955 = CARTESIAN_POINT('',(0.907183211434,5.281105064862));
#6956 = CARTESIAN_POINT('',(0.96802460101,5.290778874109));
#6957 = CARTESIAN_POINT('',(1.076046926392,5.307970424203));
#6958 = CARTESIAN_POINT('',(1.123233046394,5.315485339305));
#6959 = CARTESIAN_POINT('',(1.170418326992,5.323003335932));
#6960 = CARTESIAN_POINT('',(1.217603075205,5.330521245437));
#6961 = CARTESIAN_POINT('',(1.264788363355,5.33803684706));
#6962 = CARTESIAN_POINT('',(1.3119744971,5.345549422143));
#6963 = CARTESIAN_POINT('',(1.397013495924,5.359083861326));
#6964 = CARTESIAN_POINT('',(1.434867906689,5.365106910014));
#6965 = CARTESIAN_POINT('',(1.472722037614,5.371128466969));
#6966 = CARTESIAN_POINT('',(1.510575989838,5.377149350085));
#6967 = CARTESIAN_POINT('',(1.548430120453,5.383170718799));
#6968 = CARTESIAN_POINT('',(1.586284531094,5.389193628027));
#6969 = CARTESIAN_POINT('',(1.665420472526,5.401788894708));
#6970 = CARTESIAN_POINT('',(1.706702980734,5.408361795496));
#6971 = CARTESIAN_POINT('',(1.747985055625,5.414937635505));
#6972 = CARTESIAN_POINT('',(1.789266853585,5.421516505869));
#6973 = CARTESIAN_POINT('',(1.830548925802,5.428097136103));
#6974 = CARTESIAN_POINT('',(1.871831430968,5.434677041823));
#6975 = CARTESIAN_POINT('',(1.933778804526,5.444546096758));
#6976 = CARTESIAN_POINT('',(1.954444267836,5.447837664587));
#6977 = CARTESIAN_POINT('',(1.975109735082,5.451128140922));
#6978 = CARTESIAN_POINT('',(1.995775203762,5.45441728687));
#6979 = CARTESIAN_POINT('',(2.016440671499,5.457704997047));
#6980 = CARTESIAN_POINT('',(2.037106136047,5.460991299575));
#6981 = CARTESIAN_POINT('',(2.078905773564,5.467635921882));
#6982 = CARTESIAN_POINT('',(2.10003997212,5.470994305033));
#6983 = CARTESIAN_POINT('',(2.121174155795,5.474351356454));
#6984 = CARTESIAN_POINT('',(2.142308330479,5.477708949278));
#6985 = CARTESIAN_POINT('',(2.163442515362,5.481065999057));
#6986 = CARTESIAN_POINT('',(2.184576714111,5.484426524996));
#6987 = CARTESIAN_POINT('',(2.236152834701,5.492638210076));
#6988 = CARTESIAN_POINT('',(2.266594907437,5.497493010162));
#6989 = CARTESIAN_POINT('',(2.297036887232,5.502349124227));
#6990 = CARTESIAN_POINT('',(2.327478808537,5.50720309455));
#6991 = CARTESIAN_POINT('',(2.357920789974,5.512053707445));
#6992 = CARTESIAN_POINT('',(2.388362865045,5.516901019344));
#6993 = CARTESIAN_POINT('',(2.470966379335,5.530046086628));
#6994 = CARTESIAN_POINT('',(2.523129835946,5.538338541882));
#6995 = CARTESIAN_POINT('',(2.57529191102,5.546624908581));
#6996 = CARTESIAN_POINT('',(2.627453105339,5.55491226366));
#6997 = CARTESIAN_POINT('',(2.679615178367,5.563205152628));
#6998 = CARTESIAN_POINT('',(2.731778633125,5.571503407));
#6999 = CARTESIAN_POINT('',(2.802062846679,5.582689553606));
#7000 = CARTESIAN_POINT('',(2.820185506631,5.585574349103));
#7001 = CARTESIAN_POINT('',(2.838308171069,5.588459538992));
#7002 = CARTESIAN_POINT('',(2.85643083448,5.591345038451));
#7003 = CARTESIAN_POINT('',(2.874553494312,5.594230752924));
#7004 = CARTESIAN_POINT('',(2.892676150966,5.597116578118));
#7005 = CARTESIAN_POINT('',(2.910798807803,5.6000024));
#7006 = ( GEOMETRIC_REPRESENTATION_CONTEXT(2) 
PARAMETRIC_REPRESENTATION_CONTEXT() REPRESENTATION_CONTEXT('2D SPACE',''
  ) );
#7007 = ORIENTED_EDGE('',*,*,#6371,.T.);
#7008 = ORIENTED_EDGE('',*,*,#6738,.T.);
#7009 = ORIENTED_EDGE('',*,*,#360,.T.);
#7010 = ADVANCED_FACE('',(#7011),#544,.T.);
#7011 = FACE_BOUND('',#7012,.T.);
#7012 = EDGE_LOOP('',(#7013,#7014,#7035));
#7013 = ORIENTED_EDGE('',*,*,#529,.F.);
#7014 = ORIENTED_EDGE('',*,*,#7015,.F.);
#7015 = EDGE_CURVE('',#5900,#239,#7016,.T.);
#7016 = SURFACE_CURVE('',#7017,(#7021,#7028),.PCURVE_S1.);
#7017 = LINE('',#7018,#7019);
#7018 = CARTESIAN_POINT('',(31.9,-7.81324657856E-15,56.));
#7019 = VECTOR('',#7020,1.);
#7020 = DIRECTION('',(0.,0.,1.));
#7021 = PCURVE('',#544,#7022);
#7022 = DEFINITIONAL_REPRESENTATION('',(#7023),#7027);
#7023 = LINE('',#7024,#7025);
#7024 = CARTESIAN_POINT('',(0.,-0.));
#7025 = VECTOR('',#7026,1.);
#7026 = DIRECTION('',(0.,1.));
#7027 = ( GEOMETRIC_REPRESENTATION_CONTEXT(2) 
PARAMETRIC_REPRESENTATION_CONTEXT() REPRESENTATION_CONTEXT('2D SPACE',''
  ) );
#7028 = PCURVE('',#255,#7029);
#7029 = DEFINITIONAL_REPRESENTATION('',(#7030),#7034);
#7030 = LINE('',#7031,#7032);
#7031 = CARTESIAN_POINT('',(6.28318530718,-0.));
#7032 = VECTOR('',#7033,1.);
#7033 = DIRECTION('',(0.,1.));
#7034 = ( GEOMETRIC_REPRESENTATION_CONTEXT(2) 
PARAMETRIC_REPRESENTATION_CONTEXT() REPRESENTATION_CONTEXT('2D SPACE',''
  ) );
#7035 = ORIENTED_EDGE('',*,*,#6774,.T.);
#7036 = ADVANCED_FACE('',(#7037),#255,.T.);
#7037 = FACE_BOUND('',#7038,.T.);
#7038 = EDGE_LOOP('',(#7039,#7040,#7041,#7042,#7043,#7044));
#7039 = ORIENTED_EDGE('',*,*,#1082,.F.);
#7040 = ORIENTED_EDGE('',*,*,#6689,.F.);
#7041 = ORIENTED_EDGE('',*,*,#5899,.T.);
#7042 = ORIENTED_EDGE('',*,*,#7015,.T.);
#7043 = ORIENTED_EDGE('',*,*,#236,.F.);
#7044 = ORIENTED_EDGE('',*,*,#920,.F.);
#7045 = ADVANCED_FACE('',(#7046),#222,.T.);
#7046 = FACE_BOUND('',#7047,.T.);
#7047 = EDGE_LOOP('',(#7048,#7049,#7072,#7099));
#7048 = ORIENTED_EDGE('',*,*,#205,.F.);
#7049 = ORIENTED_EDGE('',*,*,#7050,.F.);
#7050 = EDGE_CURVE('',#7051,#206,#7053,.T.);
#7051 = VERTEX_POINT('',#7052);
#7052 = CARTESIAN_POINT('',(-44.9,5.057791280479E-15,58.5));
#7053 = SEAM_CURVE('',#7054,(#7058,#7065),.PCURVE_S1.);
#7054 = LINE('',#7055,#7056);
#7055 = CARTESIAN_POINT('',(-44.9,5.057791280479E-15,58.5));
#7056 = VECTOR('',#7057,1.);
#7057 = DIRECTION('',(0.,0.,1.));
#7058 = PCURVE('',#222,#7059);
#7059 = DEFINITIONAL_REPRESENTATION('',(#7060),#7064);
#7060 = LINE('',#7061,#7062);
#7061 = CARTESIAN_POINT('',(6.28318530718,-0.));
#7062 = VECTOR('',#7063,1.);
#7063 = DIRECTION('',(0.,1.));
#7064 = ( GEOMETRIC_REPRESENTATION_CONTEXT(2) 
PARAMETRIC_REPRESENTATION_CONTEXT() REPRESENTATION_CONTEXT('2D SPACE',''
  ) );
#7065 = PCURVE('',#222,#7066);
#7066 = DEFINITIONAL_REPRESENTATION('',(#7067),#7071);
#7067 = LINE('',#7068,#7069);
#7068 = CARTESIAN_POINT('',(0.,-0.));
#7069 = VECTOR('',#7070,1.);
#7070 = DIRECTION('',(0.,1.));
#7071 = ( GEOMETRIC_REPRESENTATION_CONTEXT(2) 
PARAMETRIC_REPRESENTATION_CONTEXT() REPRESENTATION_CONTEXT('2D SPACE',''
  ) );
#7072 = ORIENTED_EDGE('',*,*,#7073,.T.);
#7073 = EDGE_CURVE('',#7051,#7051,#7074,.T.);
#7074 = SURFACE_CURVE('',#7075,(#7080,#7087),.PCURVE_S1.);
#7075 = CIRCLE('',#7076,3.6);
#7076 = AXIS2_PLACEMENT_3D('',#7077,#7078,#7079);
#7077 = CARTESIAN_POINT('',(-48.5,5.939536975865E-15,58.5));
#7078 = DIRECTION('',(0.,0.,1.));
#7079 = DIRECTION('',(1.,0.,-0.));
#7080 = PCURVE('',#222,#7081);
#7081 = DEFINITIONAL_REPRESENTATION('',(#7082),#7086);
#7082 = LINE('',#7083,#7084);
#7083 = CARTESIAN_POINT('',(0.,0.));
#7084 = VECTOR('',#7085,1.);
#7085 = DIRECTION('',(1.,0.));
#7086 = ( GEOMETRIC_REPRESENTATION_CONTEXT(2) 
PARAMETRIC_REPRESENTATION_CONTEXT() REPRESENTATION_CONTEXT('2D SPACE',''
  ) );
#7087 = PCURVE('',#7088,#7093);
#7088 = PLANE('',#7089);
#7089 = AXIS2_PLACEMENT_3D('',#7090,#7091,#7092);
#7090 = CARTESIAN_POINT('',(-48.5,5.939536975865E-15,58.5));
#7091 = DIRECTION('',(0.,0.,1.));
#7092 = DIRECTION('',(1.,0.,-0.));
#7093 = DEFINITIONAL_REPRESENTATION('',(#7094),#7098);
#7094 = CIRCLE('',#7095,3.6);
#7095 = AXIS2_PLACEMENT_2D('',#7096,#7097);
#7096 = CARTESIAN_POINT('',(0.,0.));
#7097 = DIRECTION('',(1.,0.));
#7098 = ( GEOMETRIC_REPRESENTATION_CONTEXT(2) 
PARAMETRIC_REPRESENTATION_CONTEXT() REPRESENTATION_CONTEXT('2D SPACE',''
  ) );
#7099 = ORIENTED_EDGE('',*,*,#7050,.T.);
#7100 = ADVANCED_FACE('',(#7101),#7088,.F.);
#7101 = FACE_BOUND('',#7102,.T.);
#7102 = EDGE_LOOP('',(#7103));
#7103 = ORIENTED_EDGE('',*,*,#7073,.F.);
#7104 = ADVANCED_FACE('',(#7105),#191,.T.);
#7105 = FACE_BOUND('',#7106,.T.);
#7106 = EDGE_LOOP('',(#7107,#7108,#7131,#7158));
#7107 = ORIENTED_EDGE('',*,*,#174,.F.);
#7108 = ORIENTED_EDGE('',*,*,#7109,.F.);
#7109 = EDGE_CURVE('',#7110,#175,#7112,.T.);
#7110 = VERTEX_POINT('',#7111);
#7111 = CARTESIAN_POINT('',(37.894678887548,-34.29467888754,58.5));
#7112 = SEAM_CURVE('',#7113,(#7117,#7124),.PCURVE_S1.);
#7113 = LINE('',#7114,#7115);
#7114 = CARTESIAN_POINT('',(37.894678887548,-34.29467888754,58.5));
#7115 = VECTOR('',#7116,1.);
#7116 = DIRECTION('',(0.,0.,1.));
#7117 = PCURVE('',#191,#7118);
#7118 = DEFINITIONAL_REPRESENTATION('',(#7119),#7123);
#7119 = LINE('',#7120,#7121);
#7120 = CARTESIAN_POINT('',(6.28318530718,-0.));
#7121 = VECTOR('',#7122,1.);
#7122 = DIRECTION('',(0.,1.));
#7123 = ( GEOMETRIC_REPRESENTATION_CONTEXT(2) 
PARAMETRIC_REPRESENTATION_CONTEXT() REPRESENTATION_CONTEXT('2D SPACE',''
  ) );
#7124 = PCURVE('',#191,#7125);
#7125 = DEFINITIONAL_REPRESENTATION('',(#7126),#7130);
#7126 = LINE('',#7127,#7128);
#7127 = CARTESIAN_POINT('',(0.,-0.));
#7128 = VECTOR('',#7129,1.);
#7129 = DIRECTION('',(0.,1.));
#7130 = ( GEOMETRIC_REPRESENTATION_CONTEXT(2) 
PARAMETRIC_REPRESENTATION_CONTEXT() REPRESENTATION_CONTEXT('2D SPACE',''
  ) );
#7131 = ORIENTED_EDGE('',*,*,#7132,.T.);
#7132 = EDGE_CURVE('',#7110,#7110,#7133,.T.);
#7133 = SURFACE_CURVE('',#7134,(#7139,#7146),.PCURVE_S1.);
#7134 = CIRCLE('',#7135,3.6);
#7135 = AXIS2_PLACEMENT_3D('',#7136,#7137,#7138);
#7136 = CARTESIAN_POINT('',(34.294678887548,-34.29467888754,58.5));
#7137 = DIRECTION('',(0.,0.,1.));
#7138 = DIRECTION('',(1.,0.,-0.));
#7139 = PCURVE('',#191,#7140);
#7140 = DEFINITIONAL_REPRESENTATION('',(#7141),#7145);
#7141 = LINE('',#7142,#7143);
#7142 = CARTESIAN_POINT('',(0.,0.));
#7143 = VECTOR('',#7144,1.);
#7144 = DIRECTION('',(1.,0.));
#7145 = ( GEOMETRIC_REPRESENTATION_CONTEXT(2) 
PARAMETRIC_REPRESENTATION_CONTEXT() REPRESENTATION_CONTEXT('2D SPACE',''
  ) );
#7146 = PCURVE('',#7147,#7152);
#7147 = PLANE('',#7148);
#7148 = AXIS2_PLACEMENT_3D('',#7149,#7150,#7151);
#7149 = CARTESIAN_POINT('',(34.294678887548,-34.29467888754,58.5));
#7150 = DIRECTION('',(0.,0.,1.));
#7151 = DIRECTION('',(1.,0.,-0.));
#7152 = DEFINITIONAL_REPRESENTATION('',(#7153),#7157);
#7153 = CIRCLE('',#7154,3.6);
#7154 = AXIS2_PLACEMENT_2D('',#7155,#7156);
#7155 = CARTESIAN_POINT('',(0.,0.));
#7156 = DIRECTION('',(1.,0.));
#7157 = ( GEOMETRIC_REPRESENTATION_CONTEXT(2) 
PARAMETRIC_REPRESENTATION_CONTEXT() REPRESENTATION_CONTEXT('2D SPACE',''
  ) );
#7158 = ORIENTED_EDGE('',*,*,#7109,.T.);
#7159 = ADVANCED_FACE('',(#7160),#7147,.F.);
#7160 = FACE_BOUND('',#7161,.T.);
#7161 = EDGE_LOOP('',(#7162));
#7162 = ORIENTED_EDGE('',*,*,#7132,.F.);
#7163 = ADVANCED_FACE('',(#7164),#160,.T.);
#7164 = FACE_BOUND('',#7165,.T.);
#7165 = EDGE_LOOP('',(#7166,#7167,#7190,#7217));
#7166 = ORIENTED_EDGE('',*,*,#143,.F.);
#7167 = ORIENTED_EDGE('',*,*,#7168,.F.);
#7168 = EDGE_CURVE('',#7169,#144,#7171,.T.);
#7169 = VERTEX_POINT('',#7170);
#7170 = CARTESIAN_POINT('',(3.6,-48.5,58.5));
#7171 = SEAM_CURVE('',#7172,(#7176,#7183),.PCURVE_S1.);
#7172 = LINE('',#7173,#7174);
#7173 = CARTESIAN_POINT('',(3.6,-48.5,58.5));
#7174 = VECTOR('',#7175,1.);
#7175 = DIRECTION('',(0.,0.,1.));
#7176 = PCURVE('',#160,#7177);
#7177 = DEFINITIONAL_REPRESENTATION('',(#7178),#7182);
#7178 = LINE('',#7179,#7180);
#7179 = CARTESIAN_POINT('',(6.28318530718,-0.));
#7180 = VECTOR('',#7181,1.);
#7181 = DIRECTION('',(0.,1.));
#7182 = ( GEOMETRIC_REPRESENTATION_CONTEXT(2) 
PARAMETRIC_REPRESENTATION_CONTEXT() REPRESENTATION_CONTEXT('2D SPACE',''
  ) );
#7183 = PCURVE('',#160,#7184);
#7184 = DEFINITIONAL_REPRESENTATION('',(#7185),#7189);
#7185 = LINE('',#7186,#7187);
#7186 = CARTESIAN_POINT('',(0.,-0.));
#7187 = VECTOR('',#7188,1.);
#7188 = DIRECTION('',(0.,1.));
#7189 = ( GEOMETRIC_REPRESENTATION_CONTEXT(2) 
PARAMETRIC_REPRESENTATION_CONTEXT() REPRESENTATION_CONTEXT('2D SPACE',''
  ) );
#7190 = ORIENTED_EDGE('',*,*,#7191,.T.);
#7191 = EDGE_CURVE('',#7169,#7169,#7192,.T.);
#7192 = SURFACE_CURVE('',#7193,(#7198,#7205),.PCURVE_S1.);
#7193 = CIRCLE('',#7194,3.6);
#7194 = AXIS2_PLACEMENT_3D('',#7195,#7196,#7197);
#7195 = CARTESIAN_POINT('',(-8.909305463797E-15,-48.5,58.5));
#7196 = DIRECTION('',(0.,0.,1.));
#7197 = DIRECTION('',(1.,0.,-0.));
#7198 = PCURVE('',#160,#7199);
#7199 = DEFINITIONAL_REPRESENTATION('',(#7200),#7204);
#7200 = LINE('',#7201,#7202);
#7201 = CARTESIAN_POINT('',(0.,0.));
#7202 = VECTOR('',#7203,1.);
#7203 = DIRECTION('',(1.,0.));
#7204 = ( GEOMETRIC_REPRESENTATION_CONTEXT(2) 
PARAMETRIC_REPRESENTATION_CONTEXT() REPRESENTATION_CONTEXT('2D SPACE',''
  ) );
#7205 = PCURVE('',#7206,#7211);
#7206 = PLANE('',#7207);
#7207 = AXIS2_PLACEMENT_3D('',#7208,#7209,#7210);
#7208 = CARTESIAN_POINT('',(-8.909305463797E-15,-48.5,58.5));
#7209 = DIRECTION('',(0.,0.,1.));
#7210 = DIRECTION('',(1.,0.,-0.));
#7211 = DEFINITIONAL_REPRESENTATION('',(#7212),#7216);
#7212 = CIRCLE('',#7213,3.6);
#7213 = AXIS2_PLACEMENT_2D('',#7214,#7215);
#7214 = CARTESIAN_POINT('',(0.,0.));
#7215 = DIRECTION('',(1.,0.));
#7216 = ( GEOMETRIC_REPRESENTATION_CONTEXT(2) 
PARAMETRIC_REPRESENTATION_CONTEXT() REPRESENTATION_CONTEXT('2D SPACE',''
  ) );
#7217 = ORIENTED_EDGE('',*,*,#7168,.T.);
#7218 = ADVANCED_FACE('',(#7219),#7206,.F.);
#7219 = FACE_BOUND('',#7220,.T.);
#7220 = EDGE_LOOP('',(#7221));
#7221 = ORIENTED_EDGE('',*,*,#7191,.F.);
#7222 = ADVANCED_FACE('',(#7223),#129,.T.);
#7223 = FACE_BOUND('',#7224,.T.);
#7224 = EDGE_LOOP('',(#7225,#7226,#7249,#7276));
#7225 = ORIENTED_EDGE('',*,*,#112,.F.);
#7226 = ORIENTED_EDGE('',*,*,#7227,.F.);
#7227 = EDGE_CURVE('',#7228,#113,#7230,.T.);
#7228 = VERTEX_POINT('',#7229);
#7229 = CARTESIAN_POINT('',(-30.69467888754,-34.29467888754,58.5));
#7230 = SEAM_CURVE('',#7231,(#7235,#7242),.PCURVE_S1.);
#7231 = LINE('',#7232,#7233);
#7232 = CARTESIAN_POINT('',(-30.69467888754,-34.29467888754,58.5));
#7233 = VECTOR('',#7234,1.);
#7234 = DIRECTION('',(0.,0.,1.));
#7235 = PCURVE('',#129,#7236);
#7236 = DEFINITIONAL_REPRESENTATION('',(#7237),#7241);
#7237 = LINE('',#7238,#7239);
#7238 = CARTESIAN_POINT('',(6.28318530718,-0.));
#7239 = VECTOR('',#7240,1.);
#7240 = DIRECTION('',(0.,1.));
#7241 = ( GEOMETRIC_REPRESENTATION_CONTEXT(2) 
PARAMETRIC_REPRESENTATION_CONTEXT() REPRESENTATION_CONTEXT('2D SPACE',''
  ) );
#7242 = PCURVE('',#129,#7243);
#7243 = DEFINITIONAL_REPRESENTATION('',(#7244),#7248);
#7244 = LINE('',#7245,#7246);
#7245 = CARTESIAN_POINT('',(0.,-0.));
#7246 = VECTOR('',#7247,1.);
#7247 = DIRECTION('',(0.,1.));
#7248 = ( GEOMETRIC_REPRESENTATION_CONTEXT(2) 
PARAMETRIC_REPRESENTATION_CONTEXT() REPRESENTATION_CONTEXT('2D SPACE',''
  ) );
#7249 = ORIENTED_EDGE('',*,*,#7250,.T.);
#7250 = EDGE_CURVE('',#7228,#7228,#7251,.T.);
#7251 = SURFACE_CURVE('',#7252,(#7257,#7264),.PCURVE_S1.);
#7252 = CIRCLE('',#7253,3.6);
#7253 = AXIS2_PLACEMENT_3D('',#7254,#7255,#7256);
#7254 = CARTESIAN_POINT('',(-34.29467888754,-34.29467888754,58.5));
#7255 = DIRECTION('',(0.,0.,1.));
#7256 = DIRECTION('',(1.,0.,-0.));
#7257 = PCURVE('',#129,#7258);
#7258 = DEFINITIONAL_REPRESENTATION('',(#7259),#7263);
#7259 = LINE('',#7260,#7261);
#7260 = CARTESIAN_POINT('',(0.,0.));
#7261 = VECTOR('',#7262,1.);
#7262 = DIRECTION('',(1.,0.));
#7263 = ( GEOMETRIC_REPRESENTATION_CONTEXT(2) 
PARAMETRIC_REPRESENTATION_CONTEXT() REPRESENTATION_CONTEXT('2D SPACE',''
  ) );
#7264 = PCURVE('',#7265,#7270);
#7265 = PLANE('',#7266);
#7266 = AXIS2_PLACEMENT_3D('',#7267,#7268,#7269);
#7267 = CARTESIAN_POINT('',(-34.29467888754,-34.29467888754,58.5));
#7268 = DIRECTION('',(0.,0.,1.));
#7269 = DIRECTION('',(1.,0.,-0.));
#7270 = DEFINITIONAL_REPRESENTATION('',(#7271),#7275);
#7271 = CIRCLE('',#7272,3.6);
#7272 = AXIS2_PLACEMENT_2D('',#7273,#7274);
#7273 = CARTESIAN_POINT('',(0.,0.));
#7274 = DIRECTION('',(1.,0.));
#7275 = ( GEOMETRIC_REPRESENTATION_CONTEXT(2) 
PARAMETRIC_REPRESENTATION_CONTEXT() REPRESENTATION_CONTEXT('2D SPACE',''
  ) );
#7276 = ORIENTED_EDGE('',*,*,#7227,.T.);
#7277 = ADVANCED_FACE('',(#7278),#7265,.F.);
#7278 = FACE_BOUND('',#7279,.T.);
#7279 = EDGE_LOOP('',(#7280));
#7280 = ORIENTED_EDGE('',*,*,#7250,.F.);
#7281 = ADVANCED_FACE('',(#7282,#7285,#7316,#7347,#7378,#7409,#7440,
    #7443,#7474,#7505),#43,.T.);
#7282 = FACE_BOUND('',#7283,.T.);
#7283 = EDGE_LOOP('',(#7284));
#7284 = ORIENTED_EDGE('',*,*,#21,.T.);
#7285 = FACE_BOUND('',#7286,.T.);
#7286 = EDGE_LOOP('',(#7287));
#7287 = ORIENTED_EDGE('',*,*,#7288,.F.);
#7288 = EDGE_CURVE('',#7289,#7289,#7291,.T.);
#7289 = VERTEX_POINT('',#7290);
#7290 = CARTESIAN_POINT('',(-32.14467888754,-34.29467888754,64.));
#7291 = SURFACE_CURVE('',#7292,(#7297,#7304),.PCURVE_S1.);
#7292 = CIRCLE('',#7293,2.15);
#7293 = AXIS2_PLACEMENT_3D('',#7294,#7295,#7296);
#7294 = CARTESIAN_POINT('',(-34.29467888754,-34.29467888754,64.));
#7295 = DIRECTION('',(0.,0.,1.));
#7296 = DIRECTION('',(1.,0.,-0.));
#7297 = PCURVE('',#43,#7298);
#7298 = DEFINITIONAL_REPRESENTATION('',(#7299),#7303);
#7299 = CIRCLE('',#7300,2.15);
#7300 = AXIS2_PLACEMENT_2D('',#7301,#7302);
#7301 = CARTESIAN_POINT('',(-34.29467888754,-34.29467888754));
#7302 = DIRECTION('',(1.,0.));
#7303 = ( GEOMETRIC_REPRESENTATION_CONTEXT(2) 
PARAMETRIC_REPRESENTATION_CONTEXT() REPRESENTATION_CONTEXT('2D SPACE',''
  ) );
#7304 = PCURVE('',#7305,#7310);
#7305 = CYLINDRICAL_SURFACE('',#7306,2.15);
#7306 = AXIS2_PLACEMENT_3D('',#7307,#7308,#7309);
#7307 = CARTESIAN_POINT('',(-34.29467888754,-34.29467888754,60.2));
#7308 = DIRECTION('',(0.,0.,1.));
#7309 = DIRECTION('',(1.,0.,0.));
#7310 = DEFINITIONAL_REPRESENTATION('',(#7311),#7315);
#7311 = LINE('',#7312,#7313);
#7312 = CARTESIAN_POINT('',(0.,3.8));
#7313 = VECTOR('',#7314,1.);
#7314 = DIRECTION('',(1.,0.));
#7315 = ( GEOMETRIC_REPRESENTATION_CONTEXT(2) 
PARAMETRIC_REPRESENTATION_CONTEXT() REPRESENTATION_CONTEXT('2D SPACE',''
  ) );
#7316 = FACE_BOUND('',#7317,.T.);
#7317 = EDGE_LOOP('',(#7318));
#7318 = ORIENTED_EDGE('',*,*,#7319,.F.);
#7319 = EDGE_CURVE('',#7320,#7320,#7322,.T.);
#7320 = VERTEX_POINT('',#7321);
#7321 = CARTESIAN_POINT('',(2.15,-48.5,64.));
#7322 = SURFACE_CURVE('',#7323,(#7328,#7335),.PCURVE_S1.);
#7323 = CIRCLE('',#7324,2.15);
#7324 = AXIS2_PLACEMENT_3D('',#7325,#7326,#7327);
#7325 = CARTESIAN_POINT('',(-8.909305463797E-15,-48.5,64.));
#7326 = DIRECTION('',(0.,0.,1.));
#7327 = DIRECTION('',(1.,0.,-0.));
#7328 = PCURVE('',#43,#7329);
#7329 = DEFINITIONAL_REPRESENTATION('',(#7330),#7334);
#7330 = CIRCLE('',#7331,2.15);
#7331 = AXIS2_PLACEMENT_2D('',#7332,#7333);
#7332 = CARTESIAN_POINT('',(-8.909305463797E-15,-48.5));
#7333 = DIRECTION('',(1.,0.));
#7334 = ( GEOMETRIC_REPRESENTATION_CONTEXT(2) 
PARAMETRIC_REPRESENTATION_CONTEXT() REPRESENTATION_CONTEXT('2D SPACE',''
  ) );
#7335 = PCURVE('',#7336,#7341);
#7336 = CYLINDRICAL_SURFACE('',#7337,2.15);
#7337 = AXIS2_PLACEMENT_3D('',#7338,#7339,#7340);
#7338 = CARTESIAN_POINT('',(-8.909305463797E-15,-48.5,60.2));
#7339 = DIRECTION('',(0.,0.,1.));
#7340 = DIRECTION('',(1.,0.,0.));
#7341 = DEFINITIONAL_REPRESENTATION('',(#7342),#7346);
#7342 = LINE('',#7343,#7344);
#7343 = CARTESIAN_POINT('',(0.,3.8));
#7344 = VECTOR('',#7345,1.);
#7345 = DIRECTION('',(1.,0.));
#7346 = ( GEOMETRIC_REPRESENTATION_CONTEXT(2) 
PARAMETRIC_REPRESENTATION_CONTEXT() REPRESENTATION_CONTEXT('2D SPACE',''
  ) );
#7347 = FACE_BOUND('',#7348,.T.);
#7348 = EDGE_LOOP('',(#7349));
#7349 = ORIENTED_EDGE('',*,*,#7350,.F.);
#7350 = EDGE_CURVE('',#7351,#7351,#7353,.T.);
#7351 = VERTEX_POINT('',#7352);
#7352 = CARTESIAN_POINT('',(36.444678887548,-34.29467888754,64.));
#7353 = SURFACE_CURVE('',#7354,(#7359,#7366),.PCURVE_S1.);
#7354 = CIRCLE('',#7355,2.15);
#7355 = AXIS2_PLACEMENT_3D('',#7356,#7357,#7358);
#7356 = CARTESIAN_POINT('',(34.294678887548,-34.29467888754,64.));
#7357 = DIRECTION('',(0.,0.,1.));
#7358 = DIRECTION('',(1.,0.,-0.));
#7359 = PCURVE('',#43,#7360);
#7360 = DEFINITIONAL_REPRESENTATION('',(#7361),#7365);
#7361 = CIRCLE('',#7362,2.15);
#7362 = AXIS2_PLACEMENT_2D('',#7363,#7364);
#7363 = CARTESIAN_POINT('',(34.294678887548,-34.29467888754));
#7364 = DIRECTION('',(1.,0.));
#7365 = ( GEOMETRIC_REPRESENTATION_CONTEXT(2) 
PARAMETRIC_REPRESENTATION_CONTEXT() REPRESENTATION_CONTEXT('2D SPACE',''
  ) );
#7366 = PCURVE('',#7367,#7372);
#7367 = CYLINDRICAL_SURFACE('',#7368,2.15);
#7368 = AXIS2_PLACEMENT_3D('',#7369,#7370,#7371);
#7369 = CARTESIAN_POINT('',(34.294678887548,-34.29467888754,60.2));
#7370 = DIRECTION('',(0.,0.,1.));
#7371 = DIRECTION('',(1.,0.,0.));
#7372 = DEFINITIONAL_REPRESENTATION('',(#7373),#7377);
#7373 = LINE('',#7374,#7375);
#7374 = CARTESIAN_POINT('',(0.,3.8));
#7375 = VECTOR('',#7376,1.);
#7376 = DIRECTION('',(1.,0.));
#7377 = ( GEOMETRIC_REPRESENTATION_CONTEXT(2) 
PARAMETRIC_REPRESENTATION_CONTEXT() REPRESENTATION_CONTEXT('2D SPACE',''
  ) );
#7378 = FACE_BOUND('',#7379,.T.);
#7379 = EDGE_LOOP('',(#7380));
#7380 = ORIENTED_EDGE('',*,*,#7381,.F.);
#7381 = EDGE_CURVE('',#7382,#7382,#7384,.T.);
#7382 = VERTEX_POINT('',#7383);
#7383 = CARTESIAN_POINT('',(-46.35,5.412938852231E-15,64.));
#7384 = SURFACE_CURVE('',#7385,(#7390,#7397),.PCURVE_S1.);
#7385 = CIRCLE('',#7386,2.15);
#7386 = AXIS2_PLACEMENT_3D('',#7387,#7388,#7389);
#7387 = CARTESIAN_POINT('',(-48.5,5.939536975865E-15,64.));
#7388 = DIRECTION('',(0.,0.,1.));
#7389 = DIRECTION('',(1.,0.,-0.));
#7390 = PCURVE('',#43,#7391);
#7391 = DEFINITIONAL_REPRESENTATION('',(#7392),#7396);
#7392 = CIRCLE('',#7393,2.15);
#7393 = AXIS2_PLACEMENT_2D('',#7394,#7395);
#7394 = CARTESIAN_POINT('',(-48.5,5.939536975865E-15));
#7395 = DIRECTION('',(1.,0.));
#7396 = ( GEOMETRIC_REPRESENTATION_CONTEXT(2) 
PARAMETRIC_REPRESENTATION_CONTEXT() REPRESENTATION_CONTEXT('2D SPACE',''
  ) );
#7397 = PCURVE('',#7398,#7403);
#7398 = CYLINDRICAL_SURFACE('',#7399,2.15);
#7399 = AXIS2_PLACEMENT_3D('',#7400,#7401,#7402);
#7400 = CARTESIAN_POINT('',(-48.5,5.939536975865E-15,60.2));
#7401 = DIRECTION('',(0.,0.,1.));
#7402 = DIRECTION('',(1.,0.,0.));
#7403 = DEFINITIONAL_REPRESENTATION('',(#7404),#7408);
#7404 = LINE('',#7405,#7406);
#7405 = CARTESIAN_POINT('',(0.,3.8));
#7406 = VECTOR('',#7407,1.);
#7407 = DIRECTION('',(1.,0.));
#7408 = ( GEOMETRIC_REPRESENTATION_CONTEXT(2) 
PARAMETRIC_REPRESENTATION_CONTEXT() REPRESENTATION_CONTEXT('2D SPACE',''
  ) );
#7409 = FACE_BOUND('',#7410,.T.);
#7410 = EDGE_LOOP('',(#7411));
#7411 = ORIENTED_EDGE('',*,*,#7412,.F.);
#7412 = EDGE_CURVE('',#7413,#7413,#7415,.T.);
#7413 = VERTEX_POINT('',#7414);
#7414 = CARTESIAN_POINT('',(-32.14467888754,34.294678887548,64.));
#7415 = SURFACE_CURVE('',#7416,(#7421,#7428),.PCURVE_S1.);
#7416 = CIRCLE('',#7417,2.15);
#7417 = AXIS2_PLACEMENT_3D('',#7418,#7419,#7420);
#7418 = CARTESIAN_POINT('',(-34.29467888754,34.294678887548,64.));
#7419 = DIRECTION('',(0.,0.,1.));
#7420 = DIRECTION('',(1.,0.,-0.));
#7421 = PCURVE('',#43,#7422);
#7422 = DEFINITIONAL_REPRESENTATION('',(#7423),#7427);
#7423 = CIRCLE('',#7424,2.15);
#7424 = AXIS2_PLACEMENT_2D('',#7425,#7426);
#7425 = CARTESIAN_POINT('',(-34.29467888754,34.294678887548));
#7426 = DIRECTION('',(1.,0.));
#7427 = ( GEOMETRIC_REPRESENTATION_CONTEXT(2) 
PARAMETRIC_REPRESENTATION_CONTEXT() REPRESENTATION_CONTEXT('2D SPACE',''
  ) );
#7428 = PCURVE('',#7429,#7434);
#7429 = CYLINDRICAL_SURFACE('',#7430,2.15);
#7430 = AXIS2_PLACEMENT_3D('',#7431,#7432,#7433);
#7431 = CARTESIAN_POINT('',(-34.29467888754,34.294678887548,60.2));
#7432 = DIRECTION('',(0.,0.,1.));
#7433 = DIRECTION('',(1.,0.,0.));
#7434 = DEFINITIONAL_REPRESENTATION('',(#7435),#7439);
#7435 = LINE('',#7436,#7437);
#7436 = CARTESIAN_POINT('',(0.,3.8));
#7437 = VECTOR('',#7438,1.);
#7438 = DIRECTION('',(1.,0.));
#7439 = ( GEOMETRIC_REPRESENTATION_CONTEXT(2) 
PARAMETRIC_REPRESENTATION_CONTEXT() REPRESENTATION_CONTEXT('2D SPACE',''
  ) );
#7440 = FACE_BOUND('',#7441,.T.);
#7441 = EDGE_LOOP('',(#7442));
#7442 = ORIENTED_EDGE('',*,*,#6507,.F.);
#7443 = FACE_BOUND('',#7444,.T.);
#7444 = EDGE_LOOP('',(#7445));
#7445 = ORIENTED_EDGE('',*,*,#7446,.F.);
#7446 = EDGE_CURVE('',#7447,#7447,#7449,.T.);
#7447 = VERTEX_POINT('',#7448);
#7448 = CARTESIAN_POINT('',(50.65,-5.265981236334E-16,64.));
#7449 = SURFACE_CURVE('',#7450,(#7455,#7462),.PCURVE_S1.);
#7450 = CIRCLE('',#7451,2.15);
#7451 = AXIS2_PLACEMENT_3D('',#7452,#7453,#7454);
#7452 = CARTESIAN_POINT('',(48.5,0.,64.));
#7453 = DIRECTION('',(0.,0.,1.));
#7454 = DIRECTION('',(1.,0.,-0.));
#7455 = PCURVE('',#43,#7456);
#7456 = DEFINITIONAL_REPRESENTATION('',(#7457),#7461);
#7457 = CIRCLE('',#7458,2.15);
#7458 = AXIS2_PLACEMENT_2D('',#7459,#7460);
#7459 = CARTESIAN_POINT('',(48.5,0.));
#7460 = DIRECTION('',(1.,0.));
#7461 = ( GEOMETRIC_REPRESENTATION_CONTEXT(2) 
PARAMETRIC_REPRESENTATION_CONTEXT() REPRESENTATION_CONTEXT('2D SPACE',''
  ) );
#7462 = PCURVE('',#7463,#7468);
#7463 = CYLINDRICAL_SURFACE('',#7464,2.15);
#7464 = AXIS2_PLACEMENT_3D('',#7465,#7466,#7467);
#7465 = CARTESIAN_POINT('',(48.5,0.,60.2));
#7466 = DIRECTION('',(0.,0.,1.));
#7467 = DIRECTION('',(1.,0.,0.));
#7468 = DEFINITIONAL_REPRESENTATION('',(#7469),#7473);
#7469 = LINE('',#7470,#7471);
#7470 = CARTESIAN_POINT('',(0.,3.8));
#7471 = VECTOR('',#7472,1.);
#7472 = DIRECTION('',(1.,0.));
#7473 = ( GEOMETRIC_REPRESENTATION_CONTEXT(2) 
PARAMETRIC_REPRESENTATION_CONTEXT() REPRESENTATION_CONTEXT('2D SPACE',''
  ) );
#7474 = FACE_BOUND('',#7475,.T.);
#7475 = EDGE_LOOP('',(#7476));
#7476 = ORIENTED_EDGE('',*,*,#7477,.F.);
#7477 = EDGE_CURVE('',#7478,#7478,#7480,.T.);
#7478 = VERTEX_POINT('',#7479);
#7479 = CARTESIAN_POINT('',(2.15,48.5,64.));
#7480 = SURFACE_CURVE('',#7481,(#7486,#7493),.PCURVE_S1.);
#7481 = CIRCLE('',#7482,2.15);
#7482 = AXIS2_PLACEMENT_3D('',#7483,#7484,#7485);
#7483 = CARTESIAN_POINT('',(2.969768487932E-15,48.5,64.));
#7484 = DIRECTION('',(0.,0.,1.));
#7485 = DIRECTION('',(1.,0.,-0.));
#7486 = PCURVE('',#43,#7487);
#7487 = DEFINITIONAL_REPRESENTATION('',(#7488),#7492);
#7488 = CIRCLE('',#7489,2.15);
#7489 = AXIS2_PLACEMENT_2D('',#7490,#7491);
#7490 = CARTESIAN_POINT('',(2.969768487932E-15,48.5));
#7491 = DIRECTION('',(1.,0.));
#7492 = ( GEOMETRIC_REPRESENTATION_CONTEXT(2) 
PARAMETRIC_REPRESENTATION_CONTEXT() REPRESENTATION_CONTEXT('2D SPACE',''
  ) );
#7493 = PCURVE('',#7494,#7499);
#7494 = CYLINDRICAL_SURFACE('',#7495,2.15);
#7495 = AXIS2_PLACEMENT_3D('',#7496,#7497,#7498);
#7496 = CARTESIAN_POINT('',(2.969768487932E-15,48.5,60.2));
#7497 = DIRECTION('',(0.,0.,1.));
#7498 = DIRECTION('',(1.,0.,0.));
#7499 = DEFINITIONAL_REPRESENTATION('',(#7500),#7504);
#7500 = LINE('',#7501,#7502);
#7501 = CARTESIAN_POINT('',(0.,3.8));
#7502 = VECTOR('',#7503,1.);
#7503 = DIRECTION('',(1.,0.));
#7504 = ( GEOMETRIC_REPRESENTATION_CONTEXT(2) 
PARAMETRIC_REPRESENTATION_CONTEXT() REPRESENTATION_CONTEXT('2D SPACE',''
  ) );
#7505 = FACE_BOUND('',#7506,.T.);
#7506 = EDGE_LOOP('',(#7507));
#7507 = ORIENTED_EDGE('',*,*,#7508,.F.);
#7508 = EDGE_CURVE('',#7509,#7509,#7511,.T.);
#7509 = VERTEX_POINT('',#7510);
#7510 = CARTESIAN_POINT('',(36.444678887548,34.294678887548,64.));
#7511 = SURFACE_CURVE('',#7512,(#7517,#7524),.PCURVE_S1.);
#7512 = CIRCLE('',#7513,2.15);
#7513 = AXIS2_PLACEMENT_3D('',#7514,#7515,#7516);
#7514 = CARTESIAN_POINT('',(34.294678887548,34.294678887548,64.));
#7515 = DIRECTION('',(0.,0.,1.));
#7516 = DIRECTION('',(1.,0.,-0.));
#7517 = PCURVE('',#43,#7518);
#7518 = DEFINITIONAL_REPRESENTATION('',(#7519),#7523);
#7519 = CIRCLE('',#7520,2.15);
#7520 = AXIS2_PLACEMENT_2D('',#7521,#7522);
#7521 = CARTESIAN_POINT('',(34.294678887548,34.294678887548));
#7522 = DIRECTION('',(1.,0.));
#7523 = ( GEOMETRIC_REPRESENTATION_CONTEXT(2) 
PARAMETRIC_REPRESENTATION_CONTEXT() REPRESENTATION_CONTEXT('2D SPACE',''
  ) );
#7524 = PCURVE('',#7525,#7530);
#7525 = CYLINDRICAL_SURFACE('',#7526,2.15);
#7526 = AXIS2_PLACEMENT_3D('',#7527,#7528,#7529);
#7527 = CARTESIAN_POINT('',(34.294678887548,34.294678887548,60.2));
#7528 = DIRECTION('',(0.,0.,1.));
#7529 = DIRECTION('',(1.,0.,0.));
#7530 = DEFINITIONAL_REPRESENTATION('',(#7531),#7535);
#7531 = LINE('',#7532,#7533);
#7532 = CARTESIAN_POINT('',(0.,3.8));
#7533 = VECTOR('',#7534,1.);
#7534 = DIRECTION('',(1.,0.));
#7535 = ( GEOMETRIC_REPRESENTATION_CONTEXT(2) 
PARAMETRIC_REPRESENTATION_CONTEXT() REPRESENTATION_CONTEXT('2D SPACE',''
  ) );
#7536 = ADVANCED_FACE('',(#7537),#7525,.F.);
#7537 = FACE_BOUND('',#7538,.F.);
#7538 = EDGE_LOOP('',(#7539,#7540,#7563,#7590));
#7539 = ORIENTED_EDGE('',*,*,#7508,.F.);
#7540 = ORIENTED_EDGE('',*,*,#7541,.F.);
#7541 = EDGE_CURVE('',#7542,#7509,#7544,.T.);
#7542 = VERTEX_POINT('',#7543);
#7543 = CARTESIAN_POINT('',(36.444678887548,34.294678887548,60.2));
#7544 = SEAM_CURVE('',#7545,(#7549,#7556),.PCURVE_S1.);
#7545 = LINE('',#7546,#7547);
#7546 = CARTESIAN_POINT('',(36.444678887548,34.294678887548,60.2));
#7547 = VECTOR('',#7548,1.);
#7548 = DIRECTION('',(0.,0.,1.));
#7549 = PCURVE('',#7525,#7550);
#7550 = DEFINITIONAL_REPRESENTATION('',(#7551),#7555);
#7551 = LINE('',#7552,#7553);
#7552 = CARTESIAN_POINT('',(6.28318530718,-0.));
#7553 = VECTOR('',#7554,1.);
#7554 = DIRECTION('',(0.,1.));
#7555 = ( GEOMETRIC_REPRESENTATION_CONTEXT(2) 
PARAMETRIC_REPRESENTATION_CONTEXT() REPRESENTATION_CONTEXT('2D SPACE',''
  ) );
#7556 = PCURVE('',#7525,#7557);
#7557 = DEFINITIONAL_REPRESENTATION('',(#7558),#7562);
#7558 = LINE('',#7559,#7560);
#7559 = CARTESIAN_POINT('',(0.,-0.));
#7560 = VECTOR('',#7561,1.);
#7561 = DIRECTION('',(0.,1.));
#7562 = ( GEOMETRIC_REPRESENTATION_CONTEXT(2) 
PARAMETRIC_REPRESENTATION_CONTEXT() REPRESENTATION_CONTEXT('2D SPACE',''
  ) );
#7563 = ORIENTED_EDGE('',*,*,#7564,.T.);
#7564 = EDGE_CURVE('',#7542,#7542,#7565,.T.);
#7565 = SURFACE_CURVE('',#7566,(#7571,#7578),.PCURVE_S1.);
#7566 = CIRCLE('',#7567,2.15);
#7567 = AXIS2_PLACEMENT_3D('',#7568,#7569,#7570);
#7568 = CARTESIAN_POINT('',(34.294678887548,34.294678887548,60.2));
#7569 = DIRECTION('',(0.,0.,1.));
#7570 = DIRECTION('',(1.,0.,0.));
#7571 = PCURVE('',#7525,#7572);
#7572 = DEFINITIONAL_REPRESENTATION('',(#7573),#7577);
#7573 = LINE('',#7574,#7575);
#7574 = CARTESIAN_POINT('',(0.,0.));
#7575 = VECTOR('',#7576,1.);
#7576 = DIRECTION('',(1.,0.));
#7577 = ( GEOMETRIC_REPRESENTATION_CONTEXT(2) 
PARAMETRIC_REPRESENTATION_CONTEXT() REPRESENTATION_CONTEXT('2D SPACE',''
  ) );
#7578 = PCURVE('',#7579,#7584);
#7579 = PLANE('',#7580);
#7580 = AXIS2_PLACEMENT_3D('',#7581,#7582,#7583);
#7581 = CARTESIAN_POINT('',(34.294678887548,34.294678887548,60.2));
#7582 = DIRECTION('',(0.,0.,1.));
#7583 = DIRECTION('',(1.,0.,0.));
#7584 = DEFINITIONAL_REPRESENTATION('',(#7585),#7589);
#7585 = CIRCLE('',#7586,2.15);
#7586 = AXIS2_PLACEMENT_2D('',#7587,#7588);
#7587 = CARTESIAN_POINT('',(0.,0.));
#7588 = DIRECTION('',(1.,0.));
#7589 = ( GEOMETRIC_REPRESENTATION_CONTEXT(2) 
PARAMETRIC_REPRESENTATION_CONTEXT() REPRESENTATION_CONTEXT('2D SPACE',''
  ) );
#7590 = ORIENTED_EDGE('',*,*,#7541,.T.);
#7591 = ADVANCED_FACE('',(#7592),#7579,.T.);
#7592 = FACE_BOUND('',#7593,.F.);
#7593 = EDGE_LOOP('',(#7594));
#7594 = ORIENTED_EDGE('',*,*,#7564,.F.);
#7595 = ADVANCED_FACE('',(#7596),#7494,.F.);
#7596 = FACE_BOUND('',#7597,.F.);
#7597 = EDGE_LOOP('',(#7598,#7599,#7622,#7649));
#7598 = ORIENTED_EDGE('',*,*,#7477,.F.);
#7599 = ORIENTED_EDGE('',*,*,#7600,.F.);
#7600 = EDGE_CURVE('',#7601,#7478,#7603,.T.);
#7601 = VERTEX_POINT('',#7602);
#7602 = CARTESIAN_POINT('',(2.15,48.5,60.2));
#7603 = SEAM_CURVE('',#7604,(#7608,#7615),.PCURVE_S1.);
#7604 = LINE('',#7605,#7606);
#7605 = CARTESIAN_POINT('',(2.15,48.5,60.2));
#7606 = VECTOR('',#7607,1.);
#7607 = DIRECTION('',(0.,0.,1.));
#7608 = PCURVE('',#7494,#7609);
#7609 = DEFINITIONAL_REPRESENTATION('',(#7610),#7614);
#7610 = LINE('',#7611,#7612);
#7611 = CARTESIAN_POINT('',(6.28318530718,-0.));
#7612 = VECTOR('',#7613,1.);
#7613 = DIRECTION('',(0.,1.));
#7614 = ( GEOMETRIC_REPRESENTATION_CONTEXT(2) 
PARAMETRIC_REPRESENTATION_CONTEXT() REPRESENTATION_CONTEXT('2D SPACE',''
  ) );
#7615 = PCURVE('',#7494,#7616);
#7616 = DEFINITIONAL_REPRESENTATION('',(#7617),#7621);
#7617 = LINE('',#7618,#7619);
#7618 = CARTESIAN_POINT('',(0.,-0.));
#7619 = VECTOR('',#7620,1.);
#7620 = DIRECTION('',(0.,1.));
#7621 = ( GEOMETRIC_REPRESENTATION_CONTEXT(2) 
PARAMETRIC_REPRESENTATION_CONTEXT() REPRESENTATION_CONTEXT('2D SPACE',''
  ) );
#7622 = ORIENTED_EDGE('',*,*,#7623,.T.);
#7623 = EDGE_CURVE('',#7601,#7601,#7624,.T.);
#7624 = SURFACE_CURVE('',#7625,(#7630,#7637),.PCURVE_S1.);
#7625 = CIRCLE('',#7626,2.15);
#7626 = AXIS2_PLACEMENT_3D('',#7627,#7628,#7629);
#7627 = CARTESIAN_POINT('',(2.969768487932E-15,48.5,60.2));
#7628 = DIRECTION('',(0.,0.,1.));
#7629 = DIRECTION('',(1.,0.,0.));
#7630 = PCURVE('',#7494,#7631);
#7631 = DEFINITIONAL_REPRESENTATION('',(#7632),#7636);
#7632 = LINE('',#7633,#7634);
#7633 = CARTESIAN_POINT('',(0.,0.));
#7634 = VECTOR('',#7635,1.);
#7635 = DIRECTION('',(1.,0.));
#7636 = ( GEOMETRIC_REPRESENTATION_CONTEXT(2) 
PARAMETRIC_REPRESENTATION_CONTEXT() REPRESENTATION_CONTEXT('2D SPACE',''
  ) );
#7637 = PCURVE('',#7638,#7643);
#7638 = PLANE('',#7639);
#7639 = AXIS2_PLACEMENT_3D('',#7640,#7641,#7642);
#7640 = CARTESIAN_POINT('',(2.969768487932E-15,48.5,60.2));
#7641 = DIRECTION('',(0.,0.,1.));
#7642 = DIRECTION('',(1.,0.,0.));
#7643 = DEFINITIONAL_REPRESENTATION('',(#7644),#7648);
#7644 = CIRCLE('',#7645,2.15);
#7645 = AXIS2_PLACEMENT_2D('',#7646,#7647);
#7646 = CARTESIAN_POINT('',(0.,0.));
#7647 = DIRECTION('',(1.,0.));
#7648 = ( GEOMETRIC_REPRESENTATION_CONTEXT(2) 
PARAMETRIC_REPRESENTATION_CONTEXT() REPRESENTATION_CONTEXT('2D SPACE',''
  ) );
#7649 = ORIENTED_EDGE('',*,*,#7600,.T.);
#7650 = ADVANCED_FACE('',(#7651),#7638,.T.);
#7651 = FACE_BOUND('',#7652,.F.);
#7652 = EDGE_LOOP('',(#7653));
#7653 = ORIENTED_EDGE('',*,*,#7623,.F.);
#7654 = ADVANCED_FACE('',(#7655),#7463,.F.);
#7655 = FACE_BOUND('',#7656,.F.);
#7656 = EDGE_LOOP('',(#7657,#7658,#7681,#7708));
#7657 = ORIENTED_EDGE('',*,*,#7446,.F.);
#7658 = ORIENTED_EDGE('',*,*,#7659,.F.);
#7659 = EDGE_CURVE('',#7660,#7447,#7662,.T.);
#7660 = VERTEX_POINT('',#7661);
#7661 = CARTESIAN_POINT('',(50.65,-5.265981236334E-16,60.2));
#7662 = SEAM_CURVE('',#7663,(#7667,#7674),.PCURVE_S1.);
#7663 = LINE('',#7664,#7665);
#7664 = CARTESIAN_POINT('',(50.65,-5.265981236334E-16,60.2));
#7665 = VECTOR('',#7666,1.);
#7666 = DIRECTION('',(0.,0.,1.));
#7667 = PCURVE('',#7463,#7668);
#7668 = DEFINITIONAL_REPRESENTATION('',(#7669),#7673);
#7669 = LINE('',#7670,#7671);
#7670 = CARTESIAN_POINT('',(6.28318530718,-0.));
#7671 = VECTOR('',#7672,1.);
#7672 = DIRECTION('',(0.,1.));
#7673 = ( GEOMETRIC_REPRESENTATION_CONTEXT(2) 
PARAMETRIC_REPRESENTATION_CONTEXT() REPRESENTATION_CONTEXT('2D SPACE',''
  ) );
#7674 = PCURVE('',#7463,#7675);
#7675 = DEFINITIONAL_REPRESENTATION('',(#7676),#7680);
#7676 = LINE('',#7677,#7678);
#7677 = CARTESIAN_POINT('',(0.,-0.));
#7678 = VECTOR('',#7679,1.);
#7679 = DIRECTION('',(0.,1.));
#7680 = ( GEOMETRIC_REPRESENTATION_CONTEXT(2) 
PARAMETRIC_REPRESENTATION_CONTEXT() REPRESENTATION_CONTEXT('2D SPACE',''
  ) );
#7681 = ORIENTED_EDGE('',*,*,#7682,.T.);
#7682 = EDGE_CURVE('',#7660,#7660,#7683,.T.);
#7683 = SURFACE_CURVE('',#7684,(#7689,#7696),.PCURVE_S1.);
#7684 = CIRCLE('',#7685,2.15);
#7685 = AXIS2_PLACEMENT_3D('',#7686,#7687,#7688);
#7686 = CARTESIAN_POINT('',(48.5,0.,60.2));
#7687 = DIRECTION('',(0.,0.,1.));
#7688 = DIRECTION('',(1.,0.,0.));
#7689 = PCURVE('',#7463,#7690);
#7690 = DEFINITIONAL_REPRESENTATION('',(#7691),#7695);
#7691 = LINE('',#7692,#7693);
#7692 = CARTESIAN_POINT('',(0.,0.));
#7693 = VECTOR('',#7694,1.);
#7694 = DIRECTION('',(1.,0.));
#7695 = ( GEOMETRIC_REPRESENTATION_CONTEXT(2) 
PARAMETRIC_REPRESENTATION_CONTEXT() REPRESENTATION_CONTEXT('2D SPACE',''
  ) );
#7696 = PCURVE('',#7697,#7702);
#7697 = PLANE('',#7698);
#7698 = AXIS2_PLACEMENT_3D('',#7699,#7700,#7701);
#7699 = CARTESIAN_POINT('',(48.5,0.,60.2));
#7700 = DIRECTION('',(0.,0.,1.));
#7701 = DIRECTION('',(1.,0.,0.));
#7702 = DEFINITIONAL_REPRESENTATION('',(#7703),#7707);
#7703 = CIRCLE('',#7704,2.15);
#7704 = AXIS2_PLACEMENT_2D('',#7705,#7706);
#7705 = CARTESIAN_POINT('',(0.,0.));
#7706 = DIRECTION('',(1.,0.));
#7707 = ( GEOMETRIC_REPRESENTATION_CONTEXT(2) 
PARAMETRIC_REPRESENTATION_CONTEXT() REPRESENTATION_CONTEXT('2D SPACE',''
  ) );
#7708 = ORIENTED_EDGE('',*,*,#7659,.T.);
#7709 = ADVANCED_FACE('',(#7710),#7697,.T.);
#7710 = FACE_BOUND('',#7711,.F.);
#7711 = EDGE_LOOP('',(#7712));
#7712 = ORIENTED_EDGE('',*,*,#7682,.F.);
#7713 = ADVANCED_FACE('',(#7714),#7429,.F.);
#7714 = FACE_BOUND('',#7715,.F.);
#7715 = EDGE_LOOP('',(#7716,#7717,#7740,#7767));
#7716 = ORIENTED_EDGE('',*,*,#7412,.F.);
#7717 = ORIENTED_EDGE('',*,*,#7718,.F.);
#7718 = EDGE_CURVE('',#7719,#7413,#7721,.T.);
#7719 = VERTEX_POINT('',#7720);
#7720 = CARTESIAN_POINT('',(-32.14467888754,34.294678887548,60.2));
#7721 = SEAM_CURVE('',#7722,(#7726,#7733),.PCURVE_S1.);
#7722 = LINE('',#7723,#7724);
#7723 = CARTESIAN_POINT('',(-32.14467888754,34.294678887548,60.2));
#7724 = VECTOR('',#7725,1.);
#7725 = DIRECTION('',(0.,0.,1.));
#7726 = PCURVE('',#7429,#7727);
#7727 = DEFINITIONAL_REPRESENTATION('',(#7728),#7732);
#7728 = LINE('',#7729,#7730);
#7729 = CARTESIAN_POINT('',(6.28318530718,-0.));
#7730 = VECTOR('',#7731,1.);
#7731 = DIRECTION('',(0.,1.));
#7732 = ( GEOMETRIC_REPRESENTATION_CONTEXT(2) 
PARAMETRIC_REPRESENTATION_CONTEXT() REPRESENTATION_CONTEXT('2D SPACE',''
  ) );
#7733 = PCURVE('',#7429,#7734);
#7734 = DEFINITIONAL_REPRESENTATION('',(#7735),#7739);
#7735 = LINE('',#7736,#7737);
#7736 = CARTESIAN_POINT('',(0.,-0.));
#7737 = VECTOR('',#7738,1.);
#7738 = DIRECTION('',(0.,1.));
#7739 = ( GEOMETRIC_REPRESENTATION_CONTEXT(2) 
PARAMETRIC_REPRESENTATION_CONTEXT() REPRESENTATION_CONTEXT('2D SPACE',''
  ) );
#7740 = ORIENTED_EDGE('',*,*,#7741,.T.);
#7741 = EDGE_CURVE('',#7719,#7719,#7742,.T.);
#7742 = SURFACE_CURVE('',#7743,(#7748,#7755),.PCURVE_S1.);
#7743 = CIRCLE('',#7744,2.15);
#7744 = AXIS2_PLACEMENT_3D('',#7745,#7746,#7747);
#7745 = CARTESIAN_POINT('',(-34.29467888754,34.294678887548,60.2));
#7746 = DIRECTION('',(0.,0.,1.));
#7747 = DIRECTION('',(1.,0.,0.));
#7748 = PCURVE('',#7429,#7749);
#7749 = DEFINITIONAL_REPRESENTATION('',(#7750),#7754);
#7750 = LINE('',#7751,#7752);
#7751 = CARTESIAN_POINT('',(0.,0.));
#7752 = VECTOR('',#7753,1.);
#7753 = DIRECTION('',(1.,0.));
#7754 = ( GEOMETRIC_REPRESENTATION_CONTEXT(2) 
PARAMETRIC_REPRESENTATION_CONTEXT() REPRESENTATION_CONTEXT('2D SPACE',''
  ) );
#7755 = PCURVE('',#7756,#7761);
#7756 = PLANE('',#7757);
#7757 = AXIS2_PLACEMENT_3D('',#7758,#7759,#7760);
#7758 = CARTESIAN_POINT('',(-34.29467888754,34.294678887548,60.2));
#7759 = DIRECTION('',(0.,0.,1.));
#7760 = DIRECTION('',(1.,0.,0.));
#7761 = DEFINITIONAL_REPRESENTATION('',(#7762),#7766);
#7762 = CIRCLE('',#7763,2.15);
#7763 = AXIS2_PLACEMENT_2D('',#7764,#7765);
#7764 = CARTESIAN_POINT('',(0.,0.));
#7765 = DIRECTION('',(1.,0.));
#7766 = ( GEOMETRIC_REPRESENTATION_CONTEXT(2) 
PARAMETRIC_REPRESENTATION_CONTEXT() REPRESENTATION_CONTEXT('2D SPACE',''
  ) );
#7767 = ORIENTED_EDGE('',*,*,#7718,.T.);
#7768 = ADVANCED_FACE('',(#7769),#7756,.T.);
#7769 = FACE_BOUND('',#7770,.F.);
#7770 = EDGE_LOOP('',(#7771));
#7771 = ORIENTED_EDGE('',*,*,#7741,.F.);
#7772 = ADVANCED_FACE('',(#7773),#7398,.F.);
#7773 = FACE_BOUND('',#7774,.F.);
#7774 = EDGE_LOOP('',(#7775,#7776,#7799,#7826));
#7775 = ORIENTED_EDGE('',*,*,#7381,.F.);
#7776 = ORIENTED_EDGE('',*,*,#7777,.F.);
#7777 = EDGE_CURVE('',#7778,#7382,#7780,.T.);
#7778 = VERTEX_POINT('',#7779);
#7779 = CARTESIAN_POINT('',(-46.35,5.412938852231E-15,60.2));
#7780 = SEAM_CURVE('',#7781,(#7785,#7792),.PCURVE_S1.);
#7781 = LINE('',#7782,#7783);
#7782 = CARTESIAN_POINT('',(-46.35,5.412938852231E-15,60.2));
#7783 = VECTOR('',#7784,1.);
#7784 = DIRECTION('',(0.,0.,1.));
#7785 = PCURVE('',#7398,#7786);
#7786 = DEFINITIONAL_REPRESENTATION('',(#7787),#7791);
#7787 = LINE('',#7788,#7789);
#7788 = CARTESIAN_POINT('',(6.28318530718,-0.));
#7789 = VECTOR('',#7790,1.);
#7790 = DIRECTION('',(0.,1.));
#7791 = ( GEOMETRIC_REPRESENTATION_CONTEXT(2) 
PARAMETRIC_REPRESENTATION_CONTEXT() REPRESENTATION_CONTEXT('2D SPACE',''
  ) );
#7792 = PCURVE('',#7398,#7793);
#7793 = DEFINITIONAL_REPRESENTATION('',(#7794),#7798);
#7794 = LINE('',#7795,#7796);
#7795 = CARTESIAN_POINT('',(0.,-0.));
#7796 = VECTOR('',#7797,1.);
#7797 = DIRECTION('',(0.,1.));
#7798 = ( GEOMETRIC_REPRESENTATION_CONTEXT(2) 
PARAMETRIC_REPRESENTATION_CONTEXT() REPRESENTATION_CONTEXT('2D SPACE',''
  ) );
#7799 = ORIENTED_EDGE('',*,*,#7800,.T.);
#7800 = EDGE_CURVE('',#7778,#7778,#7801,.T.);
#7801 = SURFACE_CURVE('',#7802,(#7807,#7814),.PCURVE_S1.);
#7802 = CIRCLE('',#7803,2.15);
#7803 = AXIS2_PLACEMENT_3D('',#7804,#7805,#7806);
#7804 = CARTESIAN_POINT('',(-48.5,5.939536975865E-15,60.2));
#7805 = DIRECTION('',(0.,0.,1.));
#7806 = DIRECTION('',(1.,0.,0.));
#7807 = PCURVE('',#7398,#7808);
#7808 = DEFINITIONAL_REPRESENTATION('',(#7809),#7813);
#7809 = LINE('',#7810,#7811);
#7810 = CARTESIAN_POINT('',(0.,0.));
#7811 = VECTOR('',#7812,1.);
#7812 = DIRECTION('',(1.,0.));
#7813 = ( GEOMETRIC_REPRESENTATION_CONTEXT(2) 
PARAMETRIC_REPRESENTATION_CONTEXT() REPRESENTATION_CONTEXT('2D SPACE',''
  ) );
#7814 = PCURVE('',#7815,#7820);
#7815 = PLANE('',#7816);
#7816 = AXIS2_PLACEMENT_3D('',#7817,#7818,#7819);
#7817 = CARTESIAN_POINT('',(-48.5,5.939536975865E-15,60.2));
#7818 = DIRECTION('',(0.,0.,1.));
#7819 = DIRECTION('',(1.,0.,0.));
#7820 = DEFINITIONAL_REPRESENTATION('',(#7821),#7825);
#7821 = CIRCLE('',#7822,2.15);
#7822 = AXIS2_PLACEMENT_2D('',#7823,#7824);
#7823 = CARTESIAN_POINT('',(0.,0.));
#7824 = DIRECTION('',(1.,0.));
#7825 = ( GEOMETRIC_REPRESENTATION_CONTEXT(2) 
PARAMETRIC_REPRESENTATION_CONTEXT() REPRESENTATION_CONTEXT('2D SPACE',''
  ) );
#7826 = ORIENTED_EDGE('',*,*,#7777,.T.);
#7827 = ADVANCED_FACE('',(#7828),#7815,.T.);
#7828 = FACE_BOUND('',#7829,.F.);
#7829 = EDGE_LOOP('',(#7830));
#7830 = ORIENTED_EDGE('',*,*,#7800,.F.);
#7831 = ADVANCED_FACE('',(#7832),#7367,.F.);
#7832 = FACE_BOUND('',#7833,.F.);
#7833 = EDGE_LOOP('',(#7834,#7835,#7858,#7885));
#7834 = ORIENTED_EDGE('',*,*,#7350,.F.);
#7835 = ORIENTED_EDGE('',*,*,#7836,.F.);
#7836 = EDGE_CURVE('',#7837,#7351,#7839,.T.);
#7837 = VERTEX_POINT('',#7838);
#7838 = CARTESIAN_POINT('',(36.444678887548,-34.29467888754,60.2));
#7839 = SEAM_CURVE('',#7840,(#7844,#7851),.PCURVE_S1.);
#7840 = LINE('',#7841,#7842);
#7841 = CARTESIAN_POINT('',(36.444678887548,-34.29467888754,60.2));
#7842 = VECTOR('',#7843,1.);
#7843 = DIRECTION('',(0.,0.,1.));
#7844 = PCURVE('',#7367,#7845);
#7845 = DEFINITIONAL_REPRESENTATION('',(#7846),#7850);
#7846 = LINE('',#7847,#7848);
#7847 = CARTESIAN_POINT('',(6.28318530718,-0.));
#7848 = VECTOR('',#7849,1.);
#7849 = DIRECTION('',(0.,1.));
#7850 = ( GEOMETRIC_REPRESENTATION_CONTEXT(2) 
PARAMETRIC_REPRESENTATION_CONTEXT() REPRESENTATION_CONTEXT('2D SPACE',''
  ) );
#7851 = PCURVE('',#7367,#7852);
#7852 = DEFINITIONAL_REPRESENTATION('',(#7853),#7857);
#7853 = LINE('',#7854,#7855);
#7854 = CARTESIAN_POINT('',(0.,-0.));
#7855 = VECTOR('',#7856,1.);
#7856 = DIRECTION('',(0.,1.));
#7857 = ( GEOMETRIC_REPRESENTATION_CONTEXT(2) 
PARAMETRIC_REPRESENTATION_CONTEXT() REPRESENTATION_CONTEXT('2D SPACE',''
  ) );
#7858 = ORIENTED_EDGE('',*,*,#7859,.T.);
#7859 = EDGE_CURVE('',#7837,#7837,#7860,.T.);
#7860 = SURFACE_CURVE('',#7861,(#7866,#7873),.PCURVE_S1.);
#7861 = CIRCLE('',#7862,2.15);
#7862 = AXIS2_PLACEMENT_3D('',#7863,#7864,#7865);
#7863 = CARTESIAN_POINT('',(34.294678887548,-34.29467888754,60.2));
#7864 = DIRECTION('',(0.,0.,1.));
#7865 = DIRECTION('',(1.,0.,0.));
#7866 = PCURVE('',#7367,#7867);
#7867 = DEFINITIONAL_REPRESENTATION('',(#7868),#7872);
#7868 = LINE('',#7869,#7870);
#7869 = CARTESIAN_POINT('',(0.,0.));
#7870 = VECTOR('',#7871,1.);
#7871 = DIRECTION('',(1.,0.));
#7872 = ( GEOMETRIC_REPRESENTATION_CONTEXT(2) 
PARAMETRIC_REPRESENTATION_CONTEXT() REPRESENTATION_CONTEXT('2D SPACE',''
  ) );
#7873 = PCURVE('',#7874,#7879);
#7874 = PLANE('',#7875);
#7875 = AXIS2_PLACEMENT_3D('',#7876,#7877,#7878);
#7876 = CARTESIAN_POINT('',(34.294678887548,-34.29467888754,60.2));
#7877 = DIRECTION('',(0.,0.,1.));
#7878 = DIRECTION('',(1.,0.,0.));
#7879 = DEFINITIONAL_REPRESENTATION('',(#7880),#7884);
#7880 = CIRCLE('',#7881,2.15);
#7881 = AXIS2_PLACEMENT_2D('',#7882,#7883);
#7882 = CARTESIAN_POINT('',(0.,0.));
#7883 = DIRECTION('',(1.,0.));
#7884 = ( GEOMETRIC_REPRESENTATION_CONTEXT(2) 
PARAMETRIC_REPRESENTATION_CONTEXT() REPRESENTATION_CONTEXT('2D SPACE',''
  ) );
#7885 = ORIENTED_EDGE('',*,*,#7836,.T.);
#7886 = ADVANCED_FACE('',(#7887),#7874,.T.);
#7887 = FACE_BOUND('',#7888,.F.);
#7888 = EDGE_LOOP('',(#7889));
#7889 = ORIENTED_EDGE('',*,*,#7859,.F.);
#7890 = ADVANCED_FACE('',(#7891),#7336,.F.);
#7891 = FACE_BOUND('',#7892,.F.);
#7892 = EDGE_LOOP('',(#7893,#7894,#7917,#7944));
#7893 = ORIENTED_EDGE('',*,*,#7319,.F.);
#7894 = ORIENTED_EDGE('',*,*,#7895,.F.);
#7895 = EDGE_CURVE('',#7896,#7320,#7898,.T.);
#7896 = VERTEX_POINT('',#7897);
#7897 = CARTESIAN_POINT('',(2.15,-48.5,60.2));
#7898 = SEAM_CURVE('',#7899,(#7903,#7910),.PCURVE_S1.);
#7899 = LINE('',#7900,#7901);
#7900 = CARTESIAN_POINT('',(2.15,-48.5,60.2));
#7901 = VECTOR('',#7902,1.);
#7902 = DIRECTION('',(0.,0.,1.));
#7903 = PCURVE('',#7336,#7904);
#7904 = DEFINITIONAL_REPRESENTATION('',(#7905),#7909);
#7905 = LINE('',#7906,#7907);
#7906 = CARTESIAN_POINT('',(6.28318530718,-0.));
#7907 = VECTOR('',#7908,1.);
#7908 = DIRECTION('',(0.,1.));
#7909 = ( GEOMETRIC_REPRESENTATION_CONTEXT(2) 
PARAMETRIC_REPRESENTATION_CONTEXT() REPRESENTATION_CONTEXT('2D SPACE',''
  ) );
#7910 = PCURVE('',#7336,#7911);
#7911 = DEFINITIONAL_REPRESENTATION('',(#7912),#7916);
#7912 = LINE('',#7913,#7914);
#7913 = CARTESIAN_POINT('',(0.,-0.));
#7914 = VECTOR('',#7915,1.);
#7915 = DIRECTION('',(0.,1.));
#7916 = ( GEOMETRIC_REPRESENTATION_CONTEXT(2) 
PARAMETRIC_REPRESENTATION_CONTEXT() REPRESENTATION_CONTEXT('2D SPACE',''
  ) );
#7917 = ORIENTED_EDGE('',*,*,#7918,.T.);
#7918 = EDGE_CURVE('',#7896,#7896,#7919,.T.);
#7919 = SURFACE_CURVE('',#7920,(#7925,#7932),.PCURVE_S1.);
#7920 = CIRCLE('',#7921,2.15);
#7921 = AXIS2_PLACEMENT_3D('',#7922,#7923,#7924);
#7922 = CARTESIAN_POINT('',(-8.909305463797E-15,-48.5,60.2));
#7923 = DIRECTION('',(0.,0.,1.));
#7924 = DIRECTION('',(1.,0.,0.));
#7925 = PCURVE('',#7336,#7926);
#7926 = DEFINITIONAL_REPRESENTATION('',(#7927),#7931);
#7927 = LINE('',#7928,#7929);
#7928 = CARTESIAN_POINT('',(0.,0.));
#7929 = VECTOR('',#7930,1.);
#7930 = DIRECTION('',(1.,0.));
#7931 = ( GEOMETRIC_REPRESENTATION_CONTEXT(2) 
PARAMETRIC_REPRESENTATION_CONTEXT() REPRESENTATION_CONTEXT('2D SPACE',''
  ) );
#7932 = PCURVE('',#7933,#7938);
#7933 = PLANE('',#7934);
#7934 = AXIS2_PLACEMENT_3D('',#7935,#7936,#7937);
#7935 = CARTESIAN_POINT('',(-8.909305463797E-15,-48.5,60.2));
#7936 = DIRECTION('',(0.,0.,1.));
#7937 = DIRECTION('',(1.,0.,0.));
#7938 = DEFINITIONAL_REPRESENTATION('',(#7939),#7943);
#7939 = CIRCLE('',#7940,2.15);
#7940 = AXIS2_PLACEMENT_2D('',#7941,#7942);
#7941 = CARTESIAN_POINT('',(0.,0.));
#7942 = DIRECTION('',(1.,0.));
#7943 = ( GEOMETRIC_REPRESENTATION_CONTEXT(2) 
PARAMETRIC_REPRESENTATION_CONTEXT() REPRESENTATION_CONTEXT('2D SPACE',''
  ) );
#7944 = ORIENTED_EDGE('',*,*,#7895,.T.);
#7945 = ADVANCED_FACE('',(#7946),#7933,.T.);
#7946 = FACE_BOUND('',#7947,.F.);
#7947 = EDGE_LOOP('',(#7948));
#7948 = ORIENTED_EDGE('',*,*,#7918,.F.);
#7949 = ADVANCED_FACE('',(#7950),#7305,.F.);
#7950 = FACE_BOUND('',#7951,.F.);
#7951 = EDGE_LOOP('',(#7952,#7953,#7976,#8003));
#7952 = ORIENTED_EDGE('',*,*,#7288,.F.);
#7953 = ORIENTED_EDGE('',*,*,#7954,.F.);
#7954 = EDGE_CURVE('',#7955,#7289,#7957,.T.);
#7955 = VERTEX_POINT('',#7956);
#7956 = CARTESIAN_POINT('',(-32.14467888754,-34.29467888754,60.2));
#7957 = SEAM_CURVE('',#7958,(#7962,#7969),.PCURVE_S1.);
#7958 = LINE('',#7959,#7960);
#7959 = CARTESIAN_POINT('',(-32.14467888754,-34.29467888754,60.2));
#7960 = VECTOR('',#7961,1.);
#7961 = DIRECTION('',(0.,0.,1.));
#7962 = PCURVE('',#7305,#7963);
#7963 = DEFINITIONAL_REPRESENTATION('',(#7964),#7968);
#7964 = LINE('',#7965,#7966);
#7965 = CARTESIAN_POINT('',(6.28318530718,-0.));
#7966 = VECTOR('',#7967,1.);
#7967 = DIRECTION('',(0.,1.));
#7968 = ( GEOMETRIC_REPRESENTATION_CONTEXT(2) 
PARAMETRIC_REPRESENTATION_CONTEXT() REPRESENTATION_CONTEXT('2D SPACE',''
  ) );
#7969 = PCURVE('',#7305,#7970);
#7970 = DEFINITIONAL_REPRESENTATION('',(#7971),#7975);
#7971 = LINE('',#7972,#7973);
#7972 = CARTESIAN_POINT('',(0.,-0.));
#7973 = VECTOR('',#7974,1.);
#7974 = DIRECTION('',(0.,1.));
#7975 = ( GEOMETRIC_REPRESENTATION_CONTEXT(2) 
PARAMETRIC_REPRESENTATION_CONTEXT() REPRESENTATION_CONTEXT('2D SPACE',''
  ) );
#7976 = ORIENTED_EDGE('',*,*,#7977,.T.);
#7977 = EDGE_CURVE('',#7955,#7955,#7978,.T.);
#7978 = SURFACE_CURVE('',#7979,(#7984,#7991),.PCURVE_S1.);
#7979 = CIRCLE('',#7980,2.15);
#7980 = AXIS2_PLACEMENT_3D('',#7981,#7982,#7983);
#7981 = CARTESIAN_POINT('',(-34.29467888754,-34.29467888754,60.2));
#7982 = DIRECTION('',(0.,0.,1.));
#7983 = DIRECTION('',(1.,0.,0.));
#7984 = PCURVE('',#7305,#7985);
#7985 = DEFINITIONAL_REPRESENTATION('',(#7986),#7990);
#7986 = LINE('',#7987,#7988);
#7987 = CARTESIAN_POINT('',(0.,0.));
#7988 = VECTOR('',#7989,1.);
#7989 = DIRECTION('',(1.,0.));
#7990 = ( GEOMETRIC_REPRESENTATION_CONTEXT(2) 
PARAMETRIC_REPRESENTATION_CONTEXT() REPRESENTATION_CONTEXT('2D SPACE',''
  ) );
#7991 = PCURVE('',#7992,#7997);
#7992 = PLANE('',#7993);
#7993 = AXIS2_PLACEMENT_3D('',#7994,#7995,#7996);
#7994 = CARTESIAN_POINT('',(-34.29467888754,-34.29467888754,60.2));
#7995 = DIRECTION('',(0.,0.,1.));
#7996 = DIRECTION('',(1.,0.,0.));
#7997 = DEFINITIONAL_REPRESENTATION('',(#7998),#8002);
#7998 = CIRCLE('',#7999,2.15);
#7999 = AXIS2_PLACEMENT_2D('',#8000,#8001);
#8000 = CARTESIAN_POINT('',(0.,0.));
#8001 = DIRECTION('',(1.,0.));
#8002 = ( GEOMETRIC_REPRESENTATION_CONTEXT(2) 
PARAMETRIC_REPRESENTATION_CONTEXT() REPRESENTATION_CONTEXT('2D SPACE',''
  ) );
#8003 = ORIENTED_EDGE('',*,*,#7954,.T.);
#8004 = ADVANCED_FACE('',(#8005),#7992,.T.);
#8005 = FACE_BOUND('',#8006,.F.);
#8006 = EDGE_LOOP('',(#8007));
#8007 = ORIENTED_EDGE('',*,*,#7977,.F.);
#8008 = ( GEOMETRIC_REPRESENTATION_CONTEXT(3) 
GLOBAL_UNCERTAINTY_ASSIGNED_CONTEXT((#8012)) 
GLOBAL_UNIT_ASSIGNED_CONTEXT((#8009,#8010,#8011)) REPRESENTATION_CONTEXT
('Context #1','3D Context with UNIT and UNCERTAINTY') );
#8009 = ( LENGTH_UNIT() NAMED_UNIT(*) SI_UNIT(.MILLI.,.METRE.) );
#8010 = ( NAMED_UNIT(*) PLANE_ANGLE_UNIT() SI_UNIT($,.RADIAN.) );
#8011 = ( NAMED_UNIT(*) SI_UNIT($,.STERADIAN.) SOLID_ANGLE_UNIT() );
#8012 = UNCERTAINTY_MEASURE_WITH_UNIT(LENGTH_MEASURE(1.E-06),#8009,
  'distance_accuracy_value','confusion accuracy');
#8013 = PRODUCT_RELATED_PRODUCT_CATEGORY('part',$,(#7));
ENDSEC;
END-ISO-10303-21;
