ISO-10303-21;
HEADER;
FILE_DESCRIPTION(('Open CASCADE Model'),'2;1');
FILE_NAME('Open CASCADE Shape Model','2026-09-28T21:02:12',('Author'),(
    'Open CASCADE'),'Open CASCADE STEP processor 8.0','build123d',
  'Unknown');
FILE_SCHEMA(('AUTOMOTIVE_DESIGN { 1 0 10303 214 1 1 1 1 }'));
ENDSEC;
DATA;
#1 = APPLICATION_PROTOCOL_DEFINITION('international standard',
  'automotive_design',2000,#2);
#2 = APPLICATION_CONTEXT(
  'core data for automotive mechanical design processes');
#3 = SHAPE_DEFINITION_REPRESENTATION(#4,#10);
#4 = PRODUCT_DEFINITION_SHAPE('','',#5);
#5 = PRODUCT_DEFINITION('design','',#6,#9);
#6 = PRODUCT_DEFINITION_FORMATION('','',#7);
#7 = PRODUCT('COMPOUND','COMPOUND','',(#8));
#8 = PRODUCT_CONTEXT('',#2,'mechanical');
#9 = PRODUCT_DEFINITION_CONTEXT('part definition',#2,'design');
#10 = ADVANCED_BREP_SHAPE_REPRESENTATION('',(#11,#15),#10743);
#11 = AXIS2_PLACEMENT_3D('',#12,#13,#14);
#12 = CARTESIAN_POINT('',(0.,0.,0.));
#13 = DIRECTION('',(0.,0.,1.));
#14 = DIRECTION('',(1.,0.,-0.));
#15 = MANIFOLD_SOLID_BREP('',#16);
#16 = CLOSED_SHELL('',(#17,#228,#314,#480,#735,#788,#841,#919,#974,#1358
    ,#1433,#1509,#1516,#1604,#1657,#2817,#2872,#2927,#2982,#3008,#3034,
    #3258,#3262,#3317,#3372,#3427,#3454,#3509,#3586,#3635,#3684,#3712,
    #3767,#3822,#3869,#3897,#3904,#3930,#4038,#4146,#4180,#4216,#4271,
    #4321,#4376,#4431,#4481,#4612,#4657,#4702,#4807,#4912,#4957,#5002,
    #5086,#5141,#5196,#5307,#5356,#5405,#5467,#5522,#5577,#5632,#5687,
    #5691,#5695,#5730,#5806,#5855,#5904,#5931,#5935,#5942,#5946,#5981,
    #5991,#5995,#5999,#6054,#6058,#6062,#6066,#6191,#6195,#6199,#6206,
    #6256,#6311,#6315,#6319,#6323,#6327,#6377,#6419,#6478,#6485,#6561,
    #6610,#6659,#6686,#6693,#6748,#7250,#7755,#7759,#7890,#7935,#7980,
    #8085,#8190,#8235,#8280,#8364,#8435,#8540,#8585,#8690,#8735,#8840,
    #8885,#8969,#9094,#9219,#9295,#9344,#9393,#9420,#9496,#9545,#9594,
    #9621,#10126,#10535,#10580,#10606,#10632,#10658,#10684,#10710,#10736
    ));
#17 = ADVANCED_FACE('',(#18,#193),#32,.F.);
#18 = FACE_BOUND('',#19,.F.);
#19 = EDGE_LOOP('',(#20,#55,#83,#111,#139,#167));
#20 = ORIENTED_EDGE('',*,*,#21,.T.);
#21 = EDGE_CURVE('',#22,#24,#26,.T.);
#22 = VERTEX_POINT('',#23);
#23 = CARTESIAN_POINT('',(-85.,-85.,8.2));
#24 = VERTEX_POINT('',#25);
#25 = CARTESIAN_POINT('',(-85.,85.,8.2));
#26 = SURFACE_CURVE('',#27,(#31,#43),.PCURVE_S1.);
#27 = LINE('',#28,#29);
#28 = CARTESIAN_POINT('',(-85.,-85.,8.2));
#29 = VECTOR('',#30,1.);
#30 = DIRECTION('',(-0.,1.,0.));
#31 = PCURVE('',#32,#37);
#32 = PLANE('',#33);
#33 = AXIS2_PLACEMENT_3D('',#34,#35,#36);
#34 = CARTESIAN_POINT('',(-85.,-85.,7.2));
#35 = DIRECTION('',(1.,0.,-0.));
#36 = DIRECTION('',(0.,0.,1.));
#37 = DEFINITIONAL_REPRESENTATION('',(#38),#42);
#38 = LINE('',#39,#40);
#39 = CARTESIAN_POINT('',(1.,0.));
#40 = VECTOR('',#41,1.);
#41 = DIRECTION('',(0.,-1.));
#42 = ( GEOMETRIC_REPRESENTATION_CONTEXT(2) 
PARAMETRIC_REPRESENTATION_CONTEXT() REPRESENTATION_CONTEXT('2D SPACE',''
  ) );
#43 = PCURVE('',#44,#49);
#44 = CYLINDRICAL_SURFACE('',#45,1.);
#45 = AXIS2_PLACEMENT_3D('',#46,#47,#48);
#46 = CARTESIAN_POINT('',(-84.,-85.,8.2));
#47 = DIRECTION('',(-0.,1.,0.));
#48 = DIRECTION('',(-1.,-0.,0.));
#49 = DEFINITIONAL_REPRESENTATION('',(#50),#54);
#50 = LINE('',#51,#52);
#51 = CARTESIAN_POINT('',(-0.,0.));
#52 = VECTOR('',#53,1.);
#53 = DIRECTION('',(-0.,1.));
#54 = ( GEOMETRIC_REPRESENTATION_CONTEXT(2) 
PARAMETRIC_REPRESENTATION_CONTEXT() REPRESENTATION_CONTEXT('2D SPACE',''
  ) );
#55 = ORIENTED_EDGE('',*,*,#56,.T.);
#56 = EDGE_CURVE('',#24,#57,#59,.T.);
#57 = VERTEX_POINT('',#58);
#58 = CARTESIAN_POINT('',(-85.,85.,19.5));
#59 = SURFACE_CURVE('',#60,(#64,#71),.PCURVE_S1.);
#60 = LINE('',#61,#62);
#61 = CARTESIAN_POINT('',(-85.,85.,7.2));
#62 = VECTOR('',#63,1.);
#63 = DIRECTION('',(0.,0.,1.));
#64 = PCURVE('',#32,#65);
#65 = DEFINITIONAL_REPRESENTATION('',(#66),#70);
#66 = LINE('',#67,#68);
#67 = CARTESIAN_POINT('',(0.,-170.));
#68 = VECTOR('',#69,1.);
#69 = DIRECTION('',(1.,0.));
#70 = ( GEOMETRIC_REPRESENTATION_CONTEXT(2) 
PARAMETRIC_REPRESENTATION_CONTEXT() REPRESENTATION_CONTEXT('2D SPACE',''
  ) );
#71 = PCURVE('',#72,#77);
#72 = PLANE('',#73);
#73 = AXIS2_PLACEMENT_3D('',#74,#75,#76);
#74 = CARTESIAN_POINT('',(-85.,85.,7.2));
#75 = DIRECTION('',(-0.,1.,0.));
#76 = DIRECTION('',(0.,0.,1.));
#77 = DEFINITIONAL_REPRESENTATION('',(#78),#82);
#78 = LINE('',#79,#80);
#79 = CARTESIAN_POINT('',(0.,0.));
#80 = VECTOR('',#81,1.);
#81 = DIRECTION('',(1.,0.));
#82 = ( GEOMETRIC_REPRESENTATION_CONTEXT(2) 
PARAMETRIC_REPRESENTATION_CONTEXT() REPRESENTATION_CONTEXT('2D SPACE',''
  ) );
#83 = ORIENTED_EDGE('',*,*,#84,.F.);
#84 = EDGE_CURVE('',#85,#57,#87,.T.);
#85 = VERTEX_POINT('',#86);
#86 = CARTESIAN_POINT('',(-85.,-101.,19.5));
#87 = SURFACE_CURVE('',#88,(#92,#99),.PCURVE_S1.);
#88 = LINE('',#89,#90);
#89 = CARTESIAN_POINT('',(-85.,-101.,19.5));
#90 = VECTOR('',#91,1.);
#91 = DIRECTION('',(0.,1.,0.));
#92 = PCURVE('',#32,#93);
#93 = DEFINITIONAL_REPRESENTATION('',(#94),#98);
#94 = LINE('',#95,#96);
#95 = CARTESIAN_POINT('',(12.3,16.));
#96 = VECTOR('',#97,1.);
#97 = DIRECTION('',(0.,-1.));
#98 = ( GEOMETRIC_REPRESENTATION_CONTEXT(2) 
PARAMETRIC_REPRESENTATION_CONTEXT() REPRESENTATION_CONTEXT('2D SPACE',''
  ) );
#99 = PCURVE('',#100,#105);
#100 = CYLINDRICAL_SURFACE('',#101,1.);
#101 = AXIS2_PLACEMENT_3D('',#102,#103,#104);
#102 = CARTESIAN_POINT('',(-84.,-85.,19.5));
#103 = DIRECTION('',(-0.,1.,0.));
#104 = DIRECTION('',(-1.,-0.,0.));
#105 = DEFINITIONAL_REPRESENTATION('',(#106),#110);
#106 = LINE('',#107,#108);
#107 = CARTESIAN_POINT('',(0.,-16.));
#108 = VECTOR('',#109,1.);
#109 = DIRECTION('',(0.,1.));
#110 = ( GEOMETRIC_REPRESENTATION_CONTEXT(2) 
PARAMETRIC_REPRESENTATION_CONTEXT() REPRESENTATION_CONTEXT('2D SPACE',''
  ) );
#111 = ORIENTED_EDGE('',*,*,#112,.F.);
#112 = EDGE_CURVE('',#113,#85,#115,.T.);
#113 = VERTEX_POINT('',#114);
#114 = CARTESIAN_POINT('',(-85.,-101.,-21.));
#115 = SURFACE_CURVE('',#116,(#120,#127),.PCURVE_S1.);
#116 = LINE('',#117,#118);
#117 = CARTESIAN_POINT('',(-85.,-101.,-22.));
#118 = VECTOR('',#119,1.);
#119 = DIRECTION('',(0.,0.,1.));
#120 = PCURVE('',#32,#121);
#121 = DEFINITIONAL_REPRESENTATION('',(#122),#126);
#122 = LINE('',#123,#124);
#123 = CARTESIAN_POINT('',(-29.2,16.));
#124 = VECTOR('',#125,1.);
#125 = DIRECTION('',(1.,0.));
#126 = ( GEOMETRIC_REPRESENTATION_CONTEXT(2) 
PARAMETRIC_REPRESENTATION_CONTEXT() REPRESENTATION_CONTEXT('2D SPACE',''
  ) );
#127 = PCURVE('',#128,#133);
#128 = CYLINDRICAL_SURFACE('',#129,9.);
#129 = AXIS2_PLACEMENT_3D('',#130,#131,#132);
#130 = CARTESIAN_POINT('',(-76.,-101.,-22.));
#131 = DIRECTION('',(0.,0.,-1.));
#132 = DIRECTION('',(-1.,0.,0.));
#133 = DEFINITIONAL_REPRESENTATION('',(#134),#138);
#134 = LINE('',#135,#136);
#135 = CARTESIAN_POINT('',(6.28318530718,0.));
#136 = VECTOR('',#137,1.);
#137 = DIRECTION('',(0.,-1.));
#138 = ( GEOMETRIC_REPRESENTATION_CONTEXT(2) 
PARAMETRIC_REPRESENTATION_CONTEXT() REPRESENTATION_CONTEXT('2D SPACE',''
  ) );
#139 = ORIENTED_EDGE('',*,*,#140,.T.);
#140 = EDGE_CURVE('',#113,#141,#143,.T.);
#141 = VERTEX_POINT('',#142);
#142 = CARTESIAN_POINT('',(-85.,-85.,-21.));
#143 = SURFACE_CURVE('',#144,(#148,#155),.PCURVE_S1.);
#144 = LINE('',#145,#146);
#145 = CARTESIAN_POINT('',(-85.,-101.,-21.));
#146 = VECTOR('',#147,1.);
#147 = DIRECTION('',(0.,1.,0.));
#148 = PCURVE('',#32,#149);
#149 = DEFINITIONAL_REPRESENTATION('',(#150),#154);
#150 = LINE('',#151,#152);
#151 = CARTESIAN_POINT('',(-28.2,16.));
#152 = VECTOR('',#153,1.);
#153 = DIRECTION('',(0.,-1.));
#154 = ( GEOMETRIC_REPRESENTATION_CONTEXT(2) 
PARAMETRIC_REPRESENTATION_CONTEXT() REPRESENTATION_CONTEXT('2D SPACE',''
  ) );
#155 = PCURVE('',#156,#161);
#156 = CYLINDRICAL_SURFACE('',#157,1.);
#157 = AXIS2_PLACEMENT_3D('',#158,#159,#160);
#158 = CARTESIAN_POINT('',(-84.,-101.,-21.));
#159 = DIRECTION('',(0.,1.,0.));
#160 = DIRECTION('',(-1.,0.,0.));
#161 = DEFINITIONAL_REPRESENTATION('',(#162),#166);
#162 = LINE('',#163,#164);
#163 = CARTESIAN_POINT('',(-0.,0.));
#164 = VECTOR('',#165,1.);
#165 = DIRECTION('',(-0.,1.));
#166 = ( GEOMETRIC_REPRESENTATION_CONTEXT(2) 
PARAMETRIC_REPRESENTATION_CONTEXT() REPRESENTATION_CONTEXT('2D SPACE',''
  ) );
#167 = ORIENTED_EDGE('',*,*,#168,.T.);
#168 = EDGE_CURVE('',#141,#22,#169,.T.);
#169 = SURFACE_CURVE('',#170,(#174,#181),.PCURVE_S1.);
#170 = LINE('',#171,#172);
#171 = CARTESIAN_POINT('',(-85.,-85.,-22.));
#172 = VECTOR('',#173,1.);
#173 = DIRECTION('',(0.,0.,1.));
#174 = PCURVE('',#32,#175);
#175 = DEFINITIONAL_REPRESENTATION('',(#176),#180);
#176 = LINE('',#177,#178);
#177 = CARTESIAN_POINT('',(-29.2,0.));
#178 = VECTOR('',#179,1.);
#179 = DIRECTION('',(1.,0.));
#180 = ( GEOMETRIC_REPRESENTATION_CONTEXT(2) 
PARAMETRIC_REPRESENTATION_CONTEXT() REPRESENTATION_CONTEXT('2D SPACE',''
  ) );
#181 = PCURVE('',#182,#187);
#182 = PLANE('',#183);
#183 = AXIS2_PLACEMENT_3D('',#184,#185,#186);
#184 = CARTESIAN_POINT('',(-86.,-85.,-23.));
#185 = DIRECTION('',(-0.,1.,0.));
#186 = DIRECTION('',(0.,0.,1.));
#187 = DEFINITIONAL_REPRESENTATION('',(#188),#192);
#188 = LINE('',#189,#190);
#189 = CARTESIAN_POINT('',(1.,1.));
#190 = VECTOR('',#191,1.);
#191 = DIRECTION('',(1.,0.));
#192 = ( GEOMETRIC_REPRESENTATION_CONTEXT(2) 
PARAMETRIC_REPRESENTATION_CONTEXT() REPRESENTATION_CONTEXT('2D SPACE',''
  ) );
#193 = FACE_BOUND('',#194,.F.);
#194 = EDGE_LOOP('',(#195));
#195 = ORIENTED_EDGE('',*,*,#196,.T.);
#196 = EDGE_CURVE('',#197,#197,#199,.T.);
#197 = VERTEX_POINT('',#198);
#198 = CARTESIAN_POINT('',(-85.,-3.184081677783E-16,19.3));
#199 = SURFACE_CURVE('',#200,(#205,#216),.PCURVE_S1.);
#200 = CIRCLE('',#201,1.3);
#201 = AXIS2_PLACEMENT_3D('',#202,#203,#204);
#202 = CARTESIAN_POINT('',(-85.,0.,18.));
#203 = DIRECTION('',(-1.,0.,2.22044604925E-16));
#204 = DIRECTION('',(2.22044604925E-16,0.,1.));
#205 = PCURVE('',#32,#206);
#206 = DEFINITIONAL_REPRESENTATION('',(#207),#215);
#207 = ( BOUNDED_CURVE() B_SPLINE_CURVE(2,(#208,#209,#210,#211,#212,#213
,#214),.UNSPECIFIED.,.T.,.F.) B_SPLINE_CURVE_WITH_KNOTS((1,2,2,2,2,1),(
    -2.094395102393,0.,2.094395102393,4.188790204786,6.28318530718,
8.377580409573),.UNSPECIFIED.) CURVE() GEOMETRIC_REPRESENTATION_ITEM() 
RATIONAL_B_SPLINE_CURVE((1.,0.5,1.,0.5,1.,0.5,1.)) REPRESENTATION_ITEM(
  '') );
#208 = CARTESIAN_POINT('',(12.1,-85.));
#209 = CARTESIAN_POINT('',(12.1,-87.25166604984));
#210 = CARTESIAN_POINT('',(10.15,-86.12583302492));
#211 = CARTESIAN_POINT('',(8.2,-85.));
#212 = CARTESIAN_POINT('',(10.15,-83.87416697508));
#213 = CARTESIAN_POINT('',(12.1,-82.74833395016));
#214 = CARTESIAN_POINT('',(12.1,-85.));
#215 = ( GEOMETRIC_REPRESENTATION_CONTEXT(2) 
PARAMETRIC_REPRESENTATION_CONTEXT() REPRESENTATION_CONTEXT('2D SPACE',''
  ) );
#216 = PCURVE('',#217,#222);
#217 = CYLINDRICAL_SURFACE('',#218,1.3);
#218 = AXIS2_PLACEMENT_3D('',#219,#220,#221);
#219 = CARTESIAN_POINT('',(-84.4,0.,18.));
#220 = DIRECTION('',(-1.,0.,2.22044604925E-16));
#221 = DIRECTION('',(2.22044604925E-16,0.,1.));
#222 = DEFINITIONAL_REPRESENTATION('',(#223),#227);
#223 = LINE('',#224,#225);
#224 = CARTESIAN_POINT('',(0.,0.6));
#225 = VECTOR('',#226,1.);
#226 = DIRECTION('',(1.,0.));
#227 = ( GEOMETRIC_REPRESENTATION_CONTEXT(2) 
PARAMETRIC_REPRESENTATION_CONTEXT() REPRESENTATION_CONTEXT('2D SPACE',''
  ) );
#228 = ADVANCED_FACE('',(#229),#44,.T.);
#229 = FACE_BOUND('',#230,.F.);
#230 = EDGE_LOOP('',(#231,#259,#287,#313));
#231 = ORIENTED_EDGE('',*,*,#232,.T.);
#232 = EDGE_CURVE('',#22,#233,#235,.T.);
#233 = VERTEX_POINT('',#234);
#234 = CARTESIAN_POINT('',(-84.,-85.,7.2));
#235 = SURFACE_CURVE('',#236,(#241,#248),.PCURVE_S1.);
#236 = CIRCLE('',#237,1.);
#237 = AXIS2_PLACEMENT_3D('',#238,#239,#240);
#238 = CARTESIAN_POINT('',(-84.,-85.,8.2));
#239 = DIRECTION('',(0.,-1.,0.));
#240 = DIRECTION('',(0.,0.,1.));
#241 = PCURVE('',#44,#242);
#242 = DEFINITIONAL_REPRESENTATION('',(#243),#247);
#243 = LINE('',#244,#245);
#244 = CARTESIAN_POINT('',(1.570796326795,-0.));
#245 = VECTOR('',#246,1.);
#246 = DIRECTION('',(-1.,0.));
#247 = ( GEOMETRIC_REPRESENTATION_CONTEXT(2) 
PARAMETRIC_REPRESENTATION_CONTEXT() REPRESENTATION_CONTEXT('2D SPACE',''
  ) );
#248 = PCURVE('',#182,#249);
#249 = DEFINITIONAL_REPRESENTATION('',(#250),#258);
#250 = ( BOUNDED_CURVE() B_SPLINE_CURVE(2,(#251,#252,#253,#254,#255,#256
,#257),.UNSPECIFIED.,.T.,.F.) B_SPLINE_CURVE_WITH_KNOTS((1,2,2,2,2,1),(
    -2.094395102393,0.,2.094395102393,4.188790204786,6.28318530718,
8.377580409573),.UNSPECIFIED.) CURVE() GEOMETRIC_REPRESENTATION_ITEM() 
RATIONAL_B_SPLINE_CURVE((1.,0.5,1.,0.5,1.,0.5,1.)) REPRESENTATION_ITEM(
  '') );
#251 = CARTESIAN_POINT('',(32.2,2.));
#252 = CARTESIAN_POINT('',(32.2,0.267949192431));
#253 = CARTESIAN_POINT('',(30.7,1.133974596216));
#254 = CARTESIAN_POINT('',(29.2,2.));
#255 = CARTESIAN_POINT('',(30.7,2.866025403784));
#256 = CARTESIAN_POINT('',(32.2,3.732050807569));
#257 = CARTESIAN_POINT('',(32.2,2.));
#258 = ( GEOMETRIC_REPRESENTATION_CONTEXT(2) 
PARAMETRIC_REPRESENTATION_CONTEXT() REPRESENTATION_CONTEXT('2D SPACE',''
  ) );
#259 = ORIENTED_EDGE('',*,*,#260,.T.);
#260 = EDGE_CURVE('',#233,#261,#263,.T.);
#261 = VERTEX_POINT('',#262);
#262 = CARTESIAN_POINT('',(-84.,85.,7.2));
#263 = SURFACE_CURVE('',#264,(#268,#275),.PCURVE_S1.);
#264 = LINE('',#265,#266);
#265 = CARTESIAN_POINT('',(-84.,-85.,7.2));
#266 = VECTOR('',#267,1.);
#267 = DIRECTION('',(-0.,1.,0.));
#268 = PCURVE('',#44,#269);
#269 = DEFINITIONAL_REPRESENTATION('',(#270),#274);
#270 = LINE('',#271,#272);
#271 = CARTESIAN_POINT('',(-1.570796326795,0.));
#272 = VECTOR('',#273,1.);
#273 = DIRECTION('',(-0.,1.));
#274 = ( GEOMETRIC_REPRESENTATION_CONTEXT(2) 
PARAMETRIC_REPRESENTATION_CONTEXT() REPRESENTATION_CONTEXT('2D SPACE',''
  ) );
#275 = PCURVE('',#276,#281);
#276 = PLANE('',#277);
#277 = AXIS2_PLACEMENT_3D('',#278,#279,#280);
#278 = CARTESIAN_POINT('',(-85.,-85.,7.2));
#279 = DIRECTION('',(0.,0.,1.));
#280 = DIRECTION('',(1.,0.,-0.));
#281 = DEFINITIONAL_REPRESENTATION('',(#282),#286);
#282 = LINE('',#283,#284);
#283 = CARTESIAN_POINT('',(1.,0.));
#284 = VECTOR('',#285,1.);
#285 = DIRECTION('',(0.,1.));
#286 = ( GEOMETRIC_REPRESENTATION_CONTEXT(2) 
PARAMETRIC_REPRESENTATION_CONTEXT() REPRESENTATION_CONTEXT('2D SPACE',''
  ) );
#287 = ORIENTED_EDGE('',*,*,#288,.F.);
#288 = EDGE_CURVE('',#24,#261,#289,.T.);
#289 = SURFACE_CURVE('',#290,(#295,#302),.PCURVE_S1.);
#290 = CIRCLE('',#291,1.);
#291 = AXIS2_PLACEMENT_3D('',#292,#293,#294);
#292 = CARTESIAN_POINT('',(-84.,85.,8.2));
#293 = DIRECTION('',(0.,-1.,0.));
#294 = DIRECTION('',(0.,0.,1.));
#295 = PCURVE('',#44,#296);
#296 = DEFINITIONAL_REPRESENTATION('',(#297),#301);
#297 = LINE('',#298,#299);
#298 = CARTESIAN_POINT('',(1.570796326795,170.));
#299 = VECTOR('',#300,1.);
#300 = DIRECTION('',(-1.,0.));
#301 = ( GEOMETRIC_REPRESENTATION_CONTEXT(2) 
PARAMETRIC_REPRESENTATION_CONTEXT() REPRESENTATION_CONTEXT('2D SPACE',''
  ) );
#302 = PCURVE('',#72,#303);
#303 = DEFINITIONAL_REPRESENTATION('',(#304),#312);
#304 = ( BOUNDED_CURVE() B_SPLINE_CURVE(2,(#305,#306,#307,#308,#309,#310
,#311),.UNSPECIFIED.,.T.,.F.) B_SPLINE_CURVE_WITH_KNOTS((1,2,2,2,2,1),(
    -2.094395102393,0.,2.094395102393,4.188790204786,6.28318530718,
8.377580409573),.UNSPECIFIED.) CURVE() GEOMETRIC_REPRESENTATION_ITEM() 
RATIONAL_B_SPLINE_CURVE((1.,0.5,1.,0.5,1.,0.5,1.)) REPRESENTATION_ITEM(
  '') );
#305 = CARTESIAN_POINT('',(2.,1.));
#306 = CARTESIAN_POINT('',(2.,-0.732050807569));
#307 = CARTESIAN_POINT('',(0.5,0.133974596216));
#308 = CARTESIAN_POINT('',(-1.,1.));
#309 = CARTESIAN_POINT('',(0.5,1.866025403784));
#310 = CARTESIAN_POINT('',(2.,2.732050807569));
#311 = CARTESIAN_POINT('',(2.,1.));
#312 = ( GEOMETRIC_REPRESENTATION_CONTEXT(2) 
PARAMETRIC_REPRESENTATION_CONTEXT() REPRESENTATION_CONTEXT('2D SPACE',''
  ) );
#313 = ORIENTED_EDGE('',*,*,#21,.F.);
#314 = ADVANCED_FACE('',(#315),#182,.T.);
#315 = FACE_BOUND('',#316,.T.);
#316 = EDGE_LOOP('',(#317,#348,#374,#400,#401,#402,#425,#454));
#317 = ORIENTED_EDGE('',*,*,#318,.T.);
#318 = EDGE_CURVE('',#319,#321,#323,.T.);
#319 = VERTEX_POINT('',#320);
#320 = CARTESIAN_POINT('',(85.,-85.,-21.));
#321 = VERTEX_POINT('',#322);
#322 = CARTESIAN_POINT('',(84.,-85.,-22.));
#323 = SURFACE_CURVE('',#324,(#329,#336),.PCURVE_S1.);
#324 = CIRCLE('',#325,1.);
#325 = AXIS2_PLACEMENT_3D('',#326,#327,#328);
#326 = CARTESIAN_POINT('',(84.,-85.,-21.));
#327 = DIRECTION('',(0.,1.,0.));
#328 = DIRECTION('',(0.,0.,-1.));
#329 = PCURVE('',#182,#330);
#330 = DEFINITIONAL_REPRESENTATION('',(#331),#335);
#331 = CIRCLE('',#332,1.);
#332 = AXIS2_PLACEMENT_2D('',#333,#334);
#333 = CARTESIAN_POINT('',(2.,170.));
#334 = DIRECTION('',(-1.,0.));
#335 = ( GEOMETRIC_REPRESENTATION_CONTEXT(2) 
PARAMETRIC_REPRESENTATION_CONTEXT() REPRESENTATION_CONTEXT('2D SPACE',''
  ) );
#336 = PCURVE('',#337,#342);
#337 = CYLINDRICAL_SURFACE('',#338,1.);
#338 = AXIS2_PLACEMENT_3D('',#339,#340,#341);
#339 = CARTESIAN_POINT('',(84.,-85.,-21.));
#340 = DIRECTION('',(-0.,-1.,-0.));
#341 = DIRECTION('',(1.,-0.,0.));
#342 = DEFINITIONAL_REPRESENTATION('',(#343),#347);
#343 = LINE('',#344,#345);
#344 = CARTESIAN_POINT('',(4.712388980385,-0.));
#345 = VECTOR('',#346,1.);
#346 = DIRECTION('',(-1.,0.));
#347 = ( GEOMETRIC_REPRESENTATION_CONTEXT(2) 
PARAMETRIC_REPRESENTATION_CONTEXT() REPRESENTATION_CONTEXT('2D SPACE',''
  ) );
#348 = ORIENTED_EDGE('',*,*,#349,.T.);
#349 = EDGE_CURVE('',#321,#350,#352,.T.);
#350 = VERTEX_POINT('',#351);
#351 = CARTESIAN_POINT('',(-84.,-85.,-22.));
#352 = SURFACE_CURVE('',#353,(#357,#363),.PCURVE_S1.);
#353 = LINE('',#354,#355);
#354 = CARTESIAN_POINT('',(-43.,-85.,-22.));
#355 = VECTOR('',#356,1.);
#356 = DIRECTION('',(-1.,-0.,0.));
#357 = PCURVE('',#182,#358);
#358 = DEFINITIONAL_REPRESENTATION('',(#359),#362);
#359 = B_SPLINE_CURVE_WITH_KNOTS('',1,(#360,#361),.UNSPECIFIED.,.F.,.F.,
  (2,2),(-128.,42.),.PIECEWISE_BEZIER_KNOTS.);
#360 = CARTESIAN_POINT('',(1.,171.));
#361 = CARTESIAN_POINT('',(1.,1.));
#362 = ( GEOMETRIC_REPRESENTATION_CONTEXT(2) 
PARAMETRIC_REPRESENTATION_CONTEXT() REPRESENTATION_CONTEXT('2D SPACE',''
  ) );
#363 = PCURVE('',#364,#369);
#364 = PLANE('',#365);
#365 = AXIS2_PLACEMENT_3D('',#366,#367,#368);
#366 = CARTESIAN_POINT('',(1.305395140016E-15,-93.,-22.));
#367 = DIRECTION('',(0.,0.,1.));
#368 = DIRECTION('',(1.,0.,-0.));
#369 = DEFINITIONAL_REPRESENTATION('',(#370),#373);
#370 = B_SPLINE_CURVE_WITH_KNOTS('',1,(#371,#372),.UNSPECIFIED.,.F.,.F.,
  (2,2),(-128.,42.),.PIECEWISE_BEZIER_KNOTS.);
#371 = CARTESIAN_POINT('',(85.,8.));
#372 = CARTESIAN_POINT('',(-85.,8.));
#373 = ( GEOMETRIC_REPRESENTATION_CONTEXT(2) 
PARAMETRIC_REPRESENTATION_CONTEXT() REPRESENTATION_CONTEXT('2D SPACE',''
  ) );
#374 = ORIENTED_EDGE('',*,*,#375,.F.);
#375 = EDGE_CURVE('',#141,#350,#376,.T.);
#376 = SURFACE_CURVE('',#377,(#382,#393),.PCURVE_S1.);
#377 = CIRCLE('',#378,1.);
#378 = AXIS2_PLACEMENT_3D('',#379,#380,#381);
#379 = CARTESIAN_POINT('',(-84.,-85.,-21.));
#380 = DIRECTION('',(-0.,-1.,0.));
#381 = DIRECTION('',(0.,-0.,1.));
#382 = PCURVE('',#182,#383);
#383 = DEFINITIONAL_REPRESENTATION('',(#384),#392);
#384 = ( BOUNDED_CURVE() B_SPLINE_CURVE(2,(#385,#386,#387,#388,#389,#390
,#391),.UNSPECIFIED.,.T.,.F.) B_SPLINE_CURVE_WITH_KNOTS((1,2,2,2,2,1),(
    -2.094395102393,0.,2.094395102393,4.188790204786,6.28318530718,
8.377580409573),.UNSPECIFIED.) CURVE() GEOMETRIC_REPRESENTATION_ITEM() 
RATIONAL_B_SPLINE_CURVE((1.,0.5,1.,0.5,1.,0.5,1.)) REPRESENTATION_ITEM(
  '') );
#385 = CARTESIAN_POINT('',(3.,2.));
#386 = CARTESIAN_POINT('',(3.,0.267949192431));
#387 = CARTESIAN_POINT('',(1.5,1.133974596216));
#388 = CARTESIAN_POINT('',(4.440892098501E-16,2.));
#389 = CARTESIAN_POINT('',(1.5,2.866025403784));
#390 = CARTESIAN_POINT('',(3.,3.732050807569));
#391 = CARTESIAN_POINT('',(3.,2.));
#392 = ( GEOMETRIC_REPRESENTATION_CONTEXT(2) 
PARAMETRIC_REPRESENTATION_CONTEXT() REPRESENTATION_CONTEXT('2D SPACE',''
  ) );
#393 = PCURVE('',#156,#394);
#394 = DEFINITIONAL_REPRESENTATION('',(#395),#399);
#395 = LINE('',#396,#397);
#396 = CARTESIAN_POINT('',(1.570796326795,16.));
#397 = VECTOR('',#398,1.);
#398 = DIRECTION('',(-1.,0.));
#399 = ( GEOMETRIC_REPRESENTATION_CONTEXT(2) 
PARAMETRIC_REPRESENTATION_CONTEXT() REPRESENTATION_CONTEXT('2D SPACE',''
  ) );
#400 = ORIENTED_EDGE('',*,*,#168,.T.);
#401 = ORIENTED_EDGE('',*,*,#232,.T.);
#402 = ORIENTED_EDGE('',*,*,#403,.T.);
#403 = EDGE_CURVE('',#233,#404,#406,.T.);
#404 = VERTEX_POINT('',#405);
#405 = CARTESIAN_POINT('',(84.,-85.,7.2));
#406 = SURFACE_CURVE('',#407,(#411,#418),.PCURVE_S1.);
#407 = LINE('',#408,#409);
#408 = CARTESIAN_POINT('',(-85.,-85.,7.2));
#409 = VECTOR('',#410,1.);
#410 = DIRECTION('',(1.,0.,-0.));
#411 = PCURVE('',#182,#412);
#412 = DEFINITIONAL_REPRESENTATION('',(#413),#417);
#413 = LINE('',#414,#415);
#414 = CARTESIAN_POINT('',(30.2,1.));
#415 = VECTOR('',#416,1.);
#416 = DIRECTION('',(0.,1.));
#417 = ( GEOMETRIC_REPRESENTATION_CONTEXT(2) 
PARAMETRIC_REPRESENTATION_CONTEXT() REPRESENTATION_CONTEXT('2D SPACE',''
  ) );
#418 = PCURVE('',#276,#419);
#419 = DEFINITIONAL_REPRESENTATION('',(#420),#424);
#420 = LINE('',#421,#422);
#421 = CARTESIAN_POINT('',(0.,0.));
#422 = VECTOR('',#423,1.);
#423 = DIRECTION('',(1.,0.));
#424 = ( GEOMETRIC_REPRESENTATION_CONTEXT(2) 
PARAMETRIC_REPRESENTATION_CONTEXT() REPRESENTATION_CONTEXT('2D SPACE',''
  ) );
#425 = ORIENTED_EDGE('',*,*,#426,.F.);
#426 = EDGE_CURVE('',#427,#404,#429,.T.);
#427 = VERTEX_POINT('',#428);
#428 = CARTESIAN_POINT('',(85.,-85.,8.2));
#429 = SURFACE_CURVE('',#430,(#435,#442),.PCURVE_S1.);
#430 = CIRCLE('',#431,1.);
#431 = AXIS2_PLACEMENT_3D('',#432,#433,#434);
#432 = CARTESIAN_POINT('',(84.,-85.,8.2));
#433 = DIRECTION('',(-0.,1.,0.));
#434 = DIRECTION('',(0.,0.,1.));
#435 = PCURVE('',#182,#436);
#436 = DEFINITIONAL_REPRESENTATION('',(#437),#441);
#437 = CIRCLE('',#438,1.);
#438 = AXIS2_PLACEMENT_2D('',#439,#440);
#439 = CARTESIAN_POINT('',(31.2,170.));
#440 = DIRECTION('',(1.,0.));
#441 = ( GEOMETRIC_REPRESENTATION_CONTEXT(2) 
PARAMETRIC_REPRESENTATION_CONTEXT() REPRESENTATION_CONTEXT('2D SPACE',''
  ) );
#442 = PCURVE('',#443,#448);
#443 = CYLINDRICAL_SURFACE('',#444,1.);
#444 = AXIS2_PLACEMENT_3D('',#445,#446,#447);
#445 = CARTESIAN_POINT('',(84.,-85.,8.2));
#446 = DIRECTION('',(-0.,1.,0.));
#447 = DIRECTION('',(1.,0.,-0.));
#448 = DEFINITIONAL_REPRESENTATION('',(#449),#453);
#449 = LINE('',#450,#451);
#450 = CARTESIAN_POINT('',(-1.570796326795,0.));
#451 = VECTOR('',#452,1.);
#452 = DIRECTION('',(1.,0.));
#453 = ( GEOMETRIC_REPRESENTATION_CONTEXT(2) 
PARAMETRIC_REPRESENTATION_CONTEXT() REPRESENTATION_CONTEXT('2D SPACE',''
  ) );
#454 = ORIENTED_EDGE('',*,*,#455,.F.);
#455 = EDGE_CURVE('',#319,#427,#456,.T.);
#456 = SURFACE_CURVE('',#457,(#461,#468),.PCURVE_S1.);
#457 = LINE('',#458,#459);
#458 = CARTESIAN_POINT('',(85.,-85.,-22.));
#459 = VECTOR('',#460,1.);
#460 = DIRECTION('',(0.,0.,1.));
#461 = PCURVE('',#182,#462);
#462 = DEFINITIONAL_REPRESENTATION('',(#463),#467);
#463 = LINE('',#464,#465);
#464 = CARTESIAN_POINT('',(1.,171.));
#465 = VECTOR('',#466,1.);
#466 = DIRECTION('',(1.,0.));
#467 = ( GEOMETRIC_REPRESENTATION_CONTEXT(2) 
PARAMETRIC_REPRESENTATION_CONTEXT() REPRESENTATION_CONTEXT('2D SPACE',''
  ) );
#468 = PCURVE('',#469,#474);
#469 = PLANE('',#470);
#470 = AXIS2_PLACEMENT_3D('',#471,#472,#473);
#471 = CARTESIAN_POINT('',(85.,-85.,7.2));
#472 = DIRECTION('',(1.,0.,-0.));
#473 = DIRECTION('',(0.,0.,1.));
#474 = DEFINITIONAL_REPRESENTATION('',(#475),#479);
#475 = LINE('',#476,#477);
#476 = CARTESIAN_POINT('',(-29.2,0.));
#477 = VECTOR('',#478,1.);
#478 = DIRECTION('',(1.,0.));
#479 = ( GEOMETRIC_REPRESENTATION_CONTEXT(2) 
PARAMETRIC_REPRESENTATION_CONTEXT() REPRESENTATION_CONTEXT('2D SPACE',''
  ) );
#480 = ADVANCED_FACE('',(#481,#638,#669,#700),#72,.T.);
#481 = FACE_BOUND('',#482,.T.);
#482 = EDGE_LOOP('',(#483,#506,#507,#508,#532,#560,#593,#616));
#483 = ORIENTED_EDGE('',*,*,#484,.F.);
#484 = EDGE_CURVE('',#261,#485,#487,.T.);
#485 = VERTEX_POINT('',#486);
#486 = CARTESIAN_POINT('',(84.,85.,7.2));
#487 = SURFACE_CURVE('',#488,(#492,#499),.PCURVE_S1.);
#488 = LINE('',#489,#490);
#489 = CARTESIAN_POINT('',(-85.,85.,7.2));
#490 = VECTOR('',#491,1.);
#491 = DIRECTION('',(1.,0.,-0.));
#492 = PCURVE('',#72,#493);
#493 = DEFINITIONAL_REPRESENTATION('',(#494),#498);
#494 = LINE('',#495,#496);
#495 = CARTESIAN_POINT('',(0.,0.));
#496 = VECTOR('',#497,1.);
#497 = DIRECTION('',(0.,1.));
#498 = ( GEOMETRIC_REPRESENTATION_CONTEXT(2) 
PARAMETRIC_REPRESENTATION_CONTEXT() REPRESENTATION_CONTEXT('2D SPACE',''
  ) );
#499 = PCURVE('',#276,#500);
#500 = DEFINITIONAL_REPRESENTATION('',(#501),#505);
#501 = LINE('',#502,#503);
#502 = CARTESIAN_POINT('',(0.,170.));
#503 = VECTOR('',#504,1.);
#504 = DIRECTION('',(1.,0.));
#505 = ( GEOMETRIC_REPRESENTATION_CONTEXT(2) 
PARAMETRIC_REPRESENTATION_CONTEXT() REPRESENTATION_CONTEXT('2D SPACE',''
  ) );
#506 = ORIENTED_EDGE('',*,*,#288,.F.);
#507 = ORIENTED_EDGE('',*,*,#56,.T.);
#508 = ORIENTED_EDGE('',*,*,#509,.T.);
#509 = EDGE_CURVE('',#57,#510,#512,.T.);
#510 = VERTEX_POINT('',#511);
#511 = CARTESIAN_POINT('',(-84.,85.,20.5));
#512 = SURFACE_CURVE('',#513,(#518,#525),.PCURVE_S1.);
#513 = CIRCLE('',#514,1.);
#514 = AXIS2_PLACEMENT_3D('',#515,#516,#517);
#515 = CARTESIAN_POINT('',(-84.,85.,19.5));
#516 = DIRECTION('',(-0.,1.,0.));
#517 = DIRECTION('',(0.,0.,1.));
#518 = PCURVE('',#72,#519);
#519 = DEFINITIONAL_REPRESENTATION('',(#520),#524);
#520 = CIRCLE('',#521,1.);
#521 = AXIS2_PLACEMENT_2D('',#522,#523);
#522 = CARTESIAN_POINT('',(12.3,1.));
#523 = DIRECTION('',(1.,0.));
#524 = ( GEOMETRIC_REPRESENTATION_CONTEXT(2) 
PARAMETRIC_REPRESENTATION_CONTEXT() REPRESENTATION_CONTEXT('2D SPACE',''
  ) );
#525 = PCURVE('',#100,#526);
#526 = DEFINITIONAL_REPRESENTATION('',(#527),#531);
#527 = LINE('',#528,#529);
#528 = CARTESIAN_POINT('',(-4.712388980385,170.));
#529 = VECTOR('',#530,1.);
#530 = DIRECTION('',(1.,0.));
#531 = ( GEOMETRIC_REPRESENTATION_CONTEXT(2) 
PARAMETRIC_REPRESENTATION_CONTEXT() REPRESENTATION_CONTEXT('2D SPACE',''
  ) );
#532 = ORIENTED_EDGE('',*,*,#533,.T.);
#533 = EDGE_CURVE('',#510,#534,#536,.T.);
#534 = VERTEX_POINT('',#535);
#535 = CARTESIAN_POINT('',(84.,85.,20.5));
#536 = SURFACE_CURVE('',#537,(#541,#548),.PCURVE_S1.);
#537 = LINE('',#538,#539);
#538 = CARTESIAN_POINT('',(-85.,85.,20.5));
#539 = VECTOR('',#540,1.);
#540 = DIRECTION('',(1.,0.,-0.));
#541 = PCURVE('',#72,#542);
#542 = DEFINITIONAL_REPRESENTATION('',(#543),#547);
#543 = LINE('',#544,#545);
#544 = CARTESIAN_POINT('',(13.3,0.));
#545 = VECTOR('',#546,1.);
#546 = DIRECTION('',(0.,1.));
#547 = ( GEOMETRIC_REPRESENTATION_CONTEXT(2) 
PARAMETRIC_REPRESENTATION_CONTEXT() REPRESENTATION_CONTEXT('2D SPACE',''
  ) );
#548 = PCURVE('',#549,#554);
#549 = PLANE('',#550);
#550 = AXIS2_PLACEMENT_3D('',#551,#552,#553);
#551 = CARTESIAN_POINT('',(-85.,-85.,20.5));
#552 = DIRECTION('',(0.,0.,1.));
#553 = DIRECTION('',(1.,0.,-0.));
#554 = DEFINITIONAL_REPRESENTATION('',(#555),#559);
#555 = LINE('',#556,#557);
#556 = CARTESIAN_POINT('',(0.,170.));
#557 = VECTOR('',#558,1.);
#558 = DIRECTION('',(1.,0.));
#559 = ( GEOMETRIC_REPRESENTATION_CONTEXT(2) 
PARAMETRIC_REPRESENTATION_CONTEXT() REPRESENTATION_CONTEXT('2D SPACE',''
  ) );
#560 = ORIENTED_EDGE('',*,*,#561,.F.);
#561 = EDGE_CURVE('',#562,#534,#564,.T.);
#562 = VERTEX_POINT('',#563);
#563 = CARTESIAN_POINT('',(85.,85.,19.5));
#564 = SURFACE_CURVE('',#565,(#570,#581),.PCURVE_S1.);
#565 = CIRCLE('',#566,1.);
#566 = AXIS2_PLACEMENT_3D('',#567,#568,#569);
#567 = CARTESIAN_POINT('',(84.,85.,19.5));
#568 = DIRECTION('',(0.,-1.,0.));
#569 = DIRECTION('',(0.,0.,1.));
#570 = PCURVE('',#72,#571);
#571 = DEFINITIONAL_REPRESENTATION('',(#572),#580);
#572 = ( BOUNDED_CURVE() B_SPLINE_CURVE(2,(#573,#574,#575,#576,#577,#578
,#579),.UNSPECIFIED.,.T.,.F.) B_SPLINE_CURVE_WITH_KNOTS((1,2,2,2,2,1),(
    -2.094395102393,0.,2.094395102393,4.188790204786,6.28318530718,
8.377580409573),.UNSPECIFIED.) CURVE() GEOMETRIC_REPRESENTATION_ITEM() 
RATIONAL_B_SPLINE_CURVE((1.,0.5,1.,0.5,1.,0.5,1.)) REPRESENTATION_ITEM(
  '') );
#573 = CARTESIAN_POINT('',(13.3,169.));
#574 = CARTESIAN_POINT('',(13.3,167.26794919243));
#575 = CARTESIAN_POINT('',(11.8,168.13397459621));
#576 = CARTESIAN_POINT('',(10.3,169.));
#577 = CARTESIAN_POINT('',(11.8,169.86602540378));
#578 = CARTESIAN_POINT('',(13.3,170.73205080756));
#579 = CARTESIAN_POINT('',(13.3,169.));
#580 = ( GEOMETRIC_REPRESENTATION_CONTEXT(2) 
PARAMETRIC_REPRESENTATION_CONTEXT() REPRESENTATION_CONTEXT('2D SPACE',''
  ) );
#581 = PCURVE('',#582,#587);
#582 = CYLINDRICAL_SURFACE('',#583,1.);
#583 = AXIS2_PLACEMENT_3D('',#584,#585,#586);
#584 = CARTESIAN_POINT('',(84.,-85.,19.5));
#585 = DIRECTION('',(-0.,1.,0.));
#586 = DIRECTION('',(1.,0.,-0.));
#587 = DEFINITIONAL_REPRESENTATION('',(#588),#592);
#588 = LINE('',#589,#590);
#589 = CARTESIAN_POINT('',(4.712388980385,170.));
#590 = VECTOR('',#591,1.);
#591 = DIRECTION('',(-1.,0.));
#592 = ( GEOMETRIC_REPRESENTATION_CONTEXT(2) 
PARAMETRIC_REPRESENTATION_CONTEXT() REPRESENTATION_CONTEXT('2D SPACE',''
  ) );
#593 = ORIENTED_EDGE('',*,*,#594,.F.);
#594 = EDGE_CURVE('',#595,#562,#597,.T.);
#595 = VERTEX_POINT('',#596);
#596 = CARTESIAN_POINT('',(85.,85.,8.2));
#597 = SURFACE_CURVE('',#598,(#602,#609),.PCURVE_S1.);
#598 = LINE('',#599,#600);
#599 = CARTESIAN_POINT('',(85.,85.,7.2));
#600 = VECTOR('',#601,1.);
#601 = DIRECTION('',(0.,0.,1.));
#602 = PCURVE('',#72,#603);
#603 = DEFINITIONAL_REPRESENTATION('',(#604),#608);
#604 = LINE('',#605,#606);
#605 = CARTESIAN_POINT('',(0.,170.));
#606 = VECTOR('',#607,1.);
#607 = DIRECTION('',(1.,0.));
#608 = ( GEOMETRIC_REPRESENTATION_CONTEXT(2) 
PARAMETRIC_REPRESENTATION_CONTEXT() REPRESENTATION_CONTEXT('2D SPACE',''
  ) );
#609 = PCURVE('',#469,#610);
#610 = DEFINITIONAL_REPRESENTATION('',(#611),#615);
#611 = LINE('',#612,#613);
#612 = CARTESIAN_POINT('',(0.,-170.));
#613 = VECTOR('',#614,1.);
#614 = DIRECTION('',(1.,0.));
#615 = ( GEOMETRIC_REPRESENTATION_CONTEXT(2) 
PARAMETRIC_REPRESENTATION_CONTEXT() REPRESENTATION_CONTEXT('2D SPACE',''
  ) );
#616 = ORIENTED_EDGE('',*,*,#617,.T.);
#617 = EDGE_CURVE('',#595,#485,#618,.T.);
#618 = SURFACE_CURVE('',#619,(#624,#631),.PCURVE_S1.);
#619 = CIRCLE('',#620,1.);
#620 = AXIS2_PLACEMENT_3D('',#621,#622,#623);
#621 = CARTESIAN_POINT('',(84.,85.,8.2));
#622 = DIRECTION('',(-0.,1.,0.));
#623 = DIRECTION('',(0.,0.,1.));
#624 = PCURVE('',#72,#625);
#625 = DEFINITIONAL_REPRESENTATION('',(#626),#630);
#626 = CIRCLE('',#627,1.);
#627 = AXIS2_PLACEMENT_2D('',#628,#629);
#628 = CARTESIAN_POINT('',(1.,169.));
#629 = DIRECTION('',(1.,0.));
#630 = ( GEOMETRIC_REPRESENTATION_CONTEXT(2) 
PARAMETRIC_REPRESENTATION_CONTEXT() REPRESENTATION_CONTEXT('2D SPACE',''
  ) );
#631 = PCURVE('',#443,#632);
#632 = DEFINITIONAL_REPRESENTATION('',(#633),#637);
#633 = LINE('',#634,#635);
#634 = CARTESIAN_POINT('',(-1.570796326795,170.));
#635 = VECTOR('',#636,1.);
#636 = DIRECTION('',(1.,0.));
#637 = ( GEOMETRIC_REPRESENTATION_CONTEXT(2) 
PARAMETRIC_REPRESENTATION_CONTEXT() REPRESENTATION_CONTEXT('2D SPACE',''
  ) );
#638 = FACE_BOUND('',#639,.T.);
#639 = EDGE_LOOP('',(#640));
#640 = ORIENTED_EDGE('',*,*,#641,.F.);
#641 = EDGE_CURVE('',#642,#642,#644,.T.);
#642 = VERTEX_POINT('',#643);
#643 = CARTESIAN_POINT('',(-60.35,85.,10.));
#644 = SURFACE_CURVE('',#645,(#650,#657),.PCURVE_S1.);
#645 = CIRCLE('',#646,2.15);
#646 = AXIS2_PLACEMENT_3D('',#647,#648,#649);
#647 = CARTESIAN_POINT('',(-62.5,85.,10.));
#648 = DIRECTION('',(0.,1.,2.22044604925E-16));
#649 = DIRECTION('',(1.,0.,-0.));
#650 = PCURVE('',#72,#651);
#651 = DEFINITIONAL_REPRESENTATION('',(#652),#656);
#652 = CIRCLE('',#653,2.15);
#653 = AXIS2_PLACEMENT_2D('',#654,#655);
#654 = CARTESIAN_POINT('',(2.8,22.5));
#655 = DIRECTION('',(0.,1.));
#656 = ( GEOMETRIC_REPRESENTATION_CONTEXT(2) 
PARAMETRIC_REPRESENTATION_CONTEXT() REPRESENTATION_CONTEXT('2D SPACE',''
  ) );
#657 = PCURVE('',#658,#663);
#658 = CYLINDRICAL_SURFACE('',#659,2.15);
#659 = AXIS2_PLACEMENT_3D('',#660,#661,#662);
#660 = CARTESIAN_POINT('',(-62.5,78.5,10.));
#661 = DIRECTION('',(0.,1.,2.22044604925E-16));
#662 = DIRECTION('',(1.,0.,-0.));
#663 = DEFINITIONAL_REPRESENTATION('',(#664),#668);
#664 = LINE('',#665,#666);
#665 = CARTESIAN_POINT('',(0.,6.5));
#666 = VECTOR('',#667,1.);
#667 = DIRECTION('',(1.,0.));
#668 = ( GEOMETRIC_REPRESENTATION_CONTEXT(2) 
PARAMETRIC_REPRESENTATION_CONTEXT() REPRESENTATION_CONTEXT('2D SPACE',''
  ) );
#669 = FACE_BOUND('',#670,.T.);
#670 = EDGE_LOOP('',(#671));
#671 = ORIENTED_EDGE('',*,*,#672,.F.);
#672 = EDGE_CURVE('',#673,#673,#675,.T.);
#673 = VERTEX_POINT('',#674);
#674 = CARTESIAN_POINT('',(32.65,85.,10.));
#675 = SURFACE_CURVE('',#676,(#681,#688),.PCURVE_S1.);
#676 = CIRCLE('',#677,2.15);
#677 = AXIS2_PLACEMENT_3D('',#678,#679,#680);
#678 = CARTESIAN_POINT('',(30.5,85.,10.));
#679 = DIRECTION('',(0.,1.,2.22044604925E-16));
#680 = DIRECTION('',(1.,0.,-0.));
#681 = PCURVE('',#72,#682);
#682 = DEFINITIONAL_REPRESENTATION('',(#683),#687);
#683 = CIRCLE('',#684,2.15);
#684 = AXIS2_PLACEMENT_2D('',#685,#686);
#685 = CARTESIAN_POINT('',(2.8,115.5));
#686 = DIRECTION('',(0.,1.));
#687 = ( GEOMETRIC_REPRESENTATION_CONTEXT(2) 
PARAMETRIC_REPRESENTATION_CONTEXT() REPRESENTATION_CONTEXT('2D SPACE',''
  ) );
#688 = PCURVE('',#689,#694);
#689 = CYLINDRICAL_SURFACE('',#690,2.15);
#690 = AXIS2_PLACEMENT_3D('',#691,#692,#693);
#691 = CARTESIAN_POINT('',(30.5,78.5,10.));
#692 = DIRECTION('',(0.,1.,2.22044604925E-16));
#693 = DIRECTION('',(1.,0.,-0.));
#694 = DEFINITIONAL_REPRESENTATION('',(#695),#699);
#695 = LINE('',#696,#697);
#696 = CARTESIAN_POINT('',(0.,6.5));
#697 = VECTOR('',#698,1.);
#698 = DIRECTION('',(1.,0.));
#699 = ( GEOMETRIC_REPRESENTATION_CONTEXT(2) 
PARAMETRIC_REPRESENTATION_CONTEXT() REPRESENTATION_CONTEXT('2D SPACE',''
  ) );
#700 = FACE_BOUND('',#701,.T.);
#701 = EDGE_LOOP('',(#702));
#702 = ORIENTED_EDGE('',*,*,#703,.T.);
#703 = EDGE_CURVE('',#704,#704,#706,.T.);
#704 = VERTEX_POINT('',#705);
#705 = CARTESIAN_POINT('',(68.6,85.,14.5));
#706 = SURFACE_CURVE('',#707,(#712,#723),.PCURVE_S1.);
#707 = CIRCLE('',#708,4.6);
#708 = AXIS2_PLACEMENT_3D('',#709,#710,#711);
#709 = CARTESIAN_POINT('',(64.,85.,14.5));
#710 = DIRECTION('',(0.,-1.,2.22044604925E-16));
#711 = DIRECTION('',(1.,0.,0.));
#712 = PCURVE('',#72,#713);
#713 = DEFINITIONAL_REPRESENTATION('',(#714),#722);
#714 = ( BOUNDED_CURVE() B_SPLINE_CURVE(2,(#715,#716,#717,#718,#719,#720
,#721),.UNSPECIFIED.,.T.,.F.) B_SPLINE_CURVE_WITH_KNOTS((1,2,2,2,2,1),(
    -2.094395102393,0.,2.094395102393,4.188790204786,6.28318530718,
8.377580409573),.UNSPECIFIED.) CURVE() GEOMETRIC_REPRESENTATION_ITEM() 
RATIONAL_B_SPLINE_CURVE((1.,0.5,1.,0.5,1.,0.5,1.)) REPRESENTATION_ITEM(
  '') );
#715 = CARTESIAN_POINT('',(7.3,153.6));
#716 = CARTESIAN_POINT('',(15.267433714817,153.6));
#717 = CARTESIAN_POINT('',(11.283716857408,146.7));
#718 = CARTESIAN_POINT('',(7.3,139.8));
#719 = CARTESIAN_POINT('',(3.316283142592,146.7));
#720 = CARTESIAN_POINT('',(-0.667433714817,153.6));
#721 = CARTESIAN_POINT('',(7.3,153.6));
#722 = ( GEOMETRIC_REPRESENTATION_CONTEXT(2) 
PARAMETRIC_REPRESENTATION_CONTEXT() REPRESENTATION_CONTEXT('2D SPACE',''
  ) );
#723 = PCURVE('',#724,#729);
#724 = CYLINDRICAL_SURFACE('',#725,4.6);
#725 = AXIS2_PLACEMENT_3D('',#726,#727,#728);
#726 = CARTESIAN_POINT('',(64.,86.,14.5));
#727 = DIRECTION('',(0.,-1.,2.22044604925E-16));
#728 = DIRECTION('',(1.,0.,0.));
#729 = DEFINITIONAL_REPRESENTATION('',(#730),#734);
#730 = LINE('',#731,#732);
#731 = CARTESIAN_POINT('',(0.,1.));
#732 = VECTOR('',#733,1.);
#733 = DIRECTION('',(1.,0.));
#734 = ( GEOMETRIC_REPRESENTATION_CONTEXT(2) 
PARAMETRIC_REPRESENTATION_CONTEXT() REPRESENTATION_CONTEXT('2D SPACE',''
  ) );
#735 = ADVANCED_FACE('',(#736),#156,.T.);
#736 = FACE_BOUND('',#737,.F.);
#737 = EDGE_LOOP('',(#738,#765,#786,#787));
#738 = ORIENTED_EDGE('',*,*,#739,.T.);
#739 = EDGE_CURVE('',#113,#740,#742,.T.);
#740 = VERTEX_POINT('',#741);
#741 = CARTESIAN_POINT('',(-84.,-101.,-22.));
#742 = SURFACE_CURVE('',#743,(#748,#754),.PCURVE_S1.);
#743 = CIRCLE('',#744,1.);
#744 = AXIS2_PLACEMENT_3D('',#745,#746,#747);
#745 = CARTESIAN_POINT('',(-84.,-101.,-21.));
#746 = DIRECTION('',(6.123233995737E-17,-1.,0.));
#747 = DIRECTION('',(-1.,-6.123233995737E-17,0.));
#748 = PCURVE('',#156,#749);
#749 = DEFINITIONAL_REPRESENTATION('',(#750),#753);
#750 = B_SPLINE_CURVE_WITH_KNOTS('',1,(#751,#752),.UNSPECIFIED.,.F.,.F.,
  (2,2),(0.,1.570796326795),.PIECEWISE_BEZIER_KNOTS.);
#751 = CARTESIAN_POINT('',(0.,0.));
#752 = CARTESIAN_POINT('',(-1.570796326795,0.));
#753 = ( GEOMETRIC_REPRESENTATION_CONTEXT(2) 
PARAMETRIC_REPRESENTATION_CONTEXT() REPRESENTATION_CONTEXT('2D SPACE',''
  ) );
#754 = PCURVE('',#755,#760);
#755 = TOROIDAL_SURFACE('',#756,8.,1.);
#756 = AXIS2_PLACEMENT_3D('',#757,#758,#759);
#757 = CARTESIAN_POINT('',(-76.,-101.,-21.));
#758 = DIRECTION('',(-0.,-0.,-1.));
#759 = DIRECTION('',(0.,-1.,0.));
#760 = DEFINITIONAL_REPRESENTATION('',(#761),#764);
#761 = B_SPLINE_CURVE_WITH_KNOTS('',1,(#762,#763),.UNSPECIFIED.,.F.,.F.,
  (2,2),(0.,1.570796326795),.PIECEWISE_BEZIER_KNOTS.);
#762 = CARTESIAN_POINT('',(1.570796326795,0.));
#763 = CARTESIAN_POINT('',(1.570796326795,1.570796326795));
#764 = ( GEOMETRIC_REPRESENTATION_CONTEXT(2) 
PARAMETRIC_REPRESENTATION_CONTEXT() REPRESENTATION_CONTEXT('2D SPACE',''
  ) );
#765 = ORIENTED_EDGE('',*,*,#766,.T.);
#766 = EDGE_CURVE('',#740,#350,#767,.T.);
#767 = SURFACE_CURVE('',#768,(#772,#779),.PCURVE_S1.);
#768 = LINE('',#769,#770);
#769 = CARTESIAN_POINT('',(-84.,-101.,-22.));
#770 = VECTOR('',#771,1.);
#771 = DIRECTION('',(0.,1.,0.));
#772 = PCURVE('',#156,#773);
#773 = DEFINITIONAL_REPRESENTATION('',(#774),#778);
#774 = LINE('',#775,#776);
#775 = CARTESIAN_POINT('',(-1.570796326795,0.));
#776 = VECTOR('',#777,1.);
#777 = DIRECTION('',(-0.,1.));
#778 = ( GEOMETRIC_REPRESENTATION_CONTEXT(2) 
PARAMETRIC_REPRESENTATION_CONTEXT() REPRESENTATION_CONTEXT('2D SPACE',''
  ) );
#779 = PCURVE('',#364,#780);
#780 = DEFINITIONAL_REPRESENTATION('',(#781),#785);
#781 = LINE('',#782,#783);
#782 = CARTESIAN_POINT('',(-84.,-8.));
#783 = VECTOR('',#784,1.);
#784 = DIRECTION('',(0.,1.));
#785 = ( GEOMETRIC_REPRESENTATION_CONTEXT(2) 
PARAMETRIC_REPRESENTATION_CONTEXT() REPRESENTATION_CONTEXT('2D SPACE',''
  ) );
#786 = ORIENTED_EDGE('',*,*,#375,.F.);
#787 = ORIENTED_EDGE('',*,*,#140,.F.);
#788 = ADVANCED_FACE('',(#789),#100,.T.);
#789 = FACE_BOUND('',#790,.T.);
#790 = EDGE_LOOP('',(#791,#792,#819,#840));
#791 = ORIENTED_EDGE('',*,*,#84,.F.);
#792 = ORIENTED_EDGE('',*,*,#793,.T.);
#793 = EDGE_CURVE('',#85,#794,#796,.T.);
#794 = VERTEX_POINT('',#795);
#795 = CARTESIAN_POINT('',(-84.,-101.,20.5));
#796 = SURFACE_CURVE('',#797,(#802,#808),.PCURVE_S1.);
#797 = CIRCLE('',#798,1.);
#798 = AXIS2_PLACEMENT_3D('',#799,#800,#801);
#799 = CARTESIAN_POINT('',(-84.,-101.,19.5));
#800 = DIRECTION('',(-6.123233995737E-17,1.,0.));
#801 = DIRECTION('',(-1.,-6.123233995737E-17,0.));
#802 = PCURVE('',#100,#803);
#803 = DEFINITIONAL_REPRESENTATION('',(#804),#807);
#804 = B_SPLINE_CURVE_WITH_KNOTS('',1,(#805,#806),.UNSPECIFIED.,.F.,.F.,
  (2,2),(0.,1.570796326795),.PIECEWISE_BEZIER_KNOTS.);
#805 = CARTESIAN_POINT('',(0.,-16.));
#806 = CARTESIAN_POINT('',(1.570796326795,-16.));
#807 = ( GEOMETRIC_REPRESENTATION_CONTEXT(2) 
PARAMETRIC_REPRESENTATION_CONTEXT() REPRESENTATION_CONTEXT('2D SPACE',''
  ) );
#808 = PCURVE('',#809,#814);
#809 = TOROIDAL_SURFACE('',#810,8.,1.);
#810 = AXIS2_PLACEMENT_3D('',#811,#812,#813);
#811 = CARTESIAN_POINT('',(-76.,-101.,19.5));
#812 = DIRECTION('',(0.,0.,1.));
#813 = DIRECTION('',(0.,-1.,0.));
#814 = DEFINITIONAL_REPRESENTATION('',(#815),#818);
#815 = B_SPLINE_CURVE_WITH_KNOTS('',1,(#816,#817),.UNSPECIFIED.,.F.,.F.,
  (2,2),(0.,1.570796326795),.PIECEWISE_BEZIER_KNOTS.);
#816 = CARTESIAN_POINT('',(-1.570796326795,0.));
#817 = CARTESIAN_POINT('',(-1.570796326795,1.570796326795));
#818 = ( GEOMETRIC_REPRESENTATION_CONTEXT(2) 
PARAMETRIC_REPRESENTATION_CONTEXT() REPRESENTATION_CONTEXT('2D SPACE',''
  ) );
#819 = ORIENTED_EDGE('',*,*,#820,.T.);
#820 = EDGE_CURVE('',#794,#510,#821,.T.);
#821 = SURFACE_CURVE('',#822,(#826,#833),.PCURVE_S1.);
#822 = LINE('',#823,#824);
#823 = CARTESIAN_POINT('',(-84.,-101.,20.5));
#824 = VECTOR('',#825,1.);
#825 = DIRECTION('',(0.,1.,0.));
#826 = PCURVE('',#100,#827);
#827 = DEFINITIONAL_REPRESENTATION('',(#828),#832);
#828 = LINE('',#829,#830);
#829 = CARTESIAN_POINT('',(1.570796326795,-16.));
#830 = VECTOR('',#831,1.);
#831 = DIRECTION('',(0.,1.));
#832 = ( GEOMETRIC_REPRESENTATION_CONTEXT(2) 
PARAMETRIC_REPRESENTATION_CONTEXT() REPRESENTATION_CONTEXT('2D SPACE',''
  ) );
#833 = PCURVE('',#549,#834);
#834 = DEFINITIONAL_REPRESENTATION('',(#835),#839);
#835 = LINE('',#836,#837);
#836 = CARTESIAN_POINT('',(1.,-16.));
#837 = VECTOR('',#838,1.);
#838 = DIRECTION('',(0.,1.));
#839 = ( GEOMETRIC_REPRESENTATION_CONTEXT(2) 
PARAMETRIC_REPRESENTATION_CONTEXT() REPRESENTATION_CONTEXT('2D SPACE',''
  ) );
#840 = ORIENTED_EDGE('',*,*,#509,.F.);
#841 = ADVANCED_FACE('',(#842),#128,.T.);
#842 = FACE_BOUND('',#843,.T.);
#843 = EDGE_LOOP('',(#844,#874,#896,#897));
#844 = ORIENTED_EDGE('',*,*,#845,.T.);
#845 = EDGE_CURVE('',#846,#848,#850,.T.);
#846 = VERTEX_POINT('',#847);
#847 = CARTESIAN_POINT('',(-76.,-110.,-21.));
#848 = VERTEX_POINT('',#849);
#849 = CARTESIAN_POINT('',(-76.,-110.,19.5));
#850 = SURFACE_CURVE('',#851,(#855,#862),.PCURVE_S1.);
#851 = LINE('',#852,#853);
#852 = CARTESIAN_POINT('',(-76.,-110.,-22.));
#853 = VECTOR('',#854,1.);
#854 = DIRECTION('',(0.,0.,1.));
#855 = PCURVE('',#128,#856);
#856 = DEFINITIONAL_REPRESENTATION('',(#857),#861);
#857 = LINE('',#858,#859);
#858 = CARTESIAN_POINT('',(4.712388980385,0.));
#859 = VECTOR('',#860,1.);
#860 = DIRECTION('',(0.,-1.));
#861 = ( GEOMETRIC_REPRESENTATION_CONTEXT(2) 
PARAMETRIC_REPRESENTATION_CONTEXT() REPRESENTATION_CONTEXT('2D SPACE',''
  ) );
#862 = PCURVE('',#863,#868);
#863 = PLANE('',#864);
#864 = AXIS2_PLACEMENT_3D('',#865,#866,#867);
#865 = CARTESIAN_POINT('',(-76.,-110.,-22.));
#866 = DIRECTION('',(0.,1.,0.));
#867 = DIRECTION('',(1.,0.,0.));
#868 = DEFINITIONAL_REPRESENTATION('',(#869),#873);
#869 = LINE('',#870,#871);
#870 = CARTESIAN_POINT('',(0.,0.));
#871 = VECTOR('',#872,1.);
#872 = DIRECTION('',(0.,-1.));
#873 = ( GEOMETRIC_REPRESENTATION_CONTEXT(2) 
PARAMETRIC_REPRESENTATION_CONTEXT() REPRESENTATION_CONTEXT('2D SPACE',''
  ) );
#874 = ORIENTED_EDGE('',*,*,#875,.T.);
#875 = EDGE_CURVE('',#848,#85,#876,.T.);
#876 = SURFACE_CURVE('',#877,(#882,#889),.PCURVE_S1.);
#877 = CIRCLE('',#878,9.);
#878 = AXIS2_PLACEMENT_3D('',#879,#880,#881);
#879 = CARTESIAN_POINT('',(-76.,-101.,19.5));
#880 = DIRECTION('',(-0.,-0.,-1.));
#881 = DIRECTION('',(0.,-1.,0.));
#882 = PCURVE('',#128,#883);
#883 = DEFINITIONAL_REPRESENTATION('',(#884),#888);
#884 = LINE('',#885,#886);
#885 = CARTESIAN_POINT('',(4.712388980385,-41.5));
#886 = VECTOR('',#887,1.);
#887 = DIRECTION('',(1.,0.));
#888 = ( GEOMETRIC_REPRESENTATION_CONTEXT(2) 
PARAMETRIC_REPRESENTATION_CONTEXT() REPRESENTATION_CONTEXT('2D SPACE',''
  ) );
#889 = PCURVE('',#809,#890);
#890 = DEFINITIONAL_REPRESENTATION('',(#891),#895);
#891 = LINE('',#892,#893);
#892 = CARTESIAN_POINT('',(-0.,0.));
#893 = VECTOR('',#894,1.);
#894 = DIRECTION('',(-1.,0.));
#895 = ( GEOMETRIC_REPRESENTATION_CONTEXT(2) 
PARAMETRIC_REPRESENTATION_CONTEXT() REPRESENTATION_CONTEXT('2D SPACE',''
  ) );
#896 = ORIENTED_EDGE('',*,*,#112,.F.);
#897 = ORIENTED_EDGE('',*,*,#898,.F.);
#898 = EDGE_CURVE('',#846,#113,#899,.T.);
#899 = SURFACE_CURVE('',#900,(#905,#912),.PCURVE_S1.);
#900 = CIRCLE('',#901,9.);
#901 = AXIS2_PLACEMENT_3D('',#902,#903,#904);
#902 = CARTESIAN_POINT('',(-76.,-101.,-21.));
#903 = DIRECTION('',(-0.,-0.,-1.));
#904 = DIRECTION('',(0.,-1.,0.));
#905 = PCURVE('',#128,#906);
#906 = DEFINITIONAL_REPRESENTATION('',(#907),#911);
#907 = LINE('',#908,#909);
#908 = CARTESIAN_POINT('',(4.712388980385,-1.));
#909 = VECTOR('',#910,1.);
#910 = DIRECTION('',(1.,0.));
#911 = ( GEOMETRIC_REPRESENTATION_CONTEXT(2) 
PARAMETRIC_REPRESENTATION_CONTEXT() REPRESENTATION_CONTEXT('2D SPACE',''
  ) );
#912 = PCURVE('',#755,#913);
#913 = DEFINITIONAL_REPRESENTATION('',(#914),#918);
#914 = LINE('',#915,#916);
#915 = CARTESIAN_POINT('',(0.,0.));
#916 = VECTOR('',#917,1.);
#917 = DIRECTION('',(1.,0.));
#918 = ( GEOMETRIC_REPRESENTATION_CONTEXT(2) 
PARAMETRIC_REPRESENTATION_CONTEXT() REPRESENTATION_CONTEXT('2D SPACE',''
  ) );
#919 = ADVANCED_FACE('',(#920),#217,.F.);
#920 = FACE_BOUND('',#921,.F.);
#921 = EDGE_LOOP('',(#922,#923,#946,#973));
#922 = ORIENTED_EDGE('',*,*,#196,.F.);
#923 = ORIENTED_EDGE('',*,*,#924,.F.);
#924 = EDGE_CURVE('',#925,#197,#927,.T.);
#925 = VERTEX_POINT('',#926);
#926 = CARTESIAN_POINT('',(-84.4,-3.184081677783E-16,19.3));
#927 = SEAM_CURVE('',#928,(#932,#939),.PCURVE_S1.);
#928 = LINE('',#929,#930);
#929 = CARTESIAN_POINT('',(-84.4,-3.184081677783E-16,19.3));
#930 = VECTOR('',#931,1.);
#931 = DIRECTION('',(-1.,0.,2.22044604925E-16));
#932 = PCURVE('',#217,#933);
#933 = DEFINITIONAL_REPRESENTATION('',(#934),#938);
#934 = LINE('',#935,#936);
#935 = CARTESIAN_POINT('',(6.28318530718,-0.));
#936 = VECTOR('',#937,1.);
#937 = DIRECTION('',(0.,1.));
#938 = ( GEOMETRIC_REPRESENTATION_CONTEXT(2) 
PARAMETRIC_REPRESENTATION_CONTEXT() REPRESENTATION_CONTEXT('2D SPACE',''
  ) );
#939 = PCURVE('',#217,#940);
#940 = DEFINITIONAL_REPRESENTATION('',(#941),#945);
#941 = LINE('',#942,#943);
#942 = CARTESIAN_POINT('',(0.,-0.));
#943 = VECTOR('',#944,1.);
#944 = DIRECTION('',(0.,1.));
#945 = ( GEOMETRIC_REPRESENTATION_CONTEXT(2) 
PARAMETRIC_REPRESENTATION_CONTEXT() REPRESENTATION_CONTEXT('2D SPACE',''
  ) );
#946 = ORIENTED_EDGE('',*,*,#947,.T.);
#947 = EDGE_CURVE('',#925,#925,#948,.T.);
#948 = SURFACE_CURVE('',#949,(#954,#961),.PCURVE_S1.);
#949 = CIRCLE('',#950,1.3);
#950 = AXIS2_PLACEMENT_3D('',#951,#952,#953);
#951 = CARTESIAN_POINT('',(-84.4,0.,18.));
#952 = DIRECTION('',(-1.,-0.,2.22044604925E-16));
#953 = DIRECTION('',(2.22044604925E-16,0.,1.));
#954 = PCURVE('',#217,#955);
#955 = DEFINITIONAL_REPRESENTATION('',(#956),#960);
#956 = LINE('',#957,#958);
#957 = CARTESIAN_POINT('',(0.,0.));
#958 = VECTOR('',#959,1.);
#959 = DIRECTION('',(1.,0.));
#960 = ( GEOMETRIC_REPRESENTATION_CONTEXT(2) 
PARAMETRIC_REPRESENTATION_CONTEXT() REPRESENTATION_CONTEXT('2D SPACE',''
  ) );
#961 = PCURVE('',#962,#967);
#962 = PLANE('',#963);
#963 = AXIS2_PLACEMENT_3D('',#964,#965,#966);
#964 = CARTESIAN_POINT('',(-84.4,0.,18.));
#965 = DIRECTION('',(-1.,0.,2.22044604925E-16));
#966 = DIRECTION('',(2.22044604925E-16,0.,1.));
#967 = DEFINITIONAL_REPRESENTATION('',(#968),#972);
#968 = CIRCLE('',#969,1.3);
#969 = AXIS2_PLACEMENT_2D('',#970,#971);
#970 = CARTESIAN_POINT('',(0.,0.));
#971 = DIRECTION('',(1.,0.));
#972 = ( GEOMETRIC_REPRESENTATION_CONTEXT(2) 
PARAMETRIC_REPRESENTATION_CONTEXT() REPRESENTATION_CONTEXT('2D SPACE',''
  ) );
#973 = ORIENTED_EDGE('',*,*,#924,.T.);
#974 = ADVANCED_FACE('',(#975,#1001,#1036,#1067,#1102,#1133,#1168,#1288,
    #1323),#276,.F.);
#975 = FACE_BOUND('',#976,.F.);
#976 = EDGE_LOOP('',(#977,#978,#979,#980));
#977 = ORIENTED_EDGE('',*,*,#484,.F.);
#978 = ORIENTED_EDGE('',*,*,#260,.F.);
#979 = ORIENTED_EDGE('',*,*,#403,.T.);
#980 = ORIENTED_EDGE('',*,*,#981,.T.);
#981 = EDGE_CURVE('',#404,#485,#982,.T.);
#982 = SURFACE_CURVE('',#983,(#987,#994),.PCURVE_S1.);
#983 = LINE('',#984,#985);
#984 = CARTESIAN_POINT('',(84.,-85.,7.2));
#985 = VECTOR('',#986,1.);
#986 = DIRECTION('',(-0.,1.,0.));
#987 = PCURVE('',#276,#988);
#988 = DEFINITIONAL_REPRESENTATION('',(#989),#993);
#989 = LINE('',#990,#991);
#990 = CARTESIAN_POINT('',(169.,0.));
#991 = VECTOR('',#992,1.);
#992 = DIRECTION('',(0.,1.));
#993 = ( GEOMETRIC_REPRESENTATION_CONTEXT(2) 
PARAMETRIC_REPRESENTATION_CONTEXT() REPRESENTATION_CONTEXT('2D SPACE',''
  ) );
#994 = PCURVE('',#443,#995);
#995 = DEFINITIONAL_REPRESENTATION('',(#996),#1000);
#996 = LINE('',#997,#998);
#997 = CARTESIAN_POINT('',(1.570796326795,0.));
#998 = VECTOR('',#999,1.);
#999 = DIRECTION('',(0.,1.));
#1000 = ( GEOMETRIC_REPRESENTATION_CONTEXT(2) 
PARAMETRIC_REPRESENTATION_CONTEXT() REPRESENTATION_CONTEXT('2D SPACE',''
  ) );
#1001 = FACE_BOUND('',#1002,.F.);
#1002 = EDGE_LOOP('',(#1003));
#1003 = ORIENTED_EDGE('',*,*,#1004,.T.);
#1004 = EDGE_CURVE('',#1005,#1005,#1007,.T.);
#1005 = VERTEX_POINT('',#1006);
#1006 = CARTESIAN_POINT('',(-71.85,-74.,7.2));
#1007 = SURFACE_CURVE('',#1008,(#1013,#1024),.PCURVE_S1.);
#1008 = CIRCLE('',#1009,2.15);
#1009 = AXIS2_PLACEMENT_3D('',#1010,#1011,#1012);
#1010 = CARTESIAN_POINT('',(-74.,-74.,7.2));
#1011 = DIRECTION('',(0.,-1.224646799147E-16,-1.));
#1012 = DIRECTION('',(1.,0.,0.));
#1013 = PCURVE('',#276,#1014);
#1014 = DEFINITIONAL_REPRESENTATION('',(#1015),#1023);
#1015 = ( BOUNDED_CURVE() B_SPLINE_CURVE(2,(#1016,#1017,#1018,#1019,
#1020,#1021,#1022),.UNSPECIFIED.,.T.,.F.) B_SPLINE_CURVE_WITH_KNOTS((1,2
    ,2,2,2,1),(-2.094395102393,0.,2.094395102393,4.188790204786,
6.28318530718,8.377580409573),.UNSPECIFIED.) CURVE() 
GEOMETRIC_REPRESENTATION_ITEM() RATIONAL_B_SPLINE_CURVE((1.,0.5,1.,0.5,
1.,0.5,1.)) REPRESENTATION_ITEM('') );
#1016 = CARTESIAN_POINT('',(13.15,11.));
#1017 = CARTESIAN_POINT('',(13.15,7.276090763727));
#1018 = CARTESIAN_POINT('',(9.925,9.138045381863));
#1019 = CARTESIAN_POINT('',(6.7,11.));
#1020 = CARTESIAN_POINT('',(9.925,12.861954618137));
#1021 = CARTESIAN_POINT('',(13.15,14.723909236273));
#1022 = CARTESIAN_POINT('',(13.15,11.));
#1023 = ( GEOMETRIC_REPRESENTATION_CONTEXT(2) 
PARAMETRIC_REPRESENTATION_CONTEXT() REPRESENTATION_CONTEXT('2D SPACE',''
  ) );
#1024 = PCURVE('',#1025,#1030);
#1025 = CYLINDRICAL_SURFACE('',#1026,2.15);
#1026 = AXIS2_PLACEMENT_3D('',#1027,#1028,#1029);
#1027 = CARTESIAN_POINT('',(-74.,-74.,13.7));
#1028 = DIRECTION('',(0.,-1.224646799147E-16,-1.));
#1029 = DIRECTION('',(1.,0.,0.));
#1030 = DEFINITIONAL_REPRESENTATION('',(#1031),#1035);
#1031 = LINE('',#1032,#1033);
#1032 = CARTESIAN_POINT('',(0.,6.5));
#1033 = VECTOR('',#1034,1.);
#1034 = DIRECTION('',(1.,0.));
#1035 = ( GEOMETRIC_REPRESENTATION_CONTEXT(2) 
PARAMETRIC_REPRESENTATION_CONTEXT() REPRESENTATION_CONTEXT('2D SPACE',''
  ) );
#1036 = FACE_BOUND('',#1037,.F.);
#1037 = EDGE_LOOP('',(#1038));
#1038 = ORIENTED_EDGE('',*,*,#1039,.F.);
#1039 = EDGE_CURVE('',#1040,#1040,#1042,.T.);
#1040 = VERTEX_POINT('',#1041);
#1041 = CARTESIAN_POINT('',(-55.88422791987,-57.13422791987,7.2));
#1042 = SURFACE_CURVE('',#1043,(#1048,#1055),.PCURVE_S1.);
#1043 = CIRCLE('',#1044,1.25);
#1044 = AXIS2_PLACEMENT_3D('',#1045,#1046,#1047);
#1045 = CARTESIAN_POINT('',(-57.13422791987,-57.13422791987,7.2));
#1046 = DIRECTION('',(0.,0.,1.));
#1047 = DIRECTION('',(1.,0.,-0.));
#1048 = PCURVE('',#276,#1049);
#1049 = DEFINITIONAL_REPRESENTATION('',(#1050),#1054);
#1050 = CIRCLE('',#1051,1.25);
#1051 = AXIS2_PLACEMENT_2D('',#1052,#1053);
#1052 = CARTESIAN_POINT('',(27.865772080127,27.865772080127));
#1053 = DIRECTION('',(1.,0.));
#1054 = ( GEOMETRIC_REPRESENTATION_CONTEXT(2) 
PARAMETRIC_REPRESENTATION_CONTEXT() REPRESENTATION_CONTEXT('2D SPACE',''
  ) );
#1055 = PCURVE('',#1056,#1061);
#1056 = CYLINDRICAL_SURFACE('',#1057,1.25);
#1057 = AXIS2_PLACEMENT_3D('',#1058,#1059,#1060);
#1058 = CARTESIAN_POINT('',(-57.13422791987,-57.13422791987,6.2));
#1059 = DIRECTION('',(0.,0.,1.));
#1060 = DIRECTION('',(1.,0.,-0.));
#1061 = DEFINITIONAL_REPRESENTATION('',(#1062),#1066);
#1062 = LINE('',#1063,#1064);
#1063 = CARTESIAN_POINT('',(0.,1.));
#1064 = VECTOR('',#1065,1.);
#1065 = DIRECTION('',(1.,0.));
#1066 = ( GEOMETRIC_REPRESENTATION_CONTEXT(2) 
PARAMETRIC_REPRESENTATION_CONTEXT() REPRESENTATION_CONTEXT('2D SPACE',''
  ) );
#1067 = FACE_BOUND('',#1068,.F.);
#1068 = EDGE_LOOP('',(#1069));
#1069 = ORIENTED_EDGE('',*,*,#1070,.T.);
#1070 = EDGE_CURVE('',#1071,#1071,#1073,.T.);
#1071 = VERTEX_POINT('',#1072);
#1072 = CARTESIAN_POINT('',(76.15,-74.,7.2));
#1073 = SURFACE_CURVE('',#1074,(#1079,#1090),.PCURVE_S1.);
#1074 = CIRCLE('',#1075,2.15);
#1075 = AXIS2_PLACEMENT_3D('',#1076,#1077,#1078);
#1076 = CARTESIAN_POINT('',(74.,-74.,7.2));
#1077 = DIRECTION('',(0.,-1.224646799147E-16,-1.));
#1078 = DIRECTION('',(1.,0.,0.));
#1079 = PCURVE('',#276,#1080);
#1080 = DEFINITIONAL_REPRESENTATION('',(#1081),#1089);
#1081 = ( BOUNDED_CURVE() B_SPLINE_CURVE(2,(#1082,#1083,#1084,#1085,
#1086,#1087,#1088),.UNSPECIFIED.,.T.,.F.) B_SPLINE_CURVE_WITH_KNOTS((1,2
    ,2,2,2,1),(-2.094395102393,0.,2.094395102393,4.188790204786,
6.28318530718,8.377580409573),.UNSPECIFIED.) CURVE() 
GEOMETRIC_REPRESENTATION_ITEM() RATIONAL_B_SPLINE_CURVE((1.,0.5,1.,0.5,
1.,0.5,1.)) REPRESENTATION_ITEM('') );
#1082 = CARTESIAN_POINT('',(161.15,11.));
#1083 = CARTESIAN_POINT('',(161.15,7.276090763727));
#1084 = CARTESIAN_POINT('',(157.925,9.138045381863));
#1085 = CARTESIAN_POINT('',(154.7,11.));
#1086 = CARTESIAN_POINT('',(157.925,12.861954618137));
#1087 = CARTESIAN_POINT('',(161.15,14.723909236273));
#1088 = CARTESIAN_POINT('',(161.15,11.));
#1089 = ( GEOMETRIC_REPRESENTATION_CONTEXT(2) 
PARAMETRIC_REPRESENTATION_CONTEXT() REPRESENTATION_CONTEXT('2D SPACE',''
  ) );
#1090 = PCURVE('',#1091,#1096);
#1091 = CYLINDRICAL_SURFACE('',#1092,2.15);
#1092 = AXIS2_PLACEMENT_3D('',#1093,#1094,#1095);
#1093 = CARTESIAN_POINT('',(74.,-74.,13.7));
#1094 = DIRECTION('',(0.,-1.224646799147E-16,-1.));
#1095 = DIRECTION('',(1.,0.,0.));
#1096 = DEFINITIONAL_REPRESENTATION('',(#1097),#1101);
#1097 = LINE('',#1098,#1099);
#1098 = CARTESIAN_POINT('',(0.,6.5));
#1099 = VECTOR('',#1100,1.);
#1100 = DIRECTION('',(1.,0.));
#1101 = ( GEOMETRIC_REPRESENTATION_CONTEXT(2) 
PARAMETRIC_REPRESENTATION_CONTEXT() REPRESENTATION_CONTEXT('2D SPACE',''
  ) );
#1102 = FACE_BOUND('',#1103,.F.);
#1103 = EDGE_LOOP('',(#1104));
#1104 = ORIENTED_EDGE('',*,*,#1105,.F.);
#1105 = EDGE_CURVE('',#1106,#1106,#1108,.T.);
#1106 = VERTEX_POINT('',#1107);
#1107 = CARTESIAN_POINT('',(57.254328932551,-55.15432893255,7.2));
#1108 = SURFACE_CURVE('',#1109,(#1114,#1121),.PCURVE_S1.);
#1109 = CIRCLE('',#1110,2.1);
#1110 = AXIS2_PLACEMENT_3D('',#1111,#1112,#1113);
#1111 = CARTESIAN_POINT('',(55.154328932551,-55.15432893255,7.2));
#1112 = DIRECTION('',(0.,0.,1.));
#1113 = DIRECTION('',(1.,0.,-0.));
#1114 = PCURVE('',#276,#1115);
#1115 = DEFINITIONAL_REPRESENTATION('',(#1116),#1120);
#1116 = CIRCLE('',#1117,2.1);
#1117 = AXIS2_PLACEMENT_2D('',#1118,#1119);
#1118 = CARTESIAN_POINT('',(140.15432893255,29.845671067449));
#1119 = DIRECTION('',(1.,0.));
#1120 = ( GEOMETRIC_REPRESENTATION_CONTEXT(2) 
PARAMETRIC_REPRESENTATION_CONTEXT() REPRESENTATION_CONTEXT('2D SPACE',''
  ) );
#1121 = PCURVE('',#1122,#1127);
#1122 = CYLINDRICAL_SURFACE('',#1123,2.1);
#1123 = AXIS2_PLACEMENT_3D('',#1124,#1125,#1126);
#1124 = CARTESIAN_POINT('',(55.154328932551,-55.15432893255,6.2));
#1125 = DIRECTION('',(0.,0.,1.));
#1126 = DIRECTION('',(1.,0.,-0.));
#1127 = DEFINITIONAL_REPRESENTATION('',(#1128),#1132);
#1128 = LINE('',#1129,#1130);
#1129 = CARTESIAN_POINT('',(0.,1.));
#1130 = VECTOR('',#1131,1.);
#1131 = DIRECTION('',(1.,0.));
#1132 = ( GEOMETRIC_REPRESENTATION_CONTEXT(2) 
PARAMETRIC_REPRESENTATION_CONTEXT() REPRESENTATION_CONTEXT('2D SPACE',''
  ) );
#1133 = FACE_BOUND('',#1134,.F.);
#1134 = EDGE_LOOP('',(#1135));
#1135 = ORIENTED_EDGE('',*,*,#1136,.T.);
#1136 = EDGE_CURVE('',#1137,#1137,#1139,.T.);
#1137 = VERTEX_POINT('',#1138);
#1138 = CARTESIAN_POINT('',(55.,0.,7.2));
#1139 = SURFACE_CURVE('',#1140,(#1145,#1156),.PCURVE_S1.);
#1140 = CIRCLE('',#1141,55.);
#1141 = AXIS2_PLACEMENT_3D('',#1142,#1143,#1144);
#1142 = CARTESIAN_POINT('',(0.,0.,7.2));
#1143 = DIRECTION('',(0.,-0.,-1.));
#1144 = DIRECTION('',(1.,0.,-0.));
#1145 = PCURVE('',#276,#1146);
#1146 = DEFINITIONAL_REPRESENTATION('',(#1147),#1155);
#1147 = ( BOUNDED_CURVE() B_SPLINE_CURVE(2,(#1148,#1149,#1150,#1151,
#1152,#1153,#1154),.UNSPECIFIED.,.T.,.F.) B_SPLINE_CURVE_WITH_KNOTS((1,2
    ,2,2,2,1),(-2.094395102393,0.,2.094395102393,4.188790204786,
6.28318530718,8.377580409573),.UNSPECIFIED.) CURVE() 
GEOMETRIC_REPRESENTATION_ITEM() RATIONAL_B_SPLINE_CURVE((1.,0.5,1.,0.5,
1.,0.5,1.)) REPRESENTATION_ITEM('') );
#1148 = CARTESIAN_POINT('',(140.,85.));
#1149 = CARTESIAN_POINT('',(140.,-10.26279441628));
#1150 = CARTESIAN_POINT('',(57.5,37.368602791856));
#1151 = CARTESIAN_POINT('',(-25.,85.));
#1152 = CARTESIAN_POINT('',(57.5,132.63139720814));
#1153 = CARTESIAN_POINT('',(140.,180.26279441628));
#1154 = CARTESIAN_POINT('',(140.,85.));
#1155 = ( GEOMETRIC_REPRESENTATION_CONTEXT(2) 
PARAMETRIC_REPRESENTATION_CONTEXT() REPRESENTATION_CONTEXT('2D SPACE',''
  ) );
#1156 = PCURVE('',#1157,#1162);
#1157 = CYLINDRICAL_SURFACE('',#1158,55.);
#1158 = AXIS2_PLACEMENT_3D('',#1159,#1160,#1161);
#1159 = CARTESIAN_POINT('',(0.,0.,6.));
#1160 = DIRECTION('',(-0.,-0.,-1.));
#1161 = DIRECTION('',(1.,0.,-0.));
#1162 = DEFINITIONAL_REPRESENTATION('',(#1163),#1167);
#1163 = LINE('',#1164,#1165);
#1164 = CARTESIAN_POINT('',(-6.28318530718,-1.2));
#1165 = VECTOR('',#1166,1.);
#1166 = DIRECTION('',(1.,-0.));
#1167 = ( GEOMETRIC_REPRESENTATION_CONTEXT(2) 
PARAMETRIC_REPRESENTATION_CONTEXT() REPRESENTATION_CONTEXT('2D SPACE',''
  ) );
#1168 = FACE_BOUND('',#1169,.F.);
#1169 = EDGE_LOOP('',(#1170,#1205,#1231,#1264));
#1170 = ORIENTED_EDGE('',*,*,#1171,.T.);
#1171 = EDGE_CURVE('',#1172,#1174,#1176,.T.);
#1172 = VERTEX_POINT('',#1173);
#1173 = CARTESIAN_POINT('',(-60.67682802771,-47.40593360007,7.2));
#1174 = VERTEX_POINT('',#1175);
#1175 = CARTESIAN_POINT('',(47.405933600077,60.676828027717,7.2));
#1176 = SURFACE_CURVE('',#1177,(#1182,#1193),.PCURVE_S1.);
#1177 = CIRCLE('',#1178,77.);
#1178 = AXIS2_PLACEMENT_3D('',#1179,#1180,#1181);
#1179 = CARTESIAN_POINT('',(0.,0.,7.2));
#1180 = DIRECTION('',(0.,-0.,-1.));
#1181 = DIRECTION('',(1.,0.,-0.));
#1182 = PCURVE('',#276,#1183);
#1183 = DEFINITIONAL_REPRESENTATION('',(#1184),#1192);
#1184 = ( BOUNDED_CURVE() B_SPLINE_CURVE(2,(#1185,#1186,#1187,#1188,
#1189,#1190,#1191),.UNSPECIFIED.,.T.,.F.) B_SPLINE_CURVE_WITH_KNOTS((1,2
    ,2,2,2,1),(-2.094395102393,0.,2.094395102393,4.188790204786,
6.28318530718,8.377580409573),.UNSPECIFIED.) CURVE() 
GEOMETRIC_REPRESENTATION_ITEM() RATIONAL_B_SPLINE_CURVE((1.,0.5,1.,0.5,
1.,0.5,1.)) REPRESENTATION_ITEM('') );
#1185 = CARTESIAN_POINT('',(162.,85.));
#1186 = CARTESIAN_POINT('',(162.,-48.3679121828));
#1187 = CARTESIAN_POINT('',(46.5,18.316043908598));
#1188 = CARTESIAN_POINT('',(-69.,85.));
#1189 = CARTESIAN_POINT('',(46.5,151.6839560914));
#1190 = CARTESIAN_POINT('',(162.,218.3679121828));
#1191 = CARTESIAN_POINT('',(162.,85.));
#1192 = ( GEOMETRIC_REPRESENTATION_CONTEXT(2) 
PARAMETRIC_REPRESENTATION_CONTEXT() REPRESENTATION_CONTEXT('2D SPACE',''
  ) );
#1193 = PCURVE('',#1194,#1199);
#1194 = CYLINDRICAL_SURFACE('',#1195,77.);
#1195 = AXIS2_PLACEMENT_3D('',#1196,#1197,#1198);
#1196 = CARTESIAN_POINT('',(0.,0.,7.19));
#1197 = DIRECTION('',(-0.,-0.,-1.));
#1198 = DIRECTION('',(1.,0.,-0.));
#1199 = DEFINITIONAL_REPRESENTATION('',(#1200),#1204);
#1200 = LINE('',#1201,#1202);
#1201 = CARTESIAN_POINT('',(-6.28318530718,-1.E-02));
#1202 = VECTOR('',#1203,1.);
#1203 = DIRECTION('',(1.,-0.));
#1204 = ( GEOMETRIC_REPRESENTATION_CONTEXT(2) 
PARAMETRIC_REPRESENTATION_CONTEXT() REPRESENTATION_CONTEXT('2D SPACE',''
  ) );
#1205 = ORIENTED_EDGE('',*,*,#1206,.T.);
#1206 = EDGE_CURVE('',#1174,#1207,#1209,.T.);
#1207 = VERTEX_POINT('',#1208);
#1208 = CARTESIAN_POINT('',(37.247519257203,47.674650593206,7.2));
#1209 = SURFACE_CURVE('',#1210,(#1214,#1220),.PCURVE_S1.);
#1210 = LINE('',#1211,#1212);
#1211 = CARTESIAN_POINT('',(-18.10418427327,-23.17229916825,7.2));
#1212 = VECTOR('',#1213,1.);
#1213 = DIRECTION('',(-0.615661475326,-0.788010753607,0.));
#1214 = PCURVE('',#276,#1215);
#1215 = DEFINITIONAL_REPRESENTATION('',(#1216),#1219);
#1216 = B_SPLINE_CURVE_WITH_KNOTS('',1,(#1217,#1218),.UNSPECIFIED.,.F.,
  .F.,(2,2),(-106.4060697296,-89.90606972962),.PIECEWISE_BEZIER_KNOTS.);
#1217 = CARTESIAN_POINT('',(132.40593360007,145.67682802771));
#1218 = CARTESIAN_POINT('',(122.2475192572,132.6746505932));
#1219 = ( GEOMETRIC_REPRESENTATION_CONTEXT(2) 
PARAMETRIC_REPRESENTATION_CONTEXT() REPRESENTATION_CONTEXT('2D SPACE',''
  ) );
#1220 = PCURVE('',#1221,#1226);
#1221 = PLANE('',#1222);
#1222 = AXIS2_PLACEMENT_3D('',#1223,#1224,#1225);
#1223 = CARTESIAN_POINT('',(37.247519257202,47.674650593207,7.19));
#1224 = DIRECTION('',(-0.788010753607,0.615661475326,0.));
#1225 = DIRECTION('',(0.615661475326,0.788010753607,0.));
#1226 = DEFINITIONAL_REPRESENTATION('',(#1227),#1230);
#1227 = B_SPLINE_CURVE_WITH_KNOTS('',1,(#1228,#1229),.UNSPECIFIED.,.F.,
  .F.,(2,2),(-106.4060697296,-89.90606972962),.PIECEWISE_BEZIER_KNOTS.);
#1228 = CARTESIAN_POINT('',(16.5,-1.E-02));
#1229 = CARTESIAN_POINT('',(1.42108547152E-14,-1.E-02));
#1230 = ( GEOMETRIC_REPRESENTATION_CONTEXT(2) 
PARAMETRIC_REPRESENTATION_CONTEXT() REPRESENTATION_CONTEXT('2D SPACE',''
  ) );
#1231 = ORIENTED_EDGE('',*,*,#1232,.F.);
#1232 = EDGE_CURVE('',#1233,#1207,#1235,.T.);
#1233 = VERTEX_POINT('',#1234);
#1234 = CARTESIAN_POINT('',(-47.6746505932,-37.2475192572,7.2));
#1235 = SURFACE_CURVE('',#1236,(#1241,#1252),.PCURVE_S1.);
#1236 = CIRCLE('',#1237,60.5);
#1237 = AXIS2_PLACEMENT_3D('',#1238,#1239,#1240);
#1238 = CARTESIAN_POINT('',(0.,0.,7.2));
#1239 = DIRECTION('',(0.,-0.,-1.));
#1240 = DIRECTION('',(1.,0.,-0.));
#1241 = PCURVE('',#276,#1242);
#1242 = DEFINITIONAL_REPRESENTATION('',(#1243),#1251);
#1243 = ( BOUNDED_CURVE() B_SPLINE_CURVE(2,(#1244,#1245,#1246,#1247,
#1248,#1249,#1250),.UNSPECIFIED.,.T.,.F.) B_SPLINE_CURVE_WITH_KNOTS((1,2
    ,2,2,2,1),(-2.094395102393,0.,2.094395102393,4.188790204786,
6.28318530718,8.377580409573),.UNSPECIFIED.) CURVE() 
GEOMETRIC_REPRESENTATION_ITEM() RATIONAL_B_SPLINE_CURVE((1.,0.5,1.,0.5,
1.,0.5,1.)) REPRESENTATION_ITEM('') );
#1244 = CARTESIAN_POINT('',(145.5,85.));
#1245 = CARTESIAN_POINT('',(145.5,-19.78907385791));
#1246 = CARTESIAN_POINT('',(54.75,32.605463071041));
#1247 = CARTESIAN_POINT('',(-36.,85.));
#1248 = CARTESIAN_POINT('',(54.75,137.39453692895));
#1249 = CARTESIAN_POINT('',(145.5,189.78907385791));
#1250 = CARTESIAN_POINT('',(145.5,85.));
#1251 = ( GEOMETRIC_REPRESENTATION_CONTEXT(2) 
PARAMETRIC_REPRESENTATION_CONTEXT() REPRESENTATION_CONTEXT('2D SPACE',''
  ) );
#1252 = PCURVE('',#1253,#1258);
#1253 = CYLINDRICAL_SURFACE('',#1254,60.5);
#1254 = AXIS2_PLACEMENT_3D('',#1255,#1256,#1257);
#1255 = CARTESIAN_POINT('',(0.,0.,7.19));
#1256 = DIRECTION('',(-0.,-0.,-1.));
#1257 = DIRECTION('',(1.,0.,-0.));
#1258 = DEFINITIONAL_REPRESENTATION('',(#1259),#1263);
#1259 = LINE('',#1260,#1261);
#1260 = CARTESIAN_POINT('',(-6.28318530718,-1.E-02));
#1261 = VECTOR('',#1262,1.);
#1262 = DIRECTION('',(1.,-0.));
#1263 = ( GEOMETRIC_REPRESENTATION_CONTEXT(2) 
PARAMETRIC_REPRESENTATION_CONTEXT() REPRESENTATION_CONTEXT('2D SPACE',''
  ) );
#1264 = ORIENTED_EDGE('',*,*,#1265,.T.);
#1265 = EDGE_CURVE('',#1233,#1172,#1266,.T.);
#1266 = SURFACE_CURVE('',#1267,(#1271,#1277),.PCURVE_S1.);
#1267 = LINE('',#1268,#1269);
#1268 = CARTESIAN_POINT('',(-77.34803847871,-60.43091070191,7.2));
#1269 = VECTOR('',#1270,1.);
#1270 = DIRECTION('',(-0.788010753607,-0.615661475326,0.));
#1271 = PCURVE('',#276,#1272);
#1272 = DEFINITIONAL_REPRESENTATION('',(#1273),#1276);
#1273 = B_SPLINE_CURVE_WITH_KNOTS('',1,(#1274,#1275),.UNSPECIFIED.,.F.,
  .F.,(2,2),(-37.65606972962,-21.15606972962),.PIECEWISE_BEZIER_KNOTS.);
#1274 = CARTESIAN_POINT('',(37.325349406793,47.752480742798));
#1275 = CARTESIAN_POINT('',(24.323171972282,37.594066399924));
#1276 = ( GEOMETRIC_REPRESENTATION_CONTEXT(2) 
PARAMETRIC_REPRESENTATION_CONTEXT() REPRESENTATION_CONTEXT('2D SPACE',''
  ) );
#1277 = PCURVE('',#1278,#1283);
#1278 = PLANE('',#1279);
#1279 = AXIS2_PLACEMENT_3D('',#1280,#1281,#1282);
#1280 = CARTESIAN_POINT('',(-60.67682802771,-47.40593360007,7.19));
#1281 = DIRECTION('',(-0.615661475326,0.788010753607,0.));
#1282 = DIRECTION('',(0.788010753607,0.615661475326,0.));
#1283 = DEFINITIONAL_REPRESENTATION('',(#1284),#1287);
#1284 = B_SPLINE_CURVE_WITH_KNOTS('',1,(#1285,#1286),.UNSPECIFIED.,.F.,
  .F.,(2,2),(-37.65606972962,-21.15606972962),.PIECEWISE_BEZIER_KNOTS.);
#1285 = CARTESIAN_POINT('',(16.5,-1.E-02));
#1286 = CARTESIAN_POINT('',(0.,-1.E-02));
#1287 = ( GEOMETRIC_REPRESENTATION_CONTEXT(2) 
PARAMETRIC_REPRESENTATION_CONTEXT() REPRESENTATION_CONTEXT('2D SPACE',''
  ) );
#1288 = FACE_BOUND('',#1289,.F.);
#1289 = EDGE_LOOP('',(#1290));
#1290 = ORIENTED_EDGE('',*,*,#1291,.T.);
#1291 = EDGE_CURVE('',#1292,#1292,#1294,.T.);
#1292 = VERTEX_POINT('',#1293);
#1293 = CARTESIAN_POINT('',(-71.85,74.,7.2));
#1294 = SURFACE_CURVE('',#1295,(#1300,#1311),.PCURVE_S1.);
#1295 = CIRCLE('',#1296,2.15);
#1296 = AXIS2_PLACEMENT_3D('',#1297,#1298,#1299);
#1297 = CARTESIAN_POINT('',(-74.,74.,7.2));
#1298 = DIRECTION('',(0.,-1.224646799147E-16,-1.));
#1299 = DIRECTION('',(1.,0.,0.));
#1300 = PCURVE('',#276,#1301);
#1301 = DEFINITIONAL_REPRESENTATION('',(#1302),#1310);
#1302 = ( BOUNDED_CURVE() B_SPLINE_CURVE(2,(#1303,#1304,#1305,#1306,
#1307,#1308,#1309),.UNSPECIFIED.,.T.,.F.) B_SPLINE_CURVE_WITH_KNOTS((1,2
    ,2,2,2,1),(-2.094395102393,0.,2.094395102393,4.188790204786,
6.28318530718,8.377580409573),.UNSPECIFIED.) CURVE() 
GEOMETRIC_REPRESENTATION_ITEM() RATIONAL_B_SPLINE_CURVE((1.,0.5,1.,0.5,
1.,0.5,1.)) REPRESENTATION_ITEM('') );
#1303 = CARTESIAN_POINT('',(13.15,159.));
#1304 = CARTESIAN_POINT('',(13.15,155.27609076372));
#1305 = CARTESIAN_POINT('',(9.925,157.13804538186));
#1306 = CARTESIAN_POINT('',(6.7,159.));
#1307 = CARTESIAN_POINT('',(9.925,160.86195461813));
#1308 = CARTESIAN_POINT('',(13.15,162.72390923627));
#1309 = CARTESIAN_POINT('',(13.15,159.));
#1310 = ( GEOMETRIC_REPRESENTATION_CONTEXT(2) 
PARAMETRIC_REPRESENTATION_CONTEXT() REPRESENTATION_CONTEXT('2D SPACE',''
  ) );
#1311 = PCURVE('',#1312,#1317);
#1312 = CYLINDRICAL_SURFACE('',#1313,2.15);
#1313 = AXIS2_PLACEMENT_3D('',#1314,#1315,#1316);
#1314 = CARTESIAN_POINT('',(-74.,74.,13.7));
#1315 = DIRECTION('',(0.,-1.224646799147E-16,-1.));
#1316 = DIRECTION('',(1.,0.,0.));
#1317 = DEFINITIONAL_REPRESENTATION('',(#1318),#1322);
#1318 = LINE('',#1319,#1320);
#1319 = CARTESIAN_POINT('',(0.,6.5));
#1320 = VECTOR('',#1321,1.);
#1321 = DIRECTION('',(1.,0.));
#1322 = ( GEOMETRIC_REPRESENTATION_CONTEXT(2) 
PARAMETRIC_REPRESENTATION_CONTEXT() REPRESENTATION_CONTEXT('2D SPACE',''
  ) );
#1323 = FACE_BOUND('',#1324,.F.);
#1324 = EDGE_LOOP('',(#1325));
#1325 = ORIENTED_EDGE('',*,*,#1326,.T.);
#1326 = EDGE_CURVE('',#1327,#1327,#1329,.T.);
#1327 = VERTEX_POINT('',#1328);
#1328 = CARTESIAN_POINT('',(76.15,74.,7.2));
#1329 = SURFACE_CURVE('',#1330,(#1335,#1346),.PCURVE_S1.);
#1330 = CIRCLE('',#1331,2.15);
#1331 = AXIS2_PLACEMENT_3D('',#1332,#1333,#1334);
#1332 = CARTESIAN_POINT('',(74.,74.,7.2));
#1333 = DIRECTION('',(0.,-1.224646799147E-16,-1.));
#1334 = DIRECTION('',(1.,0.,0.));
#1335 = PCURVE('',#276,#1336);
#1336 = DEFINITIONAL_REPRESENTATION('',(#1337),#1345);
#1337 = ( BOUNDED_CURVE() B_SPLINE_CURVE(2,(#1338,#1339,#1340,#1341,
#1342,#1343,#1344),.UNSPECIFIED.,.T.,.F.) B_SPLINE_CURVE_WITH_KNOTS((1,2
    ,2,2,2,1),(-2.094395102393,0.,2.094395102393,4.188790204786,
6.28318530718,8.377580409573),.UNSPECIFIED.) CURVE() 
GEOMETRIC_REPRESENTATION_ITEM() RATIONAL_B_SPLINE_CURVE((1.,0.5,1.,0.5,
1.,0.5,1.)) REPRESENTATION_ITEM('') );
#1338 = CARTESIAN_POINT('',(161.15,159.));
#1339 = CARTESIAN_POINT('',(161.15,155.27609076372));
#1340 = CARTESIAN_POINT('',(157.925,157.13804538186));
#1341 = CARTESIAN_POINT('',(154.7,159.));
#1342 = CARTESIAN_POINT('',(157.925,160.86195461813));
#1343 = CARTESIAN_POINT('',(161.15,162.72390923627));
#1344 = CARTESIAN_POINT('',(161.15,159.));
#1345 = ( GEOMETRIC_REPRESENTATION_CONTEXT(2) 
PARAMETRIC_REPRESENTATION_CONTEXT() REPRESENTATION_CONTEXT('2D SPACE',''
  ) );
#1346 = PCURVE('',#1347,#1352);
#1347 = CYLINDRICAL_SURFACE('',#1348,2.15);
#1348 = AXIS2_PLACEMENT_3D('',#1349,#1350,#1351);
#1349 = CARTESIAN_POINT('',(74.,74.,13.7));
#1350 = DIRECTION('',(0.,-1.224646799147E-16,-1.));
#1351 = DIRECTION('',(1.,0.,0.));
#1352 = DEFINITIONAL_REPRESENTATION('',(#1353),#1357);
#1353 = LINE('',#1354,#1355);
#1354 = CARTESIAN_POINT('',(0.,6.5));
#1355 = VECTOR('',#1356,1.);
#1356 = DIRECTION('',(1.,0.));
#1357 = ( GEOMETRIC_REPRESENTATION_CONTEXT(2) 
PARAMETRIC_REPRESENTATION_CONTEXT() REPRESENTATION_CONTEXT('2D SPACE',''
  ) );
#1358 = ADVANCED_FACE('',(#1359),#337,.T.);
#1359 = FACE_BOUND('',#1360,.F.);
#1360 = EDGE_LOOP('',(#1361,#1362,#1385,#1412));
#1361 = ORIENTED_EDGE('',*,*,#318,.T.);
#1362 = ORIENTED_EDGE('',*,*,#1363,.T.);
#1363 = EDGE_CURVE('',#321,#1364,#1366,.T.);
#1364 = VERTEX_POINT('',#1365);
#1365 = CARTESIAN_POINT('',(84.,-101.,-22.));
#1366 = SURFACE_CURVE('',#1367,(#1371,#1378),.PCURVE_S1.);
#1367 = LINE('',#1368,#1369);
#1368 = CARTESIAN_POINT('',(84.,-85.,-22.));
#1369 = VECTOR('',#1370,1.);
#1370 = DIRECTION('',(-0.,-1.,-0.));
#1371 = PCURVE('',#337,#1372);
#1372 = DEFINITIONAL_REPRESENTATION('',(#1373),#1377);
#1373 = LINE('',#1374,#1375);
#1374 = CARTESIAN_POINT('',(-1.570796326795,0.));
#1375 = VECTOR('',#1376,1.);
#1376 = DIRECTION('',(-0.,1.));
#1377 = ( GEOMETRIC_REPRESENTATION_CONTEXT(2) 
PARAMETRIC_REPRESENTATION_CONTEXT() REPRESENTATION_CONTEXT('2D SPACE',''
  ) );
#1378 = PCURVE('',#364,#1379);
#1379 = DEFINITIONAL_REPRESENTATION('',(#1380),#1384);
#1380 = LINE('',#1381,#1382);
#1381 = CARTESIAN_POINT('',(84.,8.));
#1382 = VECTOR('',#1383,1.);
#1383 = DIRECTION('',(0.,-1.));
#1384 = ( GEOMETRIC_REPRESENTATION_CONTEXT(2) 
PARAMETRIC_REPRESENTATION_CONTEXT() REPRESENTATION_CONTEXT('2D SPACE',''
  ) );
#1385 = ORIENTED_EDGE('',*,*,#1386,.F.);
#1386 = EDGE_CURVE('',#1387,#1364,#1389,.T.);
#1387 = VERTEX_POINT('',#1388);
#1388 = CARTESIAN_POINT('',(85.,-101.,-21.));
#1389 = SURFACE_CURVE('',#1390,(#1395,#1401),.PCURVE_S1.);
#1390 = CIRCLE('',#1391,1.);
#1391 = AXIS2_PLACEMENT_3D('',#1392,#1393,#1394);
#1392 = CARTESIAN_POINT('',(84.,-101.,-21.));
#1393 = DIRECTION('',(0.,1.,0.));
#1394 = DIRECTION('',(1.,-0.,0.));
#1395 = PCURVE('',#337,#1396);
#1396 = DEFINITIONAL_REPRESENTATION('',(#1397),#1400);
#1397 = B_SPLINE_CURVE_WITH_KNOTS('',1,(#1398,#1399),.UNSPECIFIED.,.F.,
  .F.,(2,2),(0.,1.570796326795),.PIECEWISE_BEZIER_KNOTS.);
#1398 = CARTESIAN_POINT('',(0.,16.));
#1399 = CARTESIAN_POINT('',(-1.570796326795,16.));
#1400 = ( GEOMETRIC_REPRESENTATION_CONTEXT(2) 
PARAMETRIC_REPRESENTATION_CONTEXT() REPRESENTATION_CONTEXT('2D SPACE',''
  ) );
#1401 = PCURVE('',#1402,#1407);
#1402 = TOROIDAL_SURFACE('',#1403,8.,1.);
#1403 = AXIS2_PLACEMENT_3D('',#1404,#1405,#1406);
#1404 = CARTESIAN_POINT('',(76.,-101.,-21.));
#1405 = DIRECTION('',(-0.,-0.,-1.));
#1406 = DIRECTION('',(1.,0.,-0.));
#1407 = DEFINITIONAL_REPRESENTATION('',(#1408),#1411);
#1408 = B_SPLINE_CURVE_WITH_KNOTS('',1,(#1409,#1410),.UNSPECIFIED.,.F.,
  .F.,(2,2),(0.,1.570796326795),.PIECEWISE_BEZIER_KNOTS.);
#1409 = CARTESIAN_POINT('',(0.,0.));
#1410 = CARTESIAN_POINT('',(0.,1.570796326795));
#1411 = ( GEOMETRIC_REPRESENTATION_CONTEXT(2) 
PARAMETRIC_REPRESENTATION_CONTEXT() REPRESENTATION_CONTEXT('2D SPACE',''
  ) );
#1412 = ORIENTED_EDGE('',*,*,#1413,.F.);
#1413 = EDGE_CURVE('',#319,#1387,#1414,.T.);
#1414 = SURFACE_CURVE('',#1415,(#1419,#1426),.PCURVE_S1.);
#1415 = LINE('',#1416,#1417);
#1416 = CARTESIAN_POINT('',(85.,-85.,-21.));
#1417 = VECTOR('',#1418,1.);
#1418 = DIRECTION('',(-0.,-1.,-0.));
#1419 = PCURVE('',#337,#1420);
#1420 = DEFINITIONAL_REPRESENTATION('',(#1421),#1425);
#1421 = LINE('',#1422,#1423);
#1422 = CARTESIAN_POINT('',(-0.,0.));
#1423 = VECTOR('',#1424,1.);
#1424 = DIRECTION('',(-0.,1.));
#1425 = ( GEOMETRIC_REPRESENTATION_CONTEXT(2) 
PARAMETRIC_REPRESENTATION_CONTEXT() REPRESENTATION_CONTEXT('2D SPACE',''
  ) );
#1426 = PCURVE('',#469,#1427);
#1427 = DEFINITIONAL_REPRESENTATION('',(#1428),#1432);
#1428 = LINE('',#1429,#1430);
#1429 = CARTESIAN_POINT('',(-28.2,0.));
#1430 = VECTOR('',#1431,1.);
#1431 = DIRECTION('',(0.,1.));
#1432 = ( GEOMETRIC_REPRESENTATION_CONTEXT(2) 
PARAMETRIC_REPRESENTATION_CONTEXT() REPRESENTATION_CONTEXT('2D SPACE',''
  ) );
#1433 = ADVANCED_FACE('',(#1434),#469,.T.);
#1434 = FACE_BOUND('',#1435,.T.);
#1435 = EDGE_LOOP('',(#1436,#1457,#1458,#1481,#1507,#1508));
#1436 = ORIENTED_EDGE('',*,*,#1437,.T.);
#1437 = EDGE_CURVE('',#427,#595,#1438,.T.);
#1438 = SURFACE_CURVE('',#1439,(#1443,#1450),.PCURVE_S1.);
#1439 = LINE('',#1440,#1441);
#1440 = CARTESIAN_POINT('',(85.,-85.,8.2));
#1441 = VECTOR('',#1442,1.);
#1442 = DIRECTION('',(-0.,1.,0.));
#1443 = PCURVE('',#469,#1444);
#1444 = DEFINITIONAL_REPRESENTATION('',(#1445),#1449);
#1445 = LINE('',#1446,#1447);
#1446 = CARTESIAN_POINT('',(1.,0.));
#1447 = VECTOR('',#1448,1.);
#1448 = DIRECTION('',(0.,-1.));
#1449 = ( GEOMETRIC_REPRESENTATION_CONTEXT(2) 
PARAMETRIC_REPRESENTATION_CONTEXT() REPRESENTATION_CONTEXT('2D SPACE',''
  ) );
#1450 = PCURVE('',#443,#1451);
#1451 = DEFINITIONAL_REPRESENTATION('',(#1452),#1456);
#1452 = LINE('',#1453,#1454);
#1453 = CARTESIAN_POINT('',(0.,0.));
#1454 = VECTOR('',#1455,1.);
#1455 = DIRECTION('',(0.,1.));
#1456 = ( GEOMETRIC_REPRESENTATION_CONTEXT(2) 
PARAMETRIC_REPRESENTATION_CONTEXT() REPRESENTATION_CONTEXT('2D SPACE',''
  ) );
#1457 = ORIENTED_EDGE('',*,*,#594,.T.);
#1458 = ORIENTED_EDGE('',*,*,#1459,.T.);
#1459 = EDGE_CURVE('',#562,#1460,#1462,.T.);
#1460 = VERTEX_POINT('',#1461);
#1461 = CARTESIAN_POINT('',(85.,-101.,19.5));
#1462 = SURFACE_CURVE('',#1463,(#1467,#1474),.PCURVE_S1.);
#1463 = LINE('',#1464,#1465);
#1464 = CARTESIAN_POINT('',(85.,85.,19.5));
#1465 = VECTOR('',#1466,1.);
#1466 = DIRECTION('',(0.,-1.,0.));
#1467 = PCURVE('',#469,#1468);
#1468 = DEFINITIONAL_REPRESENTATION('',(#1469),#1473);
#1469 = LINE('',#1470,#1471);
#1470 = CARTESIAN_POINT('',(12.3,-170.));
#1471 = VECTOR('',#1472,1.);
#1472 = DIRECTION('',(0.,1.));
#1473 = ( GEOMETRIC_REPRESENTATION_CONTEXT(2) 
PARAMETRIC_REPRESENTATION_CONTEXT() REPRESENTATION_CONTEXT('2D SPACE',''
  ) );
#1474 = PCURVE('',#582,#1475);
#1475 = DEFINITIONAL_REPRESENTATION('',(#1476),#1480);
#1476 = LINE('',#1477,#1478);
#1477 = CARTESIAN_POINT('',(-0.,170.));
#1478 = VECTOR('',#1479,1.);
#1479 = DIRECTION('',(-0.,-1.));
#1480 = ( GEOMETRIC_REPRESENTATION_CONTEXT(2) 
PARAMETRIC_REPRESENTATION_CONTEXT() REPRESENTATION_CONTEXT('2D SPACE',''
  ) );
#1481 = ORIENTED_EDGE('',*,*,#1482,.F.);
#1482 = EDGE_CURVE('',#1387,#1460,#1483,.T.);
#1483 = SURFACE_CURVE('',#1484,(#1488,#1495),.PCURVE_S1.);
#1484 = LINE('',#1485,#1486);
#1485 = CARTESIAN_POINT('',(85.,-101.,-22.));
#1486 = VECTOR('',#1487,1.);
#1487 = DIRECTION('',(0.,0.,1.));
#1488 = PCURVE('',#469,#1489);
#1489 = DEFINITIONAL_REPRESENTATION('',(#1490),#1494);
#1490 = LINE('',#1491,#1492);
#1491 = CARTESIAN_POINT('',(-29.2,16.));
#1492 = VECTOR('',#1493,1.);
#1493 = DIRECTION('',(1.,0.));
#1494 = ( GEOMETRIC_REPRESENTATION_CONTEXT(2) 
PARAMETRIC_REPRESENTATION_CONTEXT() REPRESENTATION_CONTEXT('2D SPACE',''
  ) );
#1495 = PCURVE('',#1496,#1501);
#1496 = CYLINDRICAL_SURFACE('',#1497,9.);
#1497 = AXIS2_PLACEMENT_3D('',#1498,#1499,#1500);
#1498 = CARTESIAN_POINT('',(76.,-101.,-22.));
#1499 = DIRECTION('',(0.,0.,-1.));
#1500 = DIRECTION('',(-1.,0.,0.));
#1501 = DEFINITIONAL_REPRESENTATION('',(#1502),#1506);
#1502 = LINE('',#1503,#1504);
#1503 = CARTESIAN_POINT('',(3.14159265359,0.));
#1504 = VECTOR('',#1505,1.);
#1505 = DIRECTION('',(0.,-1.));
#1506 = ( GEOMETRIC_REPRESENTATION_CONTEXT(2) 
PARAMETRIC_REPRESENTATION_CONTEXT() REPRESENTATION_CONTEXT('2D SPACE',''
  ) );
#1507 = ORIENTED_EDGE('',*,*,#1413,.F.);
#1508 = ORIENTED_EDGE('',*,*,#455,.T.);
#1509 = ADVANCED_FACE('',(#1510),#443,.T.);
#1510 = FACE_BOUND('',#1511,.T.);
#1511 = EDGE_LOOP('',(#1512,#1513,#1514,#1515));
#1512 = ORIENTED_EDGE('',*,*,#426,.T.);
#1513 = ORIENTED_EDGE('',*,*,#981,.T.);
#1514 = ORIENTED_EDGE('',*,*,#617,.F.);
#1515 = ORIENTED_EDGE('',*,*,#1437,.F.);
#1516 = ADVANCED_FACE('',(#1517),#364,.F.);
#1517 = FACE_BOUND('',#1518,.F.);
#1518 = EDGE_LOOP('',(#1519,#1520,#1521,#1549,#1577,#1603));
#1519 = ORIENTED_EDGE('',*,*,#349,.T.);
#1520 = ORIENTED_EDGE('',*,*,#766,.F.);
#1521 = ORIENTED_EDGE('',*,*,#1522,.F.);
#1522 = EDGE_CURVE('',#1523,#740,#1525,.T.);
#1523 = VERTEX_POINT('',#1524);
#1524 = CARTESIAN_POINT('',(-76.,-109.,-22.));
#1525 = SURFACE_CURVE('',#1526,(#1531,#1542),.PCURVE_S1.);
#1526 = CIRCLE('',#1527,8.);
#1527 = AXIS2_PLACEMENT_3D('',#1528,#1529,#1530);
#1528 = CARTESIAN_POINT('',(-76.,-101.,-22.));
#1529 = DIRECTION('',(-0.,-0.,-1.));
#1530 = DIRECTION('',(0.,-1.,0.));
#1531 = PCURVE('',#364,#1532);
#1532 = DEFINITIONAL_REPRESENTATION('',(#1533),#1541);
#1533 = ( BOUNDED_CURVE() B_SPLINE_CURVE(2,(#1534,#1535,#1536,#1537,
#1538,#1539,#1540),.UNSPECIFIED.,.T.,.F.) B_SPLINE_CURVE_WITH_KNOTS((1,2
    ,2,2,2,1),(-2.094395102393,0.,2.094395102393,4.188790204786,
6.28318530718,8.377580409573),.UNSPECIFIED.) CURVE() 
GEOMETRIC_REPRESENTATION_ITEM() RATIONAL_B_SPLINE_CURVE((1.,0.5,1.,0.5,
1.,0.5,1.)) REPRESENTATION_ITEM('') );
#1534 = CARTESIAN_POINT('',(-76.,-16.));
#1535 = CARTESIAN_POINT('',(-89.85640646055,-16.));
#1536 = CARTESIAN_POINT('',(-82.92820323027,-4.));
#1537 = CARTESIAN_POINT('',(-76.,8.));
#1538 = CARTESIAN_POINT('',(-69.07179676972,-4.));
#1539 = CARTESIAN_POINT('',(-62.14359353944,-16.));
#1540 = CARTESIAN_POINT('',(-76.,-16.));
#1541 = ( GEOMETRIC_REPRESENTATION_CONTEXT(2) 
PARAMETRIC_REPRESENTATION_CONTEXT() REPRESENTATION_CONTEXT('2D SPACE',''
  ) );
#1542 = PCURVE('',#755,#1543);
#1543 = DEFINITIONAL_REPRESENTATION('',(#1544),#1548);
#1544 = LINE('',#1545,#1546);
#1545 = CARTESIAN_POINT('',(0.,1.570796326795));
#1546 = VECTOR('',#1547,1.);
#1547 = DIRECTION('',(1.,0.));
#1548 = ( GEOMETRIC_REPRESENTATION_CONTEXT(2) 
PARAMETRIC_REPRESENTATION_CONTEXT() REPRESENTATION_CONTEXT('2D SPACE',''
  ) );
#1549 = ORIENTED_EDGE('',*,*,#1550,.F.);
#1550 = EDGE_CURVE('',#1551,#1523,#1553,.T.);
#1551 = VERTEX_POINT('',#1552);
#1552 = CARTESIAN_POINT('',(76.,-109.,-22.));
#1553 = SURFACE_CURVE('',#1554,(#1558,#1565),.PCURVE_S1.);
#1554 = LINE('',#1555,#1556);
#1555 = CARTESIAN_POINT('',(76.,-109.,-22.));
#1556 = VECTOR('',#1557,1.);
#1557 = DIRECTION('',(-1.,-0.,-0.));
#1558 = PCURVE('',#364,#1559);
#1559 = DEFINITIONAL_REPRESENTATION('',(#1560),#1564);
#1560 = LINE('',#1561,#1562);
#1561 = CARTESIAN_POINT('',(76.,-16.));
#1562 = VECTOR('',#1563,1.);
#1563 = DIRECTION('',(-1.,0.));
#1564 = ( GEOMETRIC_REPRESENTATION_CONTEXT(2) 
PARAMETRIC_REPRESENTATION_CONTEXT() REPRESENTATION_CONTEXT('2D SPACE',''
  ) );
#1565 = PCURVE('',#1566,#1571);
#1566 = CYLINDRICAL_SURFACE('',#1567,1.);
#1567 = AXIS2_PLACEMENT_3D('',#1568,#1569,#1570);
#1568 = CARTESIAN_POINT('',(76.,-109.,-21.));
#1569 = DIRECTION('',(-1.,-0.,-0.));
#1570 = DIRECTION('',(0.,-1.,0.));
#1571 = DEFINITIONAL_REPRESENTATION('',(#1572),#1576);
#1572 = LINE('',#1573,#1574);
#1573 = CARTESIAN_POINT('',(-1.570796326795,0.));
#1574 = VECTOR('',#1575,1.);
#1575 = DIRECTION('',(-0.,1.));
#1576 = ( GEOMETRIC_REPRESENTATION_CONTEXT(2) 
PARAMETRIC_REPRESENTATION_CONTEXT() REPRESENTATION_CONTEXT('2D SPACE',''
  ) );
#1577 = ORIENTED_EDGE('',*,*,#1578,.F.);
#1578 = EDGE_CURVE('',#1364,#1551,#1579,.T.);
#1579 = SURFACE_CURVE('',#1580,(#1585,#1596),.PCURVE_S1.);
#1580 = CIRCLE('',#1581,8.);
#1581 = AXIS2_PLACEMENT_3D('',#1582,#1583,#1584);
#1582 = CARTESIAN_POINT('',(76.,-101.,-22.));
#1583 = DIRECTION('',(0.,-0.,-1.));
#1584 = DIRECTION('',(1.,0.,-0.));
#1585 = PCURVE('',#364,#1586);
#1586 = DEFINITIONAL_REPRESENTATION('',(#1587),#1595);
#1587 = ( BOUNDED_CURVE() B_SPLINE_CURVE(2,(#1588,#1589,#1590,#1591,
#1592,#1593,#1594),.UNSPECIFIED.,.T.,.F.) B_SPLINE_CURVE_WITH_KNOTS((1,2
    ,2,2,2,1),(-2.094395102393,0.,2.094395102393,4.188790204786,
6.28318530718,8.377580409573),.UNSPECIFIED.) CURVE() 
GEOMETRIC_REPRESENTATION_ITEM() RATIONAL_B_SPLINE_CURVE((1.,0.5,1.,0.5,
1.,0.5,1.)) REPRESENTATION_ITEM('') );
#1588 = CARTESIAN_POINT('',(84.,-8.));
#1589 = CARTESIAN_POINT('',(84.,-21.85640646055));
#1590 = CARTESIAN_POINT('',(72.,-14.92820323027));
#1591 = CARTESIAN_POINT('',(60.,-8.));
#1592 = CARTESIAN_POINT('',(72.,-1.071796769724));
#1593 = CARTESIAN_POINT('',(84.,5.856406460551));
#1594 = CARTESIAN_POINT('',(84.,-8.));
#1595 = ( GEOMETRIC_REPRESENTATION_CONTEXT(2) 
PARAMETRIC_REPRESENTATION_CONTEXT() REPRESENTATION_CONTEXT('2D SPACE',''
  ) );
#1596 = PCURVE('',#1402,#1597);
#1597 = DEFINITIONAL_REPRESENTATION('',(#1598),#1602);
#1598 = LINE('',#1599,#1600);
#1599 = CARTESIAN_POINT('',(0.,1.570796326795));
#1600 = VECTOR('',#1601,1.);
#1601 = DIRECTION('',(1.,0.));
#1602 = ( GEOMETRIC_REPRESENTATION_CONTEXT(2) 
PARAMETRIC_REPRESENTATION_CONTEXT() REPRESENTATION_CONTEXT('2D SPACE',''
  ) );
#1603 = ORIENTED_EDGE('',*,*,#1363,.F.);
#1604 = ADVANCED_FACE('',(#1605),#582,.T.);
#1605 = FACE_BOUND('',#1606,.F.);
#1606 = EDGE_LOOP('',(#1607,#1608,#1635,#1656));
#1607 = ORIENTED_EDGE('',*,*,#1459,.T.);
#1608 = ORIENTED_EDGE('',*,*,#1609,.T.);
#1609 = EDGE_CURVE('',#1460,#1610,#1612,.T.);
#1610 = VERTEX_POINT('',#1611);
#1611 = CARTESIAN_POINT('',(84.,-101.,20.5));
#1612 = SURFACE_CURVE('',#1613,(#1618,#1624),.PCURVE_S1.);
#1613 = CIRCLE('',#1614,1.);
#1614 = AXIS2_PLACEMENT_3D('',#1615,#1616,#1617);
#1615 = CARTESIAN_POINT('',(84.,-101.,19.5));
#1616 = DIRECTION('',(-0.,-1.,0.));
#1617 = DIRECTION('',(1.,-0.,0.));
#1618 = PCURVE('',#582,#1619);
#1619 = DEFINITIONAL_REPRESENTATION('',(#1620),#1623);
#1620 = B_SPLINE_CURVE_WITH_KNOTS('',1,(#1621,#1622),.UNSPECIFIED.,.F.,
  .F.,(2,2),(0.,1.570796326795),.PIECEWISE_BEZIER_KNOTS.);
#1621 = CARTESIAN_POINT('',(0.,-16.));
#1622 = CARTESIAN_POINT('',(-1.570796326795,-16.));
#1623 = ( GEOMETRIC_REPRESENTATION_CONTEXT(2) 
PARAMETRIC_REPRESENTATION_CONTEXT() REPRESENTATION_CONTEXT('2D SPACE',''
  ) );
#1624 = PCURVE('',#1625,#1630);
#1625 = TOROIDAL_SURFACE('',#1626,8.,1.);
#1626 = AXIS2_PLACEMENT_3D('',#1627,#1628,#1629);
#1627 = CARTESIAN_POINT('',(76.,-101.,19.5));
#1628 = DIRECTION('',(0.,0.,1.));
#1629 = DIRECTION('',(1.,0.,-0.));
#1630 = DEFINITIONAL_REPRESENTATION('',(#1631),#1634);
#1631 = B_SPLINE_CURVE_WITH_KNOTS('',1,(#1632,#1633),.UNSPECIFIED.,.F.,
  .F.,(2,2),(0.,1.570796326795),.PIECEWISE_BEZIER_KNOTS.);
#1632 = CARTESIAN_POINT('',(0.,0.));
#1633 = CARTESIAN_POINT('',(0.,1.570796326795));
#1634 = ( GEOMETRIC_REPRESENTATION_CONTEXT(2) 
PARAMETRIC_REPRESENTATION_CONTEXT() REPRESENTATION_CONTEXT('2D SPACE',''
  ) );
#1635 = ORIENTED_EDGE('',*,*,#1636,.T.);
#1636 = EDGE_CURVE('',#1610,#534,#1637,.T.);
#1637 = SURFACE_CURVE('',#1638,(#1642,#1649),.PCURVE_S1.);
#1638 = LINE('',#1639,#1640);
#1639 = CARTESIAN_POINT('',(84.,-101.,20.5));
#1640 = VECTOR('',#1641,1.);
#1641 = DIRECTION('',(0.,1.,0.));
#1642 = PCURVE('',#582,#1643);
#1643 = DEFINITIONAL_REPRESENTATION('',(#1644),#1648);
#1644 = LINE('',#1645,#1646);
#1645 = CARTESIAN_POINT('',(-1.570796326795,-16.));
#1646 = VECTOR('',#1647,1.);
#1647 = DIRECTION('',(0.,1.));
#1648 = ( GEOMETRIC_REPRESENTATION_CONTEXT(2) 
PARAMETRIC_REPRESENTATION_CONTEXT() REPRESENTATION_CONTEXT('2D SPACE',''
  ) );
#1649 = PCURVE('',#549,#1650);
#1650 = DEFINITIONAL_REPRESENTATION('',(#1651),#1655);
#1651 = LINE('',#1652,#1653);
#1652 = CARTESIAN_POINT('',(169.,-16.));
#1653 = VECTOR('',#1654,1.);
#1654 = DIRECTION('',(0.,1.));
#1655 = ( GEOMETRIC_REPRESENTATION_CONTEXT(2) 
PARAMETRIC_REPRESENTATION_CONTEXT() REPRESENTATION_CONTEXT('2D SPACE',''
  ) );
#1656 = ORIENTED_EDGE('',*,*,#561,.F.);
#1657 = ADVANCED_FACE('',(#1658,#1846,#1877,#1908,#1939,#1970,#2001,
    #2499,#2525,#2556,#2587,#2693,#2724,#2755,#2786),#549,.T.);
#1658 = FACE_BOUND('',#1659,.T.);
#1659 = EDGE_LOOP('',(#1660,#1661,#1662,#1690,#1718,#1744,#1770,#1791,
    #1819,#1845));
#1660 = ORIENTED_EDGE('',*,*,#533,.F.);
#1661 = ORIENTED_EDGE('',*,*,#820,.F.);
#1662 = ORIENTED_EDGE('',*,*,#1663,.F.);
#1663 = EDGE_CURVE('',#1664,#794,#1666,.T.);
#1664 = VERTEX_POINT('',#1665);
#1665 = CARTESIAN_POINT('',(-76.,-109.,20.5));
#1666 = SURFACE_CURVE('',#1667,(#1672,#1683),.PCURVE_S1.);
#1667 = CIRCLE('',#1668,8.);
#1668 = AXIS2_PLACEMENT_3D('',#1669,#1670,#1671);
#1669 = CARTESIAN_POINT('',(-76.,-101.,20.5));
#1670 = DIRECTION('',(-0.,-0.,-1.));
#1671 = DIRECTION('',(0.,-1.,0.));
#1672 = PCURVE('',#549,#1673);
#1673 = DEFINITIONAL_REPRESENTATION('',(#1674),#1682);
#1674 = ( BOUNDED_CURVE() B_SPLINE_CURVE(2,(#1675,#1676,#1677,#1678,
#1679,#1680,#1681),.UNSPECIFIED.,.T.,.F.) B_SPLINE_CURVE_WITH_KNOTS((1,2
    ,2,2,2,1),(-2.094395102393,0.,2.094395102393,4.188790204786,
6.28318530718,8.377580409573),.UNSPECIFIED.) CURVE() 
GEOMETRIC_REPRESENTATION_ITEM() RATIONAL_B_SPLINE_CURVE((1.,0.5,1.,0.5,
1.,0.5,1.)) REPRESENTATION_ITEM('') );
#1675 = CARTESIAN_POINT('',(9.,-24.));
#1676 = CARTESIAN_POINT('',(-4.856406460551,-24.));
#1677 = CARTESIAN_POINT('',(2.071796769724,-12.));
#1678 = CARTESIAN_POINT('',(9.,-3.552713678801E-15));
#1679 = CARTESIAN_POINT('',(15.928203230276,-12.));
#1680 = CARTESIAN_POINT('',(22.856406460551,-24.));
#1681 = CARTESIAN_POINT('',(9.,-24.));
#1682 = ( GEOMETRIC_REPRESENTATION_CONTEXT(2) 
PARAMETRIC_REPRESENTATION_CONTEXT() REPRESENTATION_CONTEXT('2D SPACE',''
  ) );
#1683 = PCURVE('',#809,#1684);
#1684 = DEFINITIONAL_REPRESENTATION('',(#1685),#1689);
#1685 = LINE('',#1686,#1687);
#1686 = CARTESIAN_POINT('',(-0.,1.570796326795));
#1687 = VECTOR('',#1688,1.);
#1688 = DIRECTION('',(-1.,0.));
#1689 = ( GEOMETRIC_REPRESENTATION_CONTEXT(2) 
PARAMETRIC_REPRESENTATION_CONTEXT() REPRESENTATION_CONTEXT('2D SPACE',''
  ) );
#1690 = ORIENTED_EDGE('',*,*,#1691,.F.);
#1691 = EDGE_CURVE('',#1692,#1664,#1694,.T.);
#1692 = VERTEX_POINT('',#1693);
#1693 = CARTESIAN_POINT('',(62.07906272877,-109.,20.5));
#1694 = SURFACE_CURVE('',#1695,(#1699,#1706),.PCURVE_S1.);
#1695 = LINE('',#1696,#1697);
#1696 = CARTESIAN_POINT('',(76.,-109.,20.5));
#1697 = VECTOR('',#1698,1.);
#1698 = DIRECTION('',(-1.,-0.,-0.));
#1699 = PCURVE('',#549,#1700);
#1700 = DEFINITIONAL_REPRESENTATION('',(#1701),#1705);
#1701 = LINE('',#1702,#1703);
#1702 = CARTESIAN_POINT('',(161.,-24.));
#1703 = VECTOR('',#1704,1.);
#1704 = DIRECTION('',(-1.,0.));
#1705 = ( GEOMETRIC_REPRESENTATION_CONTEXT(2) 
PARAMETRIC_REPRESENTATION_CONTEXT() REPRESENTATION_CONTEXT('2D SPACE',''
  ) );
#1706 = PCURVE('',#1707,#1712);
#1707 = CYLINDRICAL_SURFACE('',#1708,1.);
#1708 = AXIS2_PLACEMENT_3D('',#1709,#1710,#1711);
#1709 = CARTESIAN_POINT('',(76.,-109.,19.5));
#1710 = DIRECTION('',(-1.,-0.,-0.));
#1711 = DIRECTION('',(0.,-1.,0.));
#1712 = DEFINITIONAL_REPRESENTATION('',(#1713),#1717);
#1713 = LINE('',#1714,#1715);
#1714 = CARTESIAN_POINT('',(1.570796326795,0.));
#1715 = VECTOR('',#1716,1.);
#1716 = DIRECTION('',(0.,1.));
#1717 = ( GEOMETRIC_REPRESENTATION_CONTEXT(2) 
PARAMETRIC_REPRESENTATION_CONTEXT() REPRESENTATION_CONTEXT('2D SPACE',''
  ) );
#1718 = ORIENTED_EDGE('',*,*,#1719,.F.);
#1719 = EDGE_CURVE('',#1720,#1692,#1722,.T.);
#1720 = VERTEX_POINT('',#1721);
#1721 = CARTESIAN_POINT('',(62.07906272877,-73.5,20.5));
#1722 = SURFACE_CURVE('',#1723,(#1727,#1733),.PCURVE_S1.);
#1723 = LINE('',#1724,#1725);
#1724 = CARTESIAN_POINT('',(62.07906272877,-73.5,20.5));
#1725 = VECTOR('',#1726,1.);
#1726 = DIRECTION('',(0.,-1.,2.22044604925E-16));
#1727 = PCURVE('',#549,#1728);
#1728 = DEFINITIONAL_REPRESENTATION('',(#1729),#1732);
#1729 = B_SPLINE_CURVE_WITH_KNOTS('',1,(#1730,#1731),.UNSPECIFIED.,.F.,
  .F.,(2,2),(-6.000000070117E-07,37.5000006),.PIECEWISE_BEZIER_KNOTS.);
#1730 = CARTESIAN_POINT('',(147.07906272877,11.5000006));
#1731 = CARTESIAN_POINT('',(147.07906272877,-26.0000006));
#1732 = ( GEOMETRIC_REPRESENTATION_CONTEXT(2) 
PARAMETRIC_REPRESENTATION_CONTEXT() REPRESENTATION_CONTEXT('2D SPACE',''
  ) );
#1733 = PCURVE('',#1734,#1739);
#1734 = CYLINDRICAL_SURFACE('',#1735,6.3);
#1735 = AXIS2_PLACEMENT_3D('',#1736,#1737,#1738);
#1736 = CARTESIAN_POINT('',(64.,-73.5,14.5));
#1737 = DIRECTION('',(0.,-1.,2.22044604925E-16));
#1738 = DIRECTION('',(1.,0.,0.));
#1739 = DEFINITIONAL_REPRESENTATION('',(#1740),#1743);
#1740 = B_SPLINE_CURVE_WITH_KNOTS('',1,(#1741,#1742),.UNSPECIFIED.,.F.,
  .F.,(2,2),(0.,35.5),.PIECEWISE_BEZIER_KNOTS.);
#1741 = CARTESIAN_POINT('',(1.880640966537,1.33226762955E-15));
#1742 = CARTESIAN_POINT('',(1.880640966537,35.5));
#1743 = ( GEOMETRIC_REPRESENTATION_CONTEXT(2) 
PARAMETRIC_REPRESENTATION_CONTEXT() REPRESENTATION_CONTEXT('2D SPACE',''
  ) );
#1744 = ORIENTED_EDGE('',*,*,#1745,.T.);
#1745 = EDGE_CURVE('',#1720,#1746,#1748,.T.);
#1746 = VERTEX_POINT('',#1747);
#1747 = CARTESIAN_POINT('',(65.92093727123,-73.5,20.5));
#1748 = SURFACE_CURVE('',#1749,(#1753,#1759),.PCURVE_S1.);
#1749 = LINE('',#1750,#1751);
#1750 = CARTESIAN_POINT('',(-10.5,-73.5,20.5));
#1751 = VECTOR('',#1752,1.);
#1752 = DIRECTION('',(1.,0.,-0.));
#1753 = PCURVE('',#549,#1754);
#1754 = DEFINITIONAL_REPRESENTATION('',(#1755),#1758);
#1755 = B_SPLINE_CURVE_WITH_KNOTS('',1,(#1756,#1757),.UNSPECIFIED.,.F.,
  .F.,(2,2),(68.2,80.8),.PIECEWISE_BEZIER_KNOTS.);
#1756 = CARTESIAN_POINT('',(142.7,11.5));
#1757 = CARTESIAN_POINT('',(155.3,11.5));
#1758 = ( GEOMETRIC_REPRESENTATION_CONTEXT(2) 
PARAMETRIC_REPRESENTATION_CONTEXT() REPRESENTATION_CONTEXT('2D SPACE',''
  ) );
#1759 = PCURVE('',#1760,#1765);
#1760 = PLANE('',#1761);
#1761 = AXIS2_PLACEMENT_3D('',#1762,#1763,#1764);
#1762 = CARTESIAN_POINT('',(64.,-73.5,14.5));
#1763 = DIRECTION('',(0.,-1.,2.22044604925E-16));
#1764 = DIRECTION('',(1.,0.,0.));
#1765 = DEFINITIONAL_REPRESENTATION('',(#1766),#1769);
#1766 = B_SPLINE_CURVE_WITH_KNOTS('',1,(#1767,#1768),.UNSPECIFIED.,.F.,
  .F.,(2,2),(68.2,80.8),.PIECEWISE_BEZIER_KNOTS.);
#1767 = CARTESIAN_POINT('',(-6.3,6.));
#1768 = CARTESIAN_POINT('',(6.3,6.));
#1769 = ( GEOMETRIC_REPRESENTATION_CONTEXT(2) 
PARAMETRIC_REPRESENTATION_CONTEXT() REPRESENTATION_CONTEXT('2D SPACE',''
  ) );
#1770 = ORIENTED_EDGE('',*,*,#1771,.T.);
#1771 = EDGE_CURVE('',#1746,#1772,#1774,.T.);
#1772 = VERTEX_POINT('',#1773);
#1773 = CARTESIAN_POINT('',(65.92093727123,-109.,20.5));
#1774 = SURFACE_CURVE('',#1775,(#1779,#1785),.PCURVE_S1.);
#1775 = LINE('',#1776,#1777);
#1776 = CARTESIAN_POINT('',(65.92093727123,-73.5,20.5));
#1777 = VECTOR('',#1778,1.);
#1778 = DIRECTION('',(0.,-1.,2.22044604925E-16));
#1779 = PCURVE('',#549,#1780);
#1780 = DEFINITIONAL_REPRESENTATION('',(#1781),#1784);
#1781 = B_SPLINE_CURVE_WITH_KNOTS('',1,(#1782,#1783),.UNSPECIFIED.,.F.,
  .F.,(2,2),(-6.000000070117E-07,37.5000006),.PIECEWISE_BEZIER_KNOTS.);
#1782 = CARTESIAN_POINT('',(150.92093727123,11.5000006));
#1783 = CARTESIAN_POINT('',(150.92093727123,-26.0000006));
#1784 = ( GEOMETRIC_REPRESENTATION_CONTEXT(2) 
PARAMETRIC_REPRESENTATION_CONTEXT() REPRESENTATION_CONTEXT('2D SPACE',''
  ) );
#1785 = PCURVE('',#1734,#1786);
#1786 = DEFINITIONAL_REPRESENTATION('',(#1787),#1790);
#1787 = B_SPLINE_CURVE_WITH_KNOTS('',1,(#1788,#1789),.UNSPECIFIED.,.F.,
  .F.,(2,2),(0.,35.5),.PIECEWISE_BEZIER_KNOTS.);
#1788 = CARTESIAN_POINT('',(7.544136994233,1.33226762955E-15));
#1789 = CARTESIAN_POINT('',(7.544136994233,35.5));
#1790 = ( GEOMETRIC_REPRESENTATION_CONTEXT(2) 
PARAMETRIC_REPRESENTATION_CONTEXT() REPRESENTATION_CONTEXT('2D SPACE',''
  ) );
#1791 = ORIENTED_EDGE('',*,*,#1792,.F.);
#1792 = EDGE_CURVE('',#1793,#1772,#1795,.T.);
#1793 = VERTEX_POINT('',#1794);
#1794 = CARTESIAN_POINT('',(76.,-109.,20.5));
#1795 = SURFACE_CURVE('',#1796,(#1800,#1807),.PCURVE_S1.);
#1796 = LINE('',#1797,#1798);
#1797 = CARTESIAN_POINT('',(76.,-109.,20.5));
#1798 = VECTOR('',#1799,1.);
#1799 = DIRECTION('',(-1.,-0.,-0.));
#1800 = PCURVE('',#549,#1801);
#1801 = DEFINITIONAL_REPRESENTATION('',(#1802),#1806);
#1802 = LINE('',#1803,#1804);
#1803 = CARTESIAN_POINT('',(161.,-24.));
#1804 = VECTOR('',#1805,1.);
#1805 = DIRECTION('',(-1.,0.));
#1806 = ( GEOMETRIC_REPRESENTATION_CONTEXT(2) 
PARAMETRIC_REPRESENTATION_CONTEXT() REPRESENTATION_CONTEXT('2D SPACE',''
  ) );
#1807 = PCURVE('',#1808,#1813);
#1808 = CYLINDRICAL_SURFACE('',#1809,1.);
#1809 = AXIS2_PLACEMENT_3D('',#1810,#1811,#1812);
#1810 = CARTESIAN_POINT('',(76.,-109.,19.5));
#1811 = DIRECTION('',(-1.,-0.,-0.));
#1812 = DIRECTION('',(0.,-1.,0.));
#1813 = DEFINITIONAL_REPRESENTATION('',(#1814),#1818);
#1814 = LINE('',#1815,#1816);
#1815 = CARTESIAN_POINT('',(1.570796326795,0.));
#1816 = VECTOR('',#1817,1.);
#1817 = DIRECTION('',(0.,1.));
#1818 = ( GEOMETRIC_REPRESENTATION_CONTEXT(2) 
PARAMETRIC_REPRESENTATION_CONTEXT() REPRESENTATION_CONTEXT('2D SPACE',''
  ) );
#1819 = ORIENTED_EDGE('',*,*,#1820,.F.);
#1820 = EDGE_CURVE('',#1610,#1793,#1821,.T.);
#1821 = SURFACE_CURVE('',#1822,(#1827,#1838),.PCURVE_S1.);
#1822 = CIRCLE('',#1823,8.);
#1823 = AXIS2_PLACEMENT_3D('',#1824,#1825,#1826);
#1824 = CARTESIAN_POINT('',(76.,-101.,20.5));
#1825 = DIRECTION('',(0.,-0.,-1.));
#1826 = DIRECTION('',(1.,0.,-0.));
#1827 = PCURVE('',#549,#1828);
#1828 = DEFINITIONAL_REPRESENTATION('',(#1829),#1837);
#1829 = ( BOUNDED_CURVE() B_SPLINE_CURVE(2,(#1830,#1831,#1832,#1833,
#1834,#1835,#1836),.UNSPECIFIED.,.T.,.F.) B_SPLINE_CURVE_WITH_KNOTS((1,2
    ,2,2,2,1),(-2.094395102393,0.,2.094395102393,4.188790204786,
6.28318530718,8.377580409573),.UNSPECIFIED.) CURVE() 
GEOMETRIC_REPRESENTATION_ITEM() RATIONAL_B_SPLINE_CURVE((1.,0.5,1.,0.5,
1.,0.5,1.)) REPRESENTATION_ITEM('') );
#1830 = CARTESIAN_POINT('',(169.,-16.));
#1831 = CARTESIAN_POINT('',(169.,-29.85640646055));
#1832 = CARTESIAN_POINT('',(157.,-22.92820323027));
#1833 = CARTESIAN_POINT('',(145.,-16.));
#1834 = CARTESIAN_POINT('',(157.,-9.071796769724));
#1835 = CARTESIAN_POINT('',(169.,-2.143593539449));
#1836 = CARTESIAN_POINT('',(169.,-16.));
#1837 = ( GEOMETRIC_REPRESENTATION_CONTEXT(2) 
PARAMETRIC_REPRESENTATION_CONTEXT() REPRESENTATION_CONTEXT('2D SPACE',''
  ) );
#1838 = PCURVE('',#1625,#1839);
#1839 = DEFINITIONAL_REPRESENTATION('',(#1840),#1844);
#1840 = LINE('',#1841,#1842);
#1841 = CARTESIAN_POINT('',(-0.,1.570796326795));
#1842 = VECTOR('',#1843,1.);
#1843 = DIRECTION('',(-1.,0.));
#1844 = ( GEOMETRIC_REPRESENTATION_CONTEXT(2) 
PARAMETRIC_REPRESENTATION_CONTEXT() REPRESENTATION_CONTEXT('2D SPACE',''
  ) );
#1845 = ORIENTED_EDGE('',*,*,#1636,.T.);
#1846 = FACE_BOUND('',#1847,.T.);
#1847 = EDGE_LOOP('',(#1848));
#1848 = ORIENTED_EDGE('',*,*,#1849,.F.);
#1849 = EDGE_CURVE('',#1850,#1850,#1852,.T.);
#1850 = VERTEX_POINT('',#1851);
#1851 = CARTESIAN_POINT('',(-79.2,-67.,20.5));
#1852 = SURFACE_CURVE('',#1853,(#1858,#1865),.PCURVE_S1.);
#1853 = CIRCLE('',#1854,2.05);
#1854 = AXIS2_PLACEMENT_3D('',#1855,#1856,#1857);
#1855 = CARTESIAN_POINT('',(-81.25,-67.,20.5));
#1856 = DIRECTION('',(0.,0.,1.));
#1857 = DIRECTION('',(1.,0.,-0.));
#1858 = PCURVE('',#549,#1859);
#1859 = DEFINITIONAL_REPRESENTATION('',(#1860),#1864);
#1860 = CIRCLE('',#1861,2.05);
#1861 = AXIS2_PLACEMENT_2D('',#1862,#1863);
#1862 = CARTESIAN_POINT('',(3.75,18.));
#1863 = DIRECTION('',(1.,0.));
#1864 = ( GEOMETRIC_REPRESENTATION_CONTEXT(2) 
PARAMETRIC_REPRESENTATION_CONTEXT() REPRESENTATION_CONTEXT('2D SPACE',''
  ) );
#1865 = PCURVE('',#1866,#1871);
#1866 = CYLINDRICAL_SURFACE('',#1867,2.05);
#1867 = AXIS2_PLACEMENT_3D('',#1868,#1869,#1870);
#1868 = CARTESIAN_POINT('',(-81.25,-67.,14.5));
#1869 = DIRECTION('',(0.,0.,1.));
#1870 = DIRECTION('',(1.,0.,0.));
#1871 = DEFINITIONAL_REPRESENTATION('',(#1872),#1876);
#1872 = LINE('',#1873,#1874);
#1873 = CARTESIAN_POINT('',(0.,6.));
#1874 = VECTOR('',#1875,1.);
#1875 = DIRECTION('',(1.,0.));
#1876 = ( GEOMETRIC_REPRESENTATION_CONTEXT(2) 
PARAMETRIC_REPRESENTATION_CONTEXT() REPRESENTATION_CONTEXT('2D SPACE',''
  ) );
#1877 = FACE_BOUND('',#1878,.T.);
#1878 = EDGE_LOOP('',(#1879));
#1879 = ORIENTED_EDGE('',*,*,#1880,.F.);
#1880 = EDGE_CURVE('',#1881,#1881,#1883,.T.);
#1881 = VERTEX_POINT('',#1882);
#1882 = CARTESIAN_POINT('',(-55.53422791987,-57.13422791987,20.5));
#1883 = SURFACE_CURVE('',#1884,(#1889,#1896),.PCURVE_S1.);
#1884 = CIRCLE('',#1885,1.6);
#1885 = AXIS2_PLACEMENT_3D('',#1886,#1887,#1888);
#1886 = CARTESIAN_POINT('',(-57.13422791987,-57.13422791987,20.5));
#1887 = DIRECTION('',(0.,0.,1.));
#1888 = DIRECTION('',(1.,0.,-0.));
#1889 = PCURVE('',#549,#1890);
#1890 = DEFINITIONAL_REPRESENTATION('',(#1891),#1895);
#1891 = CIRCLE('',#1892,1.6);
#1892 = AXIS2_PLACEMENT_2D('',#1893,#1894);
#1893 = CARTESIAN_POINT('',(27.865772080127,27.865772080127));
#1894 = DIRECTION('',(1.,0.));
#1895 = ( GEOMETRIC_REPRESENTATION_CONTEXT(2) 
PARAMETRIC_REPRESENTATION_CONTEXT() REPRESENTATION_CONTEXT('2D SPACE',''
  ) );
#1896 = PCURVE('',#1897,#1902);
#1897 = CYLINDRICAL_SURFACE('',#1898,1.6);
#1898 = AXIS2_PLACEMENT_3D('',#1899,#1900,#1901);
#1899 = CARTESIAN_POINT('',(-57.13422791987,-57.13422791987,14.2));
#1900 = DIRECTION('',(0.,0.,1.));
#1901 = DIRECTION('',(1.,0.,-0.));
#1902 = DEFINITIONAL_REPRESENTATION('',(#1903),#1907);
#1903 = LINE('',#1904,#1905);
#1904 = CARTESIAN_POINT('',(0.,6.3));
#1905 = VECTOR('',#1906,1.);
#1906 = DIRECTION('',(1.,0.));
#1907 = ( GEOMETRIC_REPRESENTATION_CONTEXT(2) 
PARAMETRIC_REPRESENTATION_CONTEXT() REPRESENTATION_CONTEXT('2D SPACE',''
  ) );
#1908 = FACE_BOUND('',#1909,.T.);
#1909 = EDGE_LOOP('',(#1910));
#1910 = ORIENTED_EDGE('',*,*,#1911,.F.);
#1911 = EDGE_CURVE('',#1912,#1912,#1914,.T.);
#1912 = VERTEX_POINT('',#1913);
#1913 = CARTESIAN_POINT('',(-79.2,-45.,20.5));
#1914 = SURFACE_CURVE('',#1915,(#1920,#1927),.PCURVE_S1.);
#1915 = CIRCLE('',#1916,2.05);
#1916 = AXIS2_PLACEMENT_3D('',#1917,#1918,#1919);
#1917 = CARTESIAN_POINT('',(-81.25,-45.,20.5));
#1918 = DIRECTION('',(0.,0.,1.));
#1919 = DIRECTION('',(1.,0.,-0.));
#1920 = PCURVE('',#549,#1921);
#1921 = DEFINITIONAL_REPRESENTATION('',(#1922),#1926);
#1922 = CIRCLE('',#1923,2.05);
#1923 = AXIS2_PLACEMENT_2D('',#1924,#1925);
#1924 = CARTESIAN_POINT('',(3.75,40.));
#1925 = DIRECTION('',(1.,0.));
#1926 = ( GEOMETRIC_REPRESENTATION_CONTEXT(2) 
PARAMETRIC_REPRESENTATION_CONTEXT() REPRESENTATION_CONTEXT('2D SPACE',''
  ) );
#1927 = PCURVE('',#1928,#1933);
#1928 = CYLINDRICAL_SURFACE('',#1929,2.05);
#1929 = AXIS2_PLACEMENT_3D('',#1930,#1931,#1932);
#1930 = CARTESIAN_POINT('',(-81.25,-45.,14.5));
#1931 = DIRECTION('',(0.,0.,1.));
#1932 = DIRECTION('',(1.,0.,0.));
#1933 = DEFINITIONAL_REPRESENTATION('',(#1934),#1938);
#1934 = LINE('',#1935,#1936);
#1935 = CARTESIAN_POINT('',(0.,6.));
#1936 = VECTOR('',#1937,1.);
#1937 = DIRECTION('',(1.,0.));
#1938 = ( GEOMETRIC_REPRESENTATION_CONTEXT(2) 
PARAMETRIC_REPRESENTATION_CONTEXT() REPRESENTATION_CONTEXT('2D SPACE',''
  ) );
#1939 = FACE_BOUND('',#1940,.T.);
#1940 = EDGE_LOOP('',(#1941));
#1941 = ORIENTED_EDGE('',*,*,#1942,.F.);
#1942 = EDGE_CURVE('',#1943,#1943,#1945,.T.);
#1943 = VERTEX_POINT('',#1944);
#1944 = CARTESIAN_POINT('',(-79.2,-23.,20.5));
#1945 = SURFACE_CURVE('',#1946,(#1951,#1958),.PCURVE_S1.);
#1946 = CIRCLE('',#1947,2.05);
#1947 = AXIS2_PLACEMENT_3D('',#1948,#1949,#1950);
#1948 = CARTESIAN_POINT('',(-81.25,-23.,20.5));
#1949 = DIRECTION('',(0.,0.,1.));
#1950 = DIRECTION('',(1.,0.,-0.));
#1951 = PCURVE('',#549,#1952);
#1952 = DEFINITIONAL_REPRESENTATION('',(#1953),#1957);
#1953 = CIRCLE('',#1954,2.05);
#1954 = AXIS2_PLACEMENT_2D('',#1955,#1956);
#1955 = CARTESIAN_POINT('',(3.75,62.));
#1956 = DIRECTION('',(1.,0.));
#1957 = ( GEOMETRIC_REPRESENTATION_CONTEXT(2) 
PARAMETRIC_REPRESENTATION_CONTEXT() REPRESENTATION_CONTEXT('2D SPACE',''
  ) );
#1958 = PCURVE('',#1959,#1964);
#1959 = CYLINDRICAL_SURFACE('',#1960,2.05);
#1960 = AXIS2_PLACEMENT_3D('',#1961,#1962,#1963);
#1961 = CARTESIAN_POINT('',(-81.25,-23.,14.5));
#1962 = DIRECTION('',(0.,0.,1.));
#1963 = DIRECTION('',(1.,0.,0.));
#1964 = DEFINITIONAL_REPRESENTATION('',(#1965),#1969);
#1965 = LINE('',#1966,#1967);
#1966 = CARTESIAN_POINT('',(0.,6.));
#1967 = VECTOR('',#1968,1.);
#1968 = DIRECTION('',(1.,0.));
#1969 = ( GEOMETRIC_REPRESENTATION_CONTEXT(2) 
PARAMETRIC_REPRESENTATION_CONTEXT() REPRESENTATION_CONTEXT('2D SPACE',''
  ) );
#1970 = FACE_BOUND('',#1971,.T.);
#1971 = EDGE_LOOP('',(#1972));
#1972 = ORIENTED_EDGE('',*,*,#1973,.F.);
#1973 = EDGE_CURVE('',#1974,#1974,#1976,.T.);
#1974 = VERTEX_POINT('',#1975);
#1975 = CARTESIAN_POINT('',(-60.9,-10.,20.5));
#1976 = SURFACE_CURVE('',#1977,(#1982,#1989),.PCURVE_S1.);
#1977 = CIRCLE('',#1978,2.1);
#1978 = AXIS2_PLACEMENT_3D('',#1979,#1980,#1981);
#1979 = CARTESIAN_POINT('',(-63.,-10.,20.5));
#1980 = DIRECTION('',(0.,0.,1.));
#1981 = DIRECTION('',(1.,0.,-0.));
#1982 = PCURVE('',#549,#1983);
#1983 = DEFINITIONAL_REPRESENTATION('',(#1984),#1988);
#1984 = CIRCLE('',#1985,2.1);
#1985 = AXIS2_PLACEMENT_2D('',#1986,#1987);
#1986 = CARTESIAN_POINT('',(22.,75.));
#1987 = DIRECTION('',(1.,0.));
#1988 = ( GEOMETRIC_REPRESENTATION_CONTEXT(2) 
PARAMETRIC_REPRESENTATION_CONTEXT() REPRESENTATION_CONTEXT('2D SPACE',''
  ) );
#1989 = PCURVE('',#1990,#1995);
#1990 = CYLINDRICAL_SURFACE('',#1991,2.1);
#1991 = AXIS2_PLACEMENT_3D('',#1992,#1993,#1994);
#1992 = CARTESIAN_POINT('',(-63.,-10.,6.2));
#1993 = DIRECTION('',(0.,0.,1.));
#1994 = DIRECTION('',(1.,0.,0.));
#1995 = DEFINITIONAL_REPRESENTATION('',(#1996),#2000);
#1996 = LINE('',#1997,#1998);
#1997 = CARTESIAN_POINT('',(0.,14.3));
#1998 = VECTOR('',#1999,1.);
#1999 = DIRECTION('',(1.,0.));
#2000 = ( GEOMETRIC_REPRESENTATION_CONTEXT(2) 
PARAMETRIC_REPRESENTATION_CONTEXT() REPRESENTATION_CONTEXT('2D SPACE',''
  ) );
#2001 = FACE_BOUND('',#2002,.T.);
#2002 = EDGE_LOOP('',(#2003,#2104,#2129,#2228,#2253,#2352,#2377,#2476));
#2003 = ORIENTED_EDGE('',*,*,#2004,.T.);
#2004 = EDGE_CURVE('',#2005,#2007,#2009,.T.);
#2005 = VERTEX_POINT('',#2006);
#2006 = CARTESIAN_POINT('',(-27.25524475524,-39.25524475524,20.5));
#2007 = VERTEX_POINT('',#2008);
#2008 = CARTESIAN_POINT('',(-39.25524475524,-27.25524475524,20.5));
#2009 = SURFACE_CURVE('',#2010,(#2033,#2059),.PCURVE_S1.);
#2010 = B_SPLINE_CURVE_WITH_KNOTS('',6,(#2011,#2012,#2013,#2014,#2015,
    #2016,#2017,#2018,#2019,#2020,#2021,#2022,#2023,#2024,#2025,#2026,
    #2027,#2028,#2029,#2030,#2031,#2032),.UNSPECIFIED.,.F.,.F.,(7,5,5,5,
    7),(0.,0.250999936342,0.499999999386,0.749999999889,1.),
  .UNSPECIFIED.);
#2011 = CARTESIAN_POINT('',(-27.25524475524,-39.25524475524,20.5));
#2012 = CARTESIAN_POINT('',(-28.04377169831,-39.25524475524,20.5));
#2013 = CARTESIAN_POINT('',(-28.83234518939,-39.19306716314,20.5));
#2014 = CARTESIAN_POINT('',(-29.61473375028,-39.06869885504,20.5));
#2015 = CARTESIAN_POINT('',(-30.38486946468,-38.88298317035,20.5));
#2016 = CARTESIAN_POINT('',(-31.1368259501,-38.63747223972,20.5));
#2017 = CARTESIAN_POINT('',(-32.58708332973,-38.03408530854,20.5));
#2018 = CARTESIAN_POINT('',(-33.28584755271,-37.67708541748,20.5));
#2019 = CARTESIAN_POINT('',(-33.95552729332,-37.26589700592,20.5));
#2020 = CARTESIAN_POINT('',(-34.59096572311,-36.80354988139,20.5));
#2021 = CARTESIAN_POINT('',(-35.18739589961,-36.29365635807,20.5));
#2022 = CARTESIAN_POINT('',(-36.29587762512,-35.18517463256,20.5));
#2023 = CARTESIAN_POINT('',(-36.80764483857,-34.58617433906,20.5));
#2024 = CARTESIAN_POINT('',(-37.27146526715,-33.94786931991,20.5));
#2025 = CARTESIAN_POINT('',(-37.68368581568,-33.2750863608,20.5));
#2026 = CARTESIAN_POINT('',(-38.04124509886,-32.57304762087,20.5));
#2027 = CARTESIAN_POINT('',(-38.64235322883,-31.12184422918,20.5));
#2028 = CARTESIAN_POINT('',(-38.88593698253,-30.37259529721,20.5));
#2029 = CARTESIAN_POINT('',(-39.07018242901,-29.60538197214,20.5));
#2030 = CARTESIAN_POINT('',(-39.1935615848,-28.82606159064,20.5));
#2031 = CARTESIAN_POINT('',(-39.25524475524,-28.04063035638,20.5));
#2032 = CARTESIAN_POINT('',(-39.25524475524,-27.25524475524,20.5));
#2033 = PCURVE('',#549,#2034);
#2034 = DEFINITIONAL_REPRESENTATION('',(#2035),#2058);
#2035 = B_SPLINE_CURVE_WITH_KNOTS('',6,(#2036,#2037,#2038,#2039,#2040,
    #2041,#2042,#2043,#2044,#2045,#2046,#2047,#2048,#2049,#2050,#2051,
    #2052,#2053,#2054,#2055,#2056,#2057),.UNSPECIFIED.,.F.,.F.,(7,5,5,5,
    7),(0.,0.250999936342,0.499999999386,0.749999999889,1.),
  .UNSPECIFIED.);
#2036 = CARTESIAN_POINT('',(57.744755244755,45.744755244755));
#2037 = CARTESIAN_POINT('',(56.956228301688,45.744755244755));
#2038 = CARTESIAN_POINT('',(56.167654810609,45.806932836859));
#2039 = CARTESIAN_POINT('',(55.385266249719,45.93130114496));
#2040 = CARTESIAN_POINT('',(54.615130535313,46.117016829644));
#2041 = CARTESIAN_POINT('',(53.863174049895,46.36252776028));
#2042 = CARTESIAN_POINT('',(52.412916670267,46.965914691458));
#2043 = CARTESIAN_POINT('',(51.714152447287,47.322914582515));
#2044 = CARTESIAN_POINT('',(51.044472706678,47.734102994073));
#2045 = CARTESIAN_POINT('',(50.409034276886,48.196450118602));
#2046 = CARTESIAN_POINT('',(49.812604100384,48.706343641924));
#2047 = CARTESIAN_POINT('',(48.704122374875,49.814825367433));
#2048 = CARTESIAN_POINT('',(48.192355161423,50.41382566094));
#2049 = CARTESIAN_POINT('',(47.728534732842,51.052130680088));
#2050 = CARTESIAN_POINT('',(47.316314184318,51.724913639193));
#2051 = CARTESIAN_POINT('',(46.958754901134,52.426952379128));
#2052 = CARTESIAN_POINT('',(46.357646771161,53.878155770818));
#2053 = CARTESIAN_POINT('',(46.114063017467,54.627404702787));
#2054 = CARTESIAN_POINT('',(45.929817570986,55.394618027859));
#2055 = CARTESIAN_POINT('',(45.806438415195,56.173938409351));
#2056 = CARTESIAN_POINT('',(45.744755244755,56.959369643612));
#2057 = CARTESIAN_POINT('',(45.744755244755,57.744755244755));
#2058 = ( GEOMETRIC_REPRESENTATION_CONTEXT(2) 
PARAMETRIC_REPRESENTATION_CONTEXT() REPRESENTATION_CONTEXT('2D SPACE',''
  ) );
#2059 = PCURVE('',#2060,#2079);
#2060 = B_SPLINE_SURFACE_WITH_KNOTS('',8,1,(
    (#2061,#2062)
    ,(#2063,#2064)
    ,(#2065,#2066)
    ,(#2067,#2068)
    ,(#2069,#2070)
    ,(#2071,#2072)
    ,(#2073,#2074)
    ,(#2075,#2076)
    ,(#2077,#2078
    )),.UNSPECIFIED.,.F.,.F.,.F.,(9,9),(2,2),(3.14159265359,
    4.712388980385),(0.,1.),.PIECEWISE_BEZIER_KNOTS.);
#2061 = CARTESIAN_POINT('',(-37.33,-25.33,6.7));
#2062 = CARTESIAN_POINT('',(-39.325,-27.325,21.));
#2063 = CARTESIAN_POINT('',(-37.33,-27.68619449019,6.7));
#2064 = CARTESIAN_POINT('',(-39.325,-29.68119449019,21.));
#2065 = CARTESIAN_POINT('',(-36.80127053246,-30.04238972205,6.7));
#2066 = CARTESIAN_POINT('',(-38.79627053246,-32.03738972205,21.));
#2067 = CARTESIAN_POINT('',(-35.74381679045,-32.26015881201,6.7));
#2068 = CARTESIAN_POINT('',(-37.73881679045,-34.25515881202,21.));
#2069 = CARTESIAN_POINT('',(-34.20110506936,-34.20110506936,
    6.700000000001));
#2070 = CARTESIAN_POINT('',(-36.19610506935,-36.19610506935,21.));
#2071 = CARTESIAN_POINT('',(-32.26015881201,-35.74381679045,6.7));
#2072 = CARTESIAN_POINT('',(-34.25515881202,-37.73881679045,21.));
#2073 = CARTESIAN_POINT('',(-30.04238972205,-36.80127053246,6.7));
#2074 = CARTESIAN_POINT('',(-32.03738972205,-38.79627053246,21.));
#2075 = CARTESIAN_POINT('',(-27.68619449019,-37.33,6.7));
#2076 = CARTESIAN_POINT('',(-29.68119449019,-39.325,21.));
#2077 = CARTESIAN_POINT('',(-25.33,-37.33,6.7));
#2078 = CARTESIAN_POINT('',(-27.325,-39.325,21.));
#2079 = DEFINITIONAL_REPRESENTATION('',(#2080),#2103);
#2080 = B_SPLINE_CURVE_WITH_KNOTS('',6,(#2081,#2082,#2083,#2084,#2085,
    #2086,#2087,#2088,#2089,#2090,#2091,#2092,#2093,#2094,#2095,#2096,
    #2097,#2098,#2099,#2100,#2101,#2102),.UNSPECIFIED.,.F.,.F.,(7,5,5,5,
    7),(0.,0.250999936342,0.499999999386,0.749999999889,1.),
  .UNSPECIFIED.);
#2081 = CARTESIAN_POINT('',(4.712388980385,0.965034965035));
#2082 = CARTESIAN_POINT('',(4.646678401796,0.965034965035));
#2083 = CARTESIAN_POINT('',(4.58096398732,0.965034965035));
#2084 = CARTESIAN_POINT('',(4.515254042628,0.965034965035));
#2085 = CARTESIAN_POINT('',(4.449544103253,0.965034965035));
#2086 = CARTESIAN_POINT('',(4.383829681682,0.965034965035));
#2087 = CARTESIAN_POINT('',(4.252932080272,0.965034965035));
#2088 = CARTESIAN_POINT('',(4.187741367251,0.965034965035));
#2089 = CARTESIAN_POINT('',(4.122554963779,0.965034965035));
#2090 = CARTESIAN_POINT('',(4.057368557672,0.965034965035));
#2091 = CARTESIAN_POINT('',(3.992177841155,0.965034965035));
#2092 = CARTESIAN_POINT('',(3.861542013981,0.965034965035));
#2093 = CARTESIAN_POINT('',(3.796089444576,0.965034965035));
#2094 = CARTESIAN_POINT('',(3.730641272025,0.965034965035));
#2095 = CARTESIAN_POINT('',(3.665193102141,0.965034965035));
#2096 = CARTESIAN_POINT('',(3.599740536236,0.965034965035));
#2097 = CARTESIAN_POINT('',(3.468842934444,0.965034965035));
#2098 = CARTESIAN_POINT('',(3.403390366574,0.965034965035));
#2099 = CARTESIAN_POINT('',(3.337942193102,0.965034965035));
#2100 = CARTESIAN_POINT('',(3.272494014464,0.965034965035));
#2101 = CARTESIAN_POINT('',(3.207041453685,0.965034965035));
#2102 = CARTESIAN_POINT('',(3.14159265359,0.965034965035));
#2103 = ( GEOMETRIC_REPRESENTATION_CONTEXT(2) 
PARAMETRIC_REPRESENTATION_CONTEXT() REPRESENTATION_CONTEXT('2D SPACE',''
  ) );
#2104 = ORIENTED_EDGE('',*,*,#2105,.T.);
#2105 = EDGE_CURVE('',#2007,#2106,#2108,.T.);
#2106 = VERTEX_POINT('',#2107);
#2107 = CARTESIAN_POINT('',(-39.25524475524,27.255244755245,20.5));
#2108 = SURFACE_CURVE('',#2109,(#2112,#2118),.PCURVE_S1.);
#2109 = B_SPLINE_CURVE_WITH_KNOTS('',1,(#2110,#2111),.UNSPECIFIED.,.F.,
  .F.,(2,2),(0.,1.),.PIECEWISE_BEZIER_KNOTS.);
#2110 = CARTESIAN_POINT('',(-39.25524475524,-27.25524475524,20.5));
#2111 = CARTESIAN_POINT('',(-39.25524475524,27.255244755245,20.5));
#2112 = PCURVE('',#549,#2113);
#2113 = DEFINITIONAL_REPRESENTATION('',(#2114),#2117);
#2114 = B_SPLINE_CURVE_WITH_KNOTS('',1,(#2115,#2116),.UNSPECIFIED.,.F.,
  .F.,(2,2),(0.,1.),.PIECEWISE_BEZIER_KNOTS.);
#2115 = CARTESIAN_POINT('',(45.744755244755,57.744755244755));
#2116 = CARTESIAN_POINT('',(45.744755244755,112.25524475524));
#2117 = ( GEOMETRIC_REPRESENTATION_CONTEXT(2) 
PARAMETRIC_REPRESENTATION_CONTEXT() REPRESENTATION_CONTEXT('2D SPACE',''
  ) );
#2118 = PCURVE('',#2119,#2124);
#2119 = B_SPLINE_SURFACE_WITH_KNOTS('',1,1,(
    (#2120,#2121)
    ,(#2122,#2123
    )),.UNSPECIFIED.,.F.,.F.,.F.,(2,2),(2,2),(-27.325,27.325),(0.,1.),
  .PIECEWISE_BEZIER_KNOTS.);
#2120 = CARTESIAN_POINT('',(-37.33,25.33,6.7));
#2121 = CARTESIAN_POINT('',(-39.325,27.325,21.));
#2122 = CARTESIAN_POINT('',(-37.33,-25.33,6.7));
#2123 = CARTESIAN_POINT('',(-39.325,-27.325,21.));
#2124 = DEFINITIONAL_REPRESENTATION('',(#2125),#2128);
#2125 = B_SPLINE_CURVE_WITH_KNOTS('',1,(#2126,#2127),.UNSPECIFIED.,.F.,
  .F.,(2,2),(0.,1.),.PIECEWISE_BEZIER_KNOTS.);
#2126 = CARTESIAN_POINT('',(27.325,0.965034965035));
#2127 = CARTESIAN_POINT('',(-27.325,0.965034965035));
#2128 = ( GEOMETRIC_REPRESENTATION_CONTEXT(2) 
PARAMETRIC_REPRESENTATION_CONTEXT() REPRESENTATION_CONTEXT('2D SPACE',''
  ) );
#2129 = ORIENTED_EDGE('',*,*,#2130,.T.);
#2130 = EDGE_CURVE('',#2106,#2131,#2133,.T.);
#2131 = VERTEX_POINT('',#2132);
#2132 = CARTESIAN_POINT('',(-27.25524475524,39.255244755245,20.5));
#2133 = SURFACE_CURVE('',#2134,(#2157,#2183),.PCURVE_S1.);
#2134 = B_SPLINE_CURVE_WITH_KNOTS('',6,(#2135,#2136,#2137,#2138,#2139,
    #2140,#2141,#2142,#2143,#2144,#2145,#2146,#2147,#2148,#2149,#2150,
    #2151,#2152,#2153,#2154,#2155,#2156),.UNSPECIFIED.,.F.,.F.,(7,5,5,5,
    7),(0.,0.250999936342,0.499999999387,0.749999999889,1.),
  .UNSPECIFIED.);
#2135 = CARTESIAN_POINT('',(-39.25524475524,27.255244755245,20.5));
#2136 = CARTESIAN_POINT('',(-39.25524475524,28.043771698311,20.5));
#2137 = CARTESIAN_POINT('',(-39.19306716314,28.832345189392,20.5));
#2138 = CARTESIAN_POINT('',(-39.06869885504,29.614733750279,20.5));
#2139 = CARTESIAN_POINT('',(-38.88298317035,30.384869464688,20.5));
#2140 = CARTESIAN_POINT('',(-38.63747223972,31.136825950105,20.5));
#2141 = CARTESIAN_POINT('',(-38.03408530854,32.587083329733,20.5));
#2142 = CARTESIAN_POINT('',(-37.67708541748,33.285847552714,20.5));
#2143 = CARTESIAN_POINT('',(-37.26589700592,33.955527293321,20.5));
#2144 = CARTESIAN_POINT('',(-36.80354988139,34.590965723115,20.5));
#2145 = CARTESIAN_POINT('',(-36.29365635807,35.187395899616,20.5));
#2146 = CARTESIAN_POINT('',(-35.18517463256,36.295877625124,20.5));
#2147 = CARTESIAN_POINT('',(-34.58617433905,36.807644838578,20.5));
#2148 = CARTESIAN_POINT('',(-33.94786931991,37.271465267157,20.5));
#2149 = CARTESIAN_POINT('',(-33.2750863608,37.683685815682,20.5));
#2150 = CARTESIAN_POINT('',(-32.57304762087,38.041245098866,20.5));
#2151 = CARTESIAN_POINT('',(-31.12184422918,38.64235322884,20.5));
#2152 = CARTESIAN_POINT('',(-30.37259529721,38.885936982531,20.5));
#2153 = CARTESIAN_POINT('',(-29.60538197213,39.070182429016,20.5));
#2154 = CARTESIAN_POINT('',(-28.82606159065,39.193561584804,20.5));
#2155 = CARTESIAN_POINT('',(-28.04063035638,39.255244755245,20.5));
#2156 = CARTESIAN_POINT('',(-27.25524475524,39.255244755245,20.5));
#2157 = PCURVE('',#549,#2158);
#2158 = DEFINITIONAL_REPRESENTATION('',(#2159),#2182);
#2159 = B_SPLINE_CURVE_WITH_KNOTS('',6,(#2160,#2161,#2162,#2163,#2164,
    #2165,#2166,#2167,#2168,#2169,#2170,#2171,#2172,#2173,#2174,#2175,
    #2176,#2177,#2178,#2179,#2180,#2181),.UNSPECIFIED.,.F.,.F.,(7,5,5,5,
    7),(0.,0.250999936342,0.499999999387,0.749999999889,1.),
  .UNSPECIFIED.);
#2160 = CARTESIAN_POINT('',(45.744755244755,112.25524475524));
#2161 = CARTESIAN_POINT('',(45.744755244755,113.04377169831));
#2162 = CARTESIAN_POINT('',(45.806932836859,113.83234518939));
#2163 = CARTESIAN_POINT('',(45.93130114496,114.61473375027));
#2164 = CARTESIAN_POINT('',(46.117016829644,115.38486946468));
#2165 = CARTESIAN_POINT('',(46.36252776028,116.1368259501));
#2166 = CARTESIAN_POINT('',(46.965914691458,117.58708332973));
#2167 = CARTESIAN_POINT('',(47.322914582516,118.28584755271));
#2168 = CARTESIAN_POINT('',(47.734102994072,118.95552729332));
#2169 = CARTESIAN_POINT('',(48.196450118603,119.59096572311));
#2170 = CARTESIAN_POINT('',(48.706343641924,120.18739589961));
#2171 = CARTESIAN_POINT('',(49.814825367432,121.29587762512));
#2172 = CARTESIAN_POINT('',(50.413825660941,121.80764483857));
#2173 = CARTESIAN_POINT('',(51.052130680088,122.27146526715));
#2174 = CARTESIAN_POINT('',(51.724913639193,122.68368581568));
#2175 = CARTESIAN_POINT('',(52.426952379128,123.04124509886));
#2176 = CARTESIAN_POINT('',(53.87815577082,123.64235322884));
#2177 = CARTESIAN_POINT('',(54.627404702782,123.88593698253));
#2178 = CARTESIAN_POINT('',(55.394618027866,124.07018242901));
#2179 = CARTESIAN_POINT('',(56.173938409346,124.1935615848));
#2180 = CARTESIAN_POINT('',(56.959369643613,124.25524475524));
#2181 = CARTESIAN_POINT('',(57.744755244755,124.25524475524));
#2182 = ( GEOMETRIC_REPRESENTATION_CONTEXT(2) 
PARAMETRIC_REPRESENTATION_CONTEXT() REPRESENTATION_CONTEXT('2D SPACE',''
  ) );
#2183 = PCURVE('',#2184,#2203);
#2184 = B_SPLINE_SURFACE_WITH_KNOTS('',8,1,(
    (#2185,#2186)
    ,(#2187,#2188)
    ,(#2189,#2190)
    ,(#2191,#2192)
    ,(#2193,#2194)
    ,(#2195,#2196)
    ,(#2197,#2198)
    ,(#2199,#2200)
    ,(#2201,#2202
    )),.UNSPECIFIED.,.F.,.F.,.F.,(9,9),(2,2),(1.570796326795,
    3.14159265359),(0.,1.),.PIECEWISE_BEZIER_KNOTS.);
#2185 = CARTESIAN_POINT('',(-25.33,37.33,6.7));
#2186 = CARTESIAN_POINT('',(-27.325,39.325,21.));
#2187 = CARTESIAN_POINT('',(-27.68619449019,37.33,6.7));
#2188 = CARTESIAN_POINT('',(-29.68119449019,39.324999999999,21.));
#2189 = CARTESIAN_POINT('',(-30.04238972205,36.801270532466,6.7));
#2190 = CARTESIAN_POINT('',(-32.03738972205,38.796270532468,
    21.000000000001));
#2191 = CARTESIAN_POINT('',(-32.26015881202,35.743816790456,6.7));
#2192 = CARTESIAN_POINT('',(-34.25515881201,37.738816790453,
    20.999999999999));
#2193 = CARTESIAN_POINT('',(-34.20110506935,34.20110506936,6.7));
#2194 = CARTESIAN_POINT('',(-36.19610506936,36.196105069363,
    21.000000000001));
#2195 = CARTESIAN_POINT('',(-35.74381679045,32.26015881202,6.7));
#2196 = CARTESIAN_POINT('',(-37.73881679045,34.255158812017,
    20.999999999999));
#2197 = CARTESIAN_POINT('',(-36.80127053246,30.042389722051,6.7));
#2198 = CARTESIAN_POINT('',(-38.79627053246,32.037389722053,21.));
#2199 = CARTESIAN_POINT('',(-37.33,27.686194490192,6.7));
#2200 = CARTESIAN_POINT('',(-39.325,29.681194490192,21.));
#2201 = CARTESIAN_POINT('',(-37.33,25.33,6.7));
#2202 = CARTESIAN_POINT('',(-39.325,27.325,21.));
#2203 = DEFINITIONAL_REPRESENTATION('',(#2204),#2227);
#2204 = B_SPLINE_CURVE_WITH_KNOTS('',6,(#2205,#2206,#2207,#2208,#2209,
    #2210,#2211,#2212,#2213,#2214,#2215,#2216,#2217,#2218,#2219,#2220,
    #2221,#2222,#2223,#2224,#2225,#2226),.UNSPECIFIED.,.F.,.F.,(7,5,5,5,
    7),(0.,0.250999936342,0.499999999387,0.749999999889,1.),
  .UNSPECIFIED.);
#2205 = CARTESIAN_POINT('',(3.14159265359,0.965034965035));
#2206 = CARTESIAN_POINT('',(3.075882075001,0.965034965035));
#2207 = CARTESIAN_POINT('',(3.010167660525,0.965034965035));
#2208 = CARTESIAN_POINT('',(2.944457715834,0.965034965035));
#2209 = CARTESIAN_POINT('',(2.878747776458,0.965034965035));
#2210 = CARTESIAN_POINT('',(2.813033354888,0.965034965035));
#2211 = CARTESIAN_POINT('',(2.682135753477,0.965034965035));
#2212 = CARTESIAN_POINT('',(2.616945040456,0.965034965035));
#2213 = CARTESIAN_POINT('',(2.551758636985,0.965034965035));
#2214 = CARTESIAN_POINT('',(2.486572230877,0.965034965035));
#2215 = CARTESIAN_POINT('',(2.42138151436,0.965034965035));
#2216 = CARTESIAN_POINT('',(2.290745687186,0.965034965035));
#2217 = CARTESIAN_POINT('',(2.225293117781,0.965034965035));
#2218 = CARTESIAN_POINT('',(2.15984494523,0.965034965035));
#2219 = CARTESIAN_POINT('',(2.094396775346,0.965034965035));
#2220 = CARTESIAN_POINT('',(2.028944209441,0.965034965035));
#2221 = CARTESIAN_POINT('',(1.898046607649,0.965034965035));
#2222 = CARTESIAN_POINT('',(1.832594039779,0.965034965035));
#2223 = CARTESIAN_POINT('',(1.767145866306,0.965034965035));
#2224 = CARTESIAN_POINT('',(1.701697687669,0.965034965035));
#2225 = CARTESIAN_POINT('',(1.63624512689,0.965034965035));
#2226 = CARTESIAN_POINT('',(1.570796326795,0.965034965035));
#2227 = ( GEOMETRIC_REPRESENTATION_CONTEXT(2) 
PARAMETRIC_REPRESENTATION_CONTEXT() REPRESENTATION_CONTEXT('2D SPACE',''
  ) );
#2228 = ORIENTED_EDGE('',*,*,#2229,.T.);
#2229 = EDGE_CURVE('',#2131,#2230,#2232,.T.);
#2230 = VERTEX_POINT('',#2231);
#2231 = CARTESIAN_POINT('',(27.255244755245,39.255244755245,20.5));
#2232 = SURFACE_CURVE('',#2233,(#2236,#2242),.PCURVE_S1.);
#2233 = B_SPLINE_CURVE_WITH_KNOTS('',1,(#2234,#2235),.UNSPECIFIED.,.F.,
  .F.,(2,2),(0.,1.),.PIECEWISE_BEZIER_KNOTS.);
#2234 = CARTESIAN_POINT('',(-27.25524475524,39.255244755245,20.5));
#2235 = CARTESIAN_POINT('',(27.255244755245,39.255244755245,20.5));
#2236 = PCURVE('',#549,#2237);
#2237 = DEFINITIONAL_REPRESENTATION('',(#2238),#2241);
#2238 = B_SPLINE_CURVE_WITH_KNOTS('',1,(#2239,#2240),.UNSPECIFIED.,.F.,
  .F.,(2,2),(0.,1.),.PIECEWISE_BEZIER_KNOTS.);
#2239 = CARTESIAN_POINT('',(57.744755244755,124.25524475524));
#2240 = CARTESIAN_POINT('',(112.25524475524,124.25524475524));
#2241 = ( GEOMETRIC_REPRESENTATION_CONTEXT(2) 
PARAMETRIC_REPRESENTATION_CONTEXT() REPRESENTATION_CONTEXT('2D SPACE',''
  ) );
#2242 = PCURVE('',#2243,#2248);
#2243 = B_SPLINE_SURFACE_WITH_KNOTS('',1,1,(
    (#2244,#2245)
    ,(#2246,#2247
    )),.UNSPECIFIED.,.F.,.F.,.F.,(2,2),(2,2),(-27.325,27.325),(0.,1.),
  .PIECEWISE_BEZIER_KNOTS.);
#2244 = CARTESIAN_POINT('',(25.33,37.33,6.7));
#2245 = CARTESIAN_POINT('',(27.325,39.325,21.));
#2246 = CARTESIAN_POINT('',(-25.33,37.33,6.7));
#2247 = CARTESIAN_POINT('',(-27.325,39.325,21.));
#2248 = DEFINITIONAL_REPRESENTATION('',(#2249),#2252);
#2249 = B_SPLINE_CURVE_WITH_KNOTS('',1,(#2250,#2251),.UNSPECIFIED.,.F.,
  .F.,(2,2),(0.,1.),.PIECEWISE_BEZIER_KNOTS.);
#2250 = CARTESIAN_POINT('',(27.325,0.965034965035));
#2251 = CARTESIAN_POINT('',(-27.325,0.965034965035));
#2252 = ( GEOMETRIC_REPRESENTATION_CONTEXT(2) 
PARAMETRIC_REPRESENTATION_CONTEXT() REPRESENTATION_CONTEXT('2D SPACE',''
  ) );
#2253 = ORIENTED_EDGE('',*,*,#2254,.T.);
#2254 = EDGE_CURVE('',#2230,#2255,#2257,.T.);
#2255 = VERTEX_POINT('',#2256);
#2256 = CARTESIAN_POINT('',(39.255244755245,27.255244755245,20.5));
#2257 = SURFACE_CURVE('',#2258,(#2281,#2307),.PCURVE_S1.);
#2258 = B_SPLINE_CURVE_WITH_KNOTS('',6,(#2259,#2260,#2261,#2262,#2263,
    #2264,#2265,#2266,#2267,#2268,#2269,#2270,#2271,#2272,#2273,#2274,
    #2275,#2276,#2277,#2278,#2279,#2280),.UNSPECIFIED.,.F.,.F.,(7,5,5,5,
    7),(0.,0.250999936342,0.499999999387,0.749999999889,1.),
  .UNSPECIFIED.);
#2259 = CARTESIAN_POINT('',(27.255244755245,39.255244755245,20.5));
#2260 = CARTESIAN_POINT('',(28.043771698311,39.255244755245,20.5));
#2261 = CARTESIAN_POINT('',(28.832345189392,39.193067163141,20.5));
#2262 = CARTESIAN_POINT('',(29.614733750279,39.06869885504,20.5));
#2263 = CARTESIAN_POINT('',(30.384869464687,38.882983170356,20.5));
#2264 = CARTESIAN_POINT('',(31.136825950105,38.63747223972,20.5));
#2265 = CARTESIAN_POINT('',(32.587083329733,38.034085308542,20.5));
#2266 = CARTESIAN_POINT('',(33.285847552714,37.677085417484,20.5));
#2267 = CARTESIAN_POINT('',(33.955527293322,37.265897005928,20.5));
#2268 = CARTESIAN_POINT('',(34.590965723115,36.803549881397,20.5));
#2269 = CARTESIAN_POINT('',(35.187395899616,36.293656358076,20.5));
#2270 = CARTESIAN_POINT('',(36.295877625124,35.185174632567,20.5));
#2271 = CARTESIAN_POINT('',(36.807644838578,34.586174339059,20.5));
#2272 = CARTESIAN_POINT('',(37.271465267157,33.947869319912,20.5));
#2273 = CARTESIAN_POINT('',(37.683685815682,33.275086360807,20.5));
#2274 = CARTESIAN_POINT('',(38.041245098866,32.573047620871,20.5));
#2275 = CARTESIAN_POINT('',(38.642353228839,31.121844229181,20.5));
#2276 = CARTESIAN_POINT('',(38.885936982532,30.372595297214,20.5));
#2277 = CARTESIAN_POINT('',(39.070182429015,29.605381972139,20.5));
#2278 = CARTESIAN_POINT('',(39.193561584805,28.82606159065,20.5));
#2279 = CARTESIAN_POINT('',(39.255244755245,28.040630356388,20.5));
#2280 = CARTESIAN_POINT('',(39.255244755245,27.255244755245,20.5));
#2281 = PCURVE('',#549,#2282);
#2282 = DEFINITIONAL_REPRESENTATION('',(#2283),#2306);
#2283 = B_SPLINE_CURVE_WITH_KNOTS('',6,(#2284,#2285,#2286,#2287,#2288,
    #2289,#2290,#2291,#2292,#2293,#2294,#2295,#2296,#2297,#2298,#2299,
    #2300,#2301,#2302,#2303,#2304,#2305),.UNSPECIFIED.,.F.,.F.,(7,5,5,5,
    7),(0.,0.250999936342,0.499999999387,0.749999999889,1.),
  .UNSPECIFIED.);
#2284 = CARTESIAN_POINT('',(112.25524475524,124.25524475524));
#2285 = CARTESIAN_POINT('',(113.04377169831,124.25524475524));
#2286 = CARTESIAN_POINT('',(113.83234518939,124.19306716314));
#2287 = CARTESIAN_POINT('',(114.61473375027,124.06869885504));
#2288 = CARTESIAN_POINT('',(115.38486946468,123.88298317035));
#2289 = CARTESIAN_POINT('',(116.1368259501,123.63747223972));
#2290 = CARTESIAN_POINT('',(117.58708332973,123.03408530854));
#2291 = CARTESIAN_POINT('',(118.28584755271,122.67708541748));
#2292 = CARTESIAN_POINT('',(118.95552729332,122.26589700592));
#2293 = CARTESIAN_POINT('',(119.59096572311,121.80354988139));
#2294 = CARTESIAN_POINT('',(120.18739589961,121.29365635807));
#2295 = CARTESIAN_POINT('',(121.29587762512,120.18517463256));
#2296 = CARTESIAN_POINT('',(121.80764483857,119.58617433905));
#2297 = CARTESIAN_POINT('',(122.27146526715,118.94786931991));
#2298 = CARTESIAN_POINT('',(122.68368581568,118.2750863608));
#2299 = CARTESIAN_POINT('',(123.04124509886,117.57304762087));
#2300 = CARTESIAN_POINT('',(123.64235322883,116.12184422918));
#2301 = CARTESIAN_POINT('',(123.88593698253,115.37259529721));
#2302 = CARTESIAN_POINT('',(124.07018242901,114.60538197213));
#2303 = CARTESIAN_POINT('',(124.1935615848,113.82606159065));
#2304 = CARTESIAN_POINT('',(124.25524475524,113.04063035638));
#2305 = CARTESIAN_POINT('',(124.25524475524,112.25524475524));
#2306 = ( GEOMETRIC_REPRESENTATION_CONTEXT(2) 
PARAMETRIC_REPRESENTATION_CONTEXT() REPRESENTATION_CONTEXT('2D SPACE',''
  ) );
#2307 = PCURVE('',#2308,#2327);
#2308 = B_SPLINE_SURFACE_WITH_KNOTS('',8,1,(
    (#2309,#2310)
    ,(#2311,#2312)
    ,(#2313,#2314)
    ,(#2315,#2316)
    ,(#2317,#2318)
    ,(#2319,#2320)
    ,(#2321,#2322)
    ,(#2323,#2324)
    ,(#2325,#2326
    )),.UNSPECIFIED.,.F.,.F.,.F.,(9,9),(2,2),(0.,1.570796326795),(0.,1.)
  ,.PIECEWISE_BEZIER_KNOTS.);
#2309 = CARTESIAN_POINT('',(37.33,25.33,6.7));
#2310 = CARTESIAN_POINT('',(39.325,27.325,21.));
#2311 = CARTESIAN_POINT('',(37.33,27.686194490192,6.7));
#2312 = CARTESIAN_POINT('',(39.325,29.681194490192,21.));
#2313 = CARTESIAN_POINT('',(36.801270532466,30.04238972205,6.7));
#2314 = CARTESIAN_POINT('',(38.796270532466,32.037389722052,
    21.000000000001));
#2315 = CARTESIAN_POINT('',(35.743816790457,32.260158812021,6.7));
#2316 = CARTESIAN_POINT('',(37.738816790456,34.255158812018,
    20.999999999999));
#2317 = CARTESIAN_POINT('',(34.201105069359,34.201105069358,6.7));
#2318 = CARTESIAN_POINT('',(36.19610506936,36.196105069362,
    21.000000000001));
#2319 = CARTESIAN_POINT('',(32.260158812021,35.743816790458,6.7));
#2320 = CARTESIAN_POINT('',(34.25515881202,37.738816790455,
    20.999999999999));
#2321 = CARTESIAN_POINT('',(30.042389722051,36.801270532465,6.7));
#2322 = CARTESIAN_POINT('',(32.037389722051,38.796270532467,
    21.000000000001));
#2323 = CARTESIAN_POINT('',(27.686194490192,37.33,6.7));
#2324 = CARTESIAN_POINT('',(29.681194490192,39.325,21.));
#2325 = CARTESIAN_POINT('',(25.33,37.33,6.7));
#2326 = CARTESIAN_POINT('',(27.325,39.325,21.));
#2327 = DEFINITIONAL_REPRESENTATION('',(#2328),#2351);
#2328 = B_SPLINE_CURVE_WITH_KNOTS('',6,(#2329,#2330,#2331,#2332,#2333,
    #2334,#2335,#2336,#2337,#2338,#2339,#2340,#2341,#2342,#2343,#2344,
    #2345,#2346,#2347,#2348,#2349,#2350),.UNSPECIFIED.,.F.,.F.,(7,5,5,5,
    7),(0.,0.250999936342,0.499999999387,0.749999999889,1.),
  .UNSPECIFIED.);
#2329 = CARTESIAN_POINT('',(1.570796326795,0.965034965035));
#2330 = CARTESIAN_POINT('',(1.505085748206,0.965034965035));
#2331 = CARTESIAN_POINT('',(1.43937133373,0.965034965035));
#2332 = CARTESIAN_POINT('',(1.373661389039,0.965034965035));
#2333 = CARTESIAN_POINT('',(1.307951449663,0.965034965035));
#2334 = CARTESIAN_POINT('',(1.242237028093,0.965034965035));
#2335 = CARTESIAN_POINT('',(1.111339426682,0.965034965035));
#2336 = CARTESIAN_POINT('',(1.046148713662,0.965034965035));
#2337 = CARTESIAN_POINT('',(0.98096231019,0.965034965035));
#2338 = CARTESIAN_POINT('',(0.915775904082,0.965034965035));
#2339 = CARTESIAN_POINT('',(0.850585187565,0.965034965035));
#2340 = CARTESIAN_POINT('',(0.719949360391,0.965034965035));
#2341 = CARTESIAN_POINT('',(0.654496790986,0.965034965035));
#2342 = CARTESIAN_POINT('',(0.589048618435,0.965034965035));
#2343 = CARTESIAN_POINT('',(0.523600448551,0.965034965035));
#2344 = CARTESIAN_POINT('',(0.458147882646,0.965034965035));
#2345 = CARTESIAN_POINT('',(0.327250280854,0.965034965035));
#2346 = CARTESIAN_POINT('',(0.261797712984,0.965034965035));
#2347 = CARTESIAN_POINT('',(0.196349539512,0.965034965035));
#2348 = CARTESIAN_POINT('',(0.130901360874,0.965034965035));
#2349 = CARTESIAN_POINT('',(6.544880009526E-02,0.965034965035));
#2350 = CARTESIAN_POINT('',(0.,0.965034965035));
#2351 = ( GEOMETRIC_REPRESENTATION_CONTEXT(2) 
PARAMETRIC_REPRESENTATION_CONTEXT() REPRESENTATION_CONTEXT('2D SPACE',''
  ) );
#2352 = ORIENTED_EDGE('',*,*,#2353,.T.);
#2353 = EDGE_CURVE('',#2255,#2354,#2356,.T.);
#2354 = VERTEX_POINT('',#2355);
#2355 = CARTESIAN_POINT('',(39.255244755245,-27.25524475524,20.5));
#2356 = SURFACE_CURVE('',#2357,(#2360,#2366),.PCURVE_S1.);
#2357 = B_SPLINE_CURVE_WITH_KNOTS('',1,(#2358,#2359),.UNSPECIFIED.,.F.,
  .F.,(2,2),(0.,1.),.PIECEWISE_BEZIER_KNOTS.);
#2358 = CARTESIAN_POINT('',(39.255244755245,27.255244755245,20.5));
#2359 = CARTESIAN_POINT('',(39.255244755245,-27.25524475524,20.5));
#2360 = PCURVE('',#549,#2361);
#2361 = DEFINITIONAL_REPRESENTATION('',(#2362),#2365);
#2362 = B_SPLINE_CURVE_WITH_KNOTS('',1,(#2363,#2364),.UNSPECIFIED.,.F.,
  .F.,(2,2),(0.,1.),.PIECEWISE_BEZIER_KNOTS.);
#2363 = CARTESIAN_POINT('',(124.25524475524,112.25524475524));
#2364 = CARTESIAN_POINT('',(124.25524475524,57.744755244755));
#2365 = ( GEOMETRIC_REPRESENTATION_CONTEXT(2) 
PARAMETRIC_REPRESENTATION_CONTEXT() REPRESENTATION_CONTEXT('2D SPACE',''
  ) );
#2366 = PCURVE('',#2367,#2372);
#2367 = B_SPLINE_SURFACE_WITH_KNOTS('',1,1,(
    (#2368,#2369)
    ,(#2370,#2371
    )),.UNSPECIFIED.,.F.,.F.,.F.,(2,2),(2,2),(-27.325,27.325),(0.,1.),
  .PIECEWISE_BEZIER_KNOTS.);
#2368 = CARTESIAN_POINT('',(37.33,-25.33,6.7));
#2369 = CARTESIAN_POINT('',(39.325,-27.325,21.));
#2370 = CARTESIAN_POINT('',(37.33,25.33,6.7));
#2371 = CARTESIAN_POINT('',(39.325,27.325,21.));
#2372 = DEFINITIONAL_REPRESENTATION('',(#2373),#2376);
#2373 = B_SPLINE_CURVE_WITH_KNOTS('',1,(#2374,#2375),.UNSPECIFIED.,.F.,
  .F.,(2,2),(0.,1.),.PIECEWISE_BEZIER_KNOTS.);
#2374 = CARTESIAN_POINT('',(27.325,0.965034965035));
#2375 = CARTESIAN_POINT('',(-27.325,0.965034965035));
#2376 = ( GEOMETRIC_REPRESENTATION_CONTEXT(2) 
PARAMETRIC_REPRESENTATION_CONTEXT() REPRESENTATION_CONTEXT('2D SPACE',''
  ) );
#2377 = ORIENTED_EDGE('',*,*,#2378,.T.);
#2378 = EDGE_CURVE('',#2354,#2379,#2381,.T.);
#2379 = VERTEX_POINT('',#2380);
#2380 = CARTESIAN_POINT('',(27.255244755245,-39.25524475524,20.5));
#2381 = SURFACE_CURVE('',#2382,(#2405,#2431),.PCURVE_S1.);
#2382 = B_SPLINE_CURVE_WITH_KNOTS('',6,(#2383,#2384,#2385,#2386,#2387,
    #2388,#2389,#2390,#2391,#2392,#2393,#2394,#2395,#2396,#2397,#2398,
    #2399,#2400,#2401,#2402,#2403,#2404),.UNSPECIFIED.,.F.,.F.,(7,5,5,5,
    7),(0.,0.251999871945,0.500999935579,0.749999999273,1.),
  .UNSPECIFIED.);
#2383 = CARTESIAN_POINT('',(39.255244755245,-27.25524475524,20.5));
#2384 = CARTESIAN_POINT('',(39.255244755245,-28.04691303627,20.5));
#2385 = CARTESIAN_POINT('',(39.192570768458,-28.83862879477,20.5));
#2386 = CARTESIAN_POINT('',(39.067209355905,-29.62408494382,20.5));
#2387 = CARTESIAN_POINT('',(38.880017672611,-30.39714129214,20.5));
#2388 = CARTESIAN_POINT('',(38.632572276201,-31.15180188822,20.5));
#2389 = CARTESIAN_POINT('',(38.025696781471,-32.60400810797,20.5));
#2390 = CARTESIAN_POINT('',(37.667599715077,-33.30221069493,20.5));
#2391 = CARTESIAN_POINT('',(37.255359881009,-33.9712437164,20.5));
#2392 = CARTESIAN_POINT('',(36.792015183045,-34.60595510934,20.5));
#2393 = CARTESIAN_POINT('',(36.281185418877,-35.20158361139,20.5));
#2394 = CARTESIAN_POINT('',(35.173188616043,-36.30610499589,20.5));
#2395 = CARTESIAN_POINT('',(34.575958236731,-36.81506102025,20.5));
#2396 = CARTESIAN_POINT('',(33.93979433796,-37.27640943055,20.5));
#2397 = CARTESIAN_POINT('',(33.269469530591,-37.68654540503,20.5));
#2398 = CARTESIAN_POINT('',(32.570145395719,-38.04244723989,20.5));
#2399 = CARTESIAN_POINT('',(31.121844229182,-38.64235322883,20.5));
#2400 = CARTESIAN_POINT('',(30.372595297214,-38.88593698253,20.5));
#2401 = CARTESIAN_POINT('',(29.605381972139,-39.07018242901,20.5));
#2402 = CARTESIAN_POINT('',(28.82606159065,-39.1935615848,20.5));
#2403 = CARTESIAN_POINT('',(28.040630356388,-39.25524475524,20.5));
#2404 = CARTESIAN_POINT('',(27.255244755245,-39.25524475524,20.5));
#2405 = PCURVE('',#549,#2406);
#2406 = DEFINITIONAL_REPRESENTATION('',(#2407),#2430);
#2407 = B_SPLINE_CURVE_WITH_KNOTS('',6,(#2408,#2409,#2410,#2411,#2412,
    #2413,#2414,#2415,#2416,#2417,#2418,#2419,#2420,#2421,#2422,#2423,
    #2424,#2425,#2426,#2427,#2428,#2429),.UNSPECIFIED.,.F.,.F.,(7,5,5,5,
    7),(0.,0.251999871945,0.500999935579,0.749999999273,1.),
  .UNSPECIFIED.);
#2408 = CARTESIAN_POINT('',(124.25524475524,57.744755244755));
#2409 = CARTESIAN_POINT('',(124.25524475524,56.953086963729));
#2410 = CARTESIAN_POINT('',(124.19257076845,56.161371205223));
#2411 = CARTESIAN_POINT('',(124.0672093559,55.375915056176));
#2412 = CARTESIAN_POINT('',(123.88001767261,54.602858707856));
#2413 = CARTESIAN_POINT('',(123.6325722762,53.848198111775));
#2414 = CARTESIAN_POINT('',(123.02569678147,52.395991892028));
#2415 = CARTESIAN_POINT('',(122.66759971507,51.697789305069));
#2416 = CARTESIAN_POINT('',(122.255359881,51.028756283592));
#2417 = CARTESIAN_POINT('',(121.79201518304,50.394044890659));
#2418 = CARTESIAN_POINT('',(121.28118541887,49.798416388604));
#2419 = CARTESIAN_POINT('',(120.17318861604,48.693895004109));
#2420 = CARTESIAN_POINT('',(119.57595823673,48.184938979747));
#2421 = CARTESIAN_POINT('',(118.93979433796,47.723590569442));
#2422 = CARTESIAN_POINT('',(118.26946953059,47.313454594964));
#2423 = CARTESIAN_POINT('',(117.57014539571,46.957552760108));
#2424 = CARTESIAN_POINT('',(116.12184422918,46.357646771161));
#2425 = CARTESIAN_POINT('',(115.37259529721,46.114063017467));
#2426 = CARTESIAN_POINT('',(114.60538197213,45.929817570986));
#2427 = CARTESIAN_POINT('',(113.82606159065,45.806438415195));
#2428 = CARTESIAN_POINT('',(113.04063035638,45.744755244755));
#2429 = CARTESIAN_POINT('',(112.25524475524,45.744755244755));
#2430 = ( GEOMETRIC_REPRESENTATION_CONTEXT(2) 
PARAMETRIC_REPRESENTATION_CONTEXT() REPRESENTATION_CONTEXT('2D SPACE',''
  ) );
#2431 = PCURVE('',#2432,#2451);
#2432 = B_SPLINE_SURFACE_WITH_KNOTS('',8,1,(
    (#2433,#2434)
    ,(#2435,#2436)
    ,(#2437,#2438)
    ,(#2439,#2440)
    ,(#2441,#2442)
    ,(#2443,#2444)
    ,(#2445,#2446)
    ,(#2447,#2448)
    ,(#2449,#2450
    )),.UNSPECIFIED.,.F.,.F.,.F.,(9,9),(2,2),(4.712388980385,
    6.28318530718),(0.,1.),.PIECEWISE_BEZIER_KNOTS.);
#2433 = CARTESIAN_POINT('',(25.33,-37.33,6.7));
#2434 = CARTESIAN_POINT('',(27.325,-39.325,21.));
#2435 = CARTESIAN_POINT('',(27.686194490192,-37.33,6.7));
#2436 = CARTESIAN_POINT('',(29.681194490192,-39.325,21.));
#2437 = CARTESIAN_POINT('',(30.042389722052,-36.80127053246,6.7));
#2438 = CARTESIAN_POINT('',(32.037389722051,-38.79627053246,21.));
#2439 = CARTESIAN_POINT('',(32.260158812019,-35.74381679045,6.7));
#2440 = CARTESIAN_POINT('',(34.255158812021,-37.73881679045,21.));
#2441 = CARTESIAN_POINT('',(34.20110506936,-34.20110506936,6.7));
#2442 = CARTESIAN_POINT('',(36.196105069358,-36.19610506936,21.));
#2443 = CARTESIAN_POINT('',(35.743816790456,-32.26015881201,6.7));
#2444 = CARTESIAN_POINT('',(37.738816790458,-34.25515881202,21.));
#2445 = CARTESIAN_POINT('',(36.801270532466,-30.04238972205,6.7));
#2446 = CARTESIAN_POINT('',(38.796270532465,-32.03738972205,21.));
#2447 = CARTESIAN_POINT('',(37.33,-27.68619449019,6.7));
#2448 = CARTESIAN_POINT('',(39.325,-29.68119449019,21.));
#2449 = CARTESIAN_POINT('',(37.33,-25.33,6.7));
#2450 = CARTESIAN_POINT('',(39.325,-27.325,21.));
#2451 = DEFINITIONAL_REPRESENTATION('',(#2452),#2475);
#2452 = B_SPLINE_CURVE_WITH_KNOTS('',6,(#2453,#2454,#2455,#2456,#2457,
    #2458,#2459,#2460,#2461,#2462,#2463,#2464,#2465,#2466,#2467,#2468,
    #2469,#2470,#2471,#2472,#2473,#2474),.UNSPECIFIED.,.F.,.F.,(7,5,5,5,
    7),(0.,0.251999871945,0.500999935579,0.749999999273,1.),
  .UNSPECIFIED.);
#2453 = CARTESIAN_POINT('',(6.28318530718,0.965034965035));
#2454 = CARTESIAN_POINT('',(6.217212950427,0.965034965035));
#2455 = CARTESIAN_POINT('',(6.151236681394,0.965034965035));
#2456 = CARTESIAN_POINT('',(6.085264971178,0.965034965035));
#2457 = CARTESIAN_POINT('',(6.019293266429,0.965034965035));
#2458 = CARTESIAN_POINT('',(5.953316990299,0.965034965035));
#2459 = CARTESIAN_POINT('',(5.822157610779,0.965034965035));
#2460 = CARTESIAN_POINT('',(5.756966897781,0.965034965035));
#2461 = CARTESIAN_POINT('',(5.691780494288,0.965034965035));
#2462 = CARTESIAN_POINT('',(5.626594088145,0.965034965035));
#2463 = CARTESIAN_POINT('',(5.561403371615,0.965034965035));
#2464 = CARTESIAN_POINT('',(5.43102932328,0.965034965035));
#2465 = CARTESIAN_POINT('',(5.365838606778,0.965034965035));
#2466 = CARTESIAN_POINT('',(5.300652200704,0.965034965035));
#2467 = CARTESIAN_POINT('',(5.235465797254,0.965034965035));
#2468 = CARTESIAN_POINT('',(5.17027508421,0.965034965035));
#2469 = CARTESIAN_POINT('',(5.039639261239,0.965034965035));
#2470 = CARTESIAN_POINT('',(4.974186693369,0.965034965035));
#2471 = CARTESIAN_POINT('',(4.908738519896,0.965034965035));
#2472 = CARTESIAN_POINT('',(4.843290341259,0.965034965035));
#2473 = CARTESIAN_POINT('',(4.77783778048,0.965034965035));
#2474 = CARTESIAN_POINT('',(4.712388980385,0.965034965035));
#2475 = ( GEOMETRIC_REPRESENTATION_CONTEXT(2) 
PARAMETRIC_REPRESENTATION_CONTEXT() REPRESENTATION_CONTEXT('2D SPACE',''
  ) );
#2476 = ORIENTED_EDGE('',*,*,#2477,.T.);
#2477 = EDGE_CURVE('',#2379,#2005,#2478,.T.);
#2478 = SURFACE_CURVE('',#2479,(#2482,#2488),.PCURVE_S1.);
#2479 = B_SPLINE_CURVE_WITH_KNOTS('',1,(#2480,#2481),.UNSPECIFIED.,.F.,
  .F.,(2,2),(0.,1.),.PIECEWISE_BEZIER_KNOTS.);
#2480 = CARTESIAN_POINT('',(27.255244755245,-39.25524475524,20.5));
#2481 = CARTESIAN_POINT('',(-27.25524475524,-39.25524475524,20.5));
#2482 = PCURVE('',#549,#2483);
#2483 = DEFINITIONAL_REPRESENTATION('',(#2484),#2487);
#2484 = B_SPLINE_CURVE_WITH_KNOTS('',1,(#2485,#2486),.UNSPECIFIED.,.F.,
  .F.,(2,2),(0.,1.),.PIECEWISE_BEZIER_KNOTS.);
#2485 = CARTESIAN_POINT('',(112.25524475524,45.744755244755));
#2486 = CARTESIAN_POINT('',(57.744755244755,45.744755244755));
#2487 = ( GEOMETRIC_REPRESENTATION_CONTEXT(2) 
PARAMETRIC_REPRESENTATION_CONTEXT() REPRESENTATION_CONTEXT('2D SPACE',''
  ) );
#2488 = PCURVE('',#2489,#2494);
#2489 = B_SPLINE_SURFACE_WITH_KNOTS('',1,1,(
    (#2490,#2491)
    ,(#2492,#2493
    )),.UNSPECIFIED.,.F.,.F.,.F.,(2,2),(2,2),(-27.325,27.325),(0.,1.),
  .PIECEWISE_BEZIER_KNOTS.);
#2490 = CARTESIAN_POINT('',(-25.33,-37.33,6.7));
#2491 = CARTESIAN_POINT('',(-27.325,-39.325,21.));
#2492 = CARTESIAN_POINT('',(25.33,-37.33,6.7));
#2493 = CARTESIAN_POINT('',(27.325,-39.325,21.));
#2494 = DEFINITIONAL_REPRESENTATION('',(#2495),#2498);
#2495 = B_SPLINE_CURVE_WITH_KNOTS('',1,(#2496,#2497),.UNSPECIFIED.,.F.,
  .F.,(2,2),(0.,1.),.PIECEWISE_BEZIER_KNOTS.);
#2496 = CARTESIAN_POINT('',(27.325,0.965034965035));
#2497 = CARTESIAN_POINT('',(-27.325,0.965034965035));
#2498 = ( GEOMETRIC_REPRESENTATION_CONTEXT(2) 
PARAMETRIC_REPRESENTATION_CONTEXT() REPRESENTATION_CONTEXT('2D SPACE',''
  ) );
#2499 = FACE_BOUND('',#2500,.T.);
#2500 = EDGE_LOOP('',(#2501));
#2501 = ORIENTED_EDGE('',*,*,#2502,.F.);
#2502 = EDGE_CURVE('',#2503,#2503,#2505,.T.);
#2503 = VERTEX_POINT('',#2504);
#2504 = CARTESIAN_POINT('',(57.254328932551,-55.15432893255,20.5));
#2505 = SURFACE_CURVE('',#2506,(#2511,#2518),.PCURVE_S1.);
#2506 = CIRCLE('',#2507,2.1);
#2507 = AXIS2_PLACEMENT_3D('',#2508,#2509,#2510);
#2508 = CARTESIAN_POINT('',(55.154328932551,-55.15432893255,20.5));
#2509 = DIRECTION('',(0.,0.,1.));
#2510 = DIRECTION('',(1.,0.,-0.));
#2511 = PCURVE('',#549,#2512);
#2512 = DEFINITIONAL_REPRESENTATION('',(#2513),#2517);
#2513 = CIRCLE('',#2514,2.1);
#2514 = AXIS2_PLACEMENT_2D('',#2515,#2516);
#2515 = CARTESIAN_POINT('',(140.15432893255,29.845671067449));
#2516 = DIRECTION('',(1.,0.));
#2517 = ( GEOMETRIC_REPRESENTATION_CONTEXT(2) 
PARAMETRIC_REPRESENTATION_CONTEXT() REPRESENTATION_CONTEXT('2D SPACE',''
  ) );
#2518 = PCURVE('',#1122,#2519);
#2519 = DEFINITIONAL_REPRESENTATION('',(#2520),#2524);
#2520 = LINE('',#2521,#2522);
#2521 = CARTESIAN_POINT('',(0.,14.3));
#2522 = VECTOR('',#2523,1.);
#2523 = DIRECTION('',(1.,0.));
#2524 = ( GEOMETRIC_REPRESENTATION_CONTEXT(2) 
PARAMETRIC_REPRESENTATION_CONTEXT() REPRESENTATION_CONTEXT('2D SPACE',''
  ) );
#2525 = FACE_BOUND('',#2526,.T.);
#2526 = EDGE_LOOP('',(#2527));
#2527 = ORIENTED_EDGE('',*,*,#2528,.F.);
#2528 = EDGE_CURVE('',#2529,#2529,#2531,.T.);
#2529 = VERTEX_POINT('',#2530);
#2530 = CARTESIAN_POINT('',(83.3,-67.,20.5));
#2531 = SURFACE_CURVE('',#2532,(#2537,#2544),.PCURVE_S1.);
#2532 = CIRCLE('',#2533,2.05);
#2533 = AXIS2_PLACEMENT_3D('',#2534,#2535,#2536);
#2534 = CARTESIAN_POINT('',(81.25,-67.,20.5));
#2535 = DIRECTION('',(0.,0.,1.));
#2536 = DIRECTION('',(1.,0.,-0.));
#2537 = PCURVE('',#549,#2538);
#2538 = DEFINITIONAL_REPRESENTATION('',(#2539),#2543);
#2539 = CIRCLE('',#2540,2.05);
#2540 = AXIS2_PLACEMENT_2D('',#2541,#2542);
#2541 = CARTESIAN_POINT('',(166.25,18.));
#2542 = DIRECTION('',(1.,0.));
#2543 = ( GEOMETRIC_REPRESENTATION_CONTEXT(2) 
PARAMETRIC_REPRESENTATION_CONTEXT() REPRESENTATION_CONTEXT('2D SPACE',''
  ) );
#2544 = PCURVE('',#2545,#2550);
#2545 = CYLINDRICAL_SURFACE('',#2546,2.05);
#2546 = AXIS2_PLACEMENT_3D('',#2547,#2548,#2549);
#2547 = CARTESIAN_POINT('',(81.25,-67.,14.5));
#2548 = DIRECTION('',(0.,0.,1.));
#2549 = DIRECTION('',(1.,0.,0.));
#2550 = DEFINITIONAL_REPRESENTATION('',(#2551),#2555);
#2551 = LINE('',#2552,#2553);
#2552 = CARTESIAN_POINT('',(0.,6.));
#2553 = VECTOR('',#2554,1.);
#2554 = DIRECTION('',(1.,0.));
#2555 = ( GEOMETRIC_REPRESENTATION_CONTEXT(2) 
PARAMETRIC_REPRESENTATION_CONTEXT() REPRESENTATION_CONTEXT('2D SPACE',''
  ) );
#2556 = FACE_BOUND('',#2557,.T.);
#2557 = EDGE_LOOP('',(#2558));
#2558 = ORIENTED_EDGE('',*,*,#2559,.F.);
#2559 = EDGE_CURVE('',#2560,#2560,#2562,.T.);
#2560 = VERTEX_POINT('',#2561);
#2561 = CARTESIAN_POINT('',(83.3,-23.,20.5));
#2562 = SURFACE_CURVE('',#2563,(#2568,#2575),.PCURVE_S1.);
#2563 = CIRCLE('',#2564,2.05);
#2564 = AXIS2_PLACEMENT_3D('',#2565,#2566,#2567);
#2565 = CARTESIAN_POINT('',(81.25,-23.,20.5));
#2566 = DIRECTION('',(0.,0.,1.));
#2567 = DIRECTION('',(1.,0.,-0.));
#2568 = PCURVE('',#549,#2569);
#2569 = DEFINITIONAL_REPRESENTATION('',(#2570),#2574);
#2570 = CIRCLE('',#2571,2.05);
#2571 = AXIS2_PLACEMENT_2D('',#2572,#2573);
#2572 = CARTESIAN_POINT('',(166.25,62.));
#2573 = DIRECTION('',(1.,0.));
#2574 = ( GEOMETRIC_REPRESENTATION_CONTEXT(2) 
PARAMETRIC_REPRESENTATION_CONTEXT() REPRESENTATION_CONTEXT('2D SPACE',''
  ) );
#2575 = PCURVE('',#2576,#2581);
#2576 = CYLINDRICAL_SURFACE('',#2577,2.05);
#2577 = AXIS2_PLACEMENT_3D('',#2578,#2579,#2580);
#2578 = CARTESIAN_POINT('',(81.25,-23.,14.5));
#2579 = DIRECTION('',(0.,0.,1.));
#2580 = DIRECTION('',(1.,0.,0.));
#2581 = DEFINITIONAL_REPRESENTATION('',(#2582),#2586);
#2582 = LINE('',#2583,#2584);
#2583 = CARTESIAN_POINT('',(0.,6.));
#2584 = VECTOR('',#2585,1.);
#2585 = DIRECTION('',(1.,0.));
#2586 = ( GEOMETRIC_REPRESENTATION_CONTEXT(2) 
PARAMETRIC_REPRESENTATION_CONTEXT() REPRESENTATION_CONTEXT('2D SPACE',''
  ) );
#2587 = FACE_BOUND('',#2588,.T.);
#2588 = EDGE_LOOP('',(#2589,#2617,#2643,#2669));
#2589 = ORIENTED_EDGE('',*,*,#2590,.T.);
#2590 = EDGE_CURVE('',#2591,#2593,#2595,.T.);
#2591 = VERTEX_POINT('',#2592);
#2592 = CARTESIAN_POINT('',(72.,-35.3,20.5));
#2593 = VERTEX_POINT('',#2594);
#2594 = CARTESIAN_POINT('',(56.,-35.3,20.5));
#2595 = SURFACE_CURVE('',#2596,(#2600,#2606),.PCURVE_S1.);
#2596 = LINE('',#2597,#2598);
#2597 = CARTESIAN_POINT('',(-14.5,-35.3,20.5));
#2598 = VECTOR('',#2599,1.);
#2599 = DIRECTION('',(-1.,-0.,0.));
#2600 = PCURVE('',#549,#2601);
#2601 = DEFINITIONAL_REPRESENTATION('',(#2602),#2605);
#2602 = B_SPLINE_CURVE_WITH_KNOTS('',1,(#2603,#2604),.UNSPECIFIED.,.F.,
  .F.,(2,2),(-86.5,-70.5),.PIECEWISE_BEZIER_KNOTS.);
#2603 = CARTESIAN_POINT('',(157.,49.7));
#2604 = CARTESIAN_POINT('',(141.,49.7));
#2605 = ( GEOMETRIC_REPRESENTATION_CONTEXT(2) 
PARAMETRIC_REPRESENTATION_CONTEXT() REPRESENTATION_CONTEXT('2D SPACE',''
  ) );
#2606 = PCURVE('',#2607,#2612);
#2607 = PLANE('',#2608);
#2608 = AXIS2_PLACEMENT_3D('',#2609,#2610,#2611);
#2609 = CARTESIAN_POINT('',(56.,-35.3,8.2));
#2610 = DIRECTION('',(-0.,1.,0.));
#2611 = DIRECTION('',(0.,0.,1.));
#2612 = DEFINITIONAL_REPRESENTATION('',(#2613),#2616);
#2613 = B_SPLINE_CURVE_WITH_KNOTS('',1,(#2614,#2615),.UNSPECIFIED.,.F.,
  .F.,(2,2),(-86.5,-70.5),.PIECEWISE_BEZIER_KNOTS.);
#2614 = CARTESIAN_POINT('',(12.3,16.));
#2615 = CARTESIAN_POINT('',(12.3,0.));
#2616 = ( GEOMETRIC_REPRESENTATION_CONTEXT(2) 
PARAMETRIC_REPRESENTATION_CONTEXT() REPRESENTATION_CONTEXT('2D SPACE',''
  ) );
#2617 = ORIENTED_EDGE('',*,*,#2618,.T.);
#2618 = EDGE_CURVE('',#2593,#2619,#2621,.T.);
#2619 = VERTEX_POINT('',#2620);
#2620 = CARTESIAN_POINT('',(56.,35.3,20.5));
#2621 = SURFACE_CURVE('',#2622,(#2626,#2632),.PCURVE_S1.);
#2622 = LINE('',#2623,#2624);
#2623 = CARTESIAN_POINT('',(56.,-60.15,20.5));
#2624 = VECTOR('',#2625,1.);
#2625 = DIRECTION('',(-0.,1.,0.));
#2626 = PCURVE('',#549,#2627);
#2627 = DEFINITIONAL_REPRESENTATION('',(#2628),#2631);
#2628 = B_SPLINE_CURVE_WITH_KNOTS('',1,(#2629,#2630),.UNSPECIFIED.,.F.,
  .F.,(2,2),(24.85,95.45),.PIECEWISE_BEZIER_KNOTS.);
#2629 = CARTESIAN_POINT('',(141.,49.7));
#2630 = CARTESIAN_POINT('',(141.,120.3));
#2631 = ( GEOMETRIC_REPRESENTATION_CONTEXT(2) 
PARAMETRIC_REPRESENTATION_CONTEXT() REPRESENTATION_CONTEXT('2D SPACE',''
  ) );
#2632 = PCURVE('',#2633,#2638);
#2633 = PLANE('',#2634);
#2634 = AXIS2_PLACEMENT_3D('',#2635,#2636,#2637);
#2635 = CARTESIAN_POINT('',(56.,-35.3,8.2));
#2636 = DIRECTION('',(1.,0.,-0.));
#2637 = DIRECTION('',(0.,0.,1.));
#2638 = DEFINITIONAL_REPRESENTATION('',(#2639),#2642);
#2639 = B_SPLINE_CURVE_WITH_KNOTS('',1,(#2640,#2641),.UNSPECIFIED.,.F.,
  .F.,(2,2),(24.85,95.45),.PIECEWISE_BEZIER_KNOTS.);
#2640 = CARTESIAN_POINT('',(12.3,0.));
#2641 = CARTESIAN_POINT('',(12.3,-70.6));
#2642 = ( GEOMETRIC_REPRESENTATION_CONTEXT(2) 
PARAMETRIC_REPRESENTATION_CONTEXT() REPRESENTATION_CONTEXT('2D SPACE',''
  ) );
#2643 = ORIENTED_EDGE('',*,*,#2644,.F.);
#2644 = EDGE_CURVE('',#2645,#2619,#2647,.T.);
#2645 = VERTEX_POINT('',#2646);
#2646 = CARTESIAN_POINT('',(72.,35.3,20.5));
#2647 = SURFACE_CURVE('',#2648,(#2652,#2658),.PCURVE_S1.);
#2648 = LINE('',#2649,#2650);
#2649 = CARTESIAN_POINT('',(-14.5,35.3,20.5));
#2650 = VECTOR('',#2651,1.);
#2651 = DIRECTION('',(-1.,-0.,0.));
#2652 = PCURVE('',#549,#2653);
#2653 = DEFINITIONAL_REPRESENTATION('',(#2654),#2657);
#2654 = B_SPLINE_CURVE_WITH_KNOTS('',1,(#2655,#2656),.UNSPECIFIED.,.F.,
  .F.,(2,2),(-86.5,-70.5),.PIECEWISE_BEZIER_KNOTS.);
#2655 = CARTESIAN_POINT('',(157.,120.3));
#2656 = CARTESIAN_POINT('',(141.,120.3));
#2657 = ( GEOMETRIC_REPRESENTATION_CONTEXT(2) 
PARAMETRIC_REPRESENTATION_CONTEXT() REPRESENTATION_CONTEXT('2D SPACE',''
  ) );
#2658 = PCURVE('',#2659,#2664);
#2659 = PLANE('',#2660);
#2660 = AXIS2_PLACEMENT_3D('',#2661,#2662,#2663);
#2661 = CARTESIAN_POINT('',(56.,35.3,8.2));
#2662 = DIRECTION('',(-0.,1.,0.));
#2663 = DIRECTION('',(0.,0.,1.));
#2664 = DEFINITIONAL_REPRESENTATION('',(#2665),#2668);
#2665 = B_SPLINE_CURVE_WITH_KNOTS('',1,(#2666,#2667),.UNSPECIFIED.,.F.,
  .F.,(2,2),(-86.5,-70.5),.PIECEWISE_BEZIER_KNOTS.);
#2666 = CARTESIAN_POINT('',(12.3,16.));
#2667 = CARTESIAN_POINT('',(12.3,0.));
#2668 = ( GEOMETRIC_REPRESENTATION_CONTEXT(2) 
PARAMETRIC_REPRESENTATION_CONTEXT() REPRESENTATION_CONTEXT('2D SPACE',''
  ) );
#2669 = ORIENTED_EDGE('',*,*,#2670,.F.);
#2670 = EDGE_CURVE('',#2591,#2645,#2671,.T.);
#2671 = SURFACE_CURVE('',#2672,(#2676,#2682),.PCURVE_S1.);
#2672 = LINE('',#2673,#2674);
#2673 = CARTESIAN_POINT('',(72.,-60.15,20.5));
#2674 = VECTOR('',#2675,1.);
#2675 = DIRECTION('',(-0.,1.,0.));
#2676 = PCURVE('',#549,#2677);
#2677 = DEFINITIONAL_REPRESENTATION('',(#2678),#2681);
#2678 = B_SPLINE_CURVE_WITH_KNOTS('',1,(#2679,#2680),.UNSPECIFIED.,.F.,
  .F.,(2,2),(24.85,95.45),.PIECEWISE_BEZIER_KNOTS.);
#2679 = CARTESIAN_POINT('',(157.,49.7));
#2680 = CARTESIAN_POINT('',(157.,120.3));
#2681 = ( GEOMETRIC_REPRESENTATION_CONTEXT(2) 
PARAMETRIC_REPRESENTATION_CONTEXT() REPRESENTATION_CONTEXT('2D SPACE',''
  ) );
#2682 = PCURVE('',#2683,#2688);
#2683 = PLANE('',#2684);
#2684 = AXIS2_PLACEMENT_3D('',#2685,#2686,#2687);
#2685 = CARTESIAN_POINT('',(72.,-35.3,8.2));
#2686 = DIRECTION('',(1.,0.,-0.));
#2687 = DIRECTION('',(0.,0.,1.));
#2688 = DEFINITIONAL_REPRESENTATION('',(#2689),#2692);
#2689 = B_SPLINE_CURVE_WITH_KNOTS('',1,(#2690,#2691),.UNSPECIFIED.,.F.,
  .F.,(2,2),(24.85,95.45),.PIECEWISE_BEZIER_KNOTS.);
#2690 = CARTESIAN_POINT('',(12.3,0.));
#2691 = CARTESIAN_POINT('',(12.3,-70.6));
#2692 = ( GEOMETRIC_REPRESENTATION_CONTEXT(2) 
PARAMETRIC_REPRESENTATION_CONTEXT() REPRESENTATION_CONTEXT('2D SPACE',''
  ) );
#2693 = FACE_BOUND('',#2694,.T.);
#2694 = EDGE_LOOP('',(#2695));
#2695 = ORIENTED_EDGE('',*,*,#2696,.F.);
#2696 = EDGE_CURVE('',#2697,#2697,#2699,.T.);
#2697 = VERTEX_POINT('',#2698);
#2698 = CARTESIAN_POINT('',(-79.2,23.,20.5));
#2699 = SURFACE_CURVE('',#2700,(#2705,#2712),.PCURVE_S1.);
#2700 = CIRCLE('',#2701,2.05);
#2701 = AXIS2_PLACEMENT_3D('',#2702,#2703,#2704);
#2702 = CARTESIAN_POINT('',(-81.25,23.,20.5));
#2703 = DIRECTION('',(0.,0.,1.));
#2704 = DIRECTION('',(1.,0.,-0.));
#2705 = PCURVE('',#549,#2706);
#2706 = DEFINITIONAL_REPRESENTATION('',(#2707),#2711);
#2707 = CIRCLE('',#2708,2.05);
#2708 = AXIS2_PLACEMENT_2D('',#2709,#2710);
#2709 = CARTESIAN_POINT('',(3.75,108.));
#2710 = DIRECTION('',(1.,0.));
#2711 = ( GEOMETRIC_REPRESENTATION_CONTEXT(2) 
PARAMETRIC_REPRESENTATION_CONTEXT() REPRESENTATION_CONTEXT('2D SPACE',''
  ) );
#2712 = PCURVE('',#2713,#2718);
#2713 = CYLINDRICAL_SURFACE('',#2714,2.05);
#2714 = AXIS2_PLACEMENT_3D('',#2715,#2716,#2717);
#2715 = CARTESIAN_POINT('',(-81.25,23.,14.5));
#2716 = DIRECTION('',(0.,0.,1.));
#2717 = DIRECTION('',(1.,0.,0.));
#2718 = DEFINITIONAL_REPRESENTATION('',(#2719),#2723);
#2719 = LINE('',#2720,#2721);
#2720 = CARTESIAN_POINT('',(0.,6.));
#2721 = VECTOR('',#2722,1.);
#2722 = DIRECTION('',(1.,0.));
#2723 = ( GEOMETRIC_REPRESENTATION_CONTEXT(2) 
PARAMETRIC_REPRESENTATION_CONTEXT() REPRESENTATION_CONTEXT('2D SPACE',''
  ) );
#2724 = FACE_BOUND('',#2725,.T.);
#2725 = EDGE_LOOP('',(#2726));
#2726 = ORIENTED_EDGE('',*,*,#2727,.F.);
#2727 = EDGE_CURVE('',#2728,#2728,#2730,.T.);
#2728 = VERTEX_POINT('',#2729);
#2729 = CARTESIAN_POINT('',(-79.2,45.,20.5));
#2730 = SURFACE_CURVE('',#2731,(#2736,#2743),.PCURVE_S1.);
#2731 = CIRCLE('',#2732,2.05);
#2732 = AXIS2_PLACEMENT_3D('',#2733,#2734,#2735);
#2733 = CARTESIAN_POINT('',(-81.25,45.,20.5));
#2734 = DIRECTION('',(0.,0.,1.));
#2735 = DIRECTION('',(1.,0.,-0.));
#2736 = PCURVE('',#549,#2737);
#2737 = DEFINITIONAL_REPRESENTATION('',(#2738),#2742);
#2738 = CIRCLE('',#2739,2.05);
#2739 = AXIS2_PLACEMENT_2D('',#2740,#2741);
#2740 = CARTESIAN_POINT('',(3.75,130.));
#2741 = DIRECTION('',(1.,0.));
#2742 = ( GEOMETRIC_REPRESENTATION_CONTEXT(2) 
PARAMETRIC_REPRESENTATION_CONTEXT() REPRESENTATION_CONTEXT('2D SPACE',''
  ) );
#2743 = PCURVE('',#2744,#2749);
#2744 = CYLINDRICAL_SURFACE('',#2745,2.05);
#2745 = AXIS2_PLACEMENT_3D('',#2746,#2747,#2748);
#2746 = CARTESIAN_POINT('',(-81.25,45.,14.5));
#2747 = DIRECTION('',(0.,0.,1.));
#2748 = DIRECTION('',(1.,0.,0.));
#2749 = DEFINITIONAL_REPRESENTATION('',(#2750),#2754);
#2750 = LINE('',#2751,#2752);
#2751 = CARTESIAN_POINT('',(0.,6.));
#2752 = VECTOR('',#2753,1.);
#2753 = DIRECTION('',(1.,0.));
#2754 = ( GEOMETRIC_REPRESENTATION_CONTEXT(2) 
PARAMETRIC_REPRESENTATION_CONTEXT() REPRESENTATION_CONTEXT('2D SPACE',''
  ) );
#2755 = FACE_BOUND('',#2756,.T.);
#2756 = EDGE_LOOP('',(#2757));
#2757 = ORIENTED_EDGE('',*,*,#2758,.F.);
#2758 = EDGE_CURVE('',#2759,#2759,#2761,.T.);
#2759 = VERTEX_POINT('',#2760);
#2760 = CARTESIAN_POINT('',(83.3,23.,20.5));
#2761 = SURFACE_CURVE('',#2762,(#2767,#2774),.PCURVE_S1.);
#2762 = CIRCLE('',#2763,2.05);
#2763 = AXIS2_PLACEMENT_3D('',#2764,#2765,#2766);
#2764 = CARTESIAN_POINT('',(81.25,23.,20.5));
#2765 = DIRECTION('',(0.,0.,1.));
#2766 = DIRECTION('',(1.,0.,-0.));
#2767 = PCURVE('',#549,#2768);
#2768 = DEFINITIONAL_REPRESENTATION('',(#2769),#2773);
#2769 = CIRCLE('',#2770,2.05);
#2770 = AXIS2_PLACEMENT_2D('',#2771,#2772);
#2771 = CARTESIAN_POINT('',(166.25,108.));
#2772 = DIRECTION('',(1.,0.));
#2773 = ( GEOMETRIC_REPRESENTATION_CONTEXT(2) 
PARAMETRIC_REPRESENTATION_CONTEXT() REPRESENTATION_CONTEXT('2D SPACE',''
  ) );
#2774 = PCURVE('',#2775,#2780);
#2775 = CYLINDRICAL_SURFACE('',#2776,2.05);
#2776 = AXIS2_PLACEMENT_3D('',#2777,#2778,#2779);
#2777 = CARTESIAN_POINT('',(81.25,23.,14.5));
#2778 = DIRECTION('',(0.,0.,1.));
#2779 = DIRECTION('',(1.,0.,0.));
#2780 = DEFINITIONAL_REPRESENTATION('',(#2781),#2785);
#2781 = LINE('',#2782,#2783);
#2782 = CARTESIAN_POINT('',(0.,6.));
#2783 = VECTOR('',#2784,1.);
#2784 = DIRECTION('',(1.,0.));
#2785 = ( GEOMETRIC_REPRESENTATION_CONTEXT(2) 
PARAMETRIC_REPRESENTATION_CONTEXT() REPRESENTATION_CONTEXT('2D SPACE',''
  ) );
#2786 = FACE_BOUND('',#2787,.T.);
#2787 = EDGE_LOOP('',(#2788));
#2788 = ORIENTED_EDGE('',*,*,#2789,.F.);
#2789 = EDGE_CURVE('',#2790,#2790,#2792,.T.);
#2790 = VERTEX_POINT('',#2791);
#2791 = CARTESIAN_POINT('',(83.3,67.,20.5));
#2792 = SURFACE_CURVE('',#2793,(#2798,#2805),.PCURVE_S1.);
#2793 = CIRCLE('',#2794,2.05);
#2794 = AXIS2_PLACEMENT_3D('',#2795,#2796,#2797);
#2795 = CARTESIAN_POINT('',(81.25,67.,20.5));
#2796 = DIRECTION('',(0.,0.,1.));
#2797 = DIRECTION('',(1.,0.,-0.));
#2798 = PCURVE('',#549,#2799);
#2799 = DEFINITIONAL_REPRESENTATION('',(#2800),#2804);
#2800 = CIRCLE('',#2801,2.05);
#2801 = AXIS2_PLACEMENT_2D('',#2802,#2803);
#2802 = CARTESIAN_POINT('',(166.25,152.));
#2803 = DIRECTION('',(1.,0.));
#2804 = ( GEOMETRIC_REPRESENTATION_CONTEXT(2) 
PARAMETRIC_REPRESENTATION_CONTEXT() REPRESENTATION_CONTEXT('2D SPACE',''
  ) );
#2805 = PCURVE('',#2806,#2811);
#2806 = CYLINDRICAL_SURFACE('',#2807,2.05);
#2807 = AXIS2_PLACEMENT_3D('',#2808,#2809,#2810);
#2808 = CARTESIAN_POINT('',(81.25,67.,14.5));
#2809 = DIRECTION('',(0.,0.,1.));
#2810 = DIRECTION('',(1.,0.,0.));
#2811 = DEFINITIONAL_REPRESENTATION('',(#2812),#2816);
#2812 = LINE('',#2813,#2814);
#2813 = CARTESIAN_POINT('',(0.,6.));
#2814 = VECTOR('',#2815,1.);
#2815 = DIRECTION('',(1.,0.));
#2816 = ( GEOMETRIC_REPRESENTATION_CONTEXT(2) 
PARAMETRIC_REPRESENTATION_CONTEXT() REPRESENTATION_CONTEXT('2D SPACE',''
  ) );
#2817 = ADVANCED_FACE('',(#2818),#658,.F.);
#2818 = FACE_BOUND('',#2819,.F.);
#2819 = EDGE_LOOP('',(#2820,#2821,#2844,#2871));
#2820 = ORIENTED_EDGE('',*,*,#641,.F.);
#2821 = ORIENTED_EDGE('',*,*,#2822,.F.);
#2822 = EDGE_CURVE('',#2823,#642,#2825,.T.);
#2823 = VERTEX_POINT('',#2824);
#2824 = CARTESIAN_POINT('',(-60.35,78.5,10.));
#2825 = SEAM_CURVE('',#2826,(#2830,#2837),.PCURVE_S1.);
#2826 = LINE('',#2827,#2828);
#2827 = CARTESIAN_POINT('',(-60.35,78.5,10.));
#2828 = VECTOR('',#2829,1.);
#2829 = DIRECTION('',(0.,1.,2.22044604925E-16));
#2830 = PCURVE('',#658,#2831);
#2831 = DEFINITIONAL_REPRESENTATION('',(#2832),#2836);
#2832 = LINE('',#2833,#2834);
#2833 = CARTESIAN_POINT('',(6.28318530718,-0.));
#2834 = VECTOR('',#2835,1.);
#2835 = DIRECTION('',(0.,1.));
#2836 = ( GEOMETRIC_REPRESENTATION_CONTEXT(2) 
PARAMETRIC_REPRESENTATION_CONTEXT() REPRESENTATION_CONTEXT('2D SPACE',''
  ) );
#2837 = PCURVE('',#658,#2838);
#2838 = DEFINITIONAL_REPRESENTATION('',(#2839),#2843);
#2839 = LINE('',#2840,#2841);
#2840 = CARTESIAN_POINT('',(0.,-0.));
#2841 = VECTOR('',#2842,1.);
#2842 = DIRECTION('',(0.,1.));
#2843 = ( GEOMETRIC_REPRESENTATION_CONTEXT(2) 
PARAMETRIC_REPRESENTATION_CONTEXT() REPRESENTATION_CONTEXT('2D SPACE',''
  ) );
#2844 = ORIENTED_EDGE('',*,*,#2845,.T.);
#2845 = EDGE_CURVE('',#2823,#2823,#2846,.T.);
#2846 = SURFACE_CURVE('',#2847,(#2852,#2859),.PCURVE_S1.);
#2847 = CIRCLE('',#2848,2.15);
#2848 = AXIS2_PLACEMENT_3D('',#2849,#2850,#2851);
#2849 = CARTESIAN_POINT('',(-62.5,78.5,10.));
#2850 = DIRECTION('',(0.,1.,2.22044604925E-16));
#2851 = DIRECTION('',(1.,0.,-0.));
#2852 = PCURVE('',#658,#2853);
#2853 = DEFINITIONAL_REPRESENTATION('',(#2854),#2858);
#2854 = LINE('',#2855,#2856);
#2855 = CARTESIAN_POINT('',(0.,0.));
#2856 = VECTOR('',#2857,1.);
#2857 = DIRECTION('',(1.,0.));
#2858 = ( GEOMETRIC_REPRESENTATION_CONTEXT(2) 
PARAMETRIC_REPRESENTATION_CONTEXT() REPRESENTATION_CONTEXT('2D SPACE',''
  ) );
#2859 = PCURVE('',#2860,#2865);
#2860 = PLANE('',#2861);
#2861 = AXIS2_PLACEMENT_3D('',#2862,#2863,#2864);
#2862 = CARTESIAN_POINT('',(-62.5,78.5,10.));
#2863 = DIRECTION('',(0.,1.,2.22044604925E-16));
#2864 = DIRECTION('',(1.,0.,-0.));
#2865 = DEFINITIONAL_REPRESENTATION('',(#2866),#2870);
#2866 = CIRCLE('',#2867,2.15);
#2867 = AXIS2_PLACEMENT_2D('',#2868,#2869);
#2868 = CARTESIAN_POINT('',(0.,0.));
#2869 = DIRECTION('',(1.,0.));
#2870 = ( GEOMETRIC_REPRESENTATION_CONTEXT(2) 
PARAMETRIC_REPRESENTATION_CONTEXT() REPRESENTATION_CONTEXT('2D SPACE',''
  ) );
#2871 = ORIENTED_EDGE('',*,*,#2822,.T.);
#2872 = ADVANCED_FACE('',(#2873),#689,.F.);
#2873 = FACE_BOUND('',#2874,.F.);
#2874 = EDGE_LOOP('',(#2875,#2876,#2899,#2926));
#2875 = ORIENTED_EDGE('',*,*,#672,.F.);
#2876 = ORIENTED_EDGE('',*,*,#2877,.F.);
#2877 = EDGE_CURVE('',#2878,#673,#2880,.T.);
#2878 = VERTEX_POINT('',#2879);
#2879 = CARTESIAN_POINT('',(32.65,78.5,10.));
#2880 = SEAM_CURVE('',#2881,(#2885,#2892),.PCURVE_S1.);
#2881 = LINE('',#2882,#2883);
#2882 = CARTESIAN_POINT('',(32.65,78.5,10.));
#2883 = VECTOR('',#2884,1.);
#2884 = DIRECTION('',(0.,1.,2.22044604925E-16));
#2885 = PCURVE('',#689,#2886);
#2886 = DEFINITIONAL_REPRESENTATION('',(#2887),#2891);
#2887 = LINE('',#2888,#2889);
#2888 = CARTESIAN_POINT('',(6.28318530718,-0.));
#2889 = VECTOR('',#2890,1.);
#2890 = DIRECTION('',(0.,1.));
#2891 = ( GEOMETRIC_REPRESENTATION_CONTEXT(2) 
PARAMETRIC_REPRESENTATION_CONTEXT() REPRESENTATION_CONTEXT('2D SPACE',''
  ) );
#2892 = PCURVE('',#689,#2893);
#2893 = DEFINITIONAL_REPRESENTATION('',(#2894),#2898);
#2894 = LINE('',#2895,#2896);
#2895 = CARTESIAN_POINT('',(0.,-0.));
#2896 = VECTOR('',#2897,1.);
#2897 = DIRECTION('',(0.,1.));
#2898 = ( GEOMETRIC_REPRESENTATION_CONTEXT(2) 
PARAMETRIC_REPRESENTATION_CONTEXT() REPRESENTATION_CONTEXT('2D SPACE',''
  ) );
#2899 = ORIENTED_EDGE('',*,*,#2900,.T.);
#2900 = EDGE_CURVE('',#2878,#2878,#2901,.T.);
#2901 = SURFACE_CURVE('',#2902,(#2907,#2914),.PCURVE_S1.);
#2902 = CIRCLE('',#2903,2.15);
#2903 = AXIS2_PLACEMENT_3D('',#2904,#2905,#2906);
#2904 = CARTESIAN_POINT('',(30.5,78.5,10.));
#2905 = DIRECTION('',(0.,1.,2.22044604925E-16));
#2906 = DIRECTION('',(1.,0.,-0.));
#2907 = PCURVE('',#689,#2908);
#2908 = DEFINITIONAL_REPRESENTATION('',(#2909),#2913);
#2909 = LINE('',#2910,#2911);
#2910 = CARTESIAN_POINT('',(0.,0.));
#2911 = VECTOR('',#2912,1.);
#2912 = DIRECTION('',(1.,0.));
#2913 = ( GEOMETRIC_REPRESENTATION_CONTEXT(2) 
PARAMETRIC_REPRESENTATION_CONTEXT() REPRESENTATION_CONTEXT('2D SPACE',''
  ) );
#2914 = PCURVE('',#2915,#2920);
#2915 = PLANE('',#2916);
#2916 = AXIS2_PLACEMENT_3D('',#2917,#2918,#2919);
#2917 = CARTESIAN_POINT('',(30.5,78.5,10.));
#2918 = DIRECTION('',(0.,1.,2.22044604925E-16));
#2919 = DIRECTION('',(1.,0.,-0.));
#2920 = DEFINITIONAL_REPRESENTATION('',(#2921),#2925);
#2921 = CIRCLE('',#2922,2.15);
#2922 = AXIS2_PLACEMENT_2D('',#2923,#2924);
#2923 = CARTESIAN_POINT('',(0.,0.));
#2924 = DIRECTION('',(1.,0.));
#2925 = ( GEOMETRIC_REPRESENTATION_CONTEXT(2) 
PARAMETRIC_REPRESENTATION_CONTEXT() REPRESENTATION_CONTEXT('2D SPACE',''
  ) );
#2926 = ORIENTED_EDGE('',*,*,#2877,.T.);
#2927 = ADVANCED_FACE('',(#2928),#724,.F.);
#2928 = FACE_BOUND('',#2929,.F.);
#2929 = EDGE_LOOP('',(#2930,#2953,#2980,#2981));
#2930 = ORIENTED_EDGE('',*,*,#2931,.T.);
#2931 = EDGE_CURVE('',#704,#2932,#2934,.T.);
#2932 = VERTEX_POINT('',#2933);
#2933 = CARTESIAN_POINT('',(68.6,83.9,14.5));
#2934 = SEAM_CURVE('',#2935,(#2939,#2946),.PCURVE_S1.);
#2935 = LINE('',#2936,#2937);
#2936 = CARTESIAN_POINT('',(68.6,86.,14.5));
#2937 = VECTOR('',#2938,1.);
#2938 = DIRECTION('',(0.,-1.,2.22044604925E-16));
#2939 = PCURVE('',#724,#2940);
#2940 = DEFINITIONAL_REPRESENTATION('',(#2941),#2945);
#2941 = LINE('',#2942,#2943);
#2942 = CARTESIAN_POINT('',(6.28318530718,-0.));
#2943 = VECTOR('',#2944,1.);
#2944 = DIRECTION('',(0.,1.));
#2945 = ( GEOMETRIC_REPRESENTATION_CONTEXT(2) 
PARAMETRIC_REPRESENTATION_CONTEXT() REPRESENTATION_CONTEXT('2D SPACE',''
  ) );
#2946 = PCURVE('',#724,#2947);
#2947 = DEFINITIONAL_REPRESENTATION('',(#2948),#2952);
#2948 = LINE('',#2949,#2950);
#2949 = CARTESIAN_POINT('',(0.,-0.));
#2950 = VECTOR('',#2951,1.);
#2951 = DIRECTION('',(0.,1.));
#2952 = ( GEOMETRIC_REPRESENTATION_CONTEXT(2) 
PARAMETRIC_REPRESENTATION_CONTEXT() REPRESENTATION_CONTEXT('2D SPACE',''
  ) );
#2953 = ORIENTED_EDGE('',*,*,#2954,.F.);
#2954 = EDGE_CURVE('',#2932,#2932,#2955,.T.);
#2955 = SURFACE_CURVE('',#2956,(#2961,#2968),.PCURVE_S1.);
#2956 = CIRCLE('',#2957,4.6);
#2957 = AXIS2_PLACEMENT_3D('',#2958,#2959,#2960);
#2958 = CARTESIAN_POINT('',(64.,83.9,14.5));
#2959 = DIRECTION('',(0.,-1.,2.22044604925E-16));
#2960 = DIRECTION('',(1.,0.,0.));
#2961 = PCURVE('',#724,#2962);
#2962 = DEFINITIONAL_REPRESENTATION('',(#2963),#2967);
#2963 = LINE('',#2964,#2965);
#2964 = CARTESIAN_POINT('',(0.,2.1));
#2965 = VECTOR('',#2966,1.);
#2966 = DIRECTION('',(1.,0.));
#2967 = ( GEOMETRIC_REPRESENTATION_CONTEXT(2) 
PARAMETRIC_REPRESENTATION_CONTEXT() REPRESENTATION_CONTEXT('2D SPACE',''
  ) );
#2968 = PCURVE('',#2969,#2974);
#2969 = PLANE('',#2970);
#2970 = AXIS2_PLACEMENT_3D('',#2971,#2972,#2973);
#2971 = CARTESIAN_POINT('',(64.,83.9,14.5));
#2972 = DIRECTION('',(0.,-1.,2.22044604925E-16));
#2973 = DIRECTION('',(1.,0.,0.));
#2974 = DEFINITIONAL_REPRESENTATION('',(#2975),#2979);
#2975 = CIRCLE('',#2976,4.6);
#2976 = AXIS2_PLACEMENT_2D('',#2977,#2978);
#2977 = CARTESIAN_POINT('',(0.,0.));
#2978 = DIRECTION('',(1.,0.));
#2979 = ( GEOMETRIC_REPRESENTATION_CONTEXT(2) 
PARAMETRIC_REPRESENTATION_CONTEXT() REPRESENTATION_CONTEXT('2D SPACE',''
  ) );
#2980 = ORIENTED_EDGE('',*,*,#2931,.F.);
#2981 = ORIENTED_EDGE('',*,*,#703,.T.);
#2982 = ADVANCED_FACE('',(#2983),#755,.T.);
#2983 = FACE_BOUND('',#2984,.T.);
#2984 = EDGE_LOOP('',(#2985,#3005,#3006,#3007));
#2985 = ORIENTED_EDGE('',*,*,#2986,.F.);
#2986 = EDGE_CURVE('',#846,#1523,#2987,.T.);
#2987 = SURFACE_CURVE('',#2988,(#2993,#2999),.PCURVE_S1.);
#2988 = CIRCLE('',#2989,1.);
#2989 = AXIS2_PLACEMENT_3D('',#2990,#2991,#2992);
#2990 = CARTESIAN_POINT('',(-76.,-109.,-21.));
#2991 = DIRECTION('',(1.,0.,0.));
#2992 = DIRECTION('',(0.,-1.,0.));
#2993 = PCURVE('',#755,#2994);
#2994 = DEFINITIONAL_REPRESENTATION('',(#2995),#2998);
#2995 = B_SPLINE_CURVE_WITH_KNOTS('',1,(#2996,#2997),.UNSPECIFIED.,.F.,
  .F.,(2,2),(0.,1.570796326795),.PIECEWISE_BEZIER_KNOTS.);
#2996 = CARTESIAN_POINT('',(0.,0.));
#2997 = CARTESIAN_POINT('',(0.,1.570796326795));
#2998 = ( GEOMETRIC_REPRESENTATION_CONTEXT(2) 
PARAMETRIC_REPRESENTATION_CONTEXT() REPRESENTATION_CONTEXT('2D SPACE',''
  ) );
#2999 = PCURVE('',#1566,#3000);
#3000 = DEFINITIONAL_REPRESENTATION('',(#3001),#3004);
#3001 = B_SPLINE_CURVE_WITH_KNOTS('',1,(#3002,#3003),.UNSPECIFIED.,.F.,
  .F.,(2,2),(0.,1.570796326795),.PIECEWISE_BEZIER_KNOTS.);
#3002 = CARTESIAN_POINT('',(0.,152.));
#3003 = CARTESIAN_POINT('',(-1.570796326795,152.));
#3004 = ( GEOMETRIC_REPRESENTATION_CONTEXT(2) 
PARAMETRIC_REPRESENTATION_CONTEXT() REPRESENTATION_CONTEXT('2D SPACE',''
  ) );
#3005 = ORIENTED_EDGE('',*,*,#898,.T.);
#3006 = ORIENTED_EDGE('',*,*,#739,.T.);
#3007 = ORIENTED_EDGE('',*,*,#1522,.F.);
#3008 = ADVANCED_FACE('',(#3009),#809,.T.);
#3009 = FACE_BOUND('',#3010,.F.);
#3010 = EDGE_LOOP('',(#3011,#3031,#3032,#3033));
#3011 = ORIENTED_EDGE('',*,*,#3012,.F.);
#3012 = EDGE_CURVE('',#848,#1664,#3013,.T.);
#3013 = SURFACE_CURVE('',#3014,(#3019,#3025),.PCURVE_S1.);
#3014 = CIRCLE('',#3015,1.);
#3015 = AXIS2_PLACEMENT_3D('',#3016,#3017,#3018);
#3016 = CARTESIAN_POINT('',(-76.,-109.,19.5));
#3017 = DIRECTION('',(-1.,-0.,0.));
#3018 = DIRECTION('',(0.,-1.,0.));
#3019 = PCURVE('',#809,#3020);
#3020 = DEFINITIONAL_REPRESENTATION('',(#3021),#3024);
#3021 = B_SPLINE_CURVE_WITH_KNOTS('',1,(#3022,#3023),.UNSPECIFIED.,.F.,
  .F.,(2,2),(0.,1.570796326795),.PIECEWISE_BEZIER_KNOTS.);
#3022 = CARTESIAN_POINT('',(0.,0.));
#3023 = CARTESIAN_POINT('',(0.,1.570796326795));
#3024 = ( GEOMETRIC_REPRESENTATION_CONTEXT(2) 
PARAMETRIC_REPRESENTATION_CONTEXT() REPRESENTATION_CONTEXT('2D SPACE',''
  ) );
#3025 = PCURVE('',#1707,#3026);
#3026 = DEFINITIONAL_REPRESENTATION('',(#3027),#3030);
#3027 = B_SPLINE_CURVE_WITH_KNOTS('',1,(#3028,#3029),.UNSPECIFIED.,.F.,
  .F.,(2,2),(0.,1.570796326795),.PIECEWISE_BEZIER_KNOTS.);
#3028 = CARTESIAN_POINT('',(0.,152.));
#3029 = CARTESIAN_POINT('',(1.570796326795,152.));
#3030 = ( GEOMETRIC_REPRESENTATION_CONTEXT(2) 
PARAMETRIC_REPRESENTATION_CONTEXT() REPRESENTATION_CONTEXT('2D SPACE',''
  ) );
#3031 = ORIENTED_EDGE('',*,*,#875,.T.);
#3032 = ORIENTED_EDGE('',*,*,#793,.T.);
#3033 = ORIENTED_EDGE('',*,*,#1663,.F.);
#3034 = ADVANCED_FACE('',(#3035,#3152),#863,.F.);
#3035 = FACE_BOUND('',#3036,.F.);
#3036 = EDGE_LOOP('',(#3037,#3060,#3061,#3084,#3108,#3131));
#3037 = ORIENTED_EDGE('',*,*,#3038,.T.);
#3038 = EDGE_CURVE('',#3039,#846,#3041,.T.);
#3039 = VERTEX_POINT('',#3040);
#3040 = CARTESIAN_POINT('',(76.,-110.,-21.));
#3041 = SURFACE_CURVE('',#3042,(#3046,#3053),.PCURVE_S1.);
#3042 = LINE('',#3043,#3044);
#3043 = CARTESIAN_POINT('',(76.,-110.,-21.));
#3044 = VECTOR('',#3045,1.);
#3045 = DIRECTION('',(-1.,-0.,-0.));
#3046 = PCURVE('',#863,#3047);
#3047 = DEFINITIONAL_REPRESENTATION('',(#3048),#3052);
#3048 = LINE('',#3049,#3050);
#3049 = CARTESIAN_POINT('',(152.,-1.));
#3050 = VECTOR('',#3051,1.);
#3051 = DIRECTION('',(-1.,0.));
#3052 = ( GEOMETRIC_REPRESENTATION_CONTEXT(2) 
PARAMETRIC_REPRESENTATION_CONTEXT() REPRESENTATION_CONTEXT('2D SPACE',''
  ) );
#3053 = PCURVE('',#1566,#3054);
#3054 = DEFINITIONAL_REPRESENTATION('',(#3055),#3059);
#3055 = LINE('',#3056,#3057);
#3056 = CARTESIAN_POINT('',(-0.,0.));
#3057 = VECTOR('',#3058,1.);
#3058 = DIRECTION('',(-0.,1.));
#3059 = ( GEOMETRIC_REPRESENTATION_CONTEXT(2) 
PARAMETRIC_REPRESENTATION_CONTEXT() REPRESENTATION_CONTEXT('2D SPACE',''
  ) );
#3060 = ORIENTED_EDGE('',*,*,#845,.T.);
#3061 = ORIENTED_EDGE('',*,*,#3062,.F.);
#3062 = EDGE_CURVE('',#3063,#848,#3065,.T.);
#3063 = VERTEX_POINT('',#3064);
#3064 = CARTESIAN_POINT('',(60.167246420653,-110.,19.5));
#3065 = SURFACE_CURVE('',#3066,(#3070,#3077),.PCURVE_S1.);
#3066 = LINE('',#3067,#3068);
#3067 = CARTESIAN_POINT('',(76.,-110.,19.5));
#3068 = VECTOR('',#3069,1.);
#3069 = DIRECTION('',(-1.,-0.,-0.));
#3070 = PCURVE('',#863,#3071);
#3071 = DEFINITIONAL_REPRESENTATION('',(#3072),#3076);
#3072 = LINE('',#3073,#3074);
#3073 = CARTESIAN_POINT('',(152.,-41.5));
#3074 = VECTOR('',#3075,1.);
#3075 = DIRECTION('',(-1.,0.));
#3076 = ( GEOMETRIC_REPRESENTATION_CONTEXT(2) 
PARAMETRIC_REPRESENTATION_CONTEXT() REPRESENTATION_CONTEXT('2D SPACE',''
  ) );
#3077 = PCURVE('',#1707,#3078);
#3078 = DEFINITIONAL_REPRESENTATION('',(#3079),#3083);
#3079 = LINE('',#3080,#3081);
#3080 = CARTESIAN_POINT('',(0.,0.));
#3081 = VECTOR('',#3082,1.);
#3082 = DIRECTION('',(0.,1.));
#3083 = ( GEOMETRIC_REPRESENTATION_CONTEXT(2) 
PARAMETRIC_REPRESENTATION_CONTEXT() REPRESENTATION_CONTEXT('2D SPACE',''
  ) );
#3084 = ORIENTED_EDGE('',*,*,#3085,.F.);
#3085 = EDGE_CURVE('',#3086,#3063,#3088,.T.);
#3086 = VERTEX_POINT('',#3087);
#3087 = CARTESIAN_POINT('',(67.832753579347,-110.,19.5));
#3088 = SURFACE_CURVE('',#3089,(#3094,#3101),.PCURVE_S1.);
#3089 = CIRCLE('',#3090,6.3);
#3090 = AXIS2_PLACEMENT_3D('',#3091,#3092,#3093);
#3091 = CARTESIAN_POINT('',(64.,-110.,14.5));
#3092 = DIRECTION('',(0.,1.,0.));
#3093 = DIRECTION('',(0.608373584023,-0.,0.793650793651));
#3094 = PCURVE('',#863,#3095);
#3095 = DEFINITIONAL_REPRESENTATION('',(#3096),#3100);
#3096 = CIRCLE('',#3097,6.3);
#3097 = AXIS2_PLACEMENT_2D('',#3098,#3099);
#3098 = CARTESIAN_POINT('',(140.,-36.5));
#3099 = DIRECTION('',(0.608373584023,-0.793650793651));
#3100 = ( GEOMETRIC_REPRESENTATION_CONTEXT(2) 
PARAMETRIC_REPRESENTATION_CONTEXT() REPRESENTATION_CONTEXT('2D SPACE',''
  ) );
#3101 = PCURVE('',#1734,#3102);
#3102 = DEFINITIONAL_REPRESENTATION('',(#3103),#3107);
#3103 = LINE('',#3104,#3105);
#3104 = CARTESIAN_POINT('',(7.199971940743,36.5));
#3105 = VECTOR('',#3106,1.);
#3106 = DIRECTION('',(-1.,-0.));
#3107 = ( GEOMETRIC_REPRESENTATION_CONTEXT(2) 
PARAMETRIC_REPRESENTATION_CONTEXT() REPRESENTATION_CONTEXT('2D SPACE',''
  ) );
#3108 = ORIENTED_EDGE('',*,*,#3109,.F.);
#3109 = EDGE_CURVE('',#3110,#3086,#3112,.T.);
#3110 = VERTEX_POINT('',#3111);
#3111 = CARTESIAN_POINT('',(76.,-110.,19.5));
#3112 = SURFACE_CURVE('',#3113,(#3117,#3124),.PCURVE_S1.);
#3113 = LINE('',#3114,#3115);
#3114 = CARTESIAN_POINT('',(76.,-110.,19.5));
#3115 = VECTOR('',#3116,1.);
#3116 = DIRECTION('',(-1.,-0.,-0.));
#3117 = PCURVE('',#863,#3118);
#3118 = DEFINITIONAL_REPRESENTATION('',(#3119),#3123);
#3119 = LINE('',#3120,#3121);
#3120 = CARTESIAN_POINT('',(152.,-41.5));
#3121 = VECTOR('',#3122,1.);
#3122 = DIRECTION('',(-1.,0.));
#3123 = ( GEOMETRIC_REPRESENTATION_CONTEXT(2) 
PARAMETRIC_REPRESENTATION_CONTEXT() REPRESENTATION_CONTEXT('2D SPACE',''
  ) );
#3124 = PCURVE('',#1808,#3125);
#3125 = DEFINITIONAL_REPRESENTATION('',(#3126),#3130);
#3126 = LINE('',#3127,#3128);
#3127 = CARTESIAN_POINT('',(0.,0.));
#3128 = VECTOR('',#3129,1.);
#3129 = DIRECTION('',(0.,1.));
#3130 = ( GEOMETRIC_REPRESENTATION_CONTEXT(2) 
PARAMETRIC_REPRESENTATION_CONTEXT() REPRESENTATION_CONTEXT('2D SPACE',''
  ) );
#3131 = ORIENTED_EDGE('',*,*,#3132,.F.);
#3132 = EDGE_CURVE('',#3039,#3110,#3133,.T.);
#3133 = SURFACE_CURVE('',#3134,(#3138,#3145),.PCURVE_S1.);
#3134 = LINE('',#3135,#3136);
#3135 = CARTESIAN_POINT('',(76.,-110.,-22.));
#3136 = VECTOR('',#3137,1.);
#3137 = DIRECTION('',(0.,0.,1.));
#3138 = PCURVE('',#863,#3139);
#3139 = DEFINITIONAL_REPRESENTATION('',(#3140),#3144);
#3140 = LINE('',#3141,#3142);
#3141 = CARTESIAN_POINT('',(152.,0.));
#3142 = VECTOR('',#3143,1.);
#3143 = DIRECTION('',(0.,-1.));
#3144 = ( GEOMETRIC_REPRESENTATION_CONTEXT(2) 
PARAMETRIC_REPRESENTATION_CONTEXT() REPRESENTATION_CONTEXT('2D SPACE',''
  ) );
#3145 = PCURVE('',#1496,#3146);
#3146 = DEFINITIONAL_REPRESENTATION('',(#3147),#3151);
#3147 = LINE('',#3148,#3149);
#3148 = CARTESIAN_POINT('',(4.712388980385,0.));
#3149 = VECTOR('',#3150,1.);
#3150 = DIRECTION('',(0.,-1.));
#3151 = ( GEOMETRIC_REPRESENTATION_CONTEXT(2) 
PARAMETRIC_REPRESENTATION_CONTEXT() REPRESENTATION_CONTEXT('2D SPACE',''
  ) );
#3152 = FACE_BOUND('',#3153,.F.);
#3153 = EDGE_LOOP('',(#3154,#3182,#3208,#3234));
#3154 = ORIENTED_EDGE('',*,*,#3155,.F.);
#3155 = EDGE_CURVE('',#3156,#3158,#3160,.T.);
#3156 = VERTEX_POINT('',#3157);
#3157 = CARTESIAN_POINT('',(-30.3,-110.,19.3));
#3158 = VERTEX_POINT('',#3159);
#3159 = CARTESIAN_POINT('',(30.3,-110.,19.3));
#3160 = SURFACE_CURVE('',#3161,(#3165,#3171),.PCURVE_S1.);
#3161 = LINE('',#3162,#3163);
#3162 = CARTESIAN_POINT('',(-53.15,-110.,19.3));
#3163 = VECTOR('',#3164,1.);
#3164 = DIRECTION('',(1.,0.,0.));
#3165 = PCURVE('',#863,#3166);
#3166 = DEFINITIONAL_REPRESENTATION('',(#3167),#3170);
#3167 = B_SPLINE_CURVE_WITH_KNOTS('',1,(#3168,#3169),.UNSPECIFIED.,.F.,
  .F.,(2,2),(22.85,83.45),.PIECEWISE_BEZIER_KNOTS.);
#3168 = CARTESIAN_POINT('',(45.7,-41.3));
#3169 = CARTESIAN_POINT('',(106.3,-41.3));
#3170 = ( GEOMETRIC_REPRESENTATION_CONTEXT(2) 
PARAMETRIC_REPRESENTATION_CONTEXT() REPRESENTATION_CONTEXT('2D SPACE',''
  ) );
#3171 = PCURVE('',#3172,#3177);
#3172 = PLANE('',#3173);
#3173 = AXIS2_PLACEMENT_3D('',#3174,#3175,#3176);
#3174 = CARTESIAN_POINT('',(-30.3,-111.,19.3));
#3175 = DIRECTION('',(0.,0.,1.));
#3176 = DIRECTION('',(1.,0.,-0.));
#3177 = DEFINITIONAL_REPRESENTATION('',(#3178),#3181);
#3178 = B_SPLINE_CURVE_WITH_KNOTS('',1,(#3179,#3180),.UNSPECIFIED.,.F.,
  .F.,(2,2),(22.85,83.45),.PIECEWISE_BEZIER_KNOTS.);
#3179 = CARTESIAN_POINT('',(0.,1.));
#3180 = CARTESIAN_POINT('',(60.6,1.));
#3181 = ( GEOMETRIC_REPRESENTATION_CONTEXT(2) 
PARAMETRIC_REPRESENTATION_CONTEXT() REPRESENTATION_CONTEXT('2D SPACE',''
  ) );
#3182 = ORIENTED_EDGE('',*,*,#3183,.T.);
#3183 = EDGE_CURVE('',#3156,#3184,#3186,.T.);
#3184 = VERTEX_POINT('',#3185);
#3185 = CARTESIAN_POINT('',(-30.3,-110.,-19.3));
#3186 = SURFACE_CURVE('',#3187,(#3191,#3197),.PCURVE_S1.);
#3187 = LINE('',#3188,#3189);
#3188 = CARTESIAN_POINT('',(-30.3,-110.,-20.65));
#3189 = VECTOR('',#3190,1.);
#3190 = DIRECTION('',(-0.,0.,-1.));
#3191 = PCURVE('',#863,#3192);
#3192 = DEFINITIONAL_REPRESENTATION('',(#3193),#3196);
#3193 = B_SPLINE_CURVE_WITH_KNOTS('',1,(#3194,#3195),.UNSPECIFIED.,.F.,
  .F.,(2,2),(-39.95,-1.35),.PIECEWISE_BEZIER_KNOTS.);
#3194 = CARTESIAN_POINT('',(45.7,-41.3));
#3195 = CARTESIAN_POINT('',(45.7,-2.7));
#3196 = ( GEOMETRIC_REPRESENTATION_CONTEXT(2) 
PARAMETRIC_REPRESENTATION_CONTEXT() REPRESENTATION_CONTEXT('2D SPACE',''
  ) );
#3197 = PCURVE('',#3198,#3203);
#3198 = PLANE('',#3199);
#3199 = AXIS2_PLACEMENT_3D('',#3200,#3201,#3202);
#3200 = CARTESIAN_POINT('',(-30.3,-111.,-19.3));
#3201 = DIRECTION('',(1.,0.,-0.));
#3202 = DIRECTION('',(0.,0.,1.));
#3203 = DEFINITIONAL_REPRESENTATION('',(#3204),#3207);
#3204 = B_SPLINE_CURVE_WITH_KNOTS('',1,(#3205,#3206),.UNSPECIFIED.,.F.,
  .F.,(2,2),(-39.95,-1.35),.PIECEWISE_BEZIER_KNOTS.);
#3205 = CARTESIAN_POINT('',(38.6,-1.));
#3206 = CARTESIAN_POINT('',(0.,-1.));
#3207 = ( GEOMETRIC_REPRESENTATION_CONTEXT(2) 
PARAMETRIC_REPRESENTATION_CONTEXT() REPRESENTATION_CONTEXT('2D SPACE',''
  ) );
#3208 = ORIENTED_EDGE('',*,*,#3209,.T.);
#3209 = EDGE_CURVE('',#3184,#3210,#3212,.T.);
#3210 = VERTEX_POINT('',#3211);
#3211 = CARTESIAN_POINT('',(30.3,-110.,-19.3));
#3212 = SURFACE_CURVE('',#3213,(#3217,#3223),.PCURVE_S1.);
#3213 = LINE('',#3214,#3215);
#3214 = CARTESIAN_POINT('',(-53.15,-110.,-19.3));
#3215 = VECTOR('',#3216,1.);
#3216 = DIRECTION('',(1.,0.,0.));
#3217 = PCURVE('',#863,#3218);
#3218 = DEFINITIONAL_REPRESENTATION('',(#3219),#3222);
#3219 = B_SPLINE_CURVE_WITH_KNOTS('',1,(#3220,#3221),.UNSPECIFIED.,.F.,
  .F.,(2,2),(22.85,83.45),.PIECEWISE_BEZIER_KNOTS.);
#3220 = CARTESIAN_POINT('',(45.7,-2.7));
#3221 = CARTESIAN_POINT('',(106.3,-2.7));
#3222 = ( GEOMETRIC_REPRESENTATION_CONTEXT(2) 
PARAMETRIC_REPRESENTATION_CONTEXT() REPRESENTATION_CONTEXT('2D SPACE',''
  ) );
#3223 = PCURVE('',#3224,#3229);
#3224 = PLANE('',#3225);
#3225 = AXIS2_PLACEMENT_3D('',#3226,#3227,#3228);
#3226 = CARTESIAN_POINT('',(-30.3,-111.,-19.3));
#3227 = DIRECTION('',(0.,0.,1.));
#3228 = DIRECTION('',(1.,0.,-0.));
#3229 = DEFINITIONAL_REPRESENTATION('',(#3230),#3233);
#3230 = B_SPLINE_CURVE_WITH_KNOTS('',1,(#3231,#3232),.UNSPECIFIED.,.F.,
  .F.,(2,2),(22.85,83.45),.PIECEWISE_BEZIER_KNOTS.);
#3231 = CARTESIAN_POINT('',(0.,1.));
#3232 = CARTESIAN_POINT('',(60.6,1.));
#3233 = ( GEOMETRIC_REPRESENTATION_CONTEXT(2) 
PARAMETRIC_REPRESENTATION_CONTEXT() REPRESENTATION_CONTEXT('2D SPACE',''
  ) );
#3234 = ORIENTED_EDGE('',*,*,#3235,.F.);
#3235 = EDGE_CURVE('',#3158,#3210,#3236,.T.);
#3236 = SURFACE_CURVE('',#3237,(#3241,#3247),.PCURVE_S1.);
#3237 = LINE('',#3238,#3239);
#3238 = CARTESIAN_POINT('',(30.3,-110.,-20.65));
#3239 = VECTOR('',#3240,1.);
#3240 = DIRECTION('',(-0.,0.,-1.));
#3241 = PCURVE('',#863,#3242);
#3242 = DEFINITIONAL_REPRESENTATION('',(#3243),#3246);
#3243 = B_SPLINE_CURVE_WITH_KNOTS('',1,(#3244,#3245),.UNSPECIFIED.,.F.,
  .F.,(2,2),(-39.95,-1.35),.PIECEWISE_BEZIER_KNOTS.);
#3244 = CARTESIAN_POINT('',(106.3,-41.3));
#3245 = CARTESIAN_POINT('',(106.3,-2.7));
#3246 = ( GEOMETRIC_REPRESENTATION_CONTEXT(2) 
PARAMETRIC_REPRESENTATION_CONTEXT() REPRESENTATION_CONTEXT('2D SPACE',''
  ) );
#3247 = PCURVE('',#3248,#3253);
#3248 = PLANE('',#3249);
#3249 = AXIS2_PLACEMENT_3D('',#3250,#3251,#3252);
#3250 = CARTESIAN_POINT('',(30.3,-111.,-19.3));
#3251 = DIRECTION('',(1.,0.,-0.));
#3252 = DIRECTION('',(0.,0.,1.));
#3253 = DEFINITIONAL_REPRESENTATION('',(#3254),#3257);
#3254 = B_SPLINE_CURVE_WITH_KNOTS('',1,(#3255,#3256),.UNSPECIFIED.,.F.,
  .F.,(2,2),(-39.95,-1.35),.PIECEWISE_BEZIER_KNOTS.);
#3255 = CARTESIAN_POINT('',(38.6,-1.));
#3256 = CARTESIAN_POINT('',(0.,-1.));
#3257 = ( GEOMETRIC_REPRESENTATION_CONTEXT(2) 
PARAMETRIC_REPRESENTATION_CONTEXT() REPRESENTATION_CONTEXT('2D SPACE',''
  ) );
#3258 = ADVANCED_FACE('',(#3259),#962,.T.);
#3259 = FACE_BOUND('',#3260,.F.);
#3260 = EDGE_LOOP('',(#3261));
#3261 = ORIENTED_EDGE('',*,*,#947,.F.);
#3262 = ADVANCED_FACE('',(#3263),#1025,.F.);
#3263 = FACE_BOUND('',#3264,.F.);
#3264 = EDGE_LOOP('',(#3265,#3266,#3289,#3316));
#3265 = ORIENTED_EDGE('',*,*,#1004,.F.);
#3266 = ORIENTED_EDGE('',*,*,#3267,.F.);
#3267 = EDGE_CURVE('',#3268,#1005,#3270,.T.);
#3268 = VERTEX_POINT('',#3269);
#3269 = CARTESIAN_POINT('',(-71.85,-74.,13.7));
#3270 = SEAM_CURVE('',#3271,(#3275,#3282),.PCURVE_S1.);
#3271 = LINE('',#3272,#3273);
#3272 = CARTESIAN_POINT('',(-71.85,-74.,13.7));
#3273 = VECTOR('',#3274,1.);
#3274 = DIRECTION('',(0.,-1.224646799147E-16,-1.));
#3275 = PCURVE('',#1025,#3276);
#3276 = DEFINITIONAL_REPRESENTATION('',(#3277),#3281);
#3277 = LINE('',#3278,#3279);
#3278 = CARTESIAN_POINT('',(6.28318530718,-0.));
#3279 = VECTOR('',#3280,1.);
#3280 = DIRECTION('',(0.,1.));
#3281 = ( GEOMETRIC_REPRESENTATION_CONTEXT(2) 
PARAMETRIC_REPRESENTATION_CONTEXT() REPRESENTATION_CONTEXT('2D SPACE',''
  ) );
#3282 = PCURVE('',#1025,#3283);
#3283 = DEFINITIONAL_REPRESENTATION('',(#3284),#3288);
#3284 = LINE('',#3285,#3286);
#3285 = CARTESIAN_POINT('',(0.,-0.));
#3286 = VECTOR('',#3287,1.);
#3287 = DIRECTION('',(0.,1.));
#3288 = ( GEOMETRIC_REPRESENTATION_CONTEXT(2) 
PARAMETRIC_REPRESENTATION_CONTEXT() REPRESENTATION_CONTEXT('2D SPACE',''
  ) );
#3289 = ORIENTED_EDGE('',*,*,#3290,.T.);
#3290 = EDGE_CURVE('',#3268,#3268,#3291,.T.);
#3291 = SURFACE_CURVE('',#3292,(#3297,#3304),.PCURVE_S1.);
#3292 = CIRCLE('',#3293,2.15);
#3293 = AXIS2_PLACEMENT_3D('',#3294,#3295,#3296);
#3294 = CARTESIAN_POINT('',(-74.,-74.,13.7));
#3295 = DIRECTION('',(0.,-1.224646799147E-16,-1.));
#3296 = DIRECTION('',(1.,0.,0.));
#3297 = PCURVE('',#1025,#3298);
#3298 = DEFINITIONAL_REPRESENTATION('',(#3299),#3303);
#3299 = LINE('',#3300,#3301);
#3300 = CARTESIAN_POINT('',(0.,0.));
#3301 = VECTOR('',#3302,1.);
#3302 = DIRECTION('',(1.,0.));
#3303 = ( GEOMETRIC_REPRESENTATION_CONTEXT(2) 
PARAMETRIC_REPRESENTATION_CONTEXT() REPRESENTATION_CONTEXT('2D SPACE',''
  ) );
#3304 = PCURVE('',#3305,#3310);
#3305 = PLANE('',#3306);
#3306 = AXIS2_PLACEMENT_3D('',#3307,#3308,#3309);
#3307 = CARTESIAN_POINT('',(-74.,-74.,13.7));
#3308 = DIRECTION('',(0.,-1.224646799147E-16,-1.));
#3309 = DIRECTION('',(1.,0.,0.));
#3310 = DEFINITIONAL_REPRESENTATION('',(#3311),#3315);
#3311 = CIRCLE('',#3312,2.15);
#3312 = AXIS2_PLACEMENT_2D('',#3313,#3314);
#3313 = CARTESIAN_POINT('',(0.,0.));
#3314 = DIRECTION('',(1.,0.));
#3315 = ( GEOMETRIC_REPRESENTATION_CONTEXT(2) 
PARAMETRIC_REPRESENTATION_CONTEXT() REPRESENTATION_CONTEXT('2D SPACE',''
  ) );
#3316 = ORIENTED_EDGE('',*,*,#3267,.T.);
#3317 = ADVANCED_FACE('',(#3318),#1056,.F.);
#3318 = FACE_BOUND('',#3319,.F.);
#3319 = EDGE_LOOP('',(#3320,#3349,#3370,#3371));
#3320 = ORIENTED_EDGE('',*,*,#3321,.F.);
#3321 = EDGE_CURVE('',#3322,#3322,#3324,.T.);
#3322 = VERTEX_POINT('',#3323);
#3323 = CARTESIAN_POINT('',(-55.88422791987,-57.13422791987,14.2));
#3324 = SURFACE_CURVE('',#3325,(#3330,#3337),.PCURVE_S1.);
#3325 = CIRCLE('',#3326,1.25);
#3326 = AXIS2_PLACEMENT_3D('',#3327,#3328,#3329);
#3327 = CARTESIAN_POINT('',(-57.13422791987,-57.13422791987,14.2));
#3328 = DIRECTION('',(0.,0.,1.));
#3329 = DIRECTION('',(1.,0.,-0.));
#3330 = PCURVE('',#1056,#3331);
#3331 = DEFINITIONAL_REPRESENTATION('',(#3332),#3336);
#3332 = LINE('',#3333,#3334);
#3333 = CARTESIAN_POINT('',(0.,8.));
#3334 = VECTOR('',#3335,1.);
#3335 = DIRECTION('',(1.,0.));
#3336 = ( GEOMETRIC_REPRESENTATION_CONTEXT(2) 
PARAMETRIC_REPRESENTATION_CONTEXT() REPRESENTATION_CONTEXT('2D SPACE',''
  ) );
#3337 = PCURVE('',#3338,#3343);
#3338 = PLANE('',#3339);
#3339 = AXIS2_PLACEMENT_3D('',#3340,#3341,#3342);
#3340 = CARTESIAN_POINT('',(-57.13422791987,-57.13422791987,14.2));
#3341 = DIRECTION('',(0.,0.,1.));
#3342 = DIRECTION('',(1.,0.,-0.));
#3343 = DEFINITIONAL_REPRESENTATION('',(#3344),#3348);
#3344 = CIRCLE('',#3345,1.25);
#3345 = AXIS2_PLACEMENT_2D('',#3346,#3347);
#3346 = CARTESIAN_POINT('',(0.,0.));
#3347 = DIRECTION('',(1.,0.));
#3348 = ( GEOMETRIC_REPRESENTATION_CONTEXT(2) 
PARAMETRIC_REPRESENTATION_CONTEXT() REPRESENTATION_CONTEXT('2D SPACE',''
  ) );
#3349 = ORIENTED_EDGE('',*,*,#3350,.F.);
#3350 = EDGE_CURVE('',#1040,#3322,#3351,.T.);
#3351 = SEAM_CURVE('',#3352,(#3356,#3363),.PCURVE_S1.);
#3352 = LINE('',#3353,#3354);
#3353 = CARTESIAN_POINT('',(-55.88422791987,-57.13422791987,6.2));
#3354 = VECTOR('',#3355,1.);
#3355 = DIRECTION('',(0.,0.,1.));
#3356 = PCURVE('',#1056,#3357);
#3357 = DEFINITIONAL_REPRESENTATION('',(#3358),#3362);
#3358 = LINE('',#3359,#3360);
#3359 = CARTESIAN_POINT('',(6.28318530718,-0.));
#3360 = VECTOR('',#3361,1.);
#3361 = DIRECTION('',(0.,1.));
#3362 = ( GEOMETRIC_REPRESENTATION_CONTEXT(2) 
PARAMETRIC_REPRESENTATION_CONTEXT() REPRESENTATION_CONTEXT('2D SPACE',''
  ) );
#3363 = PCURVE('',#1056,#3364);
#3364 = DEFINITIONAL_REPRESENTATION('',(#3365),#3369);
#3365 = LINE('',#3366,#3367);
#3366 = CARTESIAN_POINT('',(0.,-0.));
#3367 = VECTOR('',#3368,1.);
#3368 = DIRECTION('',(0.,1.));
#3369 = ( GEOMETRIC_REPRESENTATION_CONTEXT(2) 
PARAMETRIC_REPRESENTATION_CONTEXT() REPRESENTATION_CONTEXT('2D SPACE',''
  ) );
#3370 = ORIENTED_EDGE('',*,*,#1039,.T.);
#3371 = ORIENTED_EDGE('',*,*,#3350,.T.);
#3372 = ADVANCED_FACE('',(#3373),#1091,.F.);
#3373 = FACE_BOUND('',#3374,.F.);
#3374 = EDGE_LOOP('',(#3375,#3376,#3399,#3426));
#3375 = ORIENTED_EDGE('',*,*,#1070,.F.);
#3376 = ORIENTED_EDGE('',*,*,#3377,.F.);
#3377 = EDGE_CURVE('',#3378,#1071,#3380,.T.);
#3378 = VERTEX_POINT('',#3379);
#3379 = CARTESIAN_POINT('',(76.15,-74.,13.7));
#3380 = SEAM_CURVE('',#3381,(#3385,#3392),.PCURVE_S1.);
#3381 = LINE('',#3382,#3383);
#3382 = CARTESIAN_POINT('',(76.15,-74.,13.7));
#3383 = VECTOR('',#3384,1.);
#3384 = DIRECTION('',(0.,-1.224646799147E-16,-1.));
#3385 = PCURVE('',#1091,#3386);
#3386 = DEFINITIONAL_REPRESENTATION('',(#3387),#3391);
#3387 = LINE('',#3388,#3389);
#3388 = CARTESIAN_POINT('',(6.28318530718,-0.));
#3389 = VECTOR('',#3390,1.);
#3390 = DIRECTION('',(0.,1.));
#3391 = ( GEOMETRIC_REPRESENTATION_CONTEXT(2) 
PARAMETRIC_REPRESENTATION_CONTEXT() REPRESENTATION_CONTEXT('2D SPACE',''
  ) );
#3392 = PCURVE('',#1091,#3393);
#3393 = DEFINITIONAL_REPRESENTATION('',(#3394),#3398);
#3394 = LINE('',#3395,#3396);
#3395 = CARTESIAN_POINT('',(0.,-0.));
#3396 = VECTOR('',#3397,1.);
#3397 = DIRECTION('',(0.,1.));
#3398 = ( GEOMETRIC_REPRESENTATION_CONTEXT(2) 
PARAMETRIC_REPRESENTATION_CONTEXT() REPRESENTATION_CONTEXT('2D SPACE',''
  ) );
#3399 = ORIENTED_EDGE('',*,*,#3400,.T.);
#3400 = EDGE_CURVE('',#3378,#3378,#3401,.T.);
#3401 = SURFACE_CURVE('',#3402,(#3407,#3414),.PCURVE_S1.);
#3402 = CIRCLE('',#3403,2.15);
#3403 = AXIS2_PLACEMENT_3D('',#3404,#3405,#3406);
#3404 = CARTESIAN_POINT('',(74.,-74.,13.7));
#3405 = DIRECTION('',(0.,-1.224646799147E-16,-1.));
#3406 = DIRECTION('',(1.,0.,0.));
#3407 = PCURVE('',#1091,#3408);
#3408 = DEFINITIONAL_REPRESENTATION('',(#3409),#3413);
#3409 = LINE('',#3410,#3411);
#3410 = CARTESIAN_POINT('',(0.,0.));
#3411 = VECTOR('',#3412,1.);
#3412 = DIRECTION('',(1.,0.));
#3413 = ( GEOMETRIC_REPRESENTATION_CONTEXT(2) 
PARAMETRIC_REPRESENTATION_CONTEXT() REPRESENTATION_CONTEXT('2D SPACE',''
  ) );
#3414 = PCURVE('',#3415,#3420);
#3415 = PLANE('',#3416);
#3416 = AXIS2_PLACEMENT_3D('',#3417,#3418,#3419);
#3417 = CARTESIAN_POINT('',(74.,-74.,13.7));
#3418 = DIRECTION('',(0.,-1.224646799147E-16,-1.));
#3419 = DIRECTION('',(1.,0.,0.));
#3420 = DEFINITIONAL_REPRESENTATION('',(#3421),#3425);
#3421 = CIRCLE('',#3422,2.15);
#3422 = AXIS2_PLACEMENT_2D('',#3423,#3424);
#3423 = CARTESIAN_POINT('',(0.,0.));
#3424 = DIRECTION('',(1.,0.));
#3425 = ( GEOMETRIC_REPRESENTATION_CONTEXT(2) 
PARAMETRIC_REPRESENTATION_CONTEXT() REPRESENTATION_CONTEXT('2D SPACE',''
  ) );
#3426 = ORIENTED_EDGE('',*,*,#3377,.T.);
#3427 = ADVANCED_FACE('',(#3428),#1122,.F.);
#3428 = FACE_BOUND('',#3429,.F.);
#3429 = EDGE_LOOP('',(#3430,#3431,#3452,#3453));
#3430 = ORIENTED_EDGE('',*,*,#2502,.F.);
#3431 = ORIENTED_EDGE('',*,*,#3432,.F.);
#3432 = EDGE_CURVE('',#1106,#2503,#3433,.T.);
#3433 = SEAM_CURVE('',#3434,(#3438,#3445),.PCURVE_S1.);
#3434 = LINE('',#3435,#3436);
#3435 = CARTESIAN_POINT('',(57.254328932551,-55.15432893255,6.2));
#3436 = VECTOR('',#3437,1.);
#3437 = DIRECTION('',(0.,0.,1.));
#3438 = PCURVE('',#1122,#3439);
#3439 = DEFINITIONAL_REPRESENTATION('',(#3440),#3444);
#3440 = LINE('',#3441,#3442);
#3441 = CARTESIAN_POINT('',(6.28318530718,-0.));
#3442 = VECTOR('',#3443,1.);
#3443 = DIRECTION('',(0.,1.));
#3444 = ( GEOMETRIC_REPRESENTATION_CONTEXT(2) 
PARAMETRIC_REPRESENTATION_CONTEXT() REPRESENTATION_CONTEXT('2D SPACE',''
  ) );
#3445 = PCURVE('',#1122,#3446);
#3446 = DEFINITIONAL_REPRESENTATION('',(#3447),#3451);
#3447 = LINE('',#3448,#3449);
#3448 = CARTESIAN_POINT('',(0.,-0.));
#3449 = VECTOR('',#3450,1.);
#3450 = DIRECTION('',(0.,1.));
#3451 = ( GEOMETRIC_REPRESENTATION_CONTEXT(2) 
PARAMETRIC_REPRESENTATION_CONTEXT() REPRESENTATION_CONTEXT('2D SPACE',''
  ) );
#3452 = ORIENTED_EDGE('',*,*,#1105,.T.);
#3453 = ORIENTED_EDGE('',*,*,#3432,.T.);
#3454 = ADVANCED_FACE('',(#3455),#1157,.T.);
#3455 = FACE_BOUND('',#3456,.F.);
#3456 = EDGE_LOOP('',(#3457,#3486,#3507,#3508));
#3457 = ORIENTED_EDGE('',*,*,#3458,.F.);
#3458 = EDGE_CURVE('',#3459,#3459,#3461,.T.);
#3459 = VERTEX_POINT('',#3460);
#3460 = CARTESIAN_POINT('',(55.,0.,6.));
#3461 = SURFACE_CURVE('',#3462,(#3467,#3474),.PCURVE_S1.);
#3462 = CIRCLE('',#3463,55.);
#3463 = AXIS2_PLACEMENT_3D('',#3464,#3465,#3466);
#3464 = CARTESIAN_POINT('',(0.,0.,6.));
#3465 = DIRECTION('',(0.,0.,1.));
#3466 = DIRECTION('',(1.,0.,-0.));
#3467 = PCURVE('',#1157,#3468);
#3468 = DEFINITIONAL_REPRESENTATION('',(#3469),#3473);
#3469 = LINE('',#3470,#3471);
#3470 = CARTESIAN_POINT('',(-0.,0.));
#3471 = VECTOR('',#3472,1.);
#3472 = DIRECTION('',(-1.,0.));
#3473 = ( GEOMETRIC_REPRESENTATION_CONTEXT(2) 
PARAMETRIC_REPRESENTATION_CONTEXT() REPRESENTATION_CONTEXT('2D SPACE',''
  ) );
#3474 = PCURVE('',#3475,#3480);
#3475 = PLANE('',#3476);
#3476 = AXIS2_PLACEMENT_3D('',#3477,#3478,#3479);
#3477 = CARTESIAN_POINT('',(-3.182406126637E-15,4.119626454838E-15,6.));
#3478 = DIRECTION('',(0.,0.,1.));
#3479 = DIRECTION('',(1.,0.,-0.));
#3480 = DEFINITIONAL_REPRESENTATION('',(#3481),#3485);
#3481 = CIRCLE('',#3482,55.);
#3482 = AXIS2_PLACEMENT_2D('',#3483,#3484);
#3483 = CARTESIAN_POINT('',(3.182406126637E-15,-4.119626454838E-15));
#3484 = DIRECTION('',(1.,0.));
#3485 = ( GEOMETRIC_REPRESENTATION_CONTEXT(2) 
PARAMETRIC_REPRESENTATION_CONTEXT() REPRESENTATION_CONTEXT('2D SPACE',''
  ) );
#3486 = ORIENTED_EDGE('',*,*,#3487,.T.);
#3487 = EDGE_CURVE('',#3459,#1137,#3488,.T.);
#3488 = SEAM_CURVE('',#3489,(#3493,#3500),.PCURVE_S1.);
#3489 = LINE('',#3490,#3491);
#3490 = CARTESIAN_POINT('',(55.,0.,6.));
#3491 = VECTOR('',#3492,1.);
#3492 = DIRECTION('',(0.,0.,1.));
#3493 = PCURVE('',#1157,#3494);
#3494 = DEFINITIONAL_REPRESENTATION('',(#3495),#3499);
#3495 = LINE('',#3496,#3497);
#3496 = CARTESIAN_POINT('',(-6.28318530718,0.));
#3497 = VECTOR('',#3498,1.);
#3498 = DIRECTION('',(-0.,-1.));
#3499 = ( GEOMETRIC_REPRESENTATION_CONTEXT(2) 
PARAMETRIC_REPRESENTATION_CONTEXT() REPRESENTATION_CONTEXT('2D SPACE',''
  ) );
#3500 = PCURVE('',#1157,#3501);
#3501 = DEFINITIONAL_REPRESENTATION('',(#3502),#3506);
#3502 = LINE('',#3503,#3504);
#3503 = CARTESIAN_POINT('',(-0.,0.));
#3504 = VECTOR('',#3505,1.);
#3505 = DIRECTION('',(-0.,-1.));
#3506 = ( GEOMETRIC_REPRESENTATION_CONTEXT(2) 
PARAMETRIC_REPRESENTATION_CONTEXT() REPRESENTATION_CONTEXT('2D SPACE',''
  ) );
#3507 = ORIENTED_EDGE('',*,*,#1136,.F.);
#3508 = ORIENTED_EDGE('',*,*,#3487,.F.);
#3509 = ADVANCED_FACE('',(#3510),#1194,.F.);
#3510 = FACE_BOUND('',#3511,.T.);
#3511 = EDGE_LOOP('',(#3512,#3513,#3536,#3565));
#3512 = ORIENTED_EDGE('',*,*,#1171,.T.);
#3513 = ORIENTED_EDGE('',*,*,#3514,.T.);
#3514 = EDGE_CURVE('',#1174,#3515,#3517,.T.);
#3515 = VERTEX_POINT('',#3516);
#3516 = CARTESIAN_POINT('',(47.405933600077,60.676828027717,8.59));
#3517 = SURFACE_CURVE('',#3518,(#3522,#3529),.PCURVE_S1.);
#3518 = LINE('',#3519,#3520);
#3519 = CARTESIAN_POINT('',(47.405933600077,60.676828027717,7.19));
#3520 = VECTOR('',#3521,1.);
#3521 = DIRECTION('',(0.,0.,1.));
#3522 = PCURVE('',#1194,#3523);
#3523 = DEFINITIONAL_REPRESENTATION('',(#3524),#3528);
#3524 = LINE('',#3525,#3526);
#3525 = CARTESIAN_POINT('',(-0.907571211037,0.));
#3526 = VECTOR('',#3527,1.);
#3527 = DIRECTION('',(-0.,-1.));
#3528 = ( GEOMETRIC_REPRESENTATION_CONTEXT(2) 
PARAMETRIC_REPRESENTATION_CONTEXT() REPRESENTATION_CONTEXT('2D SPACE',''
  ) );
#3529 = PCURVE('',#1221,#3530);
#3530 = DEFINITIONAL_REPRESENTATION('',(#3531),#3535);
#3531 = LINE('',#3532,#3533);
#3532 = CARTESIAN_POINT('',(16.5,0.));
#3533 = VECTOR('',#3534,1.);
#3534 = DIRECTION('',(0.,-1.));
#3535 = ( GEOMETRIC_REPRESENTATION_CONTEXT(2) 
PARAMETRIC_REPRESENTATION_CONTEXT() REPRESENTATION_CONTEXT('2D SPACE',''
  ) );
#3536 = ORIENTED_EDGE('',*,*,#3537,.T.);
#3537 = EDGE_CURVE('',#3515,#3538,#3540,.T.);
#3538 = VERTEX_POINT('',#3539);
#3539 = CARTESIAN_POINT('',(-60.67682802771,-47.40593360007,8.59));
#3540 = SURFACE_CURVE('',#3541,(#3546,#3553),.PCURVE_S1.);
#3541 = CIRCLE('',#3542,77.);
#3542 = AXIS2_PLACEMENT_3D('',#3543,#3544,#3545);
#3543 = CARTESIAN_POINT('',(0.,0.,8.59));
#3544 = DIRECTION('',(0.,0.,1.));
#3545 = DIRECTION('',(1.,0.,-0.));
#3546 = PCURVE('',#1194,#3547);
#3547 = DEFINITIONAL_REPRESENTATION('',(#3548),#3552);
#3548 = LINE('',#3549,#3550);
#3549 = CARTESIAN_POINT('',(-0.,-1.4));
#3550 = VECTOR('',#3551,1.);
#3551 = DIRECTION('',(-1.,0.));
#3552 = ( GEOMETRIC_REPRESENTATION_CONTEXT(2) 
PARAMETRIC_REPRESENTATION_CONTEXT() REPRESENTATION_CONTEXT('2D SPACE',''
  ) );
#3553 = PCURVE('',#3554,#3559);
#3554 = PLANE('',#3555);
#3555 = AXIS2_PLACEMENT_3D('',#3556,#3557,#3558);
#3556 = CARTESIAN_POINT('',(-4.546294466625E-15,5.949328815438E-15,8.59)
  );
#3557 = DIRECTION('',(0.,0.,1.));
#3558 = DIRECTION('',(1.,0.,-0.));
#3559 = DEFINITIONAL_REPRESENTATION('',(#3560),#3564);
#3560 = CIRCLE('',#3561,77.);
#3561 = AXIS2_PLACEMENT_2D('',#3562,#3563);
#3562 = CARTESIAN_POINT('',(4.546294466625E-15,-5.949328815438E-15));
#3563 = DIRECTION('',(1.,0.));
#3564 = ( GEOMETRIC_REPRESENTATION_CONTEXT(2) 
PARAMETRIC_REPRESENTATION_CONTEXT() REPRESENTATION_CONTEXT('2D SPACE',''
  ) );
#3565 = ORIENTED_EDGE('',*,*,#3566,.F.);
#3566 = EDGE_CURVE('',#1172,#3538,#3567,.T.);
#3567 = SURFACE_CURVE('',#3568,(#3572,#3579),.PCURVE_S1.);
#3568 = LINE('',#3569,#3570);
#3569 = CARTESIAN_POINT('',(-60.67682802771,-47.40593360007,7.19));
#3570 = VECTOR('',#3571,1.);
#3571 = DIRECTION('',(0.,0.,1.));
#3572 = PCURVE('',#1194,#3573);
#3573 = DEFINITIONAL_REPRESENTATION('',(#3574),#3578);
#3574 = LINE('',#3575,#3576);
#3575 = CARTESIAN_POINT('',(-3.804817769348,0.));
#3576 = VECTOR('',#3577,1.);
#3577 = DIRECTION('',(-0.,-1.));
#3578 = ( GEOMETRIC_REPRESENTATION_CONTEXT(2) 
PARAMETRIC_REPRESENTATION_CONTEXT() REPRESENTATION_CONTEXT('2D SPACE',''
  ) );
#3579 = PCURVE('',#1278,#3580);
#3580 = DEFINITIONAL_REPRESENTATION('',(#3581),#3585);
#3581 = LINE('',#3582,#3583);
#3582 = CARTESIAN_POINT('',(0.,0.));
#3583 = VECTOR('',#3584,1.);
#3584 = DIRECTION('',(0.,-1.));
#3585 = ( GEOMETRIC_REPRESENTATION_CONTEXT(2) 
PARAMETRIC_REPRESENTATION_CONTEXT() REPRESENTATION_CONTEXT('2D SPACE',''
  ) );
#3586 = ADVANCED_FACE('',(#3587),#1278,.T.);
#3587 = FACE_BOUND('',#3588,.T.);
#3588 = EDGE_LOOP('',(#3589,#3590,#3591,#3614));
#3589 = ORIENTED_EDGE('',*,*,#1265,.T.);
#3590 = ORIENTED_EDGE('',*,*,#3566,.T.);
#3591 = ORIENTED_EDGE('',*,*,#3592,.T.);
#3592 = EDGE_CURVE('',#3538,#3593,#3595,.T.);
#3593 = VERTEX_POINT('',#3594);
#3594 = CARTESIAN_POINT('',(-47.6746505932,-37.2475192572,8.59));
#3595 = SURFACE_CURVE('',#3596,(#3600,#3607),.PCURVE_S1.);
#3596 = LINE('',#3597,#3598);
#3597 = CARTESIAN_POINT('',(-157.6021507213,-123.1322950651,8.59));
#3598 = VECTOR('',#3599,1.);
#3599 = DIRECTION('',(0.788010753607,0.615661475326,0.));
#3600 = PCURVE('',#1278,#3601);
#3601 = DEFINITIONAL_REPRESENTATION('',(#3602),#3606);
#3602 = LINE('',#3603,#3604);
#3603 = CARTESIAN_POINT('',(-123.,-1.4));
#3604 = VECTOR('',#3605,1.);
#3605 = DIRECTION('',(1.,0.));
#3606 = ( GEOMETRIC_REPRESENTATION_CONTEXT(2) 
PARAMETRIC_REPRESENTATION_CONTEXT() REPRESENTATION_CONTEXT('2D SPACE',''
  ) );
#3607 = PCURVE('',#3554,#3608);
#3608 = DEFINITIONAL_REPRESENTATION('',(#3609),#3613);
#3609 = LINE('',#3610,#3611);
#3610 = CARTESIAN_POINT('',(-157.6021507213,-123.1322950651));
#3611 = VECTOR('',#3612,1.);
#3612 = DIRECTION('',(0.788010753607,0.615661475326));
#3613 = ( GEOMETRIC_REPRESENTATION_CONTEXT(2) 
PARAMETRIC_REPRESENTATION_CONTEXT() REPRESENTATION_CONTEXT('2D SPACE',''
  ) );
#3614 = ORIENTED_EDGE('',*,*,#3615,.F.);
#3615 = EDGE_CURVE('',#1233,#3593,#3616,.T.);
#3616 = SURFACE_CURVE('',#3617,(#3621,#3628),.PCURVE_S1.);
#3617 = LINE('',#3618,#3619);
#3618 = CARTESIAN_POINT('',(-47.6746505932,-37.2475192572,7.19));
#3619 = VECTOR('',#3620,1.);
#3620 = DIRECTION('',(0.,0.,1.));
#3621 = PCURVE('',#1278,#3622);
#3622 = DEFINITIONAL_REPRESENTATION('',(#3623),#3627);
#3623 = LINE('',#3624,#3625);
#3624 = CARTESIAN_POINT('',(16.5,0.));
#3625 = VECTOR('',#3626,1.);
#3626 = DIRECTION('',(0.,-1.));
#3627 = ( GEOMETRIC_REPRESENTATION_CONTEXT(2) 
PARAMETRIC_REPRESENTATION_CONTEXT() REPRESENTATION_CONTEXT('2D SPACE',''
  ) );
#3628 = PCURVE('',#1253,#3629);
#3629 = DEFINITIONAL_REPRESENTATION('',(#3630),#3634);
#3630 = LINE('',#3631,#3632);
#3631 = CARTESIAN_POINT('',(-3.804817769348,0.));
#3632 = VECTOR('',#3633,1.);
#3633 = DIRECTION('',(-0.,-1.));
#3634 = ( GEOMETRIC_REPRESENTATION_CONTEXT(2) 
PARAMETRIC_REPRESENTATION_CONTEXT() REPRESENTATION_CONTEXT('2D SPACE',''
  ) );
#3635 = ADVANCED_FACE('',(#3636),#1221,.T.);
#3636 = FACE_BOUND('',#3637,.T.);
#3637 = EDGE_LOOP('',(#3638,#3639,#3662,#3683));
#3638 = ORIENTED_EDGE('',*,*,#1206,.T.);
#3639 = ORIENTED_EDGE('',*,*,#3640,.T.);
#3640 = EDGE_CURVE('',#1207,#3641,#3643,.T.);
#3641 = VERTEX_POINT('',#3642);
#3642 = CARTESIAN_POINT('',(37.247519257203,47.674650593206,8.59));
#3643 = SURFACE_CURVE('',#3644,(#3648,#3655),.PCURVE_S1.);
#3644 = LINE('',#3645,#3646);
#3645 = CARTESIAN_POINT('',(37.247519257203,47.674650593206,7.19));
#3646 = VECTOR('',#3647,1.);
#3647 = DIRECTION('',(0.,0.,1.));
#3648 = PCURVE('',#1221,#3649);
#3649 = DEFINITIONAL_REPRESENTATION('',(#3650),#3654);
#3650 = LINE('',#3651,#3652);
#3651 = CARTESIAN_POINT('',(1.557284422332E-14,0.));
#3652 = VECTOR('',#3653,1.);
#3653 = DIRECTION('',(0.,-1.));
#3654 = ( GEOMETRIC_REPRESENTATION_CONTEXT(2) 
PARAMETRIC_REPRESENTATION_CONTEXT() REPRESENTATION_CONTEXT('2D SPACE',''
  ) );
#3655 = PCURVE('',#1253,#3656);
#3656 = DEFINITIONAL_REPRESENTATION('',(#3657),#3661);
#3657 = LINE('',#3658,#3659);
#3658 = CARTESIAN_POINT('',(-0.907571211037,0.));
#3659 = VECTOR('',#3660,1.);
#3660 = DIRECTION('',(-0.,-1.));
#3661 = ( GEOMETRIC_REPRESENTATION_CONTEXT(2) 
PARAMETRIC_REPRESENTATION_CONTEXT() REPRESENTATION_CONTEXT('2D SPACE',''
  ) );
#3662 = ORIENTED_EDGE('',*,*,#3663,.T.);
#3663 = EDGE_CURVE('',#3641,#3515,#3664,.T.);
#3664 = SURFACE_CURVE('',#3665,(#3669,#3676),.PCURVE_S1.);
#3665 = LINE('',#3666,#3667);
#3666 = CARTESIAN_POINT('',(0.,0.,8.59));
#3667 = VECTOR('',#3668,1.);
#3668 = DIRECTION('',(0.615661475326,0.788010753607,0.));
#3669 = PCURVE('',#1221,#3670);
#3670 = DEFINITIONAL_REPRESENTATION('',(#3671),#3675);
#3671 = LINE('',#3672,#3673);
#3672 = CARTESIAN_POINT('',(-60.5,-1.4));
#3673 = VECTOR('',#3674,1.);
#3674 = DIRECTION('',(1.,0.));
#3675 = ( GEOMETRIC_REPRESENTATION_CONTEXT(2) 
PARAMETRIC_REPRESENTATION_CONTEXT() REPRESENTATION_CONTEXT('2D SPACE',''
  ) );
#3676 = PCURVE('',#3554,#3677);
#3677 = DEFINITIONAL_REPRESENTATION('',(#3678),#3682);
#3678 = LINE('',#3679,#3680);
#3679 = CARTESIAN_POINT('',(4.546294466625E-15,-5.949328815438E-15));
#3680 = VECTOR('',#3681,1.);
#3681 = DIRECTION('',(0.615661475326,0.788010753607));
#3682 = ( GEOMETRIC_REPRESENTATION_CONTEXT(2) 
PARAMETRIC_REPRESENTATION_CONTEXT() REPRESENTATION_CONTEXT('2D SPACE',''
  ) );
#3683 = ORIENTED_EDGE('',*,*,#3514,.F.);
#3684 = ADVANCED_FACE('',(#3685),#1253,.T.);
#3685 = FACE_BOUND('',#3686,.F.);
#3686 = EDGE_LOOP('',(#3687,#3688,#3689,#3711));
#3687 = ORIENTED_EDGE('',*,*,#1232,.T.);
#3688 = ORIENTED_EDGE('',*,*,#3640,.T.);
#3689 = ORIENTED_EDGE('',*,*,#3690,.T.);
#3690 = EDGE_CURVE('',#3641,#3593,#3691,.T.);
#3691 = SURFACE_CURVE('',#3692,(#3697,#3704),.PCURVE_S1.);
#3692 = CIRCLE('',#3693,60.5);
#3693 = AXIS2_PLACEMENT_3D('',#3694,#3695,#3696);
#3694 = CARTESIAN_POINT('',(0.,0.,8.59));
#3695 = DIRECTION('',(0.,0.,1.));
#3696 = DIRECTION('',(1.,0.,-0.));
#3697 = PCURVE('',#1253,#3698);
#3698 = DEFINITIONAL_REPRESENTATION('',(#3699),#3703);
#3699 = LINE('',#3700,#3701);
#3700 = CARTESIAN_POINT('',(-0.,-1.4));
#3701 = VECTOR('',#3702,1.);
#3702 = DIRECTION('',(-1.,0.));
#3703 = ( GEOMETRIC_REPRESENTATION_CONTEXT(2) 
PARAMETRIC_REPRESENTATION_CONTEXT() REPRESENTATION_CONTEXT('2D SPACE',''
  ) );
#3704 = PCURVE('',#3554,#3705);
#3705 = DEFINITIONAL_REPRESENTATION('',(#3706),#3710);
#3706 = CIRCLE('',#3707,60.5);
#3707 = AXIS2_PLACEMENT_2D('',#3708,#3709);
#3708 = CARTESIAN_POINT('',(4.546294466625E-15,-5.949328815438E-15));
#3709 = DIRECTION('',(1.,0.));
#3710 = ( GEOMETRIC_REPRESENTATION_CONTEXT(2) 
PARAMETRIC_REPRESENTATION_CONTEXT() REPRESENTATION_CONTEXT('2D SPACE',''
  ) );
#3711 = ORIENTED_EDGE('',*,*,#3615,.F.);
#3712 = ADVANCED_FACE('',(#3713),#1312,.F.);
#3713 = FACE_BOUND('',#3714,.F.);
#3714 = EDGE_LOOP('',(#3715,#3716,#3739,#3766));
#3715 = ORIENTED_EDGE('',*,*,#1291,.F.);
#3716 = ORIENTED_EDGE('',*,*,#3717,.F.);
#3717 = EDGE_CURVE('',#3718,#1292,#3720,.T.);
#3718 = VERTEX_POINT('',#3719);
#3719 = CARTESIAN_POINT('',(-71.85,74.,13.7));
#3720 = SEAM_CURVE('',#3721,(#3725,#3732),.PCURVE_S1.);
#3721 = LINE('',#3722,#3723);
#3722 = CARTESIAN_POINT('',(-71.85,74.,13.7));
#3723 = VECTOR('',#3724,1.);
#3724 = DIRECTION('',(0.,-1.224646799147E-16,-1.));
#3725 = PCURVE('',#1312,#3726);
#3726 = DEFINITIONAL_REPRESENTATION('',(#3727),#3731);
#3727 = LINE('',#3728,#3729);
#3728 = CARTESIAN_POINT('',(6.28318530718,-0.));
#3729 = VECTOR('',#3730,1.);
#3730 = DIRECTION('',(0.,1.));
#3731 = ( GEOMETRIC_REPRESENTATION_CONTEXT(2) 
PARAMETRIC_REPRESENTATION_CONTEXT() REPRESENTATION_CONTEXT('2D SPACE',''
  ) );
#3732 = PCURVE('',#1312,#3733);
#3733 = DEFINITIONAL_REPRESENTATION('',(#3734),#3738);
#3734 = LINE('',#3735,#3736);
#3735 = CARTESIAN_POINT('',(0.,-0.));
#3736 = VECTOR('',#3737,1.);
#3737 = DIRECTION('',(0.,1.));
#3738 = ( GEOMETRIC_REPRESENTATION_CONTEXT(2) 
PARAMETRIC_REPRESENTATION_CONTEXT() REPRESENTATION_CONTEXT('2D SPACE',''
  ) );
#3739 = ORIENTED_EDGE('',*,*,#3740,.T.);
#3740 = EDGE_CURVE('',#3718,#3718,#3741,.T.);
#3741 = SURFACE_CURVE('',#3742,(#3747,#3754),.PCURVE_S1.);
#3742 = CIRCLE('',#3743,2.15);
#3743 = AXIS2_PLACEMENT_3D('',#3744,#3745,#3746);
#3744 = CARTESIAN_POINT('',(-74.,74.,13.7));
#3745 = DIRECTION('',(0.,-1.224646799147E-16,-1.));
#3746 = DIRECTION('',(1.,0.,0.));
#3747 = PCURVE('',#1312,#3748);
#3748 = DEFINITIONAL_REPRESENTATION('',(#3749),#3753);
#3749 = LINE('',#3750,#3751);
#3750 = CARTESIAN_POINT('',(0.,0.));
#3751 = VECTOR('',#3752,1.);
#3752 = DIRECTION('',(1.,0.));
#3753 = ( GEOMETRIC_REPRESENTATION_CONTEXT(2) 
PARAMETRIC_REPRESENTATION_CONTEXT() REPRESENTATION_CONTEXT('2D SPACE',''
  ) );
#3754 = PCURVE('',#3755,#3760);
#3755 = PLANE('',#3756);
#3756 = AXIS2_PLACEMENT_3D('',#3757,#3758,#3759);
#3757 = CARTESIAN_POINT('',(-74.,74.,13.7));
#3758 = DIRECTION('',(0.,-1.224646799147E-16,-1.));
#3759 = DIRECTION('',(1.,0.,0.));
#3760 = DEFINITIONAL_REPRESENTATION('',(#3761),#3765);
#3761 = CIRCLE('',#3762,2.15);
#3762 = AXIS2_PLACEMENT_2D('',#3763,#3764);
#3763 = CARTESIAN_POINT('',(0.,0.));
#3764 = DIRECTION('',(1.,0.));
#3765 = ( GEOMETRIC_REPRESENTATION_CONTEXT(2) 
PARAMETRIC_REPRESENTATION_CONTEXT() REPRESENTATION_CONTEXT('2D SPACE',''
  ) );
#3766 = ORIENTED_EDGE('',*,*,#3717,.T.);
#3767 = ADVANCED_FACE('',(#3768),#1347,.F.);
#3768 = FACE_BOUND('',#3769,.F.);
#3769 = EDGE_LOOP('',(#3770,#3771,#3794,#3821));
#3770 = ORIENTED_EDGE('',*,*,#1326,.F.);
#3771 = ORIENTED_EDGE('',*,*,#3772,.F.);
#3772 = EDGE_CURVE('',#3773,#1327,#3775,.T.);
#3773 = VERTEX_POINT('',#3774);
#3774 = CARTESIAN_POINT('',(76.15,74.,13.7));
#3775 = SEAM_CURVE('',#3776,(#3780,#3787),.PCURVE_S1.);
#3776 = LINE('',#3777,#3778);
#3777 = CARTESIAN_POINT('',(76.15,74.,13.7));
#3778 = VECTOR('',#3779,1.);
#3779 = DIRECTION('',(0.,-1.224646799147E-16,-1.));
#3780 = PCURVE('',#1347,#3781);
#3781 = DEFINITIONAL_REPRESENTATION('',(#3782),#3786);
#3782 = LINE('',#3783,#3784);
#3783 = CARTESIAN_POINT('',(6.28318530718,-0.));
#3784 = VECTOR('',#3785,1.);
#3785 = DIRECTION('',(0.,1.));
#3786 = ( GEOMETRIC_REPRESENTATION_CONTEXT(2) 
PARAMETRIC_REPRESENTATION_CONTEXT() REPRESENTATION_CONTEXT('2D SPACE',''
  ) );
#3787 = PCURVE('',#1347,#3788);
#3788 = DEFINITIONAL_REPRESENTATION('',(#3789),#3793);
#3789 = LINE('',#3790,#3791);
#3790 = CARTESIAN_POINT('',(0.,-0.));
#3791 = VECTOR('',#3792,1.);
#3792 = DIRECTION('',(0.,1.));
#3793 = ( GEOMETRIC_REPRESENTATION_CONTEXT(2) 
PARAMETRIC_REPRESENTATION_CONTEXT() REPRESENTATION_CONTEXT('2D SPACE',''
  ) );
#3794 = ORIENTED_EDGE('',*,*,#3795,.T.);
#3795 = EDGE_CURVE('',#3773,#3773,#3796,.T.);
#3796 = SURFACE_CURVE('',#3797,(#3802,#3809),.PCURVE_S1.);
#3797 = CIRCLE('',#3798,2.15);
#3798 = AXIS2_PLACEMENT_3D('',#3799,#3800,#3801);
#3799 = CARTESIAN_POINT('',(74.,74.,13.7));
#3800 = DIRECTION('',(0.,-1.224646799147E-16,-1.));
#3801 = DIRECTION('',(1.,0.,0.));
#3802 = PCURVE('',#1347,#3803);
#3803 = DEFINITIONAL_REPRESENTATION('',(#3804),#3808);
#3804 = LINE('',#3805,#3806);
#3805 = CARTESIAN_POINT('',(0.,0.));
#3806 = VECTOR('',#3807,1.);
#3807 = DIRECTION('',(1.,0.));
#3808 = ( GEOMETRIC_REPRESENTATION_CONTEXT(2) 
PARAMETRIC_REPRESENTATION_CONTEXT() REPRESENTATION_CONTEXT('2D SPACE',''
  ) );
#3809 = PCURVE('',#3810,#3815);
#3810 = PLANE('',#3811);
#3811 = AXIS2_PLACEMENT_3D('',#3812,#3813,#3814);
#3812 = CARTESIAN_POINT('',(74.,74.,13.7));
#3813 = DIRECTION('',(0.,-1.224646799147E-16,-1.));
#3814 = DIRECTION('',(1.,0.,0.));
#3815 = DEFINITIONAL_REPRESENTATION('',(#3816),#3820);
#3816 = CIRCLE('',#3817,2.15);
#3817 = AXIS2_PLACEMENT_2D('',#3818,#3819);
#3818 = CARTESIAN_POINT('',(0.,0.));
#3819 = DIRECTION('',(1.,0.));
#3820 = ( GEOMETRIC_REPRESENTATION_CONTEXT(2) 
PARAMETRIC_REPRESENTATION_CONTEXT() REPRESENTATION_CONTEXT('2D SPACE',''
  ) );
#3821 = ORIENTED_EDGE('',*,*,#3772,.T.);
#3822 = ADVANCED_FACE('',(#3823),#1402,.T.);
#3823 = FACE_BOUND('',#3824,.T.);
#3824 = EDGE_LOOP('',(#3825,#3826,#3848,#3868));
#3825 = ORIENTED_EDGE('',*,*,#1386,.F.);
#3826 = ORIENTED_EDGE('',*,*,#3827,.T.);
#3827 = EDGE_CURVE('',#1387,#3039,#3828,.T.);
#3828 = SURFACE_CURVE('',#3829,(#3834,#3841),.PCURVE_S1.);
#3829 = CIRCLE('',#3830,9.);
#3830 = AXIS2_PLACEMENT_3D('',#3831,#3832,#3833);
#3831 = CARTESIAN_POINT('',(76.,-101.,-21.));
#3832 = DIRECTION('',(0.,-0.,-1.));
#3833 = DIRECTION('',(1.,0.,-0.));
#3834 = PCURVE('',#1402,#3835);
#3835 = DEFINITIONAL_REPRESENTATION('',(#3836),#3840);
#3836 = LINE('',#3837,#3838);
#3837 = CARTESIAN_POINT('',(0.,0.));
#3838 = VECTOR('',#3839,1.);
#3839 = DIRECTION('',(1.,0.));
#3840 = ( GEOMETRIC_REPRESENTATION_CONTEXT(2) 
PARAMETRIC_REPRESENTATION_CONTEXT() REPRESENTATION_CONTEXT('2D SPACE',''
  ) );
#3841 = PCURVE('',#1496,#3842);
#3842 = DEFINITIONAL_REPRESENTATION('',(#3843),#3847);
#3843 = LINE('',#3844,#3845);
#3844 = CARTESIAN_POINT('',(3.14159265359,-1.));
#3845 = VECTOR('',#3846,1.);
#3846 = DIRECTION('',(1.,0.));
#3847 = ( GEOMETRIC_REPRESENTATION_CONTEXT(2) 
PARAMETRIC_REPRESENTATION_CONTEXT() REPRESENTATION_CONTEXT('2D SPACE',''
  ) );
#3848 = ORIENTED_EDGE('',*,*,#3849,.T.);
#3849 = EDGE_CURVE('',#3039,#1551,#3850,.T.);
#3850 = SURFACE_CURVE('',#3851,(#3856,#3862),.PCURVE_S1.);
#3851 = CIRCLE('',#3852,1.);
#3852 = AXIS2_PLACEMENT_3D('',#3853,#3854,#3855);
#3853 = CARTESIAN_POINT('',(76.,-109.,-21.));
#3854 = DIRECTION('',(1.,6.123233995737E-17,0.));
#3855 = DIRECTION('',(6.123233995737E-17,-1.,0.));
#3856 = PCURVE('',#1402,#3857);
#3857 = DEFINITIONAL_REPRESENTATION('',(#3858),#3861);
#3858 = B_SPLINE_CURVE_WITH_KNOTS('',1,(#3859,#3860),.UNSPECIFIED.,.F.,
  .F.,(2,2),(0.,1.570796326795),.PIECEWISE_BEZIER_KNOTS.);
#3859 = CARTESIAN_POINT('',(1.570796326795,0.));
#3860 = CARTESIAN_POINT('',(1.570796326795,1.570796326795));
#3861 = ( GEOMETRIC_REPRESENTATION_CONTEXT(2) 
PARAMETRIC_REPRESENTATION_CONTEXT() REPRESENTATION_CONTEXT('2D SPACE',''
  ) );
#3862 = PCURVE('',#1566,#3863);
#3863 = DEFINITIONAL_REPRESENTATION('',(#3864),#3867);
#3864 = B_SPLINE_CURVE_WITH_KNOTS('',1,(#3865,#3866),.UNSPECIFIED.,.F.,
  .F.,(2,2),(0.,1.570796326795),.PIECEWISE_BEZIER_KNOTS.);
#3865 = CARTESIAN_POINT('',(0.,0.));
#3866 = CARTESIAN_POINT('',(-1.570796326795,0.));
#3867 = ( GEOMETRIC_REPRESENTATION_CONTEXT(2) 
PARAMETRIC_REPRESENTATION_CONTEXT() REPRESENTATION_CONTEXT('2D SPACE',''
  ) );
#3868 = ORIENTED_EDGE('',*,*,#1578,.F.);
#3869 = ADVANCED_FACE('',(#3870),#1496,.T.);
#3870 = FACE_BOUND('',#3871,.T.);
#3871 = EDGE_LOOP('',(#3872,#3873,#3895,#3896));
#3872 = ORIENTED_EDGE('',*,*,#1482,.T.);
#3873 = ORIENTED_EDGE('',*,*,#3874,.T.);
#3874 = EDGE_CURVE('',#1460,#3110,#3875,.T.);
#3875 = SURFACE_CURVE('',#3876,(#3881,#3888),.PCURVE_S1.);
#3876 = CIRCLE('',#3877,9.);
#3877 = AXIS2_PLACEMENT_3D('',#3878,#3879,#3880);
#3878 = CARTESIAN_POINT('',(76.,-101.,19.5));
#3879 = DIRECTION('',(0.,-0.,-1.));
#3880 = DIRECTION('',(1.,0.,-0.));
#3881 = PCURVE('',#1496,#3882);
#3882 = DEFINITIONAL_REPRESENTATION('',(#3883),#3887);
#3883 = LINE('',#3884,#3885);
#3884 = CARTESIAN_POINT('',(3.14159265359,-41.5));
#3885 = VECTOR('',#3886,1.);
#3886 = DIRECTION('',(1.,0.));
#3887 = ( GEOMETRIC_REPRESENTATION_CONTEXT(2) 
PARAMETRIC_REPRESENTATION_CONTEXT() REPRESENTATION_CONTEXT('2D SPACE',''
  ) );
#3888 = PCURVE('',#1625,#3889);
#3889 = DEFINITIONAL_REPRESENTATION('',(#3890),#3894);
#3890 = LINE('',#3891,#3892);
#3891 = CARTESIAN_POINT('',(-0.,0.));
#3892 = VECTOR('',#3893,1.);
#3893 = DIRECTION('',(-1.,0.));
#3894 = ( GEOMETRIC_REPRESENTATION_CONTEXT(2) 
PARAMETRIC_REPRESENTATION_CONTEXT() REPRESENTATION_CONTEXT('2D SPACE',''
  ) );
#3895 = ORIENTED_EDGE('',*,*,#3132,.F.);
#3896 = ORIENTED_EDGE('',*,*,#3827,.F.);
#3897 = ADVANCED_FACE('',(#3898),#1566,.T.);
#3898 = FACE_BOUND('',#3899,.F.);
#3899 = EDGE_LOOP('',(#3900,#3901,#3902,#3903));
#3900 = ORIENTED_EDGE('',*,*,#3849,.T.);
#3901 = ORIENTED_EDGE('',*,*,#1550,.T.);
#3902 = ORIENTED_EDGE('',*,*,#2986,.F.);
#3903 = ORIENTED_EDGE('',*,*,#3038,.F.);
#3904 = ADVANCED_FACE('',(#3905),#1625,.T.);
#3905 = FACE_BOUND('',#3906,.F.);
#3906 = EDGE_LOOP('',(#3907,#3908,#3909,#3929));
#3907 = ORIENTED_EDGE('',*,*,#1609,.F.);
#3908 = ORIENTED_EDGE('',*,*,#3874,.T.);
#3909 = ORIENTED_EDGE('',*,*,#3910,.T.);
#3910 = EDGE_CURVE('',#3110,#1793,#3911,.T.);
#3911 = SURFACE_CURVE('',#3912,(#3917,#3923),.PCURVE_S1.);
#3912 = CIRCLE('',#3913,1.);
#3913 = AXIS2_PLACEMENT_3D('',#3914,#3915,#3916);
#3914 = CARTESIAN_POINT('',(76.,-109.,19.5));
#3915 = DIRECTION('',(-1.,-6.123233995737E-17,0.));
#3916 = DIRECTION('',(6.123233995737E-17,-1.,-0.));
#3917 = PCURVE('',#1625,#3918);
#3918 = DEFINITIONAL_REPRESENTATION('',(#3919),#3922);
#3919 = B_SPLINE_CURVE_WITH_KNOTS('',1,(#3920,#3921),.UNSPECIFIED.,.F.,
  .F.,(2,2),(0.,1.570796326795),.PIECEWISE_BEZIER_KNOTS.);
#3920 = CARTESIAN_POINT('',(-1.570796326795,0.));
#3921 = CARTESIAN_POINT('',(-1.570796326795,1.570796326795));
#3922 = ( GEOMETRIC_REPRESENTATION_CONTEXT(2) 
PARAMETRIC_REPRESENTATION_CONTEXT() REPRESENTATION_CONTEXT('2D SPACE',''
  ) );
#3923 = PCURVE('',#1808,#3924);
#3924 = DEFINITIONAL_REPRESENTATION('',(#3925),#3928);
#3925 = B_SPLINE_CURVE_WITH_KNOTS('',1,(#3926,#3927),.UNSPECIFIED.,.F.,
  .F.,(2,2),(0.,1.570796326795),.PIECEWISE_BEZIER_KNOTS.);
#3926 = CARTESIAN_POINT('',(0.,0.));
#3927 = CARTESIAN_POINT('',(1.570796326795,0.));
#3928 = ( GEOMETRIC_REPRESENTATION_CONTEXT(2) 
PARAMETRIC_REPRESENTATION_CONTEXT() REPRESENTATION_CONTEXT('2D SPACE',''
  ) );
#3929 = ORIENTED_EDGE('',*,*,#1820,.F.);
#3930 = ADVANCED_FACE('',(#3931),#1707,.T.);
#3931 = FACE_BOUND('',#3932,.T.);
#3932 = EDGE_LOOP('',(#3933,#3934,#4036,#4037));
#3933 = ORIENTED_EDGE('',*,*,#3062,.F.);
#3934 = ORIENTED_EDGE('',*,*,#3935,.T.);
#3935 = EDGE_CURVE('',#3063,#1692,#3936,.T.);
#3936 = SURFACE_CURVE('',#3937,(#3968,#4002),.PCURVE_S1.);
#3937 = B_SPLINE_CURVE_WITH_KNOTS('',8,(#3938,#3939,#3940,#3941,#3942,
    #3943,#3944,#3945,#3946,#3947,#3948,#3949,#3950,#3951,#3952,#3953,
    #3954,#3955,#3956,#3957,#3958,#3959,#3960,#3961,#3962,#3963,#3964,
    #3965,#3966,#3967),.UNSPECIFIED.,.F.,.F.,(9,7,7,7,9),(0.,
    0.421810849441,0.812686986016,0.906836563875,1.),.UNSPECIFIED.);
#3938 = CARTESIAN_POINT('',(60.167246420653,-110.,19.5));
#3939 = CARTESIAN_POINT('',(60.279868173079,-110.,19.586330284945));
#3940 = CARTESIAN_POINT('',(60.394549539973,-109.9914826064,
    19.669636706951));
#3941 = CARTESIAN_POINT('',(60.510662782238,-109.9754905873,
    19.749461440987));
#3942 = CARTESIAN_POINT('',(60.627688340833,-109.9528677433,
    19.825555342749));
#3943 = CARTESIAN_POINT('',(60.745193960701,-109.9242718939,
    19.897801927118));
#3944 = CARTESIAN_POINT('',(60.862791778911,-109.8901902157,
    19.966150166008));
#3945 = CARTESIAN_POINT('',(60.980051594027,-109.85094808,
    20.030559157008));
#3946 = CARTESIAN_POINT('',(61.204116502611,-109.7657018643,
    20.146926769428));
#3947 = CARTESIAN_POINT('',(61.308214015617,-109.7214866654,
    20.19797508165));
#3948 = CARTESIAN_POINT('',(61.410588649062,-109.6736742476,
    20.245595400611));
#3949 = CARTESIAN_POINT('',(61.512580182641,-109.6213707972,
    20.290584700306));
#3950 = CARTESIAN_POINT('',(61.614244754752,-109.5636275302,
    20.332979837539));
#3951 = CARTESIAN_POINT('',(61.713748044083,-109.499823874,
    20.372012546911));
#3952 = CARTESIAN_POINT('',(61.806969801031,-109.4297873145,
    20.406607951082));
#3953 = CARTESIAN_POINT('',(61.907529291647,-109.3350936067,
    20.442389721501));
#3954 = CARTESIAN_POINT('',(61.926477871206,-109.3162205096,
    20.449049566797));
#3955 = CARTESIAN_POINT('',(61.944775617906,-109.2968277253,
    20.455403847343));
#3956 = CARTESIAN_POINT('',(61.962323297305,-109.2768893631,
    20.4614277237));
#3957 = CARTESIAN_POINT('',(61.979002022964,-109.2563815969,
    20.46709124775));
#3958 = CARTESIAN_POINT('',(61.994673285542,-109.2352827947,
    20.472359374086));
#3959 = CARTESIAN_POINT('',(62.009178981897,-109.2135736463,
    20.477191971402));
#3960 = CARTESIAN_POINT('',(62.035366040164,-109.1691348948,
    20.485850114061));
#3961 = CARTESIAN_POINT('',(62.047151655254,-109.1462893574,
    20.489710596969));
#3962 = CARTESIAN_POINT('',(62.057406230762,-109.1228307221,
    20.493041409051));
#3963 = CARTESIAN_POINT('',(62.065889198281,-109.0988738669,
    20.495777543524));
#3964 = CARTESIAN_POINT('',(62.07241088948,-109.0745215227,
    20.497870440607));
#3965 = CARTESIAN_POINT('',(62.076831945903,-109.0498672896,
    20.499285567775));
#3966 = CARTESIAN_POINT('',(62.07906272877,-109.024998653,20.5));
#3967 = CARTESIAN_POINT('',(62.07906272877,-109.,20.5));
#3968 = PCURVE('',#1707,#3969);
#3969 = DEFINITIONAL_REPRESENTATION('',(#3970),#4001);
#3970 = B_SPLINE_CURVE_WITH_KNOTS('',8,(#3971,#3972,#3973,#3974,#3975,
    #3976,#3977,#3978,#3979,#3980,#3981,#3982,#3983,#3984,#3985,#3986,
    #3987,#3988,#3989,#3990,#3991,#3992,#3993,#3994,#3995,#3996,#3997,
    #3998,#3999,#4000),.UNSPECIFIED.,.F.,.F.,(9,7,7,7,9),(0.,
    0.421810849441,0.812686986016,0.906836563875,1.),.UNSPECIFIED.);
#3971 = CARTESIAN_POINT('',(0.,15.832753579347));
#3972 = CARTESIAN_POINT('',(8.633028494468E-02,15.720131826921));
#3973 = CARTESIAN_POINT('',(0.169636729675,15.605450460027));
#3974 = CARTESIAN_POINT('',(0.250441725768,15.489337217762));
#3975 = CARTESIAN_POINT('',(0.329189156504,15.372311659167));
#3976 = CARTESIAN_POINT('',(0.406308014384,15.254806039299));
#3977 = CARTESIAN_POINT('',(0.482225345342,15.137208221088));
#3978 = CARTESIAN_POINT('',(0.55737460615,15.019948405973));
#3979 = CARTESIAN_POINT('',(0.701625562818,14.795883497389));
#3980 = CARTESIAN_POINT('',(0.76893595931,14.691785984383));
#3981 = CARTESIAN_POINT('',(0.836113728585,14.589411350938));
#3982 = CARTESIAN_POINT('',(0.904720233764,14.487419817359));
#3983 = CARTESIAN_POINT('',(0.975882935767,14.385755245249));
#3984 = CARTESIAN_POINT('',(1.050190086054,14.286251955916));
#3985 = CARTESIAN_POINT('',(1.127934297618,14.193030198969));
#3986 = CARTESIAN_POINT('',(1.229162916991,14.092470708353));
#3987 = CARTESIAN_POINT('',(1.249171713159,14.073522128794));
#3988 = CARTESIAN_POINT('',(1.269570235927,14.055224382094));
#3989 = CARTESIAN_POINT('',(1.29038722437,14.037676702695));
#3990 = CARTESIAN_POINT('',(1.311649962019,14.020997977036));
#3991 = CARTESIAN_POINT('',(1.333384758022,14.005326714458));
#3992 = CARTESIAN_POINT('',(1.355617428309,13.990821018103));
#3993 = CARTESIAN_POINT('',(1.400891770616,13.964633959836));
#3994 = CARTESIAN_POINT('',(1.424053888476,13.952848344746));
#3995 = CARTESIAN_POINT('',(1.447734000594,13.942593769238));
#3996 = CARTESIAN_POINT('',(1.471828374898,13.934110801719));
#3997 = CARTESIAN_POINT('',(1.496251008345,13.92758911052));
#3998 = CARTESIAN_POINT('',(1.520928958263,13.923168054097));
#3999 = CARTESIAN_POINT('',(1.545797673705,13.92093727123));
#4000 = CARTESIAN_POINT('',(1.570796326795,13.92093727123));
#4001 = ( GEOMETRIC_REPRESENTATION_CONTEXT(2) 
PARAMETRIC_REPRESENTATION_CONTEXT() REPRESENTATION_CONTEXT('2D SPACE',''
  ) );
#4002 = PCURVE('',#1734,#4003);
#4003 = DEFINITIONAL_REPRESENTATION('',(#4004),#4035);
#4004 = B_SPLINE_CURVE_WITH_KNOTS('',8,(#4005,#4006,#4007,#4008,#4009,
    #4010,#4011,#4012,#4013,#4014,#4015,#4016,#4017,#4018,#4019,#4020,
    #4021,#4022,#4023,#4024,#4025,#4026,#4027,#4028,#4029,#4030,#4031,
    #4032,#4033,#4034),.UNSPECIFIED.,.F.,.F.,(9,7,7,7,9),(0.,
    0.421810849441,0.812686986016,0.906836563875,1.),.UNSPECIFIED.);
#4005 = CARTESIAN_POINT('',(2.224806020026,36.5));
#4006 = CARTESIAN_POINT('',(2.202281669541,36.5));
#4007 = CARTESIAN_POINT('',(2.179789860639,36.491482606447));
#4008 = CARTESIAN_POINT('',(2.157436482635,36.475490587342));
#4009 = CARTESIAN_POINT('',(2.135293811332,36.452867743362));
#4010 = CARTESIAN_POINT('',(2.113412361223,36.424271893957));
#4011 = CARTESIAN_POINT('',(2.091832909405,36.390190215787));
#4012 = CARTESIAN_POINT('',(2.070602980618,36.350948080018));
#4013 = CARTESIAN_POINT('',(2.03052667884,36.265701864387));
#4014 = CARTESIAN_POINT('',(2.012128293402,36.221486665467));
#4015 = CARTESIAN_POINT('',(1.994212583538,36.173674247651));
#4016 = CARTESIAN_POINT('',(1.97652529368,36.121370797296));
#4017 = CARTESIAN_POINT('',(1.959048993751,36.063627530232));
#4018 = CARTESIAN_POINT('',(1.942087946517,35.999823874058));
#4019 = CARTESIAN_POINT('',(1.926306183402,35.929787314517));
#4020 = CARTESIAN_POINT('',(1.90936398159,35.835093606776));
#4021 = CARTESIAN_POINT('',(1.906175930513,35.816220509675));
#4022 = CARTESIAN_POINT('',(1.903101413066,35.79682772539));
#4023 = CARTESIAN_POINT('',(1.900156551278,35.776889363113));
#4024 = CARTESIAN_POINT('',(1.897360695063,35.756381596977));
#4025 = CARTESIAN_POINT('',(1.894736418793,35.735282794722));
#4026 = CARTESIAN_POINT('',(1.892309517873,35.713573646365));
#4027 = CARTESIAN_POINT('',(1.887931541385,35.66913489484));
#4028 = CARTESIAN_POINT('',(1.88596301351,35.646289357476));
#4029 = CARTESIAN_POINT('',(1.884251598329,35.622830722167));
#4030 = CARTESIAN_POINT('',(1.882836790189,35.598873866961));
#4031 = CARTESIAN_POINT('',(1.881749603501,35.574521522785));
#4032 = CARTESIAN_POINT('',(1.881012775089,35.54986728969));
#4033 = CARTESIAN_POINT('',(1.880640966537,35.52499865309));
#4034 = CARTESIAN_POINT('',(1.880640966537,35.5));
#4035 = ( GEOMETRIC_REPRESENTATION_CONTEXT(2) 
PARAMETRIC_REPRESENTATION_CONTEXT() REPRESENTATION_CONTEXT('2D SPACE',''
  ) );
#4036 = ORIENTED_EDGE('',*,*,#1691,.T.);
#4037 = ORIENTED_EDGE('',*,*,#3012,.F.);
#4038 = ADVANCED_FACE('',(#4039),#1808,.T.);
#4039 = FACE_BOUND('',#4040,.T.);
#4040 = EDGE_LOOP('',(#4041,#4042,#4043,#4044));
#4041 = ORIENTED_EDGE('',*,*,#3109,.F.);
#4042 = ORIENTED_EDGE('',*,*,#3910,.T.);
#4043 = ORIENTED_EDGE('',*,*,#1792,.T.);
#4044 = ORIENTED_EDGE('',*,*,#4045,.F.);
#4045 = EDGE_CURVE('',#3086,#1772,#4046,.T.);
#4046 = SURFACE_CURVE('',#4047,(#4078,#4112),.PCURVE_S1.);
#4047 = B_SPLINE_CURVE_WITH_KNOTS('',8,(#4048,#4049,#4050,#4051,#4052,
    #4053,#4054,#4055,#4056,#4057,#4058,#4059,#4060,#4061,#4062,#4063,
    #4064,#4065,#4066,#4067,#4068,#4069,#4070,#4071,#4072,#4073,#4074,
    #4075,#4076,#4077),.UNSPECIFIED.,.F.,.F.,(9,7,7,7,9),(0.,
    0.421810849407,0.812686985951,0.906836563829,1.),.UNSPECIFIED.);
#4048 = CARTESIAN_POINT('',(67.832753579347,-110.,19.5));
#4049 = CARTESIAN_POINT('',(67.720131826921,-110.,19.586330284945));
#4050 = CARTESIAN_POINT('',(67.605450460027,-109.9914826064,
    19.669636706951));
#4051 = CARTESIAN_POINT('',(67.489337217762,-109.9754905873,
    19.749461440987));
#4052 = CARTESIAN_POINT('',(67.372311659167,-109.9528677433,
    19.825555342749));
#4053 = CARTESIAN_POINT('',(67.254806039299,-109.9242718939,
    19.897801927118));
#4054 = CARTESIAN_POINT('',(67.137208221088,-109.8901902157,
    19.966150166008));
#4055 = CARTESIAN_POINT('',(67.019948405974,-109.85094808,
    20.030559157008));
#4056 = CARTESIAN_POINT('',(66.795883497389,-109.7657018643,
    20.146926769428));
#4057 = CARTESIAN_POINT('',(66.691785984383,-109.7214866654,
    20.197975081651));
#4058 = CARTESIAN_POINT('',(66.589411350939,-109.6736742476,
    20.24559540061));
#4059 = CARTESIAN_POINT('',(66.487419817357,-109.6213707972,
    20.290584700307));
#4060 = CARTESIAN_POINT('',(66.38575524525,-109.5636275302,
    20.332979837538));
#4061 = CARTESIAN_POINT('',(66.286251955916,-109.499823874,
    20.372012546911));
#4062 = CARTESIAN_POINT('',(66.193030198969,-109.4297873145,
    20.406607951082));
#4063 = CARTESIAN_POINT('',(66.092470708348,-109.3350936067,
    20.442389721503));
#4064 = CARTESIAN_POINT('',(66.073522128793,-109.3162205096,
    20.449049566798));
#4065 = CARTESIAN_POINT('',(66.055224382097,-109.2968277253,
    20.455403847342));
#4066 = CARTESIAN_POINT('',(66.037676702699,-109.2768893631,
    20.461427723698));
#4067 = CARTESIAN_POINT('',(66.020997977038,-109.2563815969,
    20.467091247749));
#4068 = CARTESIAN_POINT('',(66.005326714456,-109.2352827947,
    20.472359374087));
#4069 = CARTESIAN_POINT('',(65.9908210181,-109.2135736463,
    20.477191971404));
#4070 = CARTESIAN_POINT('',(65.964633959836,-109.1691348948,
    20.485850114061));
#4071 = CARTESIAN_POINT('',(65.952848344746,-109.1462893574,
    20.489710596969));
#4072 = CARTESIAN_POINT('',(65.942593769238,-109.1228307221,
    20.493041409051));
#4073 = CARTESIAN_POINT('',(65.934110801719,-109.0988738669,
    20.495777543524));
#4074 = CARTESIAN_POINT('',(65.92758911052,-109.0745215227,
    20.497870440607));
#4075 = CARTESIAN_POINT('',(65.923168054097,-109.0498672896,
    20.499285567775));
#4076 = CARTESIAN_POINT('',(65.92093727123,-109.024998653,20.5));
#4077 = CARTESIAN_POINT('',(65.92093727123,-109.,20.5));
#4078 = PCURVE('',#1808,#4079);
#4079 = DEFINITIONAL_REPRESENTATION('',(#4080),#4111);
#4080 = B_SPLINE_CURVE_WITH_KNOTS('',8,(#4081,#4082,#4083,#4084,#4085,
    #4086,#4087,#4088,#4089,#4090,#4091,#4092,#4093,#4094,#4095,#4096,
    #4097,#4098,#4099,#4100,#4101,#4102,#4103,#4104,#4105,#4106,#4107,
    #4108,#4109,#4110),.UNSPECIFIED.,.F.,.F.,(9,7,7,7,9),(0.,
    0.421810849407,0.812686985951,0.906836563829,1.),.UNSPECIFIED.);
#4081 = CARTESIAN_POINT('',(0.,8.167246420653));
#4082 = CARTESIAN_POINT('',(8.633028494472E-02,8.279868173079));
#4083 = CARTESIAN_POINT('',(0.169636729675,8.394549539973));
#4084 = CARTESIAN_POINT('',(0.250441725768,8.510662782238));
#4085 = CARTESIAN_POINT('',(0.329189156504,8.627688340833));
#4086 = CARTESIAN_POINT('',(0.406308014384,8.745193960701));
#4087 = CARTESIAN_POINT('',(0.482225345342,8.862791778912));
#4088 = CARTESIAN_POINT('',(0.557374606149,8.980051594026));
#4089 = CARTESIAN_POINT('',(0.701625562818,9.204116502611));
#4090 = CARTESIAN_POINT('',(0.76893595931,9.308214015617));
#4091 = CARTESIAN_POINT('',(0.836113728583,9.410588649061));
#4092 = CARTESIAN_POINT('',(0.904720233767,9.512580182642));
#4093 = CARTESIAN_POINT('',(0.975882935765,9.614244754751));
#4094 = CARTESIAN_POINT('',(1.050190086054,9.713748044084));
#4095 = CARTESIAN_POINT('',(1.127934297618,9.806969801031));
#4096 = CARTESIAN_POINT('',(1.229162916997,9.907529291652));
#4097 = CARTESIAN_POINT('',(1.249171713162,9.926477871207));
#4098 = CARTESIAN_POINT('',(1.269570235923,9.944775617903));
#4099 = CARTESIAN_POINT('',(1.290387224364,9.962323297301));
#4100 = CARTESIAN_POINT('',(1.311649962016,9.979002022962));
#4101 = CARTESIAN_POINT('',(1.333384758024,9.994673285544));
#4102 = CARTESIAN_POINT('',(1.355617428316,10.0091789819));
#4103 = CARTESIAN_POINT('',(1.400891770616,10.035366040164));
#4104 = CARTESIAN_POINT('',(1.424053888476,10.047151655254));
#4105 = CARTESIAN_POINT('',(1.447734000594,10.057406230763));
#4106 = CARTESIAN_POINT('',(1.471828374898,10.065889198281));
#4107 = CARTESIAN_POINT('',(1.496251008345,10.07241088948));
#4108 = CARTESIAN_POINT('',(1.520928958263,10.076831945903));
#4109 = CARTESIAN_POINT('',(1.545797673705,10.07906272877));
#4110 = CARTESIAN_POINT('',(1.570796326795,10.07906272877));
#4111 = ( GEOMETRIC_REPRESENTATION_CONTEXT(2) 
PARAMETRIC_REPRESENTATION_CONTEXT() REPRESENTATION_CONTEXT('2D SPACE',''
  ) );
#4112 = PCURVE('',#1734,#4113);
#4113 = DEFINITIONAL_REPRESENTATION('',(#4114),#4145);
#4114 = B_SPLINE_CURVE_WITH_KNOTS('',8,(#4115,#4116,#4117,#4118,#4119,
    #4120,#4121,#4122,#4123,#4124,#4125,#4126,#4127,#4128,#4129,#4130,
    #4131,#4132,#4133,#4134,#4135,#4136,#4137,#4138,#4139,#4140,#4141,
    #4142,#4143,#4144),.UNSPECIFIED.,.F.,.F.,(9,7,7,7,9),(0.,
    0.421810849407,0.812686985951,0.906836563829,1.),.UNSPECIFIED.);
#4115 = CARTESIAN_POINT('',(7.199971940743,36.5));
#4116 = CARTESIAN_POINT('',(7.222496291228,36.5));
#4117 = CARTESIAN_POINT('',(7.24498810013,36.491482606447));
#4118 = CARTESIAN_POINT('',(7.267341478134,36.475490587342));
#4119 = CARTESIAN_POINT('',(7.289484149437,36.452867743362));
#4120 = CARTESIAN_POINT('',(7.311365599546,36.424271893957));
#4121 = CARTESIAN_POINT('',(7.332945051364,36.390190215787));
#4122 = CARTESIAN_POINT('',(7.354174980151,36.350948080018));
#4123 = CARTESIAN_POINT('',(7.394251281929,36.265701864387));
#4124 = CARTESIAN_POINT('',(7.412649667368,36.221486665468));
#4125 = CARTESIAN_POINT('',(7.430565377231,36.173674247651));
#4126 = CARTESIAN_POINT('',(7.44825266709,36.121370797297));
#4127 = CARTESIAN_POINT('',(7.465728967018,36.063627530231));
#4128 = CARTESIAN_POINT('',(7.482690014253,35.999823874058));
#4129 = CARTESIAN_POINT('',(7.498471777367,35.929787314517));
#4130 = CARTESIAN_POINT('',(7.51541397918,35.83509360677));
#4131 = CARTESIAN_POINT('',(7.518602030256,35.816220509672));
#4132 = CARTESIAN_POINT('',(7.521676547703,35.796827725393));
#4133 = CARTESIAN_POINT('',(7.52462140949,35.776889363119));
#4134 = CARTESIAN_POINT('',(7.527417265706,35.75638159698));
#4135 = CARTESIAN_POINT('',(7.530041541977,35.73528279472));
#4136 = CARTESIAN_POINT('',(7.532468442897,35.713573646358));
#4137 = CARTESIAN_POINT('',(7.536846419384,35.66913489484));
#4138 = CARTESIAN_POINT('',(7.538814947259,35.646289357476));
#4139 = CARTESIAN_POINT('',(7.54052636244,35.622830722167));
#4140 = CARTESIAN_POINT('',(7.54194117058,35.598873866961));
#4141 = CARTESIAN_POINT('',(7.543028357268,35.574521522785));
#4142 = CARTESIAN_POINT('',(7.54376518568,35.54986728969));
#4143 = CARTESIAN_POINT('',(7.544136994233,35.52499865309));
#4144 = CARTESIAN_POINT('',(7.544136994233,35.5));
#4145 = ( GEOMETRIC_REPRESENTATION_CONTEXT(2) 
PARAMETRIC_REPRESENTATION_CONTEXT() REPRESENTATION_CONTEXT('2D SPACE',''
  ) );
#4146 = ADVANCED_FACE('',(#4147),#1734,.F.);
#4147 = FACE_BOUND('',#4148,.F.);
#4148 = EDGE_LOOP('',(#4149,#4150,#4151,#4152,#4178,#4179));
#4149 = ORIENTED_EDGE('',*,*,#3085,.T.);
#4150 = ORIENTED_EDGE('',*,*,#3935,.T.);
#4151 = ORIENTED_EDGE('',*,*,#1719,.F.);
#4152 = ORIENTED_EDGE('',*,*,#4153,.F.);
#4153 = EDGE_CURVE('',#1746,#1720,#4154,.T.);
#4154 = SURFACE_CURVE('',#4155,(#4160,#4167),.PCURVE_S1.);
#4155 = CIRCLE('',#4156,6.3);
#4156 = AXIS2_PLACEMENT_3D('',#4157,#4158,#4159);
#4157 = CARTESIAN_POINT('',(64.,-73.5,14.5));
#4158 = DIRECTION('',(0.,1.,0.));
#4159 = DIRECTION('',(0.304910677973,-0.,0.952380952381));
#4160 = PCURVE('',#1734,#4161);
#4161 = DEFINITIONAL_REPRESENTATION('',(#4162),#4166);
#4162 = LINE('',#4163,#4164);
#4163 = CARTESIAN_POINT('',(7.544136994233,0.));
#4164 = VECTOR('',#4165,1.);
#4165 = DIRECTION('',(-1.,-0.));
#4166 = ( GEOMETRIC_REPRESENTATION_CONTEXT(2) 
PARAMETRIC_REPRESENTATION_CONTEXT() REPRESENTATION_CONTEXT('2D SPACE',''
  ) );
#4167 = PCURVE('',#1760,#4168);
#4168 = DEFINITIONAL_REPRESENTATION('',(#4169),#4177);
#4169 = ( BOUNDED_CURVE() B_SPLINE_CURVE(2,(#4170,#4171,#4172,#4173,
#4174,#4175,#4176),.UNSPECIFIED.,.T.,.F.) B_SPLINE_CURVE_WITH_KNOTS((1,2
    ,2,2,2,1),(-2.094395102393,0.,2.094395102393,4.188790204786,
6.28318530718,8.377580409573),.UNSPECIFIED.) CURVE() 
GEOMETRIC_REPRESENTATION_ITEM() RATIONAL_B_SPLINE_CURVE((1.,0.5,1.,0.5,
1.,0.5,1.)) REPRESENTATION_ITEM('') );
#4170 = CARTESIAN_POINT('',(1.92093727123,6.));
#4171 = CARTESIAN_POINT('',(12.313242116643,2.672839048077));
#4172 = CARTESIAN_POINT('',(4.235683787092,-4.663580475961));
#4173 = CARTESIAN_POINT('',(-3.84187454246,-12.));
#4174 = CARTESIAN_POINT('',(-6.156621058322,-1.336419524039));
#4175 = CARTESIAN_POINT('',(-8.471367574183,9.327160951923));
#4176 = CARTESIAN_POINT('',(1.92093727123,6.));
#4177 = ( GEOMETRIC_REPRESENTATION_CONTEXT(2) 
PARAMETRIC_REPRESENTATION_CONTEXT() REPRESENTATION_CONTEXT('2D SPACE',''
  ) );
#4178 = ORIENTED_EDGE('',*,*,#1771,.T.);
#4179 = ORIENTED_EDGE('',*,*,#4045,.F.);
#4180 = ADVANCED_FACE('',(#4181,#4185),#1760,.T.);
#4181 = FACE_BOUND('',#4182,.T.);
#4182 = EDGE_LOOP('',(#4183,#4184));
#4183 = ORIENTED_EDGE('',*,*,#1745,.F.);
#4184 = ORIENTED_EDGE('',*,*,#4153,.F.);
#4185 = FACE_BOUND('',#4186,.T.);
#4186 = EDGE_LOOP('',(#4187));
#4187 = ORIENTED_EDGE('',*,*,#4188,.F.);
#4188 = EDGE_CURVE('',#4189,#4189,#4191,.T.);
#4189 = VERTEX_POINT('',#4190);
#4190 = CARTESIAN_POINT('',(67.4,-73.5,14.5));
#4191 = SURFACE_CURVE('',#4192,(#4197,#4204),.PCURVE_S1.);
#4192 = CIRCLE('',#4193,3.4);
#4193 = AXIS2_PLACEMENT_3D('',#4194,#4195,#4196);
#4194 = CARTESIAN_POINT('',(64.,-73.5,14.5));
#4195 = DIRECTION('',(0.,-1.,2.22044604925E-16));
#4196 = DIRECTION('',(1.,0.,0.));
#4197 = PCURVE('',#1760,#4198);
#4198 = DEFINITIONAL_REPRESENTATION('',(#4199),#4203);
#4199 = CIRCLE('',#4200,3.4);
#4200 = AXIS2_PLACEMENT_2D('',#4201,#4202);
#4201 = CARTESIAN_POINT('',(0.,7.105427357601E-15));
#4202 = DIRECTION('',(1.,0.));
#4203 = ( GEOMETRIC_REPRESENTATION_CONTEXT(2) 
PARAMETRIC_REPRESENTATION_CONTEXT() REPRESENTATION_CONTEXT('2D SPACE',''
  ) );
#4204 = PCURVE('',#4205,#4210);
#4205 = CYLINDRICAL_SURFACE('',#4206,3.4);
#4206 = AXIS2_PLACEMENT_3D('',#4207,#4208,#4209);
#4207 = CARTESIAN_POINT('',(64.,-35.3,14.5));
#4208 = DIRECTION('',(0.,-1.,2.22044604925E-16));
#4209 = DIRECTION('',(1.,0.,0.));
#4210 = DEFINITIONAL_REPRESENTATION('',(#4211),#4215);
#4211 = LINE('',#4212,#4213);
#4212 = CARTESIAN_POINT('',(0.,38.2));
#4213 = VECTOR('',#4214,1.);
#4214 = DIRECTION('',(1.,0.));
#4215 = ( GEOMETRIC_REPRESENTATION_CONTEXT(2) 
PARAMETRIC_REPRESENTATION_CONTEXT() REPRESENTATION_CONTEXT('2D SPACE',''
  ) );
#4216 = ADVANCED_FACE('',(#4217),#1866,.F.);
#4217 = FACE_BOUND('',#4218,.F.);
#4218 = EDGE_LOOP('',(#4219,#4220,#4243,#4270));
#4219 = ORIENTED_EDGE('',*,*,#1849,.F.);
#4220 = ORIENTED_EDGE('',*,*,#4221,.F.);
#4221 = EDGE_CURVE('',#4222,#1850,#4224,.T.);
#4222 = VERTEX_POINT('',#4223);
#4223 = CARTESIAN_POINT('',(-79.2,-67.,14.5));
#4224 = SEAM_CURVE('',#4225,(#4229,#4236),.PCURVE_S1.);
#4225 = LINE('',#4226,#4227);
#4226 = CARTESIAN_POINT('',(-79.2,-67.,14.5));
#4227 = VECTOR('',#4228,1.);
#4228 = DIRECTION('',(0.,0.,1.));
#4229 = PCURVE('',#1866,#4230);
#4230 = DEFINITIONAL_REPRESENTATION('',(#4231),#4235);
#4231 = LINE('',#4232,#4233);
#4232 = CARTESIAN_POINT('',(6.28318530718,-0.));
#4233 = VECTOR('',#4234,1.);
#4234 = DIRECTION('',(0.,1.));
#4235 = ( GEOMETRIC_REPRESENTATION_CONTEXT(2) 
PARAMETRIC_REPRESENTATION_CONTEXT() REPRESENTATION_CONTEXT('2D SPACE',''
  ) );
#4236 = PCURVE('',#1866,#4237);
#4237 = DEFINITIONAL_REPRESENTATION('',(#4238),#4242);
#4238 = LINE('',#4239,#4240);
#4239 = CARTESIAN_POINT('',(0.,-0.));
#4240 = VECTOR('',#4241,1.);
#4241 = DIRECTION('',(0.,1.));
#4242 = ( GEOMETRIC_REPRESENTATION_CONTEXT(2) 
PARAMETRIC_REPRESENTATION_CONTEXT() REPRESENTATION_CONTEXT('2D SPACE',''
  ) );
#4243 = ORIENTED_EDGE('',*,*,#4244,.T.);
#4244 = EDGE_CURVE('',#4222,#4222,#4245,.T.);
#4245 = SURFACE_CURVE('',#4246,(#4251,#4258),.PCURVE_S1.);
#4246 = CIRCLE('',#4247,2.05);
#4247 = AXIS2_PLACEMENT_3D('',#4248,#4249,#4250);
#4248 = CARTESIAN_POINT('',(-81.25,-67.,14.5));
#4249 = DIRECTION('',(0.,0.,1.));
#4250 = DIRECTION('',(1.,0.,0.));
#4251 = PCURVE('',#1866,#4252);
#4252 = DEFINITIONAL_REPRESENTATION('',(#4253),#4257);
#4253 = LINE('',#4254,#4255);
#4254 = CARTESIAN_POINT('',(0.,0.));
#4255 = VECTOR('',#4256,1.);
#4256 = DIRECTION('',(1.,0.));
#4257 = ( GEOMETRIC_REPRESENTATION_CONTEXT(2) 
PARAMETRIC_REPRESENTATION_CONTEXT() REPRESENTATION_CONTEXT('2D SPACE',''
  ) );
#4258 = PCURVE('',#4259,#4264);
#4259 = PLANE('',#4260);
#4260 = AXIS2_PLACEMENT_3D('',#4261,#4262,#4263);
#4261 = CARTESIAN_POINT('',(-81.25,-67.,14.5));
#4262 = DIRECTION('',(0.,0.,1.));
#4263 = DIRECTION('',(1.,0.,0.));
#4264 = DEFINITIONAL_REPRESENTATION('',(#4265),#4269);
#4265 = CIRCLE('',#4266,2.05);
#4266 = AXIS2_PLACEMENT_2D('',#4267,#4268);
#4267 = CARTESIAN_POINT('',(0.,0.));
#4268 = DIRECTION('',(1.,0.));
#4269 = ( GEOMETRIC_REPRESENTATION_CONTEXT(2) 
PARAMETRIC_REPRESENTATION_CONTEXT() REPRESENTATION_CONTEXT('2D SPACE',''
  ) );
#4270 = ORIENTED_EDGE('',*,*,#4221,.T.);
#4271 = ADVANCED_FACE('',(#4272),#1897,.F.);
#4272 = FACE_BOUND('',#4273,.F.);
#4273 = EDGE_LOOP('',(#4274,#4275,#4298,#4320));
#4274 = ORIENTED_EDGE('',*,*,#1880,.F.);
#4275 = ORIENTED_EDGE('',*,*,#4276,.F.);
#4276 = EDGE_CURVE('',#4277,#1881,#4279,.T.);
#4277 = VERTEX_POINT('',#4278);
#4278 = CARTESIAN_POINT('',(-55.53422791987,-57.13422791987,14.2));
#4279 = SEAM_CURVE('',#4280,(#4284,#4291),.PCURVE_S1.);
#4280 = LINE('',#4281,#4282);
#4281 = CARTESIAN_POINT('',(-55.53422791987,-57.13422791987,14.2));
#4282 = VECTOR('',#4283,1.);
#4283 = DIRECTION('',(0.,0.,1.));
#4284 = PCURVE('',#1897,#4285);
#4285 = DEFINITIONAL_REPRESENTATION('',(#4286),#4290);
#4286 = LINE('',#4287,#4288);
#4287 = CARTESIAN_POINT('',(6.28318530718,-0.));
#4288 = VECTOR('',#4289,1.);
#4289 = DIRECTION('',(0.,1.));
#4290 = ( GEOMETRIC_REPRESENTATION_CONTEXT(2) 
PARAMETRIC_REPRESENTATION_CONTEXT() REPRESENTATION_CONTEXT('2D SPACE',''
  ) );
#4291 = PCURVE('',#1897,#4292);
#4292 = DEFINITIONAL_REPRESENTATION('',(#4293),#4297);
#4293 = LINE('',#4294,#4295);
#4294 = CARTESIAN_POINT('',(0.,-0.));
#4295 = VECTOR('',#4296,1.);
#4296 = DIRECTION('',(0.,1.));
#4297 = ( GEOMETRIC_REPRESENTATION_CONTEXT(2) 
PARAMETRIC_REPRESENTATION_CONTEXT() REPRESENTATION_CONTEXT('2D SPACE',''
  ) );
#4298 = ORIENTED_EDGE('',*,*,#4299,.T.);
#4299 = EDGE_CURVE('',#4277,#4277,#4300,.T.);
#4300 = SURFACE_CURVE('',#4301,(#4306,#4313),.PCURVE_S1.);
#4301 = CIRCLE('',#4302,1.6);
#4302 = AXIS2_PLACEMENT_3D('',#4303,#4304,#4305);
#4303 = CARTESIAN_POINT('',(-57.13422791987,-57.13422791987,14.2));
#4304 = DIRECTION('',(0.,0.,1.));
#4305 = DIRECTION('',(1.,0.,-0.));
#4306 = PCURVE('',#1897,#4307);
#4307 = DEFINITIONAL_REPRESENTATION('',(#4308),#4312);
#4308 = LINE('',#4309,#4310);
#4309 = CARTESIAN_POINT('',(0.,0.));
#4310 = VECTOR('',#4311,1.);
#4311 = DIRECTION('',(1.,0.));
#4312 = ( GEOMETRIC_REPRESENTATION_CONTEXT(2) 
PARAMETRIC_REPRESENTATION_CONTEXT() REPRESENTATION_CONTEXT('2D SPACE',''
  ) );
#4313 = PCURVE('',#3338,#4314);
#4314 = DEFINITIONAL_REPRESENTATION('',(#4315),#4319);
#4315 = CIRCLE('',#4316,1.6);
#4316 = AXIS2_PLACEMENT_2D('',#4317,#4318);
#4317 = CARTESIAN_POINT('',(0.,0.));
#4318 = DIRECTION('',(1.,0.));
#4319 = ( GEOMETRIC_REPRESENTATION_CONTEXT(2) 
PARAMETRIC_REPRESENTATION_CONTEXT() REPRESENTATION_CONTEXT('2D SPACE',''
  ) );
#4320 = ORIENTED_EDGE('',*,*,#4276,.T.);
#4321 = ADVANCED_FACE('',(#4322),#1928,.F.);
#4322 = FACE_BOUND('',#4323,.F.);
#4323 = EDGE_LOOP('',(#4324,#4325,#4348,#4375));
#4324 = ORIENTED_EDGE('',*,*,#1911,.F.);
#4325 = ORIENTED_EDGE('',*,*,#4326,.F.);
#4326 = EDGE_CURVE('',#4327,#1912,#4329,.T.);
#4327 = VERTEX_POINT('',#4328);
#4328 = CARTESIAN_POINT('',(-79.2,-45.,14.5));
#4329 = SEAM_CURVE('',#4330,(#4334,#4341),.PCURVE_S1.);
#4330 = LINE('',#4331,#4332);
#4331 = CARTESIAN_POINT('',(-79.2,-45.,14.5));
#4332 = VECTOR('',#4333,1.);
#4333 = DIRECTION('',(0.,0.,1.));
#4334 = PCURVE('',#1928,#4335);
#4335 = DEFINITIONAL_REPRESENTATION('',(#4336),#4340);
#4336 = LINE('',#4337,#4338);
#4337 = CARTESIAN_POINT('',(6.28318530718,-0.));
#4338 = VECTOR('',#4339,1.);
#4339 = DIRECTION('',(0.,1.));
#4340 = ( GEOMETRIC_REPRESENTATION_CONTEXT(2) 
PARAMETRIC_REPRESENTATION_CONTEXT() REPRESENTATION_CONTEXT('2D SPACE',''
  ) );
#4341 = PCURVE('',#1928,#4342);
#4342 = DEFINITIONAL_REPRESENTATION('',(#4343),#4347);
#4343 = LINE('',#4344,#4345);
#4344 = CARTESIAN_POINT('',(0.,-0.));
#4345 = VECTOR('',#4346,1.);
#4346 = DIRECTION('',(0.,1.));
#4347 = ( GEOMETRIC_REPRESENTATION_CONTEXT(2) 
PARAMETRIC_REPRESENTATION_CONTEXT() REPRESENTATION_CONTEXT('2D SPACE',''
  ) );
#4348 = ORIENTED_EDGE('',*,*,#4349,.T.);
#4349 = EDGE_CURVE('',#4327,#4327,#4350,.T.);
#4350 = SURFACE_CURVE('',#4351,(#4356,#4363),.PCURVE_S1.);
#4351 = CIRCLE('',#4352,2.05);
#4352 = AXIS2_PLACEMENT_3D('',#4353,#4354,#4355);
#4353 = CARTESIAN_POINT('',(-81.25,-45.,14.5));
#4354 = DIRECTION('',(0.,0.,1.));
#4355 = DIRECTION('',(1.,0.,0.));
#4356 = PCURVE('',#1928,#4357);
#4357 = DEFINITIONAL_REPRESENTATION('',(#4358),#4362);
#4358 = LINE('',#4359,#4360);
#4359 = CARTESIAN_POINT('',(0.,0.));
#4360 = VECTOR('',#4361,1.);
#4361 = DIRECTION('',(1.,0.));
#4362 = ( GEOMETRIC_REPRESENTATION_CONTEXT(2) 
PARAMETRIC_REPRESENTATION_CONTEXT() REPRESENTATION_CONTEXT('2D SPACE',''
  ) );
#4363 = PCURVE('',#4364,#4369);
#4364 = PLANE('',#4365);
#4365 = AXIS2_PLACEMENT_3D('',#4366,#4367,#4368);
#4366 = CARTESIAN_POINT('',(-81.25,-45.,14.5));
#4367 = DIRECTION('',(0.,0.,1.));
#4368 = DIRECTION('',(1.,0.,0.));
#4369 = DEFINITIONAL_REPRESENTATION('',(#4370),#4374);
#4370 = CIRCLE('',#4371,2.05);
#4371 = AXIS2_PLACEMENT_2D('',#4372,#4373);
#4372 = CARTESIAN_POINT('',(0.,0.));
#4373 = DIRECTION('',(1.,0.));
#4374 = ( GEOMETRIC_REPRESENTATION_CONTEXT(2) 
PARAMETRIC_REPRESENTATION_CONTEXT() REPRESENTATION_CONTEXT('2D SPACE',''
  ) );
#4375 = ORIENTED_EDGE('',*,*,#4326,.T.);
#4376 = ADVANCED_FACE('',(#4377),#1959,.F.);
#4377 = FACE_BOUND('',#4378,.F.);
#4378 = EDGE_LOOP('',(#4379,#4380,#4403,#4430));
#4379 = ORIENTED_EDGE('',*,*,#1942,.F.);
#4380 = ORIENTED_EDGE('',*,*,#4381,.F.);
#4381 = EDGE_CURVE('',#4382,#1943,#4384,.T.);
#4382 = VERTEX_POINT('',#4383);
#4383 = CARTESIAN_POINT('',(-79.2,-23.,14.5));
#4384 = SEAM_CURVE('',#4385,(#4389,#4396),.PCURVE_S1.);
#4385 = LINE('',#4386,#4387);
#4386 = CARTESIAN_POINT('',(-79.2,-23.,14.5));
#4387 = VECTOR('',#4388,1.);
#4388 = DIRECTION('',(0.,0.,1.));
#4389 = PCURVE('',#1959,#4390);
#4390 = DEFINITIONAL_REPRESENTATION('',(#4391),#4395);
#4391 = LINE('',#4392,#4393);
#4392 = CARTESIAN_POINT('',(6.28318530718,-0.));
#4393 = VECTOR('',#4394,1.);
#4394 = DIRECTION('',(0.,1.));
#4395 = ( GEOMETRIC_REPRESENTATION_CONTEXT(2) 
PARAMETRIC_REPRESENTATION_CONTEXT() REPRESENTATION_CONTEXT('2D SPACE',''
  ) );
#4396 = PCURVE('',#1959,#4397);
#4397 = DEFINITIONAL_REPRESENTATION('',(#4398),#4402);
#4398 = LINE('',#4399,#4400);
#4399 = CARTESIAN_POINT('',(0.,-0.));
#4400 = VECTOR('',#4401,1.);
#4401 = DIRECTION('',(0.,1.));
#4402 = ( GEOMETRIC_REPRESENTATION_CONTEXT(2) 
PARAMETRIC_REPRESENTATION_CONTEXT() REPRESENTATION_CONTEXT('2D SPACE',''
  ) );
#4403 = ORIENTED_EDGE('',*,*,#4404,.T.);
#4404 = EDGE_CURVE('',#4382,#4382,#4405,.T.);
#4405 = SURFACE_CURVE('',#4406,(#4411,#4418),.PCURVE_S1.);
#4406 = CIRCLE('',#4407,2.05);
#4407 = AXIS2_PLACEMENT_3D('',#4408,#4409,#4410);
#4408 = CARTESIAN_POINT('',(-81.25,-23.,14.5));
#4409 = DIRECTION('',(0.,0.,1.));
#4410 = DIRECTION('',(1.,0.,0.));
#4411 = PCURVE('',#1959,#4412);
#4412 = DEFINITIONAL_REPRESENTATION('',(#4413),#4417);
#4413 = LINE('',#4414,#4415);
#4414 = CARTESIAN_POINT('',(0.,0.));
#4415 = VECTOR('',#4416,1.);
#4416 = DIRECTION('',(1.,0.));
#4417 = ( GEOMETRIC_REPRESENTATION_CONTEXT(2) 
PARAMETRIC_REPRESENTATION_CONTEXT() REPRESENTATION_CONTEXT('2D SPACE',''
  ) );
#4418 = PCURVE('',#4419,#4424);
#4419 = PLANE('',#4420);
#4420 = AXIS2_PLACEMENT_3D('',#4421,#4422,#4423);
#4421 = CARTESIAN_POINT('',(-81.25,-23.,14.5));
#4422 = DIRECTION('',(0.,0.,1.));
#4423 = DIRECTION('',(1.,0.,0.));
#4424 = DEFINITIONAL_REPRESENTATION('',(#4425),#4429);
#4425 = CIRCLE('',#4426,2.05);
#4426 = AXIS2_PLACEMENT_2D('',#4427,#4428);
#4427 = CARTESIAN_POINT('',(0.,0.));
#4428 = DIRECTION('',(1.,0.));
#4429 = ( GEOMETRIC_REPRESENTATION_CONTEXT(2) 
PARAMETRIC_REPRESENTATION_CONTEXT() REPRESENTATION_CONTEXT('2D SPACE',''
  ) );
#4430 = ORIENTED_EDGE('',*,*,#4381,.T.);
#4431 = ADVANCED_FACE('',(#4432),#1990,.F.);
#4432 = FACE_BOUND('',#4433,.F.);
#4433 = EDGE_LOOP('',(#4434,#4435,#4458,#4480));
#4434 = ORIENTED_EDGE('',*,*,#1973,.F.);
#4435 = ORIENTED_EDGE('',*,*,#4436,.F.);
#4436 = EDGE_CURVE('',#4437,#1974,#4439,.T.);
#4437 = VERTEX_POINT('',#4438);
#4438 = CARTESIAN_POINT('',(-60.9,-10.,8.59));
#4439 = SEAM_CURVE('',#4440,(#4444,#4451),.PCURVE_S1.);
#4440 = LINE('',#4441,#4442);
#4441 = CARTESIAN_POINT('',(-60.9,-10.,6.2));
#4442 = VECTOR('',#4443,1.);
#4443 = DIRECTION('',(0.,0.,1.));
#4444 = PCURVE('',#1990,#4445);
#4445 = DEFINITIONAL_REPRESENTATION('',(#4446),#4450);
#4446 = LINE('',#4447,#4448);
#4447 = CARTESIAN_POINT('',(6.28318530718,-0.));
#4448 = VECTOR('',#4449,1.);
#4449 = DIRECTION('',(0.,1.));
#4450 = ( GEOMETRIC_REPRESENTATION_CONTEXT(2) 
PARAMETRIC_REPRESENTATION_CONTEXT() REPRESENTATION_CONTEXT('2D SPACE',''
  ) );
#4451 = PCURVE('',#1990,#4452);
#4452 = DEFINITIONAL_REPRESENTATION('',(#4453),#4457);
#4453 = LINE('',#4454,#4455);
#4454 = CARTESIAN_POINT('',(0.,-0.));
#4455 = VECTOR('',#4456,1.);
#4456 = DIRECTION('',(0.,1.));
#4457 = ( GEOMETRIC_REPRESENTATION_CONTEXT(2) 
PARAMETRIC_REPRESENTATION_CONTEXT() REPRESENTATION_CONTEXT('2D SPACE',''
  ) );
#4458 = ORIENTED_EDGE('',*,*,#4459,.T.);
#4459 = EDGE_CURVE('',#4437,#4437,#4460,.T.);
#4460 = SURFACE_CURVE('',#4461,(#4466,#4473),.PCURVE_S1.);
#4461 = CIRCLE('',#4462,2.1);
#4462 = AXIS2_PLACEMENT_3D('',#4463,#4464,#4465);
#4463 = CARTESIAN_POINT('',(-63.,-10.,8.59));
#4464 = DIRECTION('',(0.,0.,1.));
#4465 = DIRECTION('',(1.,0.,-0.));
#4466 = PCURVE('',#1990,#4467);
#4467 = DEFINITIONAL_REPRESENTATION('',(#4468),#4472);
#4468 = LINE('',#4469,#4470);
#4469 = CARTESIAN_POINT('',(0.,2.39));
#4470 = VECTOR('',#4471,1.);
#4471 = DIRECTION('',(1.,0.));
#4472 = ( GEOMETRIC_REPRESENTATION_CONTEXT(2) 
PARAMETRIC_REPRESENTATION_CONTEXT() REPRESENTATION_CONTEXT('2D SPACE',''
  ) );
#4473 = PCURVE('',#3554,#4474);
#4474 = DEFINITIONAL_REPRESENTATION('',(#4475),#4479);
#4475 = CIRCLE('',#4476,2.1);
#4476 = AXIS2_PLACEMENT_2D('',#4477,#4478);
#4477 = CARTESIAN_POINT('',(-63.,-10.));
#4478 = DIRECTION('',(1.,0.));
#4479 = ( GEOMETRIC_REPRESENTATION_CONTEXT(2) 
PARAMETRIC_REPRESENTATION_CONTEXT() REPRESENTATION_CONTEXT('2D SPACE',''
  ) );
#4480 = ORIENTED_EDGE('',*,*,#4436,.T.);
#4481 = ADVANCED_FACE('',(#4482),#2060,.F.);
#4482 = FACE_BOUND('',#4483,.F.);
#4483 = EDGE_LOOP('',(#4484,#4506,#4591,#4611));
#4484 = ORIENTED_EDGE('',*,*,#4485,.F.);
#4485 = EDGE_CURVE('',#4486,#2007,#4488,.T.);
#4486 = VERTEX_POINT('',#4487);
#4487 = CARTESIAN_POINT('',(-39.11573426573,-27.11573426573,19.5));
#4488 = SURFACE_CURVE('',#4489,(#4492,#4499),.PCURVE_S1.);
#4489 = B_SPLINE_CURVE_WITH_KNOTS('',1,(#4490,#4491),.UNSPECIFIED.,.F.,
  .F.,(2,2),(0.,1.),.PIECEWISE_BEZIER_KNOTS.);
#4490 = CARTESIAN_POINT('',(-37.33,-25.33,6.7));
#4491 = CARTESIAN_POINT('',(-39.325,-27.325,21.));
#4492 = PCURVE('',#2060,#4493);
#4493 = DEFINITIONAL_REPRESENTATION('',(#4494),#4498);
#4494 = LINE('',#4495,#4496);
#4495 = CARTESIAN_POINT('',(3.14159265359,0.));
#4496 = VECTOR('',#4497,1.);
#4497 = DIRECTION('',(0.,1.));
#4498 = ( GEOMETRIC_REPRESENTATION_CONTEXT(2) 
PARAMETRIC_REPRESENTATION_CONTEXT() REPRESENTATION_CONTEXT('2D SPACE',''
  ) );
#4499 = PCURVE('',#2119,#4500);
#4500 = DEFINITIONAL_REPRESENTATION('',(#4501),#4505);
#4501 = LINE('',#4502,#4503);
#4502 = CARTESIAN_POINT('',(27.325,0.));
#4503 = VECTOR('',#4504,1.);
#4504 = DIRECTION('',(0.,1.));
#4505 = ( GEOMETRIC_REPRESENTATION_CONTEXT(2) 
PARAMETRIC_REPRESENTATION_CONTEXT() REPRESENTATION_CONTEXT('2D SPACE',''
  ) );
#4506 = ORIENTED_EDGE('',*,*,#4507,.F.);
#4507 = EDGE_CURVE('',#4508,#4486,#4510,.T.);
#4508 = VERTEX_POINT('',#4509);
#4509 = CARTESIAN_POINT('',(-27.11573426573,-39.11573426573,19.5));
#4510 = SURFACE_CURVE('',#4511,(#4534,#4560),.PCURVE_S1.);
#4511 = B_SPLINE_CURVE_WITH_KNOTS('',6,(#4512,#4513,#4514,#4515,#4516,
    #4517,#4518,#4519,#4520,#4521,#4522,#4523,#4524,#4525,#4526,#4527,
    #4528,#4529,#4530,#4531,#4532,#4533),.UNSPECIFIED.,.F.,.F.,(7,5,5,5,
    7),(0.,0.250999936342,0.499999999387,0.749999999889,1.),
  .UNSPECIFIED.);
#4512 = CARTESIAN_POINT('',(-27.11573426573,-39.11573426573,19.5));
#4513 = CARTESIAN_POINT('',(-27.9042612088,-39.11573426573,19.5));
#4514 = CARTESIAN_POINT('',(-28.69283469988,-39.05355667363,19.5));
#4515 = CARTESIAN_POINT('',(-29.47522326076,-38.92918836552,19.5));
#4516 = CARTESIAN_POINT('',(-30.24535897517,-38.74347268084,19.5));
#4517 = CARTESIAN_POINT('',(-30.99731546059,-38.49796175021,19.5));
#4518 = CARTESIAN_POINT('',(-32.44757284022,-37.89457481903,19.5));
#4519 = CARTESIAN_POINT('',(-33.1463370632,-37.53757492797,19.5));
#4520 = CARTESIAN_POINT('',(-33.81601680381,-37.12638651641,19.5));
#4521 = CARTESIAN_POINT('',(-34.4514552336,-36.66403939188,19.5));
#4522 = CARTESIAN_POINT('',(-35.0478854101,-36.15414586856,19.5));
#4523 = CARTESIAN_POINT('',(-36.15636713561,-35.04566414305,19.5));
#4524 = CARTESIAN_POINT('',(-36.66813434906,-34.44666384954,19.5));
#4525 = CARTESIAN_POINT('',(-37.13195477764,-33.8083588304,19.5));
#4526 = CARTESIAN_POINT('',(-37.54417532617,-33.13557587129,19.5));
#4527 = CARTESIAN_POINT('',(-37.90173460935,-32.43353713136,19.5));
#4528 = CARTESIAN_POINT('',(-38.50284273932,-30.98233373967,19.5));
#4529 = CARTESIAN_POINT('',(-38.74642649302,-30.2330848077,19.5));
#4530 = CARTESIAN_POINT('',(-38.9306719395,-29.46587148262,19.5));
#4531 = CARTESIAN_POINT('',(-39.05405109529,-28.68655110114,19.5));
#4532 = CARTESIAN_POINT('',(-39.11573426573,-27.90111986687,19.5));
#4533 = CARTESIAN_POINT('',(-39.11573426573,-27.11573426573,19.5));
#4534 = PCURVE('',#2060,#4535);
#4535 = DEFINITIONAL_REPRESENTATION('',(#4536),#4559);
#4536 = B_SPLINE_CURVE_WITH_KNOTS('',6,(#4537,#4538,#4539,#4540,#4541,
    #4542,#4543,#4544,#4545,#4546,#4547,#4548,#4549,#4550,#4551,#4552,
    #4553,#4554,#4555,#4556,#4557,#4558),.UNSPECIFIED.,.F.,.F.,(7,5,5,5,
    7),(0.,0.250999936342,0.499999999387,0.749999999889,1.),
  .UNSPECIFIED.);
#4537 = CARTESIAN_POINT('',(4.712388980385,0.895104895105));
#4538 = CARTESIAN_POINT('',(4.646678401796,0.895104895105));
#4539 = CARTESIAN_POINT('',(4.58096398732,0.895104895105));
#4540 = CARTESIAN_POINT('',(4.515254042628,0.895104895105));
#4541 = CARTESIAN_POINT('',(4.449544103253,0.895104895105));
#4542 = CARTESIAN_POINT('',(4.383829681682,0.895104895105));
#4543 = CARTESIAN_POINT('',(4.252932080272,0.895104895105));
#4544 = CARTESIAN_POINT('',(4.187741367251,0.895104895105));
#4545 = CARTESIAN_POINT('',(4.12255496378,0.895104895105));
#4546 = CARTESIAN_POINT('',(4.057368557672,0.895104895105));
#4547 = CARTESIAN_POINT('',(3.992177841155,0.895104895105));
#4548 = CARTESIAN_POINT('',(3.861542013981,0.895104895105));
#4549 = CARTESIAN_POINT('',(3.796089444575,0.895104895105));
#4550 = CARTESIAN_POINT('',(3.730641272025,0.895104895105));
#4551 = CARTESIAN_POINT('',(3.665193102141,0.895104895105));
#4552 = CARTESIAN_POINT('',(3.599740536236,0.895104895105));
#4553 = CARTESIAN_POINT('',(3.468842934444,0.895104895105));
#4554 = CARTESIAN_POINT('',(3.403390366574,0.895104895105));
#4555 = CARTESIAN_POINT('',(3.337942193101,0.895104895105));
#4556 = CARTESIAN_POINT('',(3.272494014464,0.895104895105));
#4557 = CARTESIAN_POINT('',(3.207041453685,0.895104895105));
#4558 = CARTESIAN_POINT('',(3.14159265359,0.895104895105));
#4559 = ( GEOMETRIC_REPRESENTATION_CONTEXT(2) 
PARAMETRIC_REPRESENTATION_CONTEXT() REPRESENTATION_CONTEXT('2D SPACE',''
  ) );
#4560 = PCURVE('',#4561,#4566);
#4561 = PLANE('',#4562);
#4562 = AXIS2_PLACEMENT_3D('',#4563,#4564,#4565);
#4563 = CARTESIAN_POINT('',(-40.475,-40.475,19.5));
#4564 = DIRECTION('',(0.,0.,1.));
#4565 = DIRECTION('',(1.,0.,-0.));
#4566 = DEFINITIONAL_REPRESENTATION('',(#4567),#4590);
#4567 = B_SPLINE_CURVE_WITH_KNOTS('',6,(#4568,#4569,#4570,#4571,#4572,
    #4573,#4574,#4575,#4576,#4577,#4578,#4579,#4580,#4581,#4582,#4583,
    #4584,#4585,#4586,#4587,#4588,#4589),.UNSPECIFIED.,.F.,.F.,(7,5,5,5,
    7),(0.,0.250999936342,0.499999999387,0.749999999889,1.),
  .UNSPECIFIED.);
#4568 = CARTESIAN_POINT('',(13.359265734266,1.359265734266));
#4569 = CARTESIAN_POINT('',(12.570738791199,1.359265734266));
#4570 = CARTESIAN_POINT('',(11.782165300119,1.42144332637));
#4571 = CARTESIAN_POINT('',(10.999776739231,1.545811634471));
#4572 = CARTESIAN_POINT('',(10.229641024823,1.731527319155));
#4573 = CARTESIAN_POINT('',(9.477684539405,1.97703824979));
#4574 = CARTESIAN_POINT('',(8.027427159777,2.580425180968));
#4575 = CARTESIAN_POINT('',(7.328662936797,2.937425072026));
#4576 = CARTESIAN_POINT('',(6.658983196189,3.348613483583));
#4577 = CARTESIAN_POINT('',(6.023544766396,3.810960608113));
#4578 = CARTESIAN_POINT('',(5.427114589895,4.320854131435));
#4579 = CARTESIAN_POINT('',(4.318632864386,5.429335856943));
#4580 = CARTESIAN_POINT('',(3.806865650932,6.028336150452));
#4581 = CARTESIAN_POINT('',(3.343045222354,6.666641169597));
#4582 = CARTESIAN_POINT('',(2.930824673828,7.339424128704));
#4583 = CARTESIAN_POINT('',(2.573265390645,8.041462868638));
#4584 = CARTESIAN_POINT('',(1.972157260671,9.492666260329));
#4585 = CARTESIAN_POINT('',(1.728573506978,10.241915192295));
#4586 = CARTESIAN_POINT('',(1.544328060496,11.009128517372));
#4587 = CARTESIAN_POINT('',(1.420948904706,11.78844889886));
#4588 = CARTESIAN_POINT('',(1.359265734266,12.573880133123));
#4589 = CARTESIAN_POINT('',(1.359265734266,13.359265734266));
#4590 = ( GEOMETRIC_REPRESENTATION_CONTEXT(2) 
PARAMETRIC_REPRESENTATION_CONTEXT() REPRESENTATION_CONTEXT('2D SPACE',''
  ) );
#4591 = ORIENTED_EDGE('',*,*,#4592,.T.);
#4592 = EDGE_CURVE('',#4508,#2005,#4593,.T.);
#4593 = SURFACE_CURVE('',#4594,(#4597,#4604),.PCURVE_S1.);
#4594 = B_SPLINE_CURVE_WITH_KNOTS('',1,(#4595,#4596),.UNSPECIFIED.,.F.,
  .F.,(2,2),(0.,1.),.PIECEWISE_BEZIER_KNOTS.);
#4595 = CARTESIAN_POINT('',(-25.33,-37.33,6.7));
#4596 = CARTESIAN_POINT('',(-27.325,-39.325,21.));
#4597 = PCURVE('',#2060,#4598);
#4598 = DEFINITIONAL_REPRESENTATION('',(#4599),#4603);
#4599 = LINE('',#4600,#4601);
#4600 = CARTESIAN_POINT('',(4.712388980385,0.));
#4601 = VECTOR('',#4602,1.);
#4602 = DIRECTION('',(0.,1.));
#4603 = ( GEOMETRIC_REPRESENTATION_CONTEXT(2) 
PARAMETRIC_REPRESENTATION_CONTEXT() REPRESENTATION_CONTEXT('2D SPACE',''
  ) );
#4604 = PCURVE('',#2489,#4605);
#4605 = DEFINITIONAL_REPRESENTATION('',(#4606),#4610);
#4606 = LINE('',#4607,#4608);
#4607 = CARTESIAN_POINT('',(-27.325,0.));
#4608 = VECTOR('',#4609,1.);
#4609 = DIRECTION('',(0.,1.));
#4610 = ( GEOMETRIC_REPRESENTATION_CONTEXT(2) 
PARAMETRIC_REPRESENTATION_CONTEXT() REPRESENTATION_CONTEXT('2D SPACE',''
  ) );
#4611 = ORIENTED_EDGE('',*,*,#2004,.T.);
#4612 = ADVANCED_FACE('',(#4613),#2489,.F.);
#4613 = FACE_BOUND('',#4614,.F.);
#4614 = EDGE_LOOP('',(#4615,#4616,#4636,#4656));
#4615 = ORIENTED_EDGE('',*,*,#4592,.F.);
#4616 = ORIENTED_EDGE('',*,*,#4617,.F.);
#4617 = EDGE_CURVE('',#4618,#4508,#4620,.T.);
#4618 = VERTEX_POINT('',#4619);
#4619 = CARTESIAN_POINT('',(27.115734265734,-39.11573426573,19.5));
#4620 = SURFACE_CURVE('',#4621,(#4624,#4630),.PCURVE_S1.);
#4621 = B_SPLINE_CURVE_WITH_KNOTS('',1,(#4622,#4623),.UNSPECIFIED.,.F.,
  .F.,(2,2),(0.,1.),.PIECEWISE_BEZIER_KNOTS.);
#4622 = CARTESIAN_POINT('',(27.115734265734,-39.11573426573,19.5));
#4623 = CARTESIAN_POINT('',(-27.11573426573,-39.11573426573,19.5));
#4624 = PCURVE('',#2489,#4625);
#4625 = DEFINITIONAL_REPRESENTATION('',(#4626),#4629);
#4626 = B_SPLINE_CURVE_WITH_KNOTS('',1,(#4627,#4628),.UNSPECIFIED.,.F.,
  .F.,(2,2),(0.,1.),.PIECEWISE_BEZIER_KNOTS.);
#4627 = CARTESIAN_POINT('',(27.325,0.895104895105));
#4628 = CARTESIAN_POINT('',(-27.325,0.895104895105));
#4629 = ( GEOMETRIC_REPRESENTATION_CONTEXT(2) 
PARAMETRIC_REPRESENTATION_CONTEXT() REPRESENTATION_CONTEXT('2D SPACE',''
  ) );
#4630 = PCURVE('',#4561,#4631);
#4631 = DEFINITIONAL_REPRESENTATION('',(#4632),#4635);
#4632 = B_SPLINE_CURVE_WITH_KNOTS('',1,(#4633,#4634),.UNSPECIFIED.,.F.,
  .F.,(2,2),(0.,1.),.PIECEWISE_BEZIER_KNOTS.);
#4633 = CARTESIAN_POINT('',(67.590734265734,1.359265734266));
#4634 = CARTESIAN_POINT('',(13.359265734266,1.359265734266));
#4635 = ( GEOMETRIC_REPRESENTATION_CONTEXT(2) 
PARAMETRIC_REPRESENTATION_CONTEXT() REPRESENTATION_CONTEXT('2D SPACE',''
  ) );
#4636 = ORIENTED_EDGE('',*,*,#4637,.T.);
#4637 = EDGE_CURVE('',#4618,#2379,#4638,.T.);
#4638 = SURFACE_CURVE('',#4639,(#4642,#4649),.PCURVE_S1.);
#4639 = B_SPLINE_CURVE_WITH_KNOTS('',1,(#4640,#4641),.UNSPECIFIED.,.F.,
  .F.,(2,2),(0.,1.),.PIECEWISE_BEZIER_KNOTS.);
#4640 = CARTESIAN_POINT('',(25.33,-37.33,6.7));
#4641 = CARTESIAN_POINT('',(27.325,-39.325,21.));
#4642 = PCURVE('',#2489,#4643);
#4643 = DEFINITIONAL_REPRESENTATION('',(#4644),#4648);
#4644 = LINE('',#4645,#4646);
#4645 = CARTESIAN_POINT('',(27.325,0.));
#4646 = VECTOR('',#4647,1.);
#4647 = DIRECTION('',(0.,1.));
#4648 = ( GEOMETRIC_REPRESENTATION_CONTEXT(2) 
PARAMETRIC_REPRESENTATION_CONTEXT() REPRESENTATION_CONTEXT('2D SPACE',''
  ) );
#4649 = PCURVE('',#2432,#4650);
#4650 = DEFINITIONAL_REPRESENTATION('',(#4651),#4655);
#4651 = LINE('',#4652,#4653);
#4652 = CARTESIAN_POINT('',(4.712388980385,0.));
#4653 = VECTOR('',#4654,1.);
#4654 = DIRECTION('',(0.,1.));
#4655 = ( GEOMETRIC_REPRESENTATION_CONTEXT(2) 
PARAMETRIC_REPRESENTATION_CONTEXT() REPRESENTATION_CONTEXT('2D SPACE',''
  ) );
#4656 = ORIENTED_EDGE('',*,*,#2477,.T.);
#4657 = ADVANCED_FACE('',(#4658),#2119,.F.);
#4658 = FACE_BOUND('',#4659,.F.);
#4659 = EDGE_LOOP('',(#4660,#4680,#4681,#4682));
#4660 = ORIENTED_EDGE('',*,*,#4661,.F.);
#4661 = EDGE_CURVE('',#4486,#4662,#4664,.T.);
#4662 = VERTEX_POINT('',#4663);
#4663 = CARTESIAN_POINT('',(-39.11573426573,27.115734265734,19.5));
#4664 = SURFACE_CURVE('',#4665,(#4668,#4674),.PCURVE_S1.);
#4665 = B_SPLINE_CURVE_WITH_KNOTS('',1,(#4666,#4667),.UNSPECIFIED.,.F.,
  .F.,(2,2),(0.,1.),.PIECEWISE_BEZIER_KNOTS.);
#4666 = CARTESIAN_POINT('',(-39.11573426573,-27.11573426573,19.5));
#4667 = CARTESIAN_POINT('',(-39.11573426573,27.115734265734,19.5));
#4668 = PCURVE('',#2119,#4669);
#4669 = DEFINITIONAL_REPRESENTATION('',(#4670),#4673);
#4670 = B_SPLINE_CURVE_WITH_KNOTS('',1,(#4671,#4672),.UNSPECIFIED.,.F.,
  .F.,(2,2),(0.,1.),.PIECEWISE_BEZIER_KNOTS.);
#4671 = CARTESIAN_POINT('',(27.325,0.895104895105));
#4672 = CARTESIAN_POINT('',(-27.325,0.895104895105));
#4673 = ( GEOMETRIC_REPRESENTATION_CONTEXT(2) 
PARAMETRIC_REPRESENTATION_CONTEXT() REPRESENTATION_CONTEXT('2D SPACE',''
  ) );
#4674 = PCURVE('',#4561,#4675);
#4675 = DEFINITIONAL_REPRESENTATION('',(#4676),#4679);
#4676 = B_SPLINE_CURVE_WITH_KNOTS('',1,(#4677,#4678),.UNSPECIFIED.,.F.,
  .F.,(2,2),(0.,1.),.PIECEWISE_BEZIER_KNOTS.);
#4677 = CARTESIAN_POINT('',(1.359265734266,13.359265734266));
#4678 = CARTESIAN_POINT('',(1.359265734266,67.590734265734));
#4679 = ( GEOMETRIC_REPRESENTATION_CONTEXT(2) 
PARAMETRIC_REPRESENTATION_CONTEXT() REPRESENTATION_CONTEXT('2D SPACE',''
  ) );
#4680 = ORIENTED_EDGE('',*,*,#4485,.T.);
#4681 = ORIENTED_EDGE('',*,*,#2105,.T.);
#4682 = ORIENTED_EDGE('',*,*,#4683,.F.);
#4683 = EDGE_CURVE('',#4662,#2106,#4684,.T.);
#4684 = SURFACE_CURVE('',#4685,(#4688,#4695),.PCURVE_S1.);
#4685 = B_SPLINE_CURVE_WITH_KNOTS('',1,(#4686,#4687),.UNSPECIFIED.,.F.,
  .F.,(2,2),(0.,1.),.PIECEWISE_BEZIER_KNOTS.);
#4686 = CARTESIAN_POINT('',(-37.33,25.33,6.7));
#4687 = CARTESIAN_POINT('',(-39.325,27.325,21.));
#4688 = PCURVE('',#2119,#4689);
#4689 = DEFINITIONAL_REPRESENTATION('',(#4690),#4694);
#4690 = LINE('',#4691,#4692);
#4691 = CARTESIAN_POINT('',(-27.325,0.));
#4692 = VECTOR('',#4693,1.);
#4693 = DIRECTION('',(0.,1.));
#4694 = ( GEOMETRIC_REPRESENTATION_CONTEXT(2) 
PARAMETRIC_REPRESENTATION_CONTEXT() REPRESENTATION_CONTEXT('2D SPACE',''
  ) );
#4695 = PCURVE('',#2184,#4696);
#4696 = DEFINITIONAL_REPRESENTATION('',(#4697),#4701);
#4697 = LINE('',#4698,#4699);
#4698 = CARTESIAN_POINT('',(3.14159265359,0.));
#4699 = VECTOR('',#4700,1.);
#4700 = DIRECTION('',(0.,1.));
#4701 = ( GEOMETRIC_REPRESENTATION_CONTEXT(2) 
PARAMETRIC_REPRESENTATION_CONTEXT() REPRESENTATION_CONTEXT('2D SPACE',''
  ) );
#4702 = ADVANCED_FACE('',(#4703),#2432,.F.);
#4703 = FACE_BOUND('',#4704,.F.);
#4704 = EDGE_LOOP('',(#4705,#4706,#4786,#4806));
#4705 = ORIENTED_EDGE('',*,*,#4637,.F.);
#4706 = ORIENTED_EDGE('',*,*,#4707,.F.);
#4707 = EDGE_CURVE('',#4708,#4618,#4710,.T.);
#4708 = VERTEX_POINT('',#4709);
#4709 = CARTESIAN_POINT('',(39.115734265734,-27.11573426573,19.5));
#4710 = SURFACE_CURVE('',#4711,(#4734,#4760),.PCURVE_S1.);
#4711 = B_SPLINE_CURVE_WITH_KNOTS('',6,(#4712,#4713,#4714,#4715,#4716,
    #4717,#4718,#4719,#4720,#4721,#4722,#4723,#4724,#4725,#4726,#4727,
    #4728,#4729,#4730,#4731,#4732,#4733),.UNSPECIFIED.,.F.,.F.,(7,5,5,5,
    7),(0.,0.251999871945,0.500999935579,0.749999999273,1.),
  .UNSPECIFIED.);
#4712 = CARTESIAN_POINT('',(39.115734265734,-27.11573426573,19.5));
#4713 = CARTESIAN_POINT('',(39.115734265734,-27.90740254676,19.5));
#4714 = CARTESIAN_POINT('',(39.053060278948,-28.69911830526,19.5));
#4715 = CARTESIAN_POINT('',(38.927698866395,-29.48457445431,19.5));
#4716 = CARTESIAN_POINT('',(38.7405071831,-30.25763080263,19.5));
#4717 = CARTESIAN_POINT('',(38.493061786691,-31.01229139871,19.5));
#4718 = CARTESIAN_POINT('',(37.88618629196,-32.46449761846,19.5));
#4719 = CARTESIAN_POINT('',(37.528089225568,-33.16270020541,19.5));
#4720 = CARTESIAN_POINT('',(37.115849391496,-33.8317332269,19.5));
#4721 = CARTESIAN_POINT('',(36.652504693536,-34.46644461982,19.5));
#4722 = CARTESIAN_POINT('',(36.141674929366,-35.06207312188,19.5));
#4723 = CARTESIAN_POINT('',(35.033678126532,-36.16659450638,19.5));
#4724 = CARTESIAN_POINT('',(34.436447747221,-36.67555053074,19.5));
#4725 = CARTESIAN_POINT('',(33.800283848447,-37.13689894104,19.5));
#4726 = CARTESIAN_POINT('',(33.129959041083,-37.54703491552,19.5));
#4727 = CARTESIAN_POINT('',(32.430634906207,-37.90293675038,19.5));
#4728 = CARTESIAN_POINT('',(30.982333739671,-38.50284273932,19.5));
#4729 = CARTESIAN_POINT('',(30.233084807704,-38.74642649302,19.5));
#4730 = CARTESIAN_POINT('',(29.465871482629,-38.9306719395,19.5));
#4731 = CARTESIAN_POINT('',(28.68655110114,-39.05405109529,19.5));
#4732 = CARTESIAN_POINT('',(27.901119866877,-39.11573426573,19.5));
#4733 = CARTESIAN_POINT('',(27.115734265734,-39.11573426573,19.5));
#4734 = PCURVE('',#2432,#4735);
#4735 = DEFINITIONAL_REPRESENTATION('',(#4736),#4759);
#4736 = B_SPLINE_CURVE_WITH_KNOTS('',6,(#4737,#4738,#4739,#4740,#4741,
    #4742,#4743,#4744,#4745,#4746,#4747,#4748,#4749,#4750,#4751,#4752,
    #4753,#4754,#4755,#4756,#4757,#4758),.UNSPECIFIED.,.F.,.F.,(7,5,5,5,
    7),(0.,0.251999871945,0.500999935579,0.749999999273,1.),
  .UNSPECIFIED.);
#4737 = CARTESIAN_POINT('',(6.28318530718,0.895104895105));
#4738 = CARTESIAN_POINT('',(6.217212950427,0.895104895105));
#4739 = CARTESIAN_POINT('',(6.151236681394,0.895104895105));
#4740 = CARTESIAN_POINT('',(6.085264971178,0.895104895105));
#4741 = CARTESIAN_POINT('',(6.019293266429,0.895104895105));
#4742 = CARTESIAN_POINT('',(5.953316990299,0.895104895105));
#4743 = CARTESIAN_POINT('',(5.822157610779,0.895104895105));
#4744 = CARTESIAN_POINT('',(5.756966897781,0.895104895105));
#4745 = CARTESIAN_POINT('',(5.691780494287,0.895104895105));
#4746 = CARTESIAN_POINT('',(5.626594088145,0.895104895105));
#4747 = CARTESIAN_POINT('',(5.561403371615,0.895104895105));
#4748 = CARTESIAN_POINT('',(5.43102932328,0.895104895105));
#4749 = CARTESIAN_POINT('',(5.365838606778,0.895104895105));
#4750 = CARTESIAN_POINT('',(5.300652200704,0.895104895105));
#4751 = CARTESIAN_POINT('',(5.235465797254,0.895104895105));
#4752 = CARTESIAN_POINT('',(5.17027508421,0.895104895105));
#4753 = CARTESIAN_POINT('',(5.039639261239,0.895104895105));
#4754 = CARTESIAN_POINT('',(4.974186693369,0.895104895105));
#4755 = CARTESIAN_POINT('',(4.908738519896,0.895104895105));
#4756 = CARTESIAN_POINT('',(4.843290341259,0.895104895105));
#4757 = CARTESIAN_POINT('',(4.77783778048,0.895104895105));
#4758 = CARTESIAN_POINT('',(4.712388980385,0.895104895105));
#4759 = ( GEOMETRIC_REPRESENTATION_CONTEXT(2) 
PARAMETRIC_REPRESENTATION_CONTEXT() REPRESENTATION_CONTEXT('2D SPACE',''
  ) );
#4760 = PCURVE('',#4561,#4761);
#4761 = DEFINITIONAL_REPRESENTATION('',(#4762),#4785);
#4762 = B_SPLINE_CURVE_WITH_KNOTS('',6,(#4763,#4764,#4765,#4766,#4767,
    #4768,#4769,#4770,#4771,#4772,#4773,#4774,#4775,#4776,#4777,#4778,
    #4779,#4780,#4781,#4782,#4783,#4784),.UNSPECIFIED.,.F.,.F.,(7,5,5,5,
    7),(0.,0.251999871945,0.500999935579,0.749999999273,1.),
  .UNSPECIFIED.);
#4763 = CARTESIAN_POINT('',(79.590734265734,13.359265734266));
#4764 = CARTESIAN_POINT('',(79.590734265734,12.567597453239));
#4765 = CARTESIAN_POINT('',(79.528060278948,11.775881694732));
#4766 = CARTESIAN_POINT('',(79.402698866395,10.990425545689));
#4767 = CARTESIAN_POINT('',(79.2155071831,10.217369197365));
#4768 = CARTESIAN_POINT('',(78.968061786691,9.462708601286));
#4769 = CARTESIAN_POINT('',(78.36118629196,8.010502381537));
#4770 = CARTESIAN_POINT('',(78.003089225568,7.312299794581));
#4771 = CARTESIAN_POINT('',(77.590849391496,6.6432667731));
#4772 = CARTESIAN_POINT('',(77.127504693536,6.008555380172));
#4773 = CARTESIAN_POINT('',(76.616674929366,5.412926878114));
#4774 = CARTESIAN_POINT('',(75.508678126532,4.30840549362));
#4775 = CARTESIAN_POINT('',(74.911447747221,3.799449469258));
#4776 = CARTESIAN_POINT('',(74.275283848447,3.338101058952));
#4777 = CARTESIAN_POINT('',(73.604959041083,2.927965084475));
#4778 = CARTESIAN_POINT('',(72.905634906207,2.572063249618));
#4779 = CARTESIAN_POINT('',(71.457333739671,1.972157260671));
#4780 = CARTESIAN_POINT('',(70.708084807704,1.728573506978));
#4781 = CARTESIAN_POINT('',(69.940871482629,1.544328060496));
#4782 = CARTESIAN_POINT('',(69.16155110114,1.420948904706));
#4783 = CARTESIAN_POINT('',(68.376119866877,1.359265734266));
#4784 = CARTESIAN_POINT('',(67.590734265734,1.359265734266));
#4785 = ( GEOMETRIC_REPRESENTATION_CONTEXT(2) 
PARAMETRIC_REPRESENTATION_CONTEXT() REPRESENTATION_CONTEXT('2D SPACE',''
  ) );
#4786 = ORIENTED_EDGE('',*,*,#4787,.T.);
#4787 = EDGE_CURVE('',#4708,#2354,#4788,.T.);
#4788 = SURFACE_CURVE('',#4789,(#4792,#4799),.PCURVE_S1.);
#4789 = B_SPLINE_CURVE_WITH_KNOTS('',1,(#4790,#4791),.UNSPECIFIED.,.F.,
  .F.,(2,2),(0.,1.),.PIECEWISE_BEZIER_KNOTS.);
#4790 = CARTESIAN_POINT('',(37.33,-25.33,6.7));
#4791 = CARTESIAN_POINT('',(39.325,-27.325,21.));
#4792 = PCURVE('',#2432,#4793);
#4793 = DEFINITIONAL_REPRESENTATION('',(#4794),#4798);
#4794 = LINE('',#4795,#4796);
#4795 = CARTESIAN_POINT('',(6.28318530718,0.));
#4796 = VECTOR('',#4797,1.);
#4797 = DIRECTION('',(0.,1.));
#4798 = ( GEOMETRIC_REPRESENTATION_CONTEXT(2) 
PARAMETRIC_REPRESENTATION_CONTEXT() REPRESENTATION_CONTEXT('2D SPACE',''
  ) );
#4799 = PCURVE('',#2367,#4800);
#4800 = DEFINITIONAL_REPRESENTATION('',(#4801),#4805);
#4801 = LINE('',#4802,#4803);
#4802 = CARTESIAN_POINT('',(-27.325,0.));
#4803 = VECTOR('',#4804,1.);
#4804 = DIRECTION('',(0.,1.));
#4805 = ( GEOMETRIC_REPRESENTATION_CONTEXT(2) 
PARAMETRIC_REPRESENTATION_CONTEXT() REPRESENTATION_CONTEXT('2D SPACE',''
  ) );
#4806 = ORIENTED_EDGE('',*,*,#2378,.T.);
#4807 = ADVANCED_FACE('',(#4808),#2184,.F.);
#4808 = FACE_BOUND('',#4809,.F.);
#4809 = EDGE_LOOP('',(#4810,#4832,#4910,#4911));
#4810 = ORIENTED_EDGE('',*,*,#4811,.F.);
#4811 = EDGE_CURVE('',#4812,#2131,#4814,.T.);
#4812 = VERTEX_POINT('',#4813);
#4813 = CARTESIAN_POINT('',(-27.11573426573,39.115734265734,19.5));
#4814 = SURFACE_CURVE('',#4815,(#4818,#4825),.PCURVE_S1.);
#4815 = B_SPLINE_CURVE_WITH_KNOTS('',1,(#4816,#4817),.UNSPECIFIED.,.F.,
  .F.,(2,2),(0.,1.),.PIECEWISE_BEZIER_KNOTS.);
#4816 = CARTESIAN_POINT('',(-25.33,37.33,6.7));
#4817 = CARTESIAN_POINT('',(-27.325,39.325,21.));
#4818 = PCURVE('',#2184,#4819);
#4819 = DEFINITIONAL_REPRESENTATION('',(#4820),#4824);
#4820 = LINE('',#4821,#4822);
#4821 = CARTESIAN_POINT('',(1.570796326795,0.));
#4822 = VECTOR('',#4823,1.);
#4823 = DIRECTION('',(0.,1.));
#4824 = ( GEOMETRIC_REPRESENTATION_CONTEXT(2) 
PARAMETRIC_REPRESENTATION_CONTEXT() REPRESENTATION_CONTEXT('2D SPACE',''
  ) );
#4825 = PCURVE('',#2243,#4826);
#4826 = DEFINITIONAL_REPRESENTATION('',(#4827),#4831);
#4827 = LINE('',#4828,#4829);
#4828 = CARTESIAN_POINT('',(27.325,0.));
#4829 = VECTOR('',#4830,1.);
#4830 = DIRECTION('',(0.,1.));
#4831 = ( GEOMETRIC_REPRESENTATION_CONTEXT(2) 
PARAMETRIC_REPRESENTATION_CONTEXT() REPRESENTATION_CONTEXT('2D SPACE',''
  ) );
#4832 = ORIENTED_EDGE('',*,*,#4833,.F.);
#4833 = EDGE_CURVE('',#4662,#4812,#4834,.T.);
#4834 = SURFACE_CURVE('',#4835,(#4858,#4884),.PCURVE_S1.);
#4835 = B_SPLINE_CURVE_WITH_KNOTS('',6,(#4836,#4837,#4838,#4839,#4840,
    #4841,#4842,#4843,#4844,#4845,#4846,#4847,#4848,#4849,#4850,#4851,
    #4852,#4853,#4854,#4855,#4856,#4857),.UNSPECIFIED.,.F.,.F.,(7,5,5,5,
    7),(0.,0.250999936342,0.499999999386,0.749999999889,1.),
  .UNSPECIFIED.);
#4836 = CARTESIAN_POINT('',(-39.11573426573,27.115734265734,19.5));
#4837 = CARTESIAN_POINT('',(-39.11573426573,27.904261208801,19.5));
#4838 = CARTESIAN_POINT('',(-39.05355667363,28.692834699882,19.5));
#4839 = CARTESIAN_POINT('',(-38.92918836553,29.475223260768,19.5));
#4840 = CARTESIAN_POINT('',(-38.74347268084,30.245358975177,19.5));
#4841 = CARTESIAN_POINT('',(-38.49796175021,30.997315460595,19.5));
#4842 = CARTESIAN_POINT('',(-37.89457481903,32.447572840222,19.5));
#4843 = CARTESIAN_POINT('',(-37.53757492797,33.146337063203,19.5));
#4844 = CARTESIAN_POINT('',(-37.12638651641,33.816016803812,19.5));
#4845 = CARTESIAN_POINT('',(-36.66403939188,34.451455233603,19.5));
#4846 = CARTESIAN_POINT('',(-36.15414586856,35.047885410106,19.5));
#4847 = CARTESIAN_POINT('',(-35.04566414305,36.156367135614,19.5));
#4848 = CARTESIAN_POINT('',(-34.44666384954,36.668134349067,19.5));
#4849 = CARTESIAN_POINT('',(-33.8083588304,37.131954777647,19.5));
#4850 = CARTESIAN_POINT('',(-33.13557587129,37.544175326171,19.5));
#4851 = CARTESIAN_POINT('',(-32.43353713136,37.901734609355,19.5));
#4852 = CARTESIAN_POINT('',(-30.98233373967,38.502842739329,19.5));
#4853 = CARTESIAN_POINT('',(-30.2330848077,38.746426493022,19.5));
#4854 = CARTESIAN_POINT('',(-29.46587148262,38.930671939504,19.5));
#4855 = CARTESIAN_POINT('',(-28.68655110114,39.054051095294,19.5));
#4856 = CARTESIAN_POINT('',(-27.90111986687,39.115734265734,19.5));
#4857 = CARTESIAN_POINT('',(-27.11573426573,39.115734265734,19.5));
#4858 = PCURVE('',#2184,#4859);
#4859 = DEFINITIONAL_REPRESENTATION('',(#4860),#4883);
#4860 = B_SPLINE_CURVE_WITH_KNOTS('',6,(#4861,#4862,#4863,#4864,#4865,
    #4866,#4867,#4868,#4869,#4870,#4871,#4872,#4873,#4874,#4875,#4876,
    #4877,#4878,#4879,#4880,#4881,#4882),.UNSPECIFIED.,.F.,.F.,(7,5,5,5,
    7),(0.,0.250999936342,0.499999999386,0.749999999889,1.),
  .UNSPECIFIED.);
#4861 = CARTESIAN_POINT('',(3.14159265359,0.895104895105));
#4862 = CARTESIAN_POINT('',(3.075882075001,0.895104895105));
#4863 = CARTESIAN_POINT('',(3.010167660525,0.895104895105));
#4864 = CARTESIAN_POINT('',(2.944457715834,0.895104895105));
#4865 = CARTESIAN_POINT('',(2.878747776458,0.895104895105));
#4866 = CARTESIAN_POINT('',(2.813033354888,0.895104895105));
#4867 = CARTESIAN_POINT('',(2.682135753477,0.895104895105));
#4868 = CARTESIAN_POINT('',(2.616945040456,0.895104895105));
#4869 = CARTESIAN_POINT('',(2.551758636985,0.895104895105));
#4870 = CARTESIAN_POINT('',(2.486572230877,0.895104895105));
#4871 = CARTESIAN_POINT('',(2.42138151436,0.895104895105));
#4872 = CARTESIAN_POINT('',(2.290745687186,0.895104895105));
#4873 = CARTESIAN_POINT('',(2.225293117781,0.895104895105));
#4874 = CARTESIAN_POINT('',(2.15984494523,0.895104895105));
#4875 = CARTESIAN_POINT('',(2.094396775346,0.895104895105));
#4876 = CARTESIAN_POINT('',(2.028944209441,0.895104895105));
#4877 = CARTESIAN_POINT('',(1.898046607649,0.895104895105));
#4878 = CARTESIAN_POINT('',(1.832594039779,0.895104895105));
#4879 = CARTESIAN_POINT('',(1.767145866307,0.895104895105));
#4880 = CARTESIAN_POINT('',(1.701697687669,0.895104895105));
#4881 = CARTESIAN_POINT('',(1.63624512689,0.895104895105));
#4882 = CARTESIAN_POINT('',(1.570796326795,0.895104895105));
#4883 = ( GEOMETRIC_REPRESENTATION_CONTEXT(2) 
PARAMETRIC_REPRESENTATION_CONTEXT() REPRESENTATION_CONTEXT('2D SPACE',''
  ) );
#4884 = PCURVE('',#4561,#4885);
#4885 = DEFINITIONAL_REPRESENTATION('',(#4886),#4909);
#4886 = B_SPLINE_CURVE_WITH_KNOTS('',6,(#4887,#4888,#4889,#4890,#4891,
    #4892,#4893,#4894,#4895,#4896,#4897,#4898,#4899,#4900,#4901,#4902,
    #4903,#4904,#4905,#4906,#4907,#4908),.UNSPECIFIED.,.F.,.F.,(7,5,5,5,
    7),(0.,0.250999936342,0.499999999386,0.749999999889,1.),
  .UNSPECIFIED.);
#4887 = CARTESIAN_POINT('',(1.359265734266,67.590734265734));
#4888 = CARTESIAN_POINT('',(1.359265734266,68.379261208801));
#4889 = CARTESIAN_POINT('',(1.42144332637,69.167834699882));
#4890 = CARTESIAN_POINT('',(1.54581163447,69.950223260768));
#4891 = CARTESIAN_POINT('',(1.731527319155,70.720358975177));
#4892 = CARTESIAN_POINT('',(1.97703824979,71.472315460595));
#4893 = CARTESIAN_POINT('',(2.580425180968,72.922572840222));
#4894 = CARTESIAN_POINT('',(2.937425072026,73.621337063203));
#4895 = CARTESIAN_POINT('',(3.348613483583,74.291016803812));
#4896 = CARTESIAN_POINT('',(3.810960608113,74.926455233603));
#4897 = CARTESIAN_POINT('',(4.320854131435,75.522885410106));
#4898 = CARTESIAN_POINT('',(5.429335856943,76.631367135614));
#4899 = CARTESIAN_POINT('',(6.028336150451,77.143134349067));
#4900 = CARTESIAN_POINT('',(6.666641169599,77.606954777647));
#4901 = CARTESIAN_POINT('',(7.339424128703,78.019175326171));
#4902 = CARTESIAN_POINT('',(8.041462868638,78.376734609355));
#4903 = CARTESIAN_POINT('',(9.492666260329,78.977842739329));
#4904 = CARTESIAN_POINT('',(10.241915192296,79.221426493022));
#4905 = CARTESIAN_POINT('',(11.009128517372,79.405671939504));
#4906 = CARTESIAN_POINT('',(11.78844889886,79.529051095294));
#4907 = CARTESIAN_POINT('',(12.573880133123,79.590734265734));
#4908 = CARTESIAN_POINT('',(13.359265734266,79.590734265734));
#4909 = ( GEOMETRIC_REPRESENTATION_CONTEXT(2) 
PARAMETRIC_REPRESENTATION_CONTEXT() REPRESENTATION_CONTEXT('2D SPACE',''
  ) );
#4910 = ORIENTED_EDGE('',*,*,#4683,.T.);
#4911 = ORIENTED_EDGE('',*,*,#2130,.T.);
#4912 = ADVANCED_FACE('',(#4913),#2367,.F.);
#4913 = FACE_BOUND('',#4914,.F.);
#4914 = EDGE_LOOP('',(#4915,#4916,#4936,#4956));
#4915 = ORIENTED_EDGE('',*,*,#4787,.F.);
#4916 = ORIENTED_EDGE('',*,*,#4917,.F.);
#4917 = EDGE_CURVE('',#4918,#4708,#4920,.T.);
#4918 = VERTEX_POINT('',#4919);
#4919 = CARTESIAN_POINT('',(39.115734265734,27.115734265734,19.5));
#4920 = SURFACE_CURVE('',#4921,(#4924,#4930),.PCURVE_S1.);
#4921 = B_SPLINE_CURVE_WITH_KNOTS('',1,(#4922,#4923),.UNSPECIFIED.,.F.,
  .F.,(2,2),(0.,1.),.PIECEWISE_BEZIER_KNOTS.);
#4922 = CARTESIAN_POINT('',(39.115734265734,27.115734265734,19.5));
#4923 = CARTESIAN_POINT('',(39.115734265734,-27.11573426573,19.5));
#4924 = PCURVE('',#2367,#4925);
#4925 = DEFINITIONAL_REPRESENTATION('',(#4926),#4929);
#4926 = B_SPLINE_CURVE_WITH_KNOTS('',1,(#4927,#4928),.UNSPECIFIED.,.F.,
  .F.,(2,2),(0.,1.),.PIECEWISE_BEZIER_KNOTS.);
#4927 = CARTESIAN_POINT('',(27.325,0.895104895105));
#4928 = CARTESIAN_POINT('',(-27.325,0.895104895105));
#4929 = ( GEOMETRIC_REPRESENTATION_CONTEXT(2) 
PARAMETRIC_REPRESENTATION_CONTEXT() REPRESENTATION_CONTEXT('2D SPACE',''
  ) );
#4930 = PCURVE('',#4561,#4931);
#4931 = DEFINITIONAL_REPRESENTATION('',(#4932),#4935);
#4932 = B_SPLINE_CURVE_WITH_KNOTS('',1,(#4933,#4934),.UNSPECIFIED.,.F.,
  .F.,(2,2),(0.,1.),.PIECEWISE_BEZIER_KNOTS.);
#4933 = CARTESIAN_POINT('',(79.590734265734,67.590734265734));
#4934 = CARTESIAN_POINT('',(79.590734265734,13.359265734266));
#4935 = ( GEOMETRIC_REPRESENTATION_CONTEXT(2) 
PARAMETRIC_REPRESENTATION_CONTEXT() REPRESENTATION_CONTEXT('2D SPACE',''
  ) );
#4936 = ORIENTED_EDGE('',*,*,#4937,.T.);
#4937 = EDGE_CURVE('',#4918,#2255,#4938,.T.);
#4938 = SURFACE_CURVE('',#4939,(#4942,#4949),.PCURVE_S1.);
#4939 = B_SPLINE_CURVE_WITH_KNOTS('',1,(#4940,#4941),.UNSPECIFIED.,.F.,
  .F.,(2,2),(0.,1.),.PIECEWISE_BEZIER_KNOTS.);
#4940 = CARTESIAN_POINT('',(37.33,25.33,6.7));
#4941 = CARTESIAN_POINT('',(39.325,27.325,21.));
#4942 = PCURVE('',#2367,#4943);
#4943 = DEFINITIONAL_REPRESENTATION('',(#4944),#4948);
#4944 = LINE('',#4945,#4946);
#4945 = CARTESIAN_POINT('',(27.325,0.));
#4946 = VECTOR('',#4947,1.);
#4947 = DIRECTION('',(0.,1.));
#4948 = ( GEOMETRIC_REPRESENTATION_CONTEXT(2) 
PARAMETRIC_REPRESENTATION_CONTEXT() REPRESENTATION_CONTEXT('2D SPACE',''
  ) );
#4949 = PCURVE('',#2308,#4950);
#4950 = DEFINITIONAL_REPRESENTATION('',(#4951),#4955);
#4951 = LINE('',#4952,#4953);
#4952 = CARTESIAN_POINT('',(0.,0.));
#4953 = VECTOR('',#4954,1.);
#4954 = DIRECTION('',(0.,1.));
#4955 = ( GEOMETRIC_REPRESENTATION_CONTEXT(2) 
PARAMETRIC_REPRESENTATION_CONTEXT() REPRESENTATION_CONTEXT('2D SPACE',''
  ) );
#4956 = ORIENTED_EDGE('',*,*,#2353,.T.);
#4957 = ADVANCED_FACE('',(#4958),#2243,.F.);
#4958 = FACE_BOUND('',#4959,.F.);
#4959 = EDGE_LOOP('',(#4960,#4980,#4981,#4982));
#4960 = ORIENTED_EDGE('',*,*,#4961,.F.);
#4961 = EDGE_CURVE('',#4812,#4962,#4964,.T.);
#4962 = VERTEX_POINT('',#4963);
#4963 = CARTESIAN_POINT('',(27.115734265734,39.115734265734,19.5));
#4964 = SURFACE_CURVE('',#4965,(#4968,#4974),.PCURVE_S1.);
#4965 = B_SPLINE_CURVE_WITH_KNOTS('',1,(#4966,#4967),.UNSPECIFIED.,.F.,
  .F.,(2,2),(0.,1.),.PIECEWISE_BEZIER_KNOTS.);
#4966 = CARTESIAN_POINT('',(-27.11573426573,39.115734265734,19.5));
#4967 = CARTESIAN_POINT('',(27.115734265734,39.115734265734,19.5));
#4968 = PCURVE('',#2243,#4969);
#4969 = DEFINITIONAL_REPRESENTATION('',(#4970),#4973);
#4970 = B_SPLINE_CURVE_WITH_KNOTS('',1,(#4971,#4972),.UNSPECIFIED.,.F.,
  .F.,(2,2),(0.,1.),.PIECEWISE_BEZIER_KNOTS.);
#4971 = CARTESIAN_POINT('',(27.325,0.895104895105));
#4972 = CARTESIAN_POINT('',(-27.325,0.895104895105));
#4973 = ( GEOMETRIC_REPRESENTATION_CONTEXT(2) 
PARAMETRIC_REPRESENTATION_CONTEXT() REPRESENTATION_CONTEXT('2D SPACE',''
  ) );
#4974 = PCURVE('',#4561,#4975);
#4975 = DEFINITIONAL_REPRESENTATION('',(#4976),#4979);
#4976 = B_SPLINE_CURVE_WITH_KNOTS('',1,(#4977,#4978),.UNSPECIFIED.,.F.,
  .F.,(2,2),(0.,1.),.PIECEWISE_BEZIER_KNOTS.);
#4977 = CARTESIAN_POINT('',(13.359265734266,79.590734265734));
#4978 = CARTESIAN_POINT('',(67.590734265734,79.590734265734));
#4979 = ( GEOMETRIC_REPRESENTATION_CONTEXT(2) 
PARAMETRIC_REPRESENTATION_CONTEXT() REPRESENTATION_CONTEXT('2D SPACE',''
  ) );
#4980 = ORIENTED_EDGE('',*,*,#4811,.T.);
#4981 = ORIENTED_EDGE('',*,*,#2229,.T.);
#4982 = ORIENTED_EDGE('',*,*,#4983,.F.);
#4983 = EDGE_CURVE('',#4962,#2230,#4984,.T.);
#4984 = SURFACE_CURVE('',#4985,(#4988,#4995),.PCURVE_S1.);
#4985 = B_SPLINE_CURVE_WITH_KNOTS('',1,(#4986,#4987),.UNSPECIFIED.,.F.,
  .F.,(2,2),(0.,1.),.PIECEWISE_BEZIER_KNOTS.);
#4986 = CARTESIAN_POINT('',(25.33,37.33,6.7));
#4987 = CARTESIAN_POINT('',(27.325,39.325,21.));
#4988 = PCURVE('',#2243,#4989);
#4989 = DEFINITIONAL_REPRESENTATION('',(#4990),#4994);
#4990 = LINE('',#4991,#4992);
#4991 = CARTESIAN_POINT('',(-27.325,0.));
#4992 = VECTOR('',#4993,1.);
#4993 = DIRECTION('',(0.,1.));
#4994 = ( GEOMETRIC_REPRESENTATION_CONTEXT(2) 
PARAMETRIC_REPRESENTATION_CONTEXT() REPRESENTATION_CONTEXT('2D SPACE',''
  ) );
#4995 = PCURVE('',#2308,#4996);
#4996 = DEFINITIONAL_REPRESENTATION('',(#4997),#5001);
#4997 = LINE('',#4998,#4999);
#4998 = CARTESIAN_POINT('',(1.570796326795,0.));
#4999 = VECTOR('',#5000,1.);
#5000 = DIRECTION('',(0.,1.));
#5001 = ( GEOMETRIC_REPRESENTATION_CONTEXT(2) 
PARAMETRIC_REPRESENTATION_CONTEXT() REPRESENTATION_CONTEXT('2D SPACE',''
  ) );
#5002 = ADVANCED_FACE('',(#5003),#2308,.F.);
#5003 = FACE_BOUND('',#5004,.F.);
#5004 = EDGE_LOOP('',(#5005,#5006,#5084,#5085));
#5005 = ORIENTED_EDGE('',*,*,#4937,.F.);
#5006 = ORIENTED_EDGE('',*,*,#5007,.F.);
#5007 = EDGE_CURVE('',#4962,#4918,#5008,.T.);
#5008 = SURFACE_CURVE('',#5009,(#5032,#5058),.PCURVE_S1.);
#5009 = B_SPLINE_CURVE_WITH_KNOTS('',6,(#5010,#5011,#5012,#5013,#5014,
    #5015,#5016,#5017,#5018,#5019,#5020,#5021,#5022,#5023,#5024,#5025,
    #5026,#5027,#5028,#5029,#5030,#5031),.UNSPECIFIED.,.F.,.F.,(7,5,5,5,
    7),(0.,0.251999871945,0.500999935579,0.749999999273,1.),
  .UNSPECIFIED.);
#5010 = CARTESIAN_POINT('',(27.115734265734,39.115734265734,19.5));
#5011 = CARTESIAN_POINT('',(27.907402546762,39.115734265734,19.5));
#5012 = CARTESIAN_POINT('',(28.699118305265,39.053060278948,19.5));
#5013 = CARTESIAN_POINT('',(29.484574454315,38.927698866394,19.5));
#5014 = CARTESIAN_POINT('',(30.257630802633,38.740507183101,19.5));
#5015 = CARTESIAN_POINT('',(31.012291398714,38.493061786691,19.5));
#5016 = CARTESIAN_POINT('',(32.464497618463,37.88618629196,19.5));
#5017 = CARTESIAN_POINT('',(33.162700205419,37.528089225568,19.5));
#5018 = CARTESIAN_POINT('',(33.831733226901,37.115849391497,19.5));
#5019 = CARTESIAN_POINT('',(34.466444619828,36.652504693536,19.5));
#5020 = CARTESIAN_POINT('',(35.062073121887,36.141674929366,19.5));
#5021 = CARTESIAN_POINT('',(36.16659450638,35.033678126532,19.5));
#5022 = CARTESIAN_POINT('',(36.675550530744,34.436447747219,19.5));
#5023 = CARTESIAN_POINT('',(37.136898941047,33.800283848451,19.5));
#5024 = CARTESIAN_POINT('',(37.547034915526,33.129959041079,19.5));
#5025 = CARTESIAN_POINT('',(37.902936750382,32.430634906208,19.5));
#5026 = CARTESIAN_POINT('',(38.502842739329,30.98233373967,19.5));
#5027 = CARTESIAN_POINT('',(38.746426493021,30.233084807704,19.5));
#5028 = CARTESIAN_POINT('',(38.930671939505,29.465871482627,19.5));
#5029 = CARTESIAN_POINT('',(39.054051095294,28.68655110114,19.5));
#5030 = CARTESIAN_POINT('',(39.115734265734,27.901119866877,19.5));
#5031 = CARTESIAN_POINT('',(39.115734265734,27.115734265734,19.5));
#5032 = PCURVE('',#2308,#5033);
#5033 = DEFINITIONAL_REPRESENTATION('',(#5034),#5057);
#5034 = B_SPLINE_CURVE_WITH_KNOTS('',6,(#5035,#5036,#5037,#5038,#5039,
    #5040,#5041,#5042,#5043,#5044,#5045,#5046,#5047,#5048,#5049,#5050,
    #5051,#5052,#5053,#5054,#5055,#5056),.UNSPECIFIED.,.F.,.F.,(7,5,5,5,
    7),(0.,0.251999871945,0.500999935579,0.749999999273,1.),
  .UNSPECIFIED.);
#5035 = CARTESIAN_POINT('',(1.570796326795,0.895104895105));
#5036 = CARTESIAN_POINT('',(1.504823970043,0.895104895105));
#5037 = CARTESIAN_POINT('',(1.438847701009,0.895104895105));
#5038 = CARTESIAN_POINT('',(1.372875990793,0.895104895105));
#5039 = CARTESIAN_POINT('',(1.306904286044,0.895104895105));
#5040 = CARTESIAN_POINT('',(1.240928009914,0.895104895105));
#5041 = CARTESIAN_POINT('',(1.109768630395,0.895104895105));
#5042 = CARTESIAN_POINT('',(1.044577917397,0.895104895105));
#5043 = CARTESIAN_POINT('',(0.979391513903,0.895104895105));
#5044 = CARTESIAN_POINT('',(0.91420510776,0.895104895105));
#5045 = CARTESIAN_POINT('',(0.84901439123,0.895104895105));
#5046 = CARTESIAN_POINT('',(0.718640342895,0.895104895105));
#5047 = CARTESIAN_POINT('',(0.653449626393,0.895104895105));
#5048 = CARTESIAN_POINT('',(0.58826322032,0.895104895105));
#5049 = CARTESIAN_POINT('',(0.523076816869,0.895104895105));
#5050 = CARTESIAN_POINT('',(0.457886103826,0.895104895105));
#5051 = CARTESIAN_POINT('',(0.327250280854,0.895104895105));
#5052 = CARTESIAN_POINT('',(0.261797712984,0.895104895105));
#5053 = CARTESIAN_POINT('',(0.196349539512,0.895104895105));
#5054 = CARTESIAN_POINT('',(0.130901360874,0.895104895105));
#5055 = CARTESIAN_POINT('',(6.544880009524E-02,0.895104895105));
#5056 = CARTESIAN_POINT('',(0.,0.895104895105));
#5057 = ( GEOMETRIC_REPRESENTATION_CONTEXT(2) 
PARAMETRIC_REPRESENTATION_CONTEXT() REPRESENTATION_CONTEXT('2D SPACE',''
  ) );
#5058 = PCURVE('',#4561,#5059);
#5059 = DEFINITIONAL_REPRESENTATION('',(#5060),#5083);
#5060 = B_SPLINE_CURVE_WITH_KNOTS('',6,(#5061,#5062,#5063,#5064,#5065,
    #5066,#5067,#5068,#5069,#5070,#5071,#5072,#5073,#5074,#5075,#5076,
    #5077,#5078,#5079,#5080,#5081,#5082),.UNSPECIFIED.,.F.,.F.,(7,5,5,5,
    7),(0.,0.251999871945,0.500999935579,0.749999999273,1.),
  .UNSPECIFIED.);
#5061 = CARTESIAN_POINT('',(67.590734265734,79.590734265734));
#5062 = CARTESIAN_POINT('',(68.382402546762,79.590734265734));
#5063 = CARTESIAN_POINT('',(69.174118305265,79.528060278948));
#5064 = CARTESIAN_POINT('',(69.959574454315,79.402698866394));
#5065 = CARTESIAN_POINT('',(70.732630802633,79.215507183101));
#5066 = CARTESIAN_POINT('',(71.487291398714,78.968061786691));
#5067 = CARTESIAN_POINT('',(72.939497618463,78.36118629196));
#5068 = CARTESIAN_POINT('',(73.637700205419,78.003089225568));
#5069 = CARTESIAN_POINT('',(74.306733226901,77.590849391497));
#5070 = CARTESIAN_POINT('',(74.941444619828,77.127504693536));
#5071 = CARTESIAN_POINT('',(75.537073121887,76.616674929366));
#5072 = CARTESIAN_POINT('',(76.64159450638,75.508678126532));
#5073 = CARTESIAN_POINT('',(77.150550530744,74.911447747219));
#5074 = CARTESIAN_POINT('',(77.611898941047,74.275283848451));
#5075 = CARTESIAN_POINT('',(78.022034915526,73.604959041079));
#5076 = CARTESIAN_POINT('',(78.377936750382,72.905634906208));
#5077 = CARTESIAN_POINT('',(78.977842739329,71.45733373967));
#5078 = CARTESIAN_POINT('',(79.221426493021,70.708084807704));
#5079 = CARTESIAN_POINT('',(79.405671939505,69.940871482627));
#5080 = CARTESIAN_POINT('',(79.529051095294,69.16155110114));
#5081 = CARTESIAN_POINT('',(79.590734265734,68.376119866877));
#5082 = CARTESIAN_POINT('',(79.590734265734,67.590734265734));
#5083 = ( GEOMETRIC_REPRESENTATION_CONTEXT(2) 
PARAMETRIC_REPRESENTATION_CONTEXT() REPRESENTATION_CONTEXT('2D SPACE',''
  ) );
#5084 = ORIENTED_EDGE('',*,*,#4983,.T.);
#5085 = ORIENTED_EDGE('',*,*,#2254,.T.);
#5086 = ADVANCED_FACE('',(#5087),#2545,.F.);
#5087 = FACE_BOUND('',#5088,.F.);
#5088 = EDGE_LOOP('',(#5089,#5090,#5113,#5140));
#5089 = ORIENTED_EDGE('',*,*,#2528,.F.);
#5090 = ORIENTED_EDGE('',*,*,#5091,.F.);
#5091 = EDGE_CURVE('',#5092,#2529,#5094,.T.);
#5092 = VERTEX_POINT('',#5093);
#5093 = CARTESIAN_POINT('',(83.3,-67.,14.5));
#5094 = SEAM_CURVE('',#5095,(#5099,#5106),.PCURVE_S1.);
#5095 = LINE('',#5096,#5097);
#5096 = CARTESIAN_POINT('',(83.3,-67.,14.5));
#5097 = VECTOR('',#5098,1.);
#5098 = DIRECTION('',(0.,0.,1.));
#5099 = PCURVE('',#2545,#5100);
#5100 = DEFINITIONAL_REPRESENTATION('',(#5101),#5105);
#5101 = LINE('',#5102,#5103);
#5102 = CARTESIAN_POINT('',(6.28318530718,-0.));
#5103 = VECTOR('',#5104,1.);
#5104 = DIRECTION('',(0.,1.));
#5105 = ( GEOMETRIC_REPRESENTATION_CONTEXT(2) 
PARAMETRIC_REPRESENTATION_CONTEXT() REPRESENTATION_CONTEXT('2D SPACE',''
  ) );
#5106 = PCURVE('',#2545,#5107);
#5107 = DEFINITIONAL_REPRESENTATION('',(#5108),#5112);
#5108 = LINE('',#5109,#5110);
#5109 = CARTESIAN_POINT('',(0.,-0.));
#5110 = VECTOR('',#5111,1.);
#5111 = DIRECTION('',(0.,1.));
#5112 = ( GEOMETRIC_REPRESENTATION_CONTEXT(2) 
PARAMETRIC_REPRESENTATION_CONTEXT() REPRESENTATION_CONTEXT('2D SPACE',''
  ) );
#5113 = ORIENTED_EDGE('',*,*,#5114,.T.);
#5114 = EDGE_CURVE('',#5092,#5092,#5115,.T.);
#5115 = SURFACE_CURVE('',#5116,(#5121,#5128),.PCURVE_S1.);
#5116 = CIRCLE('',#5117,2.05);
#5117 = AXIS2_PLACEMENT_3D('',#5118,#5119,#5120);
#5118 = CARTESIAN_POINT('',(81.25,-67.,14.5));
#5119 = DIRECTION('',(0.,0.,1.));
#5120 = DIRECTION('',(1.,0.,0.));
#5121 = PCURVE('',#2545,#5122);
#5122 = DEFINITIONAL_REPRESENTATION('',(#5123),#5127);
#5123 = LINE('',#5124,#5125);
#5124 = CARTESIAN_POINT('',(0.,0.));
#5125 = VECTOR('',#5126,1.);
#5126 = DIRECTION('',(1.,0.));
#5127 = ( GEOMETRIC_REPRESENTATION_CONTEXT(2) 
PARAMETRIC_REPRESENTATION_CONTEXT() REPRESENTATION_CONTEXT('2D SPACE',''
  ) );
#5128 = PCURVE('',#5129,#5134);
#5129 = PLANE('',#5130);
#5130 = AXIS2_PLACEMENT_3D('',#5131,#5132,#5133);
#5131 = CARTESIAN_POINT('',(81.25,-67.,14.5));
#5132 = DIRECTION('',(0.,0.,1.));
#5133 = DIRECTION('',(1.,0.,0.));
#5134 = DEFINITIONAL_REPRESENTATION('',(#5135),#5139);
#5135 = CIRCLE('',#5136,2.05);
#5136 = AXIS2_PLACEMENT_2D('',#5137,#5138);
#5137 = CARTESIAN_POINT('',(0.,0.));
#5138 = DIRECTION('',(1.,0.));
#5139 = ( GEOMETRIC_REPRESENTATION_CONTEXT(2) 
PARAMETRIC_REPRESENTATION_CONTEXT() REPRESENTATION_CONTEXT('2D SPACE',''
  ) );
#5140 = ORIENTED_EDGE('',*,*,#5091,.T.);
#5141 = ADVANCED_FACE('',(#5142),#2576,.F.);
#5142 = FACE_BOUND('',#5143,.F.);
#5143 = EDGE_LOOP('',(#5144,#5145,#5168,#5195));
#5144 = ORIENTED_EDGE('',*,*,#2559,.F.);
#5145 = ORIENTED_EDGE('',*,*,#5146,.F.);
#5146 = EDGE_CURVE('',#5147,#2560,#5149,.T.);
#5147 = VERTEX_POINT('',#5148);
#5148 = CARTESIAN_POINT('',(83.3,-23.,14.5));
#5149 = SEAM_CURVE('',#5150,(#5154,#5161),.PCURVE_S1.);
#5150 = LINE('',#5151,#5152);
#5151 = CARTESIAN_POINT('',(83.3,-23.,14.5));
#5152 = VECTOR('',#5153,1.);
#5153 = DIRECTION('',(0.,0.,1.));
#5154 = PCURVE('',#2576,#5155);
#5155 = DEFINITIONAL_REPRESENTATION('',(#5156),#5160);
#5156 = LINE('',#5157,#5158);
#5157 = CARTESIAN_POINT('',(6.28318530718,-0.));
#5158 = VECTOR('',#5159,1.);
#5159 = DIRECTION('',(0.,1.));
#5160 = ( GEOMETRIC_REPRESENTATION_CONTEXT(2) 
PARAMETRIC_REPRESENTATION_CONTEXT() REPRESENTATION_CONTEXT('2D SPACE',''
  ) );
#5161 = PCURVE('',#2576,#5162);
#5162 = DEFINITIONAL_REPRESENTATION('',(#5163),#5167);
#5163 = LINE('',#5164,#5165);
#5164 = CARTESIAN_POINT('',(0.,-0.));
#5165 = VECTOR('',#5166,1.);
#5166 = DIRECTION('',(0.,1.));
#5167 = ( GEOMETRIC_REPRESENTATION_CONTEXT(2) 
PARAMETRIC_REPRESENTATION_CONTEXT() REPRESENTATION_CONTEXT('2D SPACE',''
  ) );
#5168 = ORIENTED_EDGE('',*,*,#5169,.T.);
#5169 = EDGE_CURVE('',#5147,#5147,#5170,.T.);
#5170 = SURFACE_CURVE('',#5171,(#5176,#5183),.PCURVE_S1.);
#5171 = CIRCLE('',#5172,2.05);
#5172 = AXIS2_PLACEMENT_3D('',#5173,#5174,#5175);
#5173 = CARTESIAN_POINT('',(81.25,-23.,14.5));
#5174 = DIRECTION('',(0.,0.,1.));
#5175 = DIRECTION('',(1.,0.,0.));
#5176 = PCURVE('',#2576,#5177);
#5177 = DEFINITIONAL_REPRESENTATION('',(#5178),#5182);
#5178 = LINE('',#5179,#5180);
#5179 = CARTESIAN_POINT('',(0.,0.));
#5180 = VECTOR('',#5181,1.);
#5181 = DIRECTION('',(1.,0.));
#5182 = ( GEOMETRIC_REPRESENTATION_CONTEXT(2) 
PARAMETRIC_REPRESENTATION_CONTEXT() REPRESENTATION_CONTEXT('2D SPACE',''
  ) );
#5183 = PCURVE('',#5184,#5189);
#5184 = PLANE('',#5185);
#5185 = AXIS2_PLACEMENT_3D('',#5186,#5187,#5188);
#5186 = CARTESIAN_POINT('',(81.25,-23.,14.5));
#5187 = DIRECTION('',(0.,0.,1.));
#5188 = DIRECTION('',(1.,0.,0.));
#5189 = DEFINITIONAL_REPRESENTATION('',(#5190),#5194);
#5190 = CIRCLE('',#5191,2.05);
#5191 = AXIS2_PLACEMENT_2D('',#5192,#5193);
#5192 = CARTESIAN_POINT('',(0.,0.));
#5193 = DIRECTION('',(1.,0.));
#5194 = ( GEOMETRIC_REPRESENTATION_CONTEXT(2) 
PARAMETRIC_REPRESENTATION_CONTEXT() REPRESENTATION_CONTEXT('2D SPACE',''
  ) );
#5195 = ORIENTED_EDGE('',*,*,#5146,.T.);
#5196 = ADVANCED_FACE('',(#5197,#5272),#2607,.T.);
#5197 = FACE_BOUND('',#5198,.T.);
#5198 = EDGE_LOOP('',(#5199,#5222,#5250,#5271));
#5199 = ORIENTED_EDGE('',*,*,#5200,.F.);
#5200 = EDGE_CURVE('',#5201,#2591,#5203,.T.);
#5201 = VERTEX_POINT('',#5202);
#5202 = CARTESIAN_POINT('',(72.,-35.3,8.2));
#5203 = SURFACE_CURVE('',#5204,(#5208,#5215),.PCURVE_S1.);
#5204 = LINE('',#5205,#5206);
#5205 = CARTESIAN_POINT('',(72.,-35.3,8.2));
#5206 = VECTOR('',#5207,1.);
#5207 = DIRECTION('',(0.,0.,1.));
#5208 = PCURVE('',#2607,#5209);
#5209 = DEFINITIONAL_REPRESENTATION('',(#5210),#5214);
#5210 = LINE('',#5211,#5212);
#5211 = CARTESIAN_POINT('',(0.,16.));
#5212 = VECTOR('',#5213,1.);
#5213 = DIRECTION('',(1.,0.));
#5214 = ( GEOMETRIC_REPRESENTATION_CONTEXT(2) 
PARAMETRIC_REPRESENTATION_CONTEXT() REPRESENTATION_CONTEXT('2D SPACE',''
  ) );
#5215 = PCURVE('',#2683,#5216);
#5216 = DEFINITIONAL_REPRESENTATION('',(#5217),#5221);
#5217 = LINE('',#5218,#5219);
#5218 = CARTESIAN_POINT('',(0.,0.));
#5219 = VECTOR('',#5220,1.);
#5220 = DIRECTION('',(1.,0.));
#5221 = ( GEOMETRIC_REPRESENTATION_CONTEXT(2) 
PARAMETRIC_REPRESENTATION_CONTEXT() REPRESENTATION_CONTEXT('2D SPACE',''
  ) );
#5222 = ORIENTED_EDGE('',*,*,#5223,.F.);
#5223 = EDGE_CURVE('',#5224,#5201,#5226,.T.);
#5224 = VERTEX_POINT('',#5225);
#5225 = CARTESIAN_POINT('',(56.,-35.3,8.2));
#5226 = SURFACE_CURVE('',#5227,(#5231,#5238),.PCURVE_S1.);
#5227 = LINE('',#5228,#5229);
#5228 = CARTESIAN_POINT('',(56.,-35.3,8.2));
#5229 = VECTOR('',#5230,1.);
#5230 = DIRECTION('',(1.,0.,-0.));
#5231 = PCURVE('',#2607,#5232);
#5232 = DEFINITIONAL_REPRESENTATION('',(#5233),#5237);
#5233 = LINE('',#5234,#5235);
#5234 = CARTESIAN_POINT('',(0.,0.));
#5235 = VECTOR('',#5236,1.);
#5236 = DIRECTION('',(0.,1.));
#5237 = ( GEOMETRIC_REPRESENTATION_CONTEXT(2) 
PARAMETRIC_REPRESENTATION_CONTEXT() REPRESENTATION_CONTEXT('2D SPACE',''
  ) );
#5238 = PCURVE('',#5239,#5244);
#5239 = PLANE('',#5240);
#5240 = AXIS2_PLACEMENT_3D('',#5241,#5242,#5243);
#5241 = CARTESIAN_POINT('',(56.,-35.3,8.2));
#5242 = DIRECTION('',(0.,0.,1.));
#5243 = DIRECTION('',(1.,0.,-0.));
#5244 = DEFINITIONAL_REPRESENTATION('',(#5245),#5249);
#5245 = LINE('',#5246,#5247);
#5246 = CARTESIAN_POINT('',(0.,0.));
#5247 = VECTOR('',#5248,1.);
#5248 = DIRECTION('',(1.,0.));
#5249 = ( GEOMETRIC_REPRESENTATION_CONTEXT(2) 
PARAMETRIC_REPRESENTATION_CONTEXT() REPRESENTATION_CONTEXT('2D SPACE',''
  ) );
#5250 = ORIENTED_EDGE('',*,*,#5251,.T.);
#5251 = EDGE_CURVE('',#5224,#2593,#5252,.T.);
#5252 = SURFACE_CURVE('',#5253,(#5257,#5264),.PCURVE_S1.);
#5253 = LINE('',#5254,#5255);
#5254 = CARTESIAN_POINT('',(56.,-35.3,8.2));
#5255 = VECTOR('',#5256,1.);
#5256 = DIRECTION('',(0.,0.,1.));
#5257 = PCURVE('',#2607,#5258);
#5258 = DEFINITIONAL_REPRESENTATION('',(#5259),#5263);
#5259 = LINE('',#5260,#5261);
#5260 = CARTESIAN_POINT('',(0.,0.));
#5261 = VECTOR('',#5262,1.);
#5262 = DIRECTION('',(1.,0.));
#5263 = ( GEOMETRIC_REPRESENTATION_CONTEXT(2) 
PARAMETRIC_REPRESENTATION_CONTEXT() REPRESENTATION_CONTEXT('2D SPACE',''
  ) );
#5264 = PCURVE('',#2633,#5265);
#5265 = DEFINITIONAL_REPRESENTATION('',(#5266),#5270);
#5266 = LINE('',#5267,#5268);
#5267 = CARTESIAN_POINT('',(0.,0.));
#5268 = VECTOR('',#5269,1.);
#5269 = DIRECTION('',(1.,0.));
#5270 = ( GEOMETRIC_REPRESENTATION_CONTEXT(2) 
PARAMETRIC_REPRESENTATION_CONTEXT() REPRESENTATION_CONTEXT('2D SPACE',''
  ) );
#5271 = ORIENTED_EDGE('',*,*,#2590,.F.);
#5272 = FACE_BOUND('',#5273,.T.);
#5273 = EDGE_LOOP('',(#5274));
#5274 = ORIENTED_EDGE('',*,*,#5275,.T.);
#5275 = EDGE_CURVE('',#5276,#5276,#5278,.T.);
#5276 = VERTEX_POINT('',#5277);
#5277 = CARTESIAN_POINT('',(68.05,-35.3,14.5));
#5278 = SURFACE_CURVE('',#5279,(#5284,#5295),.PCURVE_S1.);
#5279 = CIRCLE('',#5280,4.05);
#5280 = AXIS2_PLACEMENT_3D('',#5281,#5282,#5283);
#5281 = CARTESIAN_POINT('',(64.,-35.3,14.5));
#5282 = DIRECTION('',(0.,-1.,2.22044604925E-16));
#5283 = DIRECTION('',(1.,0.,0.));
#5284 = PCURVE('',#2607,#5285);
#5285 = DEFINITIONAL_REPRESENTATION('',(#5286),#5294);
#5286 = ( BOUNDED_CURVE() B_SPLINE_CURVE(2,(#5287,#5288,#5289,#5290,
#5291,#5292,#5293),.UNSPECIFIED.,.T.,.F.) B_SPLINE_CURVE_WITH_KNOTS((1,2
    ,2,2,2,1),(-2.094395102393,0.,2.094395102393,4.188790204786,
6.28318530718,8.377580409573),.UNSPECIFIED.) CURVE() 
GEOMETRIC_REPRESENTATION_ITEM() RATIONAL_B_SPLINE_CURVE((1.,0.5,1.,0.5,
1.,0.5,1.)) REPRESENTATION_ITEM('') );
#5287 = CARTESIAN_POINT('',(6.3,12.05));
#5288 = CARTESIAN_POINT('',(13.314805770654,12.05));
#5289 = CARTESIAN_POINT('',(9.807402885327,5.975));
#5290 = CARTESIAN_POINT('',(6.3,-1.E-01));
#5291 = CARTESIAN_POINT('',(2.792597114673,5.975));
#5292 = CARTESIAN_POINT('',(-0.714805770654,12.05));
#5293 = CARTESIAN_POINT('',(6.3,12.05));
#5294 = ( GEOMETRIC_REPRESENTATION_CONTEXT(2) 
PARAMETRIC_REPRESENTATION_CONTEXT() REPRESENTATION_CONTEXT('2D SPACE',''
  ) );
#5295 = PCURVE('',#5296,#5301);
#5296 = CYLINDRICAL_SURFACE('',#5297,4.05);
#5297 = AXIS2_PLACEMENT_3D('',#5298,#5299,#5300);
#5298 = CARTESIAN_POINT('',(64.,-35.2,14.5));
#5299 = DIRECTION('',(0.,-1.,2.22044604925E-16));
#5300 = DIRECTION('',(1.,0.,0.));
#5301 = DEFINITIONAL_REPRESENTATION('',(#5302),#5306);
#5302 = LINE('',#5303,#5304);
#5303 = CARTESIAN_POINT('',(0.,9.999999999999E-02));
#5304 = VECTOR('',#5305,1.);
#5305 = DIRECTION('',(1.,0.));
#5306 = ( GEOMETRIC_REPRESENTATION_CONTEXT(2) 
PARAMETRIC_REPRESENTATION_CONTEXT() REPRESENTATION_CONTEXT('2D SPACE',''
  ) );
#5307 = ADVANCED_FACE('',(#5308),#2683,.F.);
#5308 = FACE_BOUND('',#5309,.F.);
#5309 = EDGE_LOOP('',(#5310,#5311,#5334,#5355));
#5310 = ORIENTED_EDGE('',*,*,#5200,.F.);
#5311 = ORIENTED_EDGE('',*,*,#5312,.T.);
#5312 = EDGE_CURVE('',#5201,#5313,#5315,.T.);
#5313 = VERTEX_POINT('',#5314);
#5314 = CARTESIAN_POINT('',(72.,35.3,8.2));
#5315 = SURFACE_CURVE('',#5316,(#5320,#5327),.PCURVE_S1.);
#5316 = LINE('',#5317,#5318);
#5317 = CARTESIAN_POINT('',(72.,-35.3,8.2));
#5318 = VECTOR('',#5319,1.);
#5319 = DIRECTION('',(-0.,1.,0.));
#5320 = PCURVE('',#2683,#5321);
#5321 = DEFINITIONAL_REPRESENTATION('',(#5322),#5326);
#5322 = LINE('',#5323,#5324);
#5323 = CARTESIAN_POINT('',(0.,0.));
#5324 = VECTOR('',#5325,1.);
#5325 = DIRECTION('',(0.,-1.));
#5326 = ( GEOMETRIC_REPRESENTATION_CONTEXT(2) 
PARAMETRIC_REPRESENTATION_CONTEXT() REPRESENTATION_CONTEXT('2D SPACE',''
  ) );
#5327 = PCURVE('',#5239,#5328);
#5328 = DEFINITIONAL_REPRESENTATION('',(#5329),#5333);
#5329 = LINE('',#5330,#5331);
#5330 = CARTESIAN_POINT('',(16.,0.));
#5331 = VECTOR('',#5332,1.);
#5332 = DIRECTION('',(0.,1.));
#5333 = ( GEOMETRIC_REPRESENTATION_CONTEXT(2) 
PARAMETRIC_REPRESENTATION_CONTEXT() REPRESENTATION_CONTEXT('2D SPACE',''
  ) );
#5334 = ORIENTED_EDGE('',*,*,#5335,.T.);
#5335 = EDGE_CURVE('',#5313,#2645,#5336,.T.);
#5336 = SURFACE_CURVE('',#5337,(#5341,#5348),.PCURVE_S1.);
#5337 = LINE('',#5338,#5339);
#5338 = CARTESIAN_POINT('',(72.,35.3,8.2));
#5339 = VECTOR('',#5340,1.);
#5340 = DIRECTION('',(0.,0.,1.));
#5341 = PCURVE('',#2683,#5342);
#5342 = DEFINITIONAL_REPRESENTATION('',(#5343),#5347);
#5343 = LINE('',#5344,#5345);
#5344 = CARTESIAN_POINT('',(0.,-70.6));
#5345 = VECTOR('',#5346,1.);
#5346 = DIRECTION('',(1.,0.));
#5347 = ( GEOMETRIC_REPRESENTATION_CONTEXT(2) 
PARAMETRIC_REPRESENTATION_CONTEXT() REPRESENTATION_CONTEXT('2D SPACE',''
  ) );
#5348 = PCURVE('',#2659,#5349);
#5349 = DEFINITIONAL_REPRESENTATION('',(#5350),#5354);
#5350 = LINE('',#5351,#5352);
#5351 = CARTESIAN_POINT('',(0.,16.));
#5352 = VECTOR('',#5353,1.);
#5353 = DIRECTION('',(1.,0.));
#5354 = ( GEOMETRIC_REPRESENTATION_CONTEXT(2) 
PARAMETRIC_REPRESENTATION_CONTEXT() REPRESENTATION_CONTEXT('2D SPACE',''
  ) );
#5355 = ORIENTED_EDGE('',*,*,#2670,.F.);
#5356 = ADVANCED_FACE('',(#5357),#2633,.T.);
#5357 = FACE_BOUND('',#5358,.T.);
#5358 = EDGE_LOOP('',(#5359,#5360,#5383,#5404));
#5359 = ORIENTED_EDGE('',*,*,#5251,.F.);
#5360 = ORIENTED_EDGE('',*,*,#5361,.T.);
#5361 = EDGE_CURVE('',#5224,#5362,#5364,.T.);
#5362 = VERTEX_POINT('',#5363);
#5363 = CARTESIAN_POINT('',(56.,35.3,8.2));
#5364 = SURFACE_CURVE('',#5365,(#5369,#5376),.PCURVE_S1.);
#5365 = LINE('',#5366,#5367);
#5366 = CARTESIAN_POINT('',(56.,-35.3,8.2));
#5367 = VECTOR('',#5368,1.);
#5368 = DIRECTION('',(-0.,1.,0.));
#5369 = PCURVE('',#2633,#5370);
#5370 = DEFINITIONAL_REPRESENTATION('',(#5371),#5375);
#5371 = LINE('',#5372,#5373);
#5372 = CARTESIAN_POINT('',(0.,0.));
#5373 = VECTOR('',#5374,1.);
#5374 = DIRECTION('',(0.,-1.));
#5375 = ( GEOMETRIC_REPRESENTATION_CONTEXT(2) 
PARAMETRIC_REPRESENTATION_CONTEXT() REPRESENTATION_CONTEXT('2D SPACE',''
  ) );
#5376 = PCURVE('',#5239,#5377);
#5377 = DEFINITIONAL_REPRESENTATION('',(#5378),#5382);
#5378 = LINE('',#5379,#5380);
#5379 = CARTESIAN_POINT('',(0.,0.));
#5380 = VECTOR('',#5381,1.);
#5381 = DIRECTION('',(0.,1.));
#5382 = ( GEOMETRIC_REPRESENTATION_CONTEXT(2) 
PARAMETRIC_REPRESENTATION_CONTEXT() REPRESENTATION_CONTEXT('2D SPACE',''
  ) );
#5383 = ORIENTED_EDGE('',*,*,#5384,.T.);
#5384 = EDGE_CURVE('',#5362,#2619,#5385,.T.);
#5385 = SURFACE_CURVE('',#5386,(#5390,#5397),.PCURVE_S1.);
#5386 = LINE('',#5387,#5388);
#5387 = CARTESIAN_POINT('',(56.,35.3,8.2));
#5388 = VECTOR('',#5389,1.);
#5389 = DIRECTION('',(0.,0.,1.));
#5390 = PCURVE('',#2633,#5391);
#5391 = DEFINITIONAL_REPRESENTATION('',(#5392),#5396);
#5392 = LINE('',#5393,#5394);
#5393 = CARTESIAN_POINT('',(0.,-70.6));
#5394 = VECTOR('',#5395,1.);
#5395 = DIRECTION('',(1.,0.));
#5396 = ( GEOMETRIC_REPRESENTATION_CONTEXT(2) 
PARAMETRIC_REPRESENTATION_CONTEXT() REPRESENTATION_CONTEXT('2D SPACE',''
  ) );
#5397 = PCURVE('',#2659,#5398);
#5398 = DEFINITIONAL_REPRESENTATION('',(#5399),#5403);
#5399 = LINE('',#5400,#5401);
#5400 = CARTESIAN_POINT('',(0.,0.));
#5401 = VECTOR('',#5402,1.);
#5402 = DIRECTION('',(1.,0.));
#5403 = ( GEOMETRIC_REPRESENTATION_CONTEXT(2) 
PARAMETRIC_REPRESENTATION_CONTEXT() REPRESENTATION_CONTEXT('2D SPACE',''
  ) );
#5404 = ORIENTED_EDGE('',*,*,#2618,.F.);
#5405 = ADVANCED_FACE('',(#5406,#5432),#2659,.F.);
#5406 = FACE_BOUND('',#5407,.F.);
#5407 = EDGE_LOOP('',(#5408,#5409,#5430,#5431));
#5408 = ORIENTED_EDGE('',*,*,#5335,.F.);
#5409 = ORIENTED_EDGE('',*,*,#5410,.F.);
#5410 = EDGE_CURVE('',#5362,#5313,#5411,.T.);
#5411 = SURFACE_CURVE('',#5412,(#5416,#5423),.PCURVE_S1.);
#5412 = LINE('',#5413,#5414);
#5413 = CARTESIAN_POINT('',(56.,35.3,8.2));
#5414 = VECTOR('',#5415,1.);
#5415 = DIRECTION('',(1.,0.,-0.));
#5416 = PCURVE('',#2659,#5417);
#5417 = DEFINITIONAL_REPRESENTATION('',(#5418),#5422);
#5418 = LINE('',#5419,#5420);
#5419 = CARTESIAN_POINT('',(0.,0.));
#5420 = VECTOR('',#5421,1.);
#5421 = DIRECTION('',(0.,1.));
#5422 = ( GEOMETRIC_REPRESENTATION_CONTEXT(2) 
PARAMETRIC_REPRESENTATION_CONTEXT() REPRESENTATION_CONTEXT('2D SPACE',''
  ) );
#5423 = PCURVE('',#5239,#5424);
#5424 = DEFINITIONAL_REPRESENTATION('',(#5425),#5429);
#5425 = LINE('',#5426,#5427);
#5426 = CARTESIAN_POINT('',(0.,70.6));
#5427 = VECTOR('',#5428,1.);
#5428 = DIRECTION('',(1.,0.));
#5429 = ( GEOMETRIC_REPRESENTATION_CONTEXT(2) 
PARAMETRIC_REPRESENTATION_CONTEXT() REPRESENTATION_CONTEXT('2D SPACE',''
  ) );
#5430 = ORIENTED_EDGE('',*,*,#5384,.T.);
#5431 = ORIENTED_EDGE('',*,*,#2644,.F.);
#5432 = FACE_BOUND('',#5433,.F.);
#5433 = EDGE_LOOP('',(#5434));
#5434 = ORIENTED_EDGE('',*,*,#5435,.T.);
#5435 = EDGE_CURVE('',#5436,#5436,#5438,.T.);
#5436 = VERTEX_POINT('',#5437);
#5437 = CARTESIAN_POINT('',(68.05,35.3,14.5));
#5438 = SURFACE_CURVE('',#5439,(#5444,#5455),.PCURVE_S1.);
#5439 = CIRCLE('',#5440,4.05);
#5440 = AXIS2_PLACEMENT_3D('',#5441,#5442,#5443);
#5441 = CARTESIAN_POINT('',(64.,35.3,14.5));
#5442 = DIRECTION('',(0.,-1.,2.22044604925E-16));
#5443 = DIRECTION('',(1.,0.,0.));
#5444 = PCURVE('',#2659,#5445);
#5445 = DEFINITIONAL_REPRESENTATION('',(#5446),#5454);
#5446 = ( BOUNDED_CURVE() B_SPLINE_CURVE(2,(#5447,#5448,#5449,#5450,
#5451,#5452,#5453),.UNSPECIFIED.,.T.,.F.) B_SPLINE_CURVE_WITH_KNOTS((1,2
    ,2,2,2,1),(-2.094395102393,0.,2.094395102393,4.188790204786,
6.28318530718,8.377580409573),.UNSPECIFIED.) CURVE() 
GEOMETRIC_REPRESENTATION_ITEM() RATIONAL_B_SPLINE_CURVE((1.,0.5,1.,0.5,
1.,0.5,1.)) REPRESENTATION_ITEM('') );
#5447 = CARTESIAN_POINT('',(6.3,12.05));
#5448 = CARTESIAN_POINT('',(13.314805770654,12.05));
#5449 = CARTESIAN_POINT('',(9.807402885327,5.975));
#5450 = CARTESIAN_POINT('',(6.3,-1.E-01));
#5451 = CARTESIAN_POINT('',(2.792597114673,5.975));
#5452 = CARTESIAN_POINT('',(-0.714805770654,12.05));
#5453 = CARTESIAN_POINT('',(6.3,12.05));
#5454 = ( GEOMETRIC_REPRESENTATION_CONTEXT(2) 
PARAMETRIC_REPRESENTATION_CONTEXT() REPRESENTATION_CONTEXT('2D SPACE',''
  ) );
#5455 = PCURVE('',#5456,#5461);
#5456 = CYLINDRICAL_SURFACE('',#5457,4.05);
#5457 = AXIS2_PLACEMENT_3D('',#5458,#5459,#5460);
#5458 = CARTESIAN_POINT('',(64.,41.3,14.5));
#5459 = DIRECTION('',(0.,-1.,2.22044604925E-16));
#5460 = DIRECTION('',(1.,0.,0.));
#5461 = DEFINITIONAL_REPRESENTATION('',(#5462),#5466);
#5462 = LINE('',#5463,#5464);
#5463 = CARTESIAN_POINT('',(0.,6.));
#5464 = VECTOR('',#5465,1.);
#5465 = DIRECTION('',(1.,0.));
#5466 = ( GEOMETRIC_REPRESENTATION_CONTEXT(2) 
PARAMETRIC_REPRESENTATION_CONTEXT() REPRESENTATION_CONTEXT('2D SPACE',''
  ) );
#5467 = ADVANCED_FACE('',(#5468),#2713,.F.);
#5468 = FACE_BOUND('',#5469,.F.);
#5469 = EDGE_LOOP('',(#5470,#5471,#5494,#5521));
#5470 = ORIENTED_EDGE('',*,*,#2696,.F.);
#5471 = ORIENTED_EDGE('',*,*,#5472,.F.);
#5472 = EDGE_CURVE('',#5473,#2697,#5475,.T.);
#5473 = VERTEX_POINT('',#5474);
#5474 = CARTESIAN_POINT('',(-79.2,23.,14.5));
#5475 = SEAM_CURVE('',#5476,(#5480,#5487),.PCURVE_S1.);
#5476 = LINE('',#5477,#5478);
#5477 = CARTESIAN_POINT('',(-79.2,23.,14.5));
#5478 = VECTOR('',#5479,1.);
#5479 = DIRECTION('',(0.,0.,1.));
#5480 = PCURVE('',#2713,#5481);
#5481 = DEFINITIONAL_REPRESENTATION('',(#5482),#5486);
#5482 = LINE('',#5483,#5484);
#5483 = CARTESIAN_POINT('',(6.28318530718,-0.));
#5484 = VECTOR('',#5485,1.);
#5485 = DIRECTION('',(0.,1.));
#5486 = ( GEOMETRIC_REPRESENTATION_CONTEXT(2) 
PARAMETRIC_REPRESENTATION_CONTEXT() REPRESENTATION_CONTEXT('2D SPACE',''
  ) );
#5487 = PCURVE('',#2713,#5488);
#5488 = DEFINITIONAL_REPRESENTATION('',(#5489),#5493);
#5489 = LINE('',#5490,#5491);
#5490 = CARTESIAN_POINT('',(0.,-0.));
#5491 = VECTOR('',#5492,1.);
#5492 = DIRECTION('',(0.,1.));
#5493 = ( GEOMETRIC_REPRESENTATION_CONTEXT(2) 
PARAMETRIC_REPRESENTATION_CONTEXT() REPRESENTATION_CONTEXT('2D SPACE',''
  ) );
#5494 = ORIENTED_EDGE('',*,*,#5495,.T.);
#5495 = EDGE_CURVE('',#5473,#5473,#5496,.T.);
#5496 = SURFACE_CURVE('',#5497,(#5502,#5509),.PCURVE_S1.);
#5497 = CIRCLE('',#5498,2.05);
#5498 = AXIS2_PLACEMENT_3D('',#5499,#5500,#5501);
#5499 = CARTESIAN_POINT('',(-81.25,23.,14.5));
#5500 = DIRECTION('',(0.,0.,1.));
#5501 = DIRECTION('',(1.,0.,0.));
#5502 = PCURVE('',#2713,#5503);
#5503 = DEFINITIONAL_REPRESENTATION('',(#5504),#5508);
#5504 = LINE('',#5505,#5506);
#5505 = CARTESIAN_POINT('',(0.,0.));
#5506 = VECTOR('',#5507,1.);
#5507 = DIRECTION('',(1.,0.));
#5508 = ( GEOMETRIC_REPRESENTATION_CONTEXT(2) 
PARAMETRIC_REPRESENTATION_CONTEXT() REPRESENTATION_CONTEXT('2D SPACE',''
  ) );
#5509 = PCURVE('',#5510,#5515);
#5510 = PLANE('',#5511);
#5511 = AXIS2_PLACEMENT_3D('',#5512,#5513,#5514);
#5512 = CARTESIAN_POINT('',(-81.25,23.,14.5));
#5513 = DIRECTION('',(0.,0.,1.));
#5514 = DIRECTION('',(1.,0.,0.));
#5515 = DEFINITIONAL_REPRESENTATION('',(#5516),#5520);
#5516 = CIRCLE('',#5517,2.05);
#5517 = AXIS2_PLACEMENT_2D('',#5518,#5519);
#5518 = CARTESIAN_POINT('',(0.,0.));
#5519 = DIRECTION('',(1.,0.));
#5520 = ( GEOMETRIC_REPRESENTATION_CONTEXT(2) 
PARAMETRIC_REPRESENTATION_CONTEXT() REPRESENTATION_CONTEXT('2D SPACE',''
  ) );
#5521 = ORIENTED_EDGE('',*,*,#5472,.T.);
#5522 = ADVANCED_FACE('',(#5523),#2744,.F.);
#5523 = FACE_BOUND('',#5524,.F.);
#5524 = EDGE_LOOP('',(#5525,#5526,#5549,#5576));
#5525 = ORIENTED_EDGE('',*,*,#2727,.F.);
#5526 = ORIENTED_EDGE('',*,*,#5527,.F.);
#5527 = EDGE_CURVE('',#5528,#2728,#5530,.T.);
#5528 = VERTEX_POINT('',#5529);
#5529 = CARTESIAN_POINT('',(-79.2,45.,14.5));
#5530 = SEAM_CURVE('',#5531,(#5535,#5542),.PCURVE_S1.);
#5531 = LINE('',#5532,#5533);
#5532 = CARTESIAN_POINT('',(-79.2,45.,14.5));
#5533 = VECTOR('',#5534,1.);
#5534 = DIRECTION('',(0.,0.,1.));
#5535 = PCURVE('',#2744,#5536);
#5536 = DEFINITIONAL_REPRESENTATION('',(#5537),#5541);
#5537 = LINE('',#5538,#5539);
#5538 = CARTESIAN_POINT('',(6.28318530718,-0.));
#5539 = VECTOR('',#5540,1.);
#5540 = DIRECTION('',(0.,1.));
#5541 = ( GEOMETRIC_REPRESENTATION_CONTEXT(2) 
PARAMETRIC_REPRESENTATION_CONTEXT() REPRESENTATION_CONTEXT('2D SPACE',''
  ) );
#5542 = PCURVE('',#2744,#5543);
#5543 = DEFINITIONAL_REPRESENTATION('',(#5544),#5548);
#5544 = LINE('',#5545,#5546);
#5545 = CARTESIAN_POINT('',(0.,-0.));
#5546 = VECTOR('',#5547,1.);
#5547 = DIRECTION('',(0.,1.));
#5548 = ( GEOMETRIC_REPRESENTATION_CONTEXT(2) 
PARAMETRIC_REPRESENTATION_CONTEXT() REPRESENTATION_CONTEXT('2D SPACE',''
  ) );
#5549 = ORIENTED_EDGE('',*,*,#5550,.T.);
#5550 = EDGE_CURVE('',#5528,#5528,#5551,.T.);
#5551 = SURFACE_CURVE('',#5552,(#5557,#5564),.PCURVE_S1.);
#5552 = CIRCLE('',#5553,2.05);
#5553 = AXIS2_PLACEMENT_3D('',#5554,#5555,#5556);
#5554 = CARTESIAN_POINT('',(-81.25,45.,14.5));
#5555 = DIRECTION('',(0.,0.,1.));
#5556 = DIRECTION('',(1.,0.,0.));
#5557 = PCURVE('',#2744,#5558);
#5558 = DEFINITIONAL_REPRESENTATION('',(#5559),#5563);
#5559 = LINE('',#5560,#5561);
#5560 = CARTESIAN_POINT('',(0.,0.));
#5561 = VECTOR('',#5562,1.);
#5562 = DIRECTION('',(1.,0.));
#5563 = ( GEOMETRIC_REPRESENTATION_CONTEXT(2) 
PARAMETRIC_REPRESENTATION_CONTEXT() REPRESENTATION_CONTEXT('2D SPACE',''
  ) );
#5564 = PCURVE('',#5565,#5570);
#5565 = PLANE('',#5566);
#5566 = AXIS2_PLACEMENT_3D('',#5567,#5568,#5569);
#5567 = CARTESIAN_POINT('',(-81.25,45.,14.5));
#5568 = DIRECTION('',(0.,0.,1.));
#5569 = DIRECTION('',(1.,0.,0.));
#5570 = DEFINITIONAL_REPRESENTATION('',(#5571),#5575);
#5571 = CIRCLE('',#5572,2.05);
#5572 = AXIS2_PLACEMENT_2D('',#5573,#5574);
#5573 = CARTESIAN_POINT('',(0.,0.));
#5574 = DIRECTION('',(1.,0.));
#5575 = ( GEOMETRIC_REPRESENTATION_CONTEXT(2) 
PARAMETRIC_REPRESENTATION_CONTEXT() REPRESENTATION_CONTEXT('2D SPACE',''
  ) );
#5576 = ORIENTED_EDGE('',*,*,#5527,.T.);
#5577 = ADVANCED_FACE('',(#5578),#2775,.F.);
#5578 = FACE_BOUND('',#5579,.F.);
#5579 = EDGE_LOOP('',(#5580,#5581,#5604,#5631));
#5580 = ORIENTED_EDGE('',*,*,#2758,.F.);
#5581 = ORIENTED_EDGE('',*,*,#5582,.F.);
#5582 = EDGE_CURVE('',#5583,#2759,#5585,.T.);
#5583 = VERTEX_POINT('',#5584);
#5584 = CARTESIAN_POINT('',(83.3,23.,14.5));
#5585 = SEAM_CURVE('',#5586,(#5590,#5597),.PCURVE_S1.);
#5586 = LINE('',#5587,#5588);
#5587 = CARTESIAN_POINT('',(83.3,23.,14.5));
#5588 = VECTOR('',#5589,1.);
#5589 = DIRECTION('',(0.,0.,1.));
#5590 = PCURVE('',#2775,#5591);
#5591 = DEFINITIONAL_REPRESENTATION('',(#5592),#5596);
#5592 = LINE('',#5593,#5594);
#5593 = CARTESIAN_POINT('',(6.28318530718,-0.));
#5594 = VECTOR('',#5595,1.);
#5595 = DIRECTION('',(0.,1.));
#5596 = ( GEOMETRIC_REPRESENTATION_CONTEXT(2) 
PARAMETRIC_REPRESENTATION_CONTEXT() REPRESENTATION_CONTEXT('2D SPACE',''
  ) );
#5597 = PCURVE('',#2775,#5598);
#5598 = DEFINITIONAL_REPRESENTATION('',(#5599),#5603);
#5599 = LINE('',#5600,#5601);
#5600 = CARTESIAN_POINT('',(0.,-0.));
#5601 = VECTOR('',#5602,1.);
#5602 = DIRECTION('',(0.,1.));
#5603 = ( GEOMETRIC_REPRESENTATION_CONTEXT(2) 
PARAMETRIC_REPRESENTATION_CONTEXT() REPRESENTATION_CONTEXT('2D SPACE',''
  ) );
#5604 = ORIENTED_EDGE('',*,*,#5605,.T.);
#5605 = EDGE_CURVE('',#5583,#5583,#5606,.T.);
#5606 = SURFACE_CURVE('',#5607,(#5612,#5619),.PCURVE_S1.);
#5607 = CIRCLE('',#5608,2.05);
#5608 = AXIS2_PLACEMENT_3D('',#5609,#5610,#5611);
#5609 = CARTESIAN_POINT('',(81.25,23.,14.5));
#5610 = DIRECTION('',(0.,0.,1.));
#5611 = DIRECTION('',(1.,0.,0.));
#5612 = PCURVE('',#2775,#5613);
#5613 = DEFINITIONAL_REPRESENTATION('',(#5614),#5618);
#5614 = LINE('',#5615,#5616);
#5615 = CARTESIAN_POINT('',(0.,0.));
#5616 = VECTOR('',#5617,1.);
#5617 = DIRECTION('',(1.,0.));
#5618 = ( GEOMETRIC_REPRESENTATION_CONTEXT(2) 
PARAMETRIC_REPRESENTATION_CONTEXT() REPRESENTATION_CONTEXT('2D SPACE',''
  ) );
#5619 = PCURVE('',#5620,#5625);
#5620 = PLANE('',#5621);
#5621 = AXIS2_PLACEMENT_3D('',#5622,#5623,#5624);
#5622 = CARTESIAN_POINT('',(81.25,23.,14.5));
#5623 = DIRECTION('',(0.,0.,1.));
#5624 = DIRECTION('',(1.,0.,0.));
#5625 = DEFINITIONAL_REPRESENTATION('',(#5626),#5630);
#5626 = CIRCLE('',#5627,2.05);
#5627 = AXIS2_PLACEMENT_2D('',#5628,#5629);
#5628 = CARTESIAN_POINT('',(0.,0.));
#5629 = DIRECTION('',(1.,0.));
#5630 = ( GEOMETRIC_REPRESENTATION_CONTEXT(2) 
PARAMETRIC_REPRESENTATION_CONTEXT() REPRESENTATION_CONTEXT('2D SPACE',''
  ) );
#5631 = ORIENTED_EDGE('',*,*,#5582,.T.);
#5632 = ADVANCED_FACE('',(#5633),#2806,.F.);
#5633 = FACE_BOUND('',#5634,.F.);
#5634 = EDGE_LOOP('',(#5635,#5636,#5659,#5686));
#5635 = ORIENTED_EDGE('',*,*,#2789,.F.);
#5636 = ORIENTED_EDGE('',*,*,#5637,.F.);
#5637 = EDGE_CURVE('',#5638,#2790,#5640,.T.);
#5638 = VERTEX_POINT('',#5639);
#5639 = CARTESIAN_POINT('',(83.3,67.,14.5));
#5640 = SEAM_CURVE('',#5641,(#5645,#5652),.PCURVE_S1.);
#5641 = LINE('',#5642,#5643);
#5642 = CARTESIAN_POINT('',(83.3,67.,14.5));
#5643 = VECTOR('',#5644,1.);
#5644 = DIRECTION('',(0.,0.,1.));
#5645 = PCURVE('',#2806,#5646);
#5646 = DEFINITIONAL_REPRESENTATION('',(#5647),#5651);
#5647 = LINE('',#5648,#5649);
#5648 = CARTESIAN_POINT('',(6.28318530718,-0.));
#5649 = VECTOR('',#5650,1.);
#5650 = DIRECTION('',(0.,1.));
#5651 = ( GEOMETRIC_REPRESENTATION_CONTEXT(2) 
PARAMETRIC_REPRESENTATION_CONTEXT() REPRESENTATION_CONTEXT('2D SPACE',''
  ) );
#5652 = PCURVE('',#2806,#5653);
#5653 = DEFINITIONAL_REPRESENTATION('',(#5654),#5658);
#5654 = LINE('',#5655,#5656);
#5655 = CARTESIAN_POINT('',(0.,-0.));
#5656 = VECTOR('',#5657,1.);
#5657 = DIRECTION('',(0.,1.));
#5658 = ( GEOMETRIC_REPRESENTATION_CONTEXT(2) 
PARAMETRIC_REPRESENTATION_CONTEXT() REPRESENTATION_CONTEXT('2D SPACE',''
  ) );
#5659 = ORIENTED_EDGE('',*,*,#5660,.T.);
#5660 = EDGE_CURVE('',#5638,#5638,#5661,.T.);
#5661 = SURFACE_CURVE('',#5662,(#5667,#5674),.PCURVE_S1.);
#5662 = CIRCLE('',#5663,2.05);
#5663 = AXIS2_PLACEMENT_3D('',#5664,#5665,#5666);
#5664 = CARTESIAN_POINT('',(81.25,67.,14.5));
#5665 = DIRECTION('',(0.,0.,1.));
#5666 = DIRECTION('',(1.,0.,0.));
#5667 = PCURVE('',#2806,#5668);
#5668 = DEFINITIONAL_REPRESENTATION('',(#5669),#5673);
#5669 = LINE('',#5670,#5671);
#5670 = CARTESIAN_POINT('',(0.,0.));
#5671 = VECTOR('',#5672,1.);
#5672 = DIRECTION('',(1.,0.));
#5673 = ( GEOMETRIC_REPRESENTATION_CONTEXT(2) 
PARAMETRIC_REPRESENTATION_CONTEXT() REPRESENTATION_CONTEXT('2D SPACE',''
  ) );
#5674 = PCURVE('',#5675,#5680);
#5675 = PLANE('',#5676);
#5676 = AXIS2_PLACEMENT_3D('',#5677,#5678,#5679);
#5677 = CARTESIAN_POINT('',(81.25,67.,14.5));
#5678 = DIRECTION('',(0.,0.,1.));
#5679 = DIRECTION('',(1.,0.,0.));
#5680 = DEFINITIONAL_REPRESENTATION('',(#5681),#5685);
#5681 = CIRCLE('',#5682,2.05);
#5682 = AXIS2_PLACEMENT_2D('',#5683,#5684);
#5683 = CARTESIAN_POINT('',(0.,0.));
#5684 = DIRECTION('',(1.,0.));
#5685 = ( GEOMETRIC_REPRESENTATION_CONTEXT(2) 
PARAMETRIC_REPRESENTATION_CONTEXT() REPRESENTATION_CONTEXT('2D SPACE',''
  ) );
#5686 = ORIENTED_EDGE('',*,*,#5637,.T.);
#5687 = ADVANCED_FACE('',(#5688),#2860,.T.);
#5688 = FACE_BOUND('',#5689,.F.);
#5689 = EDGE_LOOP('',(#5690));
#5690 = ORIENTED_EDGE('',*,*,#2845,.F.);
#5691 = ADVANCED_FACE('',(#5692),#2915,.T.);
#5692 = FACE_BOUND('',#5693,.F.);
#5693 = EDGE_LOOP('',(#5694));
#5694 = ORIENTED_EDGE('',*,*,#2900,.F.);
#5695 = ADVANCED_FACE('',(#5696,#5699),#2969,.F.);
#5696 = FACE_BOUND('',#5697,.F.);
#5697 = EDGE_LOOP('',(#5698));
#5698 = ORIENTED_EDGE('',*,*,#2954,.T.);
#5699 = FACE_BOUND('',#5700,.F.);
#5700 = EDGE_LOOP('',(#5701));
#5701 = ORIENTED_EDGE('',*,*,#5702,.F.);
#5702 = EDGE_CURVE('',#5703,#5703,#5705,.T.);
#5703 = VERTEX_POINT('',#5704);
#5704 = CARTESIAN_POINT('',(67.4,83.9,14.5));
#5705 = SURFACE_CURVE('',#5706,(#5711,#5718),.PCURVE_S1.);
#5706 = CIRCLE('',#5707,3.4);
#5707 = AXIS2_PLACEMENT_3D('',#5708,#5709,#5710);
#5708 = CARTESIAN_POINT('',(64.,83.9,14.5));
#5709 = DIRECTION('',(0.,-1.,2.22044604925E-16));
#5710 = DIRECTION('',(1.,0.,0.));
#5711 = PCURVE('',#2969,#5712);
#5712 = DEFINITIONAL_REPRESENTATION('',(#5713),#5717);
#5713 = CIRCLE('',#5714,3.4);
#5714 = AXIS2_PLACEMENT_2D('',#5715,#5716);
#5715 = CARTESIAN_POINT('',(0.,-5.329070518201E-15));
#5716 = DIRECTION('',(1.,0.));
#5717 = ( GEOMETRIC_REPRESENTATION_CONTEXT(2) 
PARAMETRIC_REPRESENTATION_CONTEXT() REPRESENTATION_CONTEXT('2D SPACE',''
  ) );
#5718 = PCURVE('',#5719,#5724);
#5719 = CYLINDRICAL_SURFACE('',#5720,3.4);
#5720 = AXIS2_PLACEMENT_3D('',#5721,#5722,#5723);
#5721 = CARTESIAN_POINT('',(64.,86.,14.5));
#5722 = DIRECTION('',(0.,-1.,2.22044604925E-16));
#5723 = DIRECTION('',(1.,0.,0.));
#5724 = DEFINITIONAL_REPRESENTATION('',(#5725),#5729);
#5725 = LINE('',#5726,#5727);
#5726 = CARTESIAN_POINT('',(0.,2.1));
#5727 = VECTOR('',#5728,1.);
#5728 = DIRECTION('',(1.,0.));
#5729 = ( GEOMETRIC_REPRESENTATION_CONTEXT(2) 
PARAMETRIC_REPRESENTATION_CONTEXT() REPRESENTATION_CONTEXT('2D SPACE',''
  ) );
#5730 = ADVANCED_FACE('',(#5731),#3172,.F.);
#5731 = FACE_BOUND('',#5732,.F.);
#5732 = EDGE_LOOP('',(#5733,#5756,#5757,#5780));
#5733 = ORIENTED_EDGE('',*,*,#5734,.F.);
#5734 = EDGE_CURVE('',#3156,#5735,#5737,.T.);
#5735 = VERTEX_POINT('',#5736);
#5736 = CARTESIAN_POINT('',(-30.3,-108.2,19.3));
#5737 = SURFACE_CURVE('',#5738,(#5742,#5749),.PCURVE_S1.);
#5738 = LINE('',#5739,#5740);
#5739 = CARTESIAN_POINT('',(-30.3,-111.,19.3));
#5740 = VECTOR('',#5741,1.);
#5741 = DIRECTION('',(-0.,1.,0.));
#5742 = PCURVE('',#3172,#5743);
#5743 = DEFINITIONAL_REPRESENTATION('',(#5744),#5748);
#5744 = LINE('',#5745,#5746);
#5745 = CARTESIAN_POINT('',(0.,0.));
#5746 = VECTOR('',#5747,1.);
#5747 = DIRECTION('',(0.,1.));
#5748 = ( GEOMETRIC_REPRESENTATION_CONTEXT(2) 
PARAMETRIC_REPRESENTATION_CONTEXT() REPRESENTATION_CONTEXT('2D SPACE',''
  ) );
#5749 = PCURVE('',#3198,#5750);
#5750 = DEFINITIONAL_REPRESENTATION('',(#5751),#5755);
#5751 = LINE('',#5752,#5753);
#5752 = CARTESIAN_POINT('',(38.6,0.));
#5753 = VECTOR('',#5754,1.);
#5754 = DIRECTION('',(0.,-1.));
#5755 = ( GEOMETRIC_REPRESENTATION_CONTEXT(2) 
PARAMETRIC_REPRESENTATION_CONTEXT() REPRESENTATION_CONTEXT('2D SPACE',''
  ) );
#5756 = ORIENTED_EDGE('',*,*,#3155,.T.);
#5757 = ORIENTED_EDGE('',*,*,#5758,.T.);
#5758 = EDGE_CURVE('',#3158,#5759,#5761,.T.);
#5759 = VERTEX_POINT('',#5760);
#5760 = CARTESIAN_POINT('',(30.3,-108.2,19.3));
#5761 = SURFACE_CURVE('',#5762,(#5766,#5773),.PCURVE_S1.);
#5762 = LINE('',#5763,#5764);
#5763 = CARTESIAN_POINT('',(30.3,-111.,19.3));
#5764 = VECTOR('',#5765,1.);
#5765 = DIRECTION('',(-0.,1.,0.));
#5766 = PCURVE('',#3172,#5767);
#5767 = DEFINITIONAL_REPRESENTATION('',(#5768),#5772);
#5768 = LINE('',#5769,#5770);
#5769 = CARTESIAN_POINT('',(60.6,0.));
#5770 = VECTOR('',#5771,1.);
#5771 = DIRECTION('',(0.,1.));
#5772 = ( GEOMETRIC_REPRESENTATION_CONTEXT(2) 
PARAMETRIC_REPRESENTATION_CONTEXT() REPRESENTATION_CONTEXT('2D SPACE',''
  ) );
#5773 = PCURVE('',#3248,#5774);
#5774 = DEFINITIONAL_REPRESENTATION('',(#5775),#5779);
#5775 = LINE('',#5776,#5777);
#5776 = CARTESIAN_POINT('',(38.6,0.));
#5777 = VECTOR('',#5778,1.);
#5778 = DIRECTION('',(0.,-1.));
#5779 = ( GEOMETRIC_REPRESENTATION_CONTEXT(2) 
PARAMETRIC_REPRESENTATION_CONTEXT() REPRESENTATION_CONTEXT('2D SPACE',''
  ) );
#5780 = ORIENTED_EDGE('',*,*,#5781,.F.);
#5781 = EDGE_CURVE('',#5735,#5759,#5782,.T.);
#5782 = SURFACE_CURVE('',#5783,(#5787,#5794),.PCURVE_S1.);
#5783 = LINE('',#5784,#5785);
#5784 = CARTESIAN_POINT('',(-30.3,-108.2,19.3));
#5785 = VECTOR('',#5786,1.);
#5786 = DIRECTION('',(1.,0.,-0.));
#5787 = PCURVE('',#3172,#5788);
#5788 = DEFINITIONAL_REPRESENTATION('',(#5789),#5793);
#5789 = LINE('',#5790,#5791);
#5790 = CARTESIAN_POINT('',(0.,2.8));
#5791 = VECTOR('',#5792,1.);
#5792 = DIRECTION('',(1.,0.));
#5793 = ( GEOMETRIC_REPRESENTATION_CONTEXT(2) 
PARAMETRIC_REPRESENTATION_CONTEXT() REPRESENTATION_CONTEXT('2D SPACE',''
  ) );
#5794 = PCURVE('',#5795,#5800);
#5795 = PLANE('',#5796);
#5796 = AXIS2_PLACEMENT_3D('',#5797,#5798,#5799);
#5797 = CARTESIAN_POINT('',(-30.3,-108.2,-19.3));
#5798 = DIRECTION('',(-0.,1.,0.));
#5799 = DIRECTION('',(0.,0.,1.));
#5800 = DEFINITIONAL_REPRESENTATION('',(#5801),#5805);
#5801 = LINE('',#5802,#5803);
#5802 = CARTESIAN_POINT('',(38.6,0.));
#5803 = VECTOR('',#5804,1.);
#5804 = DIRECTION('',(0.,1.));
#5805 = ( GEOMETRIC_REPRESENTATION_CONTEXT(2) 
PARAMETRIC_REPRESENTATION_CONTEXT() REPRESENTATION_CONTEXT('2D SPACE',''
  ) );
#5806 = ADVANCED_FACE('',(#5807),#3248,.F.);
#5807 = FACE_BOUND('',#5808,.F.);
#5808 = EDGE_LOOP('',(#5809,#5810,#5811,#5834));
#5809 = ORIENTED_EDGE('',*,*,#5758,.F.);
#5810 = ORIENTED_EDGE('',*,*,#3235,.T.);
#5811 = ORIENTED_EDGE('',*,*,#5812,.T.);
#5812 = EDGE_CURVE('',#3210,#5813,#5815,.T.);
#5813 = VERTEX_POINT('',#5814);
#5814 = CARTESIAN_POINT('',(30.3,-108.2,-19.3));
#5815 = SURFACE_CURVE('',#5816,(#5820,#5827),.PCURVE_S1.);
#5816 = LINE('',#5817,#5818);
#5817 = CARTESIAN_POINT('',(30.3,-111.,-19.3));
#5818 = VECTOR('',#5819,1.);
#5819 = DIRECTION('',(-0.,1.,0.));
#5820 = PCURVE('',#3248,#5821);
#5821 = DEFINITIONAL_REPRESENTATION('',(#5822),#5826);
#5822 = LINE('',#5823,#5824);
#5823 = CARTESIAN_POINT('',(0.,0.));
#5824 = VECTOR('',#5825,1.);
#5825 = DIRECTION('',(0.,-1.));
#5826 = ( GEOMETRIC_REPRESENTATION_CONTEXT(2) 
PARAMETRIC_REPRESENTATION_CONTEXT() REPRESENTATION_CONTEXT('2D SPACE',''
  ) );
#5827 = PCURVE('',#3224,#5828);
#5828 = DEFINITIONAL_REPRESENTATION('',(#5829),#5833);
#5829 = LINE('',#5830,#5831);
#5830 = CARTESIAN_POINT('',(60.6,0.));
#5831 = VECTOR('',#5832,1.);
#5832 = DIRECTION('',(0.,1.));
#5833 = ( GEOMETRIC_REPRESENTATION_CONTEXT(2) 
PARAMETRIC_REPRESENTATION_CONTEXT() REPRESENTATION_CONTEXT('2D SPACE',''
  ) );
#5834 = ORIENTED_EDGE('',*,*,#5835,.T.);
#5835 = EDGE_CURVE('',#5813,#5759,#5836,.T.);
#5836 = SURFACE_CURVE('',#5837,(#5841,#5848),.PCURVE_S1.);
#5837 = LINE('',#5838,#5839);
#5838 = CARTESIAN_POINT('',(30.3,-108.2,-19.3));
#5839 = VECTOR('',#5840,1.);
#5840 = DIRECTION('',(0.,0.,1.));
#5841 = PCURVE('',#3248,#5842);
#5842 = DEFINITIONAL_REPRESENTATION('',(#5843),#5847);
#5843 = LINE('',#5844,#5845);
#5844 = CARTESIAN_POINT('',(0.,-2.8));
#5845 = VECTOR('',#5846,1.);
#5846 = DIRECTION('',(1.,0.));
#5847 = ( GEOMETRIC_REPRESENTATION_CONTEXT(2) 
PARAMETRIC_REPRESENTATION_CONTEXT() REPRESENTATION_CONTEXT('2D SPACE',''
  ) );
#5848 = PCURVE('',#5795,#5849);
#5849 = DEFINITIONAL_REPRESENTATION('',(#5850),#5854);
#5850 = LINE('',#5851,#5852);
#5851 = CARTESIAN_POINT('',(0.,60.6));
#5852 = VECTOR('',#5853,1.);
#5853 = DIRECTION('',(1.,0.));
#5854 = ( GEOMETRIC_REPRESENTATION_CONTEXT(2) 
PARAMETRIC_REPRESENTATION_CONTEXT() REPRESENTATION_CONTEXT('2D SPACE',''
  ) );
#5855 = ADVANCED_FACE('',(#5856),#3224,.T.);
#5856 = FACE_BOUND('',#5857,.T.);
#5857 = EDGE_LOOP('',(#5858,#5881,#5882,#5883));
#5858 = ORIENTED_EDGE('',*,*,#5859,.F.);
#5859 = EDGE_CURVE('',#3184,#5860,#5862,.T.);
#5860 = VERTEX_POINT('',#5861);
#5861 = CARTESIAN_POINT('',(-30.3,-108.2,-19.3));
#5862 = SURFACE_CURVE('',#5863,(#5867,#5874),.PCURVE_S1.);
#5863 = LINE('',#5864,#5865);
#5864 = CARTESIAN_POINT('',(-30.3,-111.,-19.3));
#5865 = VECTOR('',#5866,1.);
#5866 = DIRECTION('',(-0.,1.,0.));
#5867 = PCURVE('',#3224,#5868);
#5868 = DEFINITIONAL_REPRESENTATION('',(#5869),#5873);
#5869 = LINE('',#5870,#5871);
#5870 = CARTESIAN_POINT('',(0.,0.));
#5871 = VECTOR('',#5872,1.);
#5872 = DIRECTION('',(0.,1.));
#5873 = ( GEOMETRIC_REPRESENTATION_CONTEXT(2) 
PARAMETRIC_REPRESENTATION_CONTEXT() REPRESENTATION_CONTEXT('2D SPACE',''
  ) );
#5874 = PCURVE('',#3198,#5875);
#5875 = DEFINITIONAL_REPRESENTATION('',(#5876),#5880);
#5876 = LINE('',#5877,#5878);
#5877 = CARTESIAN_POINT('',(0.,0.));
#5878 = VECTOR('',#5879,1.);
#5879 = DIRECTION('',(0.,-1.));
#5880 = ( GEOMETRIC_REPRESENTATION_CONTEXT(2) 
PARAMETRIC_REPRESENTATION_CONTEXT() REPRESENTATION_CONTEXT('2D SPACE',''
  ) );
#5881 = ORIENTED_EDGE('',*,*,#3209,.T.);
#5882 = ORIENTED_EDGE('',*,*,#5812,.T.);
#5883 = ORIENTED_EDGE('',*,*,#5884,.F.);
#5884 = EDGE_CURVE('',#5860,#5813,#5885,.T.);
#5885 = SURFACE_CURVE('',#5886,(#5890,#5897),.PCURVE_S1.);
#5886 = LINE('',#5887,#5888);
#5887 = CARTESIAN_POINT('',(-30.3,-108.2,-19.3));
#5888 = VECTOR('',#5889,1.);
#5889 = DIRECTION('',(1.,0.,-0.));
#5890 = PCURVE('',#3224,#5891);
#5891 = DEFINITIONAL_REPRESENTATION('',(#5892),#5896);
#5892 = LINE('',#5893,#5894);
#5893 = CARTESIAN_POINT('',(0.,2.8));
#5894 = VECTOR('',#5895,1.);
#5895 = DIRECTION('',(1.,0.));
#5896 = ( GEOMETRIC_REPRESENTATION_CONTEXT(2) 
PARAMETRIC_REPRESENTATION_CONTEXT() REPRESENTATION_CONTEXT('2D SPACE',''
  ) );
#5897 = PCURVE('',#5795,#5898);
#5898 = DEFINITIONAL_REPRESENTATION('',(#5899),#5903);
#5899 = LINE('',#5900,#5901);
#5900 = CARTESIAN_POINT('',(0.,0.));
#5901 = VECTOR('',#5902,1.);
#5902 = DIRECTION('',(0.,1.));
#5903 = ( GEOMETRIC_REPRESENTATION_CONTEXT(2) 
PARAMETRIC_REPRESENTATION_CONTEXT() REPRESENTATION_CONTEXT('2D SPACE',''
  ) );
#5904 = ADVANCED_FACE('',(#5905),#3198,.T.);
#5905 = FACE_BOUND('',#5906,.T.);
#5906 = EDGE_LOOP('',(#5907,#5908,#5909,#5910));
#5907 = ORIENTED_EDGE('',*,*,#5734,.F.);
#5908 = ORIENTED_EDGE('',*,*,#3183,.T.);
#5909 = ORIENTED_EDGE('',*,*,#5859,.T.);
#5910 = ORIENTED_EDGE('',*,*,#5911,.T.);
#5911 = EDGE_CURVE('',#5860,#5735,#5912,.T.);
#5912 = SURFACE_CURVE('',#5913,(#5917,#5924),.PCURVE_S1.);
#5913 = LINE('',#5914,#5915);
#5914 = CARTESIAN_POINT('',(-30.3,-108.2,-19.3));
#5915 = VECTOR('',#5916,1.);
#5916 = DIRECTION('',(0.,0.,1.));
#5917 = PCURVE('',#3198,#5918);
#5918 = DEFINITIONAL_REPRESENTATION('',(#5919),#5923);
#5919 = LINE('',#5920,#5921);
#5920 = CARTESIAN_POINT('',(0.,-2.8));
#5921 = VECTOR('',#5922,1.);
#5922 = DIRECTION('',(1.,0.));
#5923 = ( GEOMETRIC_REPRESENTATION_CONTEXT(2) 
PARAMETRIC_REPRESENTATION_CONTEXT() REPRESENTATION_CONTEXT('2D SPACE',''
  ) );
#5924 = PCURVE('',#5795,#5925);
#5925 = DEFINITIONAL_REPRESENTATION('',(#5926),#5930);
#5926 = LINE('',#5927,#5928);
#5927 = CARTESIAN_POINT('',(0.,0.));
#5928 = VECTOR('',#5929,1.);
#5929 = DIRECTION('',(1.,0.));
#5930 = ( GEOMETRIC_REPRESENTATION_CONTEXT(2) 
PARAMETRIC_REPRESENTATION_CONTEXT() REPRESENTATION_CONTEXT('2D SPACE',''
  ) );
#5931 = ADVANCED_FACE('',(#5932),#3305,.T.);
#5932 = FACE_BOUND('',#5933,.F.);
#5933 = EDGE_LOOP('',(#5934));
#5934 = ORIENTED_EDGE('',*,*,#3290,.F.);
#5935 = ADVANCED_FACE('',(#5936,#5939),#3338,.T.);
#5936 = FACE_BOUND('',#5937,.T.);
#5937 = EDGE_LOOP('',(#5938));
#5938 = ORIENTED_EDGE('',*,*,#4299,.T.);
#5939 = FACE_BOUND('',#5940,.T.);
#5940 = EDGE_LOOP('',(#5941));
#5941 = ORIENTED_EDGE('',*,*,#3321,.F.);
#5942 = ADVANCED_FACE('',(#5943),#3415,.T.);
#5943 = FACE_BOUND('',#5944,.F.);
#5944 = EDGE_LOOP('',(#5945));
#5945 = ORIENTED_EDGE('',*,*,#3400,.F.);
#5946 = ADVANCED_FACE('',(#5947,#5950),#3475,.F.);
#5947 = FACE_BOUND('',#5948,.F.);
#5948 = EDGE_LOOP('',(#5949));
#5949 = ORIENTED_EDGE('',*,*,#3458,.T.);
#5950 = FACE_BOUND('',#5951,.F.);
#5951 = EDGE_LOOP('',(#5952));
#5952 = ORIENTED_EDGE('',*,*,#5953,.F.);
#5953 = EDGE_CURVE('',#5954,#5954,#5956,.T.);
#5954 = VERTEX_POINT('',#5955);
#5955 = CARTESIAN_POINT('',(53.,0.,6.));
#5956 = SURFACE_CURVE('',#5957,(#5962,#5969),.PCURVE_S1.);
#5957 = CIRCLE('',#5958,53.);
#5958 = AXIS2_PLACEMENT_3D('',#5959,#5960,#5961);
#5959 = CARTESIAN_POINT('',(0.,0.,6.));
#5960 = DIRECTION('',(0.,0.,1.));
#5961 = DIRECTION('',(1.,0.,-0.));
#5962 = PCURVE('',#3475,#5963);
#5963 = DEFINITIONAL_REPRESENTATION('',(#5964),#5968);
#5964 = CIRCLE('',#5965,53.);
#5965 = AXIS2_PLACEMENT_2D('',#5966,#5967);
#5966 = CARTESIAN_POINT('',(3.182406126637E-15,-4.119626454838E-15));
#5967 = DIRECTION('',(1.,0.));
#5968 = ( GEOMETRIC_REPRESENTATION_CONTEXT(2) 
PARAMETRIC_REPRESENTATION_CONTEXT() REPRESENTATION_CONTEXT('2D SPACE',''
  ) );
#5969 = PCURVE('',#5970,#5975);
#5970 = CYLINDRICAL_SURFACE('',#5971,53.);
#5971 = AXIS2_PLACEMENT_3D('',#5972,#5973,#5974);
#5972 = CARTESIAN_POINT('',(0.,0.,6.));
#5973 = DIRECTION('',(-0.,-0.,-1.));
#5974 = DIRECTION('',(1.,0.,-0.));
#5975 = DEFINITIONAL_REPRESENTATION('',(#5976),#5980);
#5976 = LINE('',#5977,#5978);
#5977 = CARTESIAN_POINT('',(-0.,0.));
#5978 = VECTOR('',#5979,1.);
#5979 = DIRECTION('',(-1.,0.));
#5980 = ( GEOMETRIC_REPRESENTATION_CONTEXT(2) 
PARAMETRIC_REPRESENTATION_CONTEXT() REPRESENTATION_CONTEXT('2D SPACE',''
  ) );
#5981 = ADVANCED_FACE('',(#5982,#5988),#3554,.F.);
#5982 = FACE_BOUND('',#5983,.F.);
#5983 = EDGE_LOOP('',(#5984,#5985,#5986,#5987));
#5984 = ORIENTED_EDGE('',*,*,#3663,.T.);
#5985 = ORIENTED_EDGE('',*,*,#3537,.T.);
#5986 = ORIENTED_EDGE('',*,*,#3592,.T.);
#5987 = ORIENTED_EDGE('',*,*,#3690,.F.);
#5988 = FACE_BOUND('',#5989,.F.);
#5989 = EDGE_LOOP('',(#5990));
#5990 = ORIENTED_EDGE('',*,*,#4459,.F.);
#5991 = ADVANCED_FACE('',(#5992),#3755,.T.);
#5992 = FACE_BOUND('',#5993,.F.);
#5993 = EDGE_LOOP('',(#5994));
#5994 = ORIENTED_EDGE('',*,*,#3740,.F.);
#5995 = ADVANCED_FACE('',(#5996),#3810,.T.);
#5996 = FACE_BOUND('',#5997,.F.);
#5997 = EDGE_LOOP('',(#5998));
#5998 = ORIENTED_EDGE('',*,*,#3795,.F.);
#5999 = ADVANCED_FACE('',(#6000),#4205,.F.);
#6000 = FACE_BOUND('',#6001,.F.);
#6001 = EDGE_LOOP('',(#6002,#6031,#6052,#6053));
#6002 = ORIENTED_EDGE('',*,*,#6003,.T.);
#6003 = EDGE_CURVE('',#6004,#6004,#6006,.T.);
#6004 = VERTEX_POINT('',#6005);
#6005 = CARTESIAN_POINT('',(67.4,-41.3,14.5));
#6006 = SURFACE_CURVE('',#6007,(#6012,#6019),.PCURVE_S1.);
#6007 = CIRCLE('',#6008,3.4);
#6008 = AXIS2_PLACEMENT_3D('',#6009,#6010,#6011);
#6009 = CARTESIAN_POINT('',(64.,-41.3,14.5));
#6010 = DIRECTION('',(0.,-1.,2.22044604925E-16));
#6011 = DIRECTION('',(1.,0.,0.));
#6012 = PCURVE('',#4205,#6013);
#6013 = DEFINITIONAL_REPRESENTATION('',(#6014),#6018);
#6014 = LINE('',#6015,#6016);
#6015 = CARTESIAN_POINT('',(0.,6.));
#6016 = VECTOR('',#6017,1.);
#6017 = DIRECTION('',(1.,0.));
#6018 = ( GEOMETRIC_REPRESENTATION_CONTEXT(2) 
PARAMETRIC_REPRESENTATION_CONTEXT() REPRESENTATION_CONTEXT('2D SPACE',''
  ) );
#6019 = PCURVE('',#6020,#6025);
#6020 = PLANE('',#6021);
#6021 = AXIS2_PLACEMENT_3D('',#6022,#6023,#6024);
#6022 = CARTESIAN_POINT('',(64.,-41.3,14.5));
#6023 = DIRECTION('',(0.,-1.,2.22044604925E-16));
#6024 = DIRECTION('',(1.,0.,0.));
#6025 = DEFINITIONAL_REPRESENTATION('',(#6026),#6030);
#6026 = CIRCLE('',#6027,3.4);
#6027 = AXIS2_PLACEMENT_2D('',#6028,#6029);
#6028 = CARTESIAN_POINT('',(0.,-5.329070518201E-15));
#6029 = DIRECTION('',(1.,0.));
#6030 = ( GEOMETRIC_REPRESENTATION_CONTEXT(2) 
PARAMETRIC_REPRESENTATION_CONTEXT() REPRESENTATION_CONTEXT('2D SPACE',''
  ) );
#6031 = ORIENTED_EDGE('',*,*,#6032,.T.);
#6032 = EDGE_CURVE('',#6004,#4189,#6033,.T.);
#6033 = SEAM_CURVE('',#6034,(#6038,#6045),.PCURVE_S1.);
#6034 = LINE('',#6035,#6036);
#6035 = CARTESIAN_POINT('',(67.4,-35.3,14.5));
#6036 = VECTOR('',#6037,1.);
#6037 = DIRECTION('',(0.,-1.,2.22044604925E-16));
#6038 = PCURVE('',#4205,#6039);
#6039 = DEFINITIONAL_REPRESENTATION('',(#6040),#6044);
#6040 = LINE('',#6041,#6042);
#6041 = CARTESIAN_POINT('',(0.,-0.));
#6042 = VECTOR('',#6043,1.);
#6043 = DIRECTION('',(0.,1.));
#6044 = ( GEOMETRIC_REPRESENTATION_CONTEXT(2) 
PARAMETRIC_REPRESENTATION_CONTEXT() REPRESENTATION_CONTEXT('2D SPACE',''
  ) );
#6045 = PCURVE('',#4205,#6046);
#6046 = DEFINITIONAL_REPRESENTATION('',(#6047),#6051);
#6047 = LINE('',#6048,#6049);
#6048 = CARTESIAN_POINT('',(6.28318530718,-0.));
#6049 = VECTOR('',#6050,1.);
#6050 = DIRECTION('',(0.,1.));
#6051 = ( GEOMETRIC_REPRESENTATION_CONTEXT(2) 
PARAMETRIC_REPRESENTATION_CONTEXT() REPRESENTATION_CONTEXT('2D SPACE',''
  ) );
#6052 = ORIENTED_EDGE('',*,*,#4188,.F.);
#6053 = ORIENTED_EDGE('',*,*,#6032,.F.);
#6054 = ADVANCED_FACE('',(#6055),#4259,.T.);
#6055 = FACE_BOUND('',#6056,.F.);
#6056 = EDGE_LOOP('',(#6057));
#6057 = ORIENTED_EDGE('',*,*,#4244,.F.);
#6058 = ADVANCED_FACE('',(#6059),#4364,.T.);
#6059 = FACE_BOUND('',#6060,.F.);
#6060 = EDGE_LOOP('',(#6061));
#6061 = ORIENTED_EDGE('',*,*,#4349,.F.);
#6062 = ADVANCED_FACE('',(#6063),#4419,.T.);
#6063 = FACE_BOUND('',#6064,.F.);
#6064 = EDGE_LOOP('',(#6065));
#6065 = ORIENTED_EDGE('',*,*,#4404,.F.);
#6066 = ADVANCED_FACE('',(#6067,#6181),#4561,.F.);
#6067 = FACE_BOUND('',#6068,.F.);
#6068 = EDGE_LOOP('',(#6069,#6099,#6127,#6155));
#6069 = ORIENTED_EDGE('',*,*,#6070,.F.);
#6070 = EDGE_CURVE('',#6071,#6073,#6075,.T.);
#6071 = VERTEX_POINT('',#6072);
#6072 = CARTESIAN_POINT('',(-40.475,-40.475,19.5));
#6073 = VERTEX_POINT('',#6074);
#6074 = CARTESIAN_POINT('',(-40.475,40.475,19.5));
#6075 = SURFACE_CURVE('',#6076,(#6080,#6087),.PCURVE_S1.);
#6076 = LINE('',#6077,#6078);
#6077 = CARTESIAN_POINT('',(-40.475,-40.475,19.5));
#6078 = VECTOR('',#6079,1.);
#6079 = DIRECTION('',(-0.,1.,0.));
#6080 = PCURVE('',#4561,#6081);
#6081 = DEFINITIONAL_REPRESENTATION('',(#6082),#6086);
#6082 = LINE('',#6083,#6084);
#6083 = CARTESIAN_POINT('',(0.,0.));
#6084 = VECTOR('',#6085,1.);
#6085 = DIRECTION('',(0.,1.));
#6086 = ( GEOMETRIC_REPRESENTATION_CONTEXT(2) 
PARAMETRIC_REPRESENTATION_CONTEXT() REPRESENTATION_CONTEXT('2D SPACE',''
  ) );
#6087 = PCURVE('',#6088,#6093);
#6088 = PLANE('',#6089);
#6089 = AXIS2_PLACEMENT_3D('',#6090,#6091,#6092);
#6090 = CARTESIAN_POINT('',(-40.475,-40.475,17.5));
#6091 = DIRECTION('',(1.,0.,-0.));
#6092 = DIRECTION('',(0.,0.,1.));
#6093 = DEFINITIONAL_REPRESENTATION('',(#6094),#6098);
#6094 = LINE('',#6095,#6096);
#6095 = CARTESIAN_POINT('',(2.,0.));
#6096 = VECTOR('',#6097,1.);
#6097 = DIRECTION('',(0.,-1.));
#6098 = ( GEOMETRIC_REPRESENTATION_CONTEXT(2) 
PARAMETRIC_REPRESENTATION_CONTEXT() REPRESENTATION_CONTEXT('2D SPACE',''
  ) );
#6099 = ORIENTED_EDGE('',*,*,#6100,.T.);
#6100 = EDGE_CURVE('',#6071,#6101,#6103,.T.);
#6101 = VERTEX_POINT('',#6102);
#6102 = CARTESIAN_POINT('',(40.475,-40.475,19.5));
#6103 = SURFACE_CURVE('',#6104,(#6108,#6115),.PCURVE_S1.);
#6104 = LINE('',#6105,#6106);
#6105 = CARTESIAN_POINT('',(-40.475,-40.475,19.5));
#6106 = VECTOR('',#6107,1.);
#6107 = DIRECTION('',(1.,0.,-0.));
#6108 = PCURVE('',#4561,#6109);
#6109 = DEFINITIONAL_REPRESENTATION('',(#6110),#6114);
#6110 = LINE('',#6111,#6112);
#6111 = CARTESIAN_POINT('',(0.,0.));
#6112 = VECTOR('',#6113,1.);
#6113 = DIRECTION('',(1.,0.));
#6114 = ( GEOMETRIC_REPRESENTATION_CONTEXT(2) 
PARAMETRIC_REPRESENTATION_CONTEXT() REPRESENTATION_CONTEXT('2D SPACE',''
  ) );
#6115 = PCURVE('',#6116,#6121);
#6116 = PLANE('',#6117);
#6117 = AXIS2_PLACEMENT_3D('',#6118,#6119,#6120);
#6118 = CARTESIAN_POINT('',(-40.475,-40.475,17.5));
#6119 = DIRECTION('',(-0.,1.,0.));
#6120 = DIRECTION('',(0.,0.,1.));
#6121 = DEFINITIONAL_REPRESENTATION('',(#6122),#6126);
#6122 = LINE('',#6123,#6124);
#6123 = CARTESIAN_POINT('',(2.,0.));
#6124 = VECTOR('',#6125,1.);
#6125 = DIRECTION('',(0.,1.));
#6126 = ( GEOMETRIC_REPRESENTATION_CONTEXT(2) 
PARAMETRIC_REPRESENTATION_CONTEXT() REPRESENTATION_CONTEXT('2D SPACE',''
  ) );
#6127 = ORIENTED_EDGE('',*,*,#6128,.T.);
#6128 = EDGE_CURVE('',#6101,#6129,#6131,.T.);
#6129 = VERTEX_POINT('',#6130);
#6130 = CARTESIAN_POINT('',(40.475,40.475,19.5));
#6131 = SURFACE_CURVE('',#6132,(#6136,#6143),.PCURVE_S1.);
#6132 = LINE('',#6133,#6134);
#6133 = CARTESIAN_POINT('',(40.475,-40.475,19.5));
#6134 = VECTOR('',#6135,1.);
#6135 = DIRECTION('',(-0.,1.,0.));
#6136 = PCURVE('',#4561,#6137);
#6137 = DEFINITIONAL_REPRESENTATION('',(#6138),#6142);
#6138 = LINE('',#6139,#6140);
#6139 = CARTESIAN_POINT('',(80.95,0.));
#6140 = VECTOR('',#6141,1.);
#6141 = DIRECTION('',(0.,1.));
#6142 = ( GEOMETRIC_REPRESENTATION_CONTEXT(2) 
PARAMETRIC_REPRESENTATION_CONTEXT() REPRESENTATION_CONTEXT('2D SPACE',''
  ) );
#6143 = PCURVE('',#6144,#6149);
#6144 = PLANE('',#6145);
#6145 = AXIS2_PLACEMENT_3D('',#6146,#6147,#6148);
#6146 = CARTESIAN_POINT('',(40.475,-40.475,17.5));
#6147 = DIRECTION('',(1.,0.,-0.));
#6148 = DIRECTION('',(0.,0.,1.));
#6149 = DEFINITIONAL_REPRESENTATION('',(#6150),#6154);
#6150 = LINE('',#6151,#6152);
#6151 = CARTESIAN_POINT('',(2.,0.));
#6152 = VECTOR('',#6153,1.);
#6153 = DIRECTION('',(0.,-1.));
#6154 = ( GEOMETRIC_REPRESENTATION_CONTEXT(2) 
PARAMETRIC_REPRESENTATION_CONTEXT() REPRESENTATION_CONTEXT('2D SPACE',''
  ) );
#6155 = ORIENTED_EDGE('',*,*,#6156,.F.);
#6156 = EDGE_CURVE('',#6073,#6129,#6157,.T.);
#6157 = SURFACE_CURVE('',#6158,(#6162,#6169),.PCURVE_S1.);
#6158 = LINE('',#6159,#6160);
#6159 = CARTESIAN_POINT('',(-40.475,40.475,19.5));
#6160 = VECTOR('',#6161,1.);
#6161 = DIRECTION('',(1.,0.,-0.));
#6162 = PCURVE('',#4561,#6163);
#6163 = DEFINITIONAL_REPRESENTATION('',(#6164),#6168);
#6164 = LINE('',#6165,#6166);
#6165 = CARTESIAN_POINT('',(0.,80.95));
#6166 = VECTOR('',#6167,1.);
#6167 = DIRECTION('',(1.,0.));
#6168 = ( GEOMETRIC_REPRESENTATION_CONTEXT(2) 
PARAMETRIC_REPRESENTATION_CONTEXT() REPRESENTATION_CONTEXT('2D SPACE',''
  ) );
#6169 = PCURVE('',#6170,#6175);
#6170 = PLANE('',#6171);
#6171 = AXIS2_PLACEMENT_3D('',#6172,#6173,#6174);
#6172 = CARTESIAN_POINT('',(-40.475,40.475,17.5));
#6173 = DIRECTION('',(-0.,1.,0.));
#6174 = DIRECTION('',(0.,0.,1.));
#6175 = DEFINITIONAL_REPRESENTATION('',(#6176),#6180);
#6176 = LINE('',#6177,#6178);
#6177 = CARTESIAN_POINT('',(2.,0.));
#6178 = VECTOR('',#6179,1.);
#6179 = DIRECTION('',(0.,1.));
#6180 = ( GEOMETRIC_REPRESENTATION_CONTEXT(2) 
PARAMETRIC_REPRESENTATION_CONTEXT() REPRESENTATION_CONTEXT('2D SPACE',''
  ) );
#6181 = FACE_BOUND('',#6182,.F.);
#6182 = EDGE_LOOP('',(#6183,#6184,#6185,#6186,#6187,#6188,#6189,#6190));
#6183 = ORIENTED_EDGE('',*,*,#4617,.T.);
#6184 = ORIENTED_EDGE('',*,*,#4507,.T.);
#6185 = ORIENTED_EDGE('',*,*,#4661,.T.);
#6186 = ORIENTED_EDGE('',*,*,#4833,.T.);
#6187 = ORIENTED_EDGE('',*,*,#4961,.T.);
#6188 = ORIENTED_EDGE('',*,*,#5007,.T.);
#6189 = ORIENTED_EDGE('',*,*,#4917,.T.);
#6190 = ORIENTED_EDGE('',*,*,#4707,.T.);
#6191 = ADVANCED_FACE('',(#6192),#5129,.T.);
#6192 = FACE_BOUND('',#6193,.F.);
#6193 = EDGE_LOOP('',(#6194));
#6194 = ORIENTED_EDGE('',*,*,#5114,.F.);
#6195 = ADVANCED_FACE('',(#6196),#5184,.T.);
#6196 = FACE_BOUND('',#6197,.F.);
#6197 = EDGE_LOOP('',(#6198));
#6198 = ORIENTED_EDGE('',*,*,#5169,.F.);
#6199 = ADVANCED_FACE('',(#6200),#5239,.T.);
#6200 = FACE_BOUND('',#6201,.T.);
#6201 = EDGE_LOOP('',(#6202,#6203,#6204,#6205));
#6202 = ORIENTED_EDGE('',*,*,#5361,.F.);
#6203 = ORIENTED_EDGE('',*,*,#5223,.T.);
#6204 = ORIENTED_EDGE('',*,*,#5312,.T.);
#6205 = ORIENTED_EDGE('',*,*,#5410,.F.);
#6206 = ADVANCED_FACE('',(#6207),#5296,.F.);
#6207 = FACE_BOUND('',#6208,.F.);
#6208 = EDGE_LOOP('',(#6209,#6232,#6254,#6255));
#6209 = ORIENTED_EDGE('',*,*,#6210,.T.);
#6210 = EDGE_CURVE('',#5276,#6211,#6213,.T.);
#6211 = VERTEX_POINT('',#6212);
#6212 = CARTESIAN_POINT('',(68.05,-41.3,14.5));
#6213 = SEAM_CURVE('',#6214,(#6218,#6225),.PCURVE_S1.);
#6214 = LINE('',#6215,#6216);
#6215 = CARTESIAN_POINT('',(68.05,-35.2,14.5));
#6216 = VECTOR('',#6217,1.);
#6217 = DIRECTION('',(0.,-1.,2.22044604925E-16));
#6218 = PCURVE('',#5296,#6219);
#6219 = DEFINITIONAL_REPRESENTATION('',(#6220),#6224);
#6220 = LINE('',#6221,#6222);
#6221 = CARTESIAN_POINT('',(6.28318530718,-0.));
#6222 = VECTOR('',#6223,1.);
#6223 = DIRECTION('',(0.,1.));
#6224 = ( GEOMETRIC_REPRESENTATION_CONTEXT(2) 
PARAMETRIC_REPRESENTATION_CONTEXT() REPRESENTATION_CONTEXT('2D SPACE',''
  ) );
#6225 = PCURVE('',#5296,#6226);
#6226 = DEFINITIONAL_REPRESENTATION('',(#6227),#6231);
#6227 = LINE('',#6228,#6229);
#6228 = CARTESIAN_POINT('',(0.,-0.));
#6229 = VECTOR('',#6230,1.);
#6230 = DIRECTION('',(0.,1.));
#6231 = ( GEOMETRIC_REPRESENTATION_CONTEXT(2) 
PARAMETRIC_REPRESENTATION_CONTEXT() REPRESENTATION_CONTEXT('2D SPACE',''
  ) );
#6232 = ORIENTED_EDGE('',*,*,#6233,.F.);
#6233 = EDGE_CURVE('',#6211,#6211,#6234,.T.);
#6234 = SURFACE_CURVE('',#6235,(#6240,#6247),.PCURVE_S1.);
#6235 = CIRCLE('',#6236,4.05);
#6236 = AXIS2_PLACEMENT_3D('',#6237,#6238,#6239);
#6237 = CARTESIAN_POINT('',(64.,-41.3,14.5));
#6238 = DIRECTION('',(0.,-1.,2.22044604925E-16));
#6239 = DIRECTION('',(1.,0.,0.));
#6240 = PCURVE('',#5296,#6241);
#6241 = DEFINITIONAL_REPRESENTATION('',(#6242),#6246);
#6242 = LINE('',#6243,#6244);
#6243 = CARTESIAN_POINT('',(0.,6.1));
#6244 = VECTOR('',#6245,1.);
#6245 = DIRECTION('',(1.,0.));
#6246 = ( GEOMETRIC_REPRESENTATION_CONTEXT(2) 
PARAMETRIC_REPRESENTATION_CONTEXT() REPRESENTATION_CONTEXT('2D SPACE',''
  ) );
#6247 = PCURVE('',#6020,#6248);
#6248 = DEFINITIONAL_REPRESENTATION('',(#6249),#6253);
#6249 = CIRCLE('',#6250,4.05);
#6250 = AXIS2_PLACEMENT_2D('',#6251,#6252);
#6251 = CARTESIAN_POINT('',(0.,0.));
#6252 = DIRECTION('',(1.,0.));
#6253 = ( GEOMETRIC_REPRESENTATION_CONTEXT(2) 
PARAMETRIC_REPRESENTATION_CONTEXT() REPRESENTATION_CONTEXT('2D SPACE',''
  ) );
#6254 = ORIENTED_EDGE('',*,*,#6210,.F.);
#6255 = ORIENTED_EDGE('',*,*,#5275,.T.);
#6256 = ADVANCED_FACE('',(#6257),#5456,.F.);
#6257 = FACE_BOUND('',#6258,.F.);
#6258 = EDGE_LOOP('',(#6259,#6260,#6283,#6310));
#6259 = ORIENTED_EDGE('',*,*,#5435,.F.);
#6260 = ORIENTED_EDGE('',*,*,#6261,.F.);
#6261 = EDGE_CURVE('',#6262,#5436,#6264,.T.);
#6262 = VERTEX_POINT('',#6263);
#6263 = CARTESIAN_POINT('',(68.05,41.3,14.5));
#6264 = SEAM_CURVE('',#6265,(#6269,#6276),.PCURVE_S1.);
#6265 = LINE('',#6266,#6267);
#6266 = CARTESIAN_POINT('',(68.05,41.3,14.5));
#6267 = VECTOR('',#6268,1.);
#6268 = DIRECTION('',(0.,-1.,2.22044604925E-16));
#6269 = PCURVE('',#5456,#6270);
#6270 = DEFINITIONAL_REPRESENTATION('',(#6271),#6275);
#6271 = LINE('',#6272,#6273);
#6272 = CARTESIAN_POINT('',(6.28318530718,-0.));
#6273 = VECTOR('',#6274,1.);
#6274 = DIRECTION('',(0.,1.));
#6275 = ( GEOMETRIC_REPRESENTATION_CONTEXT(2) 
PARAMETRIC_REPRESENTATION_CONTEXT() REPRESENTATION_CONTEXT('2D SPACE',''
  ) );
#6276 = PCURVE('',#5456,#6277);
#6277 = DEFINITIONAL_REPRESENTATION('',(#6278),#6282);
#6278 = LINE('',#6279,#6280);
#6279 = CARTESIAN_POINT('',(0.,-0.));
#6280 = VECTOR('',#6281,1.);
#6281 = DIRECTION('',(0.,1.));
#6282 = ( GEOMETRIC_REPRESENTATION_CONTEXT(2) 
PARAMETRIC_REPRESENTATION_CONTEXT() REPRESENTATION_CONTEXT('2D SPACE',''
  ) );
#6283 = ORIENTED_EDGE('',*,*,#6284,.T.);
#6284 = EDGE_CURVE('',#6262,#6262,#6285,.T.);
#6285 = SURFACE_CURVE('',#6286,(#6291,#6298),.PCURVE_S1.);
#6286 = CIRCLE('',#6287,4.05);
#6287 = AXIS2_PLACEMENT_3D('',#6288,#6289,#6290);
#6288 = CARTESIAN_POINT('',(64.,41.3,14.5));
#6289 = DIRECTION('',(0.,-1.,2.22044604925E-16));
#6290 = DIRECTION('',(1.,0.,0.));
#6291 = PCURVE('',#5456,#6292);
#6292 = DEFINITIONAL_REPRESENTATION('',(#6293),#6297);
#6293 = LINE('',#6294,#6295);
#6294 = CARTESIAN_POINT('',(0.,0.));
#6295 = VECTOR('',#6296,1.);
#6296 = DIRECTION('',(1.,0.));
#6297 = ( GEOMETRIC_REPRESENTATION_CONTEXT(2) 
PARAMETRIC_REPRESENTATION_CONTEXT() REPRESENTATION_CONTEXT('2D SPACE',''
  ) );
#6298 = PCURVE('',#6299,#6304);
#6299 = PLANE('',#6300);
#6300 = AXIS2_PLACEMENT_3D('',#6301,#6302,#6303);
#6301 = CARTESIAN_POINT('',(64.,41.3,14.5));
#6302 = DIRECTION('',(0.,-1.,2.22044604925E-16));
#6303 = DIRECTION('',(1.,0.,0.));
#6304 = DEFINITIONAL_REPRESENTATION('',(#6305),#6309);
#6305 = CIRCLE('',#6306,4.05);
#6306 = AXIS2_PLACEMENT_2D('',#6307,#6308);
#6307 = CARTESIAN_POINT('',(0.,0.));
#6308 = DIRECTION('',(1.,0.));
#6309 = ( GEOMETRIC_REPRESENTATION_CONTEXT(2) 
PARAMETRIC_REPRESENTATION_CONTEXT() REPRESENTATION_CONTEXT('2D SPACE',''
  ) );
#6310 = ORIENTED_EDGE('',*,*,#6261,.T.);
#6311 = ADVANCED_FACE('',(#6312),#5510,.T.);
#6312 = FACE_BOUND('',#6313,.F.);
#6313 = EDGE_LOOP('',(#6314));
#6314 = ORIENTED_EDGE('',*,*,#5495,.F.);
#6315 = ADVANCED_FACE('',(#6316),#5565,.T.);
#6316 = FACE_BOUND('',#6317,.F.);
#6317 = EDGE_LOOP('',(#6318));
#6318 = ORIENTED_EDGE('',*,*,#5550,.F.);
#6319 = ADVANCED_FACE('',(#6320),#5620,.T.);
#6320 = FACE_BOUND('',#6321,.F.);
#6321 = EDGE_LOOP('',(#6322));
#6322 = ORIENTED_EDGE('',*,*,#5605,.F.);
#6323 = ADVANCED_FACE('',(#6324),#5675,.T.);
#6324 = FACE_BOUND('',#6325,.F.);
#6325 = EDGE_LOOP('',(#6326));
#6326 = ORIENTED_EDGE('',*,*,#5660,.F.);
#6327 = ADVANCED_FACE('',(#6328),#5719,.F.);
#6328 = FACE_BOUND('',#6329,.F.);
#6329 = EDGE_LOOP('',(#6330,#6353,#6375,#6376));
#6330 = ORIENTED_EDGE('',*,*,#6331,.T.);
#6331 = EDGE_CURVE('',#5703,#6332,#6334,.T.);
#6332 = VERTEX_POINT('',#6333);
#6333 = CARTESIAN_POINT('',(67.4,41.3,14.5));
#6334 = SEAM_CURVE('',#6335,(#6339,#6346),.PCURVE_S1.);
#6335 = LINE('',#6336,#6337);
#6336 = CARTESIAN_POINT('',(67.4,86.,14.5));
#6337 = VECTOR('',#6338,1.);
#6338 = DIRECTION('',(0.,-1.,2.22044604925E-16));
#6339 = PCURVE('',#5719,#6340);
#6340 = DEFINITIONAL_REPRESENTATION('',(#6341),#6345);
#6341 = LINE('',#6342,#6343);
#6342 = CARTESIAN_POINT('',(6.28318530718,-0.));
#6343 = VECTOR('',#6344,1.);
#6344 = DIRECTION('',(0.,1.));
#6345 = ( GEOMETRIC_REPRESENTATION_CONTEXT(2) 
PARAMETRIC_REPRESENTATION_CONTEXT() REPRESENTATION_CONTEXT('2D SPACE',''
  ) );
#6346 = PCURVE('',#5719,#6347);
#6347 = DEFINITIONAL_REPRESENTATION('',(#6348),#6352);
#6348 = LINE('',#6349,#6350);
#6349 = CARTESIAN_POINT('',(0.,-0.));
#6350 = VECTOR('',#6351,1.);
#6351 = DIRECTION('',(0.,1.));
#6352 = ( GEOMETRIC_REPRESENTATION_CONTEXT(2) 
PARAMETRIC_REPRESENTATION_CONTEXT() REPRESENTATION_CONTEXT('2D SPACE',''
  ) );
#6353 = ORIENTED_EDGE('',*,*,#6354,.F.);
#6354 = EDGE_CURVE('',#6332,#6332,#6355,.T.);
#6355 = SURFACE_CURVE('',#6356,(#6361,#6368),.PCURVE_S1.);
#6356 = CIRCLE('',#6357,3.4);
#6357 = AXIS2_PLACEMENT_3D('',#6358,#6359,#6360);
#6358 = CARTESIAN_POINT('',(64.,41.3,14.5));
#6359 = DIRECTION('',(0.,-1.,2.22044604925E-16));
#6360 = DIRECTION('',(1.,0.,0.));
#6361 = PCURVE('',#5719,#6362);
#6362 = DEFINITIONAL_REPRESENTATION('',(#6363),#6367);
#6363 = LINE('',#6364,#6365);
#6364 = CARTESIAN_POINT('',(0.,44.7));
#6365 = VECTOR('',#6366,1.);
#6366 = DIRECTION('',(1.,0.));
#6367 = ( GEOMETRIC_REPRESENTATION_CONTEXT(2) 
PARAMETRIC_REPRESENTATION_CONTEXT() REPRESENTATION_CONTEXT('2D SPACE',''
  ) );
#6368 = PCURVE('',#6299,#6369);
#6369 = DEFINITIONAL_REPRESENTATION('',(#6370),#6374);
#6370 = CIRCLE('',#6371,3.4);
#6371 = AXIS2_PLACEMENT_2D('',#6372,#6373);
#6372 = CARTESIAN_POINT('',(0.,5.329070518201E-15));
#6373 = DIRECTION('',(1.,0.));
#6374 = ( GEOMETRIC_REPRESENTATION_CONTEXT(2) 
PARAMETRIC_REPRESENTATION_CONTEXT() REPRESENTATION_CONTEXT('2D SPACE',''
  ) );
#6375 = ORIENTED_EDGE('',*,*,#6331,.F.);
#6376 = ORIENTED_EDGE('',*,*,#5702,.T.);
#6377 = ADVANCED_FACE('',(#6378,#6384),#5795,.F.);
#6378 = FACE_BOUND('',#6379,.F.);
#6379 = EDGE_LOOP('',(#6380,#6381,#6382,#6383));
#6380 = ORIENTED_EDGE('',*,*,#5884,.F.);
#6381 = ORIENTED_EDGE('',*,*,#5911,.T.);
#6382 = ORIENTED_EDGE('',*,*,#5781,.T.);
#6383 = ORIENTED_EDGE('',*,*,#5835,.F.);
#6384 = FACE_BOUND('',#6385,.F.);
#6385 = EDGE_LOOP('',(#6386));
#6386 = ORIENTED_EDGE('',*,*,#6387,.T.);
#6387 = EDGE_CURVE('',#6388,#6388,#6390,.T.);
#6388 = VERTEX_POINT('',#6389);
#6389 = CARTESIAN_POINT('',(4.1,-108.2,-1.004210375301E-15));
#6390 = SURFACE_CURVE('',#6391,(#6396,#6407),.PCURVE_S1.);
#6391 = CIRCLE('',#6392,4.1);
#6392 = AXIS2_PLACEMENT_3D('',#6393,#6394,#6395);
#6393 = CARTESIAN_POINT('',(0.,-108.2,0.));
#6394 = DIRECTION('',(0.,-1.,2.22044604925E-16));
#6395 = DIRECTION('',(1.,0.,0.));
#6396 = PCURVE('',#5795,#6397);
#6397 = DEFINITIONAL_REPRESENTATION('',(#6398),#6406);
#6398 = ( BOUNDED_CURVE() B_SPLINE_CURVE(2,(#6399,#6400,#6401,#6402,
#6403,#6404,#6405),.UNSPECIFIED.,.T.,.F.) B_SPLINE_CURVE_WITH_KNOTS((1,2
    ,2,2,2,1),(-2.094395102393,0.,2.094395102393,4.188790204786,
6.28318530718,8.377580409573),.UNSPECIFIED.) CURVE() 
GEOMETRIC_REPRESENTATION_ITEM() RATIONAL_B_SPLINE_CURVE((1.,0.5,1.,0.5,
1.,0.5,1.)) REPRESENTATION_ITEM('') );
#6399 = CARTESIAN_POINT('',(19.3,34.4));
#6400 = CARTESIAN_POINT('',(26.401408311032,34.4));
#6401 = CARTESIAN_POINT('',(22.850704155516,28.25));
#6402 = CARTESIAN_POINT('',(19.3,22.1));
#6403 = CARTESIAN_POINT('',(15.749295844484,28.25));
#6404 = CARTESIAN_POINT('',(12.198591688968,34.4));
#6405 = CARTESIAN_POINT('',(19.3,34.4));
#6406 = ( GEOMETRIC_REPRESENTATION_CONTEXT(2) 
PARAMETRIC_REPRESENTATION_CONTEXT() REPRESENTATION_CONTEXT('2D SPACE',''
  ) );
#6407 = PCURVE('',#6408,#6413);
#6408 = CYLINDRICAL_SURFACE('',#6409,4.1);
#6409 = AXIS2_PLACEMENT_3D('',#6410,#6411,#6412);
#6410 = CARTESIAN_POINT('',(0.,-98.2,-2.22044604925E-15));
#6411 = DIRECTION('',(0.,-1.,2.22044604925E-16));
#6412 = DIRECTION('',(1.,0.,0.));
#6413 = DEFINITIONAL_REPRESENTATION('',(#6414),#6418);
#6414 = LINE('',#6415,#6416);
#6415 = CARTESIAN_POINT('',(0.,10.));
#6416 = VECTOR('',#6417,1.);
#6417 = DIRECTION('',(1.,0.));
#6418 = ( GEOMETRIC_REPRESENTATION_CONTEXT(2) 
PARAMETRIC_REPRESENTATION_CONTEXT() REPRESENTATION_CONTEXT('2D SPACE',''
  ) );
#6419 = ADVANCED_FACE('',(#6420),#5970,.F.);
#6420 = FACE_BOUND('',#6421,.T.);
#6421 = EDGE_LOOP('',(#6422,#6423,#6446,#6477));
#6422 = ORIENTED_EDGE('',*,*,#5953,.F.);
#6423 = ORIENTED_EDGE('',*,*,#6424,.T.);
#6424 = EDGE_CURVE('',#5954,#6425,#6427,.T.);
#6425 = VERTEX_POINT('',#6426);
#6426 = CARTESIAN_POINT('',(53.,0.,7.2));
#6427 = SEAM_CURVE('',#6428,(#6432,#6439),.PCURVE_S1.);
#6428 = LINE('',#6429,#6430);
#6429 = CARTESIAN_POINT('',(53.,0.,6.));
#6430 = VECTOR('',#6431,1.);
#6431 = DIRECTION('',(0.,0.,1.));
#6432 = PCURVE('',#5970,#6433);
#6433 = DEFINITIONAL_REPRESENTATION('',(#6434),#6438);
#6434 = LINE('',#6435,#6436);
#6435 = CARTESIAN_POINT('',(-6.28318530718,0.));
#6436 = VECTOR('',#6437,1.);
#6437 = DIRECTION('',(-0.,-1.));
#6438 = ( GEOMETRIC_REPRESENTATION_CONTEXT(2) 
PARAMETRIC_REPRESENTATION_CONTEXT() REPRESENTATION_CONTEXT('2D SPACE',''
  ) );
#6439 = PCURVE('',#5970,#6440);
#6440 = DEFINITIONAL_REPRESENTATION('',(#6441),#6445);
#6441 = LINE('',#6442,#6443);
#6442 = CARTESIAN_POINT('',(-0.,0.));
#6443 = VECTOR('',#6444,1.);
#6444 = DIRECTION('',(-0.,-1.));
#6445 = ( GEOMETRIC_REPRESENTATION_CONTEXT(2) 
PARAMETRIC_REPRESENTATION_CONTEXT() REPRESENTATION_CONTEXT('2D SPACE',''
  ) );
#6446 = ORIENTED_EDGE('',*,*,#6447,.F.);
#6447 = EDGE_CURVE('',#6425,#6425,#6448,.T.);
#6448 = SURFACE_CURVE('',#6449,(#6454,#6461),.PCURVE_S1.);
#6449 = CIRCLE('',#6450,53.);
#6450 = AXIS2_PLACEMENT_3D('',#6451,#6452,#6453);
#6451 = CARTESIAN_POINT('',(0.,0.,7.2));
#6452 = DIRECTION('',(0.,-0.,-1.));
#6453 = DIRECTION('',(1.,0.,-0.));
#6454 = PCURVE('',#5970,#6455);
#6455 = DEFINITIONAL_REPRESENTATION('',(#6456),#6460);
#6456 = LINE('',#6457,#6458);
#6457 = CARTESIAN_POINT('',(-6.28318530718,-1.2));
#6458 = VECTOR('',#6459,1.);
#6459 = DIRECTION('',(1.,-0.));
#6460 = ( GEOMETRIC_REPRESENTATION_CONTEXT(2) 
PARAMETRIC_REPRESENTATION_CONTEXT() REPRESENTATION_CONTEXT('2D SPACE',''
  ) );
#6461 = PCURVE('',#6462,#6467);
#6462 = PLANE('',#6463);
#6463 = AXIS2_PLACEMENT_3D('',#6464,#6465,#6466);
#6464 = CARTESIAN_POINT('',(-85.,-85.,7.2));
#6465 = DIRECTION('',(0.,0.,1.));
#6466 = DIRECTION('',(1.,0.,-0.));
#6467 = DEFINITIONAL_REPRESENTATION('',(#6468),#6476);
#6468 = ( BOUNDED_CURVE() B_SPLINE_CURVE(2,(#6469,#6470,#6471,#6472,
#6473,#6474,#6475),.UNSPECIFIED.,.T.,.F.) B_SPLINE_CURVE_WITH_KNOTS((1,2
    ,2,2,2,1),(-2.094395102393,0.,2.094395102393,4.188790204786,
6.28318530718,8.377580409573),.UNSPECIFIED.) CURVE() 
GEOMETRIC_REPRESENTATION_ITEM() RATIONAL_B_SPLINE_CURVE((1.,0.5,1.,0.5,
1.,0.5,1.)) REPRESENTATION_ITEM('') );
#6469 = CARTESIAN_POINT('',(138.,85.));
#6470 = CARTESIAN_POINT('',(138.,-6.79869280115));
#6471 = CARTESIAN_POINT('',(58.5,39.100653599425));
#6472 = CARTESIAN_POINT('',(-21.,85.));
#6473 = CARTESIAN_POINT('',(58.5,130.89934640057));
#6474 = CARTESIAN_POINT('',(138.,176.79869280115));
#6475 = CARTESIAN_POINT('',(138.,85.));
#6476 = ( GEOMETRIC_REPRESENTATION_CONTEXT(2) 
PARAMETRIC_REPRESENTATION_CONTEXT() REPRESENTATION_CONTEXT('2D SPACE',''
  ) );
#6477 = ORIENTED_EDGE('',*,*,#6424,.F.);
#6478 = ADVANCED_FACE('',(#6479,#6482),#6020,.F.);
#6479 = FACE_BOUND('',#6480,.F.);
#6480 = EDGE_LOOP('',(#6481));
#6481 = ORIENTED_EDGE('',*,*,#6233,.T.);
#6482 = FACE_BOUND('',#6483,.F.);
#6483 = EDGE_LOOP('',(#6484));
#6484 = ORIENTED_EDGE('',*,*,#6003,.F.);
#6485 = ADVANCED_FACE('',(#6486),#6088,.T.);
#6486 = FACE_BOUND('',#6487,.T.);
#6487 = EDGE_LOOP('',(#6488,#6511,#6539,#6560));
#6488 = ORIENTED_EDGE('',*,*,#6489,.F.);
#6489 = EDGE_CURVE('',#6490,#6071,#6492,.T.);
#6490 = VERTEX_POINT('',#6491);
#6491 = CARTESIAN_POINT('',(-40.475,-40.475,17.5));
#6492 = SURFACE_CURVE('',#6493,(#6497,#6504),.PCURVE_S1.);
#6493 = LINE('',#6494,#6495);
#6494 = CARTESIAN_POINT('',(-40.475,-40.475,17.5));
#6495 = VECTOR('',#6496,1.);
#6496 = DIRECTION('',(0.,0.,1.));
#6497 = PCURVE('',#6088,#6498);
#6498 = DEFINITIONAL_REPRESENTATION('',(#6499),#6503);
#6499 = LINE('',#6500,#6501);
#6500 = CARTESIAN_POINT('',(0.,0.));
#6501 = VECTOR('',#6502,1.);
#6502 = DIRECTION('',(1.,0.));
#6503 = ( GEOMETRIC_REPRESENTATION_CONTEXT(2) 
PARAMETRIC_REPRESENTATION_CONTEXT() REPRESENTATION_CONTEXT('2D SPACE',''
  ) );
#6504 = PCURVE('',#6116,#6505);
#6505 = DEFINITIONAL_REPRESENTATION('',(#6506),#6510);
#6506 = LINE('',#6507,#6508);
#6507 = CARTESIAN_POINT('',(0.,0.));
#6508 = VECTOR('',#6509,1.);
#6509 = DIRECTION('',(1.,0.));
#6510 = ( GEOMETRIC_REPRESENTATION_CONTEXT(2) 
PARAMETRIC_REPRESENTATION_CONTEXT() REPRESENTATION_CONTEXT('2D SPACE',''
  ) );
#6511 = ORIENTED_EDGE('',*,*,#6512,.T.);
#6512 = EDGE_CURVE('',#6490,#6513,#6515,.T.);
#6513 = VERTEX_POINT('',#6514);
#6514 = CARTESIAN_POINT('',(-40.475,40.475,17.5));
#6515 = SURFACE_CURVE('',#6516,(#6520,#6527),.PCURVE_S1.);
#6516 = LINE('',#6517,#6518);
#6517 = CARTESIAN_POINT('',(-40.475,-40.475,17.5));
#6518 = VECTOR('',#6519,1.);
#6519 = DIRECTION('',(-0.,1.,0.));
#6520 = PCURVE('',#6088,#6521);
#6521 = DEFINITIONAL_REPRESENTATION('',(#6522),#6526);
#6522 = LINE('',#6523,#6524);
#6523 = CARTESIAN_POINT('',(0.,0.));
#6524 = VECTOR('',#6525,1.);
#6525 = DIRECTION('',(0.,-1.));
#6526 = ( GEOMETRIC_REPRESENTATION_CONTEXT(2) 
PARAMETRIC_REPRESENTATION_CONTEXT() REPRESENTATION_CONTEXT('2D SPACE',''
  ) );
#6527 = PCURVE('',#6528,#6533);
#6528 = PLANE('',#6529);
#6529 = AXIS2_PLACEMENT_3D('',#6530,#6531,#6532);
#6530 = CARTESIAN_POINT('',(-40.475,-40.475,17.5));
#6531 = DIRECTION('',(0.,0.,1.));
#6532 = DIRECTION('',(1.,0.,-0.));
#6533 = DEFINITIONAL_REPRESENTATION('',(#6534),#6538);
#6534 = LINE('',#6535,#6536);
#6535 = CARTESIAN_POINT('',(0.,0.));
#6536 = VECTOR('',#6537,1.);
#6537 = DIRECTION('',(0.,1.));
#6538 = ( GEOMETRIC_REPRESENTATION_CONTEXT(2) 
PARAMETRIC_REPRESENTATION_CONTEXT() REPRESENTATION_CONTEXT('2D SPACE',''
  ) );
#6539 = ORIENTED_EDGE('',*,*,#6540,.T.);
#6540 = EDGE_CURVE('',#6513,#6073,#6541,.T.);
#6541 = SURFACE_CURVE('',#6542,(#6546,#6553),.PCURVE_S1.);
#6542 = LINE('',#6543,#6544);
#6543 = CARTESIAN_POINT('',(-40.475,40.475,17.5));
#6544 = VECTOR('',#6545,1.);
#6545 = DIRECTION('',(0.,0.,1.));
#6546 = PCURVE('',#6088,#6547);
#6547 = DEFINITIONAL_REPRESENTATION('',(#6548),#6552);
#6548 = LINE('',#6549,#6550);
#6549 = CARTESIAN_POINT('',(0.,-80.95));
#6550 = VECTOR('',#6551,1.);
#6551 = DIRECTION('',(1.,0.));
#6552 = ( GEOMETRIC_REPRESENTATION_CONTEXT(2) 
PARAMETRIC_REPRESENTATION_CONTEXT() REPRESENTATION_CONTEXT('2D SPACE',''
  ) );
#6553 = PCURVE('',#6170,#6554);
#6554 = DEFINITIONAL_REPRESENTATION('',(#6555),#6559);
#6555 = LINE('',#6556,#6557);
#6556 = CARTESIAN_POINT('',(0.,0.));
#6557 = VECTOR('',#6558,1.);
#6558 = DIRECTION('',(1.,0.));
#6559 = ( GEOMETRIC_REPRESENTATION_CONTEXT(2) 
PARAMETRIC_REPRESENTATION_CONTEXT() REPRESENTATION_CONTEXT('2D SPACE',''
  ) );
#6560 = ORIENTED_EDGE('',*,*,#6070,.F.);
#6561 = ADVANCED_FACE('',(#6562),#6170,.F.);
#6562 = FACE_BOUND('',#6563,.F.);
#6563 = EDGE_LOOP('',(#6564,#6587,#6588,#6589));
#6564 = ORIENTED_EDGE('',*,*,#6565,.F.);
#6565 = EDGE_CURVE('',#6513,#6566,#6568,.T.);
#6566 = VERTEX_POINT('',#6567);
#6567 = CARTESIAN_POINT('',(40.475,40.475,17.5));
#6568 = SURFACE_CURVE('',#6569,(#6573,#6580),.PCURVE_S1.);
#6569 = LINE('',#6570,#6571);
#6570 = CARTESIAN_POINT('',(-40.475,40.475,17.5));
#6571 = VECTOR('',#6572,1.);
#6572 = DIRECTION('',(1.,0.,-0.));
#6573 = PCURVE('',#6170,#6574);
#6574 = DEFINITIONAL_REPRESENTATION('',(#6575),#6579);
#6575 = LINE('',#6576,#6577);
#6576 = CARTESIAN_POINT('',(0.,0.));
#6577 = VECTOR('',#6578,1.);
#6578 = DIRECTION('',(0.,1.));
#6579 = ( GEOMETRIC_REPRESENTATION_CONTEXT(2) 
PARAMETRIC_REPRESENTATION_CONTEXT() REPRESENTATION_CONTEXT('2D SPACE',''
  ) );
#6580 = PCURVE('',#6528,#6581);
#6581 = DEFINITIONAL_REPRESENTATION('',(#6582),#6586);
#6582 = LINE('',#6583,#6584);
#6583 = CARTESIAN_POINT('',(0.,80.95));
#6584 = VECTOR('',#6585,1.);
#6585 = DIRECTION('',(1.,0.));
#6586 = ( GEOMETRIC_REPRESENTATION_CONTEXT(2) 
PARAMETRIC_REPRESENTATION_CONTEXT() REPRESENTATION_CONTEXT('2D SPACE',''
  ) );
#6587 = ORIENTED_EDGE('',*,*,#6540,.T.);
#6588 = ORIENTED_EDGE('',*,*,#6156,.T.);
#6589 = ORIENTED_EDGE('',*,*,#6590,.F.);
#6590 = EDGE_CURVE('',#6566,#6129,#6591,.T.);
#6591 = SURFACE_CURVE('',#6592,(#6596,#6603),.PCURVE_S1.);
#6592 = LINE('',#6593,#6594);
#6593 = CARTESIAN_POINT('',(40.475,40.475,17.5));
#6594 = VECTOR('',#6595,1.);
#6595 = DIRECTION('',(0.,0.,1.));
#6596 = PCURVE('',#6170,#6597);
#6597 = DEFINITIONAL_REPRESENTATION('',(#6598),#6602);
#6598 = LINE('',#6599,#6600);
#6599 = CARTESIAN_POINT('',(0.,80.95));
#6600 = VECTOR('',#6601,1.);
#6601 = DIRECTION('',(1.,0.));
#6602 = ( GEOMETRIC_REPRESENTATION_CONTEXT(2) 
PARAMETRIC_REPRESENTATION_CONTEXT() REPRESENTATION_CONTEXT('2D SPACE',''
  ) );
#6603 = PCURVE('',#6144,#6604);
#6604 = DEFINITIONAL_REPRESENTATION('',(#6605),#6609);
#6605 = LINE('',#6606,#6607);
#6606 = CARTESIAN_POINT('',(0.,-80.95));
#6607 = VECTOR('',#6608,1.);
#6608 = DIRECTION('',(1.,0.));
#6609 = ( GEOMETRIC_REPRESENTATION_CONTEXT(2) 
PARAMETRIC_REPRESENTATION_CONTEXT() REPRESENTATION_CONTEXT('2D SPACE',''
  ) );
#6610 = ADVANCED_FACE('',(#6611),#6116,.T.);
#6611 = FACE_BOUND('',#6612,.T.);
#6612 = EDGE_LOOP('',(#6613,#6636,#6637,#6638));
#6613 = ORIENTED_EDGE('',*,*,#6614,.F.);
#6614 = EDGE_CURVE('',#6490,#6615,#6617,.T.);
#6615 = VERTEX_POINT('',#6616);
#6616 = CARTESIAN_POINT('',(40.475,-40.475,17.5));
#6617 = SURFACE_CURVE('',#6618,(#6622,#6629),.PCURVE_S1.);
#6618 = LINE('',#6619,#6620);
#6619 = CARTESIAN_POINT('',(-40.475,-40.475,17.5));
#6620 = VECTOR('',#6621,1.);
#6621 = DIRECTION('',(1.,0.,-0.));
#6622 = PCURVE('',#6116,#6623);
#6623 = DEFINITIONAL_REPRESENTATION('',(#6624),#6628);
#6624 = LINE('',#6625,#6626);
#6625 = CARTESIAN_POINT('',(0.,0.));
#6626 = VECTOR('',#6627,1.);
#6627 = DIRECTION('',(0.,1.));
#6628 = ( GEOMETRIC_REPRESENTATION_CONTEXT(2) 
PARAMETRIC_REPRESENTATION_CONTEXT() REPRESENTATION_CONTEXT('2D SPACE',''
  ) );
#6629 = PCURVE('',#6528,#6630);
#6630 = DEFINITIONAL_REPRESENTATION('',(#6631),#6635);
#6631 = LINE('',#6632,#6633);
#6632 = CARTESIAN_POINT('',(0.,0.));
#6633 = VECTOR('',#6634,1.);
#6634 = DIRECTION('',(1.,0.));
#6635 = ( GEOMETRIC_REPRESENTATION_CONTEXT(2) 
PARAMETRIC_REPRESENTATION_CONTEXT() REPRESENTATION_CONTEXT('2D SPACE',''
  ) );
#6636 = ORIENTED_EDGE('',*,*,#6489,.T.);
#6637 = ORIENTED_EDGE('',*,*,#6100,.T.);
#6638 = ORIENTED_EDGE('',*,*,#6639,.F.);
#6639 = EDGE_CURVE('',#6615,#6101,#6640,.T.);
#6640 = SURFACE_CURVE('',#6641,(#6645,#6652),.PCURVE_S1.);
#6641 = LINE('',#6642,#6643);
#6642 = CARTESIAN_POINT('',(40.475,-40.475,17.5));
#6643 = VECTOR('',#6644,1.);
#6644 = DIRECTION('',(0.,0.,1.));
#6645 = PCURVE('',#6116,#6646);
#6646 = DEFINITIONAL_REPRESENTATION('',(#6647),#6651);
#6647 = LINE('',#6648,#6649);
#6648 = CARTESIAN_POINT('',(0.,80.95));
#6649 = VECTOR('',#6650,1.);
#6650 = DIRECTION('',(1.,0.));
#6651 = ( GEOMETRIC_REPRESENTATION_CONTEXT(2) 
PARAMETRIC_REPRESENTATION_CONTEXT() REPRESENTATION_CONTEXT('2D SPACE',''
  ) );
#6652 = PCURVE('',#6144,#6653);
#6653 = DEFINITIONAL_REPRESENTATION('',(#6654),#6658);
#6654 = LINE('',#6655,#6656);
#6655 = CARTESIAN_POINT('',(0.,0.));
#6656 = VECTOR('',#6657,1.);
#6657 = DIRECTION('',(1.,0.));
#6658 = ( GEOMETRIC_REPRESENTATION_CONTEXT(2) 
PARAMETRIC_REPRESENTATION_CONTEXT() REPRESENTATION_CONTEXT('2D SPACE',''
  ) );
#6659 = ADVANCED_FACE('',(#6660),#6144,.F.);
#6660 = FACE_BOUND('',#6661,.F.);
#6661 = EDGE_LOOP('',(#6662,#6663,#6684,#6685));
#6662 = ORIENTED_EDGE('',*,*,#6639,.F.);
#6663 = ORIENTED_EDGE('',*,*,#6664,.T.);
#6664 = EDGE_CURVE('',#6615,#6566,#6665,.T.);
#6665 = SURFACE_CURVE('',#6666,(#6670,#6677),.PCURVE_S1.);
#6666 = LINE('',#6667,#6668);
#6667 = CARTESIAN_POINT('',(40.475,-40.475,17.5));
#6668 = VECTOR('',#6669,1.);
#6669 = DIRECTION('',(-0.,1.,0.));
#6670 = PCURVE('',#6144,#6671);
#6671 = DEFINITIONAL_REPRESENTATION('',(#6672),#6676);
#6672 = LINE('',#6673,#6674);
#6673 = CARTESIAN_POINT('',(0.,0.));
#6674 = VECTOR('',#6675,1.);
#6675 = DIRECTION('',(0.,-1.));
#6676 = ( GEOMETRIC_REPRESENTATION_CONTEXT(2) 
PARAMETRIC_REPRESENTATION_CONTEXT() REPRESENTATION_CONTEXT('2D SPACE',''
  ) );
#6677 = PCURVE('',#6528,#6678);
#6678 = DEFINITIONAL_REPRESENTATION('',(#6679),#6683);
#6679 = LINE('',#6680,#6681);
#6680 = CARTESIAN_POINT('',(80.95,0.));
#6681 = VECTOR('',#6682,1.);
#6682 = DIRECTION('',(0.,1.));
#6683 = ( GEOMETRIC_REPRESENTATION_CONTEXT(2) 
PARAMETRIC_REPRESENTATION_CONTEXT() REPRESENTATION_CONTEXT('2D SPACE',''
  ) );
#6684 = ORIENTED_EDGE('',*,*,#6590,.T.);
#6685 = ORIENTED_EDGE('',*,*,#6128,.F.);
#6686 = ADVANCED_FACE('',(#6687,#6690),#6299,.T.);
#6687 = FACE_BOUND('',#6688,.T.);
#6688 = EDGE_LOOP('',(#6689));
#6689 = ORIENTED_EDGE('',*,*,#6284,.T.);
#6690 = FACE_BOUND('',#6691,.T.);
#6691 = EDGE_LOOP('',(#6692));
#6692 = ORIENTED_EDGE('',*,*,#6354,.F.);
#6693 = ADVANCED_FACE('',(#6694),#6408,.F.);
#6694 = FACE_BOUND('',#6695,.F.);
#6695 = EDGE_LOOP('',(#6696,#6697,#6720,#6747));
#6696 = ORIENTED_EDGE('',*,*,#6387,.F.);
#6697 = ORIENTED_EDGE('',*,*,#6698,.F.);
#6698 = EDGE_CURVE('',#6699,#6388,#6701,.T.);
#6699 = VERTEX_POINT('',#6700);
#6700 = CARTESIAN_POINT('',(4.1,-98.2,-3.224656424551E-15));
#6701 = SEAM_CURVE('',#6702,(#6706,#6713),.PCURVE_S1.);
#6702 = LINE('',#6703,#6704);
#6703 = CARTESIAN_POINT('',(4.1,-98.2,-3.224656424551E-15));
#6704 = VECTOR('',#6705,1.);
#6705 = DIRECTION('',(0.,-1.,2.22044604925E-16));
#6706 = PCURVE('',#6408,#6707);
#6707 = DEFINITIONAL_REPRESENTATION('',(#6708),#6712);
#6708 = LINE('',#6709,#6710);
#6709 = CARTESIAN_POINT('',(6.28318530718,-0.));
#6710 = VECTOR('',#6711,1.);
#6711 = DIRECTION('',(0.,1.));
#6712 = ( GEOMETRIC_REPRESENTATION_CONTEXT(2) 
PARAMETRIC_REPRESENTATION_CONTEXT() REPRESENTATION_CONTEXT('2D SPACE',''
  ) );
#6713 = PCURVE('',#6408,#6714);
#6714 = DEFINITIONAL_REPRESENTATION('',(#6715),#6719);
#6715 = LINE('',#6716,#6717);
#6716 = CARTESIAN_POINT('',(0.,-0.));
#6717 = VECTOR('',#6718,1.);
#6718 = DIRECTION('',(0.,1.));
#6719 = ( GEOMETRIC_REPRESENTATION_CONTEXT(2) 
PARAMETRIC_REPRESENTATION_CONTEXT() REPRESENTATION_CONTEXT('2D SPACE',''
  ) );
#6720 = ORIENTED_EDGE('',*,*,#6721,.T.);
#6721 = EDGE_CURVE('',#6699,#6699,#6722,.T.);
#6722 = SURFACE_CURVE('',#6723,(#6728,#6735),.PCURVE_S1.);
#6723 = CIRCLE('',#6724,4.1);
#6724 = AXIS2_PLACEMENT_3D('',#6725,#6726,#6727);
#6725 = CARTESIAN_POINT('',(0.,-98.2,-2.22044604925E-15));
#6726 = DIRECTION('',(0.,-1.,2.22044604925E-16));
#6727 = DIRECTION('',(1.,0.,0.));
#6728 = PCURVE('',#6408,#6729);
#6729 = DEFINITIONAL_REPRESENTATION('',(#6730),#6734);
#6730 = LINE('',#6731,#6732);
#6731 = CARTESIAN_POINT('',(0.,0.));
#6732 = VECTOR('',#6733,1.);
#6733 = DIRECTION('',(1.,0.));
#6734 = ( GEOMETRIC_REPRESENTATION_CONTEXT(2) 
PARAMETRIC_REPRESENTATION_CONTEXT() REPRESENTATION_CONTEXT('2D SPACE',''
  ) );
#6735 = PCURVE('',#6736,#6741);
#6736 = PLANE('',#6737);
#6737 = AXIS2_PLACEMENT_3D('',#6738,#6739,#6740);
#6738 = CARTESIAN_POINT('',(0.,-98.2,-2.22044604925E-15));
#6739 = DIRECTION('',(0.,-1.,2.22044604925E-16));
#6740 = DIRECTION('',(1.,0.,0.));
#6741 = DEFINITIONAL_REPRESENTATION('',(#6742),#6746);
#6742 = CIRCLE('',#6743,4.1);
#6743 = AXIS2_PLACEMENT_2D('',#6744,#6745);
#6744 = CARTESIAN_POINT('',(0.,0.));
#6745 = DIRECTION('',(1.,0.));
#6746 = ( GEOMETRIC_REPRESENTATION_CONTEXT(2) 
PARAMETRIC_REPRESENTATION_CONTEXT() REPRESENTATION_CONTEXT('2D SPACE',''
  ) );
#6747 = ORIENTED_EDGE('',*,*,#6698,.T.);
#6748 = ADVANCED_FACE('',(#6749,#6752),#6462,.F.);
#6749 = FACE_BOUND('',#6750,.F.);
#6750 = EDGE_LOOP('',(#6751));
#6751 = ORIENTED_EDGE('',*,*,#6447,.F.);
#6752 = FACE_BOUND('',#6753,.F.);
#6753 = EDGE_LOOP('',(#6754,#6855,#6880,#6979,#7004,#7103,#7128,#7227));
#6754 = ORIENTED_EDGE('',*,*,#6755,.T.);
#6755 = EDGE_CURVE('',#6756,#6758,#6760,.T.);
#6756 = VERTEX_POINT('',#6757);
#6757 = CARTESIAN_POINT('',(-25.39975524475,-37.39975524475,7.2));
#6758 = VERTEX_POINT('',#6759);
#6759 = CARTESIAN_POINT('',(-37.39975524475,-25.39975524475,7.2));
#6760 = SURFACE_CURVE('',#6761,(#6784,#6810),.PCURVE_S1.);
#6761 = B_SPLINE_CURVE_WITH_KNOTS('',6,(#6762,#6763,#6764,#6765,#6766,
    #6767,#6768,#6769,#6770,#6771,#6772,#6773,#6774,#6775,#6776,#6777,
    #6778,#6779,#6780,#6781,#6782,#6783),.UNSPECIFIED.,.F.,.F.,(7,5,5,5,
    7),(0.,0.250999936342,0.499999999386,0.749999999889,1.),
  .UNSPECIFIED.);
#6762 = CARTESIAN_POINT('',(-25.39975524475,-37.39975524475,7.2));
#6763 = CARTESIAN_POINT('',(-26.18828218782,-37.39975524475,7.2));
#6764 = CARTESIAN_POINT('',(-26.9768556789,-37.33757765265,7.2));
#6765 = CARTESIAN_POINT('',(-27.75924423978,-37.21320934455,7.2));
#6766 = CARTESIAN_POINT('',(-28.52937995419,-37.02749365986,7.2));
#6767 = CARTESIAN_POINT('',(-29.28133643961,-36.78198272923,7.2));
#6768 = CARTESIAN_POINT('',(-30.73159381924,-36.17859579805,7.2));
#6769 = CARTESIAN_POINT('',(-31.43035804222,-35.82159590699,7.2));
#6770 = CARTESIAN_POINT('',(-32.10003778283,-35.41040749543,7.2));
#6771 = CARTESIAN_POINT('',(-32.73547621262,-34.9480603709,7.2));
#6772 = CARTESIAN_POINT('',(-33.33190638912,-34.43816684758,7.2));
#6773 = CARTESIAN_POINT('',(-34.44038811463,-33.32968512207,7.2));
#6774 = CARTESIAN_POINT('',(-34.95215532808,-32.73068482857,7.2));
#6775 = CARTESIAN_POINT('',(-35.41597575666,-32.09237980942,7.2));
#6776 = CARTESIAN_POINT('',(-35.82819630519,-31.41959685031,7.2));
#6777 = CARTESIAN_POINT('',(-36.18575558837,-30.71755811038,7.2));
#6778 = CARTESIAN_POINT('',(-36.78686371835,-29.26635471869,7.2));
#6779 = CARTESIAN_POINT('',(-37.03044747204,-28.51710578672,7.2));
#6780 = CARTESIAN_POINT('',(-37.21469291852,-27.74989246164,7.2));
#6781 = CARTESIAN_POINT('',(-37.33807207431,-26.97057208016,7.2));
#6782 = CARTESIAN_POINT('',(-37.39975524475,-26.18514084589,7.2));
#6783 = CARTESIAN_POINT('',(-37.39975524475,-25.39975524475,7.2));
#6784 = PCURVE('',#6462,#6785);
#6785 = DEFINITIONAL_REPRESENTATION('',(#6786),#6809);
#6786 = B_SPLINE_CURVE_WITH_KNOTS('',6,(#6787,#6788,#6789,#6790,#6791,
    #6792,#6793,#6794,#6795,#6796,#6797,#6798,#6799,#6800,#6801,#6802,
    #6803,#6804,#6805,#6806,#6807,#6808),.UNSPECIFIED.,.F.,.F.,(7,5,5,5,
    7),(0.,0.250999936342,0.499999999386,0.749999999889,1.),
  .UNSPECIFIED.);
#6787 = CARTESIAN_POINT('',(59.600244755245,47.600244755245));
#6788 = CARTESIAN_POINT('',(58.811717812179,47.600244755245));
#6789 = CARTESIAN_POINT('',(58.023144321095,47.662422347349));
#6790 = CARTESIAN_POINT('',(57.240755760213,47.786790655449));
#6791 = CARTESIAN_POINT('',(56.470620045801,47.972506340134));
#6792 = CARTESIAN_POINT('',(55.718663560385,48.218017270769));
#6793 = CARTESIAN_POINT('',(54.268406180756,48.821404201947));
#6794 = CARTESIAN_POINT('',(53.569641957776,49.178404093005));
#6795 = CARTESIAN_POINT('',(52.899962217167,49.589592504563));
#6796 = CARTESIAN_POINT('',(52.264523787376,50.051939629091));
#6797 = CARTESIAN_POINT('',(51.668093610873,50.561833152414));
#6798 = CARTESIAN_POINT('',(50.559611885365,51.670314877922));
#6799 = CARTESIAN_POINT('',(50.047844671912,52.26931517143));
#6800 = CARTESIAN_POINT('',(49.584024243332,52.907620190578));
#6801 = CARTESIAN_POINT('',(49.171803694808,53.580403149682));
#6802 = CARTESIAN_POINT('',(48.814244411624,54.282441889618));
#6803 = CARTESIAN_POINT('',(48.21313628165,55.733645281308));
#6804 = CARTESIAN_POINT('',(47.969552527957,56.482894213274));
#6805 = CARTESIAN_POINT('',(47.785307081475,57.250107538352));
#6806 = CARTESIAN_POINT('',(47.661927925685,58.029427919837));
#6807 = CARTESIAN_POINT('',(47.600244755245,58.814859154102));
#6808 = CARTESIAN_POINT('',(47.600244755245,59.600244755245));
#6809 = ( GEOMETRIC_REPRESENTATION_CONTEXT(2) 
PARAMETRIC_REPRESENTATION_CONTEXT() REPRESENTATION_CONTEXT('2D SPACE',''
  ) );
#6810 = PCURVE('',#6811,#6830);
#6811 = B_SPLINE_SURFACE_WITH_KNOTS('',8,1,(
    (#6812,#6813)
    ,(#6814,#6815)
    ,(#6816,#6817)
    ,(#6818,#6819)
    ,(#6820,#6821)
    ,(#6822,#6823)
    ,(#6824,#6825)
    ,(#6826,#6827)
    ,(#6828,#6829
    )),.UNSPECIFIED.,.F.,.F.,.F.,(9,9),(2,2),(3.14159265359,
    4.712388980385),(0.,1.),.PIECEWISE_BEZIER_KNOTS.);
#6812 = CARTESIAN_POINT('',(-37.33,-25.33,6.7));
#6813 = CARTESIAN_POINT('',(-39.325,-27.325,21.));
#6814 = CARTESIAN_POINT('',(-37.33,-27.68619449019,6.7));
#6815 = CARTESIAN_POINT('',(-39.325,-29.68119449019,21.));
#6816 = CARTESIAN_POINT('',(-36.80127053246,-30.04238972205,6.7));
#6817 = CARTESIAN_POINT('',(-38.79627053246,-32.03738972205,21.));
#6818 = CARTESIAN_POINT('',(-35.74381679045,-32.26015881201,6.7));
#6819 = CARTESIAN_POINT('',(-37.73881679045,-34.25515881202,21.));
#6820 = CARTESIAN_POINT('',(-34.20110506936,-34.20110506936,
    6.700000000001));
#6821 = CARTESIAN_POINT('',(-36.19610506935,-36.19610506935,21.));
#6822 = CARTESIAN_POINT('',(-32.26015881201,-35.74381679045,6.7));
#6823 = CARTESIAN_POINT('',(-34.25515881202,-37.73881679045,21.));
#6824 = CARTESIAN_POINT('',(-30.04238972205,-36.80127053246,6.7));
#6825 = CARTESIAN_POINT('',(-32.03738972205,-38.79627053246,21.));
#6826 = CARTESIAN_POINT('',(-27.68619449019,-37.33,6.7));
#6827 = CARTESIAN_POINT('',(-29.68119449019,-39.325,21.));
#6828 = CARTESIAN_POINT('',(-25.33,-37.33,6.7));
#6829 = CARTESIAN_POINT('',(-27.325,-39.325,21.));
#6830 = DEFINITIONAL_REPRESENTATION('',(#6831),#6854);
#6831 = B_SPLINE_CURVE_WITH_KNOTS('',6,(#6832,#6833,#6834,#6835,#6836,
    #6837,#6838,#6839,#6840,#6841,#6842,#6843,#6844,#6845,#6846,#6847,
    #6848,#6849,#6850,#6851,#6852,#6853),.UNSPECIFIED.,.F.,.F.,(7,5,5,5,
    7),(0.,0.250999936342,0.499999999386,0.749999999889,1.),
  .UNSPECIFIED.);
#6832 = CARTESIAN_POINT('',(4.712388980385,3.496503496504E-02));
#6833 = CARTESIAN_POINT('',(4.646678401796,3.496503496504E-02));
#6834 = CARTESIAN_POINT('',(4.58096398732,3.496503496504E-02));
#6835 = CARTESIAN_POINT('',(4.515254042629,3.496503496503E-02));
#6836 = CARTESIAN_POINT('',(4.449544103253,3.496503496504E-02));
#6837 = CARTESIAN_POINT('',(4.383829681683,3.496503496503E-02));
#6838 = CARTESIAN_POINT('',(4.252932080272,3.496503496504E-02));
#6839 = CARTESIAN_POINT('',(4.187741367251,3.496503496504E-02));
#6840 = CARTESIAN_POINT('',(4.122554963779,3.496503496503E-02));
#6841 = CARTESIAN_POINT('',(4.057368557672,3.496503496504E-02));
#6842 = CARTESIAN_POINT('',(3.992177841155,3.496503496504E-02));
#6843 = CARTESIAN_POINT('',(3.861542013981,3.496503496504E-02));
#6844 = CARTESIAN_POINT('',(3.796089444576,3.496503496504E-02));
#6845 = CARTESIAN_POINT('',(3.730641272025,3.496503496503E-02));
#6846 = CARTESIAN_POINT('',(3.665193102141,3.496503496504E-02));
#6847 = CARTESIAN_POINT('',(3.599740536236,3.496503496504E-02));
#6848 = CARTESIAN_POINT('',(3.468842934444,3.496503496503E-02));
#6849 = CARTESIAN_POINT('',(3.403390366574,3.496503496503E-02));
#6850 = CARTESIAN_POINT('',(3.337942193101,3.496503496504E-02));
#6851 = CARTESIAN_POINT('',(3.272494014464,3.496503496504E-02));
#6852 = CARTESIAN_POINT('',(3.207041453685,3.496503496504E-02));
#6853 = CARTESIAN_POINT('',(3.14159265359,3.496503496504E-02));
#6854 = ( GEOMETRIC_REPRESENTATION_CONTEXT(2) 
PARAMETRIC_REPRESENTATION_CONTEXT() REPRESENTATION_CONTEXT('2D SPACE',''
  ) );
#6855 = ORIENTED_EDGE('',*,*,#6856,.T.);
#6856 = EDGE_CURVE('',#6758,#6857,#6859,.T.);
#6857 = VERTEX_POINT('',#6858);
#6858 = CARTESIAN_POINT('',(-37.39975524475,25.399755244755,7.2));
#6859 = SURFACE_CURVE('',#6860,(#6863,#6869),.PCURVE_S1.);
#6860 = B_SPLINE_CURVE_WITH_KNOTS('',1,(#6861,#6862),.UNSPECIFIED.,.F.,
  .F.,(2,2),(0.,1.),.PIECEWISE_BEZIER_KNOTS.);
#6861 = CARTESIAN_POINT('',(-37.39975524475,-25.39975524475,7.2));
#6862 = CARTESIAN_POINT('',(-37.39975524475,25.399755244755,7.2));
#6863 = PCURVE('',#6462,#6864);
#6864 = DEFINITIONAL_REPRESENTATION('',(#6865),#6868);
#6865 = B_SPLINE_CURVE_WITH_KNOTS('',1,(#6866,#6867),.UNSPECIFIED.,.F.,
  .F.,(2,2),(0.,1.),.PIECEWISE_BEZIER_KNOTS.);
#6866 = CARTESIAN_POINT('',(47.600244755245,59.600244755245));
#6867 = CARTESIAN_POINT('',(47.600244755245,110.39975524475));
#6868 = ( GEOMETRIC_REPRESENTATION_CONTEXT(2) 
PARAMETRIC_REPRESENTATION_CONTEXT() REPRESENTATION_CONTEXT('2D SPACE',''
  ) );
#6869 = PCURVE('',#6870,#6875);
#6870 = B_SPLINE_SURFACE_WITH_KNOTS('',1,1,(
    (#6871,#6872)
    ,(#6873,#6874
    )),.UNSPECIFIED.,.F.,.F.,.F.,(2,2),(2,2),(-27.325,27.325),(0.,1.),
  .PIECEWISE_BEZIER_KNOTS.);
#6871 = CARTESIAN_POINT('',(-37.33,25.33,6.7));
#6872 = CARTESIAN_POINT('',(-39.325,27.325,21.));
#6873 = CARTESIAN_POINT('',(-37.33,-25.33,6.7));
#6874 = CARTESIAN_POINT('',(-39.325,-27.325,21.));
#6875 = DEFINITIONAL_REPRESENTATION('',(#6876),#6879);
#6876 = B_SPLINE_CURVE_WITH_KNOTS('',1,(#6877,#6878),.UNSPECIFIED.,.F.,
  .F.,(2,2),(0.,1.),.PIECEWISE_BEZIER_KNOTS.);
#6877 = CARTESIAN_POINT('',(27.325,3.496503496503E-02));
#6878 = CARTESIAN_POINT('',(-27.325,3.496503496503E-02));
#6879 = ( GEOMETRIC_REPRESENTATION_CONTEXT(2) 
PARAMETRIC_REPRESENTATION_CONTEXT() REPRESENTATION_CONTEXT('2D SPACE',''
  ) );
#6880 = ORIENTED_EDGE('',*,*,#6881,.T.);
#6881 = EDGE_CURVE('',#6857,#6882,#6884,.T.);
#6882 = VERTEX_POINT('',#6883);
#6883 = CARTESIAN_POINT('',(-25.39975524475,37.399755244755,7.2));
#6884 = SURFACE_CURVE('',#6885,(#6908,#6934),.PCURVE_S1.);
#6885 = B_SPLINE_CURVE_WITH_KNOTS('',6,(#6886,#6887,#6888,#6889,#6890,
    #6891,#6892,#6893,#6894,#6895,#6896,#6897,#6898,#6899,#6900,#6901,
    #6902,#6903,#6904,#6905,#6906,#6907),.UNSPECIFIED.,.F.,.F.,(7,5,5,5,
    7),(0.,0.251999871945,0.500999935579,0.749999999273,1.),
  .UNSPECIFIED.);
#6886 = CARTESIAN_POINT('',(-37.39975524475,25.399755244755,7.2));
#6887 = CARTESIAN_POINT('',(-37.39975524475,26.191423525783,7.2));
#6888 = CARTESIAN_POINT('',(-37.33708125796,26.983139284286,7.2));
#6889 = CARTESIAN_POINT('',(-37.21171984541,27.768595433336,7.2));
#6890 = CARTESIAN_POINT('',(-37.02452816212,28.541651781654,7.2));
#6891 = CARTESIAN_POINT('',(-36.77708276571,29.296312377735,7.2));
#6892 = CARTESIAN_POINT('',(-36.17020727098,30.748518597484,7.2));
#6893 = CARTESIAN_POINT('',(-35.81211020458,31.44672118444,7.2));
#6894 = CARTESIAN_POINT('',(-35.39987037051,32.115754205921,7.2));
#6895 = CARTESIAN_POINT('',(-34.93652567255,32.750465598849,7.2));
#6896 = CARTESIAN_POINT('',(-34.42569590838,33.346094100908,7.2));
#6897 = CARTESIAN_POINT('',(-33.31769910555,34.450615485401,7.2));
#6898 = CARTESIAN_POINT('',(-32.72046872624,34.959571509765,7.2));
#6899 = CARTESIAN_POINT('',(-32.08430482747,35.420919920068,7.2));
#6900 = CARTESIAN_POINT('',(-31.4139800201,35.831055894547,7.2));
#6901 = CARTESIAN_POINT('',(-30.71465588522,36.186957729403,7.2));
#6902 = CARTESIAN_POINT('',(-29.26635471869,36.78686371835,7.2));
#6903 = CARTESIAN_POINT('',(-28.51710578672,37.030447472042,7.2));
#6904 = CARTESIAN_POINT('',(-27.74989246164,37.214692918526,7.2));
#6905 = CARTESIAN_POINT('',(-26.97057208016,37.338072074315,7.2));
#6906 = CARTESIAN_POINT('',(-26.18514084589,37.399755244755,7.2));
#6907 = CARTESIAN_POINT('',(-25.39975524475,37.399755244755,7.2));
#6908 = PCURVE('',#6462,#6909);
#6909 = DEFINITIONAL_REPRESENTATION('',(#6910),#6933);
#6910 = B_SPLINE_CURVE_WITH_KNOTS('',6,(#6911,#6912,#6913,#6914,#6915,
    #6916,#6917,#6918,#6919,#6920,#6921,#6922,#6923,#6924,#6925,#6926,
    #6927,#6928,#6929,#6930,#6931,#6932),.UNSPECIFIED.,.F.,.F.,(7,5,5,5,
    7),(0.,0.251999871945,0.500999935579,0.749999999273,1.),
  .UNSPECIFIED.);
#6911 = CARTESIAN_POINT('',(47.600244755245,110.39975524475));
#6912 = CARTESIAN_POINT('',(47.600244755245,111.19142352578));
#6913 = CARTESIAN_POINT('',(47.662918742031,111.98313928428));
#6914 = CARTESIAN_POINT('',(47.788280154584,112.76859543333));
#6915 = CARTESIAN_POINT('',(47.975471837879,113.54165178165));
#6916 = CARTESIAN_POINT('',(48.222917234288,114.29631237773));
#6917 = CARTESIAN_POINT('',(48.829792729019,115.74851859748));
#6918 = CARTESIAN_POINT('',(49.187889795411,116.44672118444));
#6919 = CARTESIAN_POINT('',(49.600129629483,117.11575420592));
#6920 = CARTESIAN_POINT('',(50.063474327443,117.75046559884));
#6921 = CARTESIAN_POINT('',(50.574304091613,118.3460941009));
#6922 = CARTESIAN_POINT('',(51.682300894446,119.4506154854));
#6923 = CARTESIAN_POINT('',(52.27953127376,119.95957150976));
#6924 = CARTESIAN_POINT('',(52.915695172529,120.42091992006));
#6925 = CARTESIAN_POINT('',(53.586019979899,120.83105589454));
#6926 = CARTESIAN_POINT('',(54.285344114771,121.1869577294));
#6927 = CARTESIAN_POINT('',(55.733645281309,121.78686371835));
#6928 = CARTESIAN_POINT('',(56.482894213274,122.03044747204));
#6929 = CARTESIAN_POINT('',(57.250107538352,122.21469291852));
#6930 = CARTESIAN_POINT('',(58.029427919838,122.33807207431));
#6931 = CARTESIAN_POINT('',(58.814859154102,122.39975524475));
#6932 = CARTESIAN_POINT('',(59.600244755245,122.39975524475));
#6933 = ( GEOMETRIC_REPRESENTATION_CONTEXT(2) 
PARAMETRIC_REPRESENTATION_CONTEXT() REPRESENTATION_CONTEXT('2D SPACE',''
  ) );
#6934 = PCURVE('',#6935,#6954);
#6935 = B_SPLINE_SURFACE_WITH_KNOTS('',8,1,(
    (#6936,#6937)
    ,(#6938,#6939)
    ,(#6940,#6941)
    ,(#6942,#6943)
    ,(#6944,#6945)
    ,(#6946,#6947)
    ,(#6948,#6949)
    ,(#6950,#6951)
    ,(#6952,#6953
    )),.UNSPECIFIED.,.F.,.F.,.F.,(9,9),(2,2),(1.570796326795,
    3.14159265359),(0.,1.),.PIECEWISE_BEZIER_KNOTS.);
#6936 = CARTESIAN_POINT('',(-25.33,37.33,6.7));
#6937 = CARTESIAN_POINT('',(-27.325,39.325,21.));
#6938 = CARTESIAN_POINT('',(-27.68619449019,37.33,6.7));
#6939 = CARTESIAN_POINT('',(-29.68119449019,39.324999999999,21.));
#6940 = CARTESIAN_POINT('',(-30.04238972205,36.801270532466,6.7));
#6941 = CARTESIAN_POINT('',(-32.03738972205,38.796270532468,
    21.000000000001));
#6942 = CARTESIAN_POINT('',(-32.26015881202,35.743816790456,6.7));
#6943 = CARTESIAN_POINT('',(-34.25515881201,37.738816790453,
    20.999999999999));
#6944 = CARTESIAN_POINT('',(-34.20110506935,34.20110506936,6.7));
#6945 = CARTESIAN_POINT('',(-36.19610506936,36.196105069363,
    21.000000000001));
#6946 = CARTESIAN_POINT('',(-35.74381679045,32.26015881202,6.7));
#6947 = CARTESIAN_POINT('',(-37.73881679045,34.255158812017,
    20.999999999999));
#6948 = CARTESIAN_POINT('',(-36.80127053246,30.042389722051,6.7));
#6949 = CARTESIAN_POINT('',(-38.79627053246,32.037389722053,21.));
#6950 = CARTESIAN_POINT('',(-37.33,27.686194490192,6.7));
#6951 = CARTESIAN_POINT('',(-39.325,29.681194490192,21.));
#6952 = CARTESIAN_POINT('',(-37.33,25.33,6.7));
#6953 = CARTESIAN_POINT('',(-39.325,27.325,21.));
#6954 = DEFINITIONAL_REPRESENTATION('',(#6955),#6978);
#6955 = B_SPLINE_CURVE_WITH_KNOTS('',6,(#6956,#6957,#6958,#6959,#6960,
    #6961,#6962,#6963,#6964,#6965,#6966,#6967,#6968,#6969,#6970,#6971,
    #6972,#6973,#6974,#6975,#6976,#6977),.UNSPECIFIED.,.F.,.F.,(7,5,5,5,
    7),(0.,0.251999871945,0.500999935579,0.749999999273,1.),
  .UNSPECIFIED.);
#6956 = CARTESIAN_POINT('',(3.14159265359,3.496503496503E-02));
#6957 = CARTESIAN_POINT('',(3.075620296838,3.496503496503E-02));
#6958 = CARTESIAN_POINT('',(3.009644027804,3.496503496504E-02));
#6959 = CARTESIAN_POINT('',(2.943672317588,3.496503496503E-02));
#6960 = CARTESIAN_POINT('',(2.877700612839,3.496503496504E-02));
#6961 = CARTESIAN_POINT('',(2.811724336709,3.496503496503E-02));
#6962 = CARTESIAN_POINT('',(2.68056495719,3.496503496503E-02));
#6963 = CARTESIAN_POINT('',(2.615374244191,3.496503496504E-02));
#6964 = CARTESIAN_POINT('',(2.550187840698,3.496503496504E-02));
#6965 = CARTESIAN_POINT('',(2.485001434555,3.496503496503E-02));
#6966 = CARTESIAN_POINT('',(2.419810718025,3.496503496504E-02));
#6967 = CARTESIAN_POINT('',(2.28943666969,3.496503496504E-02));
#6968 = CARTESIAN_POINT('',(2.224245953188,3.496503496504E-02));
#6969 = CARTESIAN_POINT('',(2.159059547115,3.496503496504E-02));
#6970 = CARTESIAN_POINT('',(2.093873143664,3.496503496503E-02));
#6971 = CARTESIAN_POINT('',(2.02868243062,3.496503496504E-02));
#6972 = CARTESIAN_POINT('',(1.898046607649,3.496503496503E-02));
#6973 = CARTESIAN_POINT('',(1.832594039779,3.496503496503E-02));
#6974 = CARTESIAN_POINT('',(1.767145866306,3.496503496503E-02));
#6975 = CARTESIAN_POINT('',(1.701697687669,3.496503496504E-02));
#6976 = CARTESIAN_POINT('',(1.63624512689,3.496503496504E-02));
#6977 = CARTESIAN_POINT('',(1.570796326795,3.496503496503E-02));
#6978 = ( GEOMETRIC_REPRESENTATION_CONTEXT(2) 
PARAMETRIC_REPRESENTATION_CONTEXT() REPRESENTATION_CONTEXT('2D SPACE',''
  ) );
#6979 = ORIENTED_EDGE('',*,*,#6980,.T.);
#6980 = EDGE_CURVE('',#6882,#6981,#6983,.T.);
#6981 = VERTEX_POINT('',#6982);
#6982 = CARTESIAN_POINT('',(25.399755244755,37.399755244755,7.2));
#6983 = SURFACE_CURVE('',#6984,(#6987,#6993),.PCURVE_S1.);
#6984 = B_SPLINE_CURVE_WITH_KNOTS('',1,(#6985,#6986),.UNSPECIFIED.,.F.,
  .F.,(2,2),(0.,1.),.PIECEWISE_BEZIER_KNOTS.);
#6985 = CARTESIAN_POINT('',(-25.39975524475,37.399755244755,7.2));
#6986 = CARTESIAN_POINT('',(25.399755244755,37.399755244755,7.2));
#6987 = PCURVE('',#6462,#6988);
#6988 = DEFINITIONAL_REPRESENTATION('',(#6989),#6992);
#6989 = B_SPLINE_CURVE_WITH_KNOTS('',1,(#6990,#6991),.UNSPECIFIED.,.F.,
  .F.,(2,2),(0.,1.),.PIECEWISE_BEZIER_KNOTS.);
#6990 = CARTESIAN_POINT('',(59.600244755245,122.39975524475));
#6991 = CARTESIAN_POINT('',(110.39975524475,122.39975524475));
#6992 = ( GEOMETRIC_REPRESENTATION_CONTEXT(2) 
PARAMETRIC_REPRESENTATION_CONTEXT() REPRESENTATION_CONTEXT('2D SPACE',''
  ) );
#6993 = PCURVE('',#6994,#6999);
#6994 = B_SPLINE_SURFACE_WITH_KNOTS('',1,1,(
    (#6995,#6996)
    ,(#6997,#6998
    )),.UNSPECIFIED.,.F.,.F.,.F.,(2,2),(2,2),(-27.325,27.325),(0.,1.),
  .PIECEWISE_BEZIER_KNOTS.);
#6995 = CARTESIAN_POINT('',(25.33,37.33,6.7));
#6996 = CARTESIAN_POINT('',(27.325,39.325,21.));
#6997 = CARTESIAN_POINT('',(-25.33,37.33,6.7));
#6998 = CARTESIAN_POINT('',(-27.325,39.325,21.));
#6999 = DEFINITIONAL_REPRESENTATION('',(#7000),#7003);
#7000 = B_SPLINE_CURVE_WITH_KNOTS('',1,(#7001,#7002),.UNSPECIFIED.,.F.,
  .F.,(2,2),(0.,1.),.PIECEWISE_BEZIER_KNOTS.);
#7001 = CARTESIAN_POINT('',(27.325,3.496503496503E-02));
#7002 = CARTESIAN_POINT('',(-27.325,3.496503496503E-02));
#7003 = ( GEOMETRIC_REPRESENTATION_CONTEXT(2) 
PARAMETRIC_REPRESENTATION_CONTEXT() REPRESENTATION_CONTEXT('2D SPACE',''
  ) );
#7004 = ORIENTED_EDGE('',*,*,#7005,.T.);
#7005 = EDGE_CURVE('',#6981,#7006,#7008,.T.);
#7006 = VERTEX_POINT('',#7007);
#7007 = CARTESIAN_POINT('',(37.399755244755,25.399755244755,7.2));
#7008 = SURFACE_CURVE('',#7009,(#7032,#7058),.PCURVE_S1.);
#7009 = B_SPLINE_CURVE_WITH_KNOTS('',6,(#7010,#7011,#7012,#7013,#7014,
    #7015,#7016,#7017,#7018,#7019,#7020,#7021,#7022,#7023,#7024,#7025,
    #7026,#7027,#7028,#7029,#7030,#7031),.UNSPECIFIED.,.F.,.F.,(7,5,5,5,
    7),(0.,0.250999936342,0.499999999387,0.749999999889,1.),
  .UNSPECIFIED.);
#7010 = CARTESIAN_POINT('',(25.399755244755,37.399755244755,7.2));
#7011 = CARTESIAN_POINT('',(26.188282187821,37.399755244755,7.2));
#7012 = CARTESIAN_POINT('',(26.976855678903,37.337577652651,7.2));
#7013 = CARTESIAN_POINT('',(27.759244239789,37.213209344551,7.2));
#7014 = CARTESIAN_POINT('',(28.529379954199,37.027493659866,7.2));
#7015 = CARTESIAN_POINT('',(29.281336439616,36.781982729231,7.2));
#7016 = CARTESIAN_POINT('',(30.731593819243,36.178595798053,7.2));
#7017 = CARTESIAN_POINT('',(31.430358042227,35.821595906994,7.2));
#7018 = CARTESIAN_POINT('',(32.100037782829,35.410407495441,7.2));
#7019 = CARTESIAN_POINT('',(32.735476212627,34.948060370906,7.2));
#7020 = CARTESIAN_POINT('',(33.331906389126,34.438166847587,7.2));
#7021 = CARTESIAN_POINT('',(34.440388114635,33.329685122077,7.2));
#7022 = CARTESIAN_POINT('',(34.952155328088,32.73068482857,7.2));
#7023 = CARTESIAN_POINT('',(35.415975756668,32.092379809422,7.2));
#7024 = CARTESIAN_POINT('',(35.828196305192,31.419596850318,7.2));
#7025 = CARTESIAN_POINT('',(36.185755588376,30.717558110382,7.2));
#7026 = CARTESIAN_POINT('',(36.78686371835,29.266354718691,7.2));
#7027 = CARTESIAN_POINT('',(37.030447472042,28.517105786725,7.2));
#7028 = CARTESIAN_POINT('',(37.214692918526,27.749892461649,7.2));
#7029 = CARTESIAN_POINT('',(37.338072074315,26.970572080161,7.2));
#7030 = CARTESIAN_POINT('',(37.399755244755,26.185140845898,7.2));
#7031 = CARTESIAN_POINT('',(37.399755244755,25.399755244755,7.2));
#7032 = PCURVE('',#6462,#7033);
#7033 = DEFINITIONAL_REPRESENTATION('',(#7034),#7057);
#7034 = B_SPLINE_CURVE_WITH_KNOTS('',6,(#7035,#7036,#7037,#7038,#7039,
    #7040,#7041,#7042,#7043,#7044,#7045,#7046,#7047,#7048,#7049,#7050,
    #7051,#7052,#7053,#7054,#7055,#7056),.UNSPECIFIED.,.F.,.F.,(7,5,5,5,
    7),(0.,0.250999936342,0.499999999387,0.749999999889,1.),
  .UNSPECIFIED.);
#7035 = CARTESIAN_POINT('',(110.39975524475,122.39975524475));
#7036 = CARTESIAN_POINT('',(111.18828218782,122.39975524475));
#7037 = CARTESIAN_POINT('',(111.9768556789,122.33757765265));
#7038 = CARTESIAN_POINT('',(112.75924423978,122.21320934455));
#7039 = CARTESIAN_POINT('',(113.52937995419,122.02749365986));
#7040 = CARTESIAN_POINT('',(114.28133643961,121.78198272923));
#7041 = CARTESIAN_POINT('',(115.73159381924,121.17859579805));
#7042 = CARTESIAN_POINT('',(116.43035804222,120.82159590699));
#7043 = CARTESIAN_POINT('',(117.10003778282,120.41040749544));
#7044 = CARTESIAN_POINT('',(117.73547621262,119.9480603709));
#7045 = CARTESIAN_POINT('',(118.33190638912,119.43816684758));
#7046 = CARTESIAN_POINT('',(119.44038811463,118.32968512207));
#7047 = CARTESIAN_POINT('',(119.95215532808,117.73068482857));
#7048 = CARTESIAN_POINT('',(120.41597575666,117.09237980942));
#7049 = CARTESIAN_POINT('',(120.82819630519,116.41959685031));
#7050 = CARTESIAN_POINT('',(121.18575558837,115.71755811038));
#7051 = CARTESIAN_POINT('',(121.78686371835,114.26635471869));
#7052 = CARTESIAN_POINT('',(122.03044747204,113.51710578672));
#7053 = CARTESIAN_POINT('',(122.21469291852,112.74989246164));
#7054 = CARTESIAN_POINT('',(122.33807207431,111.97057208016));
#7055 = CARTESIAN_POINT('',(122.39975524475,111.18514084589));
#7056 = CARTESIAN_POINT('',(122.39975524475,110.39975524475));
#7057 = ( GEOMETRIC_REPRESENTATION_CONTEXT(2) 
PARAMETRIC_REPRESENTATION_CONTEXT() REPRESENTATION_CONTEXT('2D SPACE',''
  ) );
#7058 = PCURVE('',#7059,#7078);
#7059 = B_SPLINE_SURFACE_WITH_KNOTS('',8,1,(
    (#7060,#7061)
    ,(#7062,#7063)
    ,(#7064,#7065)
    ,(#7066,#7067)
    ,(#7068,#7069)
    ,(#7070,#7071)
    ,(#7072,#7073)
    ,(#7074,#7075)
    ,(#7076,#7077
    )),.UNSPECIFIED.,.F.,.F.,.F.,(9,9),(2,2),(0.,1.570796326795),(0.,1.)
  ,.PIECEWISE_BEZIER_KNOTS.);
#7060 = CARTESIAN_POINT('',(37.33,25.33,6.7));
#7061 = CARTESIAN_POINT('',(39.325,27.325,21.));
#7062 = CARTESIAN_POINT('',(37.33,27.686194490192,6.7));
#7063 = CARTESIAN_POINT('',(39.325,29.681194490192,21.));
#7064 = CARTESIAN_POINT('',(36.801270532466,30.04238972205,6.7));
#7065 = CARTESIAN_POINT('',(38.796270532466,32.037389722052,
    21.000000000001));
#7066 = CARTESIAN_POINT('',(35.743816790457,32.260158812021,6.7));
#7067 = CARTESIAN_POINT('',(37.738816790456,34.255158812018,
    20.999999999999));
#7068 = CARTESIAN_POINT('',(34.201105069359,34.201105069358,6.7));
#7069 = CARTESIAN_POINT('',(36.19610506936,36.196105069362,
    21.000000000001));
#7070 = CARTESIAN_POINT('',(32.260158812021,35.743816790458,6.7));
#7071 = CARTESIAN_POINT('',(34.25515881202,37.738816790455,
    20.999999999999));
#7072 = CARTESIAN_POINT('',(30.042389722051,36.801270532465,6.7));
#7073 = CARTESIAN_POINT('',(32.037389722051,38.796270532467,
    21.000000000001));
#7074 = CARTESIAN_POINT('',(27.686194490192,37.33,6.7));
#7075 = CARTESIAN_POINT('',(29.681194490192,39.325,21.));
#7076 = CARTESIAN_POINT('',(25.33,37.33,6.7));
#7077 = CARTESIAN_POINT('',(27.325,39.325,21.));
#7078 = DEFINITIONAL_REPRESENTATION('',(#7079),#7102);
#7079 = B_SPLINE_CURVE_WITH_KNOTS('',6,(#7080,#7081,#7082,#7083,#7084,
    #7085,#7086,#7087,#7088,#7089,#7090,#7091,#7092,#7093,#7094,#7095,
    #7096,#7097,#7098,#7099,#7100,#7101),.UNSPECIFIED.,.F.,.F.,(7,5,5,5,
    7),(0.,0.250999936342,0.499999999387,0.749999999889,1.),
  .UNSPECIFIED.);
#7080 = CARTESIAN_POINT('',(1.570796326795,3.496503496503E-02));
#7081 = CARTESIAN_POINT('',(1.505085748206,3.496503496503E-02));
#7082 = CARTESIAN_POINT('',(1.43937133373,3.496503496504E-02));
#7083 = CARTESIAN_POINT('',(1.373661389039,3.496503496504E-02));
#7084 = CARTESIAN_POINT('',(1.307951449663,3.496503496504E-02));
#7085 = CARTESIAN_POINT('',(1.242237028093,3.496503496504E-02));
#7086 = CARTESIAN_POINT('',(1.111339426682,3.496503496503E-02));
#7087 = CARTESIAN_POINT('',(1.046148713661,3.496503496503E-02));
#7088 = CARTESIAN_POINT('',(0.98096231019,3.496503496504E-02));
#7089 = CARTESIAN_POINT('',(0.915775904081,3.496503496503E-02));
#7090 = CARTESIAN_POINT('',(0.850585187565,3.496503496504E-02));
#7091 = CARTESIAN_POINT('',(0.719949360391,3.496503496504E-02));
#7092 = CARTESIAN_POINT('',(0.654496790986,3.496503496503E-02));
#7093 = CARTESIAN_POINT('',(0.589048618435,3.496503496504E-02));
#7094 = CARTESIAN_POINT('',(0.523600448551,3.496503496503E-02));
#7095 = CARTESIAN_POINT('',(0.458147882646,3.496503496504E-02));
#7096 = CARTESIAN_POINT('',(0.327250280854,3.496503496504E-02));
#7097 = CARTESIAN_POINT('',(0.261797712984,3.496503496503E-02));
#7098 = CARTESIAN_POINT('',(0.196349539512,3.496503496504E-02));
#7099 = CARTESIAN_POINT('',(0.130901360874,3.496503496503E-02));
#7100 = CARTESIAN_POINT('',(6.544880009523E-02,3.496503496503E-02));
#7101 = CARTESIAN_POINT('',(0.,3.496503496503E-02));
#7102 = ( GEOMETRIC_REPRESENTATION_CONTEXT(2) 
PARAMETRIC_REPRESENTATION_CONTEXT() REPRESENTATION_CONTEXT('2D SPACE',''
  ) );
#7103 = ORIENTED_EDGE('',*,*,#7104,.T.);
#7104 = EDGE_CURVE('',#7006,#7105,#7107,.T.);
#7105 = VERTEX_POINT('',#7106);
#7106 = CARTESIAN_POINT('',(37.399755244755,-25.39975524475,7.2));
#7107 = SURFACE_CURVE('',#7108,(#7111,#7117),.PCURVE_S1.);
#7108 = B_SPLINE_CURVE_WITH_KNOTS('',1,(#7109,#7110),.UNSPECIFIED.,.F.,
  .F.,(2,2),(0.,1.),.PIECEWISE_BEZIER_KNOTS.);
#7109 = CARTESIAN_POINT('',(37.399755244755,25.399755244755,7.2));
#7110 = CARTESIAN_POINT('',(37.399755244755,-25.39975524475,7.2));
#7111 = PCURVE('',#6462,#7112);
#7112 = DEFINITIONAL_REPRESENTATION('',(#7113),#7116);
#7113 = B_SPLINE_CURVE_WITH_KNOTS('',1,(#7114,#7115),.UNSPECIFIED.,.F.,
  .F.,(2,2),(0.,1.),.PIECEWISE_BEZIER_KNOTS.);
#7114 = CARTESIAN_POINT('',(122.39975524475,110.39975524475));
#7115 = CARTESIAN_POINT('',(122.39975524475,59.600244755245));
#7116 = ( GEOMETRIC_REPRESENTATION_CONTEXT(2) 
PARAMETRIC_REPRESENTATION_CONTEXT() REPRESENTATION_CONTEXT('2D SPACE',''
  ) );
#7117 = PCURVE('',#7118,#7123);
#7118 = B_SPLINE_SURFACE_WITH_KNOTS('',1,1,(
    (#7119,#7120)
    ,(#7121,#7122
    )),.UNSPECIFIED.,.F.,.F.,.F.,(2,2),(2,2),(-27.325,27.325),(0.,1.),
  .PIECEWISE_BEZIER_KNOTS.);
#7119 = CARTESIAN_POINT('',(37.33,-25.33,6.7));
#7120 = CARTESIAN_POINT('',(39.325,-27.325,21.));
#7121 = CARTESIAN_POINT('',(37.33,25.33,6.7));
#7122 = CARTESIAN_POINT('',(39.325,27.325,21.));
#7123 = DEFINITIONAL_REPRESENTATION('',(#7124),#7127);
#7124 = B_SPLINE_CURVE_WITH_KNOTS('',1,(#7125,#7126),.UNSPECIFIED.,.F.,
  .F.,(2,2),(0.,1.),.PIECEWISE_BEZIER_KNOTS.);
#7125 = CARTESIAN_POINT('',(27.325,3.496503496503E-02));
#7126 = CARTESIAN_POINT('',(-27.325,3.496503496503E-02));
#7127 = ( GEOMETRIC_REPRESENTATION_CONTEXT(2) 
PARAMETRIC_REPRESENTATION_CONTEXT() REPRESENTATION_CONTEXT('2D SPACE',''
  ) );
#7128 = ORIENTED_EDGE('',*,*,#7129,.T.);
#7129 = EDGE_CURVE('',#7105,#7130,#7132,.T.);
#7130 = VERTEX_POINT('',#7131);
#7131 = CARTESIAN_POINT('',(25.399755244755,-37.39975524475,7.2));
#7132 = SURFACE_CURVE('',#7133,(#7156,#7182),.PCURVE_S1.);
#7133 = B_SPLINE_CURVE_WITH_KNOTS('',6,(#7134,#7135,#7136,#7137,#7138,
    #7139,#7140,#7141,#7142,#7143,#7144,#7145,#7146,#7147,#7148,#7149,
    #7150,#7151,#7152,#7153,#7154,#7155),.UNSPECIFIED.,.F.,.F.,(7,5,5,5,
    7),(0.,0.251999871945,0.500999935579,0.749999999273,1.),
  .UNSPECIFIED.);
#7134 = CARTESIAN_POINT('',(37.399755244755,-25.39975524475,7.2));
#7135 = CARTESIAN_POINT('',(37.399755244755,-26.19142352578,7.2));
#7136 = CARTESIAN_POINT('',(37.337081257969,-26.98313928428,7.2));
#7137 = CARTESIAN_POINT('',(37.211719845416,-27.76859543333,7.2));
#7138 = CARTESIAN_POINT('',(37.024528162121,-28.54165178165,7.2));
#7139 = CARTESIAN_POINT('',(36.777082765712,-29.29631237773,7.2));
#7140 = CARTESIAN_POINT('',(36.170207270981,-30.74851859748,7.2));
#7141 = CARTESIAN_POINT('',(35.812110204588,-31.44672118444,7.2));
#7142 = CARTESIAN_POINT('',(35.399870370519,-32.11575420591,7.2));
#7143 = CARTESIAN_POINT('',(34.936525672556,-32.75046559885,7.2));
#7144 = CARTESIAN_POINT('',(34.425695908387,-33.3460941009,7.2));
#7145 = CARTESIAN_POINT('',(33.317699105553,-34.4506154854,7.2));
#7146 = CARTESIAN_POINT('',(32.720468726242,-34.95957150976,7.2));
#7147 = CARTESIAN_POINT('',(32.084304827469,-35.42091992006,7.2));
#7148 = CARTESIAN_POINT('',(31.413980020103,-35.83105589454,7.2));
#7149 = CARTESIAN_POINT('',(30.714655885229,-36.1869577294,7.2));
#7150 = CARTESIAN_POINT('',(29.266354718692,-36.78686371835,7.2));
#7151 = CARTESIAN_POINT('',(28.517105786725,-37.03044747204,7.2));
#7152 = CARTESIAN_POINT('',(27.749892461649,-37.21469291852,7.2));
#7153 = CARTESIAN_POINT('',(26.970572080161,-37.33807207431,7.2));
#7154 = CARTESIAN_POINT('',(26.185140845898,-37.39975524475,7.2));
#7155 = CARTESIAN_POINT('',(25.399755244755,-37.39975524475,7.2));
#7156 = PCURVE('',#6462,#7157);
#7157 = DEFINITIONAL_REPRESENTATION('',(#7158),#7181);
#7158 = B_SPLINE_CURVE_WITH_KNOTS('',6,(#7159,#7160,#7161,#7162,#7163,
    #7164,#7165,#7166,#7167,#7168,#7169,#7170,#7171,#7172,#7173,#7174,
    #7175,#7176,#7177,#7178,#7179,#7180),.UNSPECIFIED.,.F.,.F.,(7,5,5,5,
    7),(0.,0.251999871945,0.500999935579,0.749999999273,1.),
  .UNSPECIFIED.);
#7159 = CARTESIAN_POINT('',(122.39975524475,59.600244755245));
#7160 = CARTESIAN_POINT('',(122.39975524475,58.808576474218));
#7161 = CARTESIAN_POINT('',(122.33708125796,58.016860715712));
#7162 = CARTESIAN_POINT('',(122.21171984541,57.231404566668));
#7163 = CARTESIAN_POINT('',(122.02452816212,56.458348218343));
#7164 = CARTESIAN_POINT('',(121.77708276571,55.703687622266));
#7165 = CARTESIAN_POINT('',(121.17020727098,54.251481402517));
#7166 = CARTESIAN_POINT('',(120.81211020458,53.553278815558));
#7167 = CARTESIAN_POINT('',(120.39987037051,52.884245794081));
#7168 = CARTESIAN_POINT('',(119.93652567255,52.24953440115));
#7169 = CARTESIAN_POINT('',(119.42569590838,51.653905899093));
#7170 = CARTESIAN_POINT('',(118.31769910555,50.549384514599));
#7171 = CARTESIAN_POINT('',(117.72046872624,50.040428490236));
#7172 = CARTESIAN_POINT('',(117.08430482746,49.579080079931));
#7173 = CARTESIAN_POINT('',(116.4139800201,49.168944105454));
#7174 = CARTESIAN_POINT('',(115.71465588522,48.813042270597));
#7175 = CARTESIAN_POINT('',(114.26635471869,48.21313628165));
#7176 = CARTESIAN_POINT('',(113.51710578672,47.969552527957));
#7177 = CARTESIAN_POINT('',(112.74989246164,47.785307081475));
#7178 = CARTESIAN_POINT('',(111.97057208016,47.661927925685));
#7179 = CARTESIAN_POINT('',(111.18514084589,47.600244755245));
#7180 = CARTESIAN_POINT('',(110.39975524475,47.600244755245));
#7181 = ( GEOMETRIC_REPRESENTATION_CONTEXT(2) 
PARAMETRIC_REPRESENTATION_CONTEXT() REPRESENTATION_CONTEXT('2D SPACE',''
  ) );
#7182 = PCURVE('',#7183,#7202);
#7183 = B_SPLINE_SURFACE_WITH_KNOTS('',8,1,(
    (#7184,#7185)
    ,(#7186,#7187)
    ,(#7188,#7189)
    ,(#7190,#7191)
    ,(#7192,#7193)
    ,(#7194,#7195)
    ,(#7196,#7197)
    ,(#7198,#7199)
    ,(#7200,#7201
    )),.UNSPECIFIED.,.F.,.F.,.F.,(9,9),(2,2),(4.712388980385,
    6.28318530718),(0.,1.),.PIECEWISE_BEZIER_KNOTS.);
#7184 = CARTESIAN_POINT('',(25.33,-37.33,6.7));
#7185 = CARTESIAN_POINT('',(27.325,-39.325,21.));
#7186 = CARTESIAN_POINT('',(27.686194490192,-37.33,6.7));
#7187 = CARTESIAN_POINT('',(29.681194490192,-39.325,21.));
#7188 = CARTESIAN_POINT('',(30.042389722052,-36.80127053246,6.7));
#7189 = CARTESIAN_POINT('',(32.037389722051,-38.79627053246,21.));
#7190 = CARTESIAN_POINT('',(32.260158812019,-35.74381679045,6.7));
#7191 = CARTESIAN_POINT('',(34.255158812021,-37.73881679045,21.));
#7192 = CARTESIAN_POINT('',(34.20110506936,-34.20110506936,6.7));
#7193 = CARTESIAN_POINT('',(36.196105069358,-36.19610506936,21.));
#7194 = CARTESIAN_POINT('',(35.743816790456,-32.26015881201,6.7));
#7195 = CARTESIAN_POINT('',(37.738816790458,-34.25515881202,21.));
#7196 = CARTESIAN_POINT('',(36.801270532466,-30.04238972205,6.7));
#7197 = CARTESIAN_POINT('',(38.796270532465,-32.03738972205,21.));
#7198 = CARTESIAN_POINT('',(37.33,-27.68619449019,6.7));
#7199 = CARTESIAN_POINT('',(39.325,-29.68119449019,21.));
#7200 = CARTESIAN_POINT('',(37.33,-25.33,6.7));
#7201 = CARTESIAN_POINT('',(39.325,-27.325,21.));
#7202 = DEFINITIONAL_REPRESENTATION('',(#7203),#7226);
#7203 = B_SPLINE_CURVE_WITH_KNOTS('',6,(#7204,#7205,#7206,#7207,#7208,
    #7209,#7210,#7211,#7212,#7213,#7214,#7215,#7216,#7217,#7218,#7219,
    #7220,#7221,#7222,#7223,#7224,#7225),.UNSPECIFIED.,.F.,.F.,(7,5,5,5,
    7),(0.,0.251999871945,0.500999935579,0.749999999273,1.),
  .UNSPECIFIED.);
#7204 = CARTESIAN_POINT('',(6.28318530718,3.496503496503E-02));
#7205 = CARTESIAN_POINT('',(6.217212950427,3.496503496504E-02));
#7206 = CARTESIAN_POINT('',(6.151236681394,3.496503496504E-02));
#7207 = CARTESIAN_POINT('',(6.085264971178,3.496503496503E-02));
#7208 = CARTESIAN_POINT('',(6.019293266429,3.496503496504E-02));
#7209 = CARTESIAN_POINT('',(5.953316990299,3.496503496503E-02));
#7210 = CARTESIAN_POINT('',(5.822157610779,3.496503496503E-02));
#7211 = CARTESIAN_POINT('',(5.756966897781,3.496503496504E-02));
#7212 = CARTESIAN_POINT('',(5.691780494288,3.496503496503E-02));
#7213 = CARTESIAN_POINT('',(5.626594088145,3.496503496504E-02));
#7214 = CARTESIAN_POINT('',(5.561403371615,3.496503496503E-02));
#7215 = CARTESIAN_POINT('',(5.43102932328,3.496503496504E-02));
#7216 = CARTESIAN_POINT('',(5.365838606778,3.496503496504E-02));
#7217 = CARTESIAN_POINT('',(5.300652200704,3.496503496504E-02));
#7218 = CARTESIAN_POINT('',(5.235465797254,3.496503496503E-02));
#7219 = CARTESIAN_POINT('',(5.17027508421,3.496503496504E-02));
#7220 = CARTESIAN_POINT('',(5.039639261239,3.496503496503E-02));
#7221 = CARTESIAN_POINT('',(4.974186693369,3.496503496503E-02));
#7222 = CARTESIAN_POINT('',(4.908738519896,3.496503496503E-02));
#7223 = CARTESIAN_POINT('',(4.843290341259,3.496503496504E-02));
#7224 = CARTESIAN_POINT('',(4.77783778048,3.496503496504E-02));
#7225 = CARTESIAN_POINT('',(4.712388980385,3.496503496504E-02));
#7226 = ( GEOMETRIC_REPRESENTATION_CONTEXT(2) 
PARAMETRIC_REPRESENTATION_CONTEXT() REPRESENTATION_CONTEXT('2D SPACE',''
  ) );
#7227 = ORIENTED_EDGE('',*,*,#7228,.T.);
#7228 = EDGE_CURVE('',#7130,#6756,#7229,.T.);
#7229 = SURFACE_CURVE('',#7230,(#7233,#7239),.PCURVE_S1.);
#7230 = B_SPLINE_CURVE_WITH_KNOTS('',1,(#7231,#7232),.UNSPECIFIED.,.F.,
  .F.,(2,2),(0.,1.),.PIECEWISE_BEZIER_KNOTS.);
#7231 = CARTESIAN_POINT('',(25.399755244755,-37.39975524475,7.2));
#7232 = CARTESIAN_POINT('',(-25.39975524475,-37.39975524475,7.2));
#7233 = PCURVE('',#6462,#7234);
#7234 = DEFINITIONAL_REPRESENTATION('',(#7235),#7238);
#7235 = B_SPLINE_CURVE_WITH_KNOTS('',1,(#7236,#7237),.UNSPECIFIED.,.F.,
  .F.,(2,2),(0.,1.),.PIECEWISE_BEZIER_KNOTS.);
#7236 = CARTESIAN_POINT('',(110.39975524475,47.600244755245));
#7237 = CARTESIAN_POINT('',(59.600244755245,47.600244755245));
#7238 = ( GEOMETRIC_REPRESENTATION_CONTEXT(2) 
PARAMETRIC_REPRESENTATION_CONTEXT() REPRESENTATION_CONTEXT('2D SPACE',''
  ) );
#7239 = PCURVE('',#7240,#7245);
#7240 = B_SPLINE_SURFACE_WITH_KNOTS('',1,1,(
    (#7241,#7242)
    ,(#7243,#7244
    )),.UNSPECIFIED.,.F.,.F.,.F.,(2,2),(2,2),(-27.325,27.325),(0.,1.),
  .PIECEWISE_BEZIER_KNOTS.);
#7241 = CARTESIAN_POINT('',(-25.33,-37.33,6.7));
#7242 = CARTESIAN_POINT('',(-27.325,-39.325,21.));
#7243 = CARTESIAN_POINT('',(25.33,-37.33,6.7));
#7244 = CARTESIAN_POINT('',(27.325,-39.325,21.));
#7245 = DEFINITIONAL_REPRESENTATION('',(#7246),#7249);
#7246 = B_SPLINE_CURVE_WITH_KNOTS('',1,(#7247,#7248),.UNSPECIFIED.,.F.,
  .F.,(2,2),(0.,1.),.PIECEWISE_BEZIER_KNOTS.);
#7247 = CARTESIAN_POINT('',(27.325,3.496503496503E-02));
#7248 = CARTESIAN_POINT('',(-27.325,3.496503496503E-02));
#7249 = ( GEOMETRIC_REPRESENTATION_CONTEXT(2) 
PARAMETRIC_REPRESENTATION_CONTEXT() REPRESENTATION_CONTEXT('2D SPACE',''
  ) );
#7250 = ADVANCED_FACE('',(#7251,#7257),#6528,.T.);
#7251 = FACE_BOUND('',#7252,.T.);
#7252 = EDGE_LOOP('',(#7253,#7254,#7255,#7256));
#7253 = ORIENTED_EDGE('',*,*,#6512,.F.);
#7254 = ORIENTED_EDGE('',*,*,#6614,.T.);
#7255 = ORIENTED_EDGE('',*,*,#6664,.T.);
#7256 = ORIENTED_EDGE('',*,*,#6565,.F.);
#7257 = FACE_BOUND('',#7258,.T.);
#7258 = EDGE_LOOP('',(#7259,#7286,#7385,#7410,#7509,#7534,#7633,#7658));
#7259 = ORIENTED_EDGE('',*,*,#7260,.T.);
#7260 = EDGE_CURVE('',#7261,#7263,#7265,.T.);
#7261 = VERTEX_POINT('',#7262);
#7262 = CARTESIAN_POINT('',(26.836713286713,-38.83671328671,17.5));
#7263 = VERTEX_POINT('',#7264);
#7264 = CARTESIAN_POINT('',(-26.83671328671,-38.83671328671,17.5));
#7265 = SURFACE_CURVE('',#7266,(#7269,#7275),.PCURVE_S1.);
#7266 = B_SPLINE_CURVE_WITH_KNOTS('',1,(#7267,#7268),.UNSPECIFIED.,.F.,
  .F.,(2,2),(0.,1.),.PIECEWISE_BEZIER_KNOTS.);
#7267 = CARTESIAN_POINT('',(26.836713286713,-38.83671328671,17.5));
#7268 = CARTESIAN_POINT('',(-26.83671328671,-38.83671328671,17.5));
#7269 = PCURVE('',#6528,#7270);
#7270 = DEFINITIONAL_REPRESENTATION('',(#7271),#7274);
#7271 = B_SPLINE_CURVE_WITH_KNOTS('',1,(#7272,#7273),.UNSPECIFIED.,.F.,
  .F.,(2,2),(0.,1.),.PIECEWISE_BEZIER_KNOTS.);
#7272 = CARTESIAN_POINT('',(67.311713286713,1.638286713287));
#7273 = CARTESIAN_POINT('',(13.638286713287,1.638286713287));
#7274 = ( GEOMETRIC_REPRESENTATION_CONTEXT(2) 
PARAMETRIC_REPRESENTATION_CONTEXT() REPRESENTATION_CONTEXT('2D SPACE',''
  ) );
#7275 = PCURVE('',#7276,#7281);
#7276 = B_SPLINE_SURFACE_WITH_KNOTS('',1,1,(
    (#7277,#7278)
    ,(#7279,#7280
    )),.UNSPECIFIED.,.F.,.F.,.F.,(2,2),(2,2),(-27.325,27.325),(0.,1.),
  .PIECEWISE_BEZIER_KNOTS.);
#7277 = CARTESIAN_POINT('',(-25.33,-37.33,6.7));
#7278 = CARTESIAN_POINT('',(-27.325,-39.325,21.));
#7279 = CARTESIAN_POINT('',(25.33,-37.33,6.7));
#7280 = CARTESIAN_POINT('',(27.325,-39.325,21.));
#7281 = DEFINITIONAL_REPRESENTATION('',(#7282),#7285);
#7282 = B_SPLINE_CURVE_WITH_KNOTS('',1,(#7283,#7284),.UNSPECIFIED.,.F.,
  .F.,(2,2),(0.,1.),.PIECEWISE_BEZIER_KNOTS.);
#7283 = CARTESIAN_POINT('',(27.325,0.755244755245));
#7284 = CARTESIAN_POINT('',(-27.325,0.755244755245));
#7285 = ( GEOMETRIC_REPRESENTATION_CONTEXT(2) 
PARAMETRIC_REPRESENTATION_CONTEXT() REPRESENTATION_CONTEXT('2D SPACE',''
  ) );
#7286 = ORIENTED_EDGE('',*,*,#7287,.T.);
#7287 = EDGE_CURVE('',#7263,#7288,#7290,.T.);
#7288 = VERTEX_POINT('',#7289);
#7289 = CARTESIAN_POINT('',(-38.83671328671,-26.83671328671,17.5));
#7290 = SURFACE_CURVE('',#7291,(#7314,#7340),.PCURVE_S1.);
#7291 = B_SPLINE_CURVE_WITH_KNOTS('',6,(#7292,#7293,#7294,#7295,#7296,
    #7297,#7298,#7299,#7300,#7301,#7302,#7303,#7304,#7305,#7306,#7307,
    #7308,#7309,#7310,#7311,#7312,#7313),.UNSPECIFIED.,.F.,.F.,(7,5,5,5,
    7),(0.,0.250999936342,0.499999999386,0.749999999889,1.),
  .UNSPECIFIED.);
#7292 = CARTESIAN_POINT('',(-26.83671328671,-38.83671328671,17.5));
#7293 = CARTESIAN_POINT('',(-27.62524022977,-38.83671328671,17.5));
#7294 = CARTESIAN_POINT('',(-28.41381372086,-38.7745356946,17.5));
#7295 = CARTESIAN_POINT('',(-29.19620228174,-38.6501673865,17.5));
#7296 = CARTESIAN_POINT('',(-29.96633799615,-38.46445170182,17.5));
#7297 = CARTESIAN_POINT('',(-30.71829448157,-38.21894077118,17.5));
#7298 = CARTESIAN_POINT('',(-32.1685518612,-37.61555384001,17.5));
#7299 = CARTESIAN_POINT('',(-32.86731608418,-37.25855394895,17.5));
#7300 = CARTESIAN_POINT('',(-33.53699582479,-36.84736553739,17.5));
#7301 = CARTESIAN_POINT('',(-34.17243425458,-36.38501841286,17.5));
#7302 = CARTESIAN_POINT('',(-34.76886443108,-35.87512488954,17.5));
#7303 = CARTESIAN_POINT('',(-35.87734615659,-34.76664316403,17.5));
#7304 = CARTESIAN_POINT('',(-36.38911337004,-34.16764287052,17.5));
#7305 = CARTESIAN_POINT('',(-36.85293379862,-33.52933785138,17.5));
#7306 = CARTESIAN_POINT('',(-37.26515434715,-32.85655489227,17.5));
#7307 = CARTESIAN_POINT('',(-37.62271363033,-32.15451615234,17.5));
#7308 = CARTESIAN_POINT('',(-38.2238217603,-30.70331276065,17.5));
#7309 = CARTESIAN_POINT('',(-38.467405514,-29.95406382868,17.5));
#7310 = CARTESIAN_POINT('',(-38.65165096048,-29.1868505036,17.5));
#7311 = CARTESIAN_POINT('',(-38.77503011627,-28.40753012211,17.5));
#7312 = CARTESIAN_POINT('',(-38.83671328671,-27.62209888785,17.5));
#7313 = CARTESIAN_POINT('',(-38.83671328671,-26.83671328671,17.5));
#7314 = PCURVE('',#6528,#7315);
#7315 = DEFINITIONAL_REPRESENTATION('',(#7316),#7339);
#7316 = B_SPLINE_CURVE_WITH_KNOTS('',6,(#7317,#7318,#7319,#7320,#7321,
    #7322,#7323,#7324,#7325,#7326,#7327,#7328,#7329,#7330,#7331,#7332,
    #7333,#7334,#7335,#7336,#7337,#7338),.UNSPECIFIED.,.F.,.F.,(7,5,5,5,
    7),(0.,0.250999936342,0.499999999386,0.749999999889,1.),
  .UNSPECIFIED.);
#7317 = CARTESIAN_POINT('',(13.638286713287,1.638286713287));
#7318 = CARTESIAN_POINT('',(12.849759770221,1.638286713287));
#7319 = CARTESIAN_POINT('',(12.061186279138,1.700464305391));
#7320 = CARTESIAN_POINT('',(11.278797718253,1.824832613491));
#7321 = CARTESIAN_POINT('',(10.508662003843,2.010548298176));
#7322 = CARTESIAN_POINT('',(9.756705518426,2.256059228811));
#7323 = CARTESIAN_POINT('',(8.306448138798,2.85944615999));
#7324 = CARTESIAN_POINT('',(7.607683915819,3.216446051046));
#7325 = CARTESIAN_POINT('',(6.938004175208,3.627634462605));
#7326 = CARTESIAN_POINT('',(6.302565745418,4.089981587133));
#7327 = CARTESIAN_POINT('',(5.706135568915,4.599875110456));
#7328 = CARTESIAN_POINT('',(4.597653843407,5.708356835964));
#7329 = CARTESIAN_POINT('',(4.085886629954,6.307357129472));
#7330 = CARTESIAN_POINT('',(3.622066201374,6.94566214862));
#7331 = CARTESIAN_POINT('',(3.20984565285,7.618445107724));
#7332 = CARTESIAN_POINT('',(2.852286369666,8.320483847659));
#7333 = CARTESIAN_POINT('',(2.251178239692,9.77168723935));
#7334 = CARTESIAN_POINT('',(2.007594486,10.520936171316));
#7335 = CARTESIAN_POINT('',(1.823349039517,11.288149496393));
#7336 = CARTESIAN_POINT('',(1.699969883727,12.067469877881));
#7337 = CARTESIAN_POINT('',(1.638286713287,12.852901112144));
#7338 = CARTESIAN_POINT('',(1.638286713287,13.638286713287));
#7339 = ( GEOMETRIC_REPRESENTATION_CONTEXT(2) 
PARAMETRIC_REPRESENTATION_CONTEXT() REPRESENTATION_CONTEXT('2D SPACE',''
  ) );
#7340 = PCURVE('',#7341,#7360);
#7341 = B_SPLINE_SURFACE_WITH_KNOTS('',8,1,(
    (#7342,#7343)
    ,(#7344,#7345)
    ,(#7346,#7347)
    ,(#7348,#7349)
    ,(#7350,#7351)
    ,(#7352,#7353)
    ,(#7354,#7355)
    ,(#7356,#7357)
    ,(#7358,#7359
    )),.UNSPECIFIED.,.F.,.F.,.F.,(9,9),(2,2),(3.14159265359,
    4.712388980385),(0.,1.),.PIECEWISE_BEZIER_KNOTS.);
#7342 = CARTESIAN_POINT('',(-37.33,-25.33,6.7));
#7343 = CARTESIAN_POINT('',(-39.325,-27.325,21.));
#7344 = CARTESIAN_POINT('',(-37.33,-27.68619449019,6.7));
#7345 = CARTESIAN_POINT('',(-39.325,-29.68119449019,21.));
#7346 = CARTESIAN_POINT('',(-36.80127053246,-30.04238972205,6.7));
#7347 = CARTESIAN_POINT('',(-38.79627053246,-32.03738972205,21.));
#7348 = CARTESIAN_POINT('',(-35.74381679045,-32.26015881201,6.7));
#7349 = CARTESIAN_POINT('',(-37.73881679045,-34.25515881202,21.));
#7350 = CARTESIAN_POINT('',(-34.20110506936,-34.20110506936,
    6.700000000001));
#7351 = CARTESIAN_POINT('',(-36.19610506935,-36.19610506935,21.));
#7352 = CARTESIAN_POINT('',(-32.26015881201,-35.74381679045,6.7));
#7353 = CARTESIAN_POINT('',(-34.25515881202,-37.73881679045,21.));
#7354 = CARTESIAN_POINT('',(-30.04238972205,-36.80127053246,6.7));
#7355 = CARTESIAN_POINT('',(-32.03738972205,-38.79627053246,21.));
#7356 = CARTESIAN_POINT('',(-27.68619449019,-37.33,6.7));
#7357 = CARTESIAN_POINT('',(-29.68119449019,-39.325,21.));
#7358 = CARTESIAN_POINT('',(-25.33,-37.33,6.7));
#7359 = CARTESIAN_POINT('',(-27.325,-39.325,21.));
#7360 = DEFINITIONAL_REPRESENTATION('',(#7361),#7384);
#7361 = B_SPLINE_CURVE_WITH_KNOTS('',6,(#7362,#7363,#7364,#7365,#7366,
    #7367,#7368,#7369,#7370,#7371,#7372,#7373,#7374,#7375,#7376,#7377,
    #7378,#7379,#7380,#7381,#7382,#7383),.UNSPECIFIED.,.F.,.F.,(7,5,5,5,
    7),(0.,0.250999936342,0.499999999386,0.749999999889,1.),
  .UNSPECIFIED.);
#7362 = CARTESIAN_POINT('',(4.712388980385,0.755244755245));
#7363 = CARTESIAN_POINT('',(4.646678401796,0.755244755245));
#7364 = CARTESIAN_POINT('',(4.58096398732,0.755244755245));
#7365 = CARTESIAN_POINT('',(4.515254042629,0.755244755245));
#7366 = CARTESIAN_POINT('',(4.449544103253,0.755244755245));
#7367 = CARTESIAN_POINT('',(4.383829681683,0.755244755245));
#7368 = CARTESIAN_POINT('',(4.252932080272,0.755244755245));
#7369 = CARTESIAN_POINT('',(4.187741367251,0.755244755245));
#7370 = CARTESIAN_POINT('',(4.122554963779,0.755244755245));
#7371 = CARTESIAN_POINT('',(4.057368557672,0.755244755245));
#7372 = CARTESIAN_POINT('',(3.992177841155,0.755244755245));
#7373 = CARTESIAN_POINT('',(3.861542013981,0.755244755245));
#7374 = CARTESIAN_POINT('',(3.796089444576,0.755244755245));
#7375 = CARTESIAN_POINT('',(3.730641272025,0.755244755245));
#7376 = CARTESIAN_POINT('',(3.665193102141,0.755244755245));
#7377 = CARTESIAN_POINT('',(3.599740536236,0.755244755245));
#7378 = CARTESIAN_POINT('',(3.468842934444,0.755244755245));
#7379 = CARTESIAN_POINT('',(3.403390366574,0.755244755245));
#7380 = CARTESIAN_POINT('',(3.337942193101,0.755244755245));
#7381 = CARTESIAN_POINT('',(3.272494014464,0.755244755245));
#7382 = CARTESIAN_POINT('',(3.207041453685,0.755244755245));
#7383 = CARTESIAN_POINT('',(3.14159265359,0.755244755245));
#7384 = ( GEOMETRIC_REPRESENTATION_CONTEXT(2) 
PARAMETRIC_REPRESENTATION_CONTEXT() REPRESENTATION_CONTEXT('2D SPACE',''
  ) );
#7385 = ORIENTED_EDGE('',*,*,#7386,.T.);
#7386 = EDGE_CURVE('',#7288,#7387,#7389,.T.);
#7387 = VERTEX_POINT('',#7388);
#7388 = CARTESIAN_POINT('',(-38.83671328671,26.836713286713,17.5));
#7389 = SURFACE_CURVE('',#7390,(#7393,#7399),.PCURVE_S1.);
#7390 = B_SPLINE_CURVE_WITH_KNOTS('',1,(#7391,#7392),.UNSPECIFIED.,.F.,
  .F.,(2,2),(0.,1.),.PIECEWISE_BEZIER_KNOTS.);
#7391 = CARTESIAN_POINT('',(-38.83671328671,-26.83671328671,17.5));
#7392 = CARTESIAN_POINT('',(-38.83671328671,26.836713286713,17.5));
#7393 = PCURVE('',#6528,#7394);
#7394 = DEFINITIONAL_REPRESENTATION('',(#7395),#7398);
#7395 = B_SPLINE_CURVE_WITH_KNOTS('',1,(#7396,#7397),.UNSPECIFIED.,.F.,
  .F.,(2,2),(0.,1.),.PIECEWISE_BEZIER_KNOTS.);
#7396 = CARTESIAN_POINT('',(1.638286713287,13.638286713287));
#7397 = CARTESIAN_POINT('',(1.638286713287,67.311713286713));
#7398 = ( GEOMETRIC_REPRESENTATION_CONTEXT(2) 
PARAMETRIC_REPRESENTATION_CONTEXT() REPRESENTATION_CONTEXT('2D SPACE',''
  ) );
#7399 = PCURVE('',#7400,#7405);
#7400 = B_SPLINE_SURFACE_WITH_KNOTS('',1,1,(
    (#7401,#7402)
    ,(#7403,#7404
    )),.UNSPECIFIED.,.F.,.F.,.F.,(2,2),(2,2),(-27.325,27.325),(0.,1.),
  .PIECEWISE_BEZIER_KNOTS.);
#7401 = CARTESIAN_POINT('',(-37.33,25.33,6.7));
#7402 = CARTESIAN_POINT('',(-39.325,27.325,21.));
#7403 = CARTESIAN_POINT('',(-37.33,-25.33,6.7));
#7404 = CARTESIAN_POINT('',(-39.325,-27.325,21.));
#7405 = DEFINITIONAL_REPRESENTATION('',(#7406),#7409);
#7406 = B_SPLINE_CURVE_WITH_KNOTS('',1,(#7407,#7408),.UNSPECIFIED.,.F.,
  .F.,(2,2),(0.,1.),.PIECEWISE_BEZIER_KNOTS.);
#7407 = CARTESIAN_POINT('',(27.325,0.755244755245));
#7408 = CARTESIAN_POINT('',(-27.325,0.755244755245));
#7409 = ( GEOMETRIC_REPRESENTATION_CONTEXT(2) 
PARAMETRIC_REPRESENTATION_CONTEXT() REPRESENTATION_CONTEXT('2D SPACE',''
  ) );
#7410 = ORIENTED_EDGE('',*,*,#7411,.T.);
#7411 = EDGE_CURVE('',#7387,#7412,#7414,.T.);
#7412 = VERTEX_POINT('',#7413);
#7413 = CARTESIAN_POINT('',(-26.83671328671,38.836713286713,17.5));
#7414 = SURFACE_CURVE('',#7415,(#7438,#7464),.PCURVE_S1.);
#7415 = B_SPLINE_CURVE_WITH_KNOTS('',6,(#7416,#7417,#7418,#7419,#7420,
    #7421,#7422,#7423,#7424,#7425,#7426,#7427,#7428,#7429,#7430,#7431,
    #7432,#7433,#7434,#7435,#7436,#7437),.UNSPECIFIED.,.F.,.F.,(7,5,5,5,
    7),(0.,0.250999936342,0.499999999387,0.749999999889,1.),
  .UNSPECIFIED.);
#7416 = CARTESIAN_POINT('',(-38.83671328671,26.836713286713,17.5));
#7417 = CARTESIAN_POINT('',(-38.83671328671,27.62524022978,17.5));
#7418 = CARTESIAN_POINT('',(-38.7745356946,28.41381372086,17.5));
#7419 = CARTESIAN_POINT('',(-38.6501673865,29.196202281749,17.5));
#7420 = CARTESIAN_POINT('',(-38.46445170182,29.966337996155,17.5));
#7421 = CARTESIAN_POINT('',(-38.21894077118,30.718294481574,17.5));
#7422 = CARTESIAN_POINT('',(-37.61555384001,32.168551861201,17.5));
#7423 = CARTESIAN_POINT('',(-37.25855394895,32.867316084183,17.5));
#7424 = CARTESIAN_POINT('',(-36.84736553739,33.536995824789,17.5));
#7425 = CARTESIAN_POINT('',(-36.38501841286,34.172434254584,17.5));
#7426 = CARTESIAN_POINT('',(-35.87512488954,34.768864431084,17.5));
#7427 = CARTESIAN_POINT('',(-34.76664316403,35.877346156593,17.5));
#7428 = CARTESIAN_POINT('',(-34.16764287052,36.389113370046,17.5));
#7429 = CARTESIAN_POINT('',(-33.52933785138,36.852933798626,17.5));
#7430 = CARTESIAN_POINT('',(-32.85655489227,37.26515434715,17.5));
#7431 = CARTESIAN_POINT('',(-32.15451615234,37.622713630334,17.5));
#7432 = CARTESIAN_POINT('',(-30.70331276065,38.223821760308,17.5));
#7433 = CARTESIAN_POINT('',(-29.95406382868,38.467405514002,17.5));
#7434 = CARTESIAN_POINT('',(-29.1868505036,38.651650960482,17.5));
#7435 = CARTESIAN_POINT('',(-28.40753012211,38.775030116274,17.5));
#7436 = CARTESIAN_POINT('',(-27.62209888785,38.836713286713,17.5));
#7437 = CARTESIAN_POINT('',(-26.83671328671,38.836713286713,17.5));
#7438 = PCURVE('',#6528,#7439);
#7439 = DEFINITIONAL_REPRESENTATION('',(#7440),#7463);
#7440 = B_SPLINE_CURVE_WITH_KNOTS('',6,(#7441,#7442,#7443,#7444,#7445,
    #7446,#7447,#7448,#7449,#7450,#7451,#7452,#7453,#7454,#7455,#7456,
    #7457,#7458,#7459,#7460,#7461,#7462),.UNSPECIFIED.,.F.,.F.,(7,5,5,5,
    7),(0.,0.250999936342,0.499999999387,0.749999999889,1.),
  .UNSPECIFIED.);
#7441 = CARTESIAN_POINT('',(1.638286713287,67.311713286713));
#7442 = CARTESIAN_POINT('',(1.638286713287,68.10024022978));
#7443 = CARTESIAN_POINT('',(1.700464305391,68.88881372086));
#7444 = CARTESIAN_POINT('',(1.824832613492,69.671202281749));
#7445 = CARTESIAN_POINT('',(2.010548298176,70.441337996155));
#7446 = CARTESIAN_POINT('',(2.256059228811,71.193294481574));
#7447 = CARTESIAN_POINT('',(2.859446159989,72.643551861201));
#7448 = CARTESIAN_POINT('',(3.216446051047,73.342316084183));
#7449 = CARTESIAN_POINT('',(3.627634462604,74.011995824789));
#7450 = CARTESIAN_POINT('',(4.089981587134,74.647434254584));
#7451 = CARTESIAN_POINT('',(4.599875110456,75.243864431084));
#7452 = CARTESIAN_POINT('',(5.708356835964,76.352346156593));
#7453 = CARTESIAN_POINT('',(6.307357129472,76.864113370046));
#7454 = CARTESIAN_POINT('',(6.94566214862,77.327933798626));
#7455 = CARTESIAN_POINT('',(7.618445107723,77.74015434715));
#7456 = CARTESIAN_POINT('',(8.32048384766,78.097713630334));
#7457 = CARTESIAN_POINT('',(9.771687239349,78.698821760308));
#7458 = CARTESIAN_POINT('',(10.520936171318,78.942405514002));
#7459 = CARTESIAN_POINT('',(11.288149496391,79.126650960482));
#7460 = CARTESIAN_POINT('',(12.067469877881,79.250030116274));
#7461 = CARTESIAN_POINT('',(12.852901112144,79.311713286713));
#7462 = CARTESIAN_POINT('',(13.638286713287,79.311713286713));
#7463 = ( GEOMETRIC_REPRESENTATION_CONTEXT(2) 
PARAMETRIC_REPRESENTATION_CONTEXT() REPRESENTATION_CONTEXT('2D SPACE',''
  ) );
#7464 = PCURVE('',#7465,#7484);
#7465 = B_SPLINE_SURFACE_WITH_KNOTS('',8,1,(
    (#7466,#7467)
    ,(#7468,#7469)
    ,(#7470,#7471)
    ,(#7472,#7473)
    ,(#7474,#7475)
    ,(#7476,#7477)
    ,(#7478,#7479)
    ,(#7480,#7481)
    ,(#7482,#7483
    )),.UNSPECIFIED.,.F.,.F.,.F.,(9,9),(2,2),(1.570796326795,
    3.14159265359),(0.,1.),.PIECEWISE_BEZIER_KNOTS.);
#7466 = CARTESIAN_POINT('',(-25.33,37.33,6.7));
#7467 = CARTESIAN_POINT('',(-27.325,39.325,21.));
#7468 = CARTESIAN_POINT('',(-27.68619449019,37.33,6.7));
#7469 = CARTESIAN_POINT('',(-29.68119449019,39.324999999999,21.));
#7470 = CARTESIAN_POINT('',(-30.04238972205,36.801270532466,6.7));
#7471 = CARTESIAN_POINT('',(-32.03738972205,38.796270532468,
    21.000000000001));
#7472 = CARTESIAN_POINT('',(-32.26015881202,35.743816790456,6.7));
#7473 = CARTESIAN_POINT('',(-34.25515881201,37.738816790453,
    20.999999999999));
#7474 = CARTESIAN_POINT('',(-34.20110506935,34.20110506936,6.7));
#7475 = CARTESIAN_POINT('',(-36.19610506936,36.196105069363,
    21.000000000001));
#7476 = CARTESIAN_POINT('',(-35.74381679045,32.26015881202,6.7));
#7477 = CARTESIAN_POINT('',(-37.73881679045,34.255158812017,
    20.999999999999));
#7478 = CARTESIAN_POINT('',(-36.80127053246,30.042389722051,6.7));
#7479 = CARTESIAN_POINT('',(-38.79627053246,32.037389722053,21.));
#7480 = CARTESIAN_POINT('',(-37.33,27.686194490192,6.7));
#7481 = CARTESIAN_POINT('',(-39.325,29.681194490192,21.));
#7482 = CARTESIAN_POINT('',(-37.33,25.33,6.7));
#7483 = CARTESIAN_POINT('',(-39.325,27.325,21.));
#7484 = DEFINITIONAL_REPRESENTATION('',(#7485),#7508);
#7485 = B_SPLINE_CURVE_WITH_KNOTS('',6,(#7486,#7487,#7488,#7489,#7490,
    #7491,#7492,#7493,#7494,#7495,#7496,#7497,#7498,#7499,#7500,#7501,
    #7502,#7503,#7504,#7505,#7506,#7507),.UNSPECIFIED.,.F.,.F.,(7,5,5,5,
    7),(0.,0.250999936342,0.499999999387,0.749999999889,1.),
  .UNSPECIFIED.);
#7486 = CARTESIAN_POINT('',(3.14159265359,0.755244755245));
#7487 = CARTESIAN_POINT('',(3.075882075001,0.755244755245));
#7488 = CARTESIAN_POINT('',(3.010167660525,0.755244755245));
#7489 = CARTESIAN_POINT('',(2.944457715834,0.755244755245));
#7490 = CARTESIAN_POINT('',(2.878747776458,0.755244755245));
#7491 = CARTESIAN_POINT('',(2.813033354888,0.755244755245));
#7492 = CARTESIAN_POINT('',(2.682135753477,0.755244755245));
#7493 = CARTESIAN_POINT('',(2.616945040456,0.755244755245));
#7494 = CARTESIAN_POINT('',(2.551758636985,0.755244755245));
#7495 = CARTESIAN_POINT('',(2.486572230877,0.755244755245));
#7496 = CARTESIAN_POINT('',(2.42138151436,0.755244755245));
#7497 = CARTESIAN_POINT('',(2.290745687186,0.755244755245));
#7498 = CARTESIAN_POINT('',(2.225293117781,0.755244755245));
#7499 = CARTESIAN_POINT('',(2.15984494523,0.755244755245));
#7500 = CARTESIAN_POINT('',(2.094396775346,0.755244755245));
#7501 = CARTESIAN_POINT('',(2.028944209441,0.755244755245));
#7502 = CARTESIAN_POINT('',(1.898046607649,0.755244755245));
#7503 = CARTESIAN_POINT('',(1.832594039779,0.755244755245));
#7504 = CARTESIAN_POINT('',(1.767145866307,0.755244755245));
#7505 = CARTESIAN_POINT('',(1.701697687669,0.755244755245));
#7506 = CARTESIAN_POINT('',(1.63624512689,0.755244755245));
#7507 = CARTESIAN_POINT('',(1.570796326795,0.755244755245));
#7508 = ( GEOMETRIC_REPRESENTATION_CONTEXT(2) 
PARAMETRIC_REPRESENTATION_CONTEXT() REPRESENTATION_CONTEXT('2D SPACE',''
  ) );
#7509 = ORIENTED_EDGE('',*,*,#7510,.T.);
#7510 = EDGE_CURVE('',#7412,#7511,#7513,.T.);
#7511 = VERTEX_POINT('',#7512);
#7512 = CARTESIAN_POINT('',(26.836713286713,38.836713286713,17.5));
#7513 = SURFACE_CURVE('',#7514,(#7517,#7523),.PCURVE_S1.);
#7514 = B_SPLINE_CURVE_WITH_KNOTS('',1,(#7515,#7516),.UNSPECIFIED.,.F.,
  .F.,(2,2),(0.,1.),.PIECEWISE_BEZIER_KNOTS.);
#7515 = CARTESIAN_POINT('',(-26.83671328671,38.836713286713,17.5));
#7516 = CARTESIAN_POINT('',(26.836713286713,38.836713286713,17.5));
#7517 = PCURVE('',#6528,#7518);
#7518 = DEFINITIONAL_REPRESENTATION('',(#7519),#7522);
#7519 = B_SPLINE_CURVE_WITH_KNOTS('',1,(#7520,#7521),.UNSPECIFIED.,.F.,
  .F.,(2,2),(0.,1.),.PIECEWISE_BEZIER_KNOTS.);
#7520 = CARTESIAN_POINT('',(13.638286713287,79.311713286713));
#7521 = CARTESIAN_POINT('',(67.311713286713,79.311713286713));
#7522 = ( GEOMETRIC_REPRESENTATION_CONTEXT(2) 
PARAMETRIC_REPRESENTATION_CONTEXT() REPRESENTATION_CONTEXT('2D SPACE',''
  ) );
#7523 = PCURVE('',#7524,#7529);
#7524 = B_SPLINE_SURFACE_WITH_KNOTS('',1,1,(
    (#7525,#7526)
    ,(#7527,#7528
    )),.UNSPECIFIED.,.F.,.F.,.F.,(2,2),(2,2),(-27.325,27.325),(0.,1.),
  .PIECEWISE_BEZIER_KNOTS.);
#7525 = CARTESIAN_POINT('',(25.33,37.33,6.7));
#7526 = CARTESIAN_POINT('',(27.325,39.325,21.));
#7527 = CARTESIAN_POINT('',(-25.33,37.33,6.7));
#7528 = CARTESIAN_POINT('',(-27.325,39.325,21.));
#7529 = DEFINITIONAL_REPRESENTATION('',(#7530),#7533);
#7530 = B_SPLINE_CURVE_WITH_KNOTS('',1,(#7531,#7532),.UNSPECIFIED.,.F.,
  .F.,(2,2),(0.,1.),.PIECEWISE_BEZIER_KNOTS.);
#7531 = CARTESIAN_POINT('',(27.325,0.755244755245));
#7532 = CARTESIAN_POINT('',(-27.325,0.755244755245));
#7533 = ( GEOMETRIC_REPRESENTATION_CONTEXT(2) 
PARAMETRIC_REPRESENTATION_CONTEXT() REPRESENTATION_CONTEXT('2D SPACE',''
  ) );
#7534 = ORIENTED_EDGE('',*,*,#7535,.T.);
#7535 = EDGE_CURVE('',#7511,#7536,#7538,.T.);
#7536 = VERTEX_POINT('',#7537);
#7537 = CARTESIAN_POINT('',(38.836713286713,26.836713286713,17.5));
#7538 = SURFACE_CURVE('',#7539,(#7562,#7588),.PCURVE_S1.);
#7539 = B_SPLINE_CURVE_WITH_KNOTS('',6,(#7540,#7541,#7542,#7543,#7544,
    #7545,#7546,#7547,#7548,#7549,#7550,#7551,#7552,#7553,#7554,#7555,
    #7556,#7557,#7558,#7559,#7560,#7561),.UNSPECIFIED.,.F.,.F.,(7,5,5,5,
    7),(0.,0.251999871945,0.500999935579,0.749999999273,1.),
  .UNSPECIFIED.);
#7540 = CARTESIAN_POINT('',(26.836713286713,38.836713286713,17.5));
#7541 = CARTESIAN_POINT('',(27.628381567741,38.836713286713,17.5));
#7542 = CARTESIAN_POINT('',(28.420097326244,38.774039299927,17.5));
#7543 = CARTESIAN_POINT('',(29.205553475294,38.648677887373,17.5));
#7544 = CARTESIAN_POINT('',(29.978609823612,38.46148620408,17.5));
#7545 = CARTESIAN_POINT('',(30.733270419693,38.21404080767,17.5));
#7546 = CARTESIAN_POINT('',(32.185476639441,37.607165312939,17.5));
#7547 = CARTESIAN_POINT('',(32.883679226398,37.249068246546,17.5));
#7548 = CARTESIAN_POINT('',(33.552712247879,36.836828412476,17.5));
#7549 = CARTESIAN_POINT('',(34.187423640807,36.373483714515,17.5));
#7550 = CARTESIAN_POINT('',(34.783052142866,35.862653950345,17.5));
#7551 = CARTESIAN_POINT('',(35.887573527359,34.754657147511,17.5));
#7552 = CARTESIAN_POINT('',(36.396529551723,34.157426768198,17.5));
#7553 = CARTESIAN_POINT('',(36.857877962025,33.521262869429,17.5));
#7554 = CARTESIAN_POINT('',(37.268013936505,32.850938062059,17.5));
#7555 = CARTESIAN_POINT('',(37.623915771361,32.151613927187,17.5));
#7556 = CARTESIAN_POINT('',(38.223821760308,30.70331276065,17.5));
#7557 = CARTESIAN_POINT('',(38.467405514001,29.954063828683,17.5));
#7558 = CARTESIAN_POINT('',(38.651650960483,29.186850503607,17.5));
#7559 = CARTESIAN_POINT('',(38.775030116273,28.407530122119,17.5));
#7560 = CARTESIAN_POINT('',(38.836713286713,27.622098887856,17.5));
#7561 = CARTESIAN_POINT('',(38.836713286713,26.836713286713,17.5));
#7562 = PCURVE('',#6528,#7563);
#7563 = DEFINITIONAL_REPRESENTATION('',(#7564),#7587);
#7564 = B_SPLINE_CURVE_WITH_KNOTS('',6,(#7565,#7566,#7567,#7568,#7569,
    #7570,#7571,#7572,#7573,#7574,#7575,#7576,#7577,#7578,#7579,#7580,
    #7581,#7582,#7583,#7584,#7585,#7586),.UNSPECIFIED.,.F.,.F.,(7,5,5,5,
    7),(0.,0.251999871945,0.500999935579,0.749999999273,1.),
  .UNSPECIFIED.);
#7565 = CARTESIAN_POINT('',(67.311713286713,79.311713286713));
#7566 = CARTESIAN_POINT('',(68.103381567741,79.311713286713));
#7567 = CARTESIAN_POINT('',(68.895097326244,79.249039299927));
#7568 = CARTESIAN_POINT('',(69.680553475294,79.123677887373));
#7569 = CARTESIAN_POINT('',(70.453609823612,78.93648620408));
#7570 = CARTESIAN_POINT('',(71.208270419693,78.68904080767));
#7571 = CARTESIAN_POINT('',(72.660476639441,78.082165312939));
#7572 = CARTESIAN_POINT('',(73.358679226398,77.724068246546));
#7573 = CARTESIAN_POINT('',(74.027712247879,77.311828412476));
#7574 = CARTESIAN_POINT('',(74.662423640807,76.848483714515));
#7575 = CARTESIAN_POINT('',(75.258052142866,76.337653950345));
#7576 = CARTESIAN_POINT('',(76.362573527359,75.229657147511));
#7577 = CARTESIAN_POINT('',(76.871529551723,74.632426768198));
#7578 = CARTESIAN_POINT('',(77.332877962025,73.996262869429));
#7579 = CARTESIAN_POINT('',(77.743013936505,73.325938062059));
#7580 = CARTESIAN_POINT('',(78.098915771361,72.626613927187));
#7581 = CARTESIAN_POINT('',(78.698821760308,71.17831276065));
#7582 = CARTESIAN_POINT('',(78.942405514001,70.429063828683));
#7583 = CARTESIAN_POINT('',(79.126650960483,69.661850503607));
#7584 = CARTESIAN_POINT('',(79.250030116273,68.882530122119));
#7585 = CARTESIAN_POINT('',(79.311713286713,68.097098887856));
#7586 = CARTESIAN_POINT('',(79.311713286713,67.311713286713));
#7587 = ( GEOMETRIC_REPRESENTATION_CONTEXT(2) 
PARAMETRIC_REPRESENTATION_CONTEXT() REPRESENTATION_CONTEXT('2D SPACE',''
  ) );
#7588 = PCURVE('',#7589,#7608);
#7589 = B_SPLINE_SURFACE_WITH_KNOTS('',8,1,(
    (#7590,#7591)
    ,(#7592,#7593)
    ,(#7594,#7595)
    ,(#7596,#7597)
    ,(#7598,#7599)
    ,(#7600,#7601)
    ,(#7602,#7603)
    ,(#7604,#7605)
    ,(#7606,#7607
    )),.UNSPECIFIED.,.F.,.F.,.F.,(9,9),(2,2),(0.,1.570796326795),(0.,1.)
  ,.PIECEWISE_BEZIER_KNOTS.);
#7590 = CARTESIAN_POINT('',(37.33,25.33,6.7));
#7591 = CARTESIAN_POINT('',(39.325,27.325,21.));
#7592 = CARTESIAN_POINT('',(37.33,27.686194490192,6.7));
#7593 = CARTESIAN_POINT('',(39.325,29.681194490192,21.));
#7594 = CARTESIAN_POINT('',(36.801270532466,30.04238972205,6.7));
#7595 = CARTESIAN_POINT('',(38.796270532466,32.037389722052,
    21.000000000001));
#7596 = CARTESIAN_POINT('',(35.743816790457,32.260158812021,6.7));
#7597 = CARTESIAN_POINT('',(37.738816790456,34.255158812018,
    20.999999999999));
#7598 = CARTESIAN_POINT('',(34.201105069359,34.201105069358,6.7));
#7599 = CARTESIAN_POINT('',(36.19610506936,36.196105069362,
    21.000000000001));
#7600 = CARTESIAN_POINT('',(32.260158812021,35.743816790458,6.7));
#7601 = CARTESIAN_POINT('',(34.25515881202,37.738816790455,
    20.999999999999));
#7602 = CARTESIAN_POINT('',(30.042389722051,36.801270532465,6.7));
#7603 = CARTESIAN_POINT('',(32.037389722051,38.796270532467,
    21.000000000001));
#7604 = CARTESIAN_POINT('',(27.686194490192,37.33,6.7));
#7605 = CARTESIAN_POINT('',(29.681194490192,39.325,21.));
#7606 = CARTESIAN_POINT('',(25.33,37.33,6.7));
#7607 = CARTESIAN_POINT('',(27.325,39.325,21.));
#7608 = DEFINITIONAL_REPRESENTATION('',(#7609),#7632);
#7609 = B_SPLINE_CURVE_WITH_KNOTS('',6,(#7610,#7611,#7612,#7613,#7614,
    #7615,#7616,#7617,#7618,#7619,#7620,#7621,#7622,#7623,#7624,#7625,
    #7626,#7627,#7628,#7629,#7630,#7631),.UNSPECIFIED.,.F.,.F.,(7,5,5,5,
    7),(0.,0.251999871945,0.500999935579,0.749999999273,1.),
  .UNSPECIFIED.);
#7610 = CARTESIAN_POINT('',(1.570796326795,0.755244755245));
#7611 = CARTESIAN_POINT('',(1.504823970043,0.755244755245));
#7612 = CARTESIAN_POINT('',(1.438847701009,0.755244755245));
#7613 = CARTESIAN_POINT('',(1.372875990793,0.755244755245));
#7614 = CARTESIAN_POINT('',(1.306904286044,0.755244755245));
#7615 = CARTESIAN_POINT('',(1.240928009914,0.755244755245));
#7616 = CARTESIAN_POINT('',(1.109768630395,0.755244755245));
#7617 = CARTESIAN_POINT('',(1.044577917396,0.755244755245));
#7618 = CARTESIAN_POINT('',(0.979391513903,0.755244755245));
#7619 = CARTESIAN_POINT('',(0.91420510776,0.755244755245));
#7620 = CARTESIAN_POINT('',(0.84901439123,0.755244755245));
#7621 = CARTESIAN_POINT('',(0.718640342895,0.755244755245));
#7622 = CARTESIAN_POINT('',(0.653449626393,0.755244755245));
#7623 = CARTESIAN_POINT('',(0.58826322032,0.755244755245));
#7624 = CARTESIAN_POINT('',(0.523076816869,0.755244755245));
#7625 = CARTESIAN_POINT('',(0.457886103825,0.755244755245));
#7626 = CARTESIAN_POINT('',(0.327250280854,0.755244755245));
#7627 = CARTESIAN_POINT('',(0.261797712984,0.755244755245));
#7628 = CARTESIAN_POINT('',(0.196349539512,0.755244755245));
#7629 = CARTESIAN_POINT('',(0.130901360874,0.755244755245));
#7630 = CARTESIAN_POINT('',(6.544880009524E-02,0.755244755245));
#7631 = CARTESIAN_POINT('',(0.,0.755244755245));
#7632 = ( GEOMETRIC_REPRESENTATION_CONTEXT(2) 
PARAMETRIC_REPRESENTATION_CONTEXT() REPRESENTATION_CONTEXT('2D SPACE',''
  ) );
#7633 = ORIENTED_EDGE('',*,*,#7634,.T.);
#7634 = EDGE_CURVE('',#7536,#7635,#7637,.T.);
#7635 = VERTEX_POINT('',#7636);
#7636 = CARTESIAN_POINT('',(38.836713286713,-26.83671328671,17.5));
#7637 = SURFACE_CURVE('',#7638,(#7641,#7647),.PCURVE_S1.);
#7638 = B_SPLINE_CURVE_WITH_KNOTS('',1,(#7639,#7640),.UNSPECIFIED.,.F.,
  .F.,(2,2),(0.,1.),.PIECEWISE_BEZIER_KNOTS.);
#7639 = CARTESIAN_POINT('',(38.836713286713,26.836713286713,17.5));
#7640 = CARTESIAN_POINT('',(38.836713286713,-26.83671328671,17.5));
#7641 = PCURVE('',#6528,#7642);
#7642 = DEFINITIONAL_REPRESENTATION('',(#7643),#7646);
#7643 = B_SPLINE_CURVE_WITH_KNOTS('',1,(#7644,#7645),.UNSPECIFIED.,.F.,
  .F.,(2,2),(0.,1.),.PIECEWISE_BEZIER_KNOTS.);
#7644 = CARTESIAN_POINT('',(79.311713286713,67.311713286713));
#7645 = CARTESIAN_POINT('',(79.311713286713,13.638286713287));
#7646 = ( GEOMETRIC_REPRESENTATION_CONTEXT(2) 
PARAMETRIC_REPRESENTATION_CONTEXT() REPRESENTATION_CONTEXT('2D SPACE',''
  ) );
#7647 = PCURVE('',#7648,#7653);
#7648 = B_SPLINE_SURFACE_WITH_KNOTS('',1,1,(
    (#7649,#7650)
    ,(#7651,#7652
    )),.UNSPECIFIED.,.F.,.F.,.F.,(2,2),(2,2),(-27.325,27.325),(0.,1.),
  .PIECEWISE_BEZIER_KNOTS.);
#7649 = CARTESIAN_POINT('',(37.33,-25.33,6.7));
#7650 = CARTESIAN_POINT('',(39.325,-27.325,21.));
#7651 = CARTESIAN_POINT('',(37.33,25.33,6.7));
#7652 = CARTESIAN_POINT('',(39.325,27.325,21.));
#7653 = DEFINITIONAL_REPRESENTATION('',(#7654),#7657);
#7654 = B_SPLINE_CURVE_WITH_KNOTS('',1,(#7655,#7656),.UNSPECIFIED.,.F.,
  .F.,(2,2),(0.,1.),.PIECEWISE_BEZIER_KNOTS.);
#7655 = CARTESIAN_POINT('',(27.325,0.755244755245));
#7656 = CARTESIAN_POINT('',(-27.325,0.755244755245));
#7657 = ( GEOMETRIC_REPRESENTATION_CONTEXT(2) 
PARAMETRIC_REPRESENTATION_CONTEXT() REPRESENTATION_CONTEXT('2D SPACE',''
  ) );
#7658 = ORIENTED_EDGE('',*,*,#7659,.T.);
#7659 = EDGE_CURVE('',#7635,#7261,#7660,.T.);
#7660 = SURFACE_CURVE('',#7661,(#7684,#7710),.PCURVE_S1.);
#7661 = B_SPLINE_CURVE_WITH_KNOTS('',6,(#7662,#7663,#7664,#7665,#7666,
    #7667,#7668,#7669,#7670,#7671,#7672,#7673,#7674,#7675,#7676,#7677,
    #7678,#7679,#7680,#7681,#7682,#7683),.UNSPECIFIED.,.F.,.F.,(7,5,5,5,
    7),(0.,0.250999936342,0.499999999387,0.749999999889,1.),
  .UNSPECIFIED.);
#7662 = CARTESIAN_POINT('',(38.836713286713,-26.83671328671,17.5));
#7663 = CARTESIAN_POINT('',(38.836713286713,-27.62524022977,17.5));
#7664 = CARTESIAN_POINT('',(38.774535694609,-28.41381372086,17.5));
#7665 = CARTESIAN_POINT('',(38.650167386509,-29.19620228174,17.5));
#7666 = CARTESIAN_POINT('',(38.464451701824,-29.96633799615,17.5));
#7667 = CARTESIAN_POINT('',(38.218940771189,-30.71829448157,17.5));
#7668 = CARTESIAN_POINT('',(37.615553840011,-32.1685518612,17.5));
#7669 = CARTESIAN_POINT('',(37.258553948952,-32.86731608418,17.5));
#7670 = CARTESIAN_POINT('',(36.847365537398,-33.53699582478,17.5));
#7671 = CARTESIAN_POINT('',(36.385018412865,-34.17243425458,17.5));
#7672 = CARTESIAN_POINT('',(35.875124889545,-34.76886443108,17.5));
#7673 = CARTESIAN_POINT('',(34.766643164036,-35.87734615659,17.5));
#7674 = CARTESIAN_POINT('',(34.167642870529,-36.38911337004,17.5));
#7675 = CARTESIAN_POINT('',(33.52933785138,-36.85293379862,17.5));
#7676 = CARTESIAN_POINT('',(32.856554892277,-37.26515434715,17.5));
#7677 = CARTESIAN_POINT('',(32.15451615234,-37.62271363033,17.5));
#7678 = CARTESIAN_POINT('',(30.70331276065,-38.2238217603,17.5));
#7679 = CARTESIAN_POINT('',(29.954063828683,-38.467405514,17.5));
#7680 = CARTESIAN_POINT('',(29.186850503607,-38.65165096048,17.5));
#7681 = CARTESIAN_POINT('',(28.407530122119,-38.77503011627,17.5));
#7682 = CARTESIAN_POINT('',(27.622098887856,-38.83671328671,17.5));
#7683 = CARTESIAN_POINT('',(26.836713286713,-38.83671328671,17.5));
#7684 = PCURVE('',#6528,#7685);
#7685 = DEFINITIONAL_REPRESENTATION('',(#7686),#7709);
#7686 = B_SPLINE_CURVE_WITH_KNOTS('',6,(#7687,#7688,#7689,#7690,#7691,
    #7692,#7693,#7694,#7695,#7696,#7697,#7698,#7699,#7700,#7701,#7702,
    #7703,#7704,#7705,#7706,#7707,#7708),.UNSPECIFIED.,.F.,.F.,(7,5,5,5,
    7),(0.,0.250999936342,0.499999999387,0.749999999889,1.),
  .UNSPECIFIED.);
#7687 = CARTESIAN_POINT('',(79.311713286713,13.638286713287));
#7688 = CARTESIAN_POINT('',(79.311713286713,12.849759770221));
#7689 = CARTESIAN_POINT('',(79.249535694609,12.061186279138));
#7690 = CARTESIAN_POINT('',(79.125167386509,11.278797718255));
#7691 = CARTESIAN_POINT('',(78.939451701824,10.508662003842));
#7692 = CARTESIAN_POINT('',(78.693940771189,9.756705518427));
#7693 = CARTESIAN_POINT('',(78.090553840011,8.306448138799));
#7694 = CARTESIAN_POINT('',(77.733553948952,7.607683915816));
#7695 = CARTESIAN_POINT('',(77.322365537398,6.938004175211));
#7696 = CARTESIAN_POINT('',(76.860018412865,6.302565745416));
#7697 = CARTESIAN_POINT('',(76.350124889545,5.706135568916));
#7698 = CARTESIAN_POINT('',(75.241643164036,4.597653843407));
#7699 = CARTESIAN_POINT('',(74.642642870529,4.085886629955));
#7700 = CARTESIAN_POINT('',(74.00433785138,3.622066201374));
#7701 = CARTESIAN_POINT('',(73.331554892277,3.20984565285));
#7702 = CARTESIAN_POINT('',(72.62951615234,2.852286369666));
#7703 = CARTESIAN_POINT('',(71.17831276065,2.251178239692));
#7704 = CARTESIAN_POINT('',(70.429063828683,2.007594485999));
#7705 = CARTESIAN_POINT('',(69.661850503607,1.823349039517));
#7706 = CARTESIAN_POINT('',(68.882530122119,1.699969883727));
#7707 = CARTESIAN_POINT('',(68.097098887856,1.638286713287));
#7708 = CARTESIAN_POINT('',(67.311713286713,1.638286713287));
#7709 = ( GEOMETRIC_REPRESENTATION_CONTEXT(2) 
PARAMETRIC_REPRESENTATION_CONTEXT() REPRESENTATION_CONTEXT('2D SPACE',''
  ) );
#7710 = PCURVE('',#7711,#7730);
#7711 = B_SPLINE_SURFACE_WITH_KNOTS('',8,1,(
    (#7712,#7713)
    ,(#7714,#7715)
    ,(#7716,#7717)
    ,(#7718,#7719)
    ,(#7720,#7721)
    ,(#7722,#7723)
    ,(#7724,#7725)
    ,(#7726,#7727)
    ,(#7728,#7729
    )),.UNSPECIFIED.,.F.,.F.,.F.,(9,9),(2,2),(4.712388980385,
    6.28318530718),(0.,1.),.PIECEWISE_BEZIER_KNOTS.);
#7712 = CARTESIAN_POINT('',(25.33,-37.33,6.7));
#7713 = CARTESIAN_POINT('',(27.325,-39.325,21.));
#7714 = CARTESIAN_POINT('',(27.686194490192,-37.33,6.7));
#7715 = CARTESIAN_POINT('',(29.681194490192,-39.325,21.));
#7716 = CARTESIAN_POINT('',(30.042389722052,-36.80127053246,6.7));
#7717 = CARTESIAN_POINT('',(32.037389722051,-38.79627053246,21.));
#7718 = CARTESIAN_POINT('',(32.260158812019,-35.74381679045,6.7));
#7719 = CARTESIAN_POINT('',(34.255158812021,-37.73881679045,21.));
#7720 = CARTESIAN_POINT('',(34.20110506936,-34.20110506936,6.7));
#7721 = CARTESIAN_POINT('',(36.196105069358,-36.19610506936,21.));
#7722 = CARTESIAN_POINT('',(35.743816790456,-32.26015881201,6.7));
#7723 = CARTESIAN_POINT('',(37.738816790458,-34.25515881202,21.));
#7724 = CARTESIAN_POINT('',(36.801270532466,-30.04238972205,6.7));
#7725 = CARTESIAN_POINT('',(38.796270532465,-32.03738972205,21.));
#7726 = CARTESIAN_POINT('',(37.33,-27.68619449019,6.7));
#7727 = CARTESIAN_POINT('',(39.325,-29.68119449019,21.));
#7728 = CARTESIAN_POINT('',(37.33,-25.33,6.7));
#7729 = CARTESIAN_POINT('',(39.325,-27.325,21.));
#7730 = DEFINITIONAL_REPRESENTATION('',(#7731),#7754);
#7731 = B_SPLINE_CURVE_WITH_KNOTS('',6,(#7732,#7733,#7734,#7735,#7736,
    #7737,#7738,#7739,#7740,#7741,#7742,#7743,#7744,#7745,#7746,#7747,
    #7748,#7749,#7750,#7751,#7752,#7753),.UNSPECIFIED.,.F.,.F.,(7,5,5,5,
    7),(0.,0.250999936342,0.499999999387,0.749999999889,1.),
  .UNSPECIFIED.);
#7732 = CARTESIAN_POINT('',(6.28318530718,0.755244755245));
#7733 = CARTESIAN_POINT('',(6.217474728591,0.755244755245));
#7734 = CARTESIAN_POINT('',(6.151760314114,0.755244755245));
#7735 = CARTESIAN_POINT('',(6.086050369424,0.755244755245));
#7736 = CARTESIAN_POINT('',(6.020340430047,0.755244755245));
#7737 = CARTESIAN_POINT('',(5.954626008477,0.755244755245));
#7738 = CARTESIAN_POINT('',(5.823728407067,0.755244755245));
#7739 = CARTESIAN_POINT('',(5.758537694046,0.755244755245));
#7740 = CARTESIAN_POINT('',(5.693351290575,0.755244755245));
#7741 = CARTESIAN_POINT('',(5.628164884466,0.755244755245));
#7742 = CARTESIAN_POINT('',(5.56297416795,0.755244755245));
#7743 = CARTESIAN_POINT('',(5.432338340776,0.755244755245));
#7744 = CARTESIAN_POINT('',(5.36688577137,0.755244755245));
#7745 = CARTESIAN_POINT('',(5.30143759882,0.755244755245));
#7746 = CARTESIAN_POINT('',(5.235989428936,0.755244755245));
#7747 = CARTESIAN_POINT('',(5.170536863031,0.755244755245));
#7748 = CARTESIAN_POINT('',(5.039639261239,0.755244755245));
#7749 = CARTESIAN_POINT('',(4.974186693369,0.755244755245));
#7750 = CARTESIAN_POINT('',(4.908738519896,0.755244755245));
#7751 = CARTESIAN_POINT('',(4.843290341259,0.755244755245));
#7752 = CARTESIAN_POINT('',(4.77783778048,0.755244755245));
#7753 = CARTESIAN_POINT('',(4.712388980385,0.755244755245));
#7754 = ( GEOMETRIC_REPRESENTATION_CONTEXT(2) 
PARAMETRIC_REPRESENTATION_CONTEXT() REPRESENTATION_CONTEXT('2D SPACE',''
  ) );
#7755 = ADVANCED_FACE('',(#7756),#6736,.T.);
#7756 = FACE_BOUND('',#7757,.F.);
#7757 = EDGE_LOOP('',(#7758));
#7758 = ORIENTED_EDGE('',*,*,#6721,.F.);
#7759 = ADVANCED_FACE('',(#7760),#6811,.F.);
#7760 = FACE_BOUND('',#7761,.F.);
#7761 = EDGE_LOOP('',(#7762,#7784,#7785,#7807));
#7762 = ORIENTED_EDGE('',*,*,#7763,.F.);
#7763 = EDGE_CURVE('',#6758,#7764,#7766,.T.);
#7764 = VERTEX_POINT('',#7765);
#7765 = CARTESIAN_POINT('',(-37.72062937062,-25.72062937062,9.5));
#7766 = SURFACE_CURVE('',#7767,(#7770,#7777),.PCURVE_S1.);
#7767 = B_SPLINE_CURVE_WITH_KNOTS('',1,(#7768,#7769),.UNSPECIFIED.,.F.,
  .F.,(2,2),(0.,1.),.PIECEWISE_BEZIER_KNOTS.);
#7768 = CARTESIAN_POINT('',(-37.33,-25.33,6.7));
#7769 = CARTESIAN_POINT('',(-39.325,-27.325,21.));
#7770 = PCURVE('',#6811,#7771);
#7771 = DEFINITIONAL_REPRESENTATION('',(#7772),#7776);
#7772 = LINE('',#7773,#7774);
#7773 = CARTESIAN_POINT('',(3.14159265359,0.));
#7774 = VECTOR('',#7775,1.);
#7775 = DIRECTION('',(0.,1.));
#7776 = ( GEOMETRIC_REPRESENTATION_CONTEXT(2) 
PARAMETRIC_REPRESENTATION_CONTEXT() REPRESENTATION_CONTEXT('2D SPACE',''
  ) );
#7777 = PCURVE('',#6870,#7778);
#7778 = DEFINITIONAL_REPRESENTATION('',(#7779),#7783);
#7779 = LINE('',#7780,#7781);
#7780 = CARTESIAN_POINT('',(27.325,0.));
#7781 = VECTOR('',#7782,1.);
#7782 = DIRECTION('',(0.,1.));
#7783 = ( GEOMETRIC_REPRESENTATION_CONTEXT(2) 
PARAMETRIC_REPRESENTATION_CONTEXT() REPRESENTATION_CONTEXT('2D SPACE',''
  ) );
#7784 = ORIENTED_EDGE('',*,*,#6755,.F.);
#7785 = ORIENTED_EDGE('',*,*,#7786,.T.);
#7786 = EDGE_CURVE('',#6756,#7787,#7789,.T.);
#7787 = VERTEX_POINT('',#7788);
#7788 = CARTESIAN_POINT('',(-25.72062937062,-37.72062937062,9.5));
#7789 = SURFACE_CURVE('',#7790,(#7793,#7800),.PCURVE_S1.);
#7790 = B_SPLINE_CURVE_WITH_KNOTS('',1,(#7791,#7792),.UNSPECIFIED.,.F.,
  .F.,(2,2),(0.,1.),.PIECEWISE_BEZIER_KNOTS.);
#7791 = CARTESIAN_POINT('',(-25.33,-37.33,6.7));
#7792 = CARTESIAN_POINT('',(-27.325,-39.325,21.));
#7793 = PCURVE('',#6811,#7794);
#7794 = DEFINITIONAL_REPRESENTATION('',(#7795),#7799);
#7795 = LINE('',#7796,#7797);
#7796 = CARTESIAN_POINT('',(4.712388980385,0.));
#7797 = VECTOR('',#7798,1.);
#7798 = DIRECTION('',(0.,1.));
#7799 = ( GEOMETRIC_REPRESENTATION_CONTEXT(2) 
PARAMETRIC_REPRESENTATION_CONTEXT() REPRESENTATION_CONTEXT('2D SPACE',''
  ) );
#7800 = PCURVE('',#7240,#7801);
#7801 = DEFINITIONAL_REPRESENTATION('',(#7802),#7806);
#7802 = LINE('',#7803,#7804);
#7803 = CARTESIAN_POINT('',(-27.325,0.));
#7804 = VECTOR('',#7805,1.);
#7805 = DIRECTION('',(0.,1.));
#7806 = ( GEOMETRIC_REPRESENTATION_CONTEXT(2) 
PARAMETRIC_REPRESENTATION_CONTEXT() REPRESENTATION_CONTEXT('2D SPACE',''
  ) );
#7807 = ORIENTED_EDGE('',*,*,#7808,.T.);
#7808 = EDGE_CURVE('',#7787,#7764,#7809,.T.);
#7809 = SURFACE_CURVE('',#7810,(#7833,#7859),.PCURVE_S1.);
#7810 = B_SPLINE_CURVE_WITH_KNOTS('',6,(#7811,#7812,#7813,#7814,#7815,
    #7816,#7817,#7818,#7819,#7820,#7821,#7822,#7823,#7824,#7825,#7826,
    #7827,#7828,#7829,#7830,#7831,#7832),.UNSPECIFIED.,.F.,.F.,(7,5,5,5,
    7),(0.,0.251999871945,0.500999935579,0.749999999273,1.),
  .UNSPECIFIED.);
#7811 = CARTESIAN_POINT('',(-25.72062937062,-37.72062937062,9.5));
#7812 = CARTESIAN_POINT('',(-26.51229765165,-37.72062937062,9.5));
#7813 = CARTESIAN_POINT('',(-27.30401341016,-37.65795538384,9.5));
#7814 = CARTESIAN_POINT('',(-28.0894695592,-37.53259397129,9.5));
#7815 = CARTESIAN_POINT('',(-28.86252590752,-37.34540228799,9.5));
#7816 = CARTESIAN_POINT('',(-29.6171865036,-37.09795689158,9.5));
#7817 = CARTESIAN_POINT('',(-31.06939272335,-36.49108139685,9.5));
#7818 = CARTESIAN_POINT('',(-31.76759531031,-36.13298433046,9.5));
#7819 = CARTESIAN_POINT('',(-32.43662833179,-35.72074449639,9.5));
#7820 = CARTESIAN_POINT('',(-33.07133972472,-35.25739979843,9.5));
#7821 = CARTESIAN_POINT('',(-33.66696822678,-34.74657003426,9.5));
#7822 = CARTESIAN_POINT('',(-34.77148961127,-33.63857323142,9.5));
#7823 = CARTESIAN_POINT('',(-35.28044563563,-33.04134285211,9.5));
#7824 = CARTESIAN_POINT('',(-35.74179404594,-32.40517895334,9.5));
#7825 = CARTESIAN_POINT('',(-36.15193002042,-31.73485414597,9.5));
#7826 = CARTESIAN_POINT('',(-36.50783185527,-31.0355300111,9.5));
#7827 = CARTESIAN_POINT('',(-37.10773784422,-29.58722884456,9.5));
#7828 = CARTESIAN_POINT('',(-37.35132159791,-28.8379799126,9.5));
#7829 = CARTESIAN_POINT('',(-37.53556704439,-28.07076658752,9.5));
#7830 = CARTESIAN_POINT('',(-37.65894620018,-27.29144620603,9.5));
#7831 = CARTESIAN_POINT('',(-37.72062937062,-26.50601497177,9.5));
#7832 = CARTESIAN_POINT('',(-37.72062937062,-25.72062937062,9.5));
#7833 = PCURVE('',#6811,#7834);
#7834 = DEFINITIONAL_REPRESENTATION('',(#7835),#7858);
#7835 = B_SPLINE_CURVE_WITH_KNOTS('',6,(#7836,#7837,#7838,#7839,#7840,
    #7841,#7842,#7843,#7844,#7845,#7846,#7847,#7848,#7849,#7850,#7851,
    #7852,#7853,#7854,#7855,#7856,#7857),.UNSPECIFIED.,.F.,.F.,(7,5,5,5,
    7),(0.,0.251999871945,0.500999935579,0.749999999273,1.),
  .UNSPECIFIED.);
#7836 = CARTESIAN_POINT('',(4.712388980385,0.195804195804));
#7837 = CARTESIAN_POINT('',(4.646416623632,0.195804195804));
#7838 = CARTESIAN_POINT('',(4.580440354599,0.195804195804));
#7839 = CARTESIAN_POINT('',(4.514468644383,0.195804195804));
#7840 = CARTESIAN_POINT('',(4.448496939634,0.195804195804));
#7841 = CARTESIAN_POINT('',(4.382520663504,0.195804195804));
#7842 = CARTESIAN_POINT('',(4.251361283984,0.195804195804));
#7843 = CARTESIAN_POINT('',(4.186170570986,0.195804195804));
#7844 = CARTESIAN_POINT('',(4.120984167493,0.195804195804));
#7845 = CARTESIAN_POINT('',(4.05579776135,0.195804195804));
#7846 = CARTESIAN_POINT('',(3.99060704482,0.195804195804));
#7847 = CARTESIAN_POINT('',(3.860232996485,0.195804195804));
#7848 = CARTESIAN_POINT('',(3.795042279983,0.195804195804));
#7849 = CARTESIAN_POINT('',(3.729855873909,0.195804195804));
#7850 = CARTESIAN_POINT('',(3.664669470459,0.195804195804));
#7851 = CARTESIAN_POINT('',(3.599478757415,0.195804195804));
#7852 = CARTESIAN_POINT('',(3.468842934444,0.195804195804));
#7853 = CARTESIAN_POINT('',(3.403390366574,0.195804195804));
#7854 = CARTESIAN_POINT('',(3.337942193101,0.195804195804));
#7855 = CARTESIAN_POINT('',(3.272494014464,0.195804195804));
#7856 = CARTESIAN_POINT('',(3.207041453685,0.195804195804));
#7857 = CARTESIAN_POINT('',(3.14159265359,0.195804195804));
#7858 = ( GEOMETRIC_REPRESENTATION_CONTEXT(2) 
PARAMETRIC_REPRESENTATION_CONTEXT() REPRESENTATION_CONTEXT('2D SPACE',''
  ) );
#7859 = PCURVE('',#7860,#7865);
#7860 = PLANE('',#7861);
#7861 = AXIS2_PLACEMENT_3D('',#7862,#7863,#7864);
#7862 = CARTESIAN_POINT('',(-39.275,-39.275,9.5));
#7863 = DIRECTION('',(0.,0.,1.));
#7864 = DIRECTION('',(1.,0.,-0.));
#7865 = DEFINITIONAL_REPRESENTATION('',(#7866),#7889);
#7866 = B_SPLINE_CURVE_WITH_KNOTS('',6,(#7867,#7868,#7869,#7870,#7871,
    #7872,#7873,#7874,#7875,#7876,#7877,#7878,#7879,#7880,#7881,#7882,
    #7883,#7884,#7885,#7886,#7887,#7888),.UNSPECIFIED.,.F.,.F.,(7,5,5,5,
    7),(0.,0.251999871945,0.500999935579,0.749999999273,1.),
  .UNSPECIFIED.);
#7867 = CARTESIAN_POINT('',(13.554370629371,1.554370629371));
#7868 = CARTESIAN_POINT('',(12.762702348344,1.554370629371));
#7869 = CARTESIAN_POINT('',(11.970986589839,1.617044616157));
#7870 = CARTESIAN_POINT('',(11.185530440791,1.74240602871));
#7871 = CARTESIAN_POINT('',(10.412474092471,1.929597712004));
#7872 = CARTESIAN_POINT('',(9.657813496391,2.177043108414));
#7873 = CARTESIAN_POINT('',(8.205607276643,2.783918603145));
#7874 = CARTESIAN_POINT('',(7.507404689685,3.142015669538));
#7875 = CARTESIAN_POINT('',(6.838371668205,3.554255503608));
#7876 = CARTESIAN_POINT('',(6.203660275277,4.017600201569));
#7877 = CARTESIAN_POINT('',(5.608031773218,4.528429965739));
#7878 = CARTESIAN_POINT('',(4.503510388725,5.636426768573));
#7879 = CARTESIAN_POINT('',(3.994554364362,6.233657147884));
#7880 = CARTESIAN_POINT('',(3.533205954057,6.869821046656));
#7881 = CARTESIAN_POINT('',(3.12306997958,7.540145854023));
#7882 = CARTESIAN_POINT('',(2.767168144723,8.239469988897));
#7883 = CARTESIAN_POINT('',(2.167262155776,9.687771155434));
#7884 = CARTESIAN_POINT('',(1.923678402083,10.437020087399));
#7885 = CARTESIAN_POINT('',(1.739432955601,11.20423341248));
#7886 = CARTESIAN_POINT('',(1.616053799811,11.983553793962));
#7887 = CARTESIAN_POINT('',(1.554370629371,12.768985028229));
#7888 = CARTESIAN_POINT('',(1.554370629371,13.554370629371));
#7889 = ( GEOMETRIC_REPRESENTATION_CONTEXT(2) 
PARAMETRIC_REPRESENTATION_CONTEXT() REPRESENTATION_CONTEXT('2D SPACE',''
  ) );
#7890 = ADVANCED_FACE('',(#7891),#7240,.F.);
#7891 = FACE_BOUND('',#7892,.F.);
#7892 = EDGE_LOOP('',(#7893,#7894,#7895,#7917));
#7893 = ORIENTED_EDGE('',*,*,#7786,.F.);
#7894 = ORIENTED_EDGE('',*,*,#7228,.F.);
#7895 = ORIENTED_EDGE('',*,*,#7896,.T.);
#7896 = EDGE_CURVE('',#7130,#7897,#7899,.T.);
#7897 = VERTEX_POINT('',#7898);
#7898 = CARTESIAN_POINT('',(25.720629370629,-37.72062937062,9.5));
#7899 = SURFACE_CURVE('',#7900,(#7903,#7910),.PCURVE_S1.);
#7900 = B_SPLINE_CURVE_WITH_KNOTS('',1,(#7901,#7902),.UNSPECIFIED.,.F.,
  .F.,(2,2),(0.,1.),.PIECEWISE_BEZIER_KNOTS.);
#7901 = CARTESIAN_POINT('',(25.33,-37.33,6.7));
#7902 = CARTESIAN_POINT('',(27.325,-39.325,21.));
#7903 = PCURVE('',#7240,#7904);
#7904 = DEFINITIONAL_REPRESENTATION('',(#7905),#7909);
#7905 = LINE('',#7906,#7907);
#7906 = CARTESIAN_POINT('',(27.325,0.));
#7907 = VECTOR('',#7908,1.);
#7908 = DIRECTION('',(0.,1.));
#7909 = ( GEOMETRIC_REPRESENTATION_CONTEXT(2) 
PARAMETRIC_REPRESENTATION_CONTEXT() REPRESENTATION_CONTEXT('2D SPACE',''
  ) );
#7910 = PCURVE('',#7183,#7911);
#7911 = DEFINITIONAL_REPRESENTATION('',(#7912),#7916);
#7912 = LINE('',#7913,#7914);
#7913 = CARTESIAN_POINT('',(4.712388980385,0.));
#7914 = VECTOR('',#7915,1.);
#7915 = DIRECTION('',(0.,1.));
#7916 = ( GEOMETRIC_REPRESENTATION_CONTEXT(2) 
PARAMETRIC_REPRESENTATION_CONTEXT() REPRESENTATION_CONTEXT('2D SPACE',''
  ) );
#7917 = ORIENTED_EDGE('',*,*,#7918,.T.);
#7918 = EDGE_CURVE('',#7897,#7787,#7919,.T.);
#7919 = SURFACE_CURVE('',#7920,(#7923,#7929),.PCURVE_S1.);
#7920 = B_SPLINE_CURVE_WITH_KNOTS('',1,(#7921,#7922),.UNSPECIFIED.,.F.,
  .F.,(2,2),(0.,1.),.PIECEWISE_BEZIER_KNOTS.);
#7921 = CARTESIAN_POINT('',(25.720629370629,-37.72062937062,9.5));
#7922 = CARTESIAN_POINT('',(-25.72062937062,-37.72062937062,9.5));
#7923 = PCURVE('',#7240,#7924);
#7924 = DEFINITIONAL_REPRESENTATION('',(#7925),#7928);
#7925 = B_SPLINE_CURVE_WITH_KNOTS('',1,(#7926,#7927),.UNSPECIFIED.,.F.,
  .F.,(2,2),(0.,1.),.PIECEWISE_BEZIER_KNOTS.);
#7926 = CARTESIAN_POINT('',(27.325,0.195804195804));
#7927 = CARTESIAN_POINT('',(-27.325,0.195804195804));
#7928 = ( GEOMETRIC_REPRESENTATION_CONTEXT(2) 
PARAMETRIC_REPRESENTATION_CONTEXT() REPRESENTATION_CONTEXT('2D SPACE',''
  ) );
#7929 = PCURVE('',#7860,#7930);
#7930 = DEFINITIONAL_REPRESENTATION('',(#7931),#7934);
#7931 = B_SPLINE_CURVE_WITH_KNOTS('',1,(#7932,#7933),.UNSPECIFIED.,.F.,
  .F.,(2,2),(0.,1.),.PIECEWISE_BEZIER_KNOTS.);
#7932 = CARTESIAN_POINT('',(64.995629370629,1.554370629371));
#7933 = CARTESIAN_POINT('',(13.554370629371,1.554370629371));
#7934 = ( GEOMETRIC_REPRESENTATION_CONTEXT(2) 
PARAMETRIC_REPRESENTATION_CONTEXT() REPRESENTATION_CONTEXT('2D SPACE',''
  ) );
#7935 = ADVANCED_FACE('',(#7936),#6870,.F.);
#7936 = FACE_BOUND('',#7937,.F.);
#7937 = EDGE_LOOP('',(#7938,#7939,#7940,#7960));
#7938 = ORIENTED_EDGE('',*,*,#6856,.F.);
#7939 = ORIENTED_EDGE('',*,*,#7763,.T.);
#7940 = ORIENTED_EDGE('',*,*,#7941,.T.);
#7941 = EDGE_CURVE('',#7764,#7942,#7944,.T.);
#7942 = VERTEX_POINT('',#7943);
#7943 = CARTESIAN_POINT('',(-37.72062937062,25.720629370629,9.5));
#7944 = SURFACE_CURVE('',#7945,(#7948,#7954),.PCURVE_S1.);
#7945 = B_SPLINE_CURVE_WITH_KNOTS('',1,(#7946,#7947),.UNSPECIFIED.,.F.,
  .F.,(2,2),(0.,1.),.PIECEWISE_BEZIER_KNOTS.);
#7946 = CARTESIAN_POINT('',(-37.72062937062,-25.72062937062,9.5));
#7947 = CARTESIAN_POINT('',(-37.72062937062,25.720629370629,9.5));
#7948 = PCURVE('',#6870,#7949);
#7949 = DEFINITIONAL_REPRESENTATION('',(#7950),#7953);
#7950 = B_SPLINE_CURVE_WITH_KNOTS('',1,(#7951,#7952),.UNSPECIFIED.,.F.,
  .F.,(2,2),(0.,1.),.PIECEWISE_BEZIER_KNOTS.);
#7951 = CARTESIAN_POINT('',(27.325,0.195804195804));
#7952 = CARTESIAN_POINT('',(-27.325,0.195804195804));
#7953 = ( GEOMETRIC_REPRESENTATION_CONTEXT(2) 
PARAMETRIC_REPRESENTATION_CONTEXT() REPRESENTATION_CONTEXT('2D SPACE',''
  ) );
#7954 = PCURVE('',#7860,#7955);
#7955 = DEFINITIONAL_REPRESENTATION('',(#7956),#7959);
#7956 = B_SPLINE_CURVE_WITH_KNOTS('',1,(#7957,#7958),.UNSPECIFIED.,.F.,
  .F.,(2,2),(0.,1.),.PIECEWISE_BEZIER_KNOTS.);
#7957 = CARTESIAN_POINT('',(1.554370629371,13.554370629371));
#7958 = CARTESIAN_POINT('',(1.554370629371,64.995629370629));
#7959 = ( GEOMETRIC_REPRESENTATION_CONTEXT(2) 
PARAMETRIC_REPRESENTATION_CONTEXT() REPRESENTATION_CONTEXT('2D SPACE',''
  ) );
#7960 = ORIENTED_EDGE('',*,*,#7961,.F.);
#7961 = EDGE_CURVE('',#6857,#7942,#7962,.T.);
#7962 = SURFACE_CURVE('',#7963,(#7966,#7973),.PCURVE_S1.);
#7963 = B_SPLINE_CURVE_WITH_KNOTS('',1,(#7964,#7965),.UNSPECIFIED.,.F.,
  .F.,(2,2),(0.,1.),.PIECEWISE_BEZIER_KNOTS.);
#7964 = CARTESIAN_POINT('',(-37.33,25.33,6.7));
#7965 = CARTESIAN_POINT('',(-39.325,27.325,21.));
#7966 = PCURVE('',#6870,#7967);
#7967 = DEFINITIONAL_REPRESENTATION('',(#7968),#7972);
#7968 = LINE('',#7969,#7970);
#7969 = CARTESIAN_POINT('',(-27.325,0.));
#7970 = VECTOR('',#7971,1.);
#7971 = DIRECTION('',(0.,1.));
#7972 = ( GEOMETRIC_REPRESENTATION_CONTEXT(2) 
PARAMETRIC_REPRESENTATION_CONTEXT() REPRESENTATION_CONTEXT('2D SPACE',''
  ) );
#7973 = PCURVE('',#6935,#7974);
#7974 = DEFINITIONAL_REPRESENTATION('',(#7975),#7979);
#7975 = LINE('',#7976,#7977);
#7976 = CARTESIAN_POINT('',(3.14159265359,0.));
#7977 = VECTOR('',#7978,1.);
#7978 = DIRECTION('',(0.,1.));
#7979 = ( GEOMETRIC_REPRESENTATION_CONTEXT(2) 
PARAMETRIC_REPRESENTATION_CONTEXT() REPRESENTATION_CONTEXT('2D SPACE',''
  ) );
#7980 = ADVANCED_FACE('',(#7981),#7183,.F.);
#7981 = FACE_BOUND('',#7982,.F.);
#7982 = EDGE_LOOP('',(#7983,#7984,#7985,#8007));
#7983 = ORIENTED_EDGE('',*,*,#7896,.F.);
#7984 = ORIENTED_EDGE('',*,*,#7129,.F.);
#7985 = ORIENTED_EDGE('',*,*,#7986,.T.);
#7986 = EDGE_CURVE('',#7105,#7987,#7989,.T.);
#7987 = VERTEX_POINT('',#7988);
#7988 = CARTESIAN_POINT('',(37.720629370629,-25.72062937062,9.5));
#7989 = SURFACE_CURVE('',#7990,(#7993,#8000),.PCURVE_S1.);
#7990 = B_SPLINE_CURVE_WITH_KNOTS('',1,(#7991,#7992),.UNSPECIFIED.,.F.,
  .F.,(2,2),(0.,1.),.PIECEWISE_BEZIER_KNOTS.);
#7991 = CARTESIAN_POINT('',(37.33,-25.33,6.7));
#7992 = CARTESIAN_POINT('',(39.325,-27.325,21.));
#7993 = PCURVE('',#7183,#7994);
#7994 = DEFINITIONAL_REPRESENTATION('',(#7995),#7999);
#7995 = LINE('',#7996,#7997);
#7996 = CARTESIAN_POINT('',(6.28318530718,0.));
#7997 = VECTOR('',#7998,1.);
#7998 = DIRECTION('',(0.,1.));
#7999 = ( GEOMETRIC_REPRESENTATION_CONTEXT(2) 
PARAMETRIC_REPRESENTATION_CONTEXT() REPRESENTATION_CONTEXT('2D SPACE',''
  ) );
#8000 = PCURVE('',#7118,#8001);
#8001 = DEFINITIONAL_REPRESENTATION('',(#8002),#8006);
#8002 = LINE('',#8003,#8004);
#8003 = CARTESIAN_POINT('',(-27.325,0.));
#8004 = VECTOR('',#8005,1.);
#8005 = DIRECTION('',(0.,1.));
#8006 = ( GEOMETRIC_REPRESENTATION_CONTEXT(2) 
PARAMETRIC_REPRESENTATION_CONTEXT() REPRESENTATION_CONTEXT('2D SPACE',''
  ) );
#8007 = ORIENTED_EDGE('',*,*,#8008,.T.);
#8008 = EDGE_CURVE('',#7987,#7897,#8009,.T.);
#8009 = SURFACE_CURVE('',#8010,(#8033,#8059),.PCURVE_S1.);
#8010 = B_SPLINE_CURVE_WITH_KNOTS('',6,(#8011,#8012,#8013,#8014,#8015,
    #8016,#8017,#8018,#8019,#8020,#8021,#8022,#8023,#8024,#8025,#8026,
    #8027,#8028,#8029,#8030,#8031,#8032),.UNSPECIFIED.,.F.,.F.,(7,5,5,5,
    7),(0.,0.251999871945,0.500999935579,0.749999999273,1.),
  .UNSPECIFIED.);
#8011 = CARTESIAN_POINT('',(37.720629370629,-25.72062937062,9.5));
#8012 = CARTESIAN_POINT('',(37.720629370629,-26.51229765165,9.5));
#8013 = CARTESIAN_POINT('',(37.657955383843,-27.30401341016,9.5));
#8014 = CARTESIAN_POINT('',(37.53259397129,-28.0894695592,9.5));
#8015 = CARTESIAN_POINT('',(37.345402287995,-28.86252590753,9.5));
#8016 = CARTESIAN_POINT('',(37.097956891586,-29.6171865036,9.5));
#8017 = CARTESIAN_POINT('',(36.491081396855,-31.06939272335,9.5));
#8018 = CARTESIAN_POINT('',(36.132984330462,-31.76759531031,9.5));
#8019 = CARTESIAN_POINT('',(35.720744496392,-32.43662833179,9.5));
#8020 = CARTESIAN_POINT('',(35.257399798431,-33.07133972472,9.5));
#8021 = CARTESIAN_POINT('',(34.746570034261,-33.66696822678,9.5));
#8022 = CARTESIAN_POINT('',(33.638573231427,-34.77148961127,9.5));
#8023 = CARTESIAN_POINT('',(33.041342852115,-35.28044563563,9.5));
#8024 = CARTESIAN_POINT('',(32.405178953345,-35.74179404594,9.5));
#8025 = CARTESIAN_POINT('',(31.734854145975,-36.15193002042,9.5));
#8026 = CARTESIAN_POINT('',(31.035530011103,-36.50783185527,9.5));
#8027 = CARTESIAN_POINT('',(29.587228844566,-37.10773784422,9.5));
#8028 = CARTESIAN_POINT('',(28.837979912598,-37.35132159791,9.5));
#8029 = CARTESIAN_POINT('',(28.070766587524,-37.53556704439,9.5));
#8030 = CARTESIAN_POINT('',(27.291446206035,-37.65894620019,9.5));
#8031 = CARTESIAN_POINT('',(26.506014971772,-37.72062937062,9.5));
#8032 = CARTESIAN_POINT('',(25.720629370629,-37.72062937062,9.5));
#8033 = PCURVE('',#7183,#8034);
#8034 = DEFINITIONAL_REPRESENTATION('',(#8035),#8058);
#8035 = B_SPLINE_CURVE_WITH_KNOTS('',6,(#8036,#8037,#8038,#8039,#8040,
    #8041,#8042,#8043,#8044,#8045,#8046,#8047,#8048,#8049,#8050,#8051,
    #8052,#8053,#8054,#8055,#8056,#8057),.UNSPECIFIED.,.F.,.F.,(7,5,5,5,
    7),(0.,0.251999871945,0.500999935579,0.749999999273,1.),
  .UNSPECIFIED.);
#8036 = CARTESIAN_POINT('',(6.28318530718,0.195804195804));
#8037 = CARTESIAN_POINT('',(6.217212950427,0.195804195804));
#8038 = CARTESIAN_POINT('',(6.151236681394,0.195804195804));
#8039 = CARTESIAN_POINT('',(6.085264971178,0.195804195804));
#8040 = CARTESIAN_POINT('',(6.019293266429,0.195804195804));
#8041 = CARTESIAN_POINT('',(5.953316990299,0.195804195804));
#8042 = CARTESIAN_POINT('',(5.822157610779,0.195804195804));
#8043 = CARTESIAN_POINT('',(5.756966897781,0.195804195804));
#8044 = CARTESIAN_POINT('',(5.691780494288,0.195804195804));
#8045 = CARTESIAN_POINT('',(5.626594088145,0.195804195804));
#8046 = CARTESIAN_POINT('',(5.561403371615,0.195804195804));
#8047 = CARTESIAN_POINT('',(5.43102932328,0.195804195804));
#8048 = CARTESIAN_POINT('',(5.365838606778,0.195804195804));
#8049 = CARTESIAN_POINT('',(5.300652200704,0.195804195804));
#8050 = CARTESIAN_POINT('',(5.235465797254,0.195804195804));
#8051 = CARTESIAN_POINT('',(5.17027508421,0.195804195804));
#8052 = CARTESIAN_POINT('',(5.039639261239,0.195804195804));
#8053 = CARTESIAN_POINT('',(4.974186693369,0.195804195804));
#8054 = CARTESIAN_POINT('',(4.908738519896,0.195804195804));
#8055 = CARTESIAN_POINT('',(4.843290341259,0.195804195804));
#8056 = CARTESIAN_POINT('',(4.77783778048,0.195804195804));
#8057 = CARTESIAN_POINT('',(4.712388980385,0.195804195804));
#8058 = ( GEOMETRIC_REPRESENTATION_CONTEXT(2) 
PARAMETRIC_REPRESENTATION_CONTEXT() REPRESENTATION_CONTEXT('2D SPACE',''
  ) );
#8059 = PCURVE('',#7860,#8060);
#8060 = DEFINITIONAL_REPRESENTATION('',(#8061),#8084);
#8061 = B_SPLINE_CURVE_WITH_KNOTS('',6,(#8062,#8063,#8064,#8065,#8066,
    #8067,#8068,#8069,#8070,#8071,#8072,#8073,#8074,#8075,#8076,#8077,
    #8078,#8079,#8080,#8081,#8082,#8083),.UNSPECIFIED.,.F.,.F.,(7,5,5,5,
    7),(0.,0.251999871945,0.500999935579,0.749999999273,1.),
  .UNSPECIFIED.);
#8062 = CARTESIAN_POINT('',(76.995629370629,13.554370629371));
#8063 = CARTESIAN_POINT('',(76.995629370629,12.762702348344));
#8064 = CARTESIAN_POINT('',(76.932955383843,11.970986589839));
#8065 = CARTESIAN_POINT('',(76.80759397129,11.185530440793));
#8066 = CARTESIAN_POINT('',(76.620402287995,10.41247409247));
#8067 = CARTESIAN_POINT('',(76.372956891586,9.657813496392));
#8068 = CARTESIAN_POINT('',(75.766081396855,8.205607276643));
#8069 = CARTESIAN_POINT('',(75.407984330462,7.507404689685));
#8070 = CARTESIAN_POINT('',(74.995744496392,6.838371668206));
#8071 = CARTESIAN_POINT('',(74.532399798431,6.203660275276));
#8072 = CARTESIAN_POINT('',(74.021570034261,5.608031773219));
#8073 = CARTESIAN_POINT('',(72.913573231427,4.503510388725));
#8074 = CARTESIAN_POINT('',(72.316342852115,3.994554364362));
#8075 = CARTESIAN_POINT('',(71.680178953345,3.533205954058));
#8076 = CARTESIAN_POINT('',(71.009854145975,3.123069979579));
#8077 = CARTESIAN_POINT('',(70.310530011103,2.767168144723));
#8078 = CARTESIAN_POINT('',(68.862228844566,2.167262155776));
#8079 = CARTESIAN_POINT('',(68.112979912598,1.923678402083));
#8080 = CARTESIAN_POINT('',(67.345766587524,1.739432955601));
#8081 = CARTESIAN_POINT('',(66.566446206035,1.61605379981));
#8082 = CARTESIAN_POINT('',(65.781014971772,1.554370629371));
#8083 = CARTESIAN_POINT('',(64.995629370629,1.554370629371));
#8084 = ( GEOMETRIC_REPRESENTATION_CONTEXT(2) 
PARAMETRIC_REPRESENTATION_CONTEXT() REPRESENTATION_CONTEXT('2D SPACE',''
  ) );
#8085 = ADVANCED_FACE('',(#8086),#6935,.F.);
#8086 = FACE_BOUND('',#8087,.F.);
#8087 = EDGE_LOOP('',(#8088,#8110,#8111,#8112));
#8088 = ORIENTED_EDGE('',*,*,#8089,.F.);
#8089 = EDGE_CURVE('',#6882,#8090,#8092,.T.);
#8090 = VERTEX_POINT('',#8091);
#8091 = CARTESIAN_POINT('',(-25.72062937062,37.720629370629,9.5));
#8092 = SURFACE_CURVE('',#8093,(#8096,#8103),.PCURVE_S1.);
#8093 = B_SPLINE_CURVE_WITH_KNOTS('',1,(#8094,#8095),.UNSPECIFIED.,.F.,
  .F.,(2,2),(0.,1.),.PIECEWISE_BEZIER_KNOTS.);
#8094 = CARTESIAN_POINT('',(-25.33,37.33,6.7));
#8095 = CARTESIAN_POINT('',(-27.325,39.325,21.));
#8096 = PCURVE('',#6935,#8097);
#8097 = DEFINITIONAL_REPRESENTATION('',(#8098),#8102);
#8098 = LINE('',#8099,#8100);
#8099 = CARTESIAN_POINT('',(1.570796326795,0.));
#8100 = VECTOR('',#8101,1.);
#8101 = DIRECTION('',(0.,1.));
#8102 = ( GEOMETRIC_REPRESENTATION_CONTEXT(2) 
PARAMETRIC_REPRESENTATION_CONTEXT() REPRESENTATION_CONTEXT('2D SPACE',''
  ) );
#8103 = PCURVE('',#6994,#8104);
#8104 = DEFINITIONAL_REPRESENTATION('',(#8105),#8109);
#8105 = LINE('',#8106,#8107);
#8106 = CARTESIAN_POINT('',(27.325,0.));
#8107 = VECTOR('',#8108,1.);
#8108 = DIRECTION('',(0.,1.));
#8109 = ( GEOMETRIC_REPRESENTATION_CONTEXT(2) 
PARAMETRIC_REPRESENTATION_CONTEXT() REPRESENTATION_CONTEXT('2D SPACE',''
  ) );
#8110 = ORIENTED_EDGE('',*,*,#6881,.F.);
#8111 = ORIENTED_EDGE('',*,*,#7961,.T.);
#8112 = ORIENTED_EDGE('',*,*,#8113,.T.);
#8113 = EDGE_CURVE('',#7942,#8090,#8114,.T.);
#8114 = SURFACE_CURVE('',#8115,(#8138,#8164),.PCURVE_S1.);
#8115 = B_SPLINE_CURVE_WITH_KNOTS('',6,(#8116,#8117,#8118,#8119,#8120,
    #8121,#8122,#8123,#8124,#8125,#8126,#8127,#8128,#8129,#8130,#8131,
    #8132,#8133,#8134,#8135,#8136,#8137),.UNSPECIFIED.,.F.,.F.,(7,5,5,5,
    7),(0.,0.250999936342,0.499999999387,0.749999999889,1.),
  .UNSPECIFIED.);
#8116 = CARTESIAN_POINT('',(-37.72062937062,25.720629370629,9.5));
#8117 = CARTESIAN_POINT('',(-37.72062937062,26.509156313695,9.5));
#8118 = CARTESIAN_POINT('',(-37.65845177852,27.297729804778,9.5));
#8119 = CARTESIAN_POINT('',(-37.53408347042,28.080118365663,9.5));
#8120 = CARTESIAN_POINT('',(-37.34836778574,28.850254080073,9.5));
#8121 = CARTESIAN_POINT('',(-37.1028568551,29.60221056549,9.5));
#8122 = CARTESIAN_POINT('',(-36.49946992392,31.052467945117,9.5));
#8123 = CARTESIAN_POINT('',(-36.14247003286,31.7512321681,9.5));
#8124 = CARTESIAN_POINT('',(-35.73128162131,32.420911908704,9.5));
#8125 = CARTESIAN_POINT('',(-35.26893449678,33.056350338501,9.5));
#8126 = CARTESIAN_POINT('',(-34.75904097346,33.652780515,9.5));
#8127 = CARTESIAN_POINT('',(-33.65055924795,34.761262240509,9.5));
#8128 = CARTESIAN_POINT('',(-33.05155895444,35.273029453962,9.5));
#8129 = CARTESIAN_POINT('',(-32.41325393529,35.736849882542,9.5));
#8130 = CARTESIAN_POINT('',(-31.74047097619,36.149070431066,9.5));
#8131 = CARTESIAN_POINT('',(-31.03843223625,36.50662971425,9.5));
#8132 = CARTESIAN_POINT('',(-29.58722884456,37.107737844224,9.5));
#8133 = CARTESIAN_POINT('',(-28.8379799126,37.351321597917,9.5));
#8134 = CARTESIAN_POINT('',(-28.07076658752,37.5355670444,9.5));
#8135 = CARTESIAN_POINT('',(-27.29144620603,37.658946200189,9.5));
#8136 = CARTESIAN_POINT('',(-26.50601497177,37.720629370629,9.5));
#8137 = CARTESIAN_POINT('',(-25.72062937062,37.720629370629,9.5));
#8138 = PCURVE('',#6935,#8139);
#8139 = DEFINITIONAL_REPRESENTATION('',(#8140),#8163);
#8140 = B_SPLINE_CURVE_WITH_KNOTS('',6,(#8141,#8142,#8143,#8144,#8145,
    #8146,#8147,#8148,#8149,#8150,#8151,#8152,#8153,#8154,#8155,#8156,
    #8157,#8158,#8159,#8160,#8161,#8162),.UNSPECIFIED.,.F.,.F.,(7,5,5,5,
    7),(0.,0.250999936342,0.499999999387,0.749999999889,1.),
  .UNSPECIFIED.);
#8141 = CARTESIAN_POINT('',(3.14159265359,0.195804195804));
#8142 = CARTESIAN_POINT('',(3.075882075001,0.195804195804));
#8143 = CARTESIAN_POINT('',(3.010167660525,0.195804195804));
#8144 = CARTESIAN_POINT('',(2.944457715834,0.195804195804));
#8145 = CARTESIAN_POINT('',(2.878747776458,0.195804195804));
#8146 = CARTESIAN_POINT('',(2.813033354888,0.195804195804));
#8147 = CARTESIAN_POINT('',(2.682135753477,0.195804195804));
#8148 = CARTESIAN_POINT('',(2.616945040456,0.195804195804));
#8149 = CARTESIAN_POINT('',(2.551758636985,0.195804195804));
#8150 = CARTESIAN_POINT('',(2.486572230876,0.195804195804));
#8151 = CARTESIAN_POINT('',(2.42138151436,0.195804195804));
#8152 = CARTESIAN_POINT('',(2.290745687186,0.195804195804));
#8153 = CARTESIAN_POINT('',(2.225293117781,0.195804195804));
#8154 = CARTESIAN_POINT('',(2.15984494523,0.195804195804));
#8155 = CARTESIAN_POINT('',(2.094396775346,0.195804195804));
#8156 = CARTESIAN_POINT('',(2.028944209441,0.195804195804));
#8157 = CARTESIAN_POINT('',(1.898046607649,0.195804195804));
#8158 = CARTESIAN_POINT('',(1.832594039779,0.195804195804));
#8159 = CARTESIAN_POINT('',(1.767145866306,0.195804195804));
#8160 = CARTESIAN_POINT('',(1.701697687669,0.195804195804));
#8161 = CARTESIAN_POINT('',(1.63624512689,0.195804195804));
#8162 = CARTESIAN_POINT('',(1.570796326795,0.195804195804));
#8163 = ( GEOMETRIC_REPRESENTATION_CONTEXT(2) 
PARAMETRIC_REPRESENTATION_CONTEXT() REPRESENTATION_CONTEXT('2D SPACE',''
  ) );
#8164 = PCURVE('',#7860,#8165);
#8165 = DEFINITIONAL_REPRESENTATION('',(#8166),#8189);
#8166 = B_SPLINE_CURVE_WITH_KNOTS('',6,(#8167,#8168,#8169,#8170,#8171,
    #8172,#8173,#8174,#8175,#8176,#8177,#8178,#8179,#8180,#8181,#8182,
    #8183,#8184,#8185,#8186,#8187,#8188),.UNSPECIFIED.,.F.,.F.,(7,5,5,5,
    7),(0.,0.250999936342,0.499999999387,0.749999999889,1.),
  .UNSPECIFIED.);
#8167 = CARTESIAN_POINT('',(1.554370629371,64.995629370629));
#8168 = CARTESIAN_POINT('',(1.554370629371,65.784156313695));
#8169 = CARTESIAN_POINT('',(1.616548221475,66.572729804778));
#8170 = CARTESIAN_POINT('',(1.740916529575,67.355118365663));
#8171 = CARTESIAN_POINT('',(1.92663221426,68.125254080073));
#8172 = CARTESIAN_POINT('',(2.172143144895,68.87721056549));
#8173 = CARTESIAN_POINT('',(2.775530076073,70.327467945117));
#8174 = CARTESIAN_POINT('',(3.132529967132,71.0262321681));
#8175 = CARTESIAN_POINT('',(3.543718378686,71.695911908704));
#8176 = CARTESIAN_POINT('',(4.006065503219,72.331350338501));
#8177 = CARTESIAN_POINT('',(4.515959026539,72.927780515));
#8178 = CARTESIAN_POINT('',(5.624440752048,74.036262240509));
#8179 = CARTESIAN_POINT('',(6.223441045555,74.548029453962));
#8180 = CARTESIAN_POINT('',(6.861746064704,75.011849882542));
#8181 = CARTESIAN_POINT('',(7.534529023807,75.424070431066));
#8182 = CARTESIAN_POINT('',(8.236567763744,75.78162971425));
#8183 = CARTESIAN_POINT('',(9.687771155434,76.382737844224));
#8184 = CARTESIAN_POINT('',(10.4370200874,76.626321597917));
#8185 = CARTESIAN_POINT('',(11.204233412478,76.8105670444));
#8186 = CARTESIAN_POINT('',(11.983553793964,76.933946200189));
#8187 = CARTESIAN_POINT('',(12.768985028228,76.995629370629));
#8188 = CARTESIAN_POINT('',(13.554370629371,76.995629370629));
#8189 = ( GEOMETRIC_REPRESENTATION_CONTEXT(2) 
PARAMETRIC_REPRESENTATION_CONTEXT() REPRESENTATION_CONTEXT('2D SPACE',''
  ) );
#8190 = ADVANCED_FACE('',(#8191),#7118,.F.);
#8191 = FACE_BOUND('',#8192,.F.);
#8192 = EDGE_LOOP('',(#8193,#8194,#8195,#8217));
#8193 = ORIENTED_EDGE('',*,*,#7986,.F.);
#8194 = ORIENTED_EDGE('',*,*,#7104,.F.);
#8195 = ORIENTED_EDGE('',*,*,#8196,.T.);
#8196 = EDGE_CURVE('',#7006,#8197,#8199,.T.);
#8197 = VERTEX_POINT('',#8198);
#8198 = CARTESIAN_POINT('',(37.720629370629,25.720629370629,9.5));
#8199 = SURFACE_CURVE('',#8200,(#8203,#8210),.PCURVE_S1.);
#8200 = B_SPLINE_CURVE_WITH_KNOTS('',1,(#8201,#8202),.UNSPECIFIED.,.F.,
  .F.,(2,2),(0.,1.),.PIECEWISE_BEZIER_KNOTS.);
#8201 = CARTESIAN_POINT('',(37.33,25.33,6.7));
#8202 = CARTESIAN_POINT('',(39.325,27.325,21.));
#8203 = PCURVE('',#7118,#8204);
#8204 = DEFINITIONAL_REPRESENTATION('',(#8205),#8209);
#8205 = LINE('',#8206,#8207);
#8206 = CARTESIAN_POINT('',(27.325,0.));
#8207 = VECTOR('',#8208,1.);
#8208 = DIRECTION('',(0.,1.));
#8209 = ( GEOMETRIC_REPRESENTATION_CONTEXT(2) 
PARAMETRIC_REPRESENTATION_CONTEXT() REPRESENTATION_CONTEXT('2D SPACE',''
  ) );
#8210 = PCURVE('',#7059,#8211);
#8211 = DEFINITIONAL_REPRESENTATION('',(#8212),#8216);
#8212 = LINE('',#8213,#8214);
#8213 = CARTESIAN_POINT('',(0.,0.));
#8214 = VECTOR('',#8215,1.);
#8215 = DIRECTION('',(0.,1.));
#8216 = ( GEOMETRIC_REPRESENTATION_CONTEXT(2) 
PARAMETRIC_REPRESENTATION_CONTEXT() REPRESENTATION_CONTEXT('2D SPACE',''
  ) );
#8217 = ORIENTED_EDGE('',*,*,#8218,.T.);
#8218 = EDGE_CURVE('',#8197,#7987,#8219,.T.);
#8219 = SURFACE_CURVE('',#8220,(#8223,#8229),.PCURVE_S1.);
#8220 = B_SPLINE_CURVE_WITH_KNOTS('',1,(#8221,#8222),.UNSPECIFIED.,.F.,
  .F.,(2,2),(0.,1.),.PIECEWISE_BEZIER_KNOTS.);
#8221 = CARTESIAN_POINT('',(37.720629370629,25.720629370629,9.5));
#8222 = CARTESIAN_POINT('',(37.720629370629,-25.72062937062,9.5));
#8223 = PCURVE('',#7118,#8224);
#8224 = DEFINITIONAL_REPRESENTATION('',(#8225),#8228);
#8225 = B_SPLINE_CURVE_WITH_KNOTS('',1,(#8226,#8227),.UNSPECIFIED.,.F.,
  .F.,(2,2),(0.,1.),.PIECEWISE_BEZIER_KNOTS.);
#8226 = CARTESIAN_POINT('',(27.325,0.195804195804));
#8227 = CARTESIAN_POINT('',(-27.325,0.195804195804));
#8228 = ( GEOMETRIC_REPRESENTATION_CONTEXT(2) 
PARAMETRIC_REPRESENTATION_CONTEXT() REPRESENTATION_CONTEXT('2D SPACE',''
  ) );
#8229 = PCURVE('',#7860,#8230);
#8230 = DEFINITIONAL_REPRESENTATION('',(#8231),#8234);
#8231 = B_SPLINE_CURVE_WITH_KNOTS('',1,(#8232,#8233),.UNSPECIFIED.,.F.,
  .F.,(2,2),(0.,1.),.PIECEWISE_BEZIER_KNOTS.);
#8232 = CARTESIAN_POINT('',(76.995629370629,64.995629370629));
#8233 = CARTESIAN_POINT('',(76.995629370629,13.554370629371));
#8234 = ( GEOMETRIC_REPRESENTATION_CONTEXT(2) 
PARAMETRIC_REPRESENTATION_CONTEXT() REPRESENTATION_CONTEXT('2D SPACE',''
  ) );
#8235 = ADVANCED_FACE('',(#8236),#6994,.F.);
#8236 = FACE_BOUND('',#8237,.F.);
#8237 = EDGE_LOOP('',(#8238,#8239,#8240,#8260));
#8238 = ORIENTED_EDGE('',*,*,#6980,.F.);
#8239 = ORIENTED_EDGE('',*,*,#8089,.T.);
#8240 = ORIENTED_EDGE('',*,*,#8241,.T.);
#8241 = EDGE_CURVE('',#8090,#8242,#8244,.T.);
#8242 = VERTEX_POINT('',#8243);
#8243 = CARTESIAN_POINT('',(25.720629370629,37.720629370629,9.5));
#8244 = SURFACE_CURVE('',#8245,(#8248,#8254),.PCURVE_S1.);
#8245 = B_SPLINE_CURVE_WITH_KNOTS('',1,(#8246,#8247),.UNSPECIFIED.,.F.,
  .F.,(2,2),(0.,1.),.PIECEWISE_BEZIER_KNOTS.);
#8246 = CARTESIAN_POINT('',(-25.72062937062,37.720629370629,9.5));
#8247 = CARTESIAN_POINT('',(25.720629370629,37.720629370629,9.5));
#8248 = PCURVE('',#6994,#8249);
#8249 = DEFINITIONAL_REPRESENTATION('',(#8250),#8253);
#8250 = B_SPLINE_CURVE_WITH_KNOTS('',1,(#8251,#8252),.UNSPECIFIED.,.F.,
  .F.,(2,2),(0.,1.),.PIECEWISE_BEZIER_KNOTS.);
#8251 = CARTESIAN_POINT('',(27.325,0.195804195804));
#8252 = CARTESIAN_POINT('',(-27.325,0.195804195804));
#8253 = ( GEOMETRIC_REPRESENTATION_CONTEXT(2) 
PARAMETRIC_REPRESENTATION_CONTEXT() REPRESENTATION_CONTEXT('2D SPACE',''
  ) );
#8254 = PCURVE('',#7860,#8255);
#8255 = DEFINITIONAL_REPRESENTATION('',(#8256),#8259);
#8256 = B_SPLINE_CURVE_WITH_KNOTS('',1,(#8257,#8258),.UNSPECIFIED.,.F.,
  .F.,(2,2),(0.,1.),.PIECEWISE_BEZIER_KNOTS.);
#8257 = CARTESIAN_POINT('',(13.554370629371,76.995629370629));
#8258 = CARTESIAN_POINT('',(64.995629370629,76.995629370629));
#8259 = ( GEOMETRIC_REPRESENTATION_CONTEXT(2) 
PARAMETRIC_REPRESENTATION_CONTEXT() REPRESENTATION_CONTEXT('2D SPACE',''
  ) );
#8260 = ORIENTED_EDGE('',*,*,#8261,.F.);
#8261 = EDGE_CURVE('',#6981,#8242,#8262,.T.);
#8262 = SURFACE_CURVE('',#8263,(#8266,#8273),.PCURVE_S1.);
#8263 = B_SPLINE_CURVE_WITH_KNOTS('',1,(#8264,#8265),.UNSPECIFIED.,.F.,
  .F.,(2,2),(0.,1.),.PIECEWISE_BEZIER_KNOTS.);
#8264 = CARTESIAN_POINT('',(25.33,37.33,6.7));
#8265 = CARTESIAN_POINT('',(27.325,39.325,21.));
#8266 = PCURVE('',#6994,#8267);
#8267 = DEFINITIONAL_REPRESENTATION('',(#8268),#8272);
#8268 = LINE('',#8269,#8270);
#8269 = CARTESIAN_POINT('',(-27.325,0.));
#8270 = VECTOR('',#8271,1.);
#8271 = DIRECTION('',(0.,1.));
#8272 = ( GEOMETRIC_REPRESENTATION_CONTEXT(2) 
PARAMETRIC_REPRESENTATION_CONTEXT() REPRESENTATION_CONTEXT('2D SPACE',''
  ) );
#8273 = PCURVE('',#7059,#8274);
#8274 = DEFINITIONAL_REPRESENTATION('',(#8275),#8279);
#8275 = LINE('',#8276,#8277);
#8276 = CARTESIAN_POINT('',(1.570796326795,0.));
#8277 = VECTOR('',#8278,1.);
#8278 = DIRECTION('',(0.,1.));
#8279 = ( GEOMETRIC_REPRESENTATION_CONTEXT(2) 
PARAMETRIC_REPRESENTATION_CONTEXT() REPRESENTATION_CONTEXT('2D SPACE',''
  ) );
#8280 = ADVANCED_FACE('',(#8281),#7059,.F.);
#8281 = FACE_BOUND('',#8282,.F.);
#8282 = EDGE_LOOP('',(#8283,#8284,#8285,#8286));
#8283 = ORIENTED_EDGE('',*,*,#8196,.F.);
#8284 = ORIENTED_EDGE('',*,*,#7005,.F.);
#8285 = ORIENTED_EDGE('',*,*,#8261,.T.);
#8286 = ORIENTED_EDGE('',*,*,#8287,.T.);
#8287 = EDGE_CURVE('',#8242,#8197,#8288,.T.);
#8288 = SURFACE_CURVE('',#8289,(#8312,#8338),.PCURVE_S1.);
#8289 = B_SPLINE_CURVE_WITH_KNOTS('',6,(#8290,#8291,#8292,#8293,#8294,
    #8295,#8296,#8297,#8298,#8299,#8300,#8301,#8302,#8303,#8304,#8305,
    #8306,#8307,#8308,#8309,#8310,#8311),.UNSPECIFIED.,.F.,.F.,(7,5,5,5,
    7),(0.,0.251999871945,0.500999935579,0.749999999273,1.),
  .UNSPECIFIED.);
#8290 = CARTESIAN_POINT('',(25.720629370629,37.720629370629,9.5));
#8291 = CARTESIAN_POINT('',(26.512297651657,37.720629370629,9.5));
#8292 = CARTESIAN_POINT('',(27.30401341016,37.657955383843,9.5));
#8293 = CARTESIAN_POINT('',(28.089469559209,37.53259397129,9.5));
#8294 = CARTESIAN_POINT('',(28.862525907529,37.345402287995,9.5));
#8295 = CARTESIAN_POINT('',(29.617186503609,37.097956891586,9.5));
#8296 = CARTESIAN_POINT('',(31.069392723357,36.491081396855,9.5));
#8297 = CARTESIAN_POINT('',(31.767595310316,36.132984330462,9.5));
#8298 = CARTESIAN_POINT('',(32.436628331794,35.720744496393,9.5));
#8299 = CARTESIAN_POINT('',(33.071339724724,35.25739979843,9.5));
#8300 = CARTESIAN_POINT('',(33.666968226781,34.746570034261,9.5));
#8301 = CARTESIAN_POINT('',(34.771489611275,33.638573231427,9.5));
#8302 = CARTESIAN_POINT('',(35.280445635639,33.041342852115,9.5));
#8303 = CARTESIAN_POINT('',(35.741794045942,32.405178953344,9.5));
#8304 = CARTESIAN_POINT('',(36.151930020421,31.734854145975,9.5));
#8305 = CARTESIAN_POINT('',(36.507831855277,31.035530011103,9.5));
#8306 = CARTESIAN_POINT('',(37.107737844224,29.587228844566,9.5));
#8307 = CARTESIAN_POINT('',(37.351321597917,28.837979912598,9.5));
#8308 = CARTESIAN_POINT('',(37.535567044399,28.070766587524,9.5));
#8309 = CARTESIAN_POINT('',(37.658946200189,27.291446206035,9.5));
#8310 = CARTESIAN_POINT('',(37.720629370629,26.506014971772,9.5));
#8311 = CARTESIAN_POINT('',(37.720629370629,25.720629370629,9.5));
#8312 = PCURVE('',#7059,#8313);
#8313 = DEFINITIONAL_REPRESENTATION('',(#8314),#8337);
#8314 = B_SPLINE_CURVE_WITH_KNOTS('',6,(#8315,#8316,#8317,#8318,#8319,
    #8320,#8321,#8322,#8323,#8324,#8325,#8326,#8327,#8328,#8329,#8330,
    #8331,#8332,#8333,#8334,#8335,#8336),.UNSPECIFIED.,.F.,.F.,(7,5,5,5,
    7),(0.,0.251999871945,0.500999935579,0.749999999273,1.),
  .UNSPECIFIED.);
#8315 = CARTESIAN_POINT('',(1.570796326795,0.195804195804));
#8316 = CARTESIAN_POINT('',(1.504823970043,0.195804195804));
#8317 = CARTESIAN_POINT('',(1.438847701009,0.195804195804));
#8318 = CARTESIAN_POINT('',(1.372875990793,0.195804195804));
#8319 = CARTESIAN_POINT('',(1.306904286044,0.195804195804));
#8320 = CARTESIAN_POINT('',(1.240928009914,0.195804195804));
#8321 = CARTESIAN_POINT('',(1.109768630395,0.195804195804));
#8322 = CARTESIAN_POINT('',(1.044577917396,0.195804195804));
#8323 = CARTESIAN_POINT('',(0.979391513903,0.195804195804));
#8324 = CARTESIAN_POINT('',(0.91420510776,0.195804195804));
#8325 = CARTESIAN_POINT('',(0.84901439123,0.195804195804));
#8326 = CARTESIAN_POINT('',(0.718640342895,0.195804195804));
#8327 = CARTESIAN_POINT('',(0.653449626393,0.195804195804));
#8328 = CARTESIAN_POINT('',(0.58826322032,0.195804195804));
#8329 = CARTESIAN_POINT('',(0.523076816869,0.195804195804));
#8330 = CARTESIAN_POINT('',(0.457886103825,0.195804195804));
#8331 = CARTESIAN_POINT('',(0.327250280854,0.195804195804));
#8332 = CARTESIAN_POINT('',(0.261797712984,0.195804195804));
#8333 = CARTESIAN_POINT('',(0.196349539512,0.195804195804));
#8334 = CARTESIAN_POINT('',(0.130901360874,0.195804195804));
#8335 = CARTESIAN_POINT('',(6.544880009524E-02,0.195804195804));
#8336 = CARTESIAN_POINT('',(0.,0.195804195804));
#8337 = ( GEOMETRIC_REPRESENTATION_CONTEXT(2) 
PARAMETRIC_REPRESENTATION_CONTEXT() REPRESENTATION_CONTEXT('2D SPACE',''
  ) );
#8338 = PCURVE('',#7860,#8339);
#8339 = DEFINITIONAL_REPRESENTATION('',(#8340),#8363);
#8340 = B_SPLINE_CURVE_WITH_KNOTS('',6,(#8341,#8342,#8343,#8344,#8345,
    #8346,#8347,#8348,#8349,#8350,#8351,#8352,#8353,#8354,#8355,#8356,
    #8357,#8358,#8359,#8360,#8361,#8362),.UNSPECIFIED.,.F.,.F.,(7,5,5,5,
    7),(0.,0.251999871945,0.500999935579,0.749999999273,1.),
  .UNSPECIFIED.);
#8341 = CARTESIAN_POINT('',(64.995629370629,76.995629370629));
#8342 = CARTESIAN_POINT('',(65.787297651657,76.995629370629));
#8343 = CARTESIAN_POINT('',(66.57901341016,76.932955383843));
#8344 = CARTESIAN_POINT('',(67.364469559209,76.80759397129));
#8345 = CARTESIAN_POINT('',(68.137525907529,76.620402287995));
#8346 = CARTESIAN_POINT('',(68.892186503609,76.372956891586));
#8347 = CARTESIAN_POINT('',(70.344392723357,75.766081396855));
#8348 = CARTESIAN_POINT('',(71.042595310316,75.407984330462));
#8349 = CARTESIAN_POINT('',(71.711628331794,74.995744496393));
#8350 = CARTESIAN_POINT('',(72.346339724724,74.53239979843));
#8351 = CARTESIAN_POINT('',(72.941968226781,74.021570034261));
#8352 = CARTESIAN_POINT('',(74.046489611275,72.913573231427));
#8353 = CARTESIAN_POINT('',(74.555445635639,72.316342852115));
#8354 = CARTESIAN_POINT('',(75.016794045942,71.680178953344));
#8355 = CARTESIAN_POINT('',(75.426930020421,71.009854145975));
#8356 = CARTESIAN_POINT('',(75.782831855277,70.310530011103));
#8357 = CARTESIAN_POINT('',(76.382737844224,68.862228844566));
#8358 = CARTESIAN_POINT('',(76.626321597917,68.112979912598));
#8359 = CARTESIAN_POINT('',(76.810567044399,67.345766587524));
#8360 = CARTESIAN_POINT('',(76.933946200189,66.566446206035));
#8361 = CARTESIAN_POINT('',(76.995629370629,65.781014971772));
#8362 = CARTESIAN_POINT('',(76.995629370629,64.995629370629));
#8363 = ( GEOMETRIC_REPRESENTATION_CONTEXT(2) 
PARAMETRIC_REPRESENTATION_CONTEXT() REPRESENTATION_CONTEXT('2D SPACE',''
  ) );
#8364 = ADVANCED_FACE('',(#8365),#7276,.F.);
#8365 = FACE_BOUND('',#8366,.F.);
#8366 = EDGE_LOOP('',(#8367,#8389,#8414,#8434));
#8367 = ORIENTED_EDGE('',*,*,#8368,.F.);
#8368 = EDGE_CURVE('',#8369,#7263,#8371,.T.);
#8369 = VERTEX_POINT('',#8370);
#8370 = CARTESIAN_POINT('',(-26.55769230769,-38.55769230769,15.5));
#8371 = SURFACE_CURVE('',#8372,(#8375,#8382),.PCURVE_S1.);
#8372 = B_SPLINE_CURVE_WITH_KNOTS('',1,(#8373,#8374),.UNSPECIFIED.,.F.,
  .F.,(2,2),(0.,1.),.PIECEWISE_BEZIER_KNOTS.);
#8373 = CARTESIAN_POINT('',(-25.33,-37.33,6.7));
#8374 = CARTESIAN_POINT('',(-27.325,-39.325,21.));
#8375 = PCURVE('',#7276,#8376);
#8376 = DEFINITIONAL_REPRESENTATION('',(#8377),#8381);
#8377 = LINE('',#8378,#8379);
#8378 = CARTESIAN_POINT('',(-27.325,0.));
#8379 = VECTOR('',#8380,1.);
#8380 = DIRECTION('',(0.,1.));
#8381 = ( GEOMETRIC_REPRESENTATION_CONTEXT(2) 
PARAMETRIC_REPRESENTATION_CONTEXT() REPRESENTATION_CONTEXT('2D SPACE',''
  ) );
#8382 = PCURVE('',#7341,#8383);
#8383 = DEFINITIONAL_REPRESENTATION('',(#8384),#8388);
#8384 = LINE('',#8385,#8386);
#8385 = CARTESIAN_POINT('',(4.712388980385,0.));
#8386 = VECTOR('',#8387,1.);
#8387 = DIRECTION('',(0.,1.));
#8388 = ( GEOMETRIC_REPRESENTATION_CONTEXT(2) 
PARAMETRIC_REPRESENTATION_CONTEXT() REPRESENTATION_CONTEXT('2D SPACE',''
  ) );
#8389 = ORIENTED_EDGE('',*,*,#8390,.F.);
#8390 = EDGE_CURVE('',#8391,#8369,#8393,.T.);
#8391 = VERTEX_POINT('',#8392);
#8392 = CARTESIAN_POINT('',(26.557692307692,-38.55769230769,15.5));
#8393 = SURFACE_CURVE('',#8394,(#8397,#8403),.PCURVE_S1.);
#8394 = B_SPLINE_CURVE_WITH_KNOTS('',1,(#8395,#8396),.UNSPECIFIED.,.F.,
  .F.,(2,2),(0.,1.),.PIECEWISE_BEZIER_KNOTS.);
#8395 = CARTESIAN_POINT('',(26.557692307692,-38.55769230769,15.5));
#8396 = CARTESIAN_POINT('',(-26.55769230769,-38.55769230769,15.5));
#8397 = PCURVE('',#7276,#8398);
#8398 = DEFINITIONAL_REPRESENTATION('',(#8399),#8402);
#8399 = B_SPLINE_CURVE_WITH_KNOTS('',1,(#8400,#8401),.UNSPECIFIED.,.F.,
  .F.,(2,2),(0.,1.),.PIECEWISE_BEZIER_KNOTS.);
#8400 = CARTESIAN_POINT('',(27.325,0.615384615385));
#8401 = CARTESIAN_POINT('',(-27.325,0.615384615385));
#8402 = ( GEOMETRIC_REPRESENTATION_CONTEXT(2) 
PARAMETRIC_REPRESENTATION_CONTEXT() REPRESENTATION_CONTEXT('2D SPACE',''
  ) );
#8403 = PCURVE('',#8404,#8409);
#8404 = PLANE('',#8405);
#8405 = AXIS2_PLACEMENT_3D('',#8406,#8407,#8408);
#8406 = CARTESIAN_POINT('',(-39.875,-39.875,15.5));
#8407 = DIRECTION('',(0.,0.,1.));
#8408 = DIRECTION('',(1.,0.,-0.));
#8409 = DEFINITIONAL_REPRESENTATION('',(#8410),#8413);
#8410 = B_SPLINE_CURVE_WITH_KNOTS('',1,(#8411,#8412),.UNSPECIFIED.,.F.,
  .F.,(2,2),(0.,1.),.PIECEWISE_BEZIER_KNOTS.);
#8411 = CARTESIAN_POINT('',(66.432692307692,1.317307692308));
#8412 = CARTESIAN_POINT('',(13.317307692308,1.317307692308));
#8413 = ( GEOMETRIC_REPRESENTATION_CONTEXT(2) 
PARAMETRIC_REPRESENTATION_CONTEXT() REPRESENTATION_CONTEXT('2D SPACE',''
  ) );
#8414 = ORIENTED_EDGE('',*,*,#8415,.T.);
#8415 = EDGE_CURVE('',#8391,#7261,#8416,.T.);
#8416 = SURFACE_CURVE('',#8417,(#8420,#8427),.PCURVE_S1.);
#8417 = B_SPLINE_CURVE_WITH_KNOTS('',1,(#8418,#8419),.UNSPECIFIED.,.F.,
  .F.,(2,2),(0.,1.),.PIECEWISE_BEZIER_KNOTS.);
#8418 = CARTESIAN_POINT('',(25.33,-37.33,6.7));
#8419 = CARTESIAN_POINT('',(27.325,-39.325,21.));
#8420 = PCURVE('',#7276,#8421);
#8421 = DEFINITIONAL_REPRESENTATION('',(#8422),#8426);
#8422 = LINE('',#8423,#8424);
#8423 = CARTESIAN_POINT('',(27.325,0.));
#8424 = VECTOR('',#8425,1.);
#8425 = DIRECTION('',(0.,1.));
#8426 = ( GEOMETRIC_REPRESENTATION_CONTEXT(2) 
PARAMETRIC_REPRESENTATION_CONTEXT() REPRESENTATION_CONTEXT('2D SPACE',''
  ) );
#8427 = PCURVE('',#7711,#8428);
#8428 = DEFINITIONAL_REPRESENTATION('',(#8429),#8433);
#8429 = LINE('',#8430,#8431);
#8430 = CARTESIAN_POINT('',(4.712388980385,0.));
#8431 = VECTOR('',#8432,1.);
#8432 = DIRECTION('',(0.,1.));
#8433 = ( GEOMETRIC_REPRESENTATION_CONTEXT(2) 
PARAMETRIC_REPRESENTATION_CONTEXT() REPRESENTATION_CONTEXT('2D SPACE',''
  ) );
#8434 = ORIENTED_EDGE('',*,*,#7260,.T.);
#8435 = ADVANCED_FACE('',(#8436),#7711,.F.);
#8436 = FACE_BOUND('',#8437,.F.);
#8437 = EDGE_LOOP('',(#8438,#8439,#8519,#8539));
#8438 = ORIENTED_EDGE('',*,*,#8415,.F.);
#8439 = ORIENTED_EDGE('',*,*,#8440,.F.);
#8440 = EDGE_CURVE('',#8441,#8391,#8443,.T.);
#8441 = VERTEX_POINT('',#8442);
#8442 = CARTESIAN_POINT('',(38.557692307692,-26.55769230769,15.5));
#8443 = SURFACE_CURVE('',#8444,(#8467,#8493),.PCURVE_S1.);
#8444 = B_SPLINE_CURVE_WITH_KNOTS('',6,(#8445,#8446,#8447,#8448,#8449,
    #8450,#8451,#8452,#8453,#8454,#8455,#8456,#8457,#8458,#8459,#8460,
    #8461,#8462,#8463,#8464,#8465,#8466),.UNSPECIFIED.,.F.,.F.,(7,5,5,5,
    7),(0.,0.251999871945,0.500999935579,0.749999999273,1.),
  .UNSPECIFIED.);
#8445 = CARTESIAN_POINT('',(38.557692307692,-26.55769230769,15.5));
#8446 = CARTESIAN_POINT('',(38.557692307692,-27.34936058871,15.5));
#8447 = CARTESIAN_POINT('',(38.495018320906,-28.14107634722,15.5));
#8448 = CARTESIAN_POINT('',(38.369656908352,-28.92653249627,15.5));
#8449 = CARTESIAN_POINT('',(38.182465225059,-29.69958884459,15.5));
#8450 = CARTESIAN_POINT('',(37.935019828649,-30.45424944067,15.5));
#8451 = CARTESIAN_POINT('',(37.328144333918,-31.90645566042,15.5));
#8452 = CARTESIAN_POINT('',(36.970047267525,-32.60465824737,15.5));
#8453 = CARTESIAN_POINT('',(36.557807433455,-33.27369126885,15.5));
#8454 = CARTESIAN_POINT('',(36.094462735494,-33.90840266178,15.5));
#8455 = CARTESIAN_POINT('',(35.583632971324,-34.50403116384,15.5));
#8456 = CARTESIAN_POINT('',(34.47563616849,-35.60855254833,15.5));
#8457 = CARTESIAN_POINT('',(33.878405789178,-36.1175085727,15.5));
#8458 = CARTESIAN_POINT('',(33.242241890407,-36.578856983,15.5));
#8459 = CARTESIAN_POINT('',(32.571917083039,-36.98899295748,15.5));
#8460 = CARTESIAN_POINT('',(31.872592948166,-37.34489479234,15.5));
#8461 = CARTESIAN_POINT('',(30.424291781629,-37.94480078128,15.5));
#8462 = CARTESIAN_POINT('',(29.675042849662,-38.18838453498,15.5));
#8463 = CARTESIAN_POINT('',(28.907829524587,-38.37262998146,15.5));
#8464 = CARTESIAN_POINT('',(28.128509143098,-38.49600913725,15.5));
#8465 = CARTESIAN_POINT('',(27.343077908835,-38.55769230769,15.5));
#8466 = CARTESIAN_POINT('',(26.557692307692,-38.55769230769,15.5));
#8467 = PCURVE('',#7711,#8468);
#8468 = DEFINITIONAL_REPRESENTATION('',(#8469),#8492);
#8469 = B_SPLINE_CURVE_WITH_KNOTS('',6,(#8470,#8471,#8472,#8473,#8474,
    #8475,#8476,#8477,#8478,#8479,#8480,#8481,#8482,#8483,#8484,#8485,
    #8486,#8487,#8488,#8489,#8490,#8491),.UNSPECIFIED.,.F.,.F.,(7,5,5,5,
    7),(0.,0.251999871945,0.500999935579,0.749999999273,1.),
  .UNSPECIFIED.);
#8470 = CARTESIAN_POINT('',(6.28318530718,0.615384615385));
#8471 = CARTESIAN_POINT('',(6.217212950427,0.615384615385));
#8472 = CARTESIAN_POINT('',(6.151236681394,0.615384615385));
#8473 = CARTESIAN_POINT('',(6.085264971178,0.615384615385));
#8474 = CARTESIAN_POINT('',(6.019293266429,0.615384615385));
#8475 = CARTESIAN_POINT('',(5.953316990299,0.615384615385));
#8476 = CARTESIAN_POINT('',(5.822157610779,0.615384615385));
#8477 = CARTESIAN_POINT('',(5.756966897781,0.615384615385));
#8478 = CARTESIAN_POINT('',(5.691780494288,0.615384615385));
#8479 = CARTESIAN_POINT('',(5.626594088145,0.615384615385));
#8480 = CARTESIAN_POINT('',(5.561403371615,0.615384615385));
#8481 = CARTESIAN_POINT('',(5.43102932328,0.615384615385));
#8482 = CARTESIAN_POINT('',(5.365838606778,0.615384615385));
#8483 = CARTESIAN_POINT('',(5.300652200704,0.615384615385));
#8484 = CARTESIAN_POINT('',(5.235465797254,0.615384615385));
#8485 = CARTESIAN_POINT('',(5.17027508421,0.615384615385));
#8486 = CARTESIAN_POINT('',(5.039639261239,0.615384615385));
#8487 = CARTESIAN_POINT('',(4.974186693369,0.615384615385));
#8488 = CARTESIAN_POINT('',(4.908738519896,0.615384615385));
#8489 = CARTESIAN_POINT('',(4.843290341259,0.615384615385));
#8490 = CARTESIAN_POINT('',(4.77783778048,0.615384615385));
#8491 = CARTESIAN_POINT('',(4.712388980385,0.615384615385));
#8492 = ( GEOMETRIC_REPRESENTATION_CONTEXT(2) 
PARAMETRIC_REPRESENTATION_CONTEXT() REPRESENTATION_CONTEXT('2D SPACE',''
  ) );
#8493 = PCURVE('',#8404,#8494);
#8494 = DEFINITIONAL_REPRESENTATION('',(#8495),#8518);
#8495 = B_SPLINE_CURVE_WITH_KNOTS('',6,(#8496,#8497,#8498,#8499,#8500,
    #8501,#8502,#8503,#8504,#8505,#8506,#8507,#8508,#8509,#8510,#8511,
    #8512,#8513,#8514,#8515,#8516,#8517),.UNSPECIFIED.,.F.,.F.,(7,5,5,5,
    7),(0.,0.251999871945,0.500999935579,0.749999999273,1.),
  .UNSPECIFIED.);
#8496 = CARTESIAN_POINT('',(78.432692307692,13.317307692308));
#8497 = CARTESIAN_POINT('',(78.432692307692,12.525639411281));
#8498 = CARTESIAN_POINT('',(78.370018320906,11.733923652776));
#8499 = CARTESIAN_POINT('',(78.244656908352,10.948467503729));
#8500 = CARTESIAN_POINT('',(78.057465225059,10.175411155408));
#8501 = CARTESIAN_POINT('',(77.810019828649,9.420750559328));
#8502 = CARTESIAN_POINT('',(77.203144333918,7.96854433958));
#8503 = CARTESIAN_POINT('',(76.845047267525,7.270341752622));
#8504 = CARTESIAN_POINT('',(76.432807433455,6.601308731143));
#8505 = CARTESIAN_POINT('',(75.969462735494,5.966597338213));
#8506 = CARTESIAN_POINT('',(75.458632971324,5.370968836156));
#8507 = CARTESIAN_POINT('',(74.35063616849,4.266447451662));
#8508 = CARTESIAN_POINT('',(73.753405789178,3.757491427299));
#8509 = CARTESIAN_POINT('',(73.117241890407,3.296143016994));
#8510 = CARTESIAN_POINT('',(72.446917083039,2.886007042517));
#8511 = CARTESIAN_POINT('',(71.747592948166,2.53010520766));
#8512 = CARTESIAN_POINT('',(70.299291781629,1.930199218713));
#8513 = CARTESIAN_POINT('',(69.550042849662,1.68661546502));
#8514 = CARTESIAN_POINT('',(68.782829524587,1.502370018538));
#8515 = CARTESIAN_POINT('',(68.003509143098,1.378990862748));
#8516 = CARTESIAN_POINT('',(67.218077908835,1.317307692308));
#8517 = CARTESIAN_POINT('',(66.432692307692,1.317307692308));
#8518 = ( GEOMETRIC_REPRESENTATION_CONTEXT(2) 
PARAMETRIC_REPRESENTATION_CONTEXT() REPRESENTATION_CONTEXT('2D SPACE',''
  ) );
#8519 = ORIENTED_EDGE('',*,*,#8520,.T.);
#8520 = EDGE_CURVE('',#8441,#7635,#8521,.T.);
#8521 = SURFACE_CURVE('',#8522,(#8525,#8532),.PCURVE_S1.);
#8522 = B_SPLINE_CURVE_WITH_KNOTS('',1,(#8523,#8524),.UNSPECIFIED.,.F.,
  .F.,(2,2),(0.,1.),.PIECEWISE_BEZIER_KNOTS.);
#8523 = CARTESIAN_POINT('',(37.33,-25.33,6.7));
#8524 = CARTESIAN_POINT('',(39.325,-27.325,21.));
#8525 = PCURVE('',#7711,#8526);
#8526 = DEFINITIONAL_REPRESENTATION('',(#8527),#8531);
#8527 = LINE('',#8528,#8529);
#8528 = CARTESIAN_POINT('',(6.28318530718,0.));
#8529 = VECTOR('',#8530,1.);
#8530 = DIRECTION('',(0.,1.));
#8531 = ( GEOMETRIC_REPRESENTATION_CONTEXT(2) 
PARAMETRIC_REPRESENTATION_CONTEXT() REPRESENTATION_CONTEXT('2D SPACE',''
  ) );
#8532 = PCURVE('',#7648,#8533);
#8533 = DEFINITIONAL_REPRESENTATION('',(#8534),#8538);
#8534 = LINE('',#8535,#8536);
#8535 = CARTESIAN_POINT('',(-27.325,0.));
#8536 = VECTOR('',#8537,1.);
#8537 = DIRECTION('',(0.,1.));
#8538 = ( GEOMETRIC_REPRESENTATION_CONTEXT(2) 
PARAMETRIC_REPRESENTATION_CONTEXT() REPRESENTATION_CONTEXT('2D SPACE',''
  ) );
#8539 = ORIENTED_EDGE('',*,*,#7659,.T.);
#8540 = ADVANCED_FACE('',(#8541),#7648,.F.);
#8541 = FACE_BOUND('',#8542,.F.);
#8542 = EDGE_LOOP('',(#8543,#8544,#8564,#8584));
#8543 = ORIENTED_EDGE('',*,*,#8520,.F.);
#8544 = ORIENTED_EDGE('',*,*,#8545,.F.);
#8545 = EDGE_CURVE('',#8546,#8441,#8548,.T.);
#8546 = VERTEX_POINT('',#8547);
#8547 = CARTESIAN_POINT('',(38.557692307692,26.557692307692,15.5));
#8548 = SURFACE_CURVE('',#8549,(#8552,#8558),.PCURVE_S1.);
#8549 = B_SPLINE_CURVE_WITH_KNOTS('',1,(#8550,#8551),.UNSPECIFIED.,.F.,
  .F.,(2,2),(0.,1.),.PIECEWISE_BEZIER_KNOTS.);
#8550 = CARTESIAN_POINT('',(38.557692307692,26.557692307692,15.5));
#8551 = CARTESIAN_POINT('',(38.557692307692,-26.55769230769,15.5));
#8552 = PCURVE('',#7648,#8553);
#8553 = DEFINITIONAL_REPRESENTATION('',(#8554),#8557);
#8554 = B_SPLINE_CURVE_WITH_KNOTS('',1,(#8555,#8556),.UNSPECIFIED.,.F.,
  .F.,(2,2),(0.,1.),.PIECEWISE_BEZIER_KNOTS.);
#8555 = CARTESIAN_POINT('',(27.325,0.615384615385));
#8556 = CARTESIAN_POINT('',(-27.325,0.615384615385));
#8557 = ( GEOMETRIC_REPRESENTATION_CONTEXT(2) 
PARAMETRIC_REPRESENTATION_CONTEXT() REPRESENTATION_CONTEXT('2D SPACE',''
  ) );
#8558 = PCURVE('',#8404,#8559);
#8559 = DEFINITIONAL_REPRESENTATION('',(#8560),#8563);
#8560 = B_SPLINE_CURVE_WITH_KNOTS('',1,(#8561,#8562),.UNSPECIFIED.,.F.,
  .F.,(2,2),(0.,1.),.PIECEWISE_BEZIER_KNOTS.);
#8561 = CARTESIAN_POINT('',(78.432692307692,66.432692307692));
#8562 = CARTESIAN_POINT('',(78.432692307692,13.317307692308));
#8563 = ( GEOMETRIC_REPRESENTATION_CONTEXT(2) 
PARAMETRIC_REPRESENTATION_CONTEXT() REPRESENTATION_CONTEXT('2D SPACE',''
  ) );
#8564 = ORIENTED_EDGE('',*,*,#8565,.T.);
#8565 = EDGE_CURVE('',#8546,#7536,#8566,.T.);
#8566 = SURFACE_CURVE('',#8567,(#8570,#8577),.PCURVE_S1.);
#8567 = B_SPLINE_CURVE_WITH_KNOTS('',1,(#8568,#8569),.UNSPECIFIED.,.F.,
  .F.,(2,2),(0.,1.),.PIECEWISE_BEZIER_KNOTS.);
#8568 = CARTESIAN_POINT('',(37.33,25.33,6.7));
#8569 = CARTESIAN_POINT('',(39.325,27.325,21.));
#8570 = PCURVE('',#7648,#8571);
#8571 = DEFINITIONAL_REPRESENTATION('',(#8572),#8576);
#8572 = LINE('',#8573,#8574);
#8573 = CARTESIAN_POINT('',(27.325,0.));
#8574 = VECTOR('',#8575,1.);
#8575 = DIRECTION('',(0.,1.));
#8576 = ( GEOMETRIC_REPRESENTATION_CONTEXT(2) 
PARAMETRIC_REPRESENTATION_CONTEXT() REPRESENTATION_CONTEXT('2D SPACE',''
  ) );
#8577 = PCURVE('',#7589,#8578);
#8578 = DEFINITIONAL_REPRESENTATION('',(#8579),#8583);
#8579 = LINE('',#8580,#8581);
#8580 = CARTESIAN_POINT('',(0.,0.));
#8581 = VECTOR('',#8582,1.);
#8582 = DIRECTION('',(0.,1.));
#8583 = ( GEOMETRIC_REPRESENTATION_CONTEXT(2) 
PARAMETRIC_REPRESENTATION_CONTEXT() REPRESENTATION_CONTEXT('2D SPACE',''
  ) );
#8584 = ORIENTED_EDGE('',*,*,#7634,.T.);
#8585 = ADVANCED_FACE('',(#8586),#7589,.F.);
#8586 = FACE_BOUND('',#8587,.F.);
#8587 = EDGE_LOOP('',(#8588,#8589,#8669,#8689));
#8588 = ORIENTED_EDGE('',*,*,#8565,.F.);
#8589 = ORIENTED_EDGE('',*,*,#8590,.F.);
#8590 = EDGE_CURVE('',#8591,#8546,#8593,.T.);
#8591 = VERTEX_POINT('',#8592);
#8592 = CARTESIAN_POINT('',(26.557692307692,38.557692307692,15.5));
#8593 = SURFACE_CURVE('',#8594,(#8617,#8643),.PCURVE_S1.);
#8594 = B_SPLINE_CURVE_WITH_KNOTS('',6,(#8595,#8596,#8597,#8598,#8599,
    #8600,#8601,#8602,#8603,#8604,#8605,#8606,#8607,#8608,#8609,#8610,
    #8611,#8612,#8613,#8614,#8615,#8616),.UNSPECIFIED.,.F.,.F.,(7,5,5,5,
    7),(0.,0.250999936342,0.499999999387,0.749999999889,1.),
  .UNSPECIFIED.);
#8595 = CARTESIAN_POINT('',(26.557692307692,38.557692307692,15.5));
#8596 = CARTESIAN_POINT('',(27.346219250759,38.557692307692,15.5));
#8597 = CARTESIAN_POINT('',(28.13479274184,38.495514715588,15.5));
#8598 = CARTESIAN_POINT('',(28.917181302726,38.371146407488,15.5));
#8599 = CARTESIAN_POINT('',(29.687317017136,38.185430722803,15.5));
#8600 = CARTESIAN_POINT('',(30.439273502553,37.939919792168,15.5));
#8601 = CARTESIAN_POINT('',(31.889530882181,37.33653286099,15.5));
#8602 = CARTESIAN_POINT('',(32.588295105162,36.979532969932,15.5));
#8603 = CARTESIAN_POINT('',(33.257974845769,36.568344558376,15.5));
#8604 = CARTESIAN_POINT('',(33.893413275563,36.105997433844,15.5));
#8605 = CARTESIAN_POINT('',(34.489843452063,35.596103910523,15.5));
#8606 = CARTESIAN_POINT('',(35.598325177572,34.487622185014,15.5));
#8607 = CARTESIAN_POINT('',(36.110092391025,33.888621891507,15.5));
#8608 = CARTESIAN_POINT('',(36.573912819606,33.250316872358,15.5));
#8609 = CARTESIAN_POINT('',(36.986133368129,32.577533913255,15.5));
#8610 = CARTESIAN_POINT('',(37.343692651314,31.875495173319,15.5));
#8611 = CARTESIAN_POINT('',(37.944800781287,30.424291781629,15.5));
#8612 = CARTESIAN_POINT('',(38.18838453498,29.675042849661,15.5));
#8613 = CARTESIAN_POINT('',(38.372629981462,28.907829524586,15.5));
#8614 = CARTESIAN_POINT('',(38.496009137252,28.128509143098,15.5));
#8615 = CARTESIAN_POINT('',(38.557692307692,27.343077908835,15.5));
#8616 = CARTESIAN_POINT('',(38.557692307692,26.557692307692,15.5));
#8617 = PCURVE('',#7589,#8618);
#8618 = DEFINITIONAL_REPRESENTATION('',(#8619),#8642);
#8619 = B_SPLINE_CURVE_WITH_KNOTS('',6,(#8620,#8621,#8622,#8623,#8624,
    #8625,#8626,#8627,#8628,#8629,#8630,#8631,#8632,#8633,#8634,#8635,
    #8636,#8637,#8638,#8639,#8640,#8641),.UNSPECIFIED.,.F.,.F.,(7,5,5,5,
    7),(0.,0.250999936342,0.499999999387,0.749999999889,1.),
  .UNSPECIFIED.);
#8620 = CARTESIAN_POINT('',(1.570796326795,0.615384615385));
#8621 = CARTESIAN_POINT('',(1.505085748206,0.615384615385));
#8622 = CARTESIAN_POINT('',(1.43937133373,0.615384615385));
#8623 = CARTESIAN_POINT('',(1.373661389039,0.615384615385));
#8624 = CARTESIAN_POINT('',(1.307951449663,0.615384615385));
#8625 = CARTESIAN_POINT('',(1.242237028093,0.615384615385));
#8626 = CARTESIAN_POINT('',(1.111339426682,0.615384615385));
#8627 = CARTESIAN_POINT('',(1.046148713662,0.615384615385));
#8628 = CARTESIAN_POINT('',(0.98096231019,0.615384615385));
#8629 = CARTESIAN_POINT('',(0.915775904082,0.615384615385));
#8630 = CARTESIAN_POINT('',(0.850585187565,0.615384615385));
#8631 = CARTESIAN_POINT('',(0.719949360391,0.615384615385));
#8632 = CARTESIAN_POINT('',(0.654496790986,0.615384615385));
#8633 = CARTESIAN_POINT('',(0.589048618435,0.615384615385));
#8634 = CARTESIAN_POINT('',(0.523600448552,0.615384615385));
#8635 = CARTESIAN_POINT('',(0.458147882646,0.615384615385));
#8636 = CARTESIAN_POINT('',(0.327250280854,0.615384615385));
#8637 = CARTESIAN_POINT('',(0.261797712984,0.615384615385));
#8638 = CARTESIAN_POINT('',(0.196349539512,0.615384615385));
#8639 = CARTESIAN_POINT('',(0.130901360874,0.615384615385));
#8640 = CARTESIAN_POINT('',(6.544880009525E-02,0.615384615385));
#8641 = CARTESIAN_POINT('',(0.,0.615384615385));
#8642 = ( GEOMETRIC_REPRESENTATION_CONTEXT(2) 
PARAMETRIC_REPRESENTATION_CONTEXT() REPRESENTATION_CONTEXT('2D SPACE',''
  ) );
#8643 = PCURVE('',#8404,#8644);
#8644 = DEFINITIONAL_REPRESENTATION('',(#8645),#8668);
#8645 = B_SPLINE_CURVE_WITH_KNOTS('',6,(#8646,#8647,#8648,#8649,#8650,
    #8651,#8652,#8653,#8654,#8655,#8656,#8657,#8658,#8659,#8660,#8661,
    #8662,#8663,#8664,#8665,#8666,#8667),.UNSPECIFIED.,.F.,.F.,(7,5,5,5,
    7),(0.,0.250999936342,0.499999999387,0.749999999889,1.),
  .UNSPECIFIED.);
#8646 = CARTESIAN_POINT('',(66.432692307692,78.432692307692));
#8647 = CARTESIAN_POINT('',(67.221219250759,78.432692307692));
#8648 = CARTESIAN_POINT('',(68.00979274184,78.370514715588));
#8649 = CARTESIAN_POINT('',(68.792181302726,78.246146407488));
#8650 = CARTESIAN_POINT('',(69.562317017136,78.060430722803));
#8651 = CARTESIAN_POINT('',(70.314273502553,77.814919792168));
#8652 = CARTESIAN_POINT('',(71.764530882181,77.21153286099));
#8653 = CARTESIAN_POINT('',(72.463295105162,76.854532969932));
#8654 = CARTESIAN_POINT('',(73.132974845769,76.443344558376));
#8655 = CARTESIAN_POINT('',(73.768413275563,75.980997433844));
#8656 = CARTESIAN_POINT('',(74.364843452063,75.471103910523));
#8657 = CARTESIAN_POINT('',(75.473325177572,74.362622185014));
#8658 = CARTESIAN_POINT('',(75.985092391025,73.763621891507));
#8659 = CARTESIAN_POINT('',(76.448912819606,73.125316872358));
#8660 = CARTESIAN_POINT('',(76.861133368129,72.452533913255));
#8661 = CARTESIAN_POINT('',(77.218692651314,71.750495173319));
#8662 = CARTESIAN_POINT('',(77.819800781287,70.299291781629));
#8663 = CARTESIAN_POINT('',(78.06338453498,69.550042849661));
#8664 = CARTESIAN_POINT('',(78.247629981462,68.782829524586));
#8665 = CARTESIAN_POINT('',(78.371009137252,68.003509143098));
#8666 = CARTESIAN_POINT('',(78.432692307692,67.218077908835));
#8667 = CARTESIAN_POINT('',(78.432692307692,66.432692307692));
#8668 = ( GEOMETRIC_REPRESENTATION_CONTEXT(2) 
PARAMETRIC_REPRESENTATION_CONTEXT() REPRESENTATION_CONTEXT('2D SPACE',''
  ) );
#8669 = ORIENTED_EDGE('',*,*,#8670,.T.);
#8670 = EDGE_CURVE('',#8591,#7511,#8671,.T.);
#8671 = SURFACE_CURVE('',#8672,(#8675,#8682),.PCURVE_S1.);
#8672 = B_SPLINE_CURVE_WITH_KNOTS('',1,(#8673,#8674),.UNSPECIFIED.,.F.,
  .F.,(2,2),(0.,1.),.PIECEWISE_BEZIER_KNOTS.);
#8673 = CARTESIAN_POINT('',(25.33,37.33,6.7));
#8674 = CARTESIAN_POINT('',(27.325,39.325,21.));
#8675 = PCURVE('',#7589,#8676);
#8676 = DEFINITIONAL_REPRESENTATION('',(#8677),#8681);
#8677 = LINE('',#8678,#8679);
#8678 = CARTESIAN_POINT('',(1.570796326795,0.));
#8679 = VECTOR('',#8680,1.);
#8680 = DIRECTION('',(0.,1.));
#8681 = ( GEOMETRIC_REPRESENTATION_CONTEXT(2) 
PARAMETRIC_REPRESENTATION_CONTEXT() REPRESENTATION_CONTEXT('2D SPACE',''
  ) );
#8682 = PCURVE('',#7524,#8683);
#8683 = DEFINITIONAL_REPRESENTATION('',(#8684),#8688);
#8684 = LINE('',#8685,#8686);
#8685 = CARTESIAN_POINT('',(-27.325,0.));
#8686 = VECTOR('',#8687,1.);
#8687 = DIRECTION('',(0.,1.));
#8688 = ( GEOMETRIC_REPRESENTATION_CONTEXT(2) 
PARAMETRIC_REPRESENTATION_CONTEXT() REPRESENTATION_CONTEXT('2D SPACE',''
  ) );
#8689 = ORIENTED_EDGE('',*,*,#7535,.T.);
#8690 = ADVANCED_FACE('',(#8691),#7524,.F.);
#8691 = FACE_BOUND('',#8692,.F.);
#8692 = EDGE_LOOP('',(#8693,#8713,#8733,#8734));
#8693 = ORIENTED_EDGE('',*,*,#8694,.F.);
#8694 = EDGE_CURVE('',#8695,#8591,#8697,.T.);
#8695 = VERTEX_POINT('',#8696);
#8696 = CARTESIAN_POINT('',(-26.55769230769,38.557692307692,15.5));
#8697 = SURFACE_CURVE('',#8698,(#8701,#8707),.PCURVE_S1.);
#8698 = B_SPLINE_CURVE_WITH_KNOTS('',1,(#8699,#8700),.UNSPECIFIED.,.F.,
  .F.,(2,2),(0.,1.),.PIECEWISE_BEZIER_KNOTS.);
#8699 = CARTESIAN_POINT('',(-26.55769230769,38.557692307692,15.5));
#8700 = CARTESIAN_POINT('',(26.557692307692,38.557692307692,15.5));
#8701 = PCURVE('',#7524,#8702);
#8702 = DEFINITIONAL_REPRESENTATION('',(#8703),#8706);
#8703 = B_SPLINE_CURVE_WITH_KNOTS('',1,(#8704,#8705),.UNSPECIFIED.,.F.,
  .F.,(2,2),(0.,1.),.PIECEWISE_BEZIER_KNOTS.);
#8704 = CARTESIAN_POINT('',(27.325,0.615384615385));
#8705 = CARTESIAN_POINT('',(-27.325,0.615384615385));
#8706 = ( GEOMETRIC_REPRESENTATION_CONTEXT(2) 
PARAMETRIC_REPRESENTATION_CONTEXT() REPRESENTATION_CONTEXT('2D SPACE',''
  ) );
#8707 = PCURVE('',#8404,#8708);
#8708 = DEFINITIONAL_REPRESENTATION('',(#8709),#8712);
#8709 = B_SPLINE_CURVE_WITH_KNOTS('',1,(#8710,#8711),.UNSPECIFIED.,.F.,
  .F.,(2,2),(0.,1.),.PIECEWISE_BEZIER_KNOTS.);
#8710 = CARTESIAN_POINT('',(13.317307692308,78.432692307692));
#8711 = CARTESIAN_POINT('',(66.432692307692,78.432692307692));
#8712 = ( GEOMETRIC_REPRESENTATION_CONTEXT(2) 
PARAMETRIC_REPRESENTATION_CONTEXT() REPRESENTATION_CONTEXT('2D SPACE',''
  ) );
#8713 = ORIENTED_EDGE('',*,*,#8714,.T.);
#8714 = EDGE_CURVE('',#8695,#7412,#8715,.T.);
#8715 = SURFACE_CURVE('',#8716,(#8719,#8726),.PCURVE_S1.);
#8716 = B_SPLINE_CURVE_WITH_KNOTS('',1,(#8717,#8718),.UNSPECIFIED.,.F.,
  .F.,(2,2),(0.,1.),.PIECEWISE_BEZIER_KNOTS.);
#8717 = CARTESIAN_POINT('',(-25.33,37.33,6.7));
#8718 = CARTESIAN_POINT('',(-27.325,39.325,21.));
#8719 = PCURVE('',#7524,#8720);
#8720 = DEFINITIONAL_REPRESENTATION('',(#8721),#8725);
#8721 = LINE('',#8722,#8723);
#8722 = CARTESIAN_POINT('',(27.325,0.));
#8723 = VECTOR('',#8724,1.);
#8724 = DIRECTION('',(0.,1.));
#8725 = ( GEOMETRIC_REPRESENTATION_CONTEXT(2) 
PARAMETRIC_REPRESENTATION_CONTEXT() REPRESENTATION_CONTEXT('2D SPACE',''
  ) );
#8726 = PCURVE('',#7465,#8727);
#8727 = DEFINITIONAL_REPRESENTATION('',(#8728),#8732);
#8728 = LINE('',#8729,#8730);
#8729 = CARTESIAN_POINT('',(1.570796326795,0.));
#8730 = VECTOR('',#8731,1.);
#8731 = DIRECTION('',(0.,1.));
#8732 = ( GEOMETRIC_REPRESENTATION_CONTEXT(2) 
PARAMETRIC_REPRESENTATION_CONTEXT() REPRESENTATION_CONTEXT('2D SPACE',''
  ) );
#8733 = ORIENTED_EDGE('',*,*,#7510,.T.);
#8734 = ORIENTED_EDGE('',*,*,#8670,.F.);
#8735 = ADVANCED_FACE('',(#8736),#7465,.F.);
#8736 = FACE_BOUND('',#8737,.F.);
#8737 = EDGE_LOOP('',(#8738,#8739,#8819,#8839));
#8738 = ORIENTED_EDGE('',*,*,#8714,.F.);
#8739 = ORIENTED_EDGE('',*,*,#8740,.F.);
#8740 = EDGE_CURVE('',#8741,#8695,#8743,.T.);
#8741 = VERTEX_POINT('',#8742);
#8742 = CARTESIAN_POINT('',(-38.55769230769,26.557692307692,15.5));
#8743 = SURFACE_CURVE('',#8744,(#8767,#8793),.PCURVE_S1.);
#8744 = B_SPLINE_CURVE_WITH_KNOTS('',6,(#8745,#8746,#8747,#8748,#8749,
    #8750,#8751,#8752,#8753,#8754,#8755,#8756,#8757,#8758,#8759,#8760,
    #8761,#8762,#8763,#8764,#8765,#8766),.UNSPECIFIED.,.F.,.F.,(7,5,5,5,
    7),(0.,0.250999936342,0.499999999386,0.749999999889,1.),
  .UNSPECIFIED.);
#8745 = CARTESIAN_POINT('',(-38.55769230769,26.557692307692,15.5));
#8746 = CARTESIAN_POINT('',(-38.55769230769,27.346219250759,15.5));
#8747 = CARTESIAN_POINT('',(-38.49551471558,28.13479274184,15.5));
#8748 = CARTESIAN_POINT('',(-38.37114640748,28.917181302727,15.5));
#8749 = CARTESIAN_POINT('',(-38.1854307228,29.687317017135,15.5));
#8750 = CARTESIAN_POINT('',(-37.93991979216,30.439273502553,15.5));
#8751 = CARTESIAN_POINT('',(-37.33653286099,31.88953088218,15.5));
#8752 = CARTESIAN_POINT('',(-36.97953296993,32.588295105162,15.5));
#8753 = CARTESIAN_POINT('',(-36.56834455837,33.257974845769,15.5));
#8754 = CARTESIAN_POINT('',(-36.10599743384,33.893413275562,15.5));
#8755 = CARTESIAN_POINT('',(-35.59610391052,34.489843452063,15.5));
#8756 = CARTESIAN_POINT('',(-34.48762218501,35.598325177572,15.5));
#8757 = CARTESIAN_POINT('',(-33.8886218915,36.110092391024,15.5));
#8758 = CARTESIAN_POINT('',(-33.25031687235,36.573912819606,15.5));
#8759 = CARTESIAN_POINT('',(-32.57753391325,36.986133368129,15.5));
#8760 = CARTESIAN_POINT('',(-31.87549517331,37.343692651313,15.5));
#8761 = CARTESIAN_POINT('',(-30.42429178162,37.944800781287,15.5));
#8762 = CARTESIAN_POINT('',(-29.67504284966,38.18838453498,15.5));
#8763 = CARTESIAN_POINT('',(-28.90782952458,38.372629981462,15.5));
#8764 = CARTESIAN_POINT('',(-28.12850914309,38.496009137252,15.5));
#8765 = CARTESIAN_POINT('',(-27.34307790883,38.557692307692,15.5));
#8766 = CARTESIAN_POINT('',(-26.55769230769,38.557692307692,15.5));
#8767 = PCURVE('',#7465,#8768);
#8768 = DEFINITIONAL_REPRESENTATION('',(#8769),#8792);
#8769 = B_SPLINE_CURVE_WITH_KNOTS('',6,(#8770,#8771,#8772,#8773,#8774,
    #8775,#8776,#8777,#8778,#8779,#8780,#8781,#8782,#8783,#8784,#8785,
    #8786,#8787,#8788,#8789,#8790,#8791),.UNSPECIFIED.,.F.,.F.,(7,5,5,5,
    7),(0.,0.250999936342,0.499999999386,0.749999999889,1.),
  .UNSPECIFIED.);
#8770 = CARTESIAN_POINT('',(3.14159265359,0.615384615385));
#8771 = CARTESIAN_POINT('',(3.075882075001,0.615384615385));
#8772 = CARTESIAN_POINT('',(3.010167660525,0.615384615385));
#8773 = CARTESIAN_POINT('',(2.944457715834,0.615384615385));
#8774 = CARTESIAN_POINT('',(2.878747776458,0.615384615385));
#8775 = CARTESIAN_POINT('',(2.813033354888,0.615384615385));
#8776 = CARTESIAN_POINT('',(2.682135753477,0.615384615385));
#8777 = CARTESIAN_POINT('',(2.616945040456,0.615384615385));
#8778 = CARTESIAN_POINT('',(2.551758636985,0.615384615385));
#8779 = CARTESIAN_POINT('',(2.486572230877,0.615384615385));
#8780 = CARTESIAN_POINT('',(2.42138151436,0.615384615385));
#8781 = CARTESIAN_POINT('',(2.290745687186,0.615384615385));
#8782 = CARTESIAN_POINT('',(2.225293117781,0.615384615385));
#8783 = CARTESIAN_POINT('',(2.15984494523,0.615384615385));
#8784 = CARTESIAN_POINT('',(2.094396775347,0.615384615385));
#8785 = CARTESIAN_POINT('',(2.028944209441,0.615384615385));
#8786 = CARTESIAN_POINT('',(1.898046607649,0.615384615385));
#8787 = CARTESIAN_POINT('',(1.832594039779,0.615384615385));
#8788 = CARTESIAN_POINT('',(1.767145866306,0.615384615385));
#8789 = CARTESIAN_POINT('',(1.701697687669,0.615384615385));
#8790 = CARTESIAN_POINT('',(1.63624512689,0.615384615385));
#8791 = CARTESIAN_POINT('',(1.570796326795,0.615384615385));
#8792 = ( GEOMETRIC_REPRESENTATION_CONTEXT(2) 
PARAMETRIC_REPRESENTATION_CONTEXT() REPRESENTATION_CONTEXT('2D SPACE',''
  ) );
#8793 = PCURVE('',#8404,#8794);
#8794 = DEFINITIONAL_REPRESENTATION('',(#8795),#8818);
#8795 = B_SPLINE_CURVE_WITH_KNOTS('',6,(#8796,#8797,#8798,#8799,#8800,
    #8801,#8802,#8803,#8804,#8805,#8806,#8807,#8808,#8809,#8810,#8811,
    #8812,#8813,#8814,#8815,#8816,#8817),.UNSPECIFIED.,.F.,.F.,(7,5,5,5,
    7),(0.,0.250999936342,0.499999999386,0.749999999889,1.),
  .UNSPECIFIED.);
#8796 = CARTESIAN_POINT('',(1.317307692308,66.432692307692));
#8797 = CARTESIAN_POINT('',(1.317307692308,67.221219250759));
#8798 = CARTESIAN_POINT('',(1.379485284412,68.00979274184));
#8799 = CARTESIAN_POINT('',(1.503853592513,68.792181302727));
#8800 = CARTESIAN_POINT('',(1.689569277197,69.562317017135));
#8801 = CARTESIAN_POINT('',(1.935080207832,70.314273502553));
#8802 = CARTESIAN_POINT('',(2.53846713901,71.76453088218));
#8803 = CARTESIAN_POINT('',(2.895467030068,72.463295105162));
#8804 = CARTESIAN_POINT('',(3.306655441625,73.132974845769));
#8805 = CARTESIAN_POINT('',(3.769002566155,73.768413275562));
#8806 = CARTESIAN_POINT('',(4.278896089477,74.364843452063));
#8807 = CARTESIAN_POINT('',(5.387377814985,75.473325177572));
#8808 = CARTESIAN_POINT('',(5.986378108492,75.985092391024));
#8809 = CARTESIAN_POINT('',(6.624683127642,76.448912819606));
#8810 = CARTESIAN_POINT('',(7.297466086744,76.861133368129));
#8811 = CARTESIAN_POINT('',(7.999504826681,77.218692651313));
#8812 = CARTESIAN_POINT('',(9.450708218371,77.819800781287));
#8813 = CARTESIAN_POINT('',(10.199957150337,78.06338453498));
#8814 = CARTESIAN_POINT('',(10.967170475415,78.247629981462));
#8815 = CARTESIAN_POINT('',(11.746490856901,78.371009137252));
#8816 = CARTESIAN_POINT('',(12.531922091165,78.432692307692));
#8817 = CARTESIAN_POINT('',(13.317307692308,78.432692307692));
#8818 = ( GEOMETRIC_REPRESENTATION_CONTEXT(2) 
PARAMETRIC_REPRESENTATION_CONTEXT() REPRESENTATION_CONTEXT('2D SPACE',''
  ) );
#8819 = ORIENTED_EDGE('',*,*,#8820,.T.);
#8820 = EDGE_CURVE('',#8741,#7387,#8821,.T.);
#8821 = SURFACE_CURVE('',#8822,(#8825,#8832),.PCURVE_S1.);
#8822 = B_SPLINE_CURVE_WITH_KNOTS('',1,(#8823,#8824),.UNSPECIFIED.,.F.,
  .F.,(2,2),(0.,1.),.PIECEWISE_BEZIER_KNOTS.);
#8823 = CARTESIAN_POINT('',(-37.33,25.33,6.7));
#8824 = CARTESIAN_POINT('',(-39.325,27.325,21.));
#8825 = PCURVE('',#7465,#8826);
#8826 = DEFINITIONAL_REPRESENTATION('',(#8827),#8831);
#8827 = LINE('',#8828,#8829);
#8828 = CARTESIAN_POINT('',(3.14159265359,0.));
#8829 = VECTOR('',#8830,1.);
#8830 = DIRECTION('',(0.,1.));
#8831 = ( GEOMETRIC_REPRESENTATION_CONTEXT(2) 
PARAMETRIC_REPRESENTATION_CONTEXT() REPRESENTATION_CONTEXT('2D SPACE',''
  ) );
#8832 = PCURVE('',#7400,#8833);
#8833 = DEFINITIONAL_REPRESENTATION('',(#8834),#8838);
#8834 = LINE('',#8835,#8836);
#8835 = CARTESIAN_POINT('',(-27.325,0.));
#8836 = VECTOR('',#8837,1.);
#8837 = DIRECTION('',(0.,1.));
#8838 = ( GEOMETRIC_REPRESENTATION_CONTEXT(2) 
PARAMETRIC_REPRESENTATION_CONTEXT() REPRESENTATION_CONTEXT('2D SPACE',''
  ) );
#8839 = ORIENTED_EDGE('',*,*,#7411,.T.);
#8840 = ADVANCED_FACE('',(#8841),#7400,.F.);
#8841 = FACE_BOUND('',#8842,.F.);
#8842 = EDGE_LOOP('',(#8843,#8863,#8883,#8884));
#8843 = ORIENTED_EDGE('',*,*,#8844,.F.);
#8844 = EDGE_CURVE('',#8845,#8741,#8847,.T.);
#8845 = VERTEX_POINT('',#8846);
#8846 = CARTESIAN_POINT('',(-38.55769230769,-26.55769230769,15.5));
#8847 = SURFACE_CURVE('',#8848,(#8851,#8857),.PCURVE_S1.);
#8848 = B_SPLINE_CURVE_WITH_KNOTS('',1,(#8849,#8850),.UNSPECIFIED.,.F.,
  .F.,(2,2),(0.,1.),.PIECEWISE_BEZIER_KNOTS.);
#8849 = CARTESIAN_POINT('',(-38.55769230769,-26.55769230769,15.5));
#8850 = CARTESIAN_POINT('',(-38.55769230769,26.557692307692,15.5));
#8851 = PCURVE('',#7400,#8852);
#8852 = DEFINITIONAL_REPRESENTATION('',(#8853),#8856);
#8853 = B_SPLINE_CURVE_WITH_KNOTS('',1,(#8854,#8855),.UNSPECIFIED.,.F.,
  .F.,(2,2),(0.,1.),.PIECEWISE_BEZIER_KNOTS.);
#8854 = CARTESIAN_POINT('',(27.325,0.615384615385));
#8855 = CARTESIAN_POINT('',(-27.325,0.615384615385));
#8856 = ( GEOMETRIC_REPRESENTATION_CONTEXT(2) 
PARAMETRIC_REPRESENTATION_CONTEXT() REPRESENTATION_CONTEXT('2D SPACE',''
  ) );
#8857 = PCURVE('',#8404,#8858);
#8858 = DEFINITIONAL_REPRESENTATION('',(#8859),#8862);
#8859 = B_SPLINE_CURVE_WITH_KNOTS('',1,(#8860,#8861),.UNSPECIFIED.,.F.,
  .F.,(2,2),(0.,1.),.PIECEWISE_BEZIER_KNOTS.);
#8860 = CARTESIAN_POINT('',(1.317307692308,13.317307692308));
#8861 = CARTESIAN_POINT('',(1.317307692308,66.432692307692));
#8862 = ( GEOMETRIC_REPRESENTATION_CONTEXT(2) 
PARAMETRIC_REPRESENTATION_CONTEXT() REPRESENTATION_CONTEXT('2D SPACE',''
  ) );
#8863 = ORIENTED_EDGE('',*,*,#8864,.T.);
#8864 = EDGE_CURVE('',#8845,#7288,#8865,.T.);
#8865 = SURFACE_CURVE('',#8866,(#8869,#8876),.PCURVE_S1.);
#8866 = B_SPLINE_CURVE_WITH_KNOTS('',1,(#8867,#8868),.UNSPECIFIED.,.F.,
  .F.,(2,2),(0.,1.),.PIECEWISE_BEZIER_KNOTS.);
#8867 = CARTESIAN_POINT('',(-37.33,-25.33,6.7));
#8868 = CARTESIAN_POINT('',(-39.325,-27.325,21.));
#8869 = PCURVE('',#7400,#8870);
#8870 = DEFINITIONAL_REPRESENTATION('',(#8871),#8875);
#8871 = LINE('',#8872,#8873);
#8872 = CARTESIAN_POINT('',(27.325,0.));
#8873 = VECTOR('',#8874,1.);
#8874 = DIRECTION('',(0.,1.));
#8875 = ( GEOMETRIC_REPRESENTATION_CONTEXT(2) 
PARAMETRIC_REPRESENTATION_CONTEXT() REPRESENTATION_CONTEXT('2D SPACE',''
  ) );
#8876 = PCURVE('',#7341,#8877);
#8877 = DEFINITIONAL_REPRESENTATION('',(#8878),#8882);
#8878 = LINE('',#8879,#8880);
#8879 = CARTESIAN_POINT('',(3.14159265359,0.));
#8880 = VECTOR('',#8881,1.);
#8881 = DIRECTION('',(0.,1.));
#8882 = ( GEOMETRIC_REPRESENTATION_CONTEXT(2) 
PARAMETRIC_REPRESENTATION_CONTEXT() REPRESENTATION_CONTEXT('2D SPACE',''
  ) );
#8883 = ORIENTED_EDGE('',*,*,#7386,.T.);
#8884 = ORIENTED_EDGE('',*,*,#8820,.F.);
#8885 = ADVANCED_FACE('',(#8886),#7341,.F.);
#8886 = FACE_BOUND('',#8887,.F.);
#8887 = EDGE_LOOP('',(#8888,#8889,#8967,#8968));
#8888 = ORIENTED_EDGE('',*,*,#8864,.F.);
#8889 = ORIENTED_EDGE('',*,*,#8890,.F.);
#8890 = EDGE_CURVE('',#8369,#8845,#8891,.T.);
#8891 = SURFACE_CURVE('',#8892,(#8915,#8941),.PCURVE_S1.);
#8892 = B_SPLINE_CURVE_WITH_KNOTS('',6,(#8893,#8894,#8895,#8896,#8897,
    #8898,#8899,#8900,#8901,#8902,#8903,#8904,#8905,#8906,#8907,#8908,
    #8909,#8910,#8911,#8912,#8913,#8914),.UNSPECIFIED.,.F.,.F.,(7,5,5,5,
    7),(0.,0.250999936342,0.499999999386,0.749999999889,1.),
  .UNSPECIFIED.);
#8893 = CARTESIAN_POINT('',(-26.55769230769,-38.55769230769,15.5));
#8894 = CARTESIAN_POINT('',(-27.34621925075,-38.55769230769,15.5));
#8895 = CARTESIAN_POINT('',(-28.13479274184,-38.49551471558,15.5));
#8896 = CARTESIAN_POINT('',(-28.91718130272,-38.37114640748,15.5));
#8897 = CARTESIAN_POINT('',(-29.68731701713,-38.1854307228,15.5));
#8898 = CARTESIAN_POINT('',(-30.43927350255,-37.93991979216,15.5));
#8899 = CARTESIAN_POINT('',(-31.88953088218,-37.33653286099,15.5));
#8900 = CARTESIAN_POINT('',(-32.58829510516,-36.97953296993,15.5));
#8901 = CARTESIAN_POINT('',(-33.25797484577,-36.56834455837,15.5));
#8902 = CARTESIAN_POINT('',(-33.89341327556,-36.10599743384,15.5));
#8903 = CARTESIAN_POINT('',(-34.48984345206,-35.59610391052,15.5));
#8904 = CARTESIAN_POINT('',(-35.59832517757,-34.48762218501,15.5));
#8905 = CARTESIAN_POINT('',(-36.11009239102,-33.8886218915,15.5));
#8906 = CARTESIAN_POINT('',(-36.5739128196,-33.25031687236,15.5));
#8907 = CARTESIAN_POINT('',(-36.98613336812,-32.57753391325,15.5));
#8908 = CARTESIAN_POINT('',(-37.34369265131,-31.87549517332,15.5));
#8909 = CARTESIAN_POINT('',(-37.94480078128,-30.42429178162,15.5));
#8910 = CARTESIAN_POINT('',(-38.18838453497,-29.67504284966,15.5));
#8911 = CARTESIAN_POINT('',(-38.37262998146,-28.90782952458,15.5));
#8912 = CARTESIAN_POINT('',(-38.49600913725,-28.1285091431,15.5));
#8913 = CARTESIAN_POINT('',(-38.55769230769,-27.34307790883,15.5));
#8914 = CARTESIAN_POINT('',(-38.55769230769,-26.55769230769,15.5));
#8915 = PCURVE('',#7341,#8916);
#8916 = DEFINITIONAL_REPRESENTATION('',(#8917),#8940);
#8917 = B_SPLINE_CURVE_WITH_KNOTS('',6,(#8918,#8919,#8920,#8921,#8922,
    #8923,#8924,#8925,#8926,#8927,#8928,#8929,#8930,#8931,#8932,#8933,
    #8934,#8935,#8936,#8937,#8938,#8939),.UNSPECIFIED.,.F.,.F.,(7,5,5,5,
    7),(0.,0.250999936342,0.499999999386,0.749999999889,1.),
  .UNSPECIFIED.);
#8918 = CARTESIAN_POINT('',(4.712388980385,0.615384615385));
#8919 = CARTESIAN_POINT('',(4.646678401796,0.615384615385));
#8920 = CARTESIAN_POINT('',(4.58096398732,0.615384615385));
#8921 = CARTESIAN_POINT('',(4.515254042629,0.615384615385));
#8922 = CARTESIAN_POINT('',(4.449544103253,0.615384615385));
#8923 = CARTESIAN_POINT('',(4.383829681683,0.615384615385));
#8924 = CARTESIAN_POINT('',(4.252932080272,0.615384615385));
#8925 = CARTESIAN_POINT('',(4.187741367251,0.615384615385));
#8926 = CARTESIAN_POINT('',(4.12255496378,0.615384615385));
#8927 = CARTESIAN_POINT('',(4.057368557672,0.615384615385));
#8928 = CARTESIAN_POINT('',(3.992177841155,0.615384615385));
#8929 = CARTESIAN_POINT('',(3.861542013981,0.615384615385));
#8930 = CARTESIAN_POINT('',(3.796089444575,0.615384615385));
#8931 = CARTESIAN_POINT('',(3.730641272025,0.615384615385));
#8932 = CARTESIAN_POINT('',(3.665193102141,0.615384615385));
#8933 = CARTESIAN_POINT('',(3.599740536236,0.615384615385));
#8934 = CARTESIAN_POINT('',(3.468842934444,0.615384615385));
#8935 = CARTESIAN_POINT('',(3.403390366574,0.615384615385));
#8936 = CARTESIAN_POINT('',(3.337942193101,0.615384615385));
#8937 = CARTESIAN_POINT('',(3.272494014464,0.615384615385));
#8938 = CARTESIAN_POINT('',(3.207041453685,0.615384615385));
#8939 = CARTESIAN_POINT('',(3.14159265359,0.615384615385));
#8940 = ( GEOMETRIC_REPRESENTATION_CONTEXT(2) 
PARAMETRIC_REPRESENTATION_CONTEXT() REPRESENTATION_CONTEXT('2D SPACE',''
  ) );
#8941 = PCURVE('',#8404,#8942);
#8942 = DEFINITIONAL_REPRESENTATION('',(#8943),#8966);
#8943 = B_SPLINE_CURVE_WITH_KNOTS('',6,(#8944,#8945,#8946,#8947,#8948,
    #8949,#8950,#8951,#8952,#8953,#8954,#8955,#8956,#8957,#8958,#8959,
    #8960,#8961,#8962,#8963,#8964,#8965),.UNSPECIFIED.,.F.,.F.,(7,5,5,5,
    7),(0.,0.250999936342,0.499999999386,0.749999999889,1.),
  .UNSPECIFIED.);
#8944 = CARTESIAN_POINT('',(13.317307692308,1.317307692308));
#8945 = CARTESIAN_POINT('',(12.528780749242,1.317307692308));
#8946 = CARTESIAN_POINT('',(11.74020725816,1.379485284412));
#8947 = CARTESIAN_POINT('',(10.957818697274,1.503853592512));
#8948 = CARTESIAN_POINT('',(10.187682982865,1.689569277197));
#8949 = CARTESIAN_POINT('',(9.435726497447,1.935080207832));
#8950 = CARTESIAN_POINT('',(7.985469117819,2.53846713901));
#8951 = CARTESIAN_POINT('',(7.286704894839,2.895467030068));
#8952 = CARTESIAN_POINT('',(6.61702515423,3.306655441625));
#8953 = CARTESIAN_POINT('',(5.981586724439,3.769002566155));
#8954 = CARTESIAN_POINT('',(5.385156547936,4.278896089477));
#8955 = CARTESIAN_POINT('',(4.276674822428,5.387377814985));
#8956 = CARTESIAN_POINT('',(3.764907608975,5.986378108493));
#8957 = CARTESIAN_POINT('',(3.301087180395,6.62468312764));
#8958 = CARTESIAN_POINT('',(2.888866631871,7.297466086745));
#8959 = CARTESIAN_POINT('',(2.531307348687,7.99950482668));
#8960 = CARTESIAN_POINT('',(1.930199218713,9.450708218372));
#8961 = CARTESIAN_POINT('',(1.686615465021,10.199957150336));
#8962 = CARTESIAN_POINT('',(1.502370018537,10.967170475417));
#8963 = CARTESIAN_POINT('',(1.378990862748,11.746490856899));
#8964 = CARTESIAN_POINT('',(1.317307692308,12.531922091166));
#8965 = CARTESIAN_POINT('',(1.317307692308,13.317307692308));
#8966 = ( GEOMETRIC_REPRESENTATION_CONTEXT(2) 
PARAMETRIC_REPRESENTATION_CONTEXT() REPRESENTATION_CONTEXT('2D SPACE',''
  ) );
#8967 = ORIENTED_EDGE('',*,*,#8368,.T.);
#8968 = ORIENTED_EDGE('',*,*,#7287,.T.);
#8969 = ADVANCED_FACE('',(#8970,#9084),#7860,.T.);
#8970 = FACE_BOUND('',#8971,.T.);
#8971 = EDGE_LOOP('',(#8972,#9002,#9030,#9058));
#8972 = ORIENTED_EDGE('',*,*,#8973,.F.);
#8973 = EDGE_CURVE('',#8974,#8976,#8978,.T.);
#8974 = VERTEX_POINT('',#8975);
#8975 = CARTESIAN_POINT('',(-39.275,-39.275,9.5));
#8976 = VERTEX_POINT('',#8977);
#8977 = CARTESIAN_POINT('',(-39.275,39.275,9.5));
#8978 = SURFACE_CURVE('',#8979,(#8983,#8990),.PCURVE_S1.);
#8979 = LINE('',#8980,#8981);
#8980 = CARTESIAN_POINT('',(-39.275,-39.275,9.5));
#8981 = VECTOR('',#8982,1.);
#8982 = DIRECTION('',(-0.,1.,0.));
#8983 = PCURVE('',#7860,#8984);
#8984 = DEFINITIONAL_REPRESENTATION('',(#8985),#8989);
#8985 = LINE('',#8986,#8987);
#8986 = CARTESIAN_POINT('',(0.,0.));
#8987 = VECTOR('',#8988,1.);
#8988 = DIRECTION('',(0.,1.));
#8989 = ( GEOMETRIC_REPRESENTATION_CONTEXT(2) 
PARAMETRIC_REPRESENTATION_CONTEXT() REPRESENTATION_CONTEXT('2D SPACE',''
  ) );
#8990 = PCURVE('',#8991,#8996);
#8991 = PLANE('',#8992);
#8992 = AXIS2_PLACEMENT_3D('',#8993,#8994,#8995);
#8993 = CARTESIAN_POINT('',(-39.275,-39.275,9.5));
#8994 = DIRECTION('',(1.,0.,-0.));
#8995 = DIRECTION('',(0.,0.,1.));
#8996 = DEFINITIONAL_REPRESENTATION('',(#8997),#9001);
#8997 = LINE('',#8998,#8999);
#8998 = CARTESIAN_POINT('',(0.,0.));
#8999 = VECTOR('',#9000,1.);
#9000 = DIRECTION('',(0.,-1.));
#9001 = ( GEOMETRIC_REPRESENTATION_CONTEXT(2) 
PARAMETRIC_REPRESENTATION_CONTEXT() REPRESENTATION_CONTEXT('2D SPACE',''
  ) );
#9002 = ORIENTED_EDGE('',*,*,#9003,.T.);
#9003 = EDGE_CURVE('',#8974,#9004,#9006,.T.);
#9004 = VERTEX_POINT('',#9005);
#9005 = CARTESIAN_POINT('',(39.275,-39.275,9.5));
#9006 = SURFACE_CURVE('',#9007,(#9011,#9018),.PCURVE_S1.);
#9007 = LINE('',#9008,#9009);
#9008 = CARTESIAN_POINT('',(-39.275,-39.275,9.5));
#9009 = VECTOR('',#9010,1.);
#9010 = DIRECTION('',(1.,0.,-0.));
#9011 = PCURVE('',#7860,#9012);
#9012 = DEFINITIONAL_REPRESENTATION('',(#9013),#9017);
#9013 = LINE('',#9014,#9015);
#9014 = CARTESIAN_POINT('',(0.,0.));
#9015 = VECTOR('',#9016,1.);
#9016 = DIRECTION('',(1.,0.));
#9017 = ( GEOMETRIC_REPRESENTATION_CONTEXT(2) 
PARAMETRIC_REPRESENTATION_CONTEXT() REPRESENTATION_CONTEXT('2D SPACE',''
  ) );
#9018 = PCURVE('',#9019,#9024);
#9019 = PLANE('',#9020);
#9020 = AXIS2_PLACEMENT_3D('',#9021,#9022,#9023);
#9021 = CARTESIAN_POINT('',(-39.275,-39.275,9.5));
#9022 = DIRECTION('',(-0.,1.,0.));
#9023 = DIRECTION('',(0.,0.,1.));
#9024 = DEFINITIONAL_REPRESENTATION('',(#9025),#9029);
#9025 = LINE('',#9026,#9027);
#9026 = CARTESIAN_POINT('',(0.,0.));
#9027 = VECTOR('',#9028,1.);
#9028 = DIRECTION('',(0.,1.));
#9029 = ( GEOMETRIC_REPRESENTATION_CONTEXT(2) 
PARAMETRIC_REPRESENTATION_CONTEXT() REPRESENTATION_CONTEXT('2D SPACE',''
  ) );
#9030 = ORIENTED_EDGE('',*,*,#9031,.T.);
#9031 = EDGE_CURVE('',#9004,#9032,#9034,.T.);
#9032 = VERTEX_POINT('',#9033);
#9033 = CARTESIAN_POINT('',(39.275,39.275,9.5));
#9034 = SURFACE_CURVE('',#9035,(#9039,#9046),.PCURVE_S1.);
#9035 = LINE('',#9036,#9037);
#9036 = CARTESIAN_POINT('',(39.275,-39.275,9.5));
#9037 = VECTOR('',#9038,1.);
#9038 = DIRECTION('',(-0.,1.,0.));
#9039 = PCURVE('',#7860,#9040);
#9040 = DEFINITIONAL_REPRESENTATION('',(#9041),#9045);
#9041 = LINE('',#9042,#9043);
#9042 = CARTESIAN_POINT('',(78.55,0.));
#9043 = VECTOR('',#9044,1.);
#9044 = DIRECTION('',(0.,1.));
#9045 = ( GEOMETRIC_REPRESENTATION_CONTEXT(2) 
PARAMETRIC_REPRESENTATION_CONTEXT() REPRESENTATION_CONTEXT('2D SPACE',''
  ) );
#9046 = PCURVE('',#9047,#9052);
#9047 = PLANE('',#9048);
#9048 = AXIS2_PLACEMENT_3D('',#9049,#9050,#9051);
#9049 = CARTESIAN_POINT('',(39.275,-39.275,9.5));
#9050 = DIRECTION('',(1.,0.,-0.));
#9051 = DIRECTION('',(0.,0.,1.));
#9052 = DEFINITIONAL_REPRESENTATION('',(#9053),#9057);
#9053 = LINE('',#9054,#9055);
#9054 = CARTESIAN_POINT('',(0.,0.));
#9055 = VECTOR('',#9056,1.);
#9056 = DIRECTION('',(0.,-1.));
#9057 = ( GEOMETRIC_REPRESENTATION_CONTEXT(2) 
PARAMETRIC_REPRESENTATION_CONTEXT() REPRESENTATION_CONTEXT('2D SPACE',''
  ) );
#9058 = ORIENTED_EDGE('',*,*,#9059,.F.);
#9059 = EDGE_CURVE('',#8976,#9032,#9060,.T.);
#9060 = SURFACE_CURVE('',#9061,(#9065,#9072),.PCURVE_S1.);
#9061 = LINE('',#9062,#9063);
#9062 = CARTESIAN_POINT('',(-39.275,39.275,9.5));
#9063 = VECTOR('',#9064,1.);
#9064 = DIRECTION('',(1.,0.,-0.));
#9065 = PCURVE('',#7860,#9066);
#9066 = DEFINITIONAL_REPRESENTATION('',(#9067),#9071);
#9067 = LINE('',#9068,#9069);
#9068 = CARTESIAN_POINT('',(0.,78.55));
#9069 = VECTOR('',#9070,1.);
#9070 = DIRECTION('',(1.,0.));
#9071 = ( GEOMETRIC_REPRESENTATION_CONTEXT(2) 
PARAMETRIC_REPRESENTATION_CONTEXT() REPRESENTATION_CONTEXT('2D SPACE',''
  ) );
#9072 = PCURVE('',#9073,#9078);
#9073 = PLANE('',#9074);
#9074 = AXIS2_PLACEMENT_3D('',#9075,#9076,#9077);
#9075 = CARTESIAN_POINT('',(-39.275,39.275,9.5));
#9076 = DIRECTION('',(-0.,1.,0.));
#9077 = DIRECTION('',(0.,0.,1.));
#9078 = DEFINITIONAL_REPRESENTATION('',(#9079),#9083);
#9079 = LINE('',#9080,#9081);
#9080 = CARTESIAN_POINT('',(0.,0.));
#9081 = VECTOR('',#9082,1.);
#9082 = DIRECTION('',(0.,1.));
#9083 = ( GEOMETRIC_REPRESENTATION_CONTEXT(2) 
PARAMETRIC_REPRESENTATION_CONTEXT() REPRESENTATION_CONTEXT('2D SPACE',''
  ) );
#9084 = FACE_BOUND('',#9085,.T.);
#9085 = EDGE_LOOP('',(#9086,#9087,#9088,#9089,#9090,#9091,#9092,#9093));
#9086 = ORIENTED_EDGE('',*,*,#7918,.T.);
#9087 = ORIENTED_EDGE('',*,*,#7808,.T.);
#9088 = ORIENTED_EDGE('',*,*,#7941,.T.);
#9089 = ORIENTED_EDGE('',*,*,#8113,.T.);
#9090 = ORIENTED_EDGE('',*,*,#8241,.T.);
#9091 = ORIENTED_EDGE('',*,*,#8287,.T.);
#9092 = ORIENTED_EDGE('',*,*,#8218,.T.);
#9093 = ORIENTED_EDGE('',*,*,#8008,.T.);
#9094 = ADVANCED_FACE('',(#9095,#9209),#8404,.F.);
#9095 = FACE_BOUND('',#9096,.F.);
#9096 = EDGE_LOOP('',(#9097,#9127,#9155,#9183));
#9097 = ORIENTED_EDGE('',*,*,#9098,.F.);
#9098 = EDGE_CURVE('',#9099,#9101,#9103,.T.);
#9099 = VERTEX_POINT('',#9100);
#9100 = CARTESIAN_POINT('',(-39.875,-39.875,15.5));
#9101 = VERTEX_POINT('',#9102);
#9102 = CARTESIAN_POINT('',(-39.875,39.875,15.5));
#9103 = SURFACE_CURVE('',#9104,(#9108,#9115),.PCURVE_S1.);
#9104 = LINE('',#9105,#9106);
#9105 = CARTESIAN_POINT('',(-39.875,-39.875,15.5));
#9106 = VECTOR('',#9107,1.);
#9107 = DIRECTION('',(-0.,1.,0.));
#9108 = PCURVE('',#8404,#9109);
#9109 = DEFINITIONAL_REPRESENTATION('',(#9110),#9114);
#9110 = LINE('',#9111,#9112);
#9111 = CARTESIAN_POINT('',(0.,0.));
#9112 = VECTOR('',#9113,1.);
#9113 = DIRECTION('',(0.,1.));
#9114 = ( GEOMETRIC_REPRESENTATION_CONTEXT(2) 
PARAMETRIC_REPRESENTATION_CONTEXT() REPRESENTATION_CONTEXT('2D SPACE',''
  ) );
#9115 = PCURVE('',#9116,#9121);
#9116 = PLANE('',#9117);
#9117 = AXIS2_PLACEMENT_3D('',#9118,#9119,#9120);
#9118 = CARTESIAN_POINT('',(-39.875,-39.875,13.5));
#9119 = DIRECTION('',(1.,0.,-0.));
#9120 = DIRECTION('',(0.,0.,1.));
#9121 = DEFINITIONAL_REPRESENTATION('',(#9122),#9126);
#9122 = LINE('',#9123,#9124);
#9123 = CARTESIAN_POINT('',(2.,0.));
#9124 = VECTOR('',#9125,1.);
#9125 = DIRECTION('',(0.,-1.));
#9126 = ( GEOMETRIC_REPRESENTATION_CONTEXT(2) 
PARAMETRIC_REPRESENTATION_CONTEXT() REPRESENTATION_CONTEXT('2D SPACE',''
  ) );
#9127 = ORIENTED_EDGE('',*,*,#9128,.T.);
#9128 = EDGE_CURVE('',#9099,#9129,#9131,.T.);
#9129 = VERTEX_POINT('',#9130);
#9130 = CARTESIAN_POINT('',(39.875,-39.875,15.5));
#9131 = SURFACE_CURVE('',#9132,(#9136,#9143),.PCURVE_S1.);
#9132 = LINE('',#9133,#9134);
#9133 = CARTESIAN_POINT('',(-39.875,-39.875,15.5));
#9134 = VECTOR('',#9135,1.);
#9135 = DIRECTION('',(1.,0.,-0.));
#9136 = PCURVE('',#8404,#9137);
#9137 = DEFINITIONAL_REPRESENTATION('',(#9138),#9142);
#9138 = LINE('',#9139,#9140);
#9139 = CARTESIAN_POINT('',(0.,0.));
#9140 = VECTOR('',#9141,1.);
#9141 = DIRECTION('',(1.,0.));
#9142 = ( GEOMETRIC_REPRESENTATION_CONTEXT(2) 
PARAMETRIC_REPRESENTATION_CONTEXT() REPRESENTATION_CONTEXT('2D SPACE',''
  ) );
#9143 = PCURVE('',#9144,#9149);
#9144 = PLANE('',#9145);
#9145 = AXIS2_PLACEMENT_3D('',#9146,#9147,#9148);
#9146 = CARTESIAN_POINT('',(-39.875,-39.875,13.5));
#9147 = DIRECTION('',(-0.,1.,0.));
#9148 = DIRECTION('',(0.,0.,1.));
#9149 = DEFINITIONAL_REPRESENTATION('',(#9150),#9154);
#9150 = LINE('',#9151,#9152);
#9151 = CARTESIAN_POINT('',(2.,0.));
#9152 = VECTOR('',#9153,1.);
#9153 = DIRECTION('',(0.,1.));
#9154 = ( GEOMETRIC_REPRESENTATION_CONTEXT(2) 
PARAMETRIC_REPRESENTATION_CONTEXT() REPRESENTATION_CONTEXT('2D SPACE',''
  ) );
#9155 = ORIENTED_EDGE('',*,*,#9156,.T.);
#9156 = EDGE_CURVE('',#9129,#9157,#9159,.T.);
#9157 = VERTEX_POINT('',#9158);
#9158 = CARTESIAN_POINT('',(39.875,39.875,15.5));
#9159 = SURFACE_CURVE('',#9160,(#9164,#9171),.PCURVE_S1.);
#9160 = LINE('',#9161,#9162);
#9161 = CARTESIAN_POINT('',(39.875,-39.875,15.5));
#9162 = VECTOR('',#9163,1.);
#9163 = DIRECTION('',(-0.,1.,0.));
#9164 = PCURVE('',#8404,#9165);
#9165 = DEFINITIONAL_REPRESENTATION('',(#9166),#9170);
#9166 = LINE('',#9167,#9168);
#9167 = CARTESIAN_POINT('',(79.75,0.));
#9168 = VECTOR('',#9169,1.);
#9169 = DIRECTION('',(0.,1.));
#9170 = ( GEOMETRIC_REPRESENTATION_CONTEXT(2) 
PARAMETRIC_REPRESENTATION_CONTEXT() REPRESENTATION_CONTEXT('2D SPACE',''
  ) );
#9171 = PCURVE('',#9172,#9177);
#9172 = PLANE('',#9173);
#9173 = AXIS2_PLACEMENT_3D('',#9174,#9175,#9176);
#9174 = CARTESIAN_POINT('',(39.875,-39.875,13.5));
#9175 = DIRECTION('',(1.,0.,-0.));
#9176 = DIRECTION('',(0.,0.,1.));
#9177 = DEFINITIONAL_REPRESENTATION('',(#9178),#9182);
#9178 = LINE('',#9179,#9180);
#9179 = CARTESIAN_POINT('',(2.,0.));
#9180 = VECTOR('',#9181,1.);
#9181 = DIRECTION('',(0.,-1.));
#9182 = ( GEOMETRIC_REPRESENTATION_CONTEXT(2) 
PARAMETRIC_REPRESENTATION_CONTEXT() REPRESENTATION_CONTEXT('2D SPACE',''
  ) );
#9183 = ORIENTED_EDGE('',*,*,#9184,.F.);
#9184 = EDGE_CURVE('',#9101,#9157,#9185,.T.);
#9185 = SURFACE_CURVE('',#9186,(#9190,#9197),.PCURVE_S1.);
#9186 = LINE('',#9187,#9188);
#9187 = CARTESIAN_POINT('',(-39.875,39.875,15.5));
#9188 = VECTOR('',#9189,1.);
#9189 = DIRECTION('',(1.,0.,-0.));
#9190 = PCURVE('',#8404,#9191);
#9191 = DEFINITIONAL_REPRESENTATION('',(#9192),#9196);
#9192 = LINE('',#9193,#9194);
#9193 = CARTESIAN_POINT('',(0.,79.75));
#9194 = VECTOR('',#9195,1.);
#9195 = DIRECTION('',(1.,0.));
#9196 = ( GEOMETRIC_REPRESENTATION_CONTEXT(2) 
PARAMETRIC_REPRESENTATION_CONTEXT() REPRESENTATION_CONTEXT('2D SPACE',''
  ) );
#9197 = PCURVE('',#9198,#9203);
#9198 = PLANE('',#9199);
#9199 = AXIS2_PLACEMENT_3D('',#9200,#9201,#9202);
#9200 = CARTESIAN_POINT('',(-39.875,39.875,13.5));
#9201 = DIRECTION('',(-0.,1.,0.));
#9202 = DIRECTION('',(0.,0.,1.));
#9203 = DEFINITIONAL_REPRESENTATION('',(#9204),#9208);
#9204 = LINE('',#9205,#9206);
#9205 = CARTESIAN_POINT('',(2.,0.));
#9206 = VECTOR('',#9207,1.);
#9207 = DIRECTION('',(0.,1.));
#9208 = ( GEOMETRIC_REPRESENTATION_CONTEXT(2) 
PARAMETRIC_REPRESENTATION_CONTEXT() REPRESENTATION_CONTEXT('2D SPACE',''
  ) );
#9209 = FACE_BOUND('',#9210,.F.);
#9210 = EDGE_LOOP('',(#9211,#9212,#9213,#9214,#9215,#9216,#9217,#9218));
#9211 = ORIENTED_EDGE('',*,*,#8390,.T.);
#9212 = ORIENTED_EDGE('',*,*,#8890,.T.);
#9213 = ORIENTED_EDGE('',*,*,#8844,.T.);
#9214 = ORIENTED_EDGE('',*,*,#8740,.T.);
#9215 = ORIENTED_EDGE('',*,*,#8694,.T.);
#9216 = ORIENTED_EDGE('',*,*,#8590,.T.);
#9217 = ORIENTED_EDGE('',*,*,#8545,.T.);
#9218 = ORIENTED_EDGE('',*,*,#8440,.T.);
#9219 = ADVANCED_FACE('',(#9220),#8991,.T.);
#9220 = FACE_BOUND('',#9221,.T.);
#9221 = EDGE_LOOP('',(#9222,#9245,#9246,#9269));
#9222 = ORIENTED_EDGE('',*,*,#9223,.F.);
#9223 = EDGE_CURVE('',#8974,#9224,#9226,.T.);
#9224 = VERTEX_POINT('',#9225);
#9225 = CARTESIAN_POINT('',(-39.275,-39.275,11.5));
#9226 = SURFACE_CURVE('',#9227,(#9231,#9238),.PCURVE_S1.);
#9227 = LINE('',#9228,#9229);
#9228 = CARTESIAN_POINT('',(-39.275,-39.275,9.5));
#9229 = VECTOR('',#9230,1.);
#9230 = DIRECTION('',(0.,0.,1.));
#9231 = PCURVE('',#8991,#9232);
#9232 = DEFINITIONAL_REPRESENTATION('',(#9233),#9237);
#9233 = LINE('',#9234,#9235);
#9234 = CARTESIAN_POINT('',(0.,0.));
#9235 = VECTOR('',#9236,1.);
#9236 = DIRECTION('',(1.,0.));
#9237 = ( GEOMETRIC_REPRESENTATION_CONTEXT(2) 
PARAMETRIC_REPRESENTATION_CONTEXT() REPRESENTATION_CONTEXT('2D SPACE',''
  ) );
#9238 = PCURVE('',#9019,#9239);
#9239 = DEFINITIONAL_REPRESENTATION('',(#9240),#9244);
#9240 = LINE('',#9241,#9242);
#9241 = CARTESIAN_POINT('',(0.,0.));
#9242 = VECTOR('',#9243,1.);
#9243 = DIRECTION('',(1.,0.));
#9244 = ( GEOMETRIC_REPRESENTATION_CONTEXT(2) 
PARAMETRIC_REPRESENTATION_CONTEXT() REPRESENTATION_CONTEXT('2D SPACE',''
  ) );
#9245 = ORIENTED_EDGE('',*,*,#8973,.T.);
#9246 = ORIENTED_EDGE('',*,*,#9247,.T.);
#9247 = EDGE_CURVE('',#8976,#9248,#9250,.T.);
#9248 = VERTEX_POINT('',#9249);
#9249 = CARTESIAN_POINT('',(-39.275,39.275,11.5));
#9250 = SURFACE_CURVE('',#9251,(#9255,#9262),.PCURVE_S1.);
#9251 = LINE('',#9252,#9253);
#9252 = CARTESIAN_POINT('',(-39.275,39.275,9.5));
#9253 = VECTOR('',#9254,1.);
#9254 = DIRECTION('',(0.,0.,1.));
#9255 = PCURVE('',#8991,#9256);
#9256 = DEFINITIONAL_REPRESENTATION('',(#9257),#9261);
#9257 = LINE('',#9258,#9259);
#9258 = CARTESIAN_POINT('',(0.,-78.55));
#9259 = VECTOR('',#9260,1.);
#9260 = DIRECTION('',(1.,0.));
#9261 = ( GEOMETRIC_REPRESENTATION_CONTEXT(2) 
PARAMETRIC_REPRESENTATION_CONTEXT() REPRESENTATION_CONTEXT('2D SPACE',''
  ) );
#9262 = PCURVE('',#9073,#9263);
#9263 = DEFINITIONAL_REPRESENTATION('',(#9264),#9268);
#9264 = LINE('',#9265,#9266);
#9265 = CARTESIAN_POINT('',(0.,0.));
#9266 = VECTOR('',#9267,1.);
#9267 = DIRECTION('',(1.,0.));
#9268 = ( GEOMETRIC_REPRESENTATION_CONTEXT(2) 
PARAMETRIC_REPRESENTATION_CONTEXT() REPRESENTATION_CONTEXT('2D SPACE',''
  ) );
#9269 = ORIENTED_EDGE('',*,*,#9270,.F.);
#9270 = EDGE_CURVE('',#9224,#9248,#9271,.T.);
#9271 = SURFACE_CURVE('',#9272,(#9276,#9283),.PCURVE_S1.);
#9272 = LINE('',#9273,#9274);
#9273 = CARTESIAN_POINT('',(-39.275,-39.275,11.5));
#9274 = VECTOR('',#9275,1.);
#9275 = DIRECTION('',(-0.,1.,0.));
#9276 = PCURVE('',#8991,#9277);
#9277 = DEFINITIONAL_REPRESENTATION('',(#9278),#9282);
#9278 = LINE('',#9279,#9280);
#9279 = CARTESIAN_POINT('',(2.,0.));
#9280 = VECTOR('',#9281,1.);
#9281 = DIRECTION('',(0.,-1.));
#9282 = ( GEOMETRIC_REPRESENTATION_CONTEXT(2) 
PARAMETRIC_REPRESENTATION_CONTEXT() REPRESENTATION_CONTEXT('2D SPACE',''
  ) );
#9283 = PCURVE('',#9284,#9289);
#9284 = PLANE('',#9285);
#9285 = AXIS2_PLACEMENT_3D('',#9286,#9287,#9288);
#9286 = CARTESIAN_POINT('',(-39.275,-39.275,11.5));
#9287 = DIRECTION('',(0.,0.,1.));
#9288 = DIRECTION('',(1.,0.,-0.));
#9289 = DEFINITIONAL_REPRESENTATION('',(#9290),#9294);
#9290 = LINE('',#9291,#9292);
#9291 = CARTESIAN_POINT('',(0.,0.));
#9292 = VECTOR('',#9293,1.);
#9293 = DIRECTION('',(0.,1.));
#9294 = ( GEOMETRIC_REPRESENTATION_CONTEXT(2) 
PARAMETRIC_REPRESENTATION_CONTEXT() REPRESENTATION_CONTEXT('2D SPACE',''
  ) );
#9295 = ADVANCED_FACE('',(#9296),#9073,.F.);
#9296 = FACE_BOUND('',#9297,.F.);
#9297 = EDGE_LOOP('',(#9298,#9299,#9300,#9323));
#9298 = ORIENTED_EDGE('',*,*,#9059,.F.);
#9299 = ORIENTED_EDGE('',*,*,#9247,.T.);
#9300 = ORIENTED_EDGE('',*,*,#9301,.T.);
#9301 = EDGE_CURVE('',#9248,#9302,#9304,.T.);
#9302 = VERTEX_POINT('',#9303);
#9303 = CARTESIAN_POINT('',(39.275,39.275,11.5));
#9304 = SURFACE_CURVE('',#9305,(#9309,#9316),.PCURVE_S1.);
#9305 = LINE('',#9306,#9307);
#9306 = CARTESIAN_POINT('',(-39.275,39.275,11.5));
#9307 = VECTOR('',#9308,1.);
#9308 = DIRECTION('',(1.,0.,-0.));
#9309 = PCURVE('',#9073,#9310);
#9310 = DEFINITIONAL_REPRESENTATION('',(#9311),#9315);
#9311 = LINE('',#9312,#9313);
#9312 = CARTESIAN_POINT('',(2.,0.));
#9313 = VECTOR('',#9314,1.);
#9314 = DIRECTION('',(0.,1.));
#9315 = ( GEOMETRIC_REPRESENTATION_CONTEXT(2) 
PARAMETRIC_REPRESENTATION_CONTEXT() REPRESENTATION_CONTEXT('2D SPACE',''
  ) );
#9316 = PCURVE('',#9284,#9317);
#9317 = DEFINITIONAL_REPRESENTATION('',(#9318),#9322);
#9318 = LINE('',#9319,#9320);
#9319 = CARTESIAN_POINT('',(0.,78.55));
#9320 = VECTOR('',#9321,1.);
#9321 = DIRECTION('',(1.,0.));
#9322 = ( GEOMETRIC_REPRESENTATION_CONTEXT(2) 
PARAMETRIC_REPRESENTATION_CONTEXT() REPRESENTATION_CONTEXT('2D SPACE',''
  ) );
#9323 = ORIENTED_EDGE('',*,*,#9324,.F.);
#9324 = EDGE_CURVE('',#9032,#9302,#9325,.T.);
#9325 = SURFACE_CURVE('',#9326,(#9330,#9337),.PCURVE_S1.);
#9326 = LINE('',#9327,#9328);
#9327 = CARTESIAN_POINT('',(39.275,39.275,9.5));
#9328 = VECTOR('',#9329,1.);
#9329 = DIRECTION('',(0.,0.,1.));
#9330 = PCURVE('',#9073,#9331);
#9331 = DEFINITIONAL_REPRESENTATION('',(#9332),#9336);
#9332 = LINE('',#9333,#9334);
#9333 = CARTESIAN_POINT('',(0.,78.55));
#9334 = VECTOR('',#9335,1.);
#9335 = DIRECTION('',(1.,0.));
#9336 = ( GEOMETRIC_REPRESENTATION_CONTEXT(2) 
PARAMETRIC_REPRESENTATION_CONTEXT() REPRESENTATION_CONTEXT('2D SPACE',''
  ) );
#9337 = PCURVE('',#9047,#9338);
#9338 = DEFINITIONAL_REPRESENTATION('',(#9339),#9343);
#9339 = LINE('',#9340,#9341);
#9340 = CARTESIAN_POINT('',(0.,-78.55));
#9341 = VECTOR('',#9342,1.);
#9342 = DIRECTION('',(1.,0.));
#9343 = ( GEOMETRIC_REPRESENTATION_CONTEXT(2) 
PARAMETRIC_REPRESENTATION_CONTEXT() REPRESENTATION_CONTEXT('2D SPACE',''
  ) );
#9344 = ADVANCED_FACE('',(#9345),#9019,.T.);
#9345 = FACE_BOUND('',#9346,.T.);
#9346 = EDGE_LOOP('',(#9347,#9348,#9349,#9372));
#9347 = ORIENTED_EDGE('',*,*,#9003,.F.);
#9348 = ORIENTED_EDGE('',*,*,#9223,.T.);
#9349 = ORIENTED_EDGE('',*,*,#9350,.T.);
#9350 = EDGE_CURVE('',#9224,#9351,#9353,.T.);
#9351 = VERTEX_POINT('',#9352);
#9352 = CARTESIAN_POINT('',(39.275,-39.275,11.5));
#9353 = SURFACE_CURVE('',#9354,(#9358,#9365),.PCURVE_S1.);
#9354 = LINE('',#9355,#9356);
#9355 = CARTESIAN_POINT('',(-39.275,-39.275,11.5));
#9356 = VECTOR('',#9357,1.);
#9357 = DIRECTION('',(1.,0.,-0.));
#9358 = PCURVE('',#9019,#9359);
#9359 = DEFINITIONAL_REPRESENTATION('',(#9360),#9364);
#9360 = LINE('',#9361,#9362);
#9361 = CARTESIAN_POINT('',(2.,0.));
#9362 = VECTOR('',#9363,1.);
#9363 = DIRECTION('',(0.,1.));
#9364 = ( GEOMETRIC_REPRESENTATION_CONTEXT(2) 
PARAMETRIC_REPRESENTATION_CONTEXT() REPRESENTATION_CONTEXT('2D SPACE',''
  ) );
#9365 = PCURVE('',#9284,#9366);
#9366 = DEFINITIONAL_REPRESENTATION('',(#9367),#9371);
#9367 = LINE('',#9368,#9369);
#9368 = CARTESIAN_POINT('',(0.,0.));
#9369 = VECTOR('',#9370,1.);
#9370 = DIRECTION('',(1.,0.));
#9371 = ( GEOMETRIC_REPRESENTATION_CONTEXT(2) 
PARAMETRIC_REPRESENTATION_CONTEXT() REPRESENTATION_CONTEXT('2D SPACE',''
  ) );
#9372 = ORIENTED_EDGE('',*,*,#9373,.F.);
#9373 = EDGE_CURVE('',#9004,#9351,#9374,.T.);
#9374 = SURFACE_CURVE('',#9375,(#9379,#9386),.PCURVE_S1.);
#9375 = LINE('',#9376,#9377);
#9376 = CARTESIAN_POINT('',(39.275,-39.275,9.5));
#9377 = VECTOR('',#9378,1.);
#9378 = DIRECTION('',(0.,0.,1.));
#9379 = PCURVE('',#9019,#9380);
#9380 = DEFINITIONAL_REPRESENTATION('',(#9381),#9385);
#9381 = LINE('',#9382,#9383);
#9382 = CARTESIAN_POINT('',(0.,78.55));
#9383 = VECTOR('',#9384,1.);
#9384 = DIRECTION('',(1.,0.));
#9385 = ( GEOMETRIC_REPRESENTATION_CONTEXT(2) 
PARAMETRIC_REPRESENTATION_CONTEXT() REPRESENTATION_CONTEXT('2D SPACE',''
  ) );
#9386 = PCURVE('',#9047,#9387);
#9387 = DEFINITIONAL_REPRESENTATION('',(#9388),#9392);
#9388 = LINE('',#9389,#9390);
#9389 = CARTESIAN_POINT('',(0.,0.));
#9390 = VECTOR('',#9391,1.);
#9391 = DIRECTION('',(1.,0.));
#9392 = ( GEOMETRIC_REPRESENTATION_CONTEXT(2) 
PARAMETRIC_REPRESENTATION_CONTEXT() REPRESENTATION_CONTEXT('2D SPACE',''
  ) );
#9393 = ADVANCED_FACE('',(#9394),#9047,.F.);
#9394 = FACE_BOUND('',#9395,.F.);
#9395 = EDGE_LOOP('',(#9396,#9397,#9398,#9399));
#9396 = ORIENTED_EDGE('',*,*,#9373,.F.);
#9397 = ORIENTED_EDGE('',*,*,#9031,.T.);
#9398 = ORIENTED_EDGE('',*,*,#9324,.T.);
#9399 = ORIENTED_EDGE('',*,*,#9400,.F.);
#9400 = EDGE_CURVE('',#9351,#9302,#9401,.T.);
#9401 = SURFACE_CURVE('',#9402,(#9406,#9413),.PCURVE_S1.);
#9402 = LINE('',#9403,#9404);
#9403 = CARTESIAN_POINT('',(39.275,-39.275,11.5));
#9404 = VECTOR('',#9405,1.);
#9405 = DIRECTION('',(-0.,1.,0.));
#9406 = PCURVE('',#9047,#9407);
#9407 = DEFINITIONAL_REPRESENTATION('',(#9408),#9412);
#9408 = LINE('',#9409,#9410);
#9409 = CARTESIAN_POINT('',(2.,0.));
#9410 = VECTOR('',#9411,1.);
#9411 = DIRECTION('',(0.,-1.));
#9412 = ( GEOMETRIC_REPRESENTATION_CONTEXT(2) 
PARAMETRIC_REPRESENTATION_CONTEXT() REPRESENTATION_CONTEXT('2D SPACE',''
  ) );
#9413 = PCURVE('',#9284,#9414);
#9414 = DEFINITIONAL_REPRESENTATION('',(#9415),#9419);
#9415 = LINE('',#9416,#9417);
#9416 = CARTESIAN_POINT('',(78.55,0.));
#9417 = VECTOR('',#9418,1.);
#9418 = DIRECTION('',(0.,1.));
#9419 = ( GEOMETRIC_REPRESENTATION_CONTEXT(2) 
PARAMETRIC_REPRESENTATION_CONTEXT() REPRESENTATION_CONTEXT('2D SPACE',''
  ) );
#9420 = ADVANCED_FACE('',(#9421),#9116,.T.);
#9421 = FACE_BOUND('',#9422,.T.);
#9422 = EDGE_LOOP('',(#9423,#9446,#9474,#9495));
#9423 = ORIENTED_EDGE('',*,*,#9424,.F.);
#9424 = EDGE_CURVE('',#9425,#9099,#9427,.T.);
#9425 = VERTEX_POINT('',#9426);
#9426 = CARTESIAN_POINT('',(-39.875,-39.875,13.5));
#9427 = SURFACE_CURVE('',#9428,(#9432,#9439),.PCURVE_S1.);
#9428 = LINE('',#9429,#9430);
#9429 = CARTESIAN_POINT('',(-39.875,-39.875,13.5));
#9430 = VECTOR('',#9431,1.);
#9431 = DIRECTION('',(0.,0.,1.));
#9432 = PCURVE('',#9116,#9433);
#9433 = DEFINITIONAL_REPRESENTATION('',(#9434),#9438);
#9434 = LINE('',#9435,#9436);
#9435 = CARTESIAN_POINT('',(0.,0.));
#9436 = VECTOR('',#9437,1.);
#9437 = DIRECTION('',(1.,0.));
#9438 = ( GEOMETRIC_REPRESENTATION_CONTEXT(2) 
PARAMETRIC_REPRESENTATION_CONTEXT() REPRESENTATION_CONTEXT('2D SPACE',''
  ) );
#9439 = PCURVE('',#9144,#9440);
#9440 = DEFINITIONAL_REPRESENTATION('',(#9441),#9445);
#9441 = LINE('',#9442,#9443);
#9442 = CARTESIAN_POINT('',(0.,0.));
#9443 = VECTOR('',#9444,1.);
#9444 = DIRECTION('',(1.,0.));
#9445 = ( GEOMETRIC_REPRESENTATION_CONTEXT(2) 
PARAMETRIC_REPRESENTATION_CONTEXT() REPRESENTATION_CONTEXT('2D SPACE',''
  ) );
#9446 = ORIENTED_EDGE('',*,*,#9447,.T.);
#9447 = EDGE_CURVE('',#9425,#9448,#9450,.T.);
#9448 = VERTEX_POINT('',#9449);
#9449 = CARTESIAN_POINT('',(-39.875,39.875,13.5));
#9450 = SURFACE_CURVE('',#9451,(#9455,#9462),.PCURVE_S1.);
#9451 = LINE('',#9452,#9453);
#9452 = CARTESIAN_POINT('',(-39.875,-39.875,13.5));
#9453 = VECTOR('',#9454,1.);
#9454 = DIRECTION('',(-0.,1.,0.));
#9455 = PCURVE('',#9116,#9456);
#9456 = DEFINITIONAL_REPRESENTATION('',(#9457),#9461);
#9457 = LINE('',#9458,#9459);
#9458 = CARTESIAN_POINT('',(0.,0.));
#9459 = VECTOR('',#9460,1.);
#9460 = DIRECTION('',(0.,-1.));
#9461 = ( GEOMETRIC_REPRESENTATION_CONTEXT(2) 
PARAMETRIC_REPRESENTATION_CONTEXT() REPRESENTATION_CONTEXT('2D SPACE',''
  ) );
#9462 = PCURVE('',#9463,#9468);
#9463 = PLANE('',#9464);
#9464 = AXIS2_PLACEMENT_3D('',#9465,#9466,#9467);
#9465 = CARTESIAN_POINT('',(-39.875,-39.875,13.5));
#9466 = DIRECTION('',(0.,0.,1.));
#9467 = DIRECTION('',(1.,0.,-0.));
#9468 = DEFINITIONAL_REPRESENTATION('',(#9469),#9473);
#9469 = LINE('',#9470,#9471);
#9470 = CARTESIAN_POINT('',(0.,0.));
#9471 = VECTOR('',#9472,1.);
#9472 = DIRECTION('',(0.,1.));
#9473 = ( GEOMETRIC_REPRESENTATION_CONTEXT(2) 
PARAMETRIC_REPRESENTATION_CONTEXT() REPRESENTATION_CONTEXT('2D SPACE',''
  ) );
#9474 = ORIENTED_EDGE('',*,*,#9475,.T.);
#9475 = EDGE_CURVE('',#9448,#9101,#9476,.T.);
#9476 = SURFACE_CURVE('',#9477,(#9481,#9488),.PCURVE_S1.);
#9477 = LINE('',#9478,#9479);
#9478 = CARTESIAN_POINT('',(-39.875,39.875,13.5));
#9479 = VECTOR('',#9480,1.);
#9480 = DIRECTION('',(0.,0.,1.));
#9481 = PCURVE('',#9116,#9482);
#9482 = DEFINITIONAL_REPRESENTATION('',(#9483),#9487);
#9483 = LINE('',#9484,#9485);
#9484 = CARTESIAN_POINT('',(0.,-79.75));
#9485 = VECTOR('',#9486,1.);
#9486 = DIRECTION('',(1.,0.));
#9487 = ( GEOMETRIC_REPRESENTATION_CONTEXT(2) 
PARAMETRIC_REPRESENTATION_CONTEXT() REPRESENTATION_CONTEXT('2D SPACE',''
  ) );
#9488 = PCURVE('',#9198,#9489);
#9489 = DEFINITIONAL_REPRESENTATION('',(#9490),#9494);
#9490 = LINE('',#9491,#9492);
#9491 = CARTESIAN_POINT('',(0.,0.));
#9492 = VECTOR('',#9493,1.);
#9493 = DIRECTION('',(1.,0.));
#9494 = ( GEOMETRIC_REPRESENTATION_CONTEXT(2) 
PARAMETRIC_REPRESENTATION_CONTEXT() REPRESENTATION_CONTEXT('2D SPACE',''
  ) );
#9495 = ORIENTED_EDGE('',*,*,#9098,.F.);
#9496 = ADVANCED_FACE('',(#9497),#9198,.F.);
#9497 = FACE_BOUND('',#9498,.F.);
#9498 = EDGE_LOOP('',(#9499,#9522,#9523,#9524));
#9499 = ORIENTED_EDGE('',*,*,#9500,.F.);
#9500 = EDGE_CURVE('',#9448,#9501,#9503,.T.);
#9501 = VERTEX_POINT('',#9502);
#9502 = CARTESIAN_POINT('',(39.875,39.875,13.5));
#9503 = SURFACE_CURVE('',#9504,(#9508,#9515),.PCURVE_S1.);
#9504 = LINE('',#9505,#9506);
#9505 = CARTESIAN_POINT('',(-39.875,39.875,13.5));
#9506 = VECTOR('',#9507,1.);
#9507 = DIRECTION('',(1.,0.,-0.));
#9508 = PCURVE('',#9198,#9509);
#9509 = DEFINITIONAL_REPRESENTATION('',(#9510),#9514);
#9510 = LINE('',#9511,#9512);
#9511 = CARTESIAN_POINT('',(0.,0.));
#9512 = VECTOR('',#9513,1.);
#9513 = DIRECTION('',(0.,1.));
#9514 = ( GEOMETRIC_REPRESENTATION_CONTEXT(2) 
PARAMETRIC_REPRESENTATION_CONTEXT() REPRESENTATION_CONTEXT('2D SPACE',''
  ) );
#9515 = PCURVE('',#9463,#9516);
#9516 = DEFINITIONAL_REPRESENTATION('',(#9517),#9521);
#9517 = LINE('',#9518,#9519);
#9518 = CARTESIAN_POINT('',(0.,79.75));
#9519 = VECTOR('',#9520,1.);
#9520 = DIRECTION('',(1.,0.));
#9521 = ( GEOMETRIC_REPRESENTATION_CONTEXT(2) 
PARAMETRIC_REPRESENTATION_CONTEXT() REPRESENTATION_CONTEXT('2D SPACE',''
  ) );
#9522 = ORIENTED_EDGE('',*,*,#9475,.T.);
#9523 = ORIENTED_EDGE('',*,*,#9184,.T.);
#9524 = ORIENTED_EDGE('',*,*,#9525,.F.);
#9525 = EDGE_CURVE('',#9501,#9157,#9526,.T.);
#9526 = SURFACE_CURVE('',#9527,(#9531,#9538),.PCURVE_S1.);
#9527 = LINE('',#9528,#9529);
#9528 = CARTESIAN_POINT('',(39.875,39.875,13.5));
#9529 = VECTOR('',#9530,1.);
#9530 = DIRECTION('',(0.,0.,1.));
#9531 = PCURVE('',#9198,#9532);
#9532 = DEFINITIONAL_REPRESENTATION('',(#9533),#9537);
#9533 = LINE('',#9534,#9535);
#9534 = CARTESIAN_POINT('',(0.,79.75));
#9535 = VECTOR('',#9536,1.);
#9536 = DIRECTION('',(1.,0.));
#9537 = ( GEOMETRIC_REPRESENTATION_CONTEXT(2) 
PARAMETRIC_REPRESENTATION_CONTEXT() REPRESENTATION_CONTEXT('2D SPACE',''
  ) );
#9538 = PCURVE('',#9172,#9539);
#9539 = DEFINITIONAL_REPRESENTATION('',(#9540),#9544);
#9540 = LINE('',#9541,#9542);
#9541 = CARTESIAN_POINT('',(0.,-79.75));
#9542 = VECTOR('',#9543,1.);
#9543 = DIRECTION('',(1.,0.));
#9544 = ( GEOMETRIC_REPRESENTATION_CONTEXT(2) 
PARAMETRIC_REPRESENTATION_CONTEXT() REPRESENTATION_CONTEXT('2D SPACE',''
  ) );
#9545 = ADVANCED_FACE('',(#9546),#9144,.T.);
#9546 = FACE_BOUND('',#9547,.T.);
#9547 = EDGE_LOOP('',(#9548,#9571,#9572,#9573));
#9548 = ORIENTED_EDGE('',*,*,#9549,.F.);
#9549 = EDGE_CURVE('',#9425,#9550,#9552,.T.);
#9550 = VERTEX_POINT('',#9551);
#9551 = CARTESIAN_POINT('',(39.875,-39.875,13.5));
#9552 = SURFACE_CURVE('',#9553,(#9557,#9564),.PCURVE_S1.);
#9553 = LINE('',#9554,#9555);
#9554 = CARTESIAN_POINT('',(-39.875,-39.875,13.5));
#9555 = VECTOR('',#9556,1.);
#9556 = DIRECTION('',(1.,0.,-0.));
#9557 = PCURVE('',#9144,#9558);
#9558 = DEFINITIONAL_REPRESENTATION('',(#9559),#9563);
#9559 = LINE('',#9560,#9561);
#9560 = CARTESIAN_POINT('',(0.,0.));
#9561 = VECTOR('',#9562,1.);
#9562 = DIRECTION('',(0.,1.));
#9563 = ( GEOMETRIC_REPRESENTATION_CONTEXT(2) 
PARAMETRIC_REPRESENTATION_CONTEXT() REPRESENTATION_CONTEXT('2D SPACE',''
  ) );
#9564 = PCURVE('',#9463,#9565);
#9565 = DEFINITIONAL_REPRESENTATION('',(#9566),#9570);
#9566 = LINE('',#9567,#9568);
#9567 = CARTESIAN_POINT('',(0.,0.));
#9568 = VECTOR('',#9569,1.);
#9569 = DIRECTION('',(1.,0.));
#9570 = ( GEOMETRIC_REPRESENTATION_CONTEXT(2) 
PARAMETRIC_REPRESENTATION_CONTEXT() REPRESENTATION_CONTEXT('2D SPACE',''
  ) );
#9571 = ORIENTED_EDGE('',*,*,#9424,.T.);
#9572 = ORIENTED_EDGE('',*,*,#9128,.T.);
#9573 = ORIENTED_EDGE('',*,*,#9574,.F.);
#9574 = EDGE_CURVE('',#9550,#9129,#9575,.T.);
#9575 = SURFACE_CURVE('',#9576,(#9580,#9587),.PCURVE_S1.);
#9576 = LINE('',#9577,#9578);
#9577 = CARTESIAN_POINT('',(39.875,-39.875,13.5));
#9578 = VECTOR('',#9579,1.);
#9579 = DIRECTION('',(0.,0.,1.));
#9580 = PCURVE('',#9144,#9581);
#9581 = DEFINITIONAL_REPRESENTATION('',(#9582),#9586);
#9582 = LINE('',#9583,#9584);
#9583 = CARTESIAN_POINT('',(0.,79.75));
#9584 = VECTOR('',#9585,1.);
#9585 = DIRECTION('',(1.,0.));
#9586 = ( GEOMETRIC_REPRESENTATION_CONTEXT(2) 
PARAMETRIC_REPRESENTATION_CONTEXT() REPRESENTATION_CONTEXT('2D SPACE',''
  ) );
#9587 = PCURVE('',#9172,#9588);
#9588 = DEFINITIONAL_REPRESENTATION('',(#9589),#9593);
#9589 = LINE('',#9590,#9591);
#9590 = CARTESIAN_POINT('',(0.,0.));
#9591 = VECTOR('',#9592,1.);
#9592 = DIRECTION('',(1.,0.));
#9593 = ( GEOMETRIC_REPRESENTATION_CONTEXT(2) 
PARAMETRIC_REPRESENTATION_CONTEXT() REPRESENTATION_CONTEXT('2D SPACE',''
  ) );
#9594 = ADVANCED_FACE('',(#9595),#9172,.F.);
#9595 = FACE_BOUND('',#9596,.F.);
#9596 = EDGE_LOOP('',(#9597,#9598,#9619,#9620));
#9597 = ORIENTED_EDGE('',*,*,#9574,.F.);
#9598 = ORIENTED_EDGE('',*,*,#9599,.T.);
#9599 = EDGE_CURVE('',#9550,#9501,#9600,.T.);
#9600 = SURFACE_CURVE('',#9601,(#9605,#9612),.PCURVE_S1.);
#9601 = LINE('',#9602,#9603);
#9602 = CARTESIAN_POINT('',(39.875,-39.875,13.5));
#9603 = VECTOR('',#9604,1.);
#9604 = DIRECTION('',(-0.,1.,0.));
#9605 = PCURVE('',#9172,#9606);
#9606 = DEFINITIONAL_REPRESENTATION('',(#9607),#9611);
#9607 = LINE('',#9608,#9609);
#9608 = CARTESIAN_POINT('',(0.,0.));
#9609 = VECTOR('',#9610,1.);
#9610 = DIRECTION('',(0.,-1.));
#9611 = ( GEOMETRIC_REPRESENTATION_CONTEXT(2) 
PARAMETRIC_REPRESENTATION_CONTEXT() REPRESENTATION_CONTEXT('2D SPACE',''
  ) );
#9612 = PCURVE('',#9463,#9613);
#9613 = DEFINITIONAL_REPRESENTATION('',(#9614),#9618);
#9614 = LINE('',#9615,#9616);
#9615 = CARTESIAN_POINT('',(79.75,0.));
#9616 = VECTOR('',#9617,1.);
#9617 = DIRECTION('',(0.,1.));
#9618 = ( GEOMETRIC_REPRESENTATION_CONTEXT(2) 
PARAMETRIC_REPRESENTATION_CONTEXT() REPRESENTATION_CONTEXT('2D SPACE',''
  ) );
#9619 = ORIENTED_EDGE('',*,*,#9525,.T.);
#9620 = ORIENTED_EDGE('',*,*,#9156,.F.);
#9621 = ADVANCED_FACE('',(#9622,#9628),#9284,.F.);
#9622 = FACE_BOUND('',#9623,.F.);
#9623 = EDGE_LOOP('',(#9624,#9625,#9626,#9627));
#9624 = ORIENTED_EDGE('',*,*,#9270,.F.);
#9625 = ORIENTED_EDGE('',*,*,#9350,.T.);
#9626 = ORIENTED_EDGE('',*,*,#9400,.T.);
#9627 = ORIENTED_EDGE('',*,*,#9301,.F.);
#9628 = FACE_BOUND('',#9629,.F.);
#9629 = EDGE_LOOP('',(#9630,#9657,#9756,#9781,#9880,#9905,#10004,#10029)
  );
#9630 = ORIENTED_EDGE('',*,*,#9631,.T.);
#9631 = EDGE_CURVE('',#9632,#9634,#9636,.T.);
#9632 = VERTEX_POINT('',#9633);
#9633 = CARTESIAN_POINT('',(25.99965034965,-37.99965034965,11.5));
#9634 = VERTEX_POINT('',#9635);
#9635 = CARTESIAN_POINT('',(-25.99965034965,-37.99965034965,11.5));
#9636 = SURFACE_CURVE('',#9637,(#9640,#9646),.PCURVE_S1.);
#9637 = B_SPLINE_CURVE_WITH_KNOTS('',1,(#9638,#9639),.UNSPECIFIED.,.F.,
  .F.,(2,2),(0.,1.),.PIECEWISE_BEZIER_KNOTS.);
#9638 = CARTESIAN_POINT('',(25.99965034965,-37.99965034965,11.5));
#9639 = CARTESIAN_POINT('',(-25.99965034965,-37.99965034965,11.5));
#9640 = PCURVE('',#9284,#9641);
#9641 = DEFINITIONAL_REPRESENTATION('',(#9642),#9645);
#9642 = B_SPLINE_CURVE_WITH_KNOTS('',1,(#9643,#9644),.UNSPECIFIED.,.F.,
  .F.,(2,2),(0.,1.),.PIECEWISE_BEZIER_KNOTS.);
#9643 = CARTESIAN_POINT('',(65.27465034965,1.27534965035));
#9644 = CARTESIAN_POINT('',(13.27534965035,1.27534965035));
#9645 = ( GEOMETRIC_REPRESENTATION_CONTEXT(2) 
PARAMETRIC_REPRESENTATION_CONTEXT() REPRESENTATION_CONTEXT('2D SPACE',''
  ) );
#9646 = PCURVE('',#9647,#9652);
#9647 = B_SPLINE_SURFACE_WITH_KNOTS('',1,1,(
    (#9648,#9649)
    ,(#9650,#9651
    )),.UNSPECIFIED.,.F.,.F.,.F.,(2,2),(2,2),(-27.325,27.325),(0.,1.),
  .PIECEWISE_BEZIER_KNOTS.);
#9648 = CARTESIAN_POINT('',(-25.33,-37.33,6.7));
#9649 = CARTESIAN_POINT('',(-27.325,-39.325,21.));
#9650 = CARTESIAN_POINT('',(25.33,-37.33,6.7));
#9651 = CARTESIAN_POINT('',(27.325,-39.325,21.));
#9652 = DEFINITIONAL_REPRESENTATION('',(#9653),#9656);
#9653 = B_SPLINE_CURVE_WITH_KNOTS('',1,(#9654,#9655),.UNSPECIFIED.,.F.,
  .F.,(2,2),(0.,1.),.PIECEWISE_BEZIER_KNOTS.);
#9654 = CARTESIAN_POINT('',(27.325,0.335664335664));
#9655 = CARTESIAN_POINT('',(-27.325,0.335664335664));
#9656 = ( GEOMETRIC_REPRESENTATION_CONTEXT(2) 
PARAMETRIC_REPRESENTATION_CONTEXT() REPRESENTATION_CONTEXT('2D SPACE',''
  ) );
#9657 = ORIENTED_EDGE('',*,*,#9658,.T.);
#9658 = EDGE_CURVE('',#9634,#9659,#9661,.T.);
#9659 = VERTEX_POINT('',#9660);
#9660 = CARTESIAN_POINT('',(-37.99965034965,-25.99965034965,11.5));
#9661 = SURFACE_CURVE('',#9662,(#9685,#9711),.PCURVE_S1.);
#9662 = B_SPLINE_CURVE_WITH_KNOTS('',6,(#9663,#9664,#9665,#9666,#9667,
    #9668,#9669,#9670,#9671,#9672,#9673,#9674,#9675,#9676,#9677,#9678,
    #9679,#9680,#9681,#9682,#9683,#9684),.UNSPECIFIED.,.F.,.F.,(7,5,5,5,
    7),(0.,0.250999936342,0.499999999386,0.749999999889,1.),
  .UNSPECIFIED.);
#9663 = CARTESIAN_POINT('',(-25.99965034965,-37.99965034965,11.5));
#9664 = CARTESIAN_POINT('',(-26.78817729271,-37.99965034965,11.5));
#9665 = CARTESIAN_POINT('',(-27.57675078379,-37.93747275754,11.5));
#9666 = CARTESIAN_POINT('',(-28.35913934468,-37.81310444944,11.5));
#9667 = CARTESIAN_POINT('',(-29.12927505909,-37.62738876476,11.5));
#9668 = CARTESIAN_POINT('',(-29.88123154451,-37.38187783412,11.5));
#9669 = CARTESIAN_POINT('',(-31.33148892413,-36.77849090294,11.5));
#9670 = CARTESIAN_POINT('',(-32.03025314711,-36.42149101189,11.5));
#9671 = CARTESIAN_POINT('',(-32.69993288772,-36.01030260033,11.5));
#9672 = CARTESIAN_POINT('',(-33.33537131751,-35.5479554758,11.5));
#9673 = CARTESIAN_POINT('',(-33.93180149402,-35.03806195248,11.5));
#9674 = CARTESIAN_POINT('',(-35.04028321953,-33.92958022697,11.5));
#9675 = CARTESIAN_POINT('',(-35.55205043298,-33.33057993346,11.5));
#9676 = CARTESIAN_POINT('',(-36.01587086156,-32.69227491431,11.5));
#9677 = CARTESIAN_POINT('',(-36.42809141008,-32.01949195521,11.5));
#9678 = CARTESIAN_POINT('',(-36.78565069327,-31.31745321527,11.5));
#9679 = CARTESIAN_POINT('',(-37.38675882324,-29.86624982358,11.5));
#9680 = CARTESIAN_POINT('',(-37.63034257693,-29.11700089162,11.5));
#9681 = CARTESIAN_POINT('',(-37.81458802342,-28.34978756654,11.5));
#9682 = CARTESIAN_POINT('',(-37.93796717921,-27.57046718505,11.5));
#9683 = CARTESIAN_POINT('',(-37.99965034965,-26.78503595079,11.5));
#9684 = CARTESIAN_POINT('',(-37.99965034965,-25.99965034965,11.5));
#9685 = PCURVE('',#9284,#9686);
#9686 = DEFINITIONAL_REPRESENTATION('',(#9687),#9710);
#9687 = B_SPLINE_CURVE_WITH_KNOTS('',6,(#9688,#9689,#9690,#9691,#9692,
    #9693,#9694,#9695,#9696,#9697,#9698,#9699,#9700,#9701,#9702,#9703,
    #9704,#9705,#9706,#9707,#9708,#9709),.UNSPECIFIED.,.F.,.F.,(7,5,5,5,
    7),(0.,0.250999936342,0.499999999386,0.749999999889,1.),
  .UNSPECIFIED.);
#9688 = CARTESIAN_POINT('',(13.27534965035,1.27534965035));
#9689 = CARTESIAN_POINT('',(12.486822707283,1.27534965035));
#9690 = CARTESIAN_POINT('',(11.698249216203,1.337527242454));
#9691 = CARTESIAN_POINT('',(10.915860655314,1.461895550555));
#9692 = CARTESIAN_POINT('',(10.145724940908,1.647611235238));
#9693 = CARTESIAN_POINT('',(9.393768455489,1.893122165874));
#9694 = CARTESIAN_POINT('',(7.943511075861,2.496509097052));
#9695 = CARTESIAN_POINT('',(7.244746852881,2.853508988109));
#9696 = CARTESIAN_POINT('',(6.575067112272,3.264697399668));
#9697 = CARTESIAN_POINT('',(5.939628682481,3.727044524196));
#9698 = CARTESIAN_POINT('',(5.343198505978,4.236938047519));
#9699 = CARTESIAN_POINT('',(4.23471678047,5.345419773027));
#9700 = CARTESIAN_POINT('',(3.722949567017,5.944420066535));
#9701 = CARTESIAN_POINT('',(3.259129138437,6.582725085683));
#9702 = CARTESIAN_POINT('',(2.846908589913,7.255508044786));
#9703 = CARTESIAN_POINT('',(2.489349306729,7.957546784723));
#9704 = CARTESIAN_POINT('',(1.888241176755,9.408750176413));
#9705 = CARTESIAN_POINT('',(1.644657423062,10.157999108379));
#9706 = CARTESIAN_POINT('',(1.46041197658,10.925212433458));
#9707 = CARTESIAN_POINT('',(1.33703282079,11.704532814942));
#9708 = CARTESIAN_POINT('',(1.27534965035,12.489964049208));
#9709 = CARTESIAN_POINT('',(1.27534965035,13.27534965035));
#9710 = ( GEOMETRIC_REPRESENTATION_CONTEXT(2) 
PARAMETRIC_REPRESENTATION_CONTEXT() REPRESENTATION_CONTEXT('2D SPACE',''
  ) );
#9711 = PCURVE('',#9712,#9731);
#9712 = B_SPLINE_SURFACE_WITH_KNOTS('',8,1,(
    (#9713,#9714)
    ,(#9715,#9716)
    ,(#9717,#9718)
    ,(#9719,#9720)
    ,(#9721,#9722)
    ,(#9723,#9724)
    ,(#9725,#9726)
    ,(#9727,#9728)
    ,(#9729,#9730
    )),.UNSPECIFIED.,.F.,.F.,.F.,(9,9),(2,2),(3.14159265359,
    4.712388980385),(0.,1.),.PIECEWISE_BEZIER_KNOTS.);
#9713 = CARTESIAN_POINT('',(-37.33,-25.33,6.7));
#9714 = CARTESIAN_POINT('',(-39.325,-27.325,21.));
#9715 = CARTESIAN_POINT('',(-37.33,-27.68619449019,6.7));
#9716 = CARTESIAN_POINT('',(-39.325,-29.68119449019,21.));
#9717 = CARTESIAN_POINT('',(-36.80127053246,-30.04238972205,6.7));
#9718 = CARTESIAN_POINT('',(-38.79627053246,-32.03738972205,21.));
#9719 = CARTESIAN_POINT('',(-35.74381679045,-32.26015881201,6.7));
#9720 = CARTESIAN_POINT('',(-37.73881679045,-34.25515881202,21.));
#9721 = CARTESIAN_POINT('',(-34.20110506936,-34.20110506936,
    6.700000000001));
#9722 = CARTESIAN_POINT('',(-36.19610506935,-36.19610506935,21.));
#9723 = CARTESIAN_POINT('',(-32.26015881201,-35.74381679045,6.7));
#9724 = CARTESIAN_POINT('',(-34.25515881202,-37.73881679045,21.));
#9725 = CARTESIAN_POINT('',(-30.04238972205,-36.80127053246,6.7));
#9726 = CARTESIAN_POINT('',(-32.03738972205,-38.79627053246,21.));
#9727 = CARTESIAN_POINT('',(-27.68619449019,-37.33,6.7));
#9728 = CARTESIAN_POINT('',(-29.68119449019,-39.325,21.));
#9729 = CARTESIAN_POINT('',(-25.33,-37.33,6.7));
#9730 = CARTESIAN_POINT('',(-27.325,-39.325,21.));
#9731 = DEFINITIONAL_REPRESENTATION('',(#9732),#9755);
#9732 = B_SPLINE_CURVE_WITH_KNOTS('',6,(#9733,#9734,#9735,#9736,#9737,
    #9738,#9739,#9740,#9741,#9742,#9743,#9744,#9745,#9746,#9747,#9748,
    #9749,#9750,#9751,#9752,#9753,#9754),.UNSPECIFIED.,.F.,.F.,(7,5,5,5,
    7),(0.,0.250999936342,0.499999999386,0.749999999889,1.),
  .UNSPECIFIED.);
#9733 = CARTESIAN_POINT('',(4.712388980385,0.335664335664));
#9734 = CARTESIAN_POINT('',(4.646678401796,0.335664335664));
#9735 = CARTESIAN_POINT('',(4.58096398732,0.335664335664));
#9736 = CARTESIAN_POINT('',(4.515254042628,0.335664335664));
#9737 = CARTESIAN_POINT('',(4.449544103253,0.335664335664));
#9738 = CARTESIAN_POINT('',(4.383829681682,0.335664335664));
#9739 = CARTESIAN_POINT('',(4.252932080272,0.335664335664));
#9740 = CARTESIAN_POINT('',(4.187741367251,0.335664335664));
#9741 = CARTESIAN_POINT('',(4.122554963779,0.335664335664));
#9742 = CARTESIAN_POINT('',(4.057368557672,0.335664335664));
#9743 = CARTESIAN_POINT('',(3.992177841155,0.335664335664));
#9744 = CARTESIAN_POINT('',(3.861542013981,0.335664335664));
#9745 = CARTESIAN_POINT('',(3.796089444576,0.335664335664));
#9746 = CARTESIAN_POINT('',(3.730641272025,0.335664335664));
#9747 = CARTESIAN_POINT('',(3.665193102141,0.335664335664));
#9748 = CARTESIAN_POINT('',(3.599740536236,0.335664335664));
#9749 = CARTESIAN_POINT('',(3.468842934444,0.335664335664));
#9750 = CARTESIAN_POINT('',(3.403390366574,0.335664335664));
#9751 = CARTESIAN_POINT('',(3.337942193101,0.335664335664));
#9752 = CARTESIAN_POINT('',(3.272494014464,0.335664335664));
#9753 = CARTESIAN_POINT('',(3.207041453685,0.335664335664));
#9754 = CARTESIAN_POINT('',(3.14159265359,0.335664335664));
#9755 = ( GEOMETRIC_REPRESENTATION_CONTEXT(2) 
PARAMETRIC_REPRESENTATION_CONTEXT() REPRESENTATION_CONTEXT('2D SPACE',''
  ) );
#9756 = ORIENTED_EDGE('',*,*,#9757,.T.);
#9757 = EDGE_CURVE('',#9659,#9758,#9760,.T.);
#9758 = VERTEX_POINT('',#9759);
#9759 = CARTESIAN_POINT('',(-37.99965034965,25.99965034965,11.5));
#9760 = SURFACE_CURVE('',#9761,(#9764,#9770),.PCURVE_S1.);
#9761 = B_SPLINE_CURVE_WITH_KNOTS('',1,(#9762,#9763),.UNSPECIFIED.,.F.,
  .F.,(2,2),(0.,1.),.PIECEWISE_BEZIER_KNOTS.);
#9762 = CARTESIAN_POINT('',(-37.99965034965,-25.99965034965,11.5));
#9763 = CARTESIAN_POINT('',(-37.99965034965,25.99965034965,11.5));
#9764 = PCURVE('',#9284,#9765);
#9765 = DEFINITIONAL_REPRESENTATION('',(#9766),#9769);
#9766 = B_SPLINE_CURVE_WITH_KNOTS('',1,(#9767,#9768),.UNSPECIFIED.,.F.,
  .F.,(2,2),(0.,1.),.PIECEWISE_BEZIER_KNOTS.);
#9767 = CARTESIAN_POINT('',(1.27534965035,13.27534965035));
#9768 = CARTESIAN_POINT('',(1.27534965035,65.27465034965));
#9769 = ( GEOMETRIC_REPRESENTATION_CONTEXT(2) 
PARAMETRIC_REPRESENTATION_CONTEXT() REPRESENTATION_CONTEXT('2D SPACE',''
  ) );
#9770 = PCURVE('',#9771,#9776);
#9771 = B_SPLINE_SURFACE_WITH_KNOTS('',1,1,(
    (#9772,#9773)
    ,(#9774,#9775
    )),.UNSPECIFIED.,.F.,.F.,.F.,(2,2),(2,2),(-27.325,27.325),(0.,1.),
  .PIECEWISE_BEZIER_KNOTS.);
#9772 = CARTESIAN_POINT('',(-37.33,25.33,6.7));
#9773 = CARTESIAN_POINT('',(-39.325,27.325,21.));
#9774 = CARTESIAN_POINT('',(-37.33,-25.33,6.7));
#9775 = CARTESIAN_POINT('',(-39.325,-27.325,21.));
#9776 = DEFINITIONAL_REPRESENTATION('',(#9777),#9780);
#9777 = B_SPLINE_CURVE_WITH_KNOTS('',1,(#9778,#9779),.UNSPECIFIED.,.F.,
  .F.,(2,2),(0.,1.),.PIECEWISE_BEZIER_KNOTS.);
#9778 = CARTESIAN_POINT('',(27.325,0.335664335664));
#9779 = CARTESIAN_POINT('',(-27.325,0.335664335664));
#9780 = ( GEOMETRIC_REPRESENTATION_CONTEXT(2) 
PARAMETRIC_REPRESENTATION_CONTEXT() REPRESENTATION_CONTEXT('2D SPACE',''
  ) );
#9781 = ORIENTED_EDGE('',*,*,#9782,.T.);
#9782 = EDGE_CURVE('',#9758,#9783,#9785,.T.);
#9783 = VERTEX_POINT('',#9784);
#9784 = CARTESIAN_POINT('',(-25.99965034965,37.99965034965,11.5));
#9785 = SURFACE_CURVE('',#9786,(#9809,#9835),.PCURVE_S1.);
#9786 = B_SPLINE_CURVE_WITH_KNOTS('',6,(#9787,#9788,#9789,#9790,#9791,
    #9792,#9793,#9794,#9795,#9796,#9797,#9798,#9799,#9800,#9801,#9802,
    #9803,#9804,#9805,#9806,#9807,#9808),.UNSPECIFIED.,.F.,.F.,(7,5,5,5,
    7),(0.,0.250999936342,0.499999999387,0.749999999889,1.),
  .UNSPECIFIED.);
#9787 = CARTESIAN_POINT('',(-37.99965034965,25.99965034965,11.5));
#9788 = CARTESIAN_POINT('',(-37.99965034965,26.788177292717,11.5));
#9789 = CARTESIAN_POINT('',(-37.93747275754,27.576750783798,11.5));
#9790 = CARTESIAN_POINT('',(-37.81310444944,28.359139344684,11.5));
#9791 = CARTESIAN_POINT('',(-37.62738876476,29.129275059093,11.5));
#9792 = CARTESIAN_POINT('',(-37.38187783412,29.881231544511,11.5));
#9793 = CARTESIAN_POINT('',(-36.77849090294,31.331488924138,11.5));
#9794 = CARTESIAN_POINT('',(-36.42149101188,32.030253147121,11.5));
#9795 = CARTESIAN_POINT('',(-36.01030260033,32.699932887725,11.5));
#9796 = CARTESIAN_POINT('',(-35.5479554758,33.335371317521,11.5));
#9797 = CARTESIAN_POINT('',(-35.03806195248,33.931801494021,11.5));
#9798 = CARTESIAN_POINT('',(-33.92958022697,35.04028321953,11.5));
#9799 = CARTESIAN_POINT('',(-33.33057993346,35.552050432983,11.5));
#9800 = CARTESIAN_POINT('',(-32.69227491431,36.015870861563,11.5));
#9801 = CARTESIAN_POINT('',(-32.01949195521,36.428091410087,11.5));
#9802 = CARTESIAN_POINT('',(-31.31745321527,36.785650693272,11.5));
#9803 = CARTESIAN_POINT('',(-29.86624982358,37.386758823245,11.5));
#9804 = CARTESIAN_POINT('',(-29.11700089162,37.630342576938,11.5));
#9805 = CARTESIAN_POINT('',(-28.34978756654,37.81458802342,11.5));
#9806 = CARTESIAN_POINT('',(-27.57046718505,37.93796717921,11.5));
#9807 = CARTESIAN_POINT('',(-26.78503595079,37.99965034965,11.5));
#9808 = CARTESIAN_POINT('',(-25.99965034965,37.99965034965,11.5));
#9809 = PCURVE('',#9284,#9810);
#9810 = DEFINITIONAL_REPRESENTATION('',(#9811),#9834);
#9811 = B_SPLINE_CURVE_WITH_KNOTS('',6,(#9812,#9813,#9814,#9815,#9816,
    #9817,#9818,#9819,#9820,#9821,#9822,#9823,#9824,#9825,#9826,#9827,
    #9828,#9829,#9830,#9831,#9832,#9833),.UNSPECIFIED.,.F.,.F.,(7,5,5,5,
    7),(0.,0.250999936342,0.499999999387,0.749999999889,1.),
  .UNSPECIFIED.);
#9812 = CARTESIAN_POINT('',(1.27534965035,65.27465034965));
#9813 = CARTESIAN_POINT('',(1.27534965035,66.063177292717));
#9814 = CARTESIAN_POINT('',(1.337527242454,66.851750783798));
#9815 = CARTESIAN_POINT('',(1.461895550554,67.634139344684));
#9816 = CARTESIAN_POINT('',(1.647611235239,68.404275059093));
#9817 = CARTESIAN_POINT('',(1.893122165874,69.156231544511));
#9818 = CARTESIAN_POINT('',(2.496509097052,70.606488924138));
#9819 = CARTESIAN_POINT('',(2.853508988111,71.305253147121));
#9820 = CARTESIAN_POINT('',(3.264697399666,71.974932887725));
#9821 = CARTESIAN_POINT('',(3.727044524198,72.610371317521));
#9822 = CARTESIAN_POINT('',(4.236938047518,73.206801494021));
#9823 = CARTESIAN_POINT('',(5.345419773027,74.31528321953));
#9824 = CARTESIAN_POINT('',(5.944420066534,74.827050432983));
#9825 = CARTESIAN_POINT('',(6.582725085684,75.290870861563));
#9826 = CARTESIAN_POINT('',(7.255508044786,75.703091410087));
#9827 = CARTESIAN_POINT('',(7.957546784723,76.060650693272));
#9828 = CARTESIAN_POINT('',(9.408750176413,76.661758823245));
#9829 = CARTESIAN_POINT('',(10.157999108378,76.905342576938));
#9830 = CARTESIAN_POINT('',(10.925212433457,77.08958802342));
#9831 = CARTESIAN_POINT('',(11.704532814943,77.21296717921));
#9832 = CARTESIAN_POINT('',(12.489964049207,77.27465034965));
#9833 = CARTESIAN_POINT('',(13.27534965035,77.27465034965));
#9834 = ( GEOMETRIC_REPRESENTATION_CONTEXT(2) 
PARAMETRIC_REPRESENTATION_CONTEXT() REPRESENTATION_CONTEXT('2D SPACE',''
  ) );
#9835 = PCURVE('',#9836,#9855);
#9836 = B_SPLINE_SURFACE_WITH_KNOTS('',8,1,(
    (#9837,#9838)
    ,(#9839,#9840)
    ,(#9841,#9842)
    ,(#9843,#9844)
    ,(#9845,#9846)
    ,(#9847,#9848)
    ,(#9849,#9850)
    ,(#9851,#9852)
    ,(#9853,#9854
    )),.UNSPECIFIED.,.F.,.F.,.F.,(9,9),(2,2),(1.570796326795,
    3.14159265359),(0.,1.),.PIECEWISE_BEZIER_KNOTS.);
#9837 = CARTESIAN_POINT('',(-25.33,37.33,6.7));
#9838 = CARTESIAN_POINT('',(-27.325,39.325,21.));
#9839 = CARTESIAN_POINT('',(-27.68619449019,37.33,6.7));
#9840 = CARTESIAN_POINT('',(-29.68119449019,39.324999999999,21.));
#9841 = CARTESIAN_POINT('',(-30.04238972205,36.801270532466,6.7));
#9842 = CARTESIAN_POINT('',(-32.03738972205,38.796270532468,
    21.000000000001));
#9843 = CARTESIAN_POINT('',(-32.26015881202,35.743816790456,6.7));
#9844 = CARTESIAN_POINT('',(-34.25515881201,37.738816790453,
    20.999999999999));
#9845 = CARTESIAN_POINT('',(-34.20110506935,34.20110506936,6.7));
#9846 = CARTESIAN_POINT('',(-36.19610506936,36.196105069363,
    21.000000000001));
#9847 = CARTESIAN_POINT('',(-35.74381679045,32.26015881202,6.7));
#9848 = CARTESIAN_POINT('',(-37.73881679045,34.255158812017,
    20.999999999999));
#9849 = CARTESIAN_POINT('',(-36.80127053246,30.042389722051,6.7));
#9850 = CARTESIAN_POINT('',(-38.79627053246,32.037389722053,21.));
#9851 = CARTESIAN_POINT('',(-37.33,27.686194490192,6.7));
#9852 = CARTESIAN_POINT('',(-39.325,29.681194490192,21.));
#9853 = CARTESIAN_POINT('',(-37.33,25.33,6.7));
#9854 = CARTESIAN_POINT('',(-39.325,27.325,21.));
#9855 = DEFINITIONAL_REPRESENTATION('',(#9856),#9879);
#9856 = B_SPLINE_CURVE_WITH_KNOTS('',6,(#9857,#9858,#9859,#9860,#9861,
    #9862,#9863,#9864,#9865,#9866,#9867,#9868,#9869,#9870,#9871,#9872,
    #9873,#9874,#9875,#9876,#9877,#9878),.UNSPECIFIED.,.F.,.F.,(7,5,5,5,
    7),(0.,0.250999936342,0.499999999387,0.749999999889,1.),
  .UNSPECIFIED.);
#9857 = CARTESIAN_POINT('',(3.14159265359,0.335664335664));
#9858 = CARTESIAN_POINT('',(3.075882075001,0.335664335664));
#9859 = CARTESIAN_POINT('',(3.010167660525,0.335664335664));
#9860 = CARTESIAN_POINT('',(2.944457715834,0.335664335664));
#9861 = CARTESIAN_POINT('',(2.878747776458,0.335664335664));
#9862 = CARTESIAN_POINT('',(2.813033354888,0.335664335664));
#9863 = CARTESIAN_POINT('',(2.682135753477,0.335664335664));
#9864 = CARTESIAN_POINT('',(2.616945040456,0.335664335664));
#9865 = CARTESIAN_POINT('',(2.551758636985,0.335664335664));
#9866 = CARTESIAN_POINT('',(2.486572230877,0.335664335664));
#9867 = CARTESIAN_POINT('',(2.42138151436,0.335664335664));
#9868 = CARTESIAN_POINT('',(2.290745687186,0.335664335664));
#9869 = CARTESIAN_POINT('',(2.225293117781,0.335664335664));
#9870 = CARTESIAN_POINT('',(2.15984494523,0.335664335664));
#9871 = CARTESIAN_POINT('',(2.094396775347,0.335664335664));
#9872 = CARTESIAN_POINT('',(2.028944209441,0.335664335664));
#9873 = CARTESIAN_POINT('',(1.898046607649,0.335664335664));
#9874 = CARTESIAN_POINT('',(1.832594039779,0.335664335664));
#9875 = CARTESIAN_POINT('',(1.767145866306,0.335664335664));
#9876 = CARTESIAN_POINT('',(1.701697687669,0.335664335664));
#9877 = CARTESIAN_POINT('',(1.63624512689,0.335664335664));
#9878 = CARTESIAN_POINT('',(1.570796326795,0.335664335664));
#9879 = ( GEOMETRIC_REPRESENTATION_CONTEXT(2) 
PARAMETRIC_REPRESENTATION_CONTEXT() REPRESENTATION_CONTEXT('2D SPACE',''
  ) );
#9880 = ORIENTED_EDGE('',*,*,#9881,.T.);
#9881 = EDGE_CURVE('',#9783,#9882,#9884,.T.);
#9882 = VERTEX_POINT('',#9883);
#9883 = CARTESIAN_POINT('',(25.99965034965,37.99965034965,11.5));
#9884 = SURFACE_CURVE('',#9885,(#9888,#9894),.PCURVE_S1.);
#9885 = B_SPLINE_CURVE_WITH_KNOTS('',1,(#9886,#9887),.UNSPECIFIED.,.F.,
  .F.,(2,2),(0.,1.),.PIECEWISE_BEZIER_KNOTS.);
#9886 = CARTESIAN_POINT('',(-25.99965034965,37.99965034965,11.5));
#9887 = CARTESIAN_POINT('',(25.99965034965,37.99965034965,11.5));
#9888 = PCURVE('',#9284,#9889);
#9889 = DEFINITIONAL_REPRESENTATION('',(#9890),#9893);
#9890 = B_SPLINE_CURVE_WITH_KNOTS('',1,(#9891,#9892),.UNSPECIFIED.,.F.,
  .F.,(2,2),(0.,1.),.PIECEWISE_BEZIER_KNOTS.);
#9891 = CARTESIAN_POINT('',(13.27534965035,77.27465034965));
#9892 = CARTESIAN_POINT('',(65.27465034965,77.27465034965));
#9893 = ( GEOMETRIC_REPRESENTATION_CONTEXT(2) 
PARAMETRIC_REPRESENTATION_CONTEXT() REPRESENTATION_CONTEXT('2D SPACE',''
  ) );
#9894 = PCURVE('',#9895,#9900);
#9895 = B_SPLINE_SURFACE_WITH_KNOTS('',1,1,(
    (#9896,#9897)
    ,(#9898,#9899
    )),.UNSPECIFIED.,.F.,.F.,.F.,(2,2),(2,2),(-27.325,27.325),(0.,1.),
  .PIECEWISE_BEZIER_KNOTS.);
#9896 = CARTESIAN_POINT('',(25.33,37.33,6.7));
#9897 = CARTESIAN_POINT('',(27.325,39.325,21.));
#9898 = CARTESIAN_POINT('',(-25.33,37.33,6.7));
#9899 = CARTESIAN_POINT('',(-27.325,39.325,21.));
#9900 = DEFINITIONAL_REPRESENTATION('',(#9901),#9904);
#9901 = B_SPLINE_CURVE_WITH_KNOTS('',1,(#9902,#9903),.UNSPECIFIED.,.F.,
  .F.,(2,2),(0.,1.),.PIECEWISE_BEZIER_KNOTS.);
#9902 = CARTESIAN_POINT('',(27.325,0.335664335664));
#9903 = CARTESIAN_POINT('',(-27.325,0.335664335664));
#9904 = ( GEOMETRIC_REPRESENTATION_CONTEXT(2) 
PARAMETRIC_REPRESENTATION_CONTEXT() REPRESENTATION_CONTEXT('2D SPACE',''
  ) );
#9905 = ORIENTED_EDGE('',*,*,#9906,.T.);
#9906 = EDGE_CURVE('',#9882,#9907,#9909,.T.);
#9907 = VERTEX_POINT('',#9908);
#9908 = CARTESIAN_POINT('',(37.99965034965,25.99965034965,11.5));
#9909 = SURFACE_CURVE('',#9910,(#9933,#9959),.PCURVE_S1.);
#9910 = B_SPLINE_CURVE_WITH_KNOTS('',6,(#9911,#9912,#9913,#9914,#9915,
    #9916,#9917,#9918,#9919,#9920,#9921,#9922,#9923,#9924,#9925,#9926,
    #9927,#9928,#9929,#9930,#9931,#9932),.UNSPECIFIED.,.F.,.F.,(7,5,5,5,
    7),(0.,0.250999936342,0.499999999387,0.749999999889,1.),
  .UNSPECIFIED.);
#9911 = CARTESIAN_POINT('',(25.99965034965,37.99965034965,11.5));
#9912 = CARTESIAN_POINT('',(26.788177292717,37.99965034965,11.5));
#9913 = CARTESIAN_POINT('',(27.576750783798,37.937472757546,11.5));
#9914 = CARTESIAN_POINT('',(28.359139344684,37.813104449446,11.5));
#9915 = CARTESIAN_POINT('',(29.129275059094,37.627388764761,11.5));
#9916 = CARTESIAN_POINT('',(29.881231544511,37.381877834126,11.5));
#9917 = CARTESIAN_POINT('',(31.331488924139,36.778490902948,11.5));
#9918 = CARTESIAN_POINT('',(32.03025314712,36.42149101189,11.5));
#9919 = CARTESIAN_POINT('',(32.699932887727,36.010302600333,11.5));
#9920 = CARTESIAN_POINT('',(33.33537131752,35.547955475803,11.5));
#9921 = CARTESIAN_POINT('',(33.931801494021,35.038061952481,11.5));
#9922 = CARTESIAN_POINT('',(35.04028321953,33.929580226973,11.5));
#9923 = CARTESIAN_POINT('',(35.552050432984,33.330579933465,11.5));
#9924 = CARTESIAN_POINT('',(36.015870861563,32.692274914317,11.5));
#9925 = CARTESIAN_POINT('',(36.428091410088,32.019491955213,11.5));
#9926 = CARTESIAN_POINT('',(36.785650693272,31.317453215277,11.5));
#9927 = CARTESIAN_POINT('',(37.386758823245,29.866249823587,11.5));
#9928 = CARTESIAN_POINT('',(37.630342576938,29.117000891619,11.5));
#9929 = CARTESIAN_POINT('',(37.81458802342,28.349787566544,11.5));
#9930 = CARTESIAN_POINT('',(37.93796717921,27.570467185056,11.5));
#9931 = CARTESIAN_POINT('',(37.99965034965,26.785035950793,11.5));
#9932 = CARTESIAN_POINT('',(37.99965034965,25.99965034965,11.5));
#9933 = PCURVE('',#9284,#9934);
#9934 = DEFINITIONAL_REPRESENTATION('',(#9935),#9958);
#9935 = B_SPLINE_CURVE_WITH_KNOTS('',6,(#9936,#9937,#9938,#9939,#9940,
    #9941,#9942,#9943,#9944,#9945,#9946,#9947,#9948,#9949,#9950,#9951,
    #9952,#9953,#9954,#9955,#9956,#9957),.UNSPECIFIED.,.F.,.F.,(7,5,5,5,
    7),(0.,0.250999936342,0.499999999387,0.749999999889,1.),
  .UNSPECIFIED.);
#9936 = CARTESIAN_POINT('',(65.27465034965,77.27465034965));
#9937 = CARTESIAN_POINT('',(66.063177292717,77.27465034965));
#9938 = CARTESIAN_POINT('',(66.851750783798,77.212472757546));
#9939 = CARTESIAN_POINT('',(67.634139344684,77.088104449446));
#9940 = CARTESIAN_POINT('',(68.404275059094,76.902388764761));
#9941 = CARTESIAN_POINT('',(69.156231544511,76.656877834126));
#9942 = CARTESIAN_POINT('',(70.606488924139,76.053490902948));
#9943 = CARTESIAN_POINT('',(71.30525314712,75.69649101189));
#9944 = CARTESIAN_POINT('',(71.974932887727,75.285302600333));
#9945 = CARTESIAN_POINT('',(72.61037131752,74.822955475803));
#9946 = CARTESIAN_POINT('',(73.206801494021,74.313061952481));
#9947 = CARTESIAN_POINT('',(74.31528321953,73.204580226973));
#9948 = CARTESIAN_POINT('',(74.827050432984,72.605579933465));
#9949 = CARTESIAN_POINT('',(75.290870861563,71.967274914317));
#9950 = CARTESIAN_POINT('',(75.703091410088,71.294491955213));
#9951 = CARTESIAN_POINT('',(76.060650693272,70.592453215277));
#9952 = CARTESIAN_POINT('',(76.661758823245,69.141249823587));
#9953 = CARTESIAN_POINT('',(76.905342576938,68.392000891619));
#9954 = CARTESIAN_POINT('',(77.08958802342,67.624787566544));
#9955 = CARTESIAN_POINT('',(77.21296717921,66.845467185056));
#9956 = CARTESIAN_POINT('',(77.27465034965,66.060035950793));
#9957 = CARTESIAN_POINT('',(77.27465034965,65.27465034965));
#9958 = ( GEOMETRIC_REPRESENTATION_CONTEXT(2) 
PARAMETRIC_REPRESENTATION_CONTEXT() REPRESENTATION_CONTEXT('2D SPACE',''
  ) );
#9959 = PCURVE('',#9960,#9979);
#9960 = B_SPLINE_SURFACE_WITH_KNOTS('',8,1,(
    (#9961,#9962)
    ,(#9963,#9964)
    ,(#9965,#9966)
    ,(#9967,#9968)
    ,(#9969,#9970)
    ,(#9971,#9972)
    ,(#9973,#9974)
    ,(#9975,#9976)
    ,(#9977,#9978
    )),.UNSPECIFIED.,.F.,.F.,.F.,(9,9),(2,2),(0.,1.570796326795),(0.,1.)
  ,.PIECEWISE_BEZIER_KNOTS.);
#9961 = CARTESIAN_POINT('',(37.33,25.33,6.7));
#9962 = CARTESIAN_POINT('',(39.325,27.325,21.));
#9963 = CARTESIAN_POINT('',(37.33,27.686194490192,6.7));
#9964 = CARTESIAN_POINT('',(39.325,29.681194490192,21.));
#9965 = CARTESIAN_POINT('',(36.801270532466,30.04238972205,6.7));
#9966 = CARTESIAN_POINT('',(38.796270532466,32.037389722052,
    21.000000000001));
#9967 = CARTESIAN_POINT('',(35.743816790457,32.260158812021,6.7));
#9968 = CARTESIAN_POINT('',(37.738816790456,34.255158812018,
    20.999999999999));
#9969 = CARTESIAN_POINT('',(34.201105069359,34.201105069358,6.7));
#9970 = CARTESIAN_POINT('',(36.19610506936,36.196105069362,
    21.000000000001));
#9971 = CARTESIAN_POINT('',(32.260158812021,35.743816790458,6.7));
#9972 = CARTESIAN_POINT('',(34.25515881202,37.738816790455,
    20.999999999999));
#9973 = CARTESIAN_POINT('',(30.042389722051,36.801270532465,6.7));
#9974 = CARTESIAN_POINT('',(32.037389722051,38.796270532467,
    21.000000000001));
#9975 = CARTESIAN_POINT('',(27.686194490192,37.33,6.7));
#9976 = CARTESIAN_POINT('',(29.681194490192,39.325,21.));
#9977 = CARTESIAN_POINT('',(25.33,37.33,6.7));
#9978 = CARTESIAN_POINT('',(27.325,39.325,21.));
#9979 = DEFINITIONAL_REPRESENTATION('',(#9980),#10003);
#9980 = B_SPLINE_CURVE_WITH_KNOTS('',6,(#9981,#9982,#9983,#9984,#9985,
    #9986,#9987,#9988,#9989,#9990,#9991,#9992,#9993,#9994,#9995,#9996,
    #9997,#9998,#9999,#10000,#10001,#10002),.UNSPECIFIED.,.F.,.F.,(7,5,5
    ,5,7),(0.,0.250999936342,0.499999999387,0.749999999889,1.),
  .UNSPECIFIED.);
#9981 = CARTESIAN_POINT('',(1.570796326795,0.335664335664));
#9982 = CARTESIAN_POINT('',(1.505085748206,0.335664335664));
#9983 = CARTESIAN_POINT('',(1.43937133373,0.335664335664));
#9984 = CARTESIAN_POINT('',(1.373661389039,0.335664335664));
#9985 = CARTESIAN_POINT('',(1.307951449663,0.335664335664));
#9986 = CARTESIAN_POINT('',(1.242237028093,0.335664335664));
#9987 = CARTESIAN_POINT('',(1.111339426682,0.335664335664));
#9988 = CARTESIAN_POINT('',(1.046148713662,0.335664335664));
#9989 = CARTESIAN_POINT('',(0.98096231019,0.335664335664));
#9990 = CARTESIAN_POINT('',(0.915775904082,0.335664335664));
#9991 = CARTESIAN_POINT('',(0.850585187565,0.335664335664));
#9992 = CARTESIAN_POINT('',(0.719949360391,0.335664335664));
#9993 = CARTESIAN_POINT('',(0.654496790986,0.335664335664));
#9994 = CARTESIAN_POINT('',(0.589048618435,0.335664335664));
#9995 = CARTESIAN_POINT('',(0.523600448551,0.335664335664));
#9996 = CARTESIAN_POINT('',(0.458147882646,0.335664335664));
#9997 = CARTESIAN_POINT('',(0.327250280854,0.335664335664));
#9998 = CARTESIAN_POINT('',(0.261797712984,0.335664335664));
#9999 = CARTESIAN_POINT('',(0.196349539512,0.335664335664));
#10000 = CARTESIAN_POINT('',(0.130901360874,0.335664335664));
#10001 = CARTESIAN_POINT('',(6.544880009524E-02,0.335664335664));
#10002 = CARTESIAN_POINT('',(0.,0.335664335664));
#10003 = ( GEOMETRIC_REPRESENTATION_CONTEXT(2) 
PARAMETRIC_REPRESENTATION_CONTEXT() REPRESENTATION_CONTEXT('2D SPACE',''
  ) );
#10004 = ORIENTED_EDGE('',*,*,#10005,.T.);
#10005 = EDGE_CURVE('',#9907,#10006,#10008,.T.);
#10006 = VERTEX_POINT('',#10007);
#10007 = CARTESIAN_POINT('',(37.99965034965,-25.99965034965,11.5));
#10008 = SURFACE_CURVE('',#10009,(#10012,#10018),.PCURVE_S1.);
#10009 = B_SPLINE_CURVE_WITH_KNOTS('',1,(#10010,#10011),.UNSPECIFIED.,
  .F.,.F.,(2,2),(0.,1.),.PIECEWISE_BEZIER_KNOTS.);
#10010 = CARTESIAN_POINT('',(37.99965034965,25.99965034965,11.5));
#10011 = CARTESIAN_POINT('',(37.99965034965,-25.99965034965,11.5));
#10012 = PCURVE('',#9284,#10013);
#10013 = DEFINITIONAL_REPRESENTATION('',(#10014),#10017);
#10014 = B_SPLINE_CURVE_WITH_KNOTS('',1,(#10015,#10016),.UNSPECIFIED.,
  .F.,.F.,(2,2),(0.,1.),.PIECEWISE_BEZIER_KNOTS.);
#10015 = CARTESIAN_POINT('',(77.27465034965,65.27465034965));
#10016 = CARTESIAN_POINT('',(77.27465034965,13.27534965035));
#10017 = ( GEOMETRIC_REPRESENTATION_CONTEXT(2) 
PARAMETRIC_REPRESENTATION_CONTEXT() REPRESENTATION_CONTEXT('2D SPACE',''
  ) );
#10018 = PCURVE('',#10019,#10024);
#10019 = B_SPLINE_SURFACE_WITH_KNOTS('',1,1,(
    (#10020,#10021)
    ,(#10022,#10023
    )),.UNSPECIFIED.,.F.,.F.,.F.,(2,2),(2,2),(-27.325,27.325),(0.,1.),
  .PIECEWISE_BEZIER_KNOTS.);
#10020 = CARTESIAN_POINT('',(37.33,-25.33,6.7));
#10021 = CARTESIAN_POINT('',(39.325,-27.325,21.));
#10022 = CARTESIAN_POINT('',(37.33,25.33,6.7));
#10023 = CARTESIAN_POINT('',(39.325,27.325,21.));
#10024 = DEFINITIONAL_REPRESENTATION('',(#10025),#10028);
#10025 = B_SPLINE_CURVE_WITH_KNOTS('',1,(#10026,#10027),.UNSPECIFIED.,
  .F.,.F.,(2,2),(0.,1.),.PIECEWISE_BEZIER_KNOTS.);
#10026 = CARTESIAN_POINT('',(27.325,0.335664335664));
#10027 = CARTESIAN_POINT('',(-27.325,0.335664335664));
#10028 = ( GEOMETRIC_REPRESENTATION_CONTEXT(2) 
PARAMETRIC_REPRESENTATION_CONTEXT() REPRESENTATION_CONTEXT('2D SPACE',''
  ) );
#10029 = ORIENTED_EDGE('',*,*,#10030,.T.);
#10030 = EDGE_CURVE('',#10006,#9632,#10031,.T.);
#10031 = SURFACE_CURVE('',#10032,(#10055,#10081),.PCURVE_S1.);
#10032 = B_SPLINE_CURVE_WITH_KNOTS('',6,(#10033,#10034,#10035,#10036,
    #10037,#10038,#10039,#10040,#10041,#10042,#10043,#10044,#10045,
    #10046,#10047,#10048,#10049,#10050,#10051,#10052,#10053,#10054),
  .UNSPECIFIED.,.F.,.F.,(7,5,5,5,7),(0.,0.250999936342,0.499999999386,
    0.749999999889,1.),.UNSPECIFIED.);
#10033 = CARTESIAN_POINT('',(37.99965034965,-25.99965034965,11.5));
#10034 = CARTESIAN_POINT('',(37.99965034965,-26.78817729271,11.5));
#10035 = CARTESIAN_POINT('',(37.937472757546,-27.57675078379,11.5));
#10036 = CARTESIAN_POINT('',(37.813104449446,-28.35913934468,11.5));
#10037 = CARTESIAN_POINT('',(37.627388764761,-29.12927505909,11.5));
#10038 = CARTESIAN_POINT('',(37.381877834126,-29.88123154451,11.5));
#10039 = CARTESIAN_POINT('',(36.778490902948,-31.33148892413,11.5));
#10040 = CARTESIAN_POINT('',(36.421491011891,-32.03025314711,11.5));
#10041 = CARTESIAN_POINT('',(36.010302600332,-32.69993288772,11.5));
#10042 = CARTESIAN_POINT('',(35.547955475804,-33.33537131751,11.5));
#10043 = CARTESIAN_POINT('',(35.038061952481,-33.93180149402,11.5));
#10044 = CARTESIAN_POINT('',(33.929580226972,-35.04028321953,11.5));
#10045 = CARTESIAN_POINT('',(33.330579933466,-35.55205043298,11.5));
#10046 = CARTESIAN_POINT('',(32.692274914316,-36.01587086156,11.5));
#10047 = CARTESIAN_POINT('',(32.019491955215,-36.42809141008,11.5));
#10048 = CARTESIAN_POINT('',(31.317453215277,-36.78565069327,11.5));
#10049 = CARTESIAN_POINT('',(29.866249823587,-37.38675882324,11.5));
#10050 = CARTESIAN_POINT('',(29.117000891619,-37.63034257693,11.5));
#10051 = CARTESIAN_POINT('',(28.349787566546,-37.81458802342,11.5));
#10052 = CARTESIAN_POINT('',(27.570467185055,-37.93796717921,11.5));
#10053 = CARTESIAN_POINT('',(26.785035950793,-37.99965034965,11.5));
#10054 = CARTESIAN_POINT('',(25.99965034965,-37.99965034965,11.5));
#10055 = PCURVE('',#9284,#10056);
#10056 = DEFINITIONAL_REPRESENTATION('',(#10057),#10080);
#10057 = B_SPLINE_CURVE_WITH_KNOTS('',6,(#10058,#10059,#10060,#10061,
    #10062,#10063,#10064,#10065,#10066,#10067,#10068,#10069,#10070,
    #10071,#10072,#10073,#10074,#10075,#10076,#10077,#10078,#10079),
  .UNSPECIFIED.,.F.,.F.,(7,5,5,5,7),(0.,0.250999936342,0.499999999386,
    0.749999999889,1.),.UNSPECIFIED.);
#10058 = CARTESIAN_POINT('',(77.27465034965,13.27534965035));
#10059 = CARTESIAN_POINT('',(77.27465034965,12.486822707284));
#10060 = CARTESIAN_POINT('',(77.212472757546,11.698249216201));
#10061 = CARTESIAN_POINT('',(77.088104449446,10.915860655316));
#10062 = CARTESIAN_POINT('',(76.902388764761,10.145724940906));
#10063 = CARTESIAN_POINT('',(76.656877834126,9.393768455489));
#10064 = CARTESIAN_POINT('',(76.053490902948,7.943511075861));
#10065 = CARTESIAN_POINT('',(75.696491011891,7.244746852882));
#10066 = CARTESIAN_POINT('',(75.285302600332,6.575067112271));
#10067 = CARTESIAN_POINT('',(74.822955475804,5.939628682481));
#10068 = CARTESIAN_POINT('',(74.313061952481,5.343198505978));
#10069 = CARTESIAN_POINT('',(73.204580226972,4.23471678047));
#10070 = CARTESIAN_POINT('',(72.605579933466,3.722949567018));
#10071 = CARTESIAN_POINT('',(71.967274914316,3.259129138436));
#10072 = CARTESIAN_POINT('',(71.294491955215,2.846908589913));
#10073 = CARTESIAN_POINT('',(70.592453215277,2.489349306728));
#10074 = CARTESIAN_POINT('',(69.141249823587,1.888241176755));
#10075 = CARTESIAN_POINT('',(68.392000891619,1.644657423062));
#10076 = CARTESIAN_POINT('',(67.624787566546,1.46041197658));
#10077 = CARTESIAN_POINT('',(66.845467185055,1.33703282079));
#10078 = CARTESIAN_POINT('',(66.060035950793,1.27534965035));
#10079 = CARTESIAN_POINT('',(65.27465034965,1.27534965035));
#10080 = ( GEOMETRIC_REPRESENTATION_CONTEXT(2) 
PARAMETRIC_REPRESENTATION_CONTEXT() REPRESENTATION_CONTEXT('2D SPACE',''
  ) );
#10081 = PCURVE('',#10082,#10101);
#10082 = B_SPLINE_SURFACE_WITH_KNOTS('',8,1,(
    (#10083,#10084)
    ,(#10085,#10086)
    ,(#10087,#10088)
    ,(#10089,#10090)
    ,(#10091,#10092)
    ,(#10093,#10094)
    ,(#10095,#10096)
    ,(#10097,#10098)
    ,(#10099,#10100
    )),.UNSPECIFIED.,.F.,.F.,.F.,(9,9),(2,2),(4.712388980385,
    6.28318530718),(0.,1.),.PIECEWISE_BEZIER_KNOTS.);
#10083 = CARTESIAN_POINT('',(25.33,-37.33,6.7));
#10084 = CARTESIAN_POINT('',(27.325,-39.325,21.));
#10085 = CARTESIAN_POINT('',(27.686194490192,-37.33,6.7));
#10086 = CARTESIAN_POINT('',(29.681194490192,-39.325,21.));
#10087 = CARTESIAN_POINT('',(30.042389722052,-36.80127053246,6.7));
#10088 = CARTESIAN_POINT('',(32.037389722051,-38.79627053246,21.));
#10089 = CARTESIAN_POINT('',(32.260158812019,-35.74381679045,6.7));
#10090 = CARTESIAN_POINT('',(34.255158812021,-37.73881679045,21.));
#10091 = CARTESIAN_POINT('',(34.20110506936,-34.20110506936,6.7));
#10092 = CARTESIAN_POINT('',(36.196105069358,-36.19610506936,21.));
#10093 = CARTESIAN_POINT('',(35.743816790456,-32.26015881201,6.7));
#10094 = CARTESIAN_POINT('',(37.738816790458,-34.25515881202,21.));
#10095 = CARTESIAN_POINT('',(36.801270532466,-30.04238972205,6.7));
#10096 = CARTESIAN_POINT('',(38.796270532465,-32.03738972205,21.));
#10097 = CARTESIAN_POINT('',(37.33,-27.68619449019,6.7));
#10098 = CARTESIAN_POINT('',(39.325,-29.68119449019,21.));
#10099 = CARTESIAN_POINT('',(37.33,-25.33,6.7));
#10100 = CARTESIAN_POINT('',(39.325,-27.325,21.));
#10101 = DEFINITIONAL_REPRESENTATION('',(#10102),#10125);
#10102 = B_SPLINE_CURVE_WITH_KNOTS('',6,(#10103,#10104,#10105,#10106,
    #10107,#10108,#10109,#10110,#10111,#10112,#10113,#10114,#10115,
    #10116,#10117,#10118,#10119,#10120,#10121,#10122,#10123,#10124),
  .UNSPECIFIED.,.F.,.F.,(7,5,5,5,7),(0.,0.250999936342,0.499999999386,
    0.749999999889,1.),.UNSPECIFIED.);
#10103 = CARTESIAN_POINT('',(6.28318530718,0.335664335664));
#10104 = CARTESIAN_POINT('',(6.217474728591,0.335664335664));
#10105 = CARTESIAN_POINT('',(6.151760314115,0.335664335664));
#10106 = CARTESIAN_POINT('',(6.086050369424,0.335664335664));
#10107 = CARTESIAN_POINT('',(6.020340430048,0.335664335664));
#10108 = CARTESIAN_POINT('',(5.954626008477,0.335664335664));
#10109 = CARTESIAN_POINT('',(5.823728407067,0.335664335664));
#10110 = CARTESIAN_POINT('',(5.758537694046,0.335664335664));
#10111 = CARTESIAN_POINT('',(5.693351290574,0.335664335664));
#10112 = CARTESIAN_POINT('',(5.628164884467,0.335664335664));
#10113 = CARTESIAN_POINT('',(5.56297416795,0.335664335664));
#10114 = CARTESIAN_POINT('',(5.432338340776,0.335664335664));
#10115 = CARTESIAN_POINT('',(5.366885771371,0.335664335664));
#10116 = CARTESIAN_POINT('',(5.30143759882,0.335664335664));
#10117 = CARTESIAN_POINT('',(5.235989428936,0.335664335664));
#10118 = CARTESIAN_POINT('',(5.170536863031,0.335664335664));
#10119 = CARTESIAN_POINT('',(5.039639261239,0.335664335664));
#10120 = CARTESIAN_POINT('',(4.974186693369,0.335664335664));
#10121 = CARTESIAN_POINT('',(4.908738519896,0.335664335664));
#10122 = CARTESIAN_POINT('',(4.843290341259,0.335664335664));
#10123 = CARTESIAN_POINT('',(4.77783778048,0.335664335664));
#10124 = CARTESIAN_POINT('',(4.712388980385,0.335664335664));
#10125 = ( GEOMETRIC_REPRESENTATION_CONTEXT(2) 
PARAMETRIC_REPRESENTATION_CONTEXT() REPRESENTATION_CONTEXT('2D SPACE',''
  ) );
#10126 = ADVANCED_FACE('',(#10127,#10133),#9463,.T.);
#10127 = FACE_BOUND('',#10128,.T.);
#10128 = EDGE_LOOP('',(#10129,#10130,#10131,#10132));
#10129 = ORIENTED_EDGE('',*,*,#9447,.F.);
#10130 = ORIENTED_EDGE('',*,*,#9549,.T.);
#10131 = ORIENTED_EDGE('',*,*,#9599,.T.);
#10132 = ORIENTED_EDGE('',*,*,#9500,.F.);
#10133 = FACE_BOUND('',#10134,.T.);
#10134 = EDGE_LOOP('',(#10135,#10157,#10237,#10257,#10337,#10357,#10437,
    #10457));
#10135 = ORIENTED_EDGE('',*,*,#10136,.T.);
#10136 = EDGE_CURVE('',#10137,#10139,#10141,.T.);
#10137 = VERTEX_POINT('',#10138);
#10138 = CARTESIAN_POINT('',(26.278671328671,-38.27867132867,13.5));
#10139 = VERTEX_POINT('',#10140);
#10140 = CARTESIAN_POINT('',(-26.27867132867,-38.27867132867,13.5));
#10141 = SURFACE_CURVE('',#10142,(#10145,#10151),.PCURVE_S1.);
#10142 = B_SPLINE_CURVE_WITH_KNOTS('',1,(#10143,#10144),.UNSPECIFIED.,
  .F.,.F.,(2,2),(0.,1.),.PIECEWISE_BEZIER_KNOTS.);
#10143 = CARTESIAN_POINT('',(26.278671328671,-38.27867132867,13.5));
#10144 = CARTESIAN_POINT('',(-26.27867132867,-38.27867132867,13.5));
#10145 = PCURVE('',#9463,#10146);
#10146 = DEFINITIONAL_REPRESENTATION('',(#10147),#10150);
#10147 = B_SPLINE_CURVE_WITH_KNOTS('',1,(#10148,#10149),.UNSPECIFIED.,
  .F.,.F.,(2,2),(0.,1.),.PIECEWISE_BEZIER_KNOTS.);
#10148 = CARTESIAN_POINT('',(66.153671328671,1.596328671329));
#10149 = CARTESIAN_POINT('',(13.596328671329,1.596328671329));
#10150 = ( GEOMETRIC_REPRESENTATION_CONTEXT(2) 
PARAMETRIC_REPRESENTATION_CONTEXT() REPRESENTATION_CONTEXT('2D SPACE',''
  ) );
#10151 = PCURVE('',#9647,#10152);
#10152 = DEFINITIONAL_REPRESENTATION('',(#10153),#10156);
#10153 = B_SPLINE_CURVE_WITH_KNOTS('',1,(#10154,#10155),.UNSPECIFIED.,
  .F.,.F.,(2,2),(0.,1.),.PIECEWISE_BEZIER_KNOTS.);
#10154 = CARTESIAN_POINT('',(27.325,0.475524475524));
#10155 = CARTESIAN_POINT('',(-27.325,0.475524475524));
#10156 = ( GEOMETRIC_REPRESENTATION_CONTEXT(2) 
PARAMETRIC_REPRESENTATION_CONTEXT() REPRESENTATION_CONTEXT('2D SPACE',''
  ) );
#10157 = ORIENTED_EDGE('',*,*,#10158,.T.);
#10158 = EDGE_CURVE('',#10139,#10159,#10161,.T.);
#10159 = VERTEX_POINT('',#10160);
#10160 = CARTESIAN_POINT('',(-38.27867132867,-26.27867132867,13.5));
#10161 = SURFACE_CURVE('',#10162,(#10185,#10211),.PCURVE_S1.);
#10162 = B_SPLINE_CURVE_WITH_KNOTS('',6,(#10163,#10164,#10165,#10166,
    #10167,#10168,#10169,#10170,#10171,#10172,#10173,#10174,#10175,
    #10176,#10177,#10178,#10179,#10180,#10181,#10182,#10183,#10184),
  .UNSPECIFIED.,.F.,.F.,(7,5,5,5,7),(0.,0.250999936342,0.499999999386,
    0.749999999889,1.),.UNSPECIFIED.);
#10163 = CARTESIAN_POINT('',(-26.27867132867,-38.27867132867,13.5));
#10164 = CARTESIAN_POINT('',(-27.06719827173,-38.27867132867,13.5));
#10165 = CARTESIAN_POINT('',(-27.85577176282,-38.21649373656,13.5));
#10166 = CARTESIAN_POINT('',(-28.6381603237,-38.09212542846,13.5));
#10167 = CARTESIAN_POINT('',(-29.40829603811,-37.90640974378,13.5));
#10168 = CARTESIAN_POINT('',(-30.16025252353,-37.66089881314,13.5));
#10169 = CARTESIAN_POINT('',(-31.61050990316,-37.05751188196,13.5));
#10170 = CARTESIAN_POINT('',(-32.30927412613,-36.70051199091,13.5));
#10171 = CARTESIAN_POINT('',(-32.97895386675,-36.28932357935,13.5));
#10172 = CARTESIAN_POINT('',(-33.61439229654,-35.82697645482,13.5));
#10173 = CARTESIAN_POINT('',(-34.21082247304,-35.3170829315,13.5));
#10174 = CARTESIAN_POINT('',(-35.31930419855,-34.20860120599,13.5));
#10175 = CARTESIAN_POINT('',(-35.831071412,-33.60960091248,13.5));
#10176 = CARTESIAN_POINT('',(-36.29489184058,-32.97129589333,13.5));
#10177 = CARTESIAN_POINT('',(-36.7071123891,-32.29851293423,13.5));
#10178 = CARTESIAN_POINT('',(-37.06467167229,-31.59647419429,13.5));
#10179 = CARTESIAN_POINT('',(-37.66577980226,-30.1452708026,13.5));
#10180 = CARTESIAN_POINT('',(-37.90936355595,-29.39602187064,13.5));
#10181 = CARTESIAN_POINT('',(-38.09360900244,-28.62880854555,13.5));
#10182 = CARTESIAN_POINT('',(-38.21698815823,-27.84948816408,13.5));
#10183 = CARTESIAN_POINT('',(-38.27867132867,-27.06405692981,13.5));
#10184 = CARTESIAN_POINT('',(-38.27867132867,-26.27867132867,13.5));
#10185 = PCURVE('',#9463,#10186);
#10186 = DEFINITIONAL_REPRESENTATION('',(#10187),#10210);
#10187 = B_SPLINE_CURVE_WITH_KNOTS('',6,(#10188,#10189,#10190,#10191,
    #10192,#10193,#10194,#10195,#10196,#10197,#10198,#10199,#10200,
    #10201,#10202,#10203,#10204,#10205,#10206,#10207,#10208,#10209),
  .UNSPECIFIED.,.F.,.F.,(7,5,5,5,7),(0.,0.250999936342,0.499999999386,
    0.749999999889,1.),.UNSPECIFIED.);
#10188 = CARTESIAN_POINT('',(13.596328671329,1.596328671329));
#10189 = CARTESIAN_POINT('',(12.807801728263,1.596328671329));
#10190 = CARTESIAN_POINT('',(12.01922823718,1.658506263433));
#10191 = CARTESIAN_POINT('',(11.236839676296,1.782874571533));
#10192 = CARTESIAN_POINT('',(10.466703961885,1.968590256218));
#10193 = CARTESIAN_POINT('',(9.714747476468,2.214101186853));
#10194 = CARTESIAN_POINT('',(8.26449009684,2.817488118032));
#10195 = CARTESIAN_POINT('',(7.565725873861,3.174488009088));
#10196 = CARTESIAN_POINT('',(6.89604613325,3.585676420647));
#10197 = CARTESIAN_POINT('',(6.26060770346,4.048023545175));
#10198 = CARTESIAN_POINT('',(5.664177526957,4.557917068498));
#10199 = CARTESIAN_POINT('',(4.555695801449,5.666398794006));
#10200 = CARTESIAN_POINT('',(4.043928587996,6.265399087514));
#10201 = CARTESIAN_POINT('',(3.580108159416,6.903704106661));
#10202 = CARTESIAN_POINT('',(3.167887610892,7.576487065766));
#10203 = CARTESIAN_POINT('',(2.810328327708,8.278525805701));
#10204 = CARTESIAN_POINT('',(2.209220197733,9.729729197393));
#10205 = CARTESIAN_POINT('',(1.965636444042,10.478978129354));
#10206 = CARTESIAN_POINT('',(1.781390997558,11.246191454441));
#10207 = CARTESIAN_POINT('',(1.658011841769,12.025511835918));
#10208 = CARTESIAN_POINT('',(1.596328671329,12.810943070187));
#10209 = CARTESIAN_POINT('',(1.596328671329,13.596328671329));
#10210 = ( GEOMETRIC_REPRESENTATION_CONTEXT(2) 
PARAMETRIC_REPRESENTATION_CONTEXT() REPRESENTATION_CONTEXT('2D SPACE',''
  ) );
#10211 = PCURVE('',#9712,#10212);
#10212 = DEFINITIONAL_REPRESENTATION('',(#10213),#10236);
#10213 = B_SPLINE_CURVE_WITH_KNOTS('',6,(#10214,#10215,#10216,#10217,
    #10218,#10219,#10220,#10221,#10222,#10223,#10224,#10225,#10226,
    #10227,#10228,#10229,#10230,#10231,#10232,#10233,#10234,#10235),
  .UNSPECIFIED.,.F.,.F.,(7,5,5,5,7),(0.,0.250999936342,0.499999999386,
    0.749999999889,1.),.UNSPECIFIED.);
#10214 = CARTESIAN_POINT('',(4.712388980385,0.475524475524));
#10215 = CARTESIAN_POINT('',(4.646678401796,0.475524475524));
#10216 = CARTESIAN_POINT('',(4.58096398732,0.475524475524));
#10217 = CARTESIAN_POINT('',(4.515254042629,0.475524475524));
#10218 = CARTESIAN_POINT('',(4.449544103253,0.475524475524));
#10219 = CARTESIAN_POINT('',(4.383829681683,0.475524475524));
#10220 = CARTESIAN_POINT('',(4.252932080272,0.475524475524));
#10221 = CARTESIAN_POINT('',(4.187741367252,0.475524475524));
#10222 = CARTESIAN_POINT('',(4.122554963779,0.475524475524));
#10223 = CARTESIAN_POINT('',(4.057368557672,0.475524475524));
#10224 = CARTESIAN_POINT('',(3.992177841155,0.475524475524));
#10225 = CARTESIAN_POINT('',(3.861542013981,0.475524475524));
#10226 = CARTESIAN_POINT('',(3.796089444576,0.475524475524));
#10227 = CARTESIAN_POINT('',(3.730641272025,0.475524475524));
#10228 = CARTESIAN_POINT('',(3.665193102141,0.475524475524));
#10229 = CARTESIAN_POINT('',(3.599740536236,0.475524475524));
#10230 = CARTESIAN_POINT('',(3.468842934444,0.475524475524));
#10231 = CARTESIAN_POINT('',(3.403390366574,0.475524475524));
#10232 = CARTESIAN_POINT('',(3.337942193101,0.475524475524));
#10233 = CARTESIAN_POINT('',(3.272494014464,0.475524475524));
#10234 = CARTESIAN_POINT('',(3.207041453685,0.475524475524));
#10235 = CARTESIAN_POINT('',(3.14159265359,0.475524475524));
#10236 = ( GEOMETRIC_REPRESENTATION_CONTEXT(2) 
PARAMETRIC_REPRESENTATION_CONTEXT() REPRESENTATION_CONTEXT('2D SPACE',''
  ) );
#10237 = ORIENTED_EDGE('',*,*,#10238,.T.);
#10238 = EDGE_CURVE('',#10159,#10239,#10241,.T.);
#10239 = VERTEX_POINT('',#10240);
#10240 = CARTESIAN_POINT('',(-38.27867132867,26.278671328671,13.5));
#10241 = SURFACE_CURVE('',#10242,(#10245,#10251),.PCURVE_S1.);
#10242 = B_SPLINE_CURVE_WITH_KNOTS('',1,(#10243,#10244),.UNSPECIFIED.,
  .F.,.F.,(2,2),(0.,1.),.PIECEWISE_BEZIER_KNOTS.);
#10243 = CARTESIAN_POINT('',(-38.27867132867,-26.27867132867,13.5));
#10244 = CARTESIAN_POINT('',(-38.27867132867,26.278671328671,13.5));
#10245 = PCURVE('',#9463,#10246);
#10246 = DEFINITIONAL_REPRESENTATION('',(#10247),#10250);
#10247 = B_SPLINE_CURVE_WITH_KNOTS('',1,(#10248,#10249),.UNSPECIFIED.,
  .F.,.F.,(2,2),(0.,1.),.PIECEWISE_BEZIER_KNOTS.);
#10248 = CARTESIAN_POINT('',(1.596328671329,13.596328671329));
#10249 = CARTESIAN_POINT('',(1.596328671329,66.153671328671));
#10250 = ( GEOMETRIC_REPRESENTATION_CONTEXT(2) 
PARAMETRIC_REPRESENTATION_CONTEXT() REPRESENTATION_CONTEXT('2D SPACE',''
  ) );
#10251 = PCURVE('',#9771,#10252);
#10252 = DEFINITIONAL_REPRESENTATION('',(#10253),#10256);
#10253 = B_SPLINE_CURVE_WITH_KNOTS('',1,(#10254,#10255),.UNSPECIFIED.,
  .F.,.F.,(2,2),(0.,1.),.PIECEWISE_BEZIER_KNOTS.);
#10254 = CARTESIAN_POINT('',(27.325,0.475524475524));
#10255 = CARTESIAN_POINT('',(-27.325,0.475524475524));
#10256 = ( GEOMETRIC_REPRESENTATION_CONTEXT(2) 
PARAMETRIC_REPRESENTATION_CONTEXT() REPRESENTATION_CONTEXT('2D SPACE',''
  ) );
#10257 = ORIENTED_EDGE('',*,*,#10258,.T.);
#10258 = EDGE_CURVE('',#10239,#10259,#10261,.T.);
#10259 = VERTEX_POINT('',#10260);
#10260 = CARTESIAN_POINT('',(-26.27867132867,38.278671328671,13.5));
#10261 = SURFACE_CURVE('',#10262,(#10285,#10311),.PCURVE_S1.);
#10262 = B_SPLINE_CURVE_WITH_KNOTS('',6,(#10263,#10264,#10265,#10266,
    #10267,#10268,#10269,#10270,#10271,#10272,#10273,#10274,#10275,
    #10276,#10277,#10278,#10279,#10280,#10281,#10282,#10283,#10284),
  .UNSPECIFIED.,.F.,.F.,(7,5,5,5,7),(0.,0.251999871945,0.500999935579,
    0.749999999273,1.),.UNSPECIFIED.);
#10263 = CARTESIAN_POINT('',(-38.27867132867,26.278671328671,13.5));
#10264 = CARTESIAN_POINT('',(-38.27867132867,27.070339609699,13.5));
#10265 = CARTESIAN_POINT('',(-38.21599734188,27.862055368202,13.5));
#10266 = CARTESIAN_POINT('',(-38.09063592933,28.647511517252,13.5));
#10267 = CARTESIAN_POINT('',(-37.90344424603,29.42056786557,13.5));
#10268 = CARTESIAN_POINT('',(-37.65599884962,30.175228461651,13.5));
#10269 = CARTESIAN_POINT('',(-37.04912335489,31.627434681399,13.5));
#10270 = CARTESIAN_POINT('',(-36.6910262885,32.325637268357,13.5));
#10271 = CARTESIAN_POINT('',(-36.27878645443,32.994670289836,13.5));
#10272 = CARTESIAN_POINT('',(-35.81544175647,33.629381682765,13.5));
#10273 = CARTESIAN_POINT('',(-35.3046119923,34.225010184824,13.5));
#10274 = CARTESIAN_POINT('',(-34.19661518947,35.329531569317,13.5));
#10275 = CARTESIAN_POINT('',(-33.59938481015,35.838487593681,13.5));
#10276 = CARTESIAN_POINT('',(-32.96322091138,36.299836003983,13.5));
#10277 = CARTESIAN_POINT('',(-32.29289610401,36.709971978463,13.5));
#10278 = CARTESIAN_POINT('',(-31.59357196914,37.065873813319,13.5));
#10279 = CARTESIAN_POINT('',(-30.1452708026,37.665779802266,13.5));
#10280 = CARTESIAN_POINT('',(-29.39602187064,37.909363555959,13.5));
#10281 = CARTESIAN_POINT('',(-28.62880854556,38.093609002441,13.5));
#10282 = CARTESIAN_POINT('',(-27.84948816407,38.216988158231,13.5));
#10283 = CARTESIAN_POINT('',(-27.06405692981,38.278671328671,13.5));
#10284 = CARTESIAN_POINT('',(-26.27867132867,38.278671328671,13.5));
#10285 = PCURVE('',#9463,#10286);
#10286 = DEFINITIONAL_REPRESENTATION('',(#10287),#10310);
#10287 = B_SPLINE_CURVE_WITH_KNOTS('',6,(#10288,#10289,#10290,#10291,
    #10292,#10293,#10294,#10295,#10296,#10297,#10298,#10299,#10300,
    #10301,#10302,#10303,#10304,#10305,#10306,#10307,#10308,#10309),
  .UNSPECIFIED.,.F.,.F.,(7,5,5,5,7),(0.,0.251999871945,0.500999935579,
    0.749999999273,1.),.UNSPECIFIED.);
#10288 = CARTESIAN_POINT('',(1.596328671329,66.153671328671));
#10289 = CARTESIAN_POINT('',(1.596328671329,66.945339609699));
#10290 = CARTESIAN_POINT('',(1.659002658115,67.737055368202));
#10291 = CARTESIAN_POINT('',(1.784364070668,68.522511517252));
#10292 = CARTESIAN_POINT('',(1.971555753963,69.29556786557));
#10293 = CARTESIAN_POINT('',(2.219001150372,70.050228461651));
#10294 = CARTESIAN_POINT('',(2.825876645103,71.502434681399));
#10295 = CARTESIAN_POINT('',(3.183973711496,72.200637268357));
#10296 = CARTESIAN_POINT('',(3.596213545566,72.869670289836));
#10297 = CARTESIAN_POINT('',(4.059558243527,73.504381682765));
#10298 = CARTESIAN_POINT('',(4.570388007697,74.100010184824));
#10299 = CARTESIAN_POINT('',(5.67838481053,75.204531569317));
#10300 = CARTESIAN_POINT('',(6.275615189844,75.713487593681));
#10301 = CARTESIAN_POINT('',(6.911779088613,76.174836003983));
#10302 = CARTESIAN_POINT('',(7.582103895983,76.584971978463));
#10303 = CARTESIAN_POINT('',(8.281428030855,76.940873813319));
#10304 = CARTESIAN_POINT('',(9.729729197392,77.540779802266));
#10305 = CARTESIAN_POINT('',(10.478978129359,77.784363555959));
#10306 = CARTESIAN_POINT('',(11.246191454435,77.968609002441));
#10307 = CARTESIAN_POINT('',(12.025511835923,78.091988158231));
#10308 = CARTESIAN_POINT('',(12.810943070186,78.153671328671));
#10309 = CARTESIAN_POINT('',(13.596328671329,78.153671328671));
#10310 = ( GEOMETRIC_REPRESENTATION_CONTEXT(2) 
PARAMETRIC_REPRESENTATION_CONTEXT() REPRESENTATION_CONTEXT('2D SPACE',''
  ) );
#10311 = PCURVE('',#9836,#10312);
#10312 = DEFINITIONAL_REPRESENTATION('',(#10313),#10336);
#10313 = B_SPLINE_CURVE_WITH_KNOTS('',6,(#10314,#10315,#10316,#10317,
    #10318,#10319,#10320,#10321,#10322,#10323,#10324,#10325,#10326,
    #10327,#10328,#10329,#10330,#10331,#10332,#10333,#10334,#10335),
  .UNSPECIFIED.,.F.,.F.,(7,5,5,5,7),(0.,0.251999871945,0.500999935579,
    0.749999999273,1.),.UNSPECIFIED.);
#10314 = CARTESIAN_POINT('',(3.14159265359,0.475524475524));
#10315 = CARTESIAN_POINT('',(3.075620296838,0.475524475524));
#10316 = CARTESIAN_POINT('',(3.009644027804,0.475524475524));
#10317 = CARTESIAN_POINT('',(2.943672317588,0.475524475524));
#10318 = CARTESIAN_POINT('',(2.877700612839,0.475524475524));
#10319 = CARTESIAN_POINT('',(2.811724336709,0.475524475524));
#10320 = CARTESIAN_POINT('',(2.68056495719,0.475524475524));
#10321 = CARTESIAN_POINT('',(2.615374244191,0.475524475524));
#10322 = CARTESIAN_POINT('',(2.550187840698,0.475524475524));
#10323 = CARTESIAN_POINT('',(2.485001434555,0.475524475524));
#10324 = CARTESIAN_POINT('',(2.419810718025,0.475524475524));
#10325 = CARTESIAN_POINT('',(2.28943666969,0.475524475524));
#10326 = CARTESIAN_POINT('',(2.224245953188,0.475524475524));
#10327 = CARTESIAN_POINT('',(2.159059547115,0.475524475524));
#10328 = CARTESIAN_POINT('',(2.093873143664,0.475524475524));
#10329 = CARTESIAN_POINT('',(2.02868243062,0.475524475524));
#10330 = CARTESIAN_POINT('',(1.898046607649,0.475524475524));
#10331 = CARTESIAN_POINT('',(1.832594039779,0.475524475524));
#10332 = CARTESIAN_POINT('',(1.767145866307,0.475524475524));
#10333 = CARTESIAN_POINT('',(1.701697687669,0.475524475524));
#10334 = CARTESIAN_POINT('',(1.63624512689,0.475524475524));
#10335 = CARTESIAN_POINT('',(1.570796326795,0.475524475524));
#10336 = ( GEOMETRIC_REPRESENTATION_CONTEXT(2) 
PARAMETRIC_REPRESENTATION_CONTEXT() REPRESENTATION_CONTEXT('2D SPACE',''
  ) );
#10337 = ORIENTED_EDGE('',*,*,#10338,.T.);
#10338 = EDGE_CURVE('',#10259,#10339,#10341,.T.);
#10339 = VERTEX_POINT('',#10340);
#10340 = CARTESIAN_POINT('',(26.278671328671,38.278671328671,13.5));
#10341 = SURFACE_CURVE('',#10342,(#10345,#10351),.PCURVE_S1.);
#10342 = B_SPLINE_CURVE_WITH_KNOTS('',1,(#10343,#10344),.UNSPECIFIED.,
  .F.,.F.,(2,2),(0.,1.),.PIECEWISE_BEZIER_KNOTS.);
#10343 = CARTESIAN_POINT('',(-26.27867132867,38.278671328671,13.5));
#10344 = CARTESIAN_POINT('',(26.278671328671,38.278671328671,13.5));
#10345 = PCURVE('',#9463,#10346);
#10346 = DEFINITIONAL_REPRESENTATION('',(#10347),#10350);
#10347 = B_SPLINE_CURVE_WITH_KNOTS('',1,(#10348,#10349),.UNSPECIFIED.,
  .F.,.F.,(2,2),(0.,1.),.PIECEWISE_BEZIER_KNOTS.);
#10348 = CARTESIAN_POINT('',(13.596328671329,78.153671328671));
#10349 = CARTESIAN_POINT('',(66.153671328671,78.153671328671));
#10350 = ( GEOMETRIC_REPRESENTATION_CONTEXT(2) 
PARAMETRIC_REPRESENTATION_CONTEXT() REPRESENTATION_CONTEXT('2D SPACE',''
  ) );
#10351 = PCURVE('',#9895,#10352);
#10352 = DEFINITIONAL_REPRESENTATION('',(#10353),#10356);
#10353 = B_SPLINE_CURVE_WITH_KNOTS('',1,(#10354,#10355),.UNSPECIFIED.,
  .F.,.F.,(2,2),(0.,1.),.PIECEWISE_BEZIER_KNOTS.);
#10354 = CARTESIAN_POINT('',(27.325,0.475524475524));
#10355 = CARTESIAN_POINT('',(-27.325,0.475524475524));
#10356 = ( GEOMETRIC_REPRESENTATION_CONTEXT(2) 
PARAMETRIC_REPRESENTATION_CONTEXT() REPRESENTATION_CONTEXT('2D SPACE',''
  ) );
#10357 = ORIENTED_EDGE('',*,*,#10358,.T.);
#10358 = EDGE_CURVE('',#10339,#10359,#10361,.T.);
#10359 = VERTEX_POINT('',#10360);
#10360 = CARTESIAN_POINT('',(38.278671328671,26.278671328671,13.5));
#10361 = SURFACE_CURVE('',#10362,(#10385,#10411),.PCURVE_S1.);
#10362 = B_SPLINE_CURVE_WITH_KNOTS('',6,(#10363,#10364,#10365,#10366,
    #10367,#10368,#10369,#10370,#10371,#10372,#10373,#10374,#10375,
    #10376,#10377,#10378,#10379,#10380,#10381,#10382,#10383,#10384),
  .UNSPECIFIED.,.F.,.F.,(7,5,5,5,7),(0.,0.251999871945,0.500999935579,
    0.749999999273,1.),.UNSPECIFIED.);
#10363 = CARTESIAN_POINT('',(26.278671328671,38.278671328671,13.5));
#10364 = CARTESIAN_POINT('',(27.070339609699,38.278671328671,13.5));
#10365 = CARTESIAN_POINT('',(27.862055368201,38.215997341885,13.5));
#10366 = CARTESIAN_POINT('',(28.647511517252,38.090635929332,13.5));
#10367 = CARTESIAN_POINT('',(29.42056786557,37.903444246038,13.5));
#10368 = CARTESIAN_POINT('',(30.175228461651,37.655998849628,13.5));
#10369 = CARTESIAN_POINT('',(31.627434681399,37.049123354897,13.5));
#10370 = CARTESIAN_POINT('',(32.325637268357,36.691026288504,13.5));
#10371 = CARTESIAN_POINT('',(32.994670289836,36.278786454434,13.5));
#10372 = CARTESIAN_POINT('',(33.629381682766,35.815441756472,13.5));
#10373 = CARTESIAN_POINT('',(34.225010184823,35.304611992303,13.5));
#10374 = CARTESIAN_POINT('',(35.329531569317,34.196615189469,13.5));
#10375 = CARTESIAN_POINT('',(35.838487593681,33.599384810157,13.5));
#10376 = CARTESIAN_POINT('',(36.299836003984,32.963220911386,13.5));
#10377 = CARTESIAN_POINT('',(36.709971978463,32.292896104018,13.5));
#10378 = CARTESIAN_POINT('',(37.065873813319,31.593571969145,13.5));
#10379 = CARTESIAN_POINT('',(37.665779802266,30.145270802608,13.5));
#10380 = CARTESIAN_POINT('',(37.909363555959,29.39602187064,13.5));
#10381 = CARTESIAN_POINT('',(38.093609002441,28.628808545566,13.5));
#10382 = CARTESIAN_POINT('',(38.216988158231,27.849488164077,13.5));
#10383 = CARTESIAN_POINT('',(38.278671328671,27.064056929814,13.5));
#10384 = CARTESIAN_POINT('',(38.278671328671,26.278671328671,13.5));
#10385 = PCURVE('',#9463,#10386);
#10386 = DEFINITIONAL_REPRESENTATION('',(#10387),#10410);
#10387 = B_SPLINE_CURVE_WITH_KNOTS('',6,(#10388,#10389,#10390,#10391,
    #10392,#10393,#10394,#10395,#10396,#10397,#10398,#10399,#10400,
    #10401,#10402,#10403,#10404,#10405,#10406,#10407,#10408,#10409),
  .UNSPECIFIED.,.F.,.F.,(7,5,5,5,7),(0.,0.251999871945,0.500999935579,
    0.749999999273,1.),.UNSPECIFIED.);
#10388 = CARTESIAN_POINT('',(66.153671328671,78.153671328671));
#10389 = CARTESIAN_POINT('',(66.945339609699,78.153671328671));
#10390 = CARTESIAN_POINT('',(67.737055368201,78.090997341885));
#10391 = CARTESIAN_POINT('',(68.522511517252,77.965635929332));
#10392 = CARTESIAN_POINT('',(69.29556786557,77.778444246038));
#10393 = CARTESIAN_POINT('',(70.050228461651,77.530998849628));
#10394 = CARTESIAN_POINT('',(71.502434681399,76.924123354897));
#10395 = CARTESIAN_POINT('',(72.200637268357,76.566026288504));
#10396 = CARTESIAN_POINT('',(72.869670289836,76.153786454434));
#10397 = CARTESIAN_POINT('',(73.504381682766,75.690441756472));
#10398 = CARTESIAN_POINT('',(74.100010184823,75.179611992303));
#10399 = CARTESIAN_POINT('',(75.204531569317,74.071615189469));
#10400 = CARTESIAN_POINT('',(75.713487593681,73.474384810157));
#10401 = CARTESIAN_POINT('',(76.174836003984,72.838220911386));
#10402 = CARTESIAN_POINT('',(76.584971978463,72.167896104018));
#10403 = CARTESIAN_POINT('',(76.940873813319,71.468571969145));
#10404 = CARTESIAN_POINT('',(77.540779802266,70.020270802608));
#10405 = CARTESIAN_POINT('',(77.784363555959,69.27102187064));
#10406 = CARTESIAN_POINT('',(77.968609002441,68.503808545566));
#10407 = CARTESIAN_POINT('',(78.091988158231,67.724488164077));
#10408 = CARTESIAN_POINT('',(78.153671328671,66.939056929814));
#10409 = CARTESIAN_POINT('',(78.153671328671,66.153671328671));
#10410 = ( GEOMETRIC_REPRESENTATION_CONTEXT(2) 
PARAMETRIC_REPRESENTATION_CONTEXT() REPRESENTATION_CONTEXT('2D SPACE',''
  ) );
#10411 = PCURVE('',#9960,#10412);
#10412 = DEFINITIONAL_REPRESENTATION('',(#10413),#10436);
#10413 = B_SPLINE_CURVE_WITH_KNOTS('',6,(#10414,#10415,#10416,#10417,
    #10418,#10419,#10420,#10421,#10422,#10423,#10424,#10425,#10426,
    #10427,#10428,#10429,#10430,#10431,#10432,#10433,#10434,#10435),
  .UNSPECIFIED.,.F.,.F.,(7,5,5,5,7),(0.,0.251999871945,0.500999935579,
    0.749999999273,1.),.UNSPECIFIED.);
#10414 = CARTESIAN_POINT('',(1.570796326795,0.475524475524));
#10415 = CARTESIAN_POINT('',(1.504823970043,0.475524475524));
#10416 = CARTESIAN_POINT('',(1.438847701009,0.475524475524));
#10417 = CARTESIAN_POINT('',(1.372875990793,0.475524475524));
#10418 = CARTESIAN_POINT('',(1.306904286044,0.475524475524));
#10419 = CARTESIAN_POINT('',(1.240928009914,0.475524475524));
#10420 = CARTESIAN_POINT('',(1.109768630395,0.475524475524));
#10421 = CARTESIAN_POINT('',(1.044577917396,0.475524475524));
#10422 = CARTESIAN_POINT('',(0.979391513903,0.475524475524));
#10423 = CARTESIAN_POINT('',(0.91420510776,0.475524475524));
#10424 = CARTESIAN_POINT('',(0.84901439123,0.475524475524));
#10425 = CARTESIAN_POINT('',(0.718640342895,0.475524475524));
#10426 = CARTESIAN_POINT('',(0.653449626393,0.475524475524));
#10427 = CARTESIAN_POINT('',(0.58826322032,0.475524475524));
#10428 = CARTESIAN_POINT('',(0.523076816869,0.475524475524));
#10429 = CARTESIAN_POINT('',(0.457886103825,0.475524475524));
#10430 = CARTESIAN_POINT('',(0.327250280854,0.475524475524));
#10431 = CARTESIAN_POINT('',(0.261797712984,0.475524475524));
#10432 = CARTESIAN_POINT('',(0.196349539512,0.475524475524));
#10433 = CARTESIAN_POINT('',(0.130901360874,0.475524475524));
#10434 = CARTESIAN_POINT('',(6.544880009525E-02,0.475524475524));
#10435 = CARTESIAN_POINT('',(0.,0.475524475524));
#10436 = ( GEOMETRIC_REPRESENTATION_CONTEXT(2) 
PARAMETRIC_REPRESENTATION_CONTEXT() REPRESENTATION_CONTEXT('2D SPACE',''
  ) );
#10437 = ORIENTED_EDGE('',*,*,#10438,.T.);
#10438 = EDGE_CURVE('',#10359,#10439,#10441,.T.);
#10439 = VERTEX_POINT('',#10440);
#10440 = CARTESIAN_POINT('',(38.278671328671,-26.27867132867,13.5));
#10441 = SURFACE_CURVE('',#10442,(#10445,#10451),.PCURVE_S1.);
#10442 = B_SPLINE_CURVE_WITH_KNOTS('',1,(#10443,#10444),.UNSPECIFIED.,
  .F.,.F.,(2,2),(0.,1.),.PIECEWISE_BEZIER_KNOTS.);
#10443 = CARTESIAN_POINT('',(38.278671328671,26.278671328671,13.5));
#10444 = CARTESIAN_POINT('',(38.278671328671,-26.27867132867,13.5));
#10445 = PCURVE('',#9463,#10446);
#10446 = DEFINITIONAL_REPRESENTATION('',(#10447),#10450);
#10447 = B_SPLINE_CURVE_WITH_KNOTS('',1,(#10448,#10449),.UNSPECIFIED.,
  .F.,.F.,(2,2),(0.,1.),.PIECEWISE_BEZIER_KNOTS.);
#10448 = CARTESIAN_POINT('',(78.153671328671,66.153671328671));
#10449 = CARTESIAN_POINT('',(78.153671328671,13.596328671329));
#10450 = ( GEOMETRIC_REPRESENTATION_CONTEXT(2) 
PARAMETRIC_REPRESENTATION_CONTEXT() REPRESENTATION_CONTEXT('2D SPACE',''
  ) );
#10451 = PCURVE('',#10019,#10452);
#10452 = DEFINITIONAL_REPRESENTATION('',(#10453),#10456);
#10453 = B_SPLINE_CURVE_WITH_KNOTS('',1,(#10454,#10455),.UNSPECIFIED.,
  .F.,.F.,(2,2),(0.,1.),.PIECEWISE_BEZIER_KNOTS.);
#10454 = CARTESIAN_POINT('',(27.325,0.475524475524));
#10455 = CARTESIAN_POINT('',(-27.325,0.475524475524));
#10456 = ( GEOMETRIC_REPRESENTATION_CONTEXT(2) 
PARAMETRIC_REPRESENTATION_CONTEXT() REPRESENTATION_CONTEXT('2D SPACE',''
  ) );
#10457 = ORIENTED_EDGE('',*,*,#10458,.T.);
#10458 = EDGE_CURVE('',#10439,#10137,#10459,.T.);
#10459 = SURFACE_CURVE('',#10460,(#10483,#10509),.PCURVE_S1.);
#10460 = B_SPLINE_CURVE_WITH_KNOTS('',6,(#10461,#10462,#10463,#10464,
    #10465,#10466,#10467,#10468,#10469,#10470,#10471,#10472,#10473,
    #10474,#10475,#10476,#10477,#10478,#10479,#10480,#10481,#10482),
  .UNSPECIFIED.,.F.,.F.,(7,5,5,5,7),(0.,0.251999871945,0.500999935579,
    0.749999999273,1.),.UNSPECIFIED.);
#10461 = CARTESIAN_POINT('',(38.278671328671,-26.27867132867,13.5));
#10462 = CARTESIAN_POINT('',(38.278671328671,-27.07033960969,13.5));
#10463 = CARTESIAN_POINT('',(38.215997341884,-27.8620553682,13.5));
#10464 = CARTESIAN_POINT('',(38.090635929333,-28.64751151724,13.5));
#10465 = CARTESIAN_POINT('',(37.903444246036,-29.42056786557,13.5));
#10466 = CARTESIAN_POINT('',(37.655998849628,-30.17522846165,13.5));
#10467 = CARTESIAN_POINT('',(37.049123354897,-31.62743468139,13.5));
#10468 = CARTESIAN_POINT('',(36.691026288504,-32.32563726835,13.5));
#10469 = CARTESIAN_POINT('',(36.278786454434,-32.99467028983,13.5));
#10470 = CARTESIAN_POINT('',(35.815441756473,-33.62938168276,13.5));
#10471 = CARTESIAN_POINT('',(35.304611992303,-34.22501018482,13.5));
#10472 = CARTESIAN_POINT('',(34.196615189469,-35.32953156931,13.5));
#10473 = CARTESIAN_POINT('',(33.599384810158,-35.83848759367,13.5));
#10474 = CARTESIAN_POINT('',(32.963220911385,-36.29983600398,13.5));
#10475 = CARTESIAN_POINT('',(32.292896104019,-36.70997197846,13.5));
#10476 = CARTESIAN_POINT('',(31.593571969145,-37.06587381331,13.5));
#10477 = CARTESIAN_POINT('',(30.145270802608,-37.66577980226,13.5));
#10478 = CARTESIAN_POINT('',(29.39602187064,-37.90936355595,13.5));
#10479 = CARTESIAN_POINT('',(28.628808545566,-38.09360900244,13.5));
#10480 = CARTESIAN_POINT('',(27.849488164077,-38.21698815823,13.5));
#10481 = CARTESIAN_POINT('',(27.064056929814,-38.27867132867,13.5));
#10482 = CARTESIAN_POINT('',(26.278671328671,-38.27867132867,13.5));
#10483 = PCURVE('',#9463,#10484);
#10484 = DEFINITIONAL_REPRESENTATION('',(#10485),#10508);
#10485 = B_SPLINE_CURVE_WITH_KNOTS('',6,(#10486,#10487,#10488,#10489,
    #10490,#10491,#10492,#10493,#10494,#10495,#10496,#10497,#10498,
    #10499,#10500,#10501,#10502,#10503,#10504,#10505,#10506,#10507),
  .UNSPECIFIED.,.F.,.F.,(7,5,5,5,7),(0.,0.251999871945,0.500999935579,
    0.749999999273,1.),.UNSPECIFIED.);
#10486 = CARTESIAN_POINT('',(78.153671328671,13.596328671329));
#10487 = CARTESIAN_POINT('',(78.153671328671,12.804660390302));
#10488 = CARTESIAN_POINT('',(78.090997341884,12.012944631796));
#10489 = CARTESIAN_POINT('',(77.965635929333,11.227488482752));
#10490 = CARTESIAN_POINT('',(77.778444246036,10.454432134428));
#10491 = CARTESIAN_POINT('',(77.530998849628,9.69977153835));
#10492 = CARTESIAN_POINT('',(76.924123354897,8.2475653186));
#10493 = CARTESIAN_POINT('',(76.566026288504,7.549362731643));
#10494 = CARTESIAN_POINT('',(76.153786454434,6.880329710164));
#10495 = CARTESIAN_POINT('',(75.690441756473,6.245618317234));
#10496 = CARTESIAN_POINT('',(75.179611992303,5.649989815177));
#10497 = CARTESIAN_POINT('',(74.071615189469,4.545468430683));
#10498 = CARTESIAN_POINT('',(73.474384810158,4.036512406321));
#10499 = CARTESIAN_POINT('',(72.838220911385,3.575163996015));
#10500 = CARTESIAN_POINT('',(72.167896104019,3.165028021538));
#10501 = CARTESIAN_POINT('',(71.468571969145,2.809126186681));
#10502 = CARTESIAN_POINT('',(70.020270802608,2.209220197734));
#10503 = CARTESIAN_POINT('',(69.27102187064,1.965636444041));
#10504 = CARTESIAN_POINT('',(68.503808545566,1.781390997559));
#10505 = CARTESIAN_POINT('',(67.724488164077,1.658011841769));
#10506 = CARTESIAN_POINT('',(66.939056929814,1.596328671329));
#10507 = CARTESIAN_POINT('',(66.153671328671,1.596328671329));
#10508 = ( GEOMETRIC_REPRESENTATION_CONTEXT(2) 
PARAMETRIC_REPRESENTATION_CONTEXT() REPRESENTATION_CONTEXT('2D SPACE',''
  ) );
#10509 = PCURVE('',#10082,#10510);
#10510 = DEFINITIONAL_REPRESENTATION('',(#10511),#10534);
#10511 = B_SPLINE_CURVE_WITH_KNOTS('',6,(#10512,#10513,#10514,#10515,
    #10516,#10517,#10518,#10519,#10520,#10521,#10522,#10523,#10524,
    #10525,#10526,#10527,#10528,#10529,#10530,#10531,#10532,#10533),
  .UNSPECIFIED.,.F.,.F.,(7,5,5,5,7),(0.,0.251999871945,0.500999935579,
    0.749999999273,1.),.UNSPECIFIED.);
#10512 = CARTESIAN_POINT('',(6.28318530718,0.475524475524));
#10513 = CARTESIAN_POINT('',(6.217212950427,0.475524475524));
#10514 = CARTESIAN_POINT('',(6.151236681394,0.475524475524));
#10515 = CARTESIAN_POINT('',(6.085264971178,0.475524475524));
#10516 = CARTESIAN_POINT('',(6.019293266429,0.475524475524));
#10517 = CARTESIAN_POINT('',(5.953316990299,0.475524475524));
#10518 = CARTESIAN_POINT('',(5.822157610779,0.475524475524));
#10519 = CARTESIAN_POINT('',(5.756966897781,0.475524475524));
#10520 = CARTESIAN_POINT('',(5.691780494288,0.475524475524));
#10521 = CARTESIAN_POINT('',(5.626594088145,0.475524475524));
#10522 = CARTESIAN_POINT('',(5.561403371615,0.475524475524));
#10523 = CARTESIAN_POINT('',(5.43102932328,0.475524475524));
#10524 = CARTESIAN_POINT('',(5.365838606778,0.475524475524));
#10525 = CARTESIAN_POINT('',(5.300652200704,0.475524475524));
#10526 = CARTESIAN_POINT('',(5.235465797254,0.475524475524));
#10527 = CARTESIAN_POINT('',(5.17027508421,0.475524475524));
#10528 = CARTESIAN_POINT('',(5.039639261239,0.475524475524));
#10529 = CARTESIAN_POINT('',(4.974186693369,0.475524475524));
#10530 = CARTESIAN_POINT('',(4.908738519896,0.475524475524));
#10531 = CARTESIAN_POINT('',(4.843290341259,0.475524475524));
#10532 = CARTESIAN_POINT('',(4.77783778048,0.475524475524));
#10533 = CARTESIAN_POINT('',(4.712388980385,0.475524475524));
#10534 = ( GEOMETRIC_REPRESENTATION_CONTEXT(2) 
PARAMETRIC_REPRESENTATION_CONTEXT() REPRESENTATION_CONTEXT('2D SPACE',''
  ) );
#10535 = ADVANCED_FACE('',(#10536),#9647,.F.);
#10536 = FACE_BOUND('',#10537,.F.);
#10537 = EDGE_LOOP('',(#10538,#10558,#10559,#10579));
#10538 = ORIENTED_EDGE('',*,*,#10539,.F.);
#10539 = EDGE_CURVE('',#9634,#10139,#10540,.T.);
#10540 = SURFACE_CURVE('',#10541,(#10544,#10551),.PCURVE_S1.);
#10541 = B_SPLINE_CURVE_WITH_KNOTS('',1,(#10542,#10543),.UNSPECIFIED.,
  .F.,.F.,(2,2),(0.,1.),.PIECEWISE_BEZIER_KNOTS.);
#10542 = CARTESIAN_POINT('',(-25.33,-37.33,6.7));
#10543 = CARTESIAN_POINT('',(-27.325,-39.325,21.));
#10544 = PCURVE('',#9647,#10545);
#10545 = DEFINITIONAL_REPRESENTATION('',(#10546),#10550);
#10546 = LINE('',#10547,#10548);
#10547 = CARTESIAN_POINT('',(-27.325,0.));
#10548 = VECTOR('',#10549,1.);
#10549 = DIRECTION('',(0.,1.));
#10550 = ( GEOMETRIC_REPRESENTATION_CONTEXT(2) 
PARAMETRIC_REPRESENTATION_CONTEXT() REPRESENTATION_CONTEXT('2D SPACE',''
  ) );
#10551 = PCURVE('',#9712,#10552);
#10552 = DEFINITIONAL_REPRESENTATION('',(#10553),#10557);
#10553 = LINE('',#10554,#10555);
#10554 = CARTESIAN_POINT('',(4.712388980385,0.));
#10555 = VECTOR('',#10556,1.);
#10556 = DIRECTION('',(0.,1.));
#10557 = ( GEOMETRIC_REPRESENTATION_CONTEXT(2) 
PARAMETRIC_REPRESENTATION_CONTEXT() REPRESENTATION_CONTEXT('2D SPACE',''
  ) );
#10558 = ORIENTED_EDGE('',*,*,#9631,.F.);
#10559 = ORIENTED_EDGE('',*,*,#10560,.T.);
#10560 = EDGE_CURVE('',#9632,#10137,#10561,.T.);
#10561 = SURFACE_CURVE('',#10562,(#10565,#10572),.PCURVE_S1.);
#10562 = B_SPLINE_CURVE_WITH_KNOTS('',1,(#10563,#10564),.UNSPECIFIED.,
  .F.,.F.,(2,2),(0.,1.),.PIECEWISE_BEZIER_KNOTS.);
#10563 = CARTESIAN_POINT('',(25.33,-37.33,6.7));
#10564 = CARTESIAN_POINT('',(27.325,-39.325,21.));
#10565 = PCURVE('',#9647,#10566);
#10566 = DEFINITIONAL_REPRESENTATION('',(#10567),#10571);
#10567 = LINE('',#10568,#10569);
#10568 = CARTESIAN_POINT('',(27.325,0.));
#10569 = VECTOR('',#10570,1.);
#10570 = DIRECTION('',(0.,1.));
#10571 = ( GEOMETRIC_REPRESENTATION_CONTEXT(2) 
PARAMETRIC_REPRESENTATION_CONTEXT() REPRESENTATION_CONTEXT('2D SPACE',''
  ) );
#10572 = PCURVE('',#10082,#10573);
#10573 = DEFINITIONAL_REPRESENTATION('',(#10574),#10578);
#10574 = LINE('',#10575,#10576);
#10575 = CARTESIAN_POINT('',(4.712388980385,0.));
#10576 = VECTOR('',#10577,1.);
#10577 = DIRECTION('',(0.,1.));
#10578 = ( GEOMETRIC_REPRESENTATION_CONTEXT(2) 
PARAMETRIC_REPRESENTATION_CONTEXT() REPRESENTATION_CONTEXT('2D SPACE',''
  ) );
#10579 = ORIENTED_EDGE('',*,*,#10136,.T.);
#10580 = ADVANCED_FACE('',(#10581),#10082,.F.);
#10581 = FACE_BOUND('',#10582,.F.);
#10582 = EDGE_LOOP('',(#10583,#10584,#10585,#10605));
#10583 = ORIENTED_EDGE('',*,*,#10560,.F.);
#10584 = ORIENTED_EDGE('',*,*,#10030,.F.);
#10585 = ORIENTED_EDGE('',*,*,#10586,.T.);
#10586 = EDGE_CURVE('',#10006,#10439,#10587,.T.);
#10587 = SURFACE_CURVE('',#10588,(#10591,#10598),.PCURVE_S1.);
#10588 = B_SPLINE_CURVE_WITH_KNOTS('',1,(#10589,#10590),.UNSPECIFIED.,
  .F.,.F.,(2,2),(0.,1.),.PIECEWISE_BEZIER_KNOTS.);
#10589 = CARTESIAN_POINT('',(37.33,-25.33,6.7));
#10590 = CARTESIAN_POINT('',(39.325,-27.325,21.));
#10591 = PCURVE('',#10082,#10592);
#10592 = DEFINITIONAL_REPRESENTATION('',(#10593),#10597);
#10593 = LINE('',#10594,#10595);
#10594 = CARTESIAN_POINT('',(6.28318530718,0.));
#10595 = VECTOR('',#10596,1.);
#10596 = DIRECTION('',(0.,1.));
#10597 = ( GEOMETRIC_REPRESENTATION_CONTEXT(2) 
PARAMETRIC_REPRESENTATION_CONTEXT() REPRESENTATION_CONTEXT('2D SPACE',''
  ) );
#10598 = PCURVE('',#10019,#10599);
#10599 = DEFINITIONAL_REPRESENTATION('',(#10600),#10604);
#10600 = LINE('',#10601,#10602);
#10601 = CARTESIAN_POINT('',(-27.325,0.));
#10602 = VECTOR('',#10603,1.);
#10603 = DIRECTION('',(0.,1.));
#10604 = ( GEOMETRIC_REPRESENTATION_CONTEXT(2) 
PARAMETRIC_REPRESENTATION_CONTEXT() REPRESENTATION_CONTEXT('2D SPACE',''
  ) );
#10605 = ORIENTED_EDGE('',*,*,#10458,.T.);
#10606 = ADVANCED_FACE('',(#10607),#10019,.F.);
#10607 = FACE_BOUND('',#10608,.F.);
#10608 = EDGE_LOOP('',(#10609,#10610,#10611,#10631));
#10609 = ORIENTED_EDGE('',*,*,#10586,.F.);
#10610 = ORIENTED_EDGE('',*,*,#10005,.F.);
#10611 = ORIENTED_EDGE('',*,*,#10612,.T.);
#10612 = EDGE_CURVE('',#9907,#10359,#10613,.T.);
#10613 = SURFACE_CURVE('',#10614,(#10617,#10624),.PCURVE_S1.);
#10614 = B_SPLINE_CURVE_WITH_KNOTS('',1,(#10615,#10616),.UNSPECIFIED.,
  .F.,.F.,(2,2),(0.,1.),.PIECEWISE_BEZIER_KNOTS.);
#10615 = CARTESIAN_POINT('',(37.33,25.33,6.7));
#10616 = CARTESIAN_POINT('',(39.325,27.325,21.));
#10617 = PCURVE('',#10019,#10618);
#10618 = DEFINITIONAL_REPRESENTATION('',(#10619),#10623);
#10619 = LINE('',#10620,#10621);
#10620 = CARTESIAN_POINT('',(27.325,0.));
#10621 = VECTOR('',#10622,1.);
#10622 = DIRECTION('',(0.,1.));
#10623 = ( GEOMETRIC_REPRESENTATION_CONTEXT(2) 
PARAMETRIC_REPRESENTATION_CONTEXT() REPRESENTATION_CONTEXT('2D SPACE',''
  ) );
#10624 = PCURVE('',#9960,#10625);
#10625 = DEFINITIONAL_REPRESENTATION('',(#10626),#10630);
#10626 = LINE('',#10627,#10628);
#10627 = CARTESIAN_POINT('',(0.,0.));
#10628 = VECTOR('',#10629,1.);
#10629 = DIRECTION('',(0.,1.));
#10630 = ( GEOMETRIC_REPRESENTATION_CONTEXT(2) 
PARAMETRIC_REPRESENTATION_CONTEXT() REPRESENTATION_CONTEXT('2D SPACE',''
  ) );
#10631 = ORIENTED_EDGE('',*,*,#10438,.T.);
#10632 = ADVANCED_FACE('',(#10633),#9960,.F.);
#10633 = FACE_BOUND('',#10634,.F.);
#10634 = EDGE_LOOP('',(#10635,#10636,#10637,#10657));
#10635 = ORIENTED_EDGE('',*,*,#10612,.F.);
#10636 = ORIENTED_EDGE('',*,*,#9906,.F.);
#10637 = ORIENTED_EDGE('',*,*,#10638,.T.);
#10638 = EDGE_CURVE('',#9882,#10339,#10639,.T.);
#10639 = SURFACE_CURVE('',#10640,(#10643,#10650),.PCURVE_S1.);
#10640 = B_SPLINE_CURVE_WITH_KNOTS('',1,(#10641,#10642),.UNSPECIFIED.,
  .F.,.F.,(2,2),(0.,1.),.PIECEWISE_BEZIER_KNOTS.);
#10641 = CARTESIAN_POINT('',(25.33,37.33,6.7));
#10642 = CARTESIAN_POINT('',(27.325,39.325,21.));
#10643 = PCURVE('',#9960,#10644);
#10644 = DEFINITIONAL_REPRESENTATION('',(#10645),#10649);
#10645 = LINE('',#10646,#10647);
#10646 = CARTESIAN_POINT('',(1.570796326795,0.));
#10647 = VECTOR('',#10648,1.);
#10648 = DIRECTION('',(0.,1.));
#10649 = ( GEOMETRIC_REPRESENTATION_CONTEXT(2) 
PARAMETRIC_REPRESENTATION_CONTEXT() REPRESENTATION_CONTEXT('2D SPACE',''
  ) );
#10650 = PCURVE('',#9895,#10651);
#10651 = DEFINITIONAL_REPRESENTATION('',(#10652),#10656);
#10652 = LINE('',#10653,#10654);
#10653 = CARTESIAN_POINT('',(-27.325,0.));
#10654 = VECTOR('',#10655,1.);
#10655 = DIRECTION('',(0.,1.));
#10656 = ( GEOMETRIC_REPRESENTATION_CONTEXT(2) 
PARAMETRIC_REPRESENTATION_CONTEXT() REPRESENTATION_CONTEXT('2D SPACE',''
  ) );
#10657 = ORIENTED_EDGE('',*,*,#10358,.T.);
#10658 = ADVANCED_FACE('',(#10659),#9895,.F.);
#10659 = FACE_BOUND('',#10660,.F.);
#10660 = EDGE_LOOP('',(#10661,#10662,#10682,#10683));
#10661 = ORIENTED_EDGE('',*,*,#9881,.F.);
#10662 = ORIENTED_EDGE('',*,*,#10663,.T.);
#10663 = EDGE_CURVE('',#9783,#10259,#10664,.T.);
#10664 = SURFACE_CURVE('',#10665,(#10668,#10675),.PCURVE_S1.);
#10665 = B_SPLINE_CURVE_WITH_KNOTS('',1,(#10666,#10667),.UNSPECIFIED.,
  .F.,.F.,(2,2),(0.,1.),.PIECEWISE_BEZIER_KNOTS.);
#10666 = CARTESIAN_POINT('',(-25.33,37.33,6.7));
#10667 = CARTESIAN_POINT('',(-27.325,39.325,21.));
#10668 = PCURVE('',#9895,#10669);
#10669 = DEFINITIONAL_REPRESENTATION('',(#10670),#10674);
#10670 = LINE('',#10671,#10672);
#10671 = CARTESIAN_POINT('',(27.325,0.));
#10672 = VECTOR('',#10673,1.);
#10673 = DIRECTION('',(0.,1.));
#10674 = ( GEOMETRIC_REPRESENTATION_CONTEXT(2) 
PARAMETRIC_REPRESENTATION_CONTEXT() REPRESENTATION_CONTEXT('2D SPACE',''
  ) );
#10675 = PCURVE('',#9836,#10676);
#10676 = DEFINITIONAL_REPRESENTATION('',(#10677),#10681);
#10677 = LINE('',#10678,#10679);
#10678 = CARTESIAN_POINT('',(1.570796326795,0.));
#10679 = VECTOR('',#10680,1.);
#10680 = DIRECTION('',(0.,1.));
#10681 = ( GEOMETRIC_REPRESENTATION_CONTEXT(2) 
PARAMETRIC_REPRESENTATION_CONTEXT() REPRESENTATION_CONTEXT('2D SPACE',''
  ) );
#10682 = ORIENTED_EDGE('',*,*,#10338,.T.);
#10683 = ORIENTED_EDGE('',*,*,#10638,.F.);
#10684 = ADVANCED_FACE('',(#10685),#9836,.F.);
#10685 = FACE_BOUND('',#10686,.F.);
#10686 = EDGE_LOOP('',(#10687,#10688,#10689,#10709));
#10687 = ORIENTED_EDGE('',*,*,#10663,.F.);
#10688 = ORIENTED_EDGE('',*,*,#9782,.F.);
#10689 = ORIENTED_EDGE('',*,*,#10690,.T.);
#10690 = EDGE_CURVE('',#9758,#10239,#10691,.T.);
#10691 = SURFACE_CURVE('',#10692,(#10695,#10702),.PCURVE_S1.);
#10692 = B_SPLINE_CURVE_WITH_KNOTS('',1,(#10693,#10694),.UNSPECIFIED.,
  .F.,.F.,(2,2),(0.,1.),.PIECEWISE_BEZIER_KNOTS.);
#10693 = CARTESIAN_POINT('',(-37.33,25.33,6.7));
#10694 = CARTESIAN_POINT('',(-39.325,27.325,21.));
#10695 = PCURVE('',#9836,#10696);
#10696 = DEFINITIONAL_REPRESENTATION('',(#10697),#10701);
#10697 = LINE('',#10698,#10699);
#10698 = CARTESIAN_POINT('',(3.14159265359,0.));
#10699 = VECTOR('',#10700,1.);
#10700 = DIRECTION('',(0.,1.));
#10701 = ( GEOMETRIC_REPRESENTATION_CONTEXT(2) 
PARAMETRIC_REPRESENTATION_CONTEXT() REPRESENTATION_CONTEXT('2D SPACE',''
  ) );
#10702 = PCURVE('',#9771,#10703);
#10703 = DEFINITIONAL_REPRESENTATION('',(#10704),#10708);
#10704 = LINE('',#10705,#10706);
#10705 = CARTESIAN_POINT('',(-27.325,0.));
#10706 = VECTOR('',#10707,1.);
#10707 = DIRECTION('',(0.,1.));
#10708 = ( GEOMETRIC_REPRESENTATION_CONTEXT(2) 
PARAMETRIC_REPRESENTATION_CONTEXT() REPRESENTATION_CONTEXT('2D SPACE',''
  ) );
#10709 = ORIENTED_EDGE('',*,*,#10258,.T.);
#10710 = ADVANCED_FACE('',(#10711),#9771,.F.);
#10711 = FACE_BOUND('',#10712,.F.);
#10712 = EDGE_LOOP('',(#10713,#10714,#10734,#10735));
#10713 = ORIENTED_EDGE('',*,*,#9757,.F.);
#10714 = ORIENTED_EDGE('',*,*,#10715,.T.);
#10715 = EDGE_CURVE('',#9659,#10159,#10716,.T.);
#10716 = SURFACE_CURVE('',#10717,(#10720,#10727),.PCURVE_S1.);
#10717 = B_SPLINE_CURVE_WITH_KNOTS('',1,(#10718,#10719),.UNSPECIFIED.,
  .F.,.F.,(2,2),(0.,1.),.PIECEWISE_BEZIER_KNOTS.);
#10718 = CARTESIAN_POINT('',(-37.33,-25.33,6.7));
#10719 = CARTESIAN_POINT('',(-39.325,-27.325,21.));
#10720 = PCURVE('',#9771,#10721);
#10721 = DEFINITIONAL_REPRESENTATION('',(#10722),#10726);
#10722 = LINE('',#10723,#10724);
#10723 = CARTESIAN_POINT('',(27.325,0.));
#10724 = VECTOR('',#10725,1.);
#10725 = DIRECTION('',(0.,1.));
#10726 = ( GEOMETRIC_REPRESENTATION_CONTEXT(2) 
PARAMETRIC_REPRESENTATION_CONTEXT() REPRESENTATION_CONTEXT('2D SPACE',''
  ) );
#10727 = PCURVE('',#9712,#10728);
#10728 = DEFINITIONAL_REPRESENTATION('',(#10729),#10733);
#10729 = LINE('',#10730,#10731);
#10730 = CARTESIAN_POINT('',(3.14159265359,0.));
#10731 = VECTOR('',#10732,1.);
#10732 = DIRECTION('',(0.,1.));
#10733 = ( GEOMETRIC_REPRESENTATION_CONTEXT(2) 
PARAMETRIC_REPRESENTATION_CONTEXT() REPRESENTATION_CONTEXT('2D SPACE',''
  ) );
#10734 = ORIENTED_EDGE('',*,*,#10238,.T.);
#10735 = ORIENTED_EDGE('',*,*,#10690,.F.);
#10736 = ADVANCED_FACE('',(#10737),#9712,.F.);
#10737 = FACE_BOUND('',#10738,.F.);
#10738 = EDGE_LOOP('',(#10739,#10740,#10741,#10742));
#10739 = ORIENTED_EDGE('',*,*,#10715,.F.);
#10740 = ORIENTED_EDGE('',*,*,#9658,.F.);
#10741 = ORIENTED_EDGE('',*,*,#10539,.T.);
#10742 = ORIENTED_EDGE('',*,*,#10158,.T.);
#10743 = ( GEOMETRIC_REPRESENTATION_CONTEXT(3) 
GLOBAL_UNCERTAINTY_ASSIGNED_CONTEXT((#10747)) 
GLOBAL_UNIT_ASSIGNED_CONTEXT((#10744,#10745,#10746)) 
REPRESENTATION_CONTEXT('Context #1',
  '3D Context with UNIT and UNCERTAINTY') );
#10744 = ( LENGTH_UNIT() NAMED_UNIT(*) SI_UNIT(.MILLI.,.METRE.) );
#10745 = ( NAMED_UNIT(*) PLANE_ANGLE_UNIT() SI_UNIT($,.RADIAN.) );
#10746 = ( NAMED_UNIT(*) SI_UNIT($,.STERADIAN.) SOLID_ANGLE_UNIT() );
#10747 = UNCERTAINTY_MEASURE_WITH_UNIT(LENGTH_MEASURE(2.E-06),#10744,
  'distance_accuracy_value','confusion accuracy');
#10748 = PRODUCT_RELATED_PRODUCT_CATEGORY('part',$,(#7));
ENDSEC;
END-ISO-10303-21;
