ISO-10303-21;
HEADER;
FILE_DESCRIPTION(('Open CASCADE Model'),'2;1');
FILE_NAME('Open CASCADE Shape Model','2026-09-28T00:16:13',('Author'),(
    'Open CASCADE'),'Open CASCADE STEP processor 8.0','build123d',
  'Unknown');
FILE_SCHEMA(('AUTOMOTIVE_DESIGN { 1 0 10303 214 1 1 1 1 }'));
ENDSEC;
DATA;
#1 = APPLICATION_PROTOCOL_DEFINITION('international standard',
  'automotive_design',2000,#2);
#2 = APPLICATION_CONTEXT(
  'core data for automotive mechanical design processes');
#3 = SHAPE_DEFINITION_REPRESENTATION(#4,#10);
#4 = PRODUCT_DEFINITION_SHAPE('','',#5);
#5 = PRODUCT_DEFINITION('design','',#6,#9);
#6 = PRODUCT_DEFINITION_FORMATION('','',#7);
#7 = PRODUCT('COMPOUND','COMPOUND','',(#8));
#8 = PRODUCT_CONTEXT('',#2,'mechanical');
#9 = PRODUCT_DEFINITION_CONTEXT('part definition',#2,'design');
#10 = ADVANCED_BREP_SHAPE_REPRESENTATION('',(#11,#15),#10081);
#11 = AXIS2_PLACEMENT_3D('',#12,#13,#14);
#12 = CARTESIAN_POINT('',(0.,0.,0.));
#13 = DIRECTION('',(0.,0.,1.));
#14 = DIRECTION('',(1.,0.,-0.));
#15 = MANIFOLD_SOLID_BREP('',#16);
#16 = CLOSED_SHELL('',(#17,#2918,#3313,#4268,#4423,#4532,#4632,#4681,
    #4730,#4779,#4826,#5045,#5094,#5143,#5192,#5242,#5289,#5461,#5537,
    #5586,#5635,#5662,#5738,#5787,#5836,#5863,#5939,#5988,#6037,#6064,
    #6140,#6189,#6238,#6265,#6437,#6513,#6562,#6611,#6638,#6714,#6763,
    #6812,#6839,#6915,#6964,#7013,#7040,#7116,#7165,#7214,#7241,#7317,
    #7366,#7415,#7442,#7518,#7567,#7616,#7643,#7719,#7768,#7817,#7844,
    #8016,#8071,#8126,#8181,#8236,#8291,#8341,#8390,#8444,#8521,#8548,
    #8575,#8602,#8629,#8636,#8820,#8896,#8945,#8994,#9021,#9097,#9146,
    #9195,#9222,#9298,#9347,#9396,#9423,#9499,#9548,#9597,#9624,#9651,
    #9706,#9761,#9811,#9860,#9892,#9903,#9930,#9939,#9948,#9955,#9962,
    #9969,#9976,#9983,#9990,#9997,#10004,#10011,#10018,#10025,#10029,
    #10033,#10037,#10041,#10045,#10052,#10059,#10066,#10073,#10077));
#17 = ADVANCED_FACE('',(#18,#462,#615,#727,#839,#951,#1063,#1216,#1328,
    #1440,#1552,#1664,#1776,#1888,#2000,#2153,#2306,#2459,#2612,#2765),
  #33,.T.);
#18 = FACE_BOUND('',#19,.T.);
#19 = EDGE_LOOP('',(#20,#56,#84,#113,#139,#163,#189,#218,#244,#273,#299,
    #328,#354,#383,#409,#438));
#20 = ORIENTED_EDGE('',*,*,#21,.F.);
#21 = EDGE_CURVE('',#22,#24,#26,.T.);
#22 = VERTEX_POINT('',#23);
#23 = CARTESIAN_POINT('',(58.,-1.420590287011E-14,55.));
#24 = VERTEX_POINT('',#25);
#25 = CARTESIAN_POINT('',(-57.99950736454,0.239051187639,55.));
#26 = SURFACE_CURVE('',#27,(#32,#44),.PCURVE_S1.);
#27 = CIRCLE('',#28,58.);
#28 = AXIS2_PLACEMENT_3D('',#29,#30,#31);
#29 = CARTESIAN_POINT('',(0.,0.,55.));
#30 = DIRECTION('',(0.,0.,1.));
#31 = DIRECTION('',(1.,0.,-0.));
#32 = PCURVE('',#33,#38);
#33 = CYLINDRICAL_SURFACE('',#34,58.);
#34 = AXIS2_PLACEMENT_3D('',#35,#36,#37);
#35 = CARTESIAN_POINT('',(0.,0.,45.));
#36 = DIRECTION('',(0.,0.,1.));
#37 = DIRECTION('',(1.,0.,-0.));
#38 = DEFINITIONAL_REPRESENTATION('',(#39),#43);
#39 = LINE('',#40,#41);
#40 = CARTESIAN_POINT('',(0.,10.));
#41 = VECTOR('',#42,1.);
#42 = DIRECTION('',(1.,0.));
#43 = ( GEOMETRIC_REPRESENTATION_CONTEXT(2) 
PARAMETRIC_REPRESENTATION_CONTEXT() REPRESENTATION_CONTEXT('2D SPACE',''
  ) );
#44 = PCURVE('',#45,#50);
#45 = PLANE('',#46);
#46 = AXIS2_PLACEMENT_3D('',#47,#48,#49);
#47 = CARTESIAN_POINT('',(0.,0.,55.));
#48 = DIRECTION('',(0.,0.,1.));
#49 = DIRECTION('',(1.,0.,-0.));
#50 = DEFINITIONAL_REPRESENTATION('',(#51),#55);
#51 = CIRCLE('',#52,58.);
#52 = AXIS2_PLACEMENT_2D('',#53,#54);
#53 = CARTESIAN_POINT('',(0.,0.));
#54 = DIRECTION('',(1.,0.));
#55 = ( GEOMETRIC_REPRESENTATION_CONTEXT(2) 
PARAMETRIC_REPRESENTATION_CONTEXT() REPRESENTATION_CONTEXT('2D SPACE',''
  ) );
#56 = ORIENTED_EDGE('',*,*,#57,.F.);
#57 = EDGE_CURVE('',#58,#22,#60,.T.);
#58 = VERTEX_POINT('',#59);
#59 = CARTESIAN_POINT('',(58.,-1.420590287011E-14,45.));
#60 = SURFACE_CURVE('',#61,(#65,#72),.PCURVE_S1.);
#61 = LINE('',#62,#63);
#62 = CARTESIAN_POINT('',(58.,-1.420590287011E-14,45.));
#63 = VECTOR('',#64,1.);
#64 = DIRECTION('',(0.,0.,1.));
#65 = PCURVE('',#33,#66);
#66 = DEFINITIONAL_REPRESENTATION('',(#67),#71);
#67 = LINE('',#68,#69);
#68 = CARTESIAN_POINT('',(0.,-0.));
#69 = VECTOR('',#70,1.);
#70 = DIRECTION('',(0.,1.));
#71 = ( GEOMETRIC_REPRESENTATION_CONTEXT(2) 
PARAMETRIC_REPRESENTATION_CONTEXT() REPRESENTATION_CONTEXT('2D SPACE',''
  ) );
#72 = PCURVE('',#73,#78);
#73 = CYLINDRICAL_SURFACE('',#74,58.);
#74 = AXIS2_PLACEMENT_3D('',#75,#76,#77);
#75 = CARTESIAN_POINT('',(0.,0.,45.));
#76 = DIRECTION('',(0.,0.,1.));
#77 = DIRECTION('',(1.,0.,-0.));
#78 = DEFINITIONAL_REPRESENTATION('',(#79),#83);
#79 = LINE('',#80,#81);
#80 = CARTESIAN_POINT('',(6.28318530718,-0.));
#81 = VECTOR('',#82,1.);
#82 = DIRECTION('',(0.,1.));
#83 = ( GEOMETRIC_REPRESENTATION_CONTEXT(2) 
PARAMETRIC_REPRESENTATION_CONTEXT() REPRESENTATION_CONTEXT('2D SPACE',''
  ) );
#84 = ORIENTED_EDGE('',*,*,#85,.T.);
#85 = EDGE_CURVE('',#58,#86,#88,.T.);
#86 = VERTEX_POINT('',#87);
#87 = CARTESIAN_POINT('',(-38.76850550646,-43.1393437687,45.));
#88 = SURFACE_CURVE('',#89,(#94,#101),.PCURVE_S1.);
#89 = CIRCLE('',#90,58.);
#90 = AXIS2_PLACEMENT_3D('',#91,#92,#93);
#91 = CARTESIAN_POINT('',(0.,0.,45.));
#92 = DIRECTION('',(0.,0.,1.));
#93 = DIRECTION('',(1.,0.,-0.));
#94 = PCURVE('',#33,#95);
#95 = DEFINITIONAL_REPRESENTATION('',(#96),#100);
#96 = LINE('',#97,#98);
#97 = CARTESIAN_POINT('',(0.,0.));
#98 = VECTOR('',#99,1.);
#99 = DIRECTION('',(1.,0.));
#100 = ( GEOMETRIC_REPRESENTATION_CONTEXT(2) 
PARAMETRIC_REPRESENTATION_CONTEXT() REPRESENTATION_CONTEXT('2D SPACE',''
  ) );
#101 = PCURVE('',#102,#107);
#102 = PLANE('',#103);
#103 = AXIS2_PLACEMENT_3D('',#104,#105,#106);
#104 = CARTESIAN_POINT('',(0.,0.,45.));
#105 = DIRECTION('',(0.,0.,1.));
#106 = DIRECTION('',(1.,0.,-0.));
#107 = DEFINITIONAL_REPRESENTATION('',(#108),#112);
#108 = CIRCLE('',#109,58.);
#109 = AXIS2_PLACEMENT_2D('',#110,#111);
#110 = CARTESIAN_POINT('',(0.,0.));
#111 = DIRECTION('',(1.,0.));
#112 = ( GEOMETRIC_REPRESENTATION_CONTEXT(2) 
PARAMETRIC_REPRESENTATION_CONTEXT() REPRESENTATION_CONTEXT('2D SPACE',''
  ) );
#113 = ORIENTED_EDGE('',*,*,#114,.T.);
#114 = EDGE_CURVE('',#86,#115,#117,.T.);
#115 = VERTEX_POINT('',#116);
#116 = CARTESIAN_POINT('',(-38.76850550646,-43.1393437687,55.));
#117 = SURFACE_CURVE('',#118,(#122,#128),.PCURVE_S1.);
#118 = LINE('',#119,#120);
#119 = CARTESIAN_POINT('',(-38.76850550646,-43.1393437687,45.));
#120 = VECTOR('',#121,1.);
#121 = DIRECTION('',(0.,0.,1.));
#122 = PCURVE('',#33,#123);
#123 = DEFINITIONAL_REPRESENTATION('',(#124),#127);
#124 = B_SPLINE_CURVE_WITH_KNOTS('',1,(#125,#126),.UNSPECIFIED.,.F.,.F.,
  (2,2),(-2.399999999625E-06,10.0000024),.PIECEWISE_BEZIER_KNOTS.);
#125 = CARTESIAN_POINT('',(3.980303125644,-2.399999999625E-06));
#126 = CARTESIAN_POINT('',(3.980303125644,10.0000024));
#127 = ( GEOMETRIC_REPRESENTATION_CONTEXT(2) 
PARAMETRIC_REPRESENTATION_CONTEXT() REPRESENTATION_CONTEXT('2D SPACE',''
  ) );
#128 = PCURVE('',#129,#134);
#129 = PLANE('',#130);
#130 = AXIS2_PLACEMENT_3D('',#131,#132,#133);
#131 = CARTESIAN_POINT('',(-37.69481884675,-41.71451344688,43.8));
#132 = DIRECTION('',(-0.798635510047,0.601815023152,0.));
#133 = DIRECTION('',(0.,0.,1.));
#134 = DEFINITIONAL_REPRESENTATION('',(#135),#138);
#135 = B_SPLINE_CURVE_WITH_KNOTS('',1,(#136,#137),.UNSPECIFIED.,.F.,.F.,
  (2,2),(-2.399999999625E-06,10.0000024),.PIECEWISE_BEZIER_KNOTS.);
#136 = CARTESIAN_POINT('',(1.1999976,-1.784080852775));
#137 = CARTESIAN_POINT('',(11.2000024,-1.784080852775));
#138 = ( GEOMETRIC_REPRESENTATION_CONTEXT(2) 
PARAMETRIC_REPRESENTATION_CONTEXT() REPRESENTATION_CONTEXT('2D SPACE',''
  ) );
#139 = ORIENTED_EDGE('',*,*,#140,.F.);
#140 = EDGE_CURVE('',#141,#115,#143,.T.);
#141 = VERTEX_POINT('',#142);
#142 = CARTESIAN_POINT('',(-57.07685372038,-10.30692822238,55.));
#143 = SURFACE_CURVE('',#144,(#149,#156),.PCURVE_S1.);
#144 = CIRCLE('',#145,58.);
#145 = AXIS2_PLACEMENT_3D('',#146,#147,#148);
#146 = CARTESIAN_POINT('',(0.,0.,55.));
#147 = DIRECTION('',(0.,0.,1.));
#148 = DIRECTION('',(1.,0.,-0.));
#149 = PCURVE('',#33,#150);
#150 = DEFINITIONAL_REPRESENTATION('',(#151),#155);
#151 = LINE('',#152,#153);
#152 = CARTESIAN_POINT('',(0.,10.));
#153 = VECTOR('',#154,1.);
#154 = DIRECTION('',(1.,0.));
#155 = ( GEOMETRIC_REPRESENTATION_CONTEXT(2) 
PARAMETRIC_REPRESENTATION_CONTEXT() REPRESENTATION_CONTEXT('2D SPACE',''
  ) );
#156 = PCURVE('',#45,#157);
#157 = DEFINITIONAL_REPRESENTATION('',(#158),#162);
#158 = CIRCLE('',#159,58.);
#159 = AXIS2_PLACEMENT_2D('',#160,#161);
#160 = CARTESIAN_POINT('',(0.,0.));
#161 = DIRECTION('',(1.,0.));
#162 = ( GEOMETRIC_REPRESENTATION_CONTEXT(2) 
PARAMETRIC_REPRESENTATION_CONTEXT() REPRESENTATION_CONTEXT('2D SPACE',''
  ) );
#163 = ORIENTED_EDGE('',*,*,#164,.F.);
#164 = EDGE_CURVE('',#165,#141,#167,.T.);
#165 = VERTEX_POINT('',#166);
#166 = CARTESIAN_POINT('',(-57.07685372038,-10.30692822238,53.5));
#167 = SURFACE_CURVE('',#168,(#172,#178),.PCURVE_S1.);
#168 = LINE('',#169,#170);
#169 = CARTESIAN_POINT('',(-57.07685372038,-10.30692822238,45.));
#170 = VECTOR('',#171,1.);
#171 = DIRECTION('',(0.,0.,1.));
#172 = PCURVE('',#33,#173);
#173 = DEFINITIONAL_REPRESENTATION('',(#174),#177);
#174 = B_SPLINE_CURVE_WITH_KNOTS('',1,(#175,#176),.UNSPECIFIED.,.F.,.F.,
  (2,2),(1.9999976,10.0000024),.PIECEWISE_BEZIER_KNOTS.);
#175 = CARTESIAN_POINT('',(3.320247162659,1.9999976));
#176 = CARTESIAN_POINT('',(3.320247162659,10.0000024));
#177 = ( GEOMETRIC_REPRESENTATION_CONTEXT(2) 
PARAMETRIC_REPRESENTATION_CONTEXT() REPRESENTATION_CONTEXT('2D SPACE',''
  ) );
#178 = PCURVE('',#179,#184);
#179 = CYLINDRICAL_SURFACE('',#180,2.5);
#180 = AXIS2_PLACEMENT_3D('',#181,#182,#183);
#181 = CARTESIAN_POINT('',(-58.96853943684,-8.672448136807,47.));
#182 = DIRECTION('',(0.,0.,1.));
#183 = DIRECTION('',(8.715574274766E-02,-0.996194698092,0.));
#184 = DEFINITIONAL_REPRESENTATION('',(#185),#188);
#185 = B_SPLINE_CURVE_WITH_KNOTS('',1,(#186,#187),.UNSPECIFIED.,.F.,.F.,
  (2,2),(1.9999976,10.0000024),.PIECEWISE_BEZIER_KNOTS.);
#186 = CARTESIAN_POINT('',(0.770944761385,-2.399999999625E-06));
#187 = CARTESIAN_POINT('',(0.770944761385,8.0000024));
#188 = ( GEOMETRIC_REPRESENTATION_CONTEXT(2) 
PARAMETRIC_REPRESENTATION_CONTEXT() REPRESENTATION_CONTEXT('2D SPACE',''
  ) );
#189 = ORIENTED_EDGE('',*,*,#190,.T.);
#190 = EDGE_CURVE('',#165,#191,#193,.T.);
#191 = VERTEX_POINT('',#192);
#192 = CARTESIAN_POINT('',(-56.93671114401,-11.05490497938,53.5));
#193 = SURFACE_CURVE('',#194,(#199,#206),.PCURVE_S1.);
#194 = CIRCLE('',#195,58.);
#195 = AXIS2_PLACEMENT_3D('',#196,#197,#198);
#196 = CARTESIAN_POINT('',(0.,0.,53.5));
#197 = DIRECTION('',(0.,0.,1.));
#198 = DIRECTION('',(1.,0.,-0.));
#199 = PCURVE('',#33,#200);
#200 = DEFINITIONAL_REPRESENTATION('',(#201),#205);
#201 = LINE('',#202,#203);
#202 = CARTESIAN_POINT('',(0.,8.5));
#203 = VECTOR('',#204,1.);
#204 = DIRECTION('',(1.,0.));
#205 = ( GEOMETRIC_REPRESENTATION_CONTEXT(2) 
PARAMETRIC_REPRESENTATION_CONTEXT() REPRESENTATION_CONTEXT('2D SPACE',''
  ) );
#206 = PCURVE('',#207,#212);
#207 = PLANE('',#208);
#208 = AXIS2_PLACEMENT_3D('',#209,#210,#211);
#209 = CARTESIAN_POINT('',(-56.35431684523,-10.95221315109,53.5));
#210 = DIRECTION('',(0.,0.,1.));
#211 = DIRECTION('',(-0.173648177667,0.984807753012,0.));
#212 = DEFINITIONAL_REPRESENTATION('',(#213),#217);
#213 = CIRCLE('',#214,58.);
#214 = AXIS2_PLACEMENT_2D('',#215,#216);
#215 = CARTESIAN_POINT('',(1.,-57.4));
#216 = DIRECTION('',(-0.173648177667,-0.984807753012));
#217 = ( GEOMETRIC_REPRESENTATION_CONTEXT(2) 
PARAMETRIC_REPRESENTATION_CONTEXT() REPRESENTATION_CONTEXT('2D SPACE',''
  ) );
#218 = ORIENTED_EDGE('',*,*,#219,.F.);
#219 = EDGE_CURVE('',#220,#191,#222,.T.);
#220 = VERTEX_POINT('',#221);
#221 = CARTESIAN_POINT('',(-56.93671114401,-11.05490497938,46.5));
#222 = SURFACE_CURVE('',#223,(#227,#233),.PCURVE_S1.);
#223 = LINE('',#224,#225);
#224 = CARTESIAN_POINT('',(-56.93671114401,-11.05490497938,45.));
#225 = VECTOR('',#226,1.);
#226 = DIRECTION('',(0.,0.,1.));
#227 = PCURVE('',#33,#228);
#228 = DEFINITIONAL_REPRESENTATION('',(#229),#232);
#229 = B_SPLINE_CURVE_WITH_KNOTS('',1,(#230,#231),.UNSPECIFIED.,.F.,.F.,
  (2,2),(0.8,9.2),.PIECEWISE_BEZIER_KNOTS.);
#230 = CARTESIAN_POINT('',(3.333367812424,0.8));
#231 = CARTESIAN_POINT('',(3.333367812424,9.2));
#232 = ( GEOMETRIC_REPRESENTATION_CONTEXT(2) 
PARAMETRIC_REPRESENTATION_CONTEXT() REPRESENTATION_CONTEXT('2D SPACE',''
  ) );
#233 = PCURVE('',#234,#239);
#234 = PLANE('',#235);
#235 = AXIS2_PLACEMENT_3D('',#236,#237,#238);
#236 = CARTESIAN_POINT('',(-56.35431684523,-10.95221315109,46.5));
#237 = DIRECTION('',(-0.173648177667,0.984807753012,0.));
#238 = DIRECTION('',(0.,0.,1.));
#239 = DEFINITIONAL_REPRESENTATION('',(#240),#243);
#240 = B_SPLINE_CURVE_WITH_KNOTS('',1,(#241,#242),.UNSPECIFIED.,.F.,.F.,
  (2,2),(0.8,9.2),.PIECEWISE_BEZIER_KNOTS.);
#241 = CARTESIAN_POINT('',(-0.7,-0.591378669592));
#242 = CARTESIAN_POINT('',(7.7,-0.591378669592));
#243 = ( GEOMETRIC_REPRESENTATION_CONTEXT(2) 
PARAMETRIC_REPRESENTATION_CONTEXT() REPRESENTATION_CONTEXT('2D SPACE',''
  ) );
#244 = ORIENTED_EDGE('',*,*,#245,.F.);
#245 = EDGE_CURVE('',#246,#220,#248,.T.);
#246 = VERTEX_POINT('',#247);
#247 = CARTESIAN_POINT('',(-57.28400749934,-9.085289473355,46.5));
#248 = SURFACE_CURVE('',#249,(#254,#261),.PCURVE_S1.);
#249 = CIRCLE('',#250,58.);
#250 = AXIS2_PLACEMENT_3D('',#251,#252,#253);
#251 = CARTESIAN_POINT('',(0.,0.,46.5));
#252 = DIRECTION('',(0.,0.,1.));
#253 = DIRECTION('',(1.,0.,-0.));
#254 = PCURVE('',#33,#255);
#255 = DEFINITIONAL_REPRESENTATION('',(#256),#260);
#256 = LINE('',#257,#258);
#257 = CARTESIAN_POINT('',(0.,1.5));
#258 = VECTOR('',#259,1.);
#259 = DIRECTION('',(1.,0.));
#260 = ( GEOMETRIC_REPRESENTATION_CONTEXT(2) 
PARAMETRIC_REPRESENTATION_CONTEXT() REPRESENTATION_CONTEXT('2D SPACE',''
  ) );
#261 = PCURVE('',#262,#267);
#262 = PLANE('',#263);
#263 = AXIS2_PLACEMENT_3D('',#264,#265,#266);
#264 = CARTESIAN_POINT('',(-56.35431684523,-10.95221315109,46.5));
#265 = DIRECTION('',(0.,0.,1.));
#266 = DIRECTION('',(-0.173648177667,0.984807753012,0.));
#267 = DEFINITIONAL_REPRESENTATION('',(#268),#272);
#268 = CIRCLE('',#269,58.);
#269 = AXIS2_PLACEMENT_2D('',#270,#271);
#270 = CARTESIAN_POINT('',(1.,-57.4));
#271 = DIRECTION('',(-0.173648177667,-0.984807753012));
#272 = ( GEOMETRIC_REPRESENTATION_CONTEXT(2) 
PARAMETRIC_REPRESENTATION_CONTEXT() REPRESENTATION_CONTEXT('2D SPACE',''
  ) );
#273 = ORIENTED_EDGE('',*,*,#274,.T.);
#274 = EDGE_CURVE('',#246,#275,#277,.T.);
#275 = VERTEX_POINT('',#276);
#276 = CARTESIAN_POINT('',(-57.28400749934,-9.085289473355,47.));
#277 = SURFACE_CURVE('',#278,(#282,#288),.PCURVE_S1.);
#278 = LINE('',#279,#280);
#279 = CARTESIAN_POINT('',(-57.28400749934,-9.085289473355,45.));
#280 = VECTOR('',#281,1.);
#281 = DIRECTION('',(0.,0.,1.));
#282 = PCURVE('',#33,#283);
#283 = DEFINITIONAL_REPRESENTATION('',(#284),#287);
#284 = B_SPLINE_CURVE_WITH_KNOTS('',1,(#285,#286),.UNSPECIFIED.,.F.,.F.,
  (2,2),(0.8,9.2),.PIECEWISE_BEZIER_KNOTS.);
#285 = CARTESIAN_POINT('',(3.298883345154,0.8));
#286 = CARTESIAN_POINT('',(3.298883345154,9.2));
#287 = ( GEOMETRIC_REPRESENTATION_CONTEXT(2) 
PARAMETRIC_REPRESENTATION_CONTEXT() REPRESENTATION_CONTEXT('2D SPACE',''
  ) );
#288 = PCURVE('',#289,#294);
#289 = PLANE('',#290);
#290 = AXIS2_PLACEMENT_3D('',#291,#292,#293);
#291 = CARTESIAN_POINT('',(-56.70161320056,-8.98259764507,46.5));
#292 = DIRECTION('',(-0.173648177667,0.984807753012,0.));
#293 = DIRECTION('',(0.,0.,1.));
#294 = DEFINITIONAL_REPRESENTATION('',(#295),#298);
#295 = B_SPLINE_CURVE_WITH_KNOTS('',1,(#296,#297),.UNSPECIFIED.,.F.,.F.,
  (2,2),(0.8,9.2),.PIECEWISE_BEZIER_KNOTS.);
#296 = CARTESIAN_POINT('',(-0.7,-0.591378669592));
#297 = CARTESIAN_POINT('',(7.7,-0.591378669592));
#298 = ( GEOMETRIC_REPRESENTATION_CONTEXT(2) 
PARAMETRIC_REPRESENTATION_CONTEXT() REPRESENTATION_CONTEXT('2D SPACE',''
  ) );
#299 = ORIENTED_EDGE('',*,*,#300,.F.);
#300 = EDGE_CURVE('',#301,#275,#303,.T.);
#301 = VERTEX_POINT('',#302);
#302 = CARTESIAN_POINT('',(-57.99137866959,-1.,47.));
#303 = SURFACE_CURVE('',#304,(#309,#316),.PCURVE_S1.);
#304 = CIRCLE('',#305,58.);
#305 = AXIS2_PLACEMENT_3D('',#306,#307,#308);
#306 = CARTESIAN_POINT('',(0.,0.,47.));
#307 = DIRECTION('',(0.,0.,1.));
#308 = DIRECTION('',(1.,0.,-0.));
#309 = PCURVE('',#33,#310);
#310 = DEFINITIONAL_REPRESENTATION('',(#311),#315);
#311 = LINE('',#312,#313);
#312 = CARTESIAN_POINT('',(0.,2.));
#313 = VECTOR('',#314,1.);
#314 = DIRECTION('',(1.,0.));
#315 = ( GEOMETRIC_REPRESENTATION_CONTEXT(2) 
PARAMETRIC_REPRESENTATION_CONTEXT() REPRESENTATION_CONTEXT('2D SPACE',''
  ) );
#316 = PCURVE('',#317,#322);
#317 = PLANE('',#318);
#318 = AXIS2_PLACEMENT_3D('',#319,#320,#321);
#319 = CARTESIAN_POINT('',(-56.26016333474,-10.94504552516,47.));
#320 = DIRECTION('',(0.,0.,1.));
#321 = DIRECTION('',(-8.715574274766E-02,0.996194698092,0.));
#322 = DEFINITIONAL_REPRESENTATION('',(#323),#327);
#323 = CIRCLE('',#324,58.);
#324 = AXIS2_PLACEMENT_2D('',#325,#326);
#325 = CARTESIAN_POINT('',(6.,-57.));
#326 = DIRECTION('',(-8.715574274766E-02,-0.996194698092));
#327 = ( GEOMETRIC_REPRESENTATION_CONTEXT(2) 
PARAMETRIC_REPRESENTATION_CONTEXT() REPRESENTATION_CONTEXT('2D SPACE',''
  ) );
#328 = ORIENTED_EDGE('',*,*,#329,.F.);
#329 = EDGE_CURVE('',#330,#301,#332,.T.);
#330 = VERTEX_POINT('',#331);
#331 = CARTESIAN_POINT('',(-57.99137866959,-1.,46.5));
#332 = SURFACE_CURVE('',#333,(#337,#343),.PCURVE_S1.);
#333 = LINE('',#334,#335);
#334 = CARTESIAN_POINT('',(-57.99137866959,-1.,45.));
#335 = VECTOR('',#336,1.);
#336 = DIRECTION('',(0.,0.,1.));
#337 = PCURVE('',#33,#338);
#338 = DEFINITIONAL_REPRESENTATION('',(#339),#342);
#339 = B_SPLINE_CURVE_WITH_KNOTS('',1,(#340,#341),.UNSPECIFIED.,.F.,.F.,
  (2,2),(0.8,9.2),.PIECEWISE_BEZIER_KNOTS.);
#340 = CARTESIAN_POINT('',(3.158834887225,0.8));
#341 = CARTESIAN_POINT('',(3.158834887225,9.2));
#342 = ( GEOMETRIC_REPRESENTATION_CONTEXT(2) 
PARAMETRIC_REPRESENTATION_CONTEXT() REPRESENTATION_CONTEXT('2D SPACE',''
  ) );
#343 = PCURVE('',#344,#349);
#344 = PLANE('',#345);
#345 = AXIS2_PLACEMENT_3D('',#346,#347,#348);
#346 = CARTESIAN_POINT('',(-57.4,-1.,46.5));
#347 = DIRECTION('',(-2.22044604925E-16,1.,0.));
#348 = DIRECTION('',(0.,0.,1.));
#349 = DEFINITIONAL_REPRESENTATION('',(#350),#353);
#350 = B_SPLINE_CURVE_WITH_KNOTS('',1,(#351,#352),.UNSPECIFIED.,.F.,.F.,
  (2,2),(0.8,9.2),.PIECEWISE_BEZIER_KNOTS.);
#351 = CARTESIAN_POINT('',(-0.7,-0.591378669592));
#352 = CARTESIAN_POINT('',(7.7,-0.591378669592));
#353 = ( GEOMETRIC_REPRESENTATION_CONTEXT(2) 
PARAMETRIC_REPRESENTATION_CONTEXT() REPRESENTATION_CONTEXT('2D SPACE',''
  ) );
#354 = ORIENTED_EDGE('',*,*,#355,.F.);
#355 = EDGE_CURVE('',#356,#330,#358,.T.);
#356 = VERTEX_POINT('',#357);
#357 = CARTESIAN_POINT('',(-57.99137866959,1.,46.5));
#358 = SURFACE_CURVE('',#359,(#364,#371),.PCURVE_S1.);
#359 = CIRCLE('',#360,58.);
#360 = AXIS2_PLACEMENT_3D('',#361,#362,#363);
#361 = CARTESIAN_POINT('',(0.,0.,46.5));
#362 = DIRECTION('',(0.,0.,1.));
#363 = DIRECTION('',(1.,0.,-0.));
#364 = PCURVE('',#33,#365);
#365 = DEFINITIONAL_REPRESENTATION('',(#366),#370);
#366 = LINE('',#367,#368);
#367 = CARTESIAN_POINT('',(0.,1.5));
#368 = VECTOR('',#369,1.);
#369 = DIRECTION('',(1.,0.));
#370 = ( GEOMETRIC_REPRESENTATION_CONTEXT(2) 
PARAMETRIC_REPRESENTATION_CONTEXT() REPRESENTATION_CONTEXT('2D SPACE',''
  ) );
#371 = PCURVE('',#372,#377);
#372 = PLANE('',#373);
#373 = AXIS2_PLACEMENT_3D('',#374,#375,#376);
#374 = CARTESIAN_POINT('',(-57.4,-1.,46.5));
#375 = DIRECTION('',(0.,0.,1.));
#376 = DIRECTION('',(-2.22044604925E-16,1.,0.));
#377 = DEFINITIONAL_REPRESENTATION('',(#378),#382);
#378 = CIRCLE('',#379,58.);
#379 = AXIS2_PLACEMENT_2D('',#380,#381);
#380 = CARTESIAN_POINT('',(1.,-57.4));
#381 = DIRECTION('',(-2.22044604925E-16,-1.));
#382 = ( GEOMETRIC_REPRESENTATION_CONTEXT(2) 
PARAMETRIC_REPRESENTATION_CONTEXT() REPRESENTATION_CONTEXT('2D SPACE',''
  ) );
#383 = ORIENTED_EDGE('',*,*,#384,.T.);
#384 = EDGE_CURVE('',#356,#385,#387,.T.);
#385 = VERTEX_POINT('',#386);
#386 = CARTESIAN_POINT('',(-57.99137866959,1.,53.5));
#387 = SURFACE_CURVE('',#388,(#392,#398),.PCURVE_S1.);
#388 = LINE('',#389,#390);
#389 = CARTESIAN_POINT('',(-57.99137866959,1.,45.));
#390 = VECTOR('',#391,1.);
#391 = DIRECTION('',(0.,0.,1.));
#392 = PCURVE('',#33,#393);
#393 = DEFINITIONAL_REPRESENTATION('',(#394),#397);
#394 = B_SPLINE_CURVE_WITH_KNOTS('',1,(#395,#396),.UNSPECIFIED.,.F.,.F.,
  (2,2),(0.8,9.2),.PIECEWISE_BEZIER_KNOTS.);
#395 = CARTESIAN_POINT('',(3.124350419955,0.8));
#396 = CARTESIAN_POINT('',(3.124350419955,9.2));
#397 = ( GEOMETRIC_REPRESENTATION_CONTEXT(2) 
PARAMETRIC_REPRESENTATION_CONTEXT() REPRESENTATION_CONTEXT('2D SPACE',''
  ) );
#398 = PCURVE('',#399,#404);
#399 = PLANE('',#400);
#400 = AXIS2_PLACEMENT_3D('',#401,#402,#403);
#401 = CARTESIAN_POINT('',(-57.4,1.,46.5));
#402 = DIRECTION('',(-2.22044604925E-16,1.,0.));
#403 = DIRECTION('',(0.,0.,1.));
#404 = DEFINITIONAL_REPRESENTATION('',(#405),#408);
#405 = B_SPLINE_CURVE_WITH_KNOTS('',1,(#406,#407),.UNSPECIFIED.,.F.,.F.,
  (2,2),(0.8,9.2),.PIECEWISE_BEZIER_KNOTS.);
#406 = CARTESIAN_POINT('',(-0.7,-0.591378669592));
#407 = CARTESIAN_POINT('',(7.7,-0.591378669592));
#408 = ( GEOMETRIC_REPRESENTATION_CONTEXT(2) 
PARAMETRIC_REPRESENTATION_CONTEXT() REPRESENTATION_CONTEXT('2D SPACE',''
  ) );
#409 = ORIENTED_EDGE('',*,*,#410,.T.);
#410 = EDGE_CURVE('',#385,#411,#413,.T.);
#411 = VERTEX_POINT('',#412);
#412 = CARTESIAN_POINT('',(-57.99950736454,0.239051187641,53.5));
#413 = SURFACE_CURVE('',#414,(#419,#426),.PCURVE_S1.);
#414 = CIRCLE('',#415,58.);
#415 = AXIS2_PLACEMENT_3D('',#416,#417,#418);
#416 = CARTESIAN_POINT('',(0.,0.,53.5));
#417 = DIRECTION('',(0.,0.,1.));
#418 = DIRECTION('',(1.,0.,-0.));
#419 = PCURVE('',#33,#420);
#420 = DEFINITIONAL_REPRESENTATION('',(#421),#425);
#421 = LINE('',#422,#423);
#422 = CARTESIAN_POINT('',(0.,8.5));
#423 = VECTOR('',#424,1.);
#424 = DIRECTION('',(1.,0.));
#425 = ( GEOMETRIC_REPRESENTATION_CONTEXT(2) 
PARAMETRIC_REPRESENTATION_CONTEXT() REPRESENTATION_CONTEXT('2D SPACE',''
  ) );
#426 = PCURVE('',#427,#432);
#427 = PLANE('',#428);
#428 = AXIS2_PLACEMENT_3D('',#429,#430,#431);
#429 = CARTESIAN_POINT('',(-57.4,-1.,53.5));
#430 = DIRECTION('',(0.,0.,1.));
#431 = DIRECTION('',(-2.22044604925E-16,1.,0.));
#432 = DEFINITIONAL_REPRESENTATION('',(#433),#437);
#433 = CIRCLE('',#434,58.);
#434 = AXIS2_PLACEMENT_2D('',#435,#436);
#435 = CARTESIAN_POINT('',(1.,-57.4));
#436 = DIRECTION('',(-2.22044604925E-16,-1.));
#437 = ( GEOMETRIC_REPRESENTATION_CONTEXT(2) 
PARAMETRIC_REPRESENTATION_CONTEXT() REPRESENTATION_CONTEXT('2D SPACE',''
  ) );
#438 = ORIENTED_EDGE('',*,*,#439,.T.);
#439 = EDGE_CURVE('',#411,#24,#440,.T.);
#440 = SURFACE_CURVE('',#441,(#445,#451),.PCURVE_S1.);
#441 = LINE('',#442,#443);
#442 = CARTESIAN_POINT('',(-57.99950736454,0.239051187641,45.));
#443 = VECTOR('',#444,1.);
#444 = DIRECTION('',(0.,0.,1.));
#445 = PCURVE('',#33,#446);
#446 = DEFINITIONAL_REPRESENTATION('',(#447),#450);
#447 = B_SPLINE_CURVE_WITH_KNOTS('',1,(#448,#449),.UNSPECIFIED.,.F.,.F.,
  (2,2),(1.9999976,10.0000024),.PIECEWISE_BEZIER_KNOTS.);
#448 = CARTESIAN_POINT('',(3.13747106972,1.9999976));
#449 = CARTESIAN_POINT('',(3.13747106972,10.0000024));
#450 = ( GEOMETRIC_REPRESENTATION_CONTEXT(2) 
PARAMETRIC_REPRESENTATION_CONTEXT() REPRESENTATION_CONTEXT('2D SPACE',''
  ) );
#451 = PCURVE('',#452,#457);
#452 = CYLINDRICAL_SURFACE('',#453,2.5);
#453 = AXIS2_PLACEMENT_3D('',#454,#455,#456);
#454 = CARTESIAN_POINT('',(-59.57862963607,-1.699085250165,47.));
#455 = DIRECTION('',(0.,0.,1.));
#456 = DIRECTION('',(-8.715574274766E-02,0.996194698092,0.));
#457 = DEFINITIONAL_REPRESENTATION('',(#458),#461);
#458 = B_SPLINE_CURVE_WITH_KNOTS('',1,(#459,#460),.UNSPECIFIED.,.F.,.F.,
  (2,2),(1.9999976,10.0000024),.PIECEWISE_BEZIER_KNOTS.);
#459 = CARTESIAN_POINT('',(-0.770944761385,-2.399999999625E-06));
#460 = CARTESIAN_POINT('',(-0.770944761385,8.0000024));
#461 = ( GEOMETRIC_REPRESENTATION_CONTEXT(2) 
PARAMETRIC_REPRESENTATION_CONTEXT() REPRESENTATION_CONTEXT('2D SPACE',''
  ) );
#462 = FACE_BOUND('',#463,.T.);
#463 = EDGE_LOOP('',(#464));
#464 = ORIENTED_EDGE('',*,*,#465,.T.);
#465 = EDGE_CURVE('',#466,#466,#468,.T.);
#466 = VERTEX_POINT('',#467);
#467 = CARTESIAN_POINT('',(41.886551072629,40.118784119662,50.));
#468 = SURFACE_CURVE('',#469,(#514,#562),.PCURVE_S1.);
#469 = B_SPLINE_CURVE_WITH_KNOTS('',7,(#470,#471,#472,#473,#474,#475,
    #476,#477,#478,#479,#480,#481,#482,#483,#484,#485,#486,#487,#488,
    #489,#490,#491,#492,#493,#494,#495,#496,#497,#498,#499,#500,#501,
    #502,#503,#504,#505,#506,#507,#508,#509,#510,#511,#512,#513),
  .UNSPECIFIED.,.T.,.F.,(8,6,6,6,6,6,6,8),(0.,0.15126062454,
    0.287062203604,0.424364902571,0.58732200983,0.713814311751,
    0.83961437824,1.),.UNSPECIFIED.);
#470 = CARTESIAN_POINT('',(41.886551072629,40.118784119662,50.));
#471 = CARTESIAN_POINT('',(41.886551072629,40.118784119662,
    50.150169601406));
#472 = CARTESIAN_POINT('',(41.871989381968,40.133987418866,
    50.300419919525));
#473 = CARTESIAN_POINT('',(41.842835506447,40.164426055667,
    50.44861408579));
#474 = CARTESIAN_POINT('',(41.798733782406,40.210401080221,
    50.592389313653));
#475 = CARTESIAN_POINT('',(41.739170319918,40.272310593727,
    50.72883329861));
#476 = CARTESIAN_POINT('',(41.663585530112,40.350501752689,
    50.85418118815));
#477 = CARTESIAN_POINT('',(41.489265499805,40.529678432748,
    51.060966018433));
#478 = CARTESIAN_POINT('',(41.391568765383,40.629693440356,
    51.148093478415));
#479 = CARTESIAN_POINT('',(41.280500403742,40.742785663201,
    51.215600257247));
#480 = CARTESIAN_POINT('',(41.159853730792,40.864772854373,
    51.257336118199));
#481 = CARTESIAN_POINT('',(41.034609274051,40.990402215387,
    51.270047519474));
#482 = CARTESIAN_POINT('',(40.910258121053,41.114213497675,
    51.253515891472));
#483 = CARTESIAN_POINT('',(40.672015089091,41.349916287698,
    51.167469054203));
#484 = CARTESIAN_POINT('',(40.561655307112,41.45829609097,
    51.098598531275));
#485 = CARTESIAN_POINT('',(40.46301110859,41.554519077137,51.00913234152
    ));
#486 = CARTESIAN_POINT('',(40.377488626089,41.637489381388,
    50.903604186476));
#487 = CARTESIAN_POINT('',(40.305880317268,41.706680064426,
    50.786286064512));
#488 = CARTESIAN_POINT('',(40.248393748657,41.762069954947,
    50.661224780291));
#489 = CARTESIAN_POINT('',(40.152695696858,41.854106378743,
    50.37912023888));
#490 = CARTESIAN_POINT('',(40.118553837765,41.88679698502,
    50.215931340958));
#491 = CARTESIAN_POINT('',(40.103129963104,41.901520327098,
    50.047013091539));
#492 = CARTESIAN_POINT('',(40.106803530209,41.898012425662,
    49.876632972269));
#493 = CARTESIAN_POINT('',(40.129513094543,41.876315958851,
    49.708918032714));
#494 = CARTESIAN_POINT('',(40.170880680309,41.836672376929,
    49.547891684454));
#495 = CARTESIAN_POINT('',(40.276468549,41.734999516022,49.281308278953)
  );
#496 = CARTESIAN_POINT('',(40.334442694789,41.679060356745,
    49.169031507528));
#497 = CARTESIAN_POINT('',(40.404462835964,41.611301018613,
    49.064239522169));
#498 = CARTESIAN_POINT('',(40.486235019912,41.531853057633,
    48.970315328439));
#499 = CARTESIAN_POINT('',(40.578988573555,41.441269467919,
    48.890741456631));
#500 = CARTESIAN_POINT('',(40.681470822758,41.340561374823,
    48.829115794598));
#501 = CARTESIAN_POINT('',(40.901508157535,41.122870165602,
    48.74964435494));
#502 = CARTESIAN_POINT('',(41.016608205825,41.008323211301,
    48.732416451541));
#503 = CARTESIAN_POINT('',(41.132984170899,40.891714358636,
    48.740280605674));
#504 = CARTESIAN_POINT('',(41.246090983758,40.777548819404,
    48.773358150245));
#505 = CARTESIAN_POINT('',(41.351708216457,40.670234781684,
    48.829310733316));
#506 = CARTESIAN_POINT('',(41.446473024392,40.573435385509,
    48.903432133373));
#507 = CARTESIAN_POINT('',(41.632933034335,40.382190304497,
    49.097475535957));
#508 = CARTESIAN_POINT('',(41.719034992917,40.29323303709,
    49.226898360387));
#509 = CARTESIAN_POINT('',(41.786828059509,40.222811283892,
    49.370135287802));
#510 = CARTESIAN_POINT('',(41.836953071705,40.170567793395,
    49.522397119217));
#511 = CARTESIAN_POINT('',(41.87003846792,40.136024271906,
    49.680020120636));
#512 = CARTESIAN_POINT('',(41.886551072629,40.118784119662,
    49.840086364446));
#513 = CARTESIAN_POINT('',(41.886551072629,40.118784119662,50.));
#514 = PCURVE('',#33,#515);
#515 = DEFINITIONAL_REPRESENTATION('',(#516),#561);
#516 = B_SPLINE_CURVE_WITH_KNOTS('',7,(#517,#518,#519,#520,#521,#522,
    #523,#524,#525,#526,#527,#528,#529,#530,#531,#532,#533,#534,#535,
    #536,#537,#538,#539,#540,#541,#542,#543,#544,#545,#546,#547,#548,
    #549,#550,#551,#552,#553,#554,#555,#556,#557,#558,#559,#560),
  .UNSPECIFIED.,.T.,.F.,(8,6,6,6,6,6,6,8),(0.,0.15126062454,
    0.287062203604,0.424364902571,0.58732200983,0.713814311751,
    0.83961437824,1.),.UNSPECIFIED.);
#517 = CARTESIAN_POINT('',(0.763844770531,5.));
#518 = CARTESIAN_POINT('',(0.763844770531,5.150169601406));
#519 = CARTESIAN_POINT('',(0.764207734599,5.300419919526));
#520 = CARTESIAN_POINT('',(0.764934425269,5.44861408579));
#521 = CARTESIAN_POINT('',(0.766032832834,5.592389313653));
#522 = CARTESIAN_POINT('',(0.76751404254,5.72883329861));
#523 = CARTESIAN_POINT('',(0.769389061035,5.85418118815));
#524 = CARTESIAN_POINT('',(0.773699121565,6.060966018433));
#525 = CARTESIAN_POINT('',(0.776109684167,6.148093478415));
#526 = CARTESIAN_POINT('',(0.778842632934,6.215600257247));
#527 = CARTESIAN_POINT('',(0.781800709628,6.257336118199));
#528 = CARTESIAN_POINT('',(0.784859205608,6.270047519474));
#529 = CARTESIAN_POINT('',(0.787884668994,6.253515891472));
#530 = CARTESIAN_POINT('',(0.793662860689,6.167469054203));
#531 = CARTESIAN_POINT('',(0.796329714568,6.098598531275));
#532 = CARTESIAN_POINT('',(0.798705601367,6.00913234152));
#533 = CARTESIAN_POINT('',(0.800760008028,5.903604186477));
#534 = CARTESIAN_POINT('',(0.802476808495,5.786286064512));
#535 = CARTESIAN_POINT('',(0.803853178236,5.661224780291));
#536 = CARTESIAN_POINT('',(0.806142377689,5.37912023888));
#537 = CARTESIAN_POINT('',(0.806957355502,5.215931340958));
#538 = CARTESIAN_POINT('',(0.807324995099,5.047013091539));
#539 = CARTESIAN_POINT('',(0.807237418826,4.876632972269));
#540 = CARTESIAN_POINT('',(0.806695901351,4.708918032714));
#541 = CARTESIAN_POINT('',(0.805708033229,4.547891684454));
#542 = CARTESIAN_POINT('',(0.803180764076,4.281308278953));
#543 = CARTESIAN_POINT('',(0.801791769578,4.169031507528));
#544 = CARTESIAN_POINT('',(0.800111808487,4.064239522169));
#545 = CARTESIAN_POINT('',(0.798146097215,3.970315328439));
#546 = CARTESIAN_POINT('',(0.795910802098,3.890741456631));
#547 = CARTESIAN_POINT('',(0.793433527468,3.829115794598));
#548 = CARTESIAN_POINT('',(0.788096884924,3.74964435494));
#549 = CARTESIAN_POINT('',(0.785297148337,3.732416451541));
#550 = CARTESIAN_POINT('',(0.782456740531,3.740280605674));
#551 = CARTESIAN_POINT('',(0.779685951528,3.773358150245));
#552 = CARTESIAN_POINT('',(0.77708993292,3.829310733316));
#553 = CARTESIAN_POINT('',(0.774754351916,3.903432133373));
#554 = CARTESIAN_POINT('',(0.770149192209,4.097475535957));
#555 = CARTESIAN_POINT('',(0.768014688621,4.226898360387));
#556 = CARTESIAN_POINT('',(0.766329344158,4.370135287802));
#557 = CARTESIAN_POINT('',(0.765081051954,4.522397119217));
#558 = CARTESIAN_POINT('',(0.764256362747,4.680020120636));
#559 = CARTESIAN_POINT('',(0.763844770531,4.840086364446));
#560 = CARTESIAN_POINT('',(0.763844770531,5.));
#561 = ( GEOMETRIC_REPRESENTATION_CONTEXT(2) 
PARAMETRIC_REPRESENTATION_CONTEXT() REPRESENTATION_CONTEXT('2D SPACE',''
  ) );
#562 = PCURVE('',#563,#568);
#563 = CYLINDRICAL_SURFACE('',#564,1.25);
#564 = AXIS2_PLACEMENT_3D('',#565,#566,#567);
#565 = CARTESIAN_POINT('',(54.800775541957,54.800775541957,50.));
#566 = DIRECTION('',(-0.707106781187,-0.707106781187,2.22044604925E-16)
  );
#567 = DIRECTION('',(0.707106781187,-0.707106781187,0.));
#568 = DEFINITIONAL_REPRESENTATION('',(#569),#614);
#569 = B_SPLINE_CURVE_WITH_KNOTS('',7,(#570,#571,#572,#573,#574,#575,
    #576,#577,#578,#579,#580,#581,#582,#583,#584,#585,#586,#587,#588,
    #589,#590,#591,#592,#593,#594,#595,#596,#597,#598,#599,#600,#601,
    #602,#603,#604,#605,#606,#607,#608,#609,#610,#611,#612,#613),
  .UNSPECIFIED.,.F.,.F.,(8,6,6,6,6,6,6,8),(0.,0.15126062454,
    0.287062203604,0.424364902571,0.58732200983,0.713814311751,
    0.83961437824,1.),.UNSPECIFIED.);
#570 = CARTESIAN_POINT('',(0.,19.513471392055));
#571 = CARTESIAN_POINT('',(0.120135681124,19.513471392055));
#572 = CARTESIAN_POINT('',(0.240335447979,19.513017706304));
#573 = CARTESIAN_POINT('',(0.36172500137,19.51210924289));
#574 = CARTESIAN_POINT('',(0.485250520497,19.510784619394));
#575 = CARTESIAN_POINT('',(0.611948754325,19.509125710811));
#576 = CARTESIAN_POINT('',(0.742895061869,19.507282729506));
#577 = CARTESIAN_POINT('',(1.002420694551,19.503848559532));
#578 = CARTESIAN_POINT('',(1.13302733116,19.502209292842));
#579 = CARTESIAN_POINT('',(1.268174510426,19.50077820686));
#580 = CARTESIAN_POINT('',(1.406033807078,19.499830317335));
#581 = CARTESIAN_POINT('',(1.545224450287,19.499558148913));
#582 = CARTESIAN_POINT('',(1.684484237777,19.499939895154));
#583 = CARTESIAN_POINT('',(1.961284676266,19.501736117455));
#584 = CARTESIAN_POINT('',(2.09483748521,19.503136173825));
#585 = CARTESIAN_POINT('',(2.223805803774,19.5048482295));
#586 = CARTESIAN_POINT('',(2.34874013106,19.506652892048));
#587 = CARTESIAN_POINT('',(2.470000460719,19.508362411633));
#588 = CARTESIAN_POINT('',(2.587714148064,19.509844986928));
#589 = CARTESIAN_POINT('',(2.837135993392,19.51243414892));
#590 = CARTESIAN_POINT('',(2.97135897155,19.513460339627));
#591 = CARTESIAN_POINT('',(3.104946382573,19.513955690967));
#592 = CARTESIAN_POINT('',(3.238391423814,19.513838547649));
#593 = CARTESIAN_POINT('',(3.372268343733,19.513122179521));
#594 = CARTESIAN_POINT('',(3.507232635759,19.511903124711));
#595 = CARTESIAN_POINT('',(3.750602598875,19.509134796159));
#596 = CARTESIAN_POINT('',(3.860357227207,19.507695843397));
#597 = CARTESIAN_POINT('',(3.973335171208,19.506097214234));
#598 = CARTESIAN_POINT('',(4.089573169823,19.504453740412));
#599 = CARTESIAN_POINT('',(4.209295157317,19.502919344203));
#600 = CARTESIAN_POINT('',(4.332886686639,19.501664826389));
#601 = CARTESIAN_POINT('',(4.588535006124,19.500005865099));
#602 = CARTESIAN_POINT('',(4.717788768505,19.499614768589));
#603 = CARTESIAN_POINT('',(4.847264951334,19.499779444983));
#604 = CARTESIAN_POINT('',(4.975780437249,19.500528077582));
#605 = CARTESIAN_POINT('',(5.102091722825,19.501727899918));
#606 = CARTESIAN_POINT('',(5.22461528412,19.50316657106));
#607 = CARTESIAN_POINT('',(5.488716367741,19.50655012726));
#608 = CARTESIAN_POINT('',(5.629691181807,19.508569135493));
#609 = CARTESIAN_POINT('',(5.765589408028,19.510427897618));
#610 = CARTESIAN_POINT('',(5.897680168825,19.51192588799));
#611 = CARTESIAN_POINT('',(6.027202250211,19.512956938259));
#612 = CARTESIAN_POINT('',(6.155254398736,19.513471392055));
#613 = CARTESIAN_POINT('',(6.28318530718,19.513471392055));
#614 = ( GEOMETRIC_REPRESENTATION_CONTEXT(2) 
PARAMETRIC_REPRESENTATION_CONTEXT() REPRESENTATION_CONTEXT('2D SPACE',''
  ) );
#615 = FACE_BOUND('',#616,.T.);
#616 = EDGE_LOOP('',(#617,#645,#674,#700));
#617 = ORIENTED_EDGE('',*,*,#618,.F.);
#618 = EDGE_CURVE('',#619,#621,#623,.T.);
#619 = VERTEX_POINT('',#620);
#620 = CARTESIAN_POINT('',(-11.05490497938,56.936711144014,46.5));
#621 = VERTEX_POINT('',#622);
#622 = CARTESIAN_POINT('',(-11.05490497938,56.936711144014,53.5));
#623 = SURFACE_CURVE('',#624,(#628,#634),.PCURVE_S1.);
#624 = LINE('',#625,#626);
#625 = CARTESIAN_POINT('',(-11.05490497938,56.936711144014,45.));
#626 = VECTOR('',#627,1.);
#627 = DIRECTION('',(0.,0.,1.));
#628 = PCURVE('',#33,#629);
#629 = DEFINITIONAL_REPRESENTATION('',(#630),#633);
#630 = B_SPLINE_CURVE_WITH_KNOTS('',1,(#631,#632),.UNSPECIFIED.,.F.,.F.,
  (2,2),(0.8,9.2),.PIECEWISE_BEZIER_KNOTS.);
#631 = CARTESIAN_POINT('',(1.762571485629,0.8));
#632 = CARTESIAN_POINT('',(1.762571485629,9.2));
#633 = ( GEOMETRIC_REPRESENTATION_CONTEXT(2) 
PARAMETRIC_REPRESENTATION_CONTEXT() REPRESENTATION_CONTEXT('2D SPACE',''
  ) );
#634 = PCURVE('',#635,#640);
#635 = PLANE('',#636);
#636 = AXIS2_PLACEMENT_3D('',#637,#638,#639);
#637 = CARTESIAN_POINT('',(-10.95221315109,56.354316845234,46.5));
#638 = DIRECTION('',(0.984807753012,0.173648177667,0.));
#639 = DIRECTION('',(0.,0.,1.));
#640 = DEFINITIONAL_REPRESENTATION('',(#641),#644);
#641 = B_SPLINE_CURVE_WITH_KNOTS('',1,(#642,#643),.UNSPECIFIED.,.F.,.F.,
  (2,2),(0.8,9.2),.PIECEWISE_BEZIER_KNOTS.);
#642 = CARTESIAN_POINT('',(-0.7,-0.591378669592));
#643 = CARTESIAN_POINT('',(7.7,-0.591378669592));
#644 = ( GEOMETRIC_REPRESENTATION_CONTEXT(2) 
PARAMETRIC_REPRESENTATION_CONTEXT() REPRESENTATION_CONTEXT('2D SPACE',''
  ) );
#645 = ORIENTED_EDGE('',*,*,#646,.F.);
#646 = EDGE_CURVE('',#647,#619,#649,.T.);
#647 = VERTEX_POINT('',#648);
#648 = CARTESIAN_POINT('',(-9.085289473355,57.284007499348,46.5));
#649 = SURFACE_CURVE('',#650,(#655,#662),.PCURVE_S1.);
#650 = CIRCLE('',#651,58.);
#651 = AXIS2_PLACEMENT_3D('',#652,#653,#654);
#652 = CARTESIAN_POINT('',(0.,0.,46.5));
#653 = DIRECTION('',(0.,0.,1.));
#654 = DIRECTION('',(1.,0.,-0.));
#655 = PCURVE('',#33,#656);
#656 = DEFINITIONAL_REPRESENTATION('',(#657),#661);
#657 = LINE('',#658,#659);
#658 = CARTESIAN_POINT('',(0.,1.5));
#659 = VECTOR('',#660,1.);
#660 = DIRECTION('',(1.,0.));
#661 = ( GEOMETRIC_REPRESENTATION_CONTEXT(2) 
PARAMETRIC_REPRESENTATION_CONTEXT() REPRESENTATION_CONTEXT('2D SPACE',''
  ) );
#662 = PCURVE('',#663,#668);
#663 = PLANE('',#664);
#664 = AXIS2_PLACEMENT_3D('',#665,#666,#667);
#665 = CARTESIAN_POINT('',(-10.95221315109,56.354316845234,46.5));
#666 = DIRECTION('',(0.,0.,1.));
#667 = DIRECTION('',(0.984807753012,0.173648177667,0.));
#668 = DEFINITIONAL_REPRESENTATION('',(#669),#673);
#669 = CIRCLE('',#670,58.);
#670 = AXIS2_PLACEMENT_2D('',#671,#672);
#671 = CARTESIAN_POINT('',(1.,-57.4));
#672 = DIRECTION('',(0.984807753012,-0.173648177667));
#673 = ( GEOMETRIC_REPRESENTATION_CONTEXT(2) 
PARAMETRIC_REPRESENTATION_CONTEXT() REPRESENTATION_CONTEXT('2D SPACE',''
  ) );
#674 = ORIENTED_EDGE('',*,*,#675,.T.);
#675 = EDGE_CURVE('',#647,#676,#678,.T.);
#676 = VERTEX_POINT('',#677);
#677 = CARTESIAN_POINT('',(-9.085289473355,57.284007499348,53.5));
#678 = SURFACE_CURVE('',#679,(#683,#689),.PCURVE_S1.);
#679 = LINE('',#680,#681);
#680 = CARTESIAN_POINT('',(-9.085289473355,57.284007499348,45.));
#681 = VECTOR('',#682,1.);
#682 = DIRECTION('',(0.,0.,1.));
#683 = PCURVE('',#33,#684);
#684 = DEFINITIONAL_REPRESENTATION('',(#685),#688);
#685 = B_SPLINE_CURVE_WITH_KNOTS('',1,(#686,#687),.UNSPECIFIED.,.F.,.F.,
  (2,2),(0.8,9.2),.PIECEWISE_BEZIER_KNOTS.);
#686 = CARTESIAN_POINT('',(1.728087018359,0.8));
#687 = CARTESIAN_POINT('',(1.728087018359,9.2));
#688 = ( GEOMETRIC_REPRESENTATION_CONTEXT(2) 
PARAMETRIC_REPRESENTATION_CONTEXT() REPRESENTATION_CONTEXT('2D SPACE',''
  ) );
#689 = PCURVE('',#690,#695);
#690 = PLANE('',#691);
#691 = AXIS2_PLACEMENT_3D('',#692,#693,#694);
#692 = CARTESIAN_POINT('',(-8.98259764507,56.701613200568,46.5));
#693 = DIRECTION('',(0.984807753012,0.173648177667,0.));
#694 = DIRECTION('',(0.,0.,1.));
#695 = DEFINITIONAL_REPRESENTATION('',(#696),#699);
#696 = B_SPLINE_CURVE_WITH_KNOTS('',1,(#697,#698),.UNSPECIFIED.,.F.,.F.,
  (2,2),(0.8,9.2),.PIECEWISE_BEZIER_KNOTS.);
#697 = CARTESIAN_POINT('',(-0.7,-0.591378669592));
#698 = CARTESIAN_POINT('',(7.7,-0.591378669592));
#699 = ( GEOMETRIC_REPRESENTATION_CONTEXT(2) 
PARAMETRIC_REPRESENTATION_CONTEXT() REPRESENTATION_CONTEXT('2D SPACE',''
  ) );
#700 = ORIENTED_EDGE('',*,*,#701,.T.);
#701 = EDGE_CURVE('',#676,#621,#702,.T.);
#702 = SURFACE_CURVE('',#703,(#708,#715),.PCURVE_S1.);
#703 = CIRCLE('',#704,58.);
#704 = AXIS2_PLACEMENT_3D('',#705,#706,#707);
#705 = CARTESIAN_POINT('',(0.,0.,53.5));
#706 = DIRECTION('',(0.,0.,1.));
#707 = DIRECTION('',(1.,0.,-0.));
#708 = PCURVE('',#33,#709);
#709 = DEFINITIONAL_REPRESENTATION('',(#710),#714);
#710 = LINE('',#711,#712);
#711 = CARTESIAN_POINT('',(0.,8.5));
#712 = VECTOR('',#713,1.);
#713 = DIRECTION('',(1.,0.));
#714 = ( GEOMETRIC_REPRESENTATION_CONTEXT(2) 
PARAMETRIC_REPRESENTATION_CONTEXT() REPRESENTATION_CONTEXT('2D SPACE',''
  ) );
#715 = PCURVE('',#716,#721);
#716 = PLANE('',#717);
#717 = AXIS2_PLACEMENT_3D('',#718,#719,#720);
#718 = CARTESIAN_POINT('',(-10.95221315109,56.354316845234,53.5));
#719 = DIRECTION('',(0.,0.,1.));
#720 = DIRECTION('',(0.984807753012,0.173648177667,0.));
#721 = DEFINITIONAL_REPRESENTATION('',(#722),#726);
#722 = CIRCLE('',#723,58.);
#723 = AXIS2_PLACEMENT_2D('',#724,#725);
#724 = CARTESIAN_POINT('',(1.,-57.4));
#725 = DIRECTION('',(0.984807753012,-0.173648177667));
#726 = ( GEOMETRIC_REPRESENTATION_CONTEXT(2) 
PARAMETRIC_REPRESENTATION_CONTEXT() REPRESENTATION_CONTEXT('2D SPACE',''
  ) );
#727 = FACE_BOUND('',#728,.T.);
#728 = EDGE_LOOP('',(#729,#757,#786,#812));
#729 = ORIENTED_EDGE('',*,*,#730,.F.);
#730 = EDGE_CURVE('',#731,#733,#735,.T.);
#731 = VERTEX_POINT('',#732);
#732 = CARTESIAN_POINT('',(-20.77391226501,54.152050461691,46.5));
#733 = VERTEX_POINT('',#734);
#734 = CARTESIAN_POINT('',(-20.77391226501,54.152050461691,53.5));
#735 = SURFACE_CURVE('',#736,(#740,#746),.PCURVE_S1.);
#736 = LINE('',#737,#738);
#737 = CARTESIAN_POINT('',(-20.77391226501,54.152050461691,45.));
#738 = VECTOR('',#739,1.);
#739 = DIRECTION('',(0.,0.,1.));
#740 = PCURVE('',#33,#741);
#741 = DEFINITIONAL_REPRESENTATION('',(#742),#745);
#742 = B_SPLINE_CURVE_WITH_KNOTS('',1,(#743,#744),.UNSPECIFIED.,.F.,.F.,
  (2,2),(0.8,9.2),.PIECEWISE_BEZIER_KNOTS.);
#743 = CARTESIAN_POINT('',(1.937104410829,0.8));
#744 = CARTESIAN_POINT('',(1.937104410829,9.2));
#745 = ( GEOMETRIC_REPRESENTATION_CONTEXT(2) 
PARAMETRIC_REPRESENTATION_CONTEXT() REPRESENTATION_CONTEXT('2D SPACE',''
  ) );
#746 = PCURVE('',#747,#752);
#747 = PLANE('',#748);
#748 = AXIS2_PLACEMENT_3D('',#749,#750,#751);
#749 = CARTESIAN_POINT('',(-20.57164884767,53.596336289785,46.5));
#750 = DIRECTION('',(0.939692620786,0.342020143326,0.));
#751 = DIRECTION('',(0.,0.,1.));
#752 = DEFINITIONAL_REPRESENTATION('',(#753),#756);
#753 = B_SPLINE_CURVE_WITH_KNOTS('',1,(#754,#755),.UNSPECIFIED.,.F.,.F.,
  (2,2),(0.8,9.2),.PIECEWISE_BEZIER_KNOTS.);
#754 = CARTESIAN_POINT('',(-0.7,-0.591378669592));
#755 = CARTESIAN_POINT('',(7.7,-0.591378669592));
#756 = ( GEOMETRIC_REPRESENTATION_CONTEXT(2) 
PARAMETRIC_REPRESENTATION_CONTEXT() REPRESENTATION_CONTEXT('2D SPACE',''
  ) );
#757 = ORIENTED_EDGE('',*,*,#758,.F.);
#758 = EDGE_CURVE('',#759,#731,#761,.T.);
#759 = VERTEX_POINT('',#760);
#760 = CARTESIAN_POINT('',(-18.89452702344,54.836090748343,46.5));
#761 = SURFACE_CURVE('',#762,(#767,#774),.PCURVE_S1.);
#762 = CIRCLE('',#763,58.);
#763 = AXIS2_PLACEMENT_3D('',#764,#765,#766);
#764 = CARTESIAN_POINT('',(0.,0.,46.5));
#765 = DIRECTION('',(0.,0.,1.));
#766 = DIRECTION('',(1.,0.,-0.));
#767 = PCURVE('',#33,#768);
#768 = DEFINITIONAL_REPRESENTATION('',(#769),#773);
#769 = LINE('',#770,#771);
#770 = CARTESIAN_POINT('',(0.,1.5));
#771 = VECTOR('',#772,1.);
#772 = DIRECTION('',(1.,0.));
#773 = ( GEOMETRIC_REPRESENTATION_CONTEXT(2) 
PARAMETRIC_REPRESENTATION_CONTEXT() REPRESENTATION_CONTEXT('2D SPACE',''
  ) );
#774 = PCURVE('',#775,#780);
#775 = PLANE('',#776);
#776 = AXIS2_PLACEMENT_3D('',#777,#778,#779);
#777 = CARTESIAN_POINT('',(-20.57164884767,53.596336289785,46.5));
#778 = DIRECTION('',(0.,0.,1.));
#779 = DIRECTION('',(0.939692620786,0.342020143326,0.));
#780 = DEFINITIONAL_REPRESENTATION('',(#781),#785);
#781 = CIRCLE('',#782,58.);
#782 = AXIS2_PLACEMENT_2D('',#783,#784);
#783 = CARTESIAN_POINT('',(1.,-57.4));
#784 = DIRECTION('',(0.939692620786,-0.342020143326));
#785 = ( GEOMETRIC_REPRESENTATION_CONTEXT(2) 
PARAMETRIC_REPRESENTATION_CONTEXT() REPRESENTATION_CONTEXT('2D SPACE',''
  ) );
#786 = ORIENTED_EDGE('',*,*,#787,.T.);
#787 = EDGE_CURVE('',#759,#788,#790,.T.);
#788 = VERTEX_POINT('',#789);
#789 = CARTESIAN_POINT('',(-18.89452702344,54.836090748343,53.5));
#790 = SURFACE_CURVE('',#791,(#795,#801),.PCURVE_S1.);
#791 = LINE('',#792,#793);
#792 = CARTESIAN_POINT('',(-18.89452702344,54.836090748343,45.));
#793 = VECTOR('',#794,1.);
#794 = DIRECTION('',(0.,0.,1.));
#795 = PCURVE('',#33,#796);
#796 = DEFINITIONAL_REPRESENTATION('',(#797),#800);
#797 = B_SPLINE_CURVE_WITH_KNOTS('',1,(#798,#799),.UNSPECIFIED.,.F.,.F.,
  (2,2),(0.8,9.2),.PIECEWISE_BEZIER_KNOTS.);
#798 = CARTESIAN_POINT('',(1.902619943559,0.8));
#799 = CARTESIAN_POINT('',(1.902619943559,9.2));
#800 = ( GEOMETRIC_REPRESENTATION_CONTEXT(2) 
PARAMETRIC_REPRESENTATION_CONTEXT() REPRESENTATION_CONTEXT('2D SPACE',''
  ) );
#801 = PCURVE('',#802,#807);
#802 = PLANE('',#803);
#803 = AXIS2_PLACEMENT_3D('',#804,#805,#806);
#804 = CARTESIAN_POINT('',(-18.6922636061,54.280376576437,46.5));
#805 = DIRECTION('',(0.939692620786,0.342020143326,0.));
#806 = DIRECTION('',(0.,0.,1.));
#807 = DEFINITIONAL_REPRESENTATION('',(#808),#811);
#808 = B_SPLINE_CURVE_WITH_KNOTS('',1,(#809,#810),.UNSPECIFIED.,.F.,.F.,
  (2,2),(0.8,9.2),.PIECEWISE_BEZIER_KNOTS.);
#809 = CARTESIAN_POINT('',(-0.7,-0.591378669592));
#810 = CARTESIAN_POINT('',(7.7,-0.591378669592));
#811 = ( GEOMETRIC_REPRESENTATION_CONTEXT(2) 
PARAMETRIC_REPRESENTATION_CONTEXT() REPRESENTATION_CONTEXT('2D SPACE',''
  ) );
#812 = ORIENTED_EDGE('',*,*,#813,.T.);
#813 = EDGE_CURVE('',#788,#733,#814,.T.);
#814 = SURFACE_CURVE('',#815,(#820,#827),.PCURVE_S1.);
#815 = CIRCLE('',#816,58.);
#816 = AXIS2_PLACEMENT_3D('',#817,#818,#819);
#817 = CARTESIAN_POINT('',(0.,0.,53.5));
#818 = DIRECTION('',(0.,0.,1.));
#819 = DIRECTION('',(1.,0.,-0.));
#820 = PCURVE('',#33,#821);
#821 = DEFINITIONAL_REPRESENTATION('',(#822),#826);
#822 = LINE('',#823,#824);
#823 = CARTESIAN_POINT('',(0.,8.5));
#824 = VECTOR('',#825,1.);
#825 = DIRECTION('',(1.,0.));
#826 = ( GEOMETRIC_REPRESENTATION_CONTEXT(2) 
PARAMETRIC_REPRESENTATION_CONTEXT() REPRESENTATION_CONTEXT('2D SPACE',''
  ) );
#827 = PCURVE('',#828,#833);
#828 = PLANE('',#829);
#829 = AXIS2_PLACEMENT_3D('',#830,#831,#832);
#830 = CARTESIAN_POINT('',(-20.57164884767,53.596336289785,53.5));
#831 = DIRECTION('',(0.,0.,1.));
#832 = DIRECTION('',(0.939692620786,0.342020143326,0.));
#833 = DEFINITIONAL_REPRESENTATION('',(#834),#838);
#834 = CIRCLE('',#835,58.);
#835 = AXIS2_PLACEMENT_2D('',#836,#837);
#836 = CARTESIAN_POINT('',(1.,-57.4));
#837 = DIRECTION('',(0.939692620786,-0.342020143326));
#838 = ( GEOMETRIC_REPRESENTATION_CONTEXT(2) 
PARAMETRIC_REPRESENTATION_CONTEXT() REPRESENTATION_CONTEXT('2D SPACE',''
  ) );
#839 = FACE_BOUND('',#840,.T.);
#840 = EDGE_LOOP('',(#841,#869,#898,#924));
#841 = ORIENTED_EDGE('',*,*,#842,.F.);
#842 = EDGE_CURVE('',#843,#845,#847,.T.);
#843 = VERTEX_POINT('',#844);
#844 = CARTESIAN_POINT('',(-29.86171473858,49.72200712835,46.5));
#845 = VERTEX_POINT('',#846);
#846 = CARTESIAN_POINT('',(-29.86171473858,49.72200712835,53.5));
#847 = SURFACE_CURVE('',#848,(#852,#858),.PCURVE_S1.);
#848 = LINE('',#849,#850);
#849 = CARTESIAN_POINT('',(-29.86171473858,49.72200712835,45.));
#850 = VECTOR('',#851,1.);
#851 = DIRECTION('',(0.,0.,1.));
#852 = PCURVE('',#33,#853);
#853 = DEFINITIONAL_REPRESENTATION('',(#854),#857);
#854 = B_SPLINE_CURVE_WITH_KNOTS('',1,(#855,#856),.UNSPECIFIED.,.F.,.F.,
  (2,2),(0.8,9.2),.PIECEWISE_BEZIER_KNOTS.);
#855 = CARTESIAN_POINT('',(2.111637336028,0.8));
#856 = CARTESIAN_POINT('',(2.111637336028,9.2));
#857 = ( GEOMETRIC_REPRESENTATION_CONTEXT(2) 
PARAMETRIC_REPRESENTATION_CONTEXT() REPRESENTATION_CONTEXT('2D SPACE',''
  ) );
#858 = PCURVE('',#859,#864);
#859 = PLANE('',#860);
#860 = AXIS2_PLACEMENT_3D('',#861,#862,#863);
#861 = CARTESIAN_POINT('',(-29.56602540378,49.209858177227,46.5));
#862 = DIRECTION('',(0.866025403784,0.5,0.));
#863 = DIRECTION('',(0.,0.,1.));
#864 = DEFINITIONAL_REPRESENTATION('',(#865),#868);
#865 = B_SPLINE_CURVE_WITH_KNOTS('',1,(#866,#867),.UNSPECIFIED.,.F.,.F.,
  (2,2),(0.8,9.2),.PIECEWISE_BEZIER_KNOTS.);
#866 = CARTESIAN_POINT('',(-0.7,-0.591378669592));
#867 = CARTESIAN_POINT('',(7.7,-0.591378669592));
#868 = ( GEOMETRIC_REPRESENTATION_CONTEXT(2) 
PARAMETRIC_REPRESENTATION_CONTEXT() REPRESENTATION_CONTEXT('2D SPACE',''
  ) );
#869 = ORIENTED_EDGE('',*,*,#870,.F.);
#870 = EDGE_CURVE('',#871,#843,#873,.T.);
#871 = VERTEX_POINT('',#872);
#872 = CARTESIAN_POINT('',(-28.12966393101,50.72200712835,46.5));
#873 = SURFACE_CURVE('',#874,(#879,#886),.PCURVE_S1.);
#874 = CIRCLE('',#875,58.);
#875 = AXIS2_PLACEMENT_3D('',#876,#877,#878);
#876 = CARTESIAN_POINT('',(0.,0.,46.5));
#877 = DIRECTION('',(0.,0.,1.));
#878 = DIRECTION('',(1.,0.,-0.));
#879 = PCURVE('',#33,#880);
#880 = DEFINITIONAL_REPRESENTATION('',(#881),#885);
#881 = LINE('',#882,#883);
#882 = CARTESIAN_POINT('',(0.,1.5));
#883 = VECTOR('',#884,1.);
#884 = DIRECTION('',(1.,0.));
#885 = ( GEOMETRIC_REPRESENTATION_CONTEXT(2) 
PARAMETRIC_REPRESENTATION_CONTEXT() REPRESENTATION_CONTEXT('2D SPACE',''
  ) );
#886 = PCURVE('',#887,#892);
#887 = PLANE('',#888);
#888 = AXIS2_PLACEMENT_3D('',#889,#890,#891);
#889 = CARTESIAN_POINT('',(-29.56602540378,49.209858177227,46.5));
#890 = DIRECTION('',(0.,0.,1.));
#891 = DIRECTION('',(0.866025403784,0.5,0.));
#892 = DEFINITIONAL_REPRESENTATION('',(#893),#897);
#893 = CIRCLE('',#894,58.);
#894 = AXIS2_PLACEMENT_2D('',#895,#896);
#895 = CARTESIAN_POINT('',(1.,-57.4));
#896 = DIRECTION('',(0.866025403784,-0.5));
#897 = ( GEOMETRIC_REPRESENTATION_CONTEXT(2) 
PARAMETRIC_REPRESENTATION_CONTEXT() REPRESENTATION_CONTEXT('2D SPACE',''
  ) );
#898 = ORIENTED_EDGE('',*,*,#899,.T.);
#899 = EDGE_CURVE('',#871,#900,#902,.T.);
#900 = VERTEX_POINT('',#901);
#901 = CARTESIAN_POINT('',(-28.12966393101,50.72200712835,53.5));
#902 = SURFACE_CURVE('',#903,(#907,#913),.PCURVE_S1.);
#903 = LINE('',#904,#905);
#904 = CARTESIAN_POINT('',(-28.12966393101,50.72200712835,45.));
#905 = VECTOR('',#906,1.);
#906 = DIRECTION('',(0.,0.,1.));
#907 = PCURVE('',#33,#908);
#908 = DEFINITIONAL_REPRESENTATION('',(#909),#912);
#909 = B_SPLINE_CURVE_WITH_KNOTS('',1,(#910,#911),.UNSPECIFIED.,.F.,.F.,
  (2,2),(0.8,9.2),.PIECEWISE_BEZIER_KNOTS.);
#910 = CARTESIAN_POINT('',(2.077152868758,0.8));
#911 = CARTESIAN_POINT('',(2.077152868758,9.2));
#912 = ( GEOMETRIC_REPRESENTATION_CONTEXT(2) 
PARAMETRIC_REPRESENTATION_CONTEXT() REPRESENTATION_CONTEXT('2D SPACE',''
  ) );
#913 = PCURVE('',#914,#919);
#914 = PLANE('',#915);
#915 = AXIS2_PLACEMENT_3D('',#916,#917,#918);
#916 = CARTESIAN_POINT('',(-27.83397459621,50.209858177227,46.5));
#917 = DIRECTION('',(0.866025403784,0.5,0.));
#918 = DIRECTION('',(0.,0.,1.));
#919 = DEFINITIONAL_REPRESENTATION('',(#920),#923);
#920 = B_SPLINE_CURVE_WITH_KNOTS('',1,(#921,#922),.UNSPECIFIED.,.F.,.F.,
  (2,2),(0.8,9.2),.PIECEWISE_BEZIER_KNOTS.);
#921 = CARTESIAN_POINT('',(-0.7,-0.591378669592));
#922 = CARTESIAN_POINT('',(7.7,-0.591378669592));
#923 = ( GEOMETRIC_REPRESENTATION_CONTEXT(2) 
PARAMETRIC_REPRESENTATION_CONTEXT() REPRESENTATION_CONTEXT('2D SPACE',''
  ) );
#924 = ORIENTED_EDGE('',*,*,#925,.T.);
#925 = EDGE_CURVE('',#900,#845,#926,.T.);
#926 = SURFACE_CURVE('',#927,(#932,#939),.PCURVE_S1.);
#927 = CIRCLE('',#928,58.);
#928 = AXIS2_PLACEMENT_3D('',#929,#930,#931);
#929 = CARTESIAN_POINT('',(0.,0.,53.5));
#930 = DIRECTION('',(0.,0.,1.));
#931 = DIRECTION('',(1.,0.,-0.));
#932 = PCURVE('',#33,#933);
#933 = DEFINITIONAL_REPRESENTATION('',(#934),#938);
#934 = LINE('',#935,#936);
#935 = CARTESIAN_POINT('',(0.,8.5));
#936 = VECTOR('',#937,1.);
#937 = DIRECTION('',(1.,0.));
#938 = ( GEOMETRIC_REPRESENTATION_CONTEXT(2) 
PARAMETRIC_REPRESENTATION_CONTEXT() REPRESENTATION_CONTEXT('2D SPACE',''
  ) );
#939 = PCURVE('',#940,#945);
#940 = PLANE('',#941);
#941 = AXIS2_PLACEMENT_3D('',#942,#943,#944);
#942 = CARTESIAN_POINT('',(-29.56602540378,49.209858177227,53.5));
#943 = DIRECTION('',(0.,0.,1.));
#944 = DIRECTION('',(0.866025403784,0.5,0.));
#945 = DEFINITIONAL_REPRESENTATION('',(#946),#950);
#946 = CIRCLE('',#947,58.);
#947 = AXIS2_PLACEMENT_2D('',#948,#949);
#948 = CARTESIAN_POINT('',(1.,-57.4));
#949 = DIRECTION('',(0.866025403784,-0.5));
#950 = ( GEOMETRIC_REPRESENTATION_CONTEXT(2) 
PARAMETRIC_REPRESENTATION_CONTEXT() REPRESENTATION_CONTEXT('2D SPACE',''
  ) );
#951 = FACE_BOUND('',#952,.T.);
#952 = EDGE_LOOP('',(#953,#981,#1010,#1036));
#953 = ORIENTED_EDGE('',*,*,#954,.F.);
#954 = EDGE_CURVE('',#955,#957,#959,.T.);
#955 = VERTEX_POINT('',#956);
#956 = CARTESIAN_POINT('',(-38.04218412057,43.781185768963,46.5));
#957 = VERTEX_POINT('',#958);
#958 = CARTESIAN_POINT('',(-38.04218412057,43.781185768963,53.5));
#959 = SURFACE_CURVE('',#960,(#964,#970),.PCURVE_S1.);
#960 = LINE('',#961,#962);
#961 = CARTESIAN_POINT('',(-38.04218412057,43.781185768963,45.));
#962 = VECTOR('',#963,1.);
#963 = DIRECTION('',(0.,0.,1.));
#964 = PCURVE('',#33,#965);
#965 = DEFINITIONAL_REPRESENTATION('',(#966),#969);
#966 = B_SPLINE_CURVE_WITH_KNOTS('',1,(#967,#968),.UNSPECIFIED.,.F.,.F.,
  (2,2),(0.8,9.2),.PIECEWISE_BEZIER_KNOTS.);
#967 = CARTESIAN_POINT('',(2.286170261227,0.8));
#968 = CARTESIAN_POINT('',(2.286170261227,9.2));
#969 = ( GEOMETRIC_REPRESENTATION_CONTEXT(2) 
PARAMETRIC_REPRESENTATION_CONTEXT() REPRESENTATION_CONTEXT('2D SPACE',''
  ) );
#970 = PCURVE('',#971,#976);
#971 = PLANE('',#972);
#972 = AXIS2_PLACEMENT_3D('',#973,#974,#975);
#973 = CARTESIAN_POINT('',(-37.66205323912,43.328163425343,46.5));
#974 = DIRECTION('',(0.766044443119,0.642787609687,0.));
#975 = DIRECTION('',(0.,0.,1.));
#976 = DEFINITIONAL_REPRESENTATION('',(#977),#980);
#977 = B_SPLINE_CURVE_WITH_KNOTS('',1,(#978,#979),.UNSPECIFIED.,.F.,.F.,
  (2,2),(0.8,9.2),.PIECEWISE_BEZIER_KNOTS.);
#978 = CARTESIAN_POINT('',(-0.7,-0.591378669592));
#979 = CARTESIAN_POINT('',(7.7,-0.591378669592));
#980 = ( GEOMETRIC_REPRESENTATION_CONTEXT(2) 
PARAMETRIC_REPRESENTATION_CONTEXT() REPRESENTATION_CONTEXT('2D SPACE',''
  ) );
#981 = ORIENTED_EDGE('',*,*,#982,.F.);
#982 = EDGE_CURVE('',#983,#955,#985,.T.);
#983 = VERTEX_POINT('',#984);
#984 = CARTESIAN_POINT('',(-36.51009523433,45.066760988336,46.5));
#985 = SURFACE_CURVE('',#986,(#991,#998),.PCURVE_S1.);
#986 = CIRCLE('',#987,58.);
#987 = AXIS2_PLACEMENT_3D('',#988,#989,#990);
#988 = CARTESIAN_POINT('',(0.,0.,46.5));
#989 = DIRECTION('',(0.,0.,1.));
#990 = DIRECTION('',(1.,0.,-0.));
#991 = PCURVE('',#33,#992);
#992 = DEFINITIONAL_REPRESENTATION('',(#993),#997);
#993 = LINE('',#994,#995);
#994 = CARTESIAN_POINT('',(0.,1.5));
#995 = VECTOR('',#996,1.);
#996 = DIRECTION('',(1.,0.));
#997 = ( GEOMETRIC_REPRESENTATION_CONTEXT(2) 
PARAMETRIC_REPRESENTATION_CONTEXT() REPRESENTATION_CONTEXT('2D SPACE',''
  ) );
#998 = PCURVE('',#999,#1004);
#999 = PLANE('',#1000);
#1000 = AXIS2_PLACEMENT_3D('',#1001,#1002,#1003);
#1001 = CARTESIAN_POINT('',(-37.66205323912,43.328163425343,46.5));
#1002 = DIRECTION('',(0.,0.,1.));
#1003 = DIRECTION('',(0.766044443119,0.642787609687,0.));
#1004 = DEFINITIONAL_REPRESENTATION('',(#1005),#1009);
#1005 = CIRCLE('',#1006,58.);
#1006 = AXIS2_PLACEMENT_2D('',#1007,#1008);
#1007 = CARTESIAN_POINT('',(1.,-57.4));
#1008 = DIRECTION('',(0.766044443119,-0.642787609687));
#1009 = ( GEOMETRIC_REPRESENTATION_CONTEXT(2) 
PARAMETRIC_REPRESENTATION_CONTEXT() REPRESENTATION_CONTEXT('2D SPACE',''
  ) );
#1010 = ORIENTED_EDGE('',*,*,#1011,.T.);
#1011 = EDGE_CURVE('',#983,#1012,#1014,.T.);
#1012 = VERTEX_POINT('',#1013);
#1013 = CARTESIAN_POINT('',(-36.51009523433,45.066760988336,53.5));
#1014 = SURFACE_CURVE('',#1015,(#1019,#1025),.PCURVE_S1.);
#1015 = LINE('',#1016,#1017);
#1016 = CARTESIAN_POINT('',(-36.51009523433,45.066760988336,45.));
#1017 = VECTOR('',#1018,1.);
#1018 = DIRECTION('',(0.,0.,1.));
#1019 = PCURVE('',#33,#1020);
#1020 = DEFINITIONAL_REPRESENTATION('',(#1021),#1024);
#1021 = B_SPLINE_CURVE_WITH_KNOTS('',1,(#1022,#1023),.UNSPECIFIED.,.F.,
  .F.,(2,2),(0.8,9.2),.PIECEWISE_BEZIER_KNOTS.);
#1022 = CARTESIAN_POINT('',(2.251685793958,0.8));
#1023 = CARTESIAN_POINT('',(2.251685793958,9.2));
#1024 = ( GEOMETRIC_REPRESENTATION_CONTEXT(2) 
PARAMETRIC_REPRESENTATION_CONTEXT() REPRESENTATION_CONTEXT('2D SPACE',''
  ) );
#1025 = PCURVE('',#1026,#1031);
#1026 = PLANE('',#1027);
#1027 = AXIS2_PLACEMENT_3D('',#1028,#1029,#1030);
#1028 = CARTESIAN_POINT('',(-36.12996435288,44.613738644716,46.5));
#1029 = DIRECTION('',(0.766044443119,0.642787609687,0.));
#1030 = DIRECTION('',(0.,0.,1.));
#1031 = DEFINITIONAL_REPRESENTATION('',(#1032),#1035);
#1032 = B_SPLINE_CURVE_WITH_KNOTS('',1,(#1033,#1034),.UNSPECIFIED.,.F.,
  .F.,(2,2),(0.8,9.2),.PIECEWISE_BEZIER_KNOTS.);
#1033 = CARTESIAN_POINT('',(-0.7,-0.591378669592));
#1034 = CARTESIAN_POINT('',(7.7,-0.591378669592));
#1035 = ( GEOMETRIC_REPRESENTATION_CONTEXT(2) 
PARAMETRIC_REPRESENTATION_CONTEXT() REPRESENTATION_CONTEXT('2D SPACE',''
  ) );
#1036 = ORIENTED_EDGE('',*,*,#1037,.T.);
#1037 = EDGE_CURVE('',#1012,#957,#1038,.T.);
#1038 = SURFACE_CURVE('',#1039,(#1044,#1051),.PCURVE_S1.);
#1039 = CIRCLE('',#1040,58.);
#1040 = AXIS2_PLACEMENT_3D('',#1041,#1042,#1043);
#1041 = CARTESIAN_POINT('',(0.,0.,53.5));
#1042 = DIRECTION('',(0.,0.,1.));
#1043 = DIRECTION('',(1.,0.,-0.));
#1044 = PCURVE('',#33,#1045);
#1045 = DEFINITIONAL_REPRESENTATION('',(#1046),#1050);
#1046 = LINE('',#1047,#1048);
#1047 = CARTESIAN_POINT('',(0.,8.5));
#1048 = VECTOR('',#1049,1.);
#1049 = DIRECTION('',(1.,0.));
#1050 = ( GEOMETRIC_REPRESENTATION_CONTEXT(2) 
PARAMETRIC_REPRESENTATION_CONTEXT() REPRESENTATION_CONTEXT('2D SPACE',''
  ) );
#1051 = PCURVE('',#1052,#1057);
#1052 = PLANE('',#1053);
#1053 = AXIS2_PLACEMENT_3D('',#1054,#1055,#1056);
#1054 = CARTESIAN_POINT('',(-37.66205323912,43.328163425343,53.5));
#1055 = DIRECTION('',(0.,0.,1.));
#1056 = DIRECTION('',(0.766044443119,0.642787609687,0.));
#1057 = DEFINITIONAL_REPRESENTATION('',(#1058),#1062);
#1058 = CIRCLE('',#1059,58.);
#1059 = AXIS2_PLACEMENT_2D('',#1060,#1061);
#1060 = CARTESIAN_POINT('',(1.,-57.4));
#1061 = DIRECTION('',(0.766044443119,-0.642787609687));
#1062 = ( GEOMETRIC_REPRESENTATION_CONTEXT(2) 
PARAMETRIC_REPRESENTATION_CONTEXT() REPRESENTATION_CONTEXT('2D SPACE',''
  ) );
#1063 = FACE_BOUND('',#1064,.T.);
#1064 = EDGE_LOOP('',(#1065));
#1065 = ORIENTED_EDGE('',*,*,#1066,.T.);
#1066 = EDGE_CURVE('',#1067,#1067,#1069,.T.);
#1067 = VERTEX_POINT('',#1068);
#1068 = CARTESIAN_POINT('',(-40.11878411966,41.886551072629,50.));
#1069 = SURFACE_CURVE('',#1070,(#1115,#1163),.PCURVE_S1.);
#1070 = B_SPLINE_CURVE_WITH_KNOTS('',7,(#1071,#1072,#1073,#1074,#1075,
    #1076,#1077,#1078,#1079,#1080,#1081,#1082,#1083,#1084,#1085,#1086,
    #1087,#1088,#1089,#1090,#1091,#1092,#1093,#1094,#1095,#1096,#1097,
    #1098,#1099,#1100,#1101,#1102,#1103,#1104,#1105,#1106,#1107,#1108,
    #1109,#1110,#1111,#1112,#1113,#1114),.UNSPECIFIED.,.T.,.F.,(8,6,6,6,
    6,6,6,8),(0.,0.15126062455,0.287062203518,0.42436490248,
    0.587322009731,0.713814311671,0.839614378196,1.),.UNSPECIFIED.);
#1071 = CARTESIAN_POINT('',(-40.11878411966,41.886551072629,50.));
#1072 = CARTESIAN_POINT('',(-40.11878411966,41.886551072629,
    50.150169601406));
#1073 = CARTESIAN_POINT('',(-40.13398741886,41.871989381968,
    50.300419919525));
#1074 = CARTESIAN_POINT('',(-40.16442605566,41.842835506447,
    50.44861408579));
#1075 = CARTESIAN_POINT('',(-40.21040108022,41.798733782406,
    50.592389313653));
#1076 = CARTESIAN_POINT('',(-40.27231059372,41.739170319918,
    50.728833298611));
#1077 = CARTESIAN_POINT('',(-40.35050175268,41.663585530112,
    50.85418118815));
#1078 = CARTESIAN_POINT('',(-40.52967843268,41.489265499869,
    51.060966018358));
#1079 = CARTESIAN_POINT('',(-40.62969344041,41.391568765325,
    51.148093478528));
#1080 = CARTESIAN_POINT('',(-40.74278566327,41.280500403667,
    51.215600257225));
#1081 = CARTESIAN_POINT('',(-40.8647728543,41.159853730861,
    51.257336118134));
#1082 = CARTESIAN_POINT('',(-40.99040221531,41.034609274129,
    51.270047519539));
#1083 = CARTESIAN_POINT('',(-41.11421349775,40.910258120973,
    51.253515891443));
#1084 = CARTESIAN_POINT('',(-41.34991628769,40.672015089091,
    51.167469054203));
#1085 = CARTESIAN_POINT('',(-41.45829609097,40.561655307112,
    51.098598531275));
#1086 = CARTESIAN_POINT('',(-41.55451907713,40.46301110859,
    51.00913234152));
#1087 = CARTESIAN_POINT('',(-41.63748938138,40.37748862609,
    50.903604186477));
#1088 = CARTESIAN_POINT('',(-41.70668006442,40.305880317268,
    50.786286064512));
#1089 = CARTESIAN_POINT('',(-41.76206995494,40.248393748657,
    50.661224780291));
#1090 = CARTESIAN_POINT('',(-41.85410637874,40.152695696859,
    50.379120238883));
#1091 = CARTESIAN_POINT('',(-41.88679698501,40.118553837766,
    50.215931340963));
#1092 = CARTESIAN_POINT('',(-41.90152032709,40.103129963103,
    50.047013091542));
#1093 = CARTESIAN_POINT('',(-41.89801242566,40.106803530208,
    49.876632972269));
#1094 = CARTESIAN_POINT('',(-41.87631595885,40.129513094543,
    49.708918032709));
#1095 = CARTESIAN_POINT('',(-41.83667237692,40.170880680312,
    49.547891684449));
#1096 = CARTESIAN_POINT('',(-41.73499951601,40.276468549007,
    49.281308278934));
#1097 = CARTESIAN_POINT('',(-41.67906035674,40.334442694793,
    49.16903150753));
#1098 = CARTESIAN_POINT('',(-41.61130101862,40.404462835955,
    49.064239522184));
#1099 = CARTESIAN_POINT('',(-41.53185305764,40.486235019901,
    48.970315328445));
#1100 = CARTESIAN_POINT('',(-41.44126946791,40.578988573557,
    48.890741456624));
#1101 = CARTESIAN_POINT('',(-41.3405613748,40.681470822772,
    48.829115794593));
#1102 = CARTESIAN_POINT('',(-41.1228701656,40.901508157535,
    48.74964435494));
#1103 = CARTESIAN_POINT('',(-41.0083232113,41.016608205825,
    48.732416451541));
#1104 = CARTESIAN_POINT('',(-40.89171435863,41.1329841709,
    48.740280605674));
#1105 = CARTESIAN_POINT('',(-40.7775488194,41.246090983758,
    48.773358150245));
#1106 = CARTESIAN_POINT('',(-40.67023478168,41.351708216457,
    48.829310733316));
#1107 = CARTESIAN_POINT('',(-40.5734353855,41.446473024392,
    48.903432133373));
#1108 = CARTESIAN_POINT('',(-40.38219030449,41.632933034335,
    49.097475535957));
#1109 = CARTESIAN_POINT('',(-40.29323303709,41.719034992918,
    49.226898360387));
#1110 = CARTESIAN_POINT('',(-40.22281128389,41.786828059508,
    49.370135287801));
#1111 = CARTESIAN_POINT('',(-40.17056779339,41.836953071705,
    49.522397119218));
#1112 = CARTESIAN_POINT('',(-40.1360242719,41.87003846792,
    49.680020120635));
#1113 = CARTESIAN_POINT('',(-40.11878411966,41.886551072629,
    49.840086364446));
#1114 = CARTESIAN_POINT('',(-40.11878411966,41.886551072629,50.));
#1115 = PCURVE('',#33,#1116);
#1116 = DEFINITIONAL_REPRESENTATION('',(#1117),#1162);
#1117 = B_SPLINE_CURVE_WITH_KNOTS('',7,(#1118,#1119,#1120,#1121,#1122,
    #1123,#1124,#1125,#1126,#1127,#1128,#1129,#1130,#1131,#1132,#1133,
    #1134,#1135,#1136,#1137,#1138,#1139,#1140,#1141,#1142,#1143,#1144,
    #1145,#1146,#1147,#1148,#1149,#1150,#1151,#1152,#1153,#1154,#1155,
    #1156,#1157,#1158,#1159,#1160,#1161),.UNSPECIFIED.,.T.,.F.,(8,6,6,6,
    6,6,6,8),(0.,0.15126062455,0.287062203518,0.42436490248,
    0.587322009731,0.713814311671,0.839614378196,1.),.UNSPECIFIED.);
#1118 = CARTESIAN_POINT('',(2.334641097326,5.));
#1119 = CARTESIAN_POINT('',(2.334641097326,5.150169601406));
#1120 = CARTESIAN_POINT('',(2.335004061393,5.300419919525));
#1121 = CARTESIAN_POINT('',(2.335730752064,5.44861408579));
#1122 = CARTESIAN_POINT('',(2.336829159629,5.592389313653));
#1123 = CARTESIAN_POINT('',(2.338310369335,5.728833298611));
#1124 = CARTESIAN_POINT('',(2.34018538783,5.85418118815));
#1125 = CARTESIAN_POINT('',(2.344495448359,6.060966018358));
#1126 = CARTESIAN_POINT('',(2.346906010963,6.148093478528));
#1127 = CARTESIAN_POINT('',(2.34963895973,6.215600257225));
#1128 = CARTESIAN_POINT('',(2.352597036422,6.257336118134));
#1129 = CARTESIAN_POINT('',(2.355655532401,6.270047519539));
#1130 = CARTESIAN_POINT('',(2.358680995791,6.253515891443));
#1131 = CARTESIAN_POINT('',(2.364459187484,6.167469054203));
#1132 = CARTESIAN_POINT('',(2.367126041363,6.098598531275));
#1133 = CARTESIAN_POINT('',(2.369501928162,6.00913234152));
#1134 = CARTESIAN_POINT('',(2.371556334823,5.903604186477));
#1135 = CARTESIAN_POINT('',(2.373273135289,5.786286064512));
#1136 = CARTESIAN_POINT('',(2.374649505031,5.661224780291));
#1137 = CARTESIAN_POINT('',(2.376938704484,5.379120238883));
#1138 = CARTESIAN_POINT('',(2.377753682297,5.215931340963));
#1139 = CARTESIAN_POINT('',(2.378121321894,5.047013091542));
#1140 = CARTESIAN_POINT('',(2.378033745621,4.876632972269));
#1141 = CARTESIAN_POINT('',(2.377492228146,4.708918032709));
#1142 = CARTESIAN_POINT('',(2.376504360024,4.547891684449));
#1143 = CARTESIAN_POINT('',(2.37397709087,4.281308278934));
#1144 = CARTESIAN_POINT('',(2.372588096373,4.16903150753));
#1145 = CARTESIAN_POINT('',(2.370908135282,4.064239522184));
#1146 = CARTESIAN_POINT('',(2.36894242401,3.970315328445));
#1147 = CARTESIAN_POINT('',(2.366707128893,3.890741456624));
#1148 = CARTESIAN_POINT('',(2.364229854263,3.829115794593));
#1149 = CARTESIAN_POINT('',(2.358893211719,3.74964435494));
#1150 = CARTESIAN_POINT('',(2.356093475131,3.732416451541));
#1151 = CARTESIAN_POINT('',(2.353253067326,3.740280605674));
#1152 = CARTESIAN_POINT('',(2.350482278323,3.773358150245));
#1153 = CARTESIAN_POINT('',(2.347886259715,3.829310733316));
#1154 = CARTESIAN_POINT('',(2.345550678711,3.903432133373));
#1155 = CARTESIAN_POINT('',(2.340945519004,4.097475535957));
#1156 = CARTESIAN_POINT('',(2.338811015416,4.226898360387));
#1157 = CARTESIAN_POINT('',(2.337125670953,4.370135287801));
#1158 = CARTESIAN_POINT('',(2.335877378749,4.522397119218));
#1159 = CARTESIAN_POINT('',(2.335052689542,4.680020120635));
#1160 = CARTESIAN_POINT('',(2.334641097326,4.840086364446));
#1161 = CARTESIAN_POINT('',(2.334641097326,5.));
#1162 = ( GEOMETRIC_REPRESENTATION_CONTEXT(2) 
PARAMETRIC_REPRESENTATION_CONTEXT() REPRESENTATION_CONTEXT('2D SPACE',''
  ) );
#1163 = PCURVE('',#1164,#1169);
#1164 = CYLINDRICAL_SURFACE('',#1165,1.25);
#1165 = AXIS2_PLACEMENT_3D('',#1166,#1167,#1168);
#1166 = CARTESIAN_POINT('',(-54.80077554195,54.800775541957,50.));
#1167 = DIRECTION('',(0.707106781187,-0.707106781187,2.22044604925E-16)
  );
#1168 = DIRECTION('',(0.707106781187,0.707106781187,0.));
#1169 = DEFINITIONAL_REPRESENTATION('',(#1170),#1215);
#1170 = B_SPLINE_CURVE_WITH_KNOTS('',7,(#1171,#1172,#1173,#1174,#1175,
    #1176,#1177,#1178,#1179,#1180,#1181,#1182,#1183,#1184,#1185,#1186,
    #1187,#1188,#1189,#1190,#1191,#1192,#1193,#1194,#1195,#1196,#1197,
    #1198,#1199,#1200,#1201,#1202,#1203,#1204,#1205,#1206,#1207,#1208,
    #1209,#1210,#1211,#1212,#1213,#1214),.UNSPECIFIED.,.F.,.F.,(8,6,6,6,
    6,6,6,8),(0.,0.15126062455,0.287062203518,0.42436490248,
    0.587322009731,0.713814311671,0.839614378196,1.),.UNSPECIFIED.);
#1171 = CARTESIAN_POINT('',(0.,19.513471392055));
#1172 = CARTESIAN_POINT('',(0.120135681124,19.513471392055));
#1173 = CARTESIAN_POINT('',(0.240335447979,19.513017706304));
#1174 = CARTESIAN_POINT('',(0.36172500137,19.51210924289));
#1175 = CARTESIAN_POINT('',(0.485250520496,19.510784619395));
#1176 = CARTESIAN_POINT('',(0.611948754325,19.50912571081));
#1177 = CARTESIAN_POINT('',(0.742895061869,19.507282729506));
#1178 = CARTESIAN_POINT('',(1.002420694457,19.503848559533));
#1179 = CARTESIAN_POINT('',(1.13302733127,19.50220929284));
#1180 = CARTESIAN_POINT('',(1.268174510471,19.500778206861));
#1181 = CARTESIAN_POINT('',(1.406033807022,19.499830317336));
#1182 = CARTESIAN_POINT('',(1.545224450189,19.499558148912));
#1183 = CARTESIAN_POINT('',(1.68448423787,19.499939895155));
#1184 = CARTESIAN_POINT('',(1.961284676266,19.501736117455));
#1185 = CARTESIAN_POINT('',(2.09483748521,19.503136173825));
#1186 = CARTESIAN_POINT('',(2.223805803774,19.504848229501));
#1187 = CARTESIAN_POINT('',(2.34874013106,19.506652892047));
#1188 = CARTESIAN_POINT('',(2.470000460719,19.508362411633));
#1189 = CARTESIAN_POINT('',(2.587714148064,19.509844986928));
#1190 = CARTESIAN_POINT('',(2.83713599339,19.51243414892));
#1191 = CARTESIAN_POINT('',(2.971358971546,19.513460339627));
#1192 = CARTESIAN_POINT('',(3.104946382572,19.513955690967));
#1193 = CARTESIAN_POINT('',(3.238391423814,19.513838547649));
#1194 = CARTESIAN_POINT('',(3.372268343737,19.513122179521));
#1195 = CARTESIAN_POINT('',(3.507232635764,19.511903124711));
#1196 = CARTESIAN_POINT('',(3.750602598892,19.509134796159));
#1197 = CARTESIAN_POINT('',(3.860357227207,19.507695843397));
#1198 = CARTESIAN_POINT('',(3.973335171193,19.506097214234));
#1199 = CARTESIAN_POINT('',(4.089573169811,19.504453740413));
#1200 = CARTESIAN_POINT('',(4.209295157319,19.502919344203));
#1201 = CARTESIAN_POINT('',(4.332886686656,19.501664826389));
#1202 = CARTESIAN_POINT('',(4.588535006124,19.500005865099));
#1203 = CARTESIAN_POINT('',(4.717788768505,19.499614768589));
#1204 = CARTESIAN_POINT('',(4.847264951334,19.499779444983));
#1205 = CARTESIAN_POINT('',(4.975780437248,19.500528077581));
#1206 = CARTESIAN_POINT('',(5.102091722826,19.501727899918));
#1207 = CARTESIAN_POINT('',(5.22461528412,19.50316657106));
#1208 = CARTESIAN_POINT('',(5.488716367741,19.50655012726));
#1209 = CARTESIAN_POINT('',(5.629691181808,19.508569135493));
#1210 = CARTESIAN_POINT('',(5.765589408027,19.510427897618));
#1211 = CARTESIAN_POINT('',(5.897680168826,19.51192588799));
#1212 = CARTESIAN_POINT('',(6.027202250211,19.512956938259));
#1213 = CARTESIAN_POINT('',(6.155254398736,19.513471392055));
#1214 = CARTESIAN_POINT('',(6.28318530718,19.513471392055));
#1215 = ( GEOMETRIC_REPRESENTATION_CONTEXT(2) 
PARAMETRIC_REPRESENTATION_CONTEXT() REPRESENTATION_CONTEXT('2D SPACE',''
  ) );
#1216 = FACE_BOUND('',#1217,.T.);
#1217 = EDGE_LOOP('',(#1218,#1246,#1275,#1301));
#1218 = ORIENTED_EDGE('',*,*,#1219,.F.);
#1219 = EDGE_CURVE('',#1220,#1222,#1224,.T.);
#1220 = VERTEX_POINT('',#1221);
#1221 = CARTESIAN_POINT('',(-45.06676098833,36.510095234335,46.5));
#1222 = VERTEX_POINT('',#1223);
#1223 = CARTESIAN_POINT('',(-45.06676098833,36.510095234335,53.5));
#1224 = SURFACE_CURVE('',#1225,(#1229,#1235),.PCURVE_S1.);
#1225 = LINE('',#1226,#1227);
#1226 = CARTESIAN_POINT('',(-45.06676098833,36.510095234335,45.));
#1227 = VECTOR('',#1228,1.);
#1228 = DIRECTION('',(0.,0.,1.));
#1229 = PCURVE('',#33,#1230);
#1230 = DEFINITIONAL_REPRESENTATION('',(#1231),#1234);
#1231 = B_SPLINE_CURVE_WITH_KNOTS('',1,(#1232,#1233),.UNSPECIFIED.,.F.,
  .F.,(2,2),(0.8,9.2),.PIECEWISE_BEZIER_KNOTS.);
#1232 = CARTESIAN_POINT('',(2.460703186427,0.8));
#1233 = CARTESIAN_POINT('',(2.460703186427,9.2));
#1234 = ( GEOMETRIC_REPRESENTATION_CONTEXT(2) 
PARAMETRIC_REPRESENTATION_CONTEXT() REPRESENTATION_CONTEXT('2D SPACE',''
  ) );
#1235 = PCURVE('',#1236,#1241);
#1236 = PLANE('',#1237);
#1237 = AXIS2_PLACEMENT_3D('',#1238,#1239,#1240);
#1238 = CARTESIAN_POINT('',(-44.61373864471,36.129964352888,46.5));
#1239 = DIRECTION('',(0.642787609687,0.766044443119,0.));
#1240 = DIRECTION('',(0.,0.,1.));
#1241 = DEFINITIONAL_REPRESENTATION('',(#1242),#1245);
#1242 = B_SPLINE_CURVE_WITH_KNOTS('',1,(#1243,#1244),.UNSPECIFIED.,.F.,
  .F.,(2,2),(0.8,9.2),.PIECEWISE_BEZIER_KNOTS.);
#1243 = CARTESIAN_POINT('',(-0.7,-0.591378669592));
#1244 = CARTESIAN_POINT('',(7.7,-0.591378669592));
#1245 = ( GEOMETRIC_REPRESENTATION_CONTEXT(2) 
PARAMETRIC_REPRESENTATION_CONTEXT() REPRESENTATION_CONTEXT('2D SPACE',''
  ) );
#1246 = ORIENTED_EDGE('',*,*,#1247,.F.);
#1247 = EDGE_CURVE('',#1248,#1220,#1250,.T.);
#1248 = VERTEX_POINT('',#1249);
#1249 = CARTESIAN_POINT('',(-43.78118576896,38.042184120573,46.5));
#1250 = SURFACE_CURVE('',#1251,(#1256,#1263),.PCURVE_S1.);
#1251 = CIRCLE('',#1252,58.);
#1252 = AXIS2_PLACEMENT_3D('',#1253,#1254,#1255);
#1253 = CARTESIAN_POINT('',(0.,0.,46.5));
#1254 = DIRECTION('',(0.,0.,1.));
#1255 = DIRECTION('',(1.,0.,-0.));
#1256 = PCURVE('',#33,#1257);
#1257 = DEFINITIONAL_REPRESENTATION('',(#1258),#1262);
#1258 = LINE('',#1259,#1260);
#1259 = CARTESIAN_POINT('',(0.,1.5));
#1260 = VECTOR('',#1261,1.);
#1261 = DIRECTION('',(1.,0.));
#1262 = ( GEOMETRIC_REPRESENTATION_CONTEXT(2) 
PARAMETRIC_REPRESENTATION_CONTEXT() REPRESENTATION_CONTEXT('2D SPACE',''
  ) );
#1263 = PCURVE('',#1264,#1269);
#1264 = PLANE('',#1265);
#1265 = AXIS2_PLACEMENT_3D('',#1266,#1267,#1268);
#1266 = CARTESIAN_POINT('',(-44.61373864471,36.129964352888,46.5));
#1267 = DIRECTION('',(0.,0.,1.));
#1268 = DIRECTION('',(0.642787609687,0.766044443119,0.));
#1269 = DEFINITIONAL_REPRESENTATION('',(#1270),#1274);
#1270 = CIRCLE('',#1271,58.);
#1271 = AXIS2_PLACEMENT_2D('',#1272,#1273);
#1272 = CARTESIAN_POINT('',(1.,-57.4));
#1273 = DIRECTION('',(0.642787609687,-0.766044443119));
#1274 = ( GEOMETRIC_REPRESENTATION_CONTEXT(2) 
PARAMETRIC_REPRESENTATION_CONTEXT() REPRESENTATION_CONTEXT('2D SPACE',''
  ) );
#1275 = ORIENTED_EDGE('',*,*,#1276,.T.);
#1276 = EDGE_CURVE('',#1248,#1277,#1279,.T.);
#1277 = VERTEX_POINT('',#1278);
#1278 = CARTESIAN_POINT('',(-43.78118576896,38.042184120573,53.5));
#1279 = SURFACE_CURVE('',#1280,(#1284,#1290),.PCURVE_S1.);
#1280 = LINE('',#1281,#1282);
#1281 = CARTESIAN_POINT('',(-43.78118576896,38.042184120573,45.));
#1282 = VECTOR('',#1283,1.);
#1283 = DIRECTION('',(0.,0.,1.));
#1284 = PCURVE('',#33,#1285);
#1285 = DEFINITIONAL_REPRESENTATION('',(#1286),#1289);
#1286 = B_SPLINE_CURVE_WITH_KNOTS('',1,(#1287,#1288),.UNSPECIFIED.,.F.,
  .F.,(2,2),(0.8,9.2),.PIECEWISE_BEZIER_KNOTS.);
#1287 = CARTESIAN_POINT('',(2.426218719157,0.8));
#1288 = CARTESIAN_POINT('',(2.426218719157,9.2));
#1289 = ( GEOMETRIC_REPRESENTATION_CONTEXT(2) 
PARAMETRIC_REPRESENTATION_CONTEXT() REPRESENTATION_CONTEXT('2D SPACE',''
  ) );
#1290 = PCURVE('',#1291,#1296);
#1291 = PLANE('',#1292);
#1292 = AXIS2_PLACEMENT_3D('',#1293,#1294,#1295);
#1293 = CARTESIAN_POINT('',(-43.32816342534,37.662053239126,46.5));
#1294 = DIRECTION('',(0.642787609687,0.766044443119,0.));
#1295 = DIRECTION('',(0.,0.,1.));
#1296 = DEFINITIONAL_REPRESENTATION('',(#1297),#1300);
#1297 = B_SPLINE_CURVE_WITH_KNOTS('',1,(#1298,#1299),.UNSPECIFIED.,.F.,
  .F.,(2,2),(0.8,9.2),.PIECEWISE_BEZIER_KNOTS.);
#1298 = CARTESIAN_POINT('',(-0.7,-0.591378669592));
#1299 = CARTESIAN_POINT('',(7.7,-0.591378669592));
#1300 = ( GEOMETRIC_REPRESENTATION_CONTEXT(2) 
PARAMETRIC_REPRESENTATION_CONTEXT() REPRESENTATION_CONTEXT('2D SPACE',''
  ) );
#1301 = ORIENTED_EDGE('',*,*,#1302,.T.);
#1302 = EDGE_CURVE('',#1277,#1222,#1303,.T.);
#1303 = SURFACE_CURVE('',#1304,(#1309,#1316),.PCURVE_S1.);
#1304 = CIRCLE('',#1305,58.);
#1305 = AXIS2_PLACEMENT_3D('',#1306,#1307,#1308);
#1306 = CARTESIAN_POINT('',(0.,0.,53.5));
#1307 = DIRECTION('',(0.,0.,1.));
#1308 = DIRECTION('',(1.,0.,-0.));
#1309 = PCURVE('',#33,#1310);
#1310 = DEFINITIONAL_REPRESENTATION('',(#1311),#1315);
#1311 = LINE('',#1312,#1313);
#1312 = CARTESIAN_POINT('',(0.,8.5));
#1313 = VECTOR('',#1314,1.);
#1314 = DIRECTION('',(1.,0.));
#1315 = ( GEOMETRIC_REPRESENTATION_CONTEXT(2) 
PARAMETRIC_REPRESENTATION_CONTEXT() REPRESENTATION_CONTEXT('2D SPACE',''
  ) );
#1316 = PCURVE('',#1317,#1322);
#1317 = PLANE('',#1318);
#1318 = AXIS2_PLACEMENT_3D('',#1319,#1320,#1321);
#1319 = CARTESIAN_POINT('',(-44.61373864471,36.129964352888,53.5));
#1320 = DIRECTION('',(0.,0.,1.));
#1321 = DIRECTION('',(0.642787609687,0.766044443119,0.));
#1322 = DEFINITIONAL_REPRESENTATION('',(#1323),#1327);
#1323 = CIRCLE('',#1324,58.);
#1324 = AXIS2_PLACEMENT_2D('',#1325,#1326);
#1325 = CARTESIAN_POINT('',(1.,-57.4));
#1326 = DIRECTION('',(0.642787609687,-0.766044443119));
#1327 = ( GEOMETRIC_REPRESENTATION_CONTEXT(2) 
PARAMETRIC_REPRESENTATION_CONTEXT() REPRESENTATION_CONTEXT('2D SPACE',''
  ) );
#1328 = FACE_BOUND('',#1329,.T.);
#1329 = EDGE_LOOP('',(#1330,#1358,#1387,#1413));
#1330 = ORIENTED_EDGE('',*,*,#1331,.F.);
#1331 = EDGE_CURVE('',#1332,#1334,#1336,.T.);
#1332 = VERTEX_POINT('',#1333);
#1333 = CARTESIAN_POINT('',(-50.72200712835,28.129663931012,46.5));
#1334 = VERTEX_POINT('',#1335);
#1335 = CARTESIAN_POINT('',(-50.72200712835,28.129663931012,53.5));
#1336 = SURFACE_CURVE('',#1337,(#1341,#1347),.PCURVE_S1.);
#1337 = LINE('',#1338,#1339);
#1338 = CARTESIAN_POINT('',(-50.72200712835,28.129663931012,45.));
#1339 = VECTOR('',#1340,1.);
#1340 = DIRECTION('',(0.,0.,1.));
#1341 = PCURVE('',#33,#1342);
#1342 = DEFINITIONAL_REPRESENTATION('',(#1343),#1346);
#1343 = B_SPLINE_CURVE_WITH_KNOTS('',1,(#1344,#1345),.UNSPECIFIED.,.F.,
  .F.,(2,2),(0.8,9.2),.PIECEWISE_BEZIER_KNOTS.);
#1344 = CARTESIAN_POINT('',(2.635236111626,0.8));
#1345 = CARTESIAN_POINT('',(2.635236111626,9.2));
#1346 = ( GEOMETRIC_REPRESENTATION_CONTEXT(2) 
PARAMETRIC_REPRESENTATION_CONTEXT() REPRESENTATION_CONTEXT('2D SPACE',''
  ) );
#1347 = PCURVE('',#1348,#1353);
#1348 = PLANE('',#1349);
#1349 = AXIS2_PLACEMENT_3D('',#1350,#1351,#1352);
#1350 = CARTESIAN_POINT('',(-50.20985817722,27.833974596216,46.5));
#1351 = DIRECTION('',(0.5,0.866025403784,0.));
#1352 = DIRECTION('',(0.,0.,1.));
#1353 = DEFINITIONAL_REPRESENTATION('',(#1354),#1357);
#1354 = B_SPLINE_CURVE_WITH_KNOTS('',1,(#1355,#1356),.UNSPECIFIED.,.F.,
  .F.,(2,2),(0.8,9.2),.PIECEWISE_BEZIER_KNOTS.);
#1355 = CARTESIAN_POINT('',(-0.7,-0.591378669592));
#1356 = CARTESIAN_POINT('',(7.7,-0.591378669592));
#1357 = ( GEOMETRIC_REPRESENTATION_CONTEXT(2) 
PARAMETRIC_REPRESENTATION_CONTEXT() REPRESENTATION_CONTEXT('2D SPACE',''
  ) );
#1358 = ORIENTED_EDGE('',*,*,#1359,.F.);
#1359 = EDGE_CURVE('',#1360,#1332,#1362,.T.);
#1360 = VERTEX_POINT('',#1361);
#1361 = CARTESIAN_POINT('',(-49.72200712835,29.86171473858,46.5));
#1362 = SURFACE_CURVE('',#1363,(#1368,#1375),.PCURVE_S1.);
#1363 = CIRCLE('',#1364,58.);
#1364 = AXIS2_PLACEMENT_3D('',#1365,#1366,#1367);
#1365 = CARTESIAN_POINT('',(0.,0.,46.5));
#1366 = DIRECTION('',(0.,0.,1.));
#1367 = DIRECTION('',(1.,0.,-0.));
#1368 = PCURVE('',#33,#1369);
#1369 = DEFINITIONAL_REPRESENTATION('',(#1370),#1374);
#1370 = LINE('',#1371,#1372);
#1371 = CARTESIAN_POINT('',(0.,1.5));
#1372 = VECTOR('',#1373,1.);
#1373 = DIRECTION('',(1.,0.));
#1374 = ( GEOMETRIC_REPRESENTATION_CONTEXT(2) 
PARAMETRIC_REPRESENTATION_CONTEXT() REPRESENTATION_CONTEXT('2D SPACE',''
  ) );
#1375 = PCURVE('',#1376,#1381);
#1376 = PLANE('',#1377);
#1377 = AXIS2_PLACEMENT_3D('',#1378,#1379,#1380);
#1378 = CARTESIAN_POINT('',(-50.20985817722,27.833974596216,46.5));
#1379 = DIRECTION('',(0.,0.,1.));
#1380 = DIRECTION('',(0.5,0.866025403784,0.));
#1381 = DEFINITIONAL_REPRESENTATION('',(#1382),#1386);
#1382 = CIRCLE('',#1383,58.);
#1383 = AXIS2_PLACEMENT_2D('',#1384,#1385);
#1384 = CARTESIAN_POINT('',(1.,-57.4));
#1385 = DIRECTION('',(0.5,-0.866025403784));
#1386 = ( GEOMETRIC_REPRESENTATION_CONTEXT(2) 
PARAMETRIC_REPRESENTATION_CONTEXT() REPRESENTATION_CONTEXT('2D SPACE',''
  ) );
#1387 = ORIENTED_EDGE('',*,*,#1388,.T.);
#1388 = EDGE_CURVE('',#1360,#1389,#1391,.T.);
#1389 = VERTEX_POINT('',#1390);
#1390 = CARTESIAN_POINT('',(-49.72200712835,29.86171473858,53.5));
#1391 = SURFACE_CURVE('',#1392,(#1396,#1402),.PCURVE_S1.);
#1392 = LINE('',#1393,#1394);
#1393 = CARTESIAN_POINT('',(-49.72200712835,29.86171473858,45.));
#1394 = VECTOR('',#1395,1.);
#1395 = DIRECTION('',(0.,0.,1.));
#1396 = PCURVE('',#33,#1397);
#1397 = DEFINITIONAL_REPRESENTATION('',(#1398),#1401);
#1398 = B_SPLINE_CURVE_WITH_KNOTS('',1,(#1399,#1400),.UNSPECIFIED.,.F.,
  .F.,(2,2),(0.8,9.2),.PIECEWISE_BEZIER_KNOTS.);
#1399 = CARTESIAN_POINT('',(2.600751644357,0.8));
#1400 = CARTESIAN_POINT('',(2.600751644357,9.2));
#1401 = ( GEOMETRIC_REPRESENTATION_CONTEXT(2) 
PARAMETRIC_REPRESENTATION_CONTEXT() REPRESENTATION_CONTEXT('2D SPACE',''
  ) );
#1402 = PCURVE('',#1403,#1408);
#1403 = PLANE('',#1404);
#1404 = AXIS2_PLACEMENT_3D('',#1405,#1406,#1407);
#1405 = CARTESIAN_POINT('',(-49.20985817722,29.566025403784,46.5));
#1406 = DIRECTION('',(0.5,0.866025403784,0.));
#1407 = DIRECTION('',(0.,0.,1.));
#1408 = DEFINITIONAL_REPRESENTATION('',(#1409),#1412);
#1409 = B_SPLINE_CURVE_WITH_KNOTS('',1,(#1410,#1411),.UNSPECIFIED.,.F.,
  .F.,(2,2),(0.8,9.2),.PIECEWISE_BEZIER_KNOTS.);
#1410 = CARTESIAN_POINT('',(-0.7,-0.591378669592));
#1411 = CARTESIAN_POINT('',(7.7,-0.591378669592));
#1412 = ( GEOMETRIC_REPRESENTATION_CONTEXT(2) 
PARAMETRIC_REPRESENTATION_CONTEXT() REPRESENTATION_CONTEXT('2D SPACE',''
  ) );
#1413 = ORIENTED_EDGE('',*,*,#1414,.T.);
#1414 = EDGE_CURVE('',#1389,#1334,#1415,.T.);
#1415 = SURFACE_CURVE('',#1416,(#1421,#1428),.PCURVE_S1.);
#1416 = CIRCLE('',#1417,58.);
#1417 = AXIS2_PLACEMENT_3D('',#1418,#1419,#1420);
#1418 = CARTESIAN_POINT('',(0.,0.,53.5));
#1419 = DIRECTION('',(0.,0.,1.));
#1420 = DIRECTION('',(1.,0.,-0.));
#1421 = PCURVE('',#33,#1422);
#1422 = DEFINITIONAL_REPRESENTATION('',(#1423),#1427);
#1423 = LINE('',#1424,#1425);
#1424 = CARTESIAN_POINT('',(0.,8.5));
#1425 = VECTOR('',#1426,1.);
#1426 = DIRECTION('',(1.,0.));
#1427 = ( GEOMETRIC_REPRESENTATION_CONTEXT(2) 
PARAMETRIC_REPRESENTATION_CONTEXT() REPRESENTATION_CONTEXT('2D SPACE',''
  ) );
#1428 = PCURVE('',#1429,#1434);
#1429 = PLANE('',#1430);
#1430 = AXIS2_PLACEMENT_3D('',#1431,#1432,#1433);
#1431 = CARTESIAN_POINT('',(-50.20985817722,27.833974596216,53.5));
#1432 = DIRECTION('',(0.,0.,1.));
#1433 = DIRECTION('',(0.5,0.866025403784,0.));
#1434 = DEFINITIONAL_REPRESENTATION('',(#1435),#1439);
#1435 = CIRCLE('',#1436,58.);
#1436 = AXIS2_PLACEMENT_2D('',#1437,#1438);
#1437 = CARTESIAN_POINT('',(1.,-57.4));
#1438 = DIRECTION('',(0.5,-0.866025403784));
#1439 = ( GEOMETRIC_REPRESENTATION_CONTEXT(2) 
PARAMETRIC_REPRESENTATION_CONTEXT() REPRESENTATION_CONTEXT('2D SPACE',''
  ) );
#1440 = FACE_BOUND('',#1441,.T.);
#1441 = EDGE_LOOP('',(#1442,#1470,#1499,#1525));
#1442 = ORIENTED_EDGE('',*,*,#1443,.F.);
#1443 = EDGE_CURVE('',#1444,#1446,#1448,.T.);
#1444 = VERTEX_POINT('',#1445);
#1445 = CARTESIAN_POINT('',(-54.83609074834,18.894527023441,46.5));
#1446 = VERTEX_POINT('',#1447);
#1447 = CARTESIAN_POINT('',(-54.83609074834,18.894527023441,53.5));
#1448 = SURFACE_CURVE('',#1449,(#1453,#1459),.PCURVE_S1.);
#1449 = LINE('',#1450,#1451);
#1450 = CARTESIAN_POINT('',(-54.83609074834,18.894527023441,45.));
#1451 = VECTOR('',#1452,1.);
#1452 = DIRECTION('',(0.,0.,1.));
#1453 = PCURVE('',#33,#1454);
#1454 = DEFINITIONAL_REPRESENTATION('',(#1455),#1458);
#1455 = B_SPLINE_CURVE_WITH_KNOTS('',1,(#1456,#1457),.UNSPECIFIED.,.F.,
  .F.,(2,2),(0.8,9.2),.PIECEWISE_BEZIER_KNOTS.);
#1456 = CARTESIAN_POINT('',(2.809769036826,0.8));
#1457 = CARTESIAN_POINT('',(2.809769036826,9.2));
#1458 = ( GEOMETRIC_REPRESENTATION_CONTEXT(2) 
PARAMETRIC_REPRESENTATION_CONTEXT() REPRESENTATION_CONTEXT('2D SPACE',''
  ) );
#1459 = PCURVE('',#1460,#1465);
#1460 = PLANE('',#1461);
#1461 = AXIS2_PLACEMENT_3D('',#1462,#1463,#1464);
#1462 = CARTESIAN_POINT('',(-54.28037657643,18.692263606107,46.5));
#1463 = DIRECTION('',(0.342020143326,0.939692620786,0.));
#1464 = DIRECTION('',(0.,0.,1.));
#1465 = DEFINITIONAL_REPRESENTATION('',(#1466),#1469);
#1466 = B_SPLINE_CURVE_WITH_KNOTS('',1,(#1467,#1468),.UNSPECIFIED.,.F.,
  .F.,(2,2),(0.8,9.2),.PIECEWISE_BEZIER_KNOTS.);
#1467 = CARTESIAN_POINT('',(-0.7,-0.591378669592));
#1468 = CARTESIAN_POINT('',(7.7,-0.591378669592));
#1469 = ( GEOMETRIC_REPRESENTATION_CONTEXT(2) 
PARAMETRIC_REPRESENTATION_CONTEXT() REPRESENTATION_CONTEXT('2D SPACE',''
  ) );
#1470 = ORIENTED_EDGE('',*,*,#1471,.F.);
#1471 = EDGE_CURVE('',#1472,#1444,#1474,.T.);
#1472 = VERTEX_POINT('',#1473);
#1473 = CARTESIAN_POINT('',(-54.15205046169,20.773912265013,46.5));
#1474 = SURFACE_CURVE('',#1475,(#1480,#1487),.PCURVE_S1.);
#1475 = CIRCLE('',#1476,58.);
#1476 = AXIS2_PLACEMENT_3D('',#1477,#1478,#1479);
#1477 = CARTESIAN_POINT('',(0.,0.,46.5));
#1478 = DIRECTION('',(0.,0.,1.));
#1479 = DIRECTION('',(1.,0.,-0.));
#1480 = PCURVE('',#33,#1481);
#1481 = DEFINITIONAL_REPRESENTATION('',(#1482),#1486);
#1482 = LINE('',#1483,#1484);
#1483 = CARTESIAN_POINT('',(0.,1.5));
#1484 = VECTOR('',#1485,1.);
#1485 = DIRECTION('',(1.,0.));
#1486 = ( GEOMETRIC_REPRESENTATION_CONTEXT(2) 
PARAMETRIC_REPRESENTATION_CONTEXT() REPRESENTATION_CONTEXT('2D SPACE',''
  ) );
#1487 = PCURVE('',#1488,#1493);
#1488 = PLANE('',#1489);
#1489 = AXIS2_PLACEMENT_3D('',#1490,#1491,#1492);
#1490 = CARTESIAN_POINT('',(-54.28037657643,18.692263606107,46.5));
#1491 = DIRECTION('',(0.,0.,1.));
#1492 = DIRECTION('',(0.342020143326,0.939692620786,0.));
#1493 = DEFINITIONAL_REPRESENTATION('',(#1494),#1498);
#1494 = CIRCLE('',#1495,58.);
#1495 = AXIS2_PLACEMENT_2D('',#1496,#1497);
#1496 = CARTESIAN_POINT('',(1.,-57.4));
#1497 = DIRECTION('',(0.342020143326,-0.939692620786));
#1498 = ( GEOMETRIC_REPRESENTATION_CONTEXT(2) 
PARAMETRIC_REPRESENTATION_CONTEXT() REPRESENTATION_CONTEXT('2D SPACE',''
  ) );
#1499 = ORIENTED_EDGE('',*,*,#1500,.T.);
#1500 = EDGE_CURVE('',#1472,#1501,#1503,.T.);
#1501 = VERTEX_POINT('',#1502);
#1502 = CARTESIAN_POINT('',(-54.15205046169,20.773912265013,53.5));
#1503 = SURFACE_CURVE('',#1504,(#1508,#1514),.PCURVE_S1.);
#1504 = LINE('',#1505,#1506);
#1505 = CARTESIAN_POINT('',(-54.15205046169,20.773912265013,45.));
#1506 = VECTOR('',#1507,1.);
#1507 = DIRECTION('',(0.,0.,1.));
#1508 = PCURVE('',#33,#1509);
#1509 = DEFINITIONAL_REPRESENTATION('',(#1510),#1513);
#1510 = B_SPLINE_CURVE_WITH_KNOTS('',1,(#1511,#1512),.UNSPECIFIED.,.F.,
  .F.,(2,2),(0.8,9.2),.PIECEWISE_BEZIER_KNOTS.);
#1511 = CARTESIAN_POINT('',(2.775284569556,0.8));
#1512 = CARTESIAN_POINT('',(2.775284569556,9.2));
#1513 = ( GEOMETRIC_REPRESENTATION_CONTEXT(2) 
PARAMETRIC_REPRESENTATION_CONTEXT() REPRESENTATION_CONTEXT('2D SPACE',''
  ) );
#1514 = PCURVE('',#1515,#1520);
#1515 = PLANE('',#1516);
#1516 = AXIS2_PLACEMENT_3D('',#1517,#1518,#1519);
#1517 = CARTESIAN_POINT('',(-53.59633628978,20.571648847679,46.5));
#1518 = DIRECTION('',(0.342020143326,0.939692620786,0.));
#1519 = DIRECTION('',(0.,0.,1.));
#1520 = DEFINITIONAL_REPRESENTATION('',(#1521),#1524);
#1521 = B_SPLINE_CURVE_WITH_KNOTS('',1,(#1522,#1523),.UNSPECIFIED.,.F.,
  .F.,(2,2),(0.8,9.2),.PIECEWISE_BEZIER_KNOTS.);
#1522 = CARTESIAN_POINT('',(-0.7,-0.591378669592));
#1523 = CARTESIAN_POINT('',(7.7,-0.591378669592));
#1524 = ( GEOMETRIC_REPRESENTATION_CONTEXT(2) 
PARAMETRIC_REPRESENTATION_CONTEXT() REPRESENTATION_CONTEXT('2D SPACE',''
  ) );
#1525 = ORIENTED_EDGE('',*,*,#1526,.T.);
#1526 = EDGE_CURVE('',#1501,#1446,#1527,.T.);
#1527 = SURFACE_CURVE('',#1528,(#1533,#1540),.PCURVE_S1.);
#1528 = CIRCLE('',#1529,58.);
#1529 = AXIS2_PLACEMENT_3D('',#1530,#1531,#1532);
#1530 = CARTESIAN_POINT('',(0.,0.,53.5));
#1531 = DIRECTION('',(0.,0.,1.));
#1532 = DIRECTION('',(1.,0.,-0.));
#1533 = PCURVE('',#33,#1534);
#1534 = DEFINITIONAL_REPRESENTATION('',(#1535),#1539);
#1535 = LINE('',#1536,#1537);
#1536 = CARTESIAN_POINT('',(0.,8.5));
#1537 = VECTOR('',#1538,1.);
#1538 = DIRECTION('',(1.,0.));
#1539 = ( GEOMETRIC_REPRESENTATION_CONTEXT(2) 
PARAMETRIC_REPRESENTATION_CONTEXT() REPRESENTATION_CONTEXT('2D SPACE',''
  ) );
#1540 = PCURVE('',#1541,#1546);
#1541 = PLANE('',#1542);
#1542 = AXIS2_PLACEMENT_3D('',#1543,#1544,#1545);
#1543 = CARTESIAN_POINT('',(-54.28037657643,18.692263606107,53.5));
#1544 = DIRECTION('',(0.,0.,1.));
#1545 = DIRECTION('',(0.342020143326,0.939692620786,0.));
#1546 = DEFINITIONAL_REPRESENTATION('',(#1547),#1551);
#1547 = CIRCLE('',#1548,58.);
#1548 = AXIS2_PLACEMENT_2D('',#1549,#1550);
#1549 = CARTESIAN_POINT('',(1.,-57.4));
#1550 = DIRECTION('',(0.342020143326,-0.939692620786));
#1551 = ( GEOMETRIC_REPRESENTATION_CONTEXT(2) 
PARAMETRIC_REPRESENTATION_CONTEXT() REPRESENTATION_CONTEXT('2D SPACE',''
  ) );
#1552 = FACE_BOUND('',#1553,.T.);
#1553 = EDGE_LOOP('',(#1554,#1582,#1611,#1637));
#1554 = ORIENTED_EDGE('',*,*,#1555,.F.);
#1555 = EDGE_CURVE('',#1556,#1558,#1560,.T.);
#1556 = VERTEX_POINT('',#1557);
#1557 = CARTESIAN_POINT('',(-57.28400749934,9.085289473355,46.5));
#1558 = VERTEX_POINT('',#1559);
#1559 = CARTESIAN_POINT('',(-57.28400749934,9.085289473355,53.5));
#1560 = SURFACE_CURVE('',#1561,(#1565,#1571),.PCURVE_S1.);
#1561 = LINE('',#1562,#1563);
#1562 = CARTESIAN_POINT('',(-57.28400749934,9.085289473355,45.));
#1563 = VECTOR('',#1564,1.);
#1564 = DIRECTION('',(0.,0.,1.));
#1565 = PCURVE('',#33,#1566);
#1566 = DEFINITIONAL_REPRESENTATION('',(#1567),#1570);
#1567 = B_SPLINE_CURVE_WITH_KNOTS('',1,(#1568,#1569),.UNSPECIFIED.,.F.,
  .F.,(2,2),(0.8,9.2),.PIECEWISE_BEZIER_KNOTS.);
#1568 = CARTESIAN_POINT('',(2.984301962025,0.8));
#1569 = CARTESIAN_POINT('',(2.984301962025,9.2));
#1570 = ( GEOMETRIC_REPRESENTATION_CONTEXT(2) 
PARAMETRIC_REPRESENTATION_CONTEXT() REPRESENTATION_CONTEXT('2D SPACE',''
  ) );
#1571 = PCURVE('',#1572,#1577);
#1572 = PLANE('',#1573);
#1573 = AXIS2_PLACEMENT_3D('',#1574,#1575,#1576);
#1574 = CARTESIAN_POINT('',(-56.70161320056,8.98259764507,46.5));
#1575 = DIRECTION('',(0.173648177667,0.984807753012,0.));
#1576 = DIRECTION('',(0.,0.,1.));
#1577 = DEFINITIONAL_REPRESENTATION('',(#1578),#1581);
#1578 = B_SPLINE_CURVE_WITH_KNOTS('',1,(#1579,#1580),.UNSPECIFIED.,.F.,
  .F.,(2,2),(0.8,9.2),.PIECEWISE_BEZIER_KNOTS.);
#1579 = CARTESIAN_POINT('',(-0.7,-0.591378669592));
#1580 = CARTESIAN_POINT('',(7.7,-0.591378669592));
#1581 = ( GEOMETRIC_REPRESENTATION_CONTEXT(2) 
PARAMETRIC_REPRESENTATION_CONTEXT() REPRESENTATION_CONTEXT('2D SPACE',''
  ) );
#1582 = ORIENTED_EDGE('',*,*,#1583,.F.);
#1583 = EDGE_CURVE('',#1584,#1556,#1586,.T.);
#1584 = VERTEX_POINT('',#1585);
#1585 = CARTESIAN_POINT('',(-56.93671114401,11.05490497938,46.5));
#1586 = SURFACE_CURVE('',#1587,(#1592,#1599),.PCURVE_S1.);
#1587 = CIRCLE('',#1588,58.);
#1588 = AXIS2_PLACEMENT_3D('',#1589,#1590,#1591);
#1589 = CARTESIAN_POINT('',(0.,0.,46.5));
#1590 = DIRECTION('',(0.,0.,1.));
#1591 = DIRECTION('',(1.,0.,-0.));
#1592 = PCURVE('',#33,#1593);
#1593 = DEFINITIONAL_REPRESENTATION('',(#1594),#1598);
#1594 = LINE('',#1595,#1596);
#1595 = CARTESIAN_POINT('',(0.,1.5));
#1596 = VECTOR('',#1597,1.);
#1597 = DIRECTION('',(1.,0.));
#1598 = ( GEOMETRIC_REPRESENTATION_CONTEXT(2) 
PARAMETRIC_REPRESENTATION_CONTEXT() REPRESENTATION_CONTEXT('2D SPACE',''
  ) );
#1599 = PCURVE('',#1600,#1605);
#1600 = PLANE('',#1601);
#1601 = AXIS2_PLACEMENT_3D('',#1602,#1603,#1604);
#1602 = CARTESIAN_POINT('',(-56.70161320056,8.98259764507,46.5));
#1603 = DIRECTION('',(0.,0.,1.));
#1604 = DIRECTION('',(0.173648177667,0.984807753012,0.));
#1605 = DEFINITIONAL_REPRESENTATION('',(#1606),#1610);
#1606 = CIRCLE('',#1607,58.);
#1607 = AXIS2_PLACEMENT_2D('',#1608,#1609);
#1608 = CARTESIAN_POINT('',(1.,-57.4));
#1609 = DIRECTION('',(0.173648177667,-0.984807753012));
#1610 = ( GEOMETRIC_REPRESENTATION_CONTEXT(2) 
PARAMETRIC_REPRESENTATION_CONTEXT() REPRESENTATION_CONTEXT('2D SPACE',''
  ) );
#1611 = ORIENTED_EDGE('',*,*,#1612,.T.);
#1612 = EDGE_CURVE('',#1584,#1613,#1615,.T.);
#1613 = VERTEX_POINT('',#1614);
#1614 = CARTESIAN_POINT('',(-56.93671114401,11.05490497938,53.5));
#1615 = SURFACE_CURVE('',#1616,(#1620,#1626),.PCURVE_S1.);
#1616 = LINE('',#1617,#1618);
#1617 = CARTESIAN_POINT('',(-56.93671114401,11.05490497938,45.));
#1618 = VECTOR('',#1619,1.);
#1619 = DIRECTION('',(0.,0.,1.));
#1620 = PCURVE('',#33,#1621);
#1621 = DEFINITIONAL_REPRESENTATION('',(#1622),#1625);
#1622 = B_SPLINE_CURVE_WITH_KNOTS('',1,(#1623,#1624),.UNSPECIFIED.,.F.,
  .F.,(2,2),(0.8,9.2),.PIECEWISE_BEZIER_KNOTS.);
#1623 = CARTESIAN_POINT('',(2.949817494755,0.8));
#1624 = CARTESIAN_POINT('',(2.949817494755,9.2));
#1625 = ( GEOMETRIC_REPRESENTATION_CONTEXT(2) 
PARAMETRIC_REPRESENTATION_CONTEXT() REPRESENTATION_CONTEXT('2D SPACE',''
  ) );
#1626 = PCURVE('',#1627,#1632);
#1627 = PLANE('',#1628);
#1628 = AXIS2_PLACEMENT_3D('',#1629,#1630,#1631);
#1629 = CARTESIAN_POINT('',(-56.35431684523,10.952213151094,46.5));
#1630 = DIRECTION('',(0.173648177667,0.984807753012,0.));
#1631 = DIRECTION('',(0.,0.,1.));
#1632 = DEFINITIONAL_REPRESENTATION('',(#1633),#1636);
#1633 = B_SPLINE_CURVE_WITH_KNOTS('',1,(#1634,#1635),.UNSPECIFIED.,.F.,
  .F.,(2,2),(0.8,9.2),.PIECEWISE_BEZIER_KNOTS.);
#1634 = CARTESIAN_POINT('',(-0.7,-0.591378669592));
#1635 = CARTESIAN_POINT('',(7.7,-0.591378669592));
#1636 = ( GEOMETRIC_REPRESENTATION_CONTEXT(2) 
PARAMETRIC_REPRESENTATION_CONTEXT() REPRESENTATION_CONTEXT('2D SPACE',''
  ) );
#1637 = ORIENTED_EDGE('',*,*,#1638,.T.);
#1638 = EDGE_CURVE('',#1613,#1558,#1639,.T.);
#1639 = SURFACE_CURVE('',#1640,(#1645,#1652),.PCURVE_S1.);
#1640 = CIRCLE('',#1641,58.);
#1641 = AXIS2_PLACEMENT_3D('',#1642,#1643,#1644);
#1642 = CARTESIAN_POINT('',(0.,0.,53.5));
#1643 = DIRECTION('',(0.,0.,1.));
#1644 = DIRECTION('',(1.,0.,-0.));
#1645 = PCURVE('',#33,#1646);
#1646 = DEFINITIONAL_REPRESENTATION('',(#1647),#1651);
#1647 = LINE('',#1648,#1649);
#1648 = CARTESIAN_POINT('',(0.,8.5));
#1649 = VECTOR('',#1650,1.);
#1650 = DIRECTION('',(1.,0.));
#1651 = ( GEOMETRIC_REPRESENTATION_CONTEXT(2) 
PARAMETRIC_REPRESENTATION_CONTEXT() REPRESENTATION_CONTEXT('2D SPACE',''
  ) );
#1652 = PCURVE('',#1653,#1658);
#1653 = PLANE('',#1654);
#1654 = AXIS2_PLACEMENT_3D('',#1655,#1656,#1657);
#1655 = CARTESIAN_POINT('',(-56.70161320056,8.98259764507,53.5));
#1656 = DIRECTION('',(0.,0.,1.));
#1657 = DIRECTION('',(0.173648177667,0.984807753012,0.));
#1658 = DEFINITIONAL_REPRESENTATION('',(#1659),#1663);
#1659 = CIRCLE('',#1660,58.);
#1660 = AXIS2_PLACEMENT_2D('',#1661,#1662);
#1661 = CARTESIAN_POINT('',(1.,-57.4));
#1662 = DIRECTION('',(0.173648177667,-0.984807753012));
#1663 = ( GEOMETRIC_REPRESENTATION_CONTEXT(2) 
PARAMETRIC_REPRESENTATION_CONTEXT() REPRESENTATION_CONTEXT('2D SPACE',''
  ) );
#1664 = FACE_BOUND('',#1665,.T.);
#1665 = EDGE_LOOP('',(#1666,#1694,#1723,#1749));
#1666 = ORIENTED_EDGE('',*,*,#1667,.F.);
#1667 = EDGE_CURVE('',#1668,#1670,#1672,.T.);
#1668 = VERTEX_POINT('',#1669);
#1669 = CARTESIAN_POINT('',(-54.15205046169,-20.77391226501,46.5));
#1670 = VERTEX_POINT('',#1671);
#1671 = CARTESIAN_POINT('',(-54.15205046169,-20.77391226501,53.5));
#1672 = SURFACE_CURVE('',#1673,(#1677,#1683),.PCURVE_S1.);
#1673 = LINE('',#1674,#1675);
#1674 = CARTESIAN_POINT('',(-54.15205046169,-20.77391226501,45.));
#1675 = VECTOR('',#1676,1.);
#1676 = DIRECTION('',(0.,0.,1.));
#1677 = PCURVE('',#33,#1678);
#1678 = DEFINITIONAL_REPRESENTATION('',(#1679),#1682);
#1679 = B_SPLINE_CURVE_WITH_KNOTS('',1,(#1680,#1681),.UNSPECIFIED.,.F.,
  .F.,(2,2),(0.8,9.2),.PIECEWISE_BEZIER_KNOTS.);
#1680 = CARTESIAN_POINT('',(3.507900737624,0.8));
#1681 = CARTESIAN_POINT('',(3.507900737624,9.2));
#1682 = ( GEOMETRIC_REPRESENTATION_CONTEXT(2) 
PARAMETRIC_REPRESENTATION_CONTEXT() REPRESENTATION_CONTEXT('2D SPACE',''
  ) );
#1683 = PCURVE('',#1684,#1689);
#1684 = PLANE('',#1685);
#1685 = AXIS2_PLACEMENT_3D('',#1686,#1687,#1688);
#1686 = CARTESIAN_POINT('',(-53.59633628978,-20.57164884767,46.5));
#1687 = DIRECTION('',(-0.342020143326,0.939692620786,0.));
#1688 = DIRECTION('',(0.,0.,1.));
#1689 = DEFINITIONAL_REPRESENTATION('',(#1690),#1693);
#1690 = B_SPLINE_CURVE_WITH_KNOTS('',1,(#1691,#1692),.UNSPECIFIED.,.F.,
  .F.,(2,2),(0.8,9.2),.PIECEWISE_BEZIER_KNOTS.);
#1691 = CARTESIAN_POINT('',(-0.7,-0.591378669592));
#1692 = CARTESIAN_POINT('',(7.7,-0.591378669592));
#1693 = ( GEOMETRIC_REPRESENTATION_CONTEXT(2) 
PARAMETRIC_REPRESENTATION_CONTEXT() REPRESENTATION_CONTEXT('2D SPACE',''
  ) );
#1694 = ORIENTED_EDGE('',*,*,#1695,.F.);
#1695 = EDGE_CURVE('',#1696,#1668,#1698,.T.);
#1696 = VERTEX_POINT('',#1697);
#1697 = CARTESIAN_POINT('',(-54.83609074834,-18.89452702344,46.5));
#1698 = SURFACE_CURVE('',#1699,(#1704,#1711),.PCURVE_S1.);
#1699 = CIRCLE('',#1700,58.);
#1700 = AXIS2_PLACEMENT_3D('',#1701,#1702,#1703);
#1701 = CARTESIAN_POINT('',(0.,0.,46.5));
#1702 = DIRECTION('',(0.,0.,1.));
#1703 = DIRECTION('',(1.,0.,-0.));
#1704 = PCURVE('',#33,#1705);
#1705 = DEFINITIONAL_REPRESENTATION('',(#1706),#1710);
#1706 = LINE('',#1707,#1708);
#1707 = CARTESIAN_POINT('',(0.,1.5));
#1708 = VECTOR('',#1709,1.);
#1709 = DIRECTION('',(1.,0.));
#1710 = ( GEOMETRIC_REPRESENTATION_CONTEXT(2) 
PARAMETRIC_REPRESENTATION_CONTEXT() REPRESENTATION_CONTEXT('2D SPACE',''
  ) );
#1711 = PCURVE('',#1712,#1717);
#1712 = PLANE('',#1713);
#1713 = AXIS2_PLACEMENT_3D('',#1714,#1715,#1716);
#1714 = CARTESIAN_POINT('',(-53.59633628978,-20.57164884767,46.5));
#1715 = DIRECTION('',(0.,0.,1.));
#1716 = DIRECTION('',(-0.342020143326,0.939692620786,0.));
#1717 = DEFINITIONAL_REPRESENTATION('',(#1718),#1722);
#1718 = CIRCLE('',#1719,58.);
#1719 = AXIS2_PLACEMENT_2D('',#1720,#1721);
#1720 = CARTESIAN_POINT('',(1.,-57.4));
#1721 = DIRECTION('',(-0.342020143326,-0.939692620786));
#1722 = ( GEOMETRIC_REPRESENTATION_CONTEXT(2) 
PARAMETRIC_REPRESENTATION_CONTEXT() REPRESENTATION_CONTEXT('2D SPACE',''
  ) );
#1723 = ORIENTED_EDGE('',*,*,#1724,.T.);
#1724 = EDGE_CURVE('',#1696,#1725,#1727,.T.);
#1725 = VERTEX_POINT('',#1726);
#1726 = CARTESIAN_POINT('',(-54.83609074834,-18.89452702344,53.5));
#1727 = SURFACE_CURVE('',#1728,(#1732,#1738),.PCURVE_S1.);
#1728 = LINE('',#1729,#1730);
#1729 = CARTESIAN_POINT('',(-54.83609074834,-18.89452702344,45.));
#1730 = VECTOR('',#1731,1.);
#1731 = DIRECTION('',(0.,0.,1.));
#1732 = PCURVE('',#33,#1733);
#1733 = DEFINITIONAL_REPRESENTATION('',(#1734),#1737);
#1734 = B_SPLINE_CURVE_WITH_KNOTS('',1,(#1735,#1736),.UNSPECIFIED.,.F.,
  .F.,(2,2),(0.8,9.2),.PIECEWISE_BEZIER_KNOTS.);
#1735 = CARTESIAN_POINT('',(3.473416270354,0.8));
#1736 = CARTESIAN_POINT('',(3.473416270354,9.2));
#1737 = ( GEOMETRIC_REPRESENTATION_CONTEXT(2) 
PARAMETRIC_REPRESENTATION_CONTEXT() REPRESENTATION_CONTEXT('2D SPACE',''
  ) );
#1738 = PCURVE('',#1739,#1744);
#1739 = PLANE('',#1740);
#1740 = AXIS2_PLACEMENT_3D('',#1741,#1742,#1743);
#1741 = CARTESIAN_POINT('',(-54.28037657643,-18.6922636061,46.5));
#1742 = DIRECTION('',(-0.342020143326,0.939692620786,0.));
#1743 = DIRECTION('',(0.,0.,1.));
#1744 = DEFINITIONAL_REPRESENTATION('',(#1745),#1748);
#1745 = B_SPLINE_CURVE_WITH_KNOTS('',1,(#1746,#1747),.UNSPECIFIED.,.F.,
  .F.,(2,2),(0.8,9.2),.PIECEWISE_BEZIER_KNOTS.);
#1746 = CARTESIAN_POINT('',(-0.7,-0.591378669592));
#1747 = CARTESIAN_POINT('',(7.7,-0.591378669592));
#1748 = ( GEOMETRIC_REPRESENTATION_CONTEXT(2) 
PARAMETRIC_REPRESENTATION_CONTEXT() REPRESENTATION_CONTEXT('2D SPACE',''
  ) );
#1749 = ORIENTED_EDGE('',*,*,#1750,.T.);
#1750 = EDGE_CURVE('',#1725,#1670,#1751,.T.);
#1751 = SURFACE_CURVE('',#1752,(#1757,#1764),.PCURVE_S1.);
#1752 = CIRCLE('',#1753,58.);
#1753 = AXIS2_PLACEMENT_3D('',#1754,#1755,#1756);
#1754 = CARTESIAN_POINT('',(0.,0.,53.5));
#1755 = DIRECTION('',(0.,0.,1.));
#1756 = DIRECTION('',(1.,0.,-0.));
#1757 = PCURVE('',#33,#1758);
#1758 = DEFINITIONAL_REPRESENTATION('',(#1759),#1763);
#1759 = LINE('',#1760,#1761);
#1760 = CARTESIAN_POINT('',(0.,8.5));
#1761 = VECTOR('',#1762,1.);
#1762 = DIRECTION('',(1.,0.));
#1763 = ( GEOMETRIC_REPRESENTATION_CONTEXT(2) 
PARAMETRIC_REPRESENTATION_CONTEXT() REPRESENTATION_CONTEXT('2D SPACE',''
  ) );
#1764 = PCURVE('',#1765,#1770);
#1765 = PLANE('',#1766);
#1766 = AXIS2_PLACEMENT_3D('',#1767,#1768,#1769);
#1767 = CARTESIAN_POINT('',(-53.59633628978,-20.57164884767,53.5));
#1768 = DIRECTION('',(0.,0.,1.));
#1769 = DIRECTION('',(-0.342020143326,0.939692620786,0.));
#1770 = DEFINITIONAL_REPRESENTATION('',(#1771),#1775);
#1771 = CIRCLE('',#1772,58.);
#1772 = AXIS2_PLACEMENT_2D('',#1773,#1774);
#1773 = CARTESIAN_POINT('',(1.,-57.4));
#1774 = DIRECTION('',(-0.342020143326,-0.939692620786));
#1775 = ( GEOMETRIC_REPRESENTATION_CONTEXT(2) 
PARAMETRIC_REPRESENTATION_CONTEXT() REPRESENTATION_CONTEXT('2D SPACE',''
  ) );
#1776 = FACE_BOUND('',#1777,.T.);
#1777 = EDGE_LOOP('',(#1778,#1806,#1835,#1861));
#1778 = ORIENTED_EDGE('',*,*,#1779,.F.);
#1779 = EDGE_CURVE('',#1780,#1782,#1784,.T.);
#1780 = VERTEX_POINT('',#1781);
#1781 = CARTESIAN_POINT('',(-49.72200712835,-29.86171473858,46.5));
#1782 = VERTEX_POINT('',#1783);
#1783 = CARTESIAN_POINT('',(-49.72200712835,-29.86171473858,53.5));
#1784 = SURFACE_CURVE('',#1785,(#1789,#1795),.PCURVE_S1.);
#1785 = LINE('',#1786,#1787);
#1786 = CARTESIAN_POINT('',(-49.72200712835,-29.86171473858,45.));
#1787 = VECTOR('',#1788,1.);
#1788 = DIRECTION('',(0.,0.,1.));
#1789 = PCURVE('',#33,#1790);
#1790 = DEFINITIONAL_REPRESENTATION('',(#1791),#1794);
#1791 = B_SPLINE_CURVE_WITH_KNOTS('',1,(#1792,#1793),.UNSPECIFIED.,.F.,
  .F.,(2,2),(0.8,9.2),.PIECEWISE_BEZIER_KNOTS.);
#1792 = CARTESIAN_POINT('',(3.682433662823,0.8));
#1793 = CARTESIAN_POINT('',(3.682433662823,9.2));
#1794 = ( GEOMETRIC_REPRESENTATION_CONTEXT(2) 
PARAMETRIC_REPRESENTATION_CONTEXT() REPRESENTATION_CONTEXT('2D SPACE',''
  ) );
#1795 = PCURVE('',#1796,#1801);
#1796 = PLANE('',#1797);
#1797 = AXIS2_PLACEMENT_3D('',#1798,#1799,#1800);
#1798 = CARTESIAN_POINT('',(-49.20985817722,-29.56602540378,46.5));
#1799 = DIRECTION('',(-0.5,0.866025403784,0.));
#1800 = DIRECTION('',(0.,0.,1.));
#1801 = DEFINITIONAL_REPRESENTATION('',(#1802),#1805);
#1802 = B_SPLINE_CURVE_WITH_KNOTS('',1,(#1803,#1804),.UNSPECIFIED.,.F.,
  .F.,(2,2),(0.8,9.2),.PIECEWISE_BEZIER_KNOTS.);
#1803 = CARTESIAN_POINT('',(-0.7,-0.591378669592));
#1804 = CARTESIAN_POINT('',(7.7,-0.591378669592));
#1805 = ( GEOMETRIC_REPRESENTATION_CONTEXT(2) 
PARAMETRIC_REPRESENTATION_CONTEXT() REPRESENTATION_CONTEXT('2D SPACE',''
  ) );
#1806 = ORIENTED_EDGE('',*,*,#1807,.F.);
#1807 = EDGE_CURVE('',#1808,#1780,#1810,.T.);
#1808 = VERTEX_POINT('',#1809);
#1809 = CARTESIAN_POINT('',(-50.72200712835,-28.12966393101,46.5));
#1810 = SURFACE_CURVE('',#1811,(#1816,#1823),.PCURVE_S1.);
#1811 = CIRCLE('',#1812,58.);
#1812 = AXIS2_PLACEMENT_3D('',#1813,#1814,#1815);
#1813 = CARTESIAN_POINT('',(0.,0.,46.5));
#1814 = DIRECTION('',(0.,0.,1.));
#1815 = DIRECTION('',(1.,0.,-0.));
#1816 = PCURVE('',#33,#1817);
#1817 = DEFINITIONAL_REPRESENTATION('',(#1818),#1822);
#1818 = LINE('',#1819,#1820);
#1819 = CARTESIAN_POINT('',(0.,1.5));
#1820 = VECTOR('',#1821,1.);
#1821 = DIRECTION('',(1.,0.));
#1822 = ( GEOMETRIC_REPRESENTATION_CONTEXT(2) 
PARAMETRIC_REPRESENTATION_CONTEXT() REPRESENTATION_CONTEXT('2D SPACE',''
  ) );
#1823 = PCURVE('',#1824,#1829);
#1824 = PLANE('',#1825);
#1825 = AXIS2_PLACEMENT_3D('',#1826,#1827,#1828);
#1826 = CARTESIAN_POINT('',(-49.20985817722,-29.56602540378,46.5));
#1827 = DIRECTION('',(0.,0.,1.));
#1828 = DIRECTION('',(-0.5,0.866025403784,0.));
#1829 = DEFINITIONAL_REPRESENTATION('',(#1830),#1834);
#1830 = CIRCLE('',#1831,58.);
#1831 = AXIS2_PLACEMENT_2D('',#1832,#1833);
#1832 = CARTESIAN_POINT('',(1.,-57.4));
#1833 = DIRECTION('',(-0.5,-0.866025403784));
#1834 = ( GEOMETRIC_REPRESENTATION_CONTEXT(2) 
PARAMETRIC_REPRESENTATION_CONTEXT() REPRESENTATION_CONTEXT('2D SPACE',''
  ) );
#1835 = ORIENTED_EDGE('',*,*,#1836,.T.);
#1836 = EDGE_CURVE('',#1808,#1837,#1839,.T.);
#1837 = VERTEX_POINT('',#1838);
#1838 = CARTESIAN_POINT('',(-50.72200712835,-28.12966393101,53.5));
#1839 = SURFACE_CURVE('',#1840,(#1844,#1850),.PCURVE_S1.);
#1840 = LINE('',#1841,#1842);
#1841 = CARTESIAN_POINT('',(-50.72200712835,-28.12966393101,45.));
#1842 = VECTOR('',#1843,1.);
#1843 = DIRECTION('',(0.,0.,1.));
#1844 = PCURVE('',#33,#1845);
#1845 = DEFINITIONAL_REPRESENTATION('',(#1846),#1849);
#1846 = B_SPLINE_CURVE_WITH_KNOTS('',1,(#1847,#1848),.UNSPECIFIED.,.F.,
  .F.,(2,2),(0.8,9.2),.PIECEWISE_BEZIER_KNOTS.);
#1847 = CARTESIAN_POINT('',(3.647949195553,0.8));
#1848 = CARTESIAN_POINT('',(3.647949195553,9.2));
#1849 = ( GEOMETRIC_REPRESENTATION_CONTEXT(2) 
PARAMETRIC_REPRESENTATION_CONTEXT() REPRESENTATION_CONTEXT('2D SPACE',''
  ) );
#1850 = PCURVE('',#1851,#1856);
#1851 = PLANE('',#1852);
#1852 = AXIS2_PLACEMENT_3D('',#1853,#1854,#1855);
#1853 = CARTESIAN_POINT('',(-50.20985817722,-27.83397459621,46.5));
#1854 = DIRECTION('',(-0.5,0.866025403784,0.));
#1855 = DIRECTION('',(0.,0.,1.));
#1856 = DEFINITIONAL_REPRESENTATION('',(#1857),#1860);
#1857 = B_SPLINE_CURVE_WITH_KNOTS('',1,(#1858,#1859),.UNSPECIFIED.,.F.,
  .F.,(2,2),(0.8,9.2),.PIECEWISE_BEZIER_KNOTS.);
#1858 = CARTESIAN_POINT('',(-0.7,-0.591378669592));
#1859 = CARTESIAN_POINT('',(7.7,-0.591378669592));
#1860 = ( GEOMETRIC_REPRESENTATION_CONTEXT(2) 
PARAMETRIC_REPRESENTATION_CONTEXT() REPRESENTATION_CONTEXT('2D SPACE',''
  ) );
#1861 = ORIENTED_EDGE('',*,*,#1862,.T.);
#1862 = EDGE_CURVE('',#1837,#1782,#1863,.T.);
#1863 = SURFACE_CURVE('',#1864,(#1869,#1876),.PCURVE_S1.);
#1864 = CIRCLE('',#1865,58.);
#1865 = AXIS2_PLACEMENT_3D('',#1866,#1867,#1868);
#1866 = CARTESIAN_POINT('',(0.,0.,53.5));
#1867 = DIRECTION('',(0.,0.,1.));
#1868 = DIRECTION('',(1.,0.,-0.));
#1869 = PCURVE('',#33,#1870);
#1870 = DEFINITIONAL_REPRESENTATION('',(#1871),#1875);
#1871 = LINE('',#1872,#1873);
#1872 = CARTESIAN_POINT('',(0.,8.5));
#1873 = VECTOR('',#1874,1.);
#1874 = DIRECTION('',(1.,0.));
#1875 = ( GEOMETRIC_REPRESENTATION_CONTEXT(2) 
PARAMETRIC_REPRESENTATION_CONTEXT() REPRESENTATION_CONTEXT('2D SPACE',''
  ) );
#1876 = PCURVE('',#1877,#1882);
#1877 = PLANE('',#1878);
#1878 = AXIS2_PLACEMENT_3D('',#1879,#1880,#1881);
#1879 = CARTESIAN_POINT('',(-49.20985817722,-29.56602540378,53.5));
#1880 = DIRECTION('',(0.,0.,1.));
#1881 = DIRECTION('',(-0.5,0.866025403784,0.));
#1882 = DEFINITIONAL_REPRESENTATION('',(#1883),#1887);
#1883 = CIRCLE('',#1884,58.);
#1884 = AXIS2_PLACEMENT_2D('',#1885,#1886);
#1885 = CARTESIAN_POINT('',(1.,-57.4));
#1886 = DIRECTION('',(-0.5,-0.866025403784));
#1887 = ( GEOMETRIC_REPRESENTATION_CONTEXT(2) 
PARAMETRIC_REPRESENTATION_CONTEXT() REPRESENTATION_CONTEXT('2D SPACE',''
  ) );
#1888 = FACE_BOUND('',#1889,.T.);
#1889 = EDGE_LOOP('',(#1890,#1918,#1947,#1973));
#1890 = ORIENTED_EDGE('',*,*,#1891,.F.);
#1891 = EDGE_CURVE('',#1892,#1894,#1896,.T.);
#1892 = VERTEX_POINT('',#1893);
#1893 = CARTESIAN_POINT('',(-43.78118576896,-38.04218412057,46.5));
#1894 = VERTEX_POINT('',#1895);
#1895 = CARTESIAN_POINT('',(-43.78118576896,-38.04218412057,53.5));
#1896 = SURFACE_CURVE('',#1897,(#1901,#1907),.PCURVE_S1.);
#1897 = LINE('',#1898,#1899);
#1898 = CARTESIAN_POINT('',(-43.78118576896,-38.04218412057,45.));
#1899 = VECTOR('',#1900,1.);
#1900 = DIRECTION('',(0.,0.,1.));
#1901 = PCURVE('',#33,#1902);
#1902 = DEFINITIONAL_REPRESENTATION('',(#1903),#1906);
#1903 = B_SPLINE_CURVE_WITH_KNOTS('',1,(#1904,#1905),.UNSPECIFIED.,.F.,
  .F.,(2,2),(0.8,9.2),.PIECEWISE_BEZIER_KNOTS.);
#1904 = CARTESIAN_POINT('',(3.856966588022,0.8));
#1905 = CARTESIAN_POINT('',(3.856966588022,9.2));
#1906 = ( GEOMETRIC_REPRESENTATION_CONTEXT(2) 
PARAMETRIC_REPRESENTATION_CONTEXT() REPRESENTATION_CONTEXT('2D SPACE',''
  ) );
#1907 = PCURVE('',#1908,#1913);
#1908 = PLANE('',#1909);
#1909 = AXIS2_PLACEMENT_3D('',#1910,#1911,#1912);
#1910 = CARTESIAN_POINT('',(-43.32816342534,-37.66205323912,46.5));
#1911 = DIRECTION('',(-0.642787609687,0.766044443119,0.));
#1912 = DIRECTION('',(0.,0.,1.));
#1913 = DEFINITIONAL_REPRESENTATION('',(#1914),#1917);
#1914 = B_SPLINE_CURVE_WITH_KNOTS('',1,(#1915,#1916),.UNSPECIFIED.,.F.,
  .F.,(2,2),(0.8,9.2),.PIECEWISE_BEZIER_KNOTS.);
#1915 = CARTESIAN_POINT('',(-0.7,-0.591378669592));
#1916 = CARTESIAN_POINT('',(7.7,-0.591378669592));
#1917 = ( GEOMETRIC_REPRESENTATION_CONTEXT(2) 
PARAMETRIC_REPRESENTATION_CONTEXT() REPRESENTATION_CONTEXT('2D SPACE',''
  ) );
#1918 = ORIENTED_EDGE('',*,*,#1919,.F.);
#1919 = EDGE_CURVE('',#1920,#1892,#1922,.T.);
#1920 = VERTEX_POINT('',#1921);
#1921 = CARTESIAN_POINT('',(-45.06676098833,-36.51009523433,46.5));
#1922 = SURFACE_CURVE('',#1923,(#1928,#1935),.PCURVE_S1.);
#1923 = CIRCLE('',#1924,58.);
#1924 = AXIS2_PLACEMENT_3D('',#1925,#1926,#1927);
#1925 = CARTESIAN_POINT('',(0.,0.,46.5));
#1926 = DIRECTION('',(0.,0.,1.));
#1927 = DIRECTION('',(1.,0.,-0.));
#1928 = PCURVE('',#33,#1929);
#1929 = DEFINITIONAL_REPRESENTATION('',(#1930),#1934);
#1930 = LINE('',#1931,#1932);
#1931 = CARTESIAN_POINT('',(0.,1.5));
#1932 = VECTOR('',#1933,1.);
#1933 = DIRECTION('',(1.,0.));
#1934 = ( GEOMETRIC_REPRESENTATION_CONTEXT(2) 
PARAMETRIC_REPRESENTATION_CONTEXT() REPRESENTATION_CONTEXT('2D SPACE',''
  ) );
#1935 = PCURVE('',#1936,#1941);
#1936 = PLANE('',#1937);
#1937 = AXIS2_PLACEMENT_3D('',#1938,#1939,#1940);
#1938 = CARTESIAN_POINT('',(-43.32816342534,-37.66205323912,46.5));
#1939 = DIRECTION('',(0.,0.,1.));
#1940 = DIRECTION('',(-0.642787609687,0.766044443119,0.));
#1941 = DEFINITIONAL_REPRESENTATION('',(#1942),#1946);
#1942 = CIRCLE('',#1943,58.);
#1943 = AXIS2_PLACEMENT_2D('',#1944,#1945);
#1944 = CARTESIAN_POINT('',(1.,-57.4));
#1945 = DIRECTION('',(-0.642787609687,-0.766044443119));
#1946 = ( GEOMETRIC_REPRESENTATION_CONTEXT(2) 
PARAMETRIC_REPRESENTATION_CONTEXT() REPRESENTATION_CONTEXT('2D SPACE',''
  ) );
#1947 = ORIENTED_EDGE('',*,*,#1948,.T.);
#1948 = EDGE_CURVE('',#1920,#1949,#1951,.T.);
#1949 = VERTEX_POINT('',#1950);
#1950 = CARTESIAN_POINT('',(-45.06676098833,-36.51009523433,53.5));
#1951 = SURFACE_CURVE('',#1952,(#1956,#1962),.PCURVE_S1.);
#1952 = LINE('',#1953,#1954);
#1953 = CARTESIAN_POINT('',(-45.06676098833,-36.51009523433,45.));
#1954 = VECTOR('',#1955,1.);
#1955 = DIRECTION('',(0.,0.,1.));
#1956 = PCURVE('',#33,#1957);
#1957 = DEFINITIONAL_REPRESENTATION('',(#1958),#1961);
#1958 = B_SPLINE_CURVE_WITH_KNOTS('',1,(#1959,#1960),.UNSPECIFIED.,.F.,
  .F.,(2,2),(0.8,9.2),.PIECEWISE_BEZIER_KNOTS.);
#1959 = CARTESIAN_POINT('',(3.822482120753,0.8));
#1960 = CARTESIAN_POINT('',(3.822482120753,9.2));
#1961 = ( GEOMETRIC_REPRESENTATION_CONTEXT(2) 
PARAMETRIC_REPRESENTATION_CONTEXT() REPRESENTATION_CONTEXT('2D SPACE',''
  ) );
#1962 = PCURVE('',#1963,#1968);
#1963 = PLANE('',#1964);
#1964 = AXIS2_PLACEMENT_3D('',#1965,#1966,#1967);
#1965 = CARTESIAN_POINT('',(-44.61373864471,-36.12996435288,46.5));
#1966 = DIRECTION('',(-0.642787609687,0.766044443119,0.));
#1967 = DIRECTION('',(0.,0.,1.));
#1968 = DEFINITIONAL_REPRESENTATION('',(#1969),#1972);
#1969 = B_SPLINE_CURVE_WITH_KNOTS('',1,(#1970,#1971),.UNSPECIFIED.,.F.,
  .F.,(2,2),(0.8,9.2),.PIECEWISE_BEZIER_KNOTS.);
#1970 = CARTESIAN_POINT('',(-0.7,-0.591378669592));
#1971 = CARTESIAN_POINT('',(7.7,-0.591378669592));
#1972 = ( GEOMETRIC_REPRESENTATION_CONTEXT(2) 
PARAMETRIC_REPRESENTATION_CONTEXT() REPRESENTATION_CONTEXT('2D SPACE',''
  ) );
#1973 = ORIENTED_EDGE('',*,*,#1974,.T.);
#1974 = EDGE_CURVE('',#1949,#1894,#1975,.T.);
#1975 = SURFACE_CURVE('',#1976,(#1981,#1988),.PCURVE_S1.);
#1976 = CIRCLE('',#1977,58.);
#1977 = AXIS2_PLACEMENT_3D('',#1978,#1979,#1980);
#1978 = CARTESIAN_POINT('',(0.,0.,53.5));
#1979 = DIRECTION('',(0.,0.,1.));
#1980 = DIRECTION('',(1.,0.,-0.));
#1981 = PCURVE('',#33,#1982);
#1982 = DEFINITIONAL_REPRESENTATION('',(#1983),#1987);
#1983 = LINE('',#1984,#1985);
#1984 = CARTESIAN_POINT('',(0.,8.5));
#1985 = VECTOR('',#1986,1.);
#1986 = DIRECTION('',(1.,0.));
#1987 = ( GEOMETRIC_REPRESENTATION_CONTEXT(2) 
PARAMETRIC_REPRESENTATION_CONTEXT() REPRESENTATION_CONTEXT('2D SPACE',''
  ) );
#1988 = PCURVE('',#1989,#1994);
#1989 = PLANE('',#1990);
#1990 = AXIS2_PLACEMENT_3D('',#1991,#1992,#1993);
#1991 = CARTESIAN_POINT('',(-43.32816342534,-37.66205323912,53.5));
#1992 = DIRECTION('',(0.,0.,1.));
#1993 = DIRECTION('',(-0.642787609687,0.766044443119,0.));
#1994 = DEFINITIONAL_REPRESENTATION('',(#1995),#1999);
#1995 = CIRCLE('',#1996,58.);
#1996 = AXIS2_PLACEMENT_2D('',#1997,#1998);
#1997 = CARTESIAN_POINT('',(1.,-57.4));
#1998 = DIRECTION('',(-0.642787609687,-0.766044443119));
#1999 = ( GEOMETRIC_REPRESENTATION_CONTEXT(2) 
PARAMETRIC_REPRESENTATION_CONTEXT() REPRESENTATION_CONTEXT('2D SPACE',''
  ) );
#2000 = FACE_BOUND('',#2001,.T.);
#2001 = EDGE_LOOP('',(#2002));
#2002 = ORIENTED_EDGE('',*,*,#2003,.T.);
#2003 = EDGE_CURVE('',#2004,#2004,#2006,.T.);
#2004 = VERTEX_POINT('',#2005);
#2005 = CARTESIAN_POINT('',(-41.88655107262,-40.11878411966,50.));
#2006 = SURFACE_CURVE('',#2007,(#2052,#2100),.PCURVE_S1.);
#2007 = B_SPLINE_CURVE_WITH_KNOTS('',7,(#2008,#2009,#2010,#2011,#2012,
    #2013,#2014,#2015,#2016,#2017,#2018,#2019,#2020,#2021,#2022,#2023,
    #2024,#2025,#2026,#2027,#2028,#2029,#2030,#2031,#2032,#2033,#2034,
    #2035,#2036,#2037,#2038,#2039,#2040,#2041,#2042,#2043,#2044,#2045,
    #2046,#2047,#2048,#2049,#2050,#2051),.UNSPECIFIED.,.T.,.F.,(8,6,6,6,
    6,6,6,8),(0.,0.151260624539,0.287062203601,0.424364902566,
    0.587322009824,0.713814311745,0.839614378237,1.),.UNSPECIFIED.);
#2008 = CARTESIAN_POINT('',(-41.88655107262,-40.11878411966,50.));
#2009 = CARTESIAN_POINT('',(-41.88655107262,-40.11878411966,
    50.150169601405));
#2010 = CARTESIAN_POINT('',(-41.87198938196,-40.13398741886,
    50.300419919526));
#2011 = CARTESIAN_POINT('',(-41.84283550644,-40.16442605566,
    50.44861408579));
#2012 = CARTESIAN_POINT('',(-41.7987337824,-40.21040108022,
    50.592389313653));
#2013 = CARTESIAN_POINT('',(-41.73917031991,-40.27231059372,
    50.728833298611));
#2014 = CARTESIAN_POINT('',(-41.66358553011,-40.35050175268,
    50.85418118815));
#2015 = CARTESIAN_POINT('',(-41.4892654998,-40.52967843274,
    51.060966018433));
#2016 = CARTESIAN_POINT('',(-41.39156876538,-40.62969344035,
    51.148093478415));
#2017 = CARTESIAN_POINT('',(-41.28050040374,-40.7427856632,
    51.215600257247));
#2018 = CARTESIAN_POINT('',(-41.15985373079,-40.86477285437,
    51.257336118198));
#2019 = CARTESIAN_POINT('',(-41.03460927405,-40.99040221538,
    51.270047519474));
#2020 = CARTESIAN_POINT('',(-40.91025812105,-41.11421349767,
    51.253515891472));
#2021 = CARTESIAN_POINT('',(-40.67201508909,-41.34991628769,
    51.167469054203));
#2022 = CARTESIAN_POINT('',(-40.56165530711,-41.45829609097,
    51.098598531275));
#2023 = CARTESIAN_POINT('',(-40.46301110859,-41.55451907713,
    51.009132341519));
#2024 = CARTESIAN_POINT('',(-40.37748862608,-41.63748938138,
    50.903604186477));
#2025 = CARTESIAN_POINT('',(-40.30588031726,-41.70668006442,
    50.786286064512));
#2026 = CARTESIAN_POINT('',(-40.24839374865,-41.76206995494,
    50.661224780291));
#2027 = CARTESIAN_POINT('',(-40.15269569685,-41.85410637874,
    50.379120238879));
#2028 = CARTESIAN_POINT('',(-40.11855383776,-41.88679698502,
    50.215931340956));
#2029 = CARTESIAN_POINT('',(-40.1031299631,-41.90152032709,
    50.047013091536));
#2030 = CARTESIAN_POINT('',(-40.1068035302,-41.89801242566,
    49.87663297227));
#2031 = CARTESIAN_POINT('',(-40.12951309454,-41.87631595885,
    49.708918032716));
#2032 = CARTESIAN_POINT('',(-40.1708806803,-41.83667237693,
    49.547891684458));
#2033 = CARTESIAN_POINT('',(-40.276468549,-41.73499951602,49.28130827895
    ));
#2034 = CARTESIAN_POINT('',(-40.33444269479,-41.67906035674,
    49.169031507528));
#2035 = CARTESIAN_POINT('',(-40.40446283596,-41.61130101861,
    49.064239522171));
#2036 = CARTESIAN_POINT('',(-40.48623501991,-41.53185305763,
    48.97031532844));
#2037 = CARTESIAN_POINT('',(-40.57898857355,-41.44126946791,
    48.89074145663));
#2038 = CARTESIAN_POINT('',(-40.68147082276,-41.34056137482,
    48.829115794597));
#2039 = CARTESIAN_POINT('',(-40.90150815753,-41.1228701656,
    48.74964435494));
#2040 = CARTESIAN_POINT('',(-41.01660820582,-41.0083232113,
    48.732416451541));
#2041 = CARTESIAN_POINT('',(-41.1329841709,-40.89171435863,
    48.740280605674));
#2042 = CARTESIAN_POINT('',(-41.24609098375,-40.7775488194,
    48.773358150245));
#2043 = CARTESIAN_POINT('',(-41.35170821645,-40.67023478168,
    48.829310733316));
#2044 = CARTESIAN_POINT('',(-41.44647302439,-40.5734353855,
    48.903432133373));
#2045 = CARTESIAN_POINT('',(-41.63293303433,-40.38219030449,
    49.097475535957));
#2046 = CARTESIAN_POINT('',(-41.71903499291,-40.29323303709,
    49.226898360387));
#2047 = CARTESIAN_POINT('',(-41.7868280595,-40.22281128389,
    49.370135287801));
#2048 = CARTESIAN_POINT('',(-41.8369530717,-40.17056779339,
    49.522397119217));
#2049 = CARTESIAN_POINT('',(-41.87003846792,-40.1360242719,
    49.680020120636));
#2050 = CARTESIAN_POINT('',(-41.88655107262,-40.11878411966,
    49.840086364446));
#2051 = CARTESIAN_POINT('',(-41.88655107262,-40.11878411966,50.));
#2052 = PCURVE('',#33,#2053);
#2053 = DEFINITIONAL_REPRESENTATION('',(#2054),#2099);
#2054 = B_SPLINE_CURVE_WITH_KNOTS('',7,(#2055,#2056,#2057,#2058,#2059,
    #2060,#2061,#2062,#2063,#2064,#2065,#2066,#2067,#2068,#2069,#2070,
    #2071,#2072,#2073,#2074,#2075,#2076,#2077,#2078,#2079,#2080,#2081,
    #2082,#2083,#2084,#2085,#2086,#2087,#2088,#2089,#2090,#2091,#2092,
    #2093,#2094,#2095,#2096,#2097,#2098),.UNSPECIFIED.,.T.,.F.,(8,6,6,6,
    6,6,6,8),(0.,0.151260624539,0.287062203601,0.424364902566,
    0.587322009824,0.713814311745,0.839614378237,1.),.UNSPECIFIED.);
#2055 = CARTESIAN_POINT('',(3.905437424121,5.));
#2056 = CARTESIAN_POINT('',(3.905437424121,5.150169601405));
#2057 = CARTESIAN_POINT('',(3.905800388188,5.300419919526));
#2058 = CARTESIAN_POINT('',(3.906527078859,5.44861408579));
#2059 = CARTESIAN_POINT('',(3.907625486424,5.592389313653));
#2060 = CARTESIAN_POINT('',(3.90910669613,5.728833298611));
#2061 = CARTESIAN_POINT('',(3.910981714625,5.85418118815));
#2062 = CARTESIAN_POINT('',(3.915291775155,6.060966018433));
#2063 = CARTESIAN_POINT('',(3.917702337756,6.148093478415));
#2064 = CARTESIAN_POINT('',(3.920435286523,6.215600257247));
#2065 = CARTESIAN_POINT('',(3.923393363218,6.257336118198));
#2066 = CARTESIAN_POINT('',(3.926451859198,6.270047519474));
#2067 = CARTESIAN_POINT('',(3.929477322584,6.253515891472));
#2068 = CARTESIAN_POINT('',(3.935255514279,6.167469054203));
#2069 = CARTESIAN_POINT('',(3.937922368158,6.098598531275));
#2070 = CARTESIAN_POINT('',(3.940298254957,6.00913234152));
#2071 = CARTESIAN_POINT('',(3.942352661618,5.903604186477));
#2072 = CARTESIAN_POINT('',(3.944069462084,5.786286064512));
#2073 = CARTESIAN_POINT('',(3.945445831826,5.661224780291));
#2074 = CARTESIAN_POINT('',(3.947735031278,5.379120238879));
#2075 = CARTESIAN_POINT('',(3.948550009092,5.215931340956));
#2076 = CARTESIAN_POINT('',(3.948917648689,5.047013091536));
#2077 = CARTESIAN_POINT('',(3.948830072416,4.87663297227));
#2078 = CARTESIAN_POINT('',(3.948288554941,4.708918032716));
#2079 = CARTESIAN_POINT('',(3.947300686819,4.547891684458));
#2080 = CARTESIAN_POINT('',(3.944773417665,4.28130827895));
#2081 = CARTESIAN_POINT('',(3.943384423168,4.169031507528));
#2082 = CARTESIAN_POINT('',(3.941704462076,4.064239522171));
#2083 = CARTESIAN_POINT('',(3.939738750805,3.97031532844));
#2084 = CARTESIAN_POINT('',(3.937503455688,3.89074145663));
#2085 = CARTESIAN_POINT('',(3.935026181058,3.829115794597));
#2086 = CARTESIAN_POINT('',(3.929689538514,3.74964435494));
#2087 = CARTESIAN_POINT('',(3.926889801926,3.732416451541));
#2088 = CARTESIAN_POINT('',(3.924049394121,3.740280605674));
#2089 = CARTESIAN_POINT('',(3.921278605118,3.773358150245));
#2090 = CARTESIAN_POINT('',(3.918682586509,3.829310733316));
#2091 = CARTESIAN_POINT('',(3.916347005506,3.903432133373));
#2092 = CARTESIAN_POINT('',(3.911741845799,4.097475535957));
#2093 = CARTESIAN_POINT('',(3.909607342211,4.226898360387));
#2094 = CARTESIAN_POINT('',(3.907921997748,4.370135287801));
#2095 = CARTESIAN_POINT('',(3.906673705544,4.522397119217));
#2096 = CARTESIAN_POINT('',(3.905849016337,4.680020120636));
#2097 = CARTESIAN_POINT('',(3.905437424121,4.840086364446));
#2098 = CARTESIAN_POINT('',(3.905437424121,5.));
#2099 = ( GEOMETRIC_REPRESENTATION_CONTEXT(2) 
PARAMETRIC_REPRESENTATION_CONTEXT() REPRESENTATION_CONTEXT('2D SPACE',''
  ) );
#2100 = PCURVE('',#2101,#2106);
#2101 = CYLINDRICAL_SURFACE('',#2102,1.25);
#2102 = AXIS2_PLACEMENT_3D('',#2103,#2104,#2105);
#2103 = CARTESIAN_POINT('',(-54.80077554195,-54.80077554195,50.));
#2104 = DIRECTION('',(0.707106781187,0.707106781187,2.22044604925E-16));
#2105 = DIRECTION('',(-0.707106781187,0.707106781187,0.));
#2106 = DEFINITIONAL_REPRESENTATION('',(#2107),#2152);
#2107 = B_SPLINE_CURVE_WITH_KNOTS('',7,(#2108,#2109,#2110,#2111,#2112,
    #2113,#2114,#2115,#2116,#2117,#2118,#2119,#2120,#2121,#2122,#2123,
    #2124,#2125,#2126,#2127,#2128,#2129,#2130,#2131,#2132,#2133,#2134,
    #2135,#2136,#2137,#2138,#2139,#2140,#2141,#2142,#2143,#2144,#2145,
    #2146,#2147,#2148,#2149,#2150,#2151),.UNSPECIFIED.,.F.,.F.,(8,6,6,6,
    6,6,6,8),(0.,0.151260624539,0.287062203601,0.424364902566,
    0.587322009824,0.713814311745,0.839614378237,1.),.UNSPECIFIED.);
#2108 = CARTESIAN_POINT('',(0.,19.513471392055));
#2109 = CARTESIAN_POINT('',(0.120135681124,19.513471392055));
#2110 = CARTESIAN_POINT('',(0.240335447979,19.513017706304));
#2111 = CARTESIAN_POINT('',(0.36172500137,19.51210924289));
#2112 = CARTESIAN_POINT('',(0.485250520496,19.510784619395));
#2113 = CARTESIAN_POINT('',(0.611948754325,19.50912571081));
#2114 = CARTESIAN_POINT('',(0.742895061869,19.507282729506));
#2115 = CARTESIAN_POINT('',(1.002420694551,19.503848559532));
#2116 = CARTESIAN_POINT('',(1.133027331161,19.502209292842));
#2117 = CARTESIAN_POINT('',(1.268174510425,19.500778206861));
#2118 = CARTESIAN_POINT('',(1.406033807078,19.499830317335));
#2119 = CARTESIAN_POINT('',(1.545224450286,19.499558148914));
#2120 = CARTESIAN_POINT('',(1.684484237778,19.499939895154));
#2121 = CARTESIAN_POINT('',(1.961284676266,19.501736117455));
#2122 = CARTESIAN_POINT('',(2.09483748521,19.503136173825));
#2123 = CARTESIAN_POINT('',(2.223805803774,19.5048482295));
#2124 = CARTESIAN_POINT('',(2.34874013106,19.506652892048));
#2125 = CARTESIAN_POINT('',(2.470000460719,19.508362411633));
#2126 = CARTESIAN_POINT('',(2.587714148064,19.509844986928));
#2127 = CARTESIAN_POINT('',(2.837135993393,19.51243414892));
#2128 = CARTESIAN_POINT('',(2.971358971551,19.513460339627));
#2129 = CARTESIAN_POINT('',(3.104946382576,19.513955690967));
#2130 = CARTESIAN_POINT('',(3.238391423813,19.513838547649));
#2131 = CARTESIAN_POINT('',(3.372268343731,19.513122179521));
#2132 = CARTESIAN_POINT('',(3.507232635755,19.511903124711));
#2133 = CARTESIAN_POINT('',(3.750602598878,19.509134796159));
#2134 = CARTESIAN_POINT('',(3.860357227207,19.507695843397));
#2135 = CARTESIAN_POINT('',(3.973335171206,19.506097214234));
#2136 = CARTESIAN_POINT('',(4.089573169821,19.504453740412));
#2137 = CARTESIAN_POINT('',(4.209295157317,19.502919344203));
#2138 = CARTESIAN_POINT('',(4.332886686642,19.501664826389));
#2139 = CARTESIAN_POINT('',(4.588535006124,19.500005865099));
#2140 = CARTESIAN_POINT('',(4.717788768505,19.499614768589));
#2141 = CARTESIAN_POINT('',(4.847264951334,19.499779444983));
#2142 = CARTESIAN_POINT('',(4.975780437248,19.500528077581));
#2143 = CARTESIAN_POINT('',(5.102091722826,19.501727899918));
#2144 = CARTESIAN_POINT('',(5.22461528412,19.50316657106));
#2145 = CARTESIAN_POINT('',(5.488716367741,19.50655012726));
#2146 = CARTESIAN_POINT('',(5.629691181807,19.508569135493));
#2147 = CARTESIAN_POINT('',(5.765589408027,19.510427897618));
#2148 = CARTESIAN_POINT('',(5.897680168826,19.511925887991));
#2149 = CARTESIAN_POINT('',(6.027202250211,19.512956938259));
#2150 = CARTESIAN_POINT('',(6.155254398736,19.513471392055));
#2151 = CARTESIAN_POINT('',(6.28318530718,19.513471392055));
#2152 = ( GEOMETRIC_REPRESENTATION_CONTEXT(2) 
PARAMETRIC_REPRESENTATION_CONTEXT() REPRESENTATION_CONTEXT('2D SPACE',''
  ) );
#2153 = FACE_BOUND('',#2154,.T.);
#2154 = EDGE_LOOP('',(#2155));
#2155 = ORIENTED_EDGE('',*,*,#2156,.F.);
#2156 = EDGE_CURVE('',#2157,#2157,#2159,.T.);
#2157 = VERTEX_POINT('',#2158);
#2158 = CARTESIAN_POINT('',(54.567908905386,19.655617967734,52.5));
#2159 = SURFACE_CURVE('',#2160,(#2205,#2253),.PCURVE_S1.);
#2160 = B_SPLINE_CURVE_WITH_KNOTS('',7,(#2161,#2162,#2163,#2164,#2165,
    #2166,#2167,#2168,#2169,#2170,#2171,#2172,#2173,#2174,#2175,#2176,
    #2177,#2178,#2179,#2180,#2181,#2182,#2183,#2184,#2185,#2186,#2187,
    #2188,#2189,#2190,#2191,#2192,#2193,#2194,#2195,#2196,#2197,#2198,
    #2199,#2200,#2201,#2202,#2203,#2204),.UNSPECIFIED.,.T.,.F.,(8,6,6,6,
    6,6,6,8),(0.,0.150224309571,0.287143235727,0.424673554012,
    0.587485870288,0.714058469831,0.840790487666,1.),.UNSPECIFIED.);
#2161 = CARTESIAN_POINT('',(54.567908905386,19.655617967734,52.5));
#2162 = CARTESIAN_POINT('',(54.567908905386,19.655617967734,
    52.367471603379));
#2163 = CARTESIAN_POINT('',(54.561594928042,19.673146787049,
    52.234813155732));
#2164 = CARTESIAN_POINT('',(54.548944065656,19.708268300929,
    52.104056620952));
#2165 = CARTESIAN_POINT('',(54.529808054234,19.761281899979,
    51.977417756634));
#2166 = CARTESIAN_POINT('',(54.503979638212,19.832540370439,
    51.85754374662));
#2167 = CARTESIAN_POINT('',(54.471226865001,19.922317005918,
    51.747730278496));
#2168 = CARTESIAN_POINT('',(54.395181370904,20.128965893886,
    51.565580862218));
#2169 = CARTESIAN_POINT('',(54.352293532117,20.244868547639,
    51.488904734788));
#2170 = CARTESIAN_POINT('',(54.30353236125,20.37568196726,
    51.429826599969));
#2171 = CARTESIAN_POINT('',(54.250455385674,20.516743201134,
    51.393450035605));
#2172 = CARTESIAN_POINT('',(54.195140959069,20.662208878051,
    51.38245608436));
#2173 = CARTESIAN_POINT('',(54.139965402529,20.805901774896,
    51.396996569974));
#2174 = CARTESIAN_POINT('',(54.034082143321,21.079363390495,
    51.472288203139));
#2175 = CARTESIAN_POINT('',(53.984744157588,21.205584187923,
    51.532286646549));
#2176 = CARTESIAN_POINT('',(53.940258670167,21.318406500645,
    51.610522775125));
#2177 = CARTESIAN_POINT('',(53.901412373196,21.416234131402,
    51.70320993985));
#2178 = CARTESIAN_POINT('',(53.868716451142,21.498143079445,
    51.806665131771));
#2179 = CARTESIAN_POINT('',(53.842391015189,21.563854612854,
    51.917298057017));
#2180 = CARTESIAN_POINT('',(53.798596414784,21.672911257927,
    52.167007325202));
#2181 = CARTESIAN_POINT('',(53.783076336659,21.711340040981,
    52.310815028313));
#2182 = CARTESIAN_POINT('',(53.776126555328,21.728483752917,
    52.459155854499));
#2183 = CARTESIAN_POINT('',(53.777828437228,21.724284935452,
    52.608441861615));
#2184 = CARTESIAN_POINT('',(53.788103239284,21.698909316808,
    52.755440732762));
#2185 = CARTESIAN_POINT('',(53.806845848377,21.652451878951,
    52.897117016047));
#2186 = CARTESIAN_POINT('',(53.855148660179,21.531980531775,
    53.133178990277));
#2187 = CARTESIAN_POINT('',(53.881657682697,21.465690546338,
    53.232464333613));
#2188 = CARTESIAN_POINT('',(53.913571473208,21.385584943944,
    53.324838925581));
#2189 = CARTESIAN_POINT('',(53.950653265036,21.292026200472,
    53.407325396556));
#2190 = CARTESIAN_POINT('',(53.992438173151,21.185894314497,
    53.47693793063));
#2191 = CARTESIAN_POINT('',(54.038241168518,21.068621997019,
    53.530669202988));
#2192 = CARTESIAN_POINT('',(54.136103844339,20.81587490898,
    53.600257547203));
#2193 = CARTESIAN_POINT('',(54.187216718785,20.682842631293,
    53.615387487366));
#2194 = CARTESIAN_POINT('',(54.23866138584,20.547742378468,
    53.608586970906));
#2195 = CARTESIAN_POINT('',(54.288472180771,20.415663416557,
    53.579739329215));
#2196 = CARTESIAN_POINT('',(54.334882444436,20.291508400702,
    53.530767402817));
#2197 = CARTESIAN_POINT('',(54.376508959817,20.179348719558,
    53.465563095139));
#2198 = CARTESIAN_POINT('',(54.457849188262,19.958952172383,
    53.294888973212));
#2199 = CARTESIAN_POINT('',(54.495183508121,19.856798333899,
    53.181610355891));
#2200 = CARTESIAN_POINT('',(54.52460317743,19.775699347974,
    53.055824414409));
#2201 = CARTESIAN_POINT('',(54.546373029669,19.715406148005,
    52.921704554338));
#2202 = CARTESIAN_POINT('',(54.560743737348,19.675509828468,
    52.782575167778));
#2203 = CARTESIAN_POINT('',(54.567908905386,19.655617967734,
    52.641179394812));
#2204 = CARTESIAN_POINT('',(54.567908905386,19.655617967734,52.5));
#2205 = PCURVE('',#33,#2206);
#2206 = DEFINITIONAL_REPRESENTATION('',(#2207),#2252);
#2207 = B_SPLINE_CURVE_WITH_KNOTS('',7,(#2208,#2209,#2210,#2211,#2212,
    #2213,#2214,#2215,#2216,#2217,#2218,#2219,#2220,#2221,#2222,#2223,
    #2224,#2225,#2226,#2227,#2228,#2229,#2230,#2231,#2232,#2233,#2234,
    #2235,#2236,#2237,#2238,#2239,#2240,#2241,#2242,#2243,#2244,#2245,
    #2246,#2247,#2248,#2249,#2250,#2251),.UNSPECIFIED.,.T.,.F.,(8,6,6,6,
    6,6,6,8),(0.,0.150224309571,0.287143235727,0.424673554012,
    0.587485870288,0.714058469831,0.840790487666,1.),.UNSPECIFIED.);
#2208 = CARTESIAN_POINT('',(0.345736794878,7.5));
#2209 = CARTESIAN_POINT('',(0.345736794878,7.367471603379));
#2210 = CARTESIAN_POINT('',(0.346058024417,7.234813155732));
#2211 = CARTESIAN_POINT('',(0.34670165342,7.104056620952));
#2212 = CARTESIAN_POINT('',(0.347673404804,6.977417756634));
#2213 = CARTESIAN_POINT('',(0.348980211825,6.85754374662));
#2214 = CARTESIAN_POINT('',(0.350627870512,6.747730278496));
#2215 = CARTESIAN_POINT('',(0.354424368996,6.565580862218));
#2216 = CARTESIAN_POINT('',(0.356555109208,6.488904734788));
#2217 = CARTESIAN_POINT('',(0.358962096373,6.429826599969));
#2218 = CARTESIAN_POINT('',(0.361560629338,6.393450035605));
#2219 = CARTESIAN_POINT('',(0.364243840362,6.38245608436));
#2220 = CARTESIAN_POINT('',(0.366897658149,6.396996569974));
#2221 = CARTESIAN_POINT('',(0.371953603184,6.472288203139));
#2222 = CARTESIAN_POINT('',(0.374290159189,6.532286646549));
#2223 = CARTESIAN_POINT('',(0.376381109138,6.610522775125));
#2224 = CARTESIAN_POINT('',(0.378195899228,6.70320993985));
#2225 = CARTESIAN_POINT('',(0.379716475338,6.806665131771));
#2226 = CARTESIAN_POINT('',(0.380936969054,6.917298057017));
#2227 = CARTESIAN_POINT('',(0.382963202978,7.167007325202));
#2228 = CARTESIAN_POINT('',(0.383677761434,7.310815028313));
#2229 = CARTESIAN_POINT('',(0.38399670709,7.459155854499));
#2230 = CARTESIAN_POINT('',(0.383918592991,7.608441861615));
#2231 = CARTESIAN_POINT('',(0.383446577294,7.755440732762));
#2232 = CARTESIAN_POINT('',(0.382582860348,7.897117016047));
#2233 = CARTESIAN_POINT('',(0.380345031123,8.133178990277));
#2234 = CARTESIAN_POINT('',(0.37911410226,8.232464333613));
#2235 = CARTESIAN_POINT('',(0.377627401311,8.324838925581));
#2236 = CARTESIAN_POINT('',(0.375892244538,8.407325396556));
#2237 = CARTESIAN_POINT('',(0.373925682388,8.47693793063));
#2238 = CARTESIAN_POINT('',(0.371755008968,8.530669202988));
#2239 = CARTESIAN_POINT('',(0.36708204826,8.600257547203));
#2240 = CARTESIAN_POINT('',(0.364624926253,8.615387487366));
#2241 = CARTESIAN_POINT('',(0.362132468812,8.608586970906));
#2242 = CARTESIAN_POINT('',(0.359698707563,8.579739329215));
#2243 = CARTESIAN_POINT('',(0.357413445806,8.530767402817));
#2244 = CARTESIAN_POINT('',(0.355350774887,8.465563095139));
#2245 = CARTESIAN_POINT('',(0.351300302932,8.294888973212));
#2246 = CARTESIAN_POINT('',(0.349425098668,8.181610355891));
#2247 = CARTESIAN_POINT('',(0.34793768403,8.055824414409));
#2248 = CARTESIAN_POINT('',(0.346832459771,7.921704554338));
#2249 = CARTESIAN_POINT('',(0.346101329095,7.782575167778));
#2250 = CARTESIAN_POINT('',(0.345736794878,7.641179394812));
#2251 = CARTESIAN_POINT('',(0.345736794878,7.5));
#2252 = ( GEOMETRIC_REPRESENTATION_CONTEXT(2) 
PARAMETRIC_REPRESENTATION_CONTEXT() REPRESENTATION_CONTEXT('2D SPACE',''
  ) );
#2253 = PCURVE('',#2254,#2259);
#2254 = CYLINDRICAL_SURFACE('',#2255,1.1);
#2255 = AXIS2_PLACEMENT_3D('',#2256,#2257,#2258);
#2256 = CARTESIAN_POINT('',(53.624777528477,20.472987935848,52.5));
#2257 = DIRECTION('',(0.934229573667,0.356672263691,2.22044604925E-16));
#2258 = DIRECTION('',(0.356672263691,-0.934229573667,0.));
#2259 = DEFINITIONAL_REPRESENTATION('',(#2260),#2305);
#2260 = B_SPLINE_CURVE_WITH_KNOTS('',7,(#2261,#2262,#2263,#2264,#2265,
    #2266,#2267,#2268,#2269,#2270,#2271,#2272,#2273,#2274,#2275,#2276,
    #2277,#2278,#2279,#2280,#2281,#2282,#2283,#2284,#2285,#2286,#2287,
    #2288,#2289,#2290,#2291,#2292,#2293,#2294,#2295,#2296,#2297,#2298,
    #2299,#2300,#2301,#2302,#2303,#2304),.UNSPECIFIED.,.F.,.F.,(8,6,6,6,
    6,6,6,8),(0.,0.150224309571,0.287143235727,0.424673554012,
    0.587485870288,0.714058469831,0.840790487666,1.),.UNSPECIFIED.);
#2261 = CARTESIAN_POINT('',(0.,0.589568027362));
#2262 = CARTESIAN_POINT('',(0.120480360565,0.589568027362));
#2263 = CARTESIAN_POINT('',(0.241078573531,0.589921366664));
#2264 = CARTESIAN_POINT('',(0.36280630464,0.590629426751));
#2265 = CARTESIAN_POINT('',(0.486523737957,0.591660479338));
#2266 = CARTESIAN_POINT('',(0.613169819831,0.592946729215));
#2267 = CARTESIAN_POINT('',(0.743736910453,0.594368955665));
#2268 = CARTESIAN_POINT('',(1.003517497782,0.597030932797));
#2269 = CARTESIAN_POINT('',(1.134511261592,0.598303107333));
#2270 = CARTESIAN_POINT('',(1.269633128812,0.599406497959));
#2271 = CARTESIAN_POINT('',(1.407215544896,0.6001330473));
#2272 = CARTESIAN_POINT('',(1.545995765519,0.600340246391));
#2273 = CARTESIAN_POINT('',(1.684815261471,0.600044880521));
#2274 = CARTESIAN_POINT('',(1.96004534831,0.598661781881));
#2275 = CARTESIAN_POINT('',(2.092936882751,0.597588234048));
#2276 = CARTESIAN_POINT('',(2.221687907955,0.596269165774));
#2277 = CARTESIAN_POINT('',(2.346775527903,0.594870208829));
#2278 = CARTESIAN_POINT('',(2.468486521636,0.593539361423));
#2279 = CARTESIAN_POINT('',(2.586886128122,0.592382841988));
#2280 = CARTESIAN_POINT('',(2.83777211236,0.590366111591));
#2281 = CARTESIAN_POINT('',(2.972102454904,0.589573276664));
#2282 = CARTESIAN_POINT('',(3.105393964845,0.589195271958));
#2283 = CARTESIAN_POINT('',(3.238303375319,0.58928761863));
#2284 = CARTESIAN_POINT('',(3.371664826655,0.58983586323));
#2285 = CARTESIAN_POINT('',(3.506466712916,0.590775683407));
#2286 = CARTESIAN_POINT('',(3.751360195577,0.592932810576));
#2287 = CARTESIAN_POINT('',(3.861719697411,0.594054524216));
#2288 = CARTESIAN_POINT('',(3.975074389574,0.595297884579));
#2289 = CARTESIAN_POINT('',(4.091430116322,0.596570982327));
#2290 = CARTESIAN_POINT('',(4.210946873334,0.5977533792));
#2291 = CARTESIAN_POINT('',(4.333950816739,0.598716109091));
#2292 = CARTESIAN_POINT('',(4.58833241555,0.59999443897));
#2293 = CARTESIAN_POINT('',(4.717239877188,0.600296674246));
#2294 = CARTESIAN_POINT('',(4.846363702969,0.600171290616));
#2295 = CARTESIAN_POINT('',(4.974623634221,0.599597105997));
#2296 = CARTESIAN_POINT('',(5.100886583893,0.598672296282));
#2297 = CARTESIAN_POINT('',(5.223713018128,0.59755677063));
#2298 = CARTESIAN_POINT('',(5.487684072278,0.594937882182));
#2299 = CARTESIAN_POINT('',(5.628198537211,0.59338126709));
#2300 = CARTESIAN_POINT('',(5.764033782948,0.591940233313));
#2301 = CARTESIAN_POINT('',(5.896362073758,0.590773360971));
#2302 = CARTESIAN_POINT('',(6.026299444017,0.589968990477));
#2303 = CARTESIAN_POINT('',(6.154840402805,0.589568027362));
#2304 = CARTESIAN_POINT('',(6.28318530718,0.589568027362));
#2305 = ( GEOMETRIC_REPRESENTATION_CONTEXT(2) 
PARAMETRIC_REPRESENTATION_CONTEXT() REPRESENTATION_CONTEXT('2D SPACE',''
  ) );
#2306 = FACE_BOUND('',#2307,.T.);
#2307 = EDGE_LOOP('',(#2308));
#2308 = ORIENTED_EDGE('',*,*,#2309,.F.);
#2309 = EDGE_CURVE('',#2310,#2310,#2312,.T.);
#2310 = VERTEX_POINT('',#2311);
#2311 = CARTESIAN_POINT('',(45.492351678982,35.978409341101,52.5));
#2312 = SURFACE_CURVE('',#2313,(#2358,#2406),.PCURVE_S1.);
#2313 = B_SPLINE_CURVE_WITH_KNOTS('',7,(#2314,#2315,#2316,#2317,#2318,
    #2319,#2320,#2321,#2322,#2323,#2324,#2325,#2326,#2327,#2328,#2329,
    #2330,#2331,#2332,#2333,#2334,#2335,#2336,#2337,#2338,#2339,#2340,
    #2341,#2342,#2343,#2344,#2345,#2346,#2347,#2348,#2349,#2350,#2351,
    #2352,#2353,#2354,#2355,#2356,#2357),.UNSPECIFIED.,.T.,.F.,(8,6,6,6,
    6,6,6,8),(0.,0.150224309521,0.28714323563,0.424673553901,
    0.587485870211,0.714058469778,0.840790487636,1.),.UNSPECIFIED.);
#2314 = CARTESIAN_POINT('',(45.492351678982,35.978409341101,52.5));
#2315 = CARTESIAN_POINT('',(45.492351678982,35.978409341101,
    52.367471603379));
#2316 = CARTESIAN_POINT('',(45.480794341084,35.993022819715,
    52.234813155733));
#2317 = CARTESIAN_POINT('',(45.457637645504,36.022303060598,
    52.104056620952));
#2318 = CARTESIAN_POINT('',(45.422645867723,36.066486814458,
    51.977417756634));
#2319 = CARTESIAN_POINT('',(45.375510380706,36.125842711807,
    51.85754374662));
#2320 = CARTESIAN_POINT('',(45.315924403681,36.200556162891,
    51.747730278496));
#2321 = CARTESIAN_POINT('',(45.178147879663,36.372324348247,
    51.565580862218));
#2322 = CARTESIAN_POINT('',(45.100649365013,36.468588423009,
    51.488904734788));
#2323 = CARTESIAN_POINT('',(45.012843336279,36.577123688501,
    51.429826599969));
#2324 = CARTESIAN_POINT('',(44.917688469881,36.694003919673,
    51.393450035605));
#2325 = CARTESIAN_POINT('',(44.819012407212,36.814349187996,
    51.38245608436));
#2326 = CARTESIAN_POINT('',(44.721031408413,36.933057715566,
    51.396996569974));
#2327 = CARTESIAN_POINT('',(44.533730771112,37.158692356241,
    51.472288203147));
#2328 = CARTESIAN_POINT('',(44.446837376304,37.262689781546,
    51.532286646561));
#2329 = CARTESIAN_POINT('',(44.368802978692,37.355525473072,
    51.610522775114));
#2330 = CARTESIAN_POINT('',(44.300880760808,37.435935997554,
    51.703209939824));
#2331 = CARTESIAN_POINT('',(44.243849055215,37.503207712637,
    51.806665131766));
#2332 = CARTESIAN_POINT('',(44.198005143499,37.55714628845,
    51.91729805705));
#2333 = CARTESIAN_POINT('',(44.121822552386,37.646631100944,
    52.167007325204));
#2334 = CARTESIAN_POINT('',(44.094894332526,37.678135309664,
    52.310815028315));
#2335 = CARTESIAN_POINT('',(44.082856540521,37.69218158615,52.4591558545
    ));
#2336 = CARTESIAN_POINT('',(44.085804584896,37.688741309349,
    52.608441861614));
#2337 = CARTESIAN_POINT('',(44.10361113607,37.667946590931,
    52.75544073276));
#2338 = CARTESIAN_POINT('',(44.13614634483,37.629854083548,
    52.897117016044));
#2339 = CARTESIAN_POINT('',(44.220231044792,37.53097905965,
    53.133178990277));
#2340 = CARTESIAN_POINT('',(44.266432858674,37.476550364662,
    53.232464333613));
#2341 = CARTESIAN_POINT('',(44.32214987366,37.410739941469,
    53.324838925581));
#2342 = CARTESIAN_POINT('',(44.387042402155,37.333816229191,
    53.407325396556));
#2343 = CARTESIAN_POINT('',(44.460389994736,37.246465863254,
    53.47693793063));
#2344 = CARTESIAN_POINT('',(44.541087817712,37.149829575047,
    53.530669202988));
#2345 = CARTESIAN_POINT('',(44.714200561731,36.941286601804,
    53.600257547203));
#2346 = CARTESIAN_POINT('',(44.804941532593,36.831394886704,
    53.615387487366));
#2347 = CARTESIAN_POINT('',(44.896654301812,36.719647850752,
    53.608586970906));
#2348 = CARTESIAN_POINT('',(44.985857731022,36.610246225132,
    53.579739329215));
#2349 = CARTESIAN_POINT('',(45.069318675752,36.507277048966,
    53.530767402817));
#2350 = CARTESIAN_POINT('',(45.144431733131,36.4141610489,
    53.465563095139));
#2351 = CARTESIAN_POINT('',(45.291597531959,36.231040601038,
    53.294888973212));
#2352 = CARTESIAN_POINT('',(45.359461035972,36.146047642627,
    53.181610355891));
#2353 = CARTESIAN_POINT('',(45.413128931692,36.078502698854,
    53.055824414409));
#2354 = CARTESIAN_POINT('',(45.452931476744,36.028253780095,
    52.921704554338));
#2355 = CARTESIAN_POINT('',(45.479236299077,35.994992843941,
    52.782575167778));
#2356 = CARTESIAN_POINT('',(45.492351678982,35.978409341101,
    52.641179394812));
#2357 = CARTESIAN_POINT('',(45.492351678982,35.978409341101,52.5));
#2358 = PCURVE('',#33,#2359);
#2359 = DEFINITIONAL_REPRESENTATION('',(#2360),#2405);
#2360 = B_SPLINE_CURVE_WITH_KNOTS('',7,(#2361,#2362,#2363,#2364,#2365,
    #2366,#2367,#2368,#2369,#2370,#2371,#2372,#2373,#2374,#2375,#2376,
    #2377,#2378,#2379,#2380,#2381,#2382,#2383,#2384,#2385,#2386,#2387,
    #2388,#2389,#2390,#2391,#2392,#2393,#2394,#2395,#2396,#2397,#2398,
    #2399,#2400,#2401,#2402,#2403,#2404),.UNSPECIFIED.,.T.,.F.,(8,6,6,6,
    6,6,6,8),(0.,0.150224309521,0.28714323563,0.424673553901,
    0.587485870211,0.714058469778,0.840790487636,1.),.UNSPECIFIED.);
#2361 = CARTESIAN_POINT('',(0.669147307405,7.5));
#2362 = CARTESIAN_POINT('',(0.669147307405,7.367471603379));
#2363 = CARTESIAN_POINT('',(0.669468536944,7.234813155733));
#2364 = CARTESIAN_POINT('',(0.670112165947,7.104056620952));
#2365 = CARTESIAN_POINT('',(0.671083917331,6.977417756634));
#2366 = CARTESIAN_POINT('',(0.672390724352,6.85754374662));
#2367 = CARTESIAN_POINT('',(0.674038383039,6.747730278496));
#2368 = CARTESIAN_POINT('',(0.677834881522,6.565580862218));
#2369 = CARTESIAN_POINT('',(0.679965621735,6.488904734788));
#2370 = CARTESIAN_POINT('',(0.6823726089,6.429826599969));
#2371 = CARTESIAN_POINT('',(0.684971141865,6.393450035605));
#2372 = CARTESIAN_POINT('',(0.687654352889,6.38245608436));
#2373 = CARTESIAN_POINT('',(0.690308170676,6.396996569974));
#2374 = CARTESIAN_POINT('',(0.695364115711,6.472288203147));
#2375 = CARTESIAN_POINT('',(0.697700671716,6.532286646561));
#2376 = CARTESIAN_POINT('',(0.699791621665,6.610522775114));
#2377 = CARTESIAN_POINT('',(0.701606411754,6.703209939824));
#2378 = CARTESIAN_POINT('',(0.703126987865,6.806665131766));
#2379 = CARTESIAN_POINT('',(0.704347481581,6.91729805705));
#2380 = CARTESIAN_POINT('',(0.706373715505,7.167007325204));
#2381 = CARTESIAN_POINT('',(0.707088273961,7.310815028315));
#2382 = CARTESIAN_POINT('',(0.707407219617,7.4591558545));
#2383 = CARTESIAN_POINT('',(0.707329105518,7.608441861614));
#2384 = CARTESIAN_POINT('',(0.70685708982,7.75544073276));
#2385 = CARTESIAN_POINT('',(0.705993372875,7.897117016044));
#2386 = CARTESIAN_POINT('',(0.70375554365,8.133178990277));
#2387 = CARTESIAN_POINT('',(0.702524614787,8.232464333613));
#2388 = CARTESIAN_POINT('',(0.701037913837,8.324838925581));
#2389 = CARTESIAN_POINT('',(0.699302757065,8.407325396556));
#2390 = CARTESIAN_POINT('',(0.697336194915,8.47693793063));
#2391 = CARTESIAN_POINT('',(0.695165521495,8.530669202988));
#2392 = CARTESIAN_POINT('',(0.690492560787,8.600257547203));
#2393 = CARTESIAN_POINT('',(0.68803543878,8.615387487366));
#2394 = CARTESIAN_POINT('',(0.685542981338,8.608586970906));
#2395 = CARTESIAN_POINT('',(0.68310922009,8.579739329215));
#2396 = CARTESIAN_POINT('',(0.680823958333,8.530767402817));
#2397 = CARTESIAN_POINT('',(0.678761287414,8.465563095139));
#2398 = CARTESIAN_POINT('',(0.674710815459,8.294888973212));
#2399 = CARTESIAN_POINT('',(0.672835611195,8.181610355891));
#2400 = CARTESIAN_POINT('',(0.671348196557,8.055824414409));
#2401 = CARTESIAN_POINT('',(0.670242972298,7.921704554338));
#2402 = CARTESIAN_POINT('',(0.669511841622,7.782575167778));
#2403 = CARTESIAN_POINT('',(0.669147307405,7.641179394812));
#2404 = CARTESIAN_POINT('',(0.669147307405,7.5));
#2405 = ( GEOMETRIC_REPRESENTATION_CONTEXT(2) 
PARAMETRIC_REPRESENTATION_CONTEXT() REPRESENTATION_CONTEXT('2D SPACE',''
  ) );
#2406 = PCURVE('',#2407,#2412);
#2407 = CYLINDRICAL_SURFACE('',#2408,1.1);
#2408 = AXIS2_PLACEMENT_3D('',#2409,#2410,#2411);
#2409 = CARTESIAN_POINT('',(44.338353103659,36.45367531615,52.5));
#2410 = DIRECTION('',(0.772445176022,0.635081451501,2.22044604925E-16));
#2411 = DIRECTION('',(0.635081451501,-0.772445176022,0.));
#2412 = DEFINITIONAL_REPRESENTATION('',(#2413),#2458);
#2413 = B_SPLINE_CURVE_WITH_KNOTS('',7,(#2414,#2415,#2416,#2417,#2418,
    #2419,#2420,#2421,#2422,#2423,#2424,#2425,#2426,#2427,#2428,#2429,
    #2430,#2431,#2432,#2433,#2434,#2435,#2436,#2437,#2438,#2439,#2440,
    #2441,#2442,#2443,#2444,#2445,#2446,#2447,#2448,#2449,#2450,#2451,
    #2452,#2453,#2454,#2455,#2456,#2457),.UNSPECIFIED.,.F.,.F.,(8,6,6,6,
    6,6,6,8),(0.,0.150224309521,0.28714323563,0.424673553901,
    0.587485870211,0.714058469778,0.840790487636,1.),.UNSPECIFIED.);
#2414 = CARTESIAN_POINT('',(0.,0.589568027362));
#2415 = CARTESIAN_POINT('',(0.120480360565,0.589568027362));
#2416 = CARTESIAN_POINT('',(0.24107857353,0.589921366664));
#2417 = CARTESIAN_POINT('',(0.362806304641,0.590629426751));
#2418 = CARTESIAN_POINT('',(0.486523737957,0.591660479338));
#2419 = CARTESIAN_POINT('',(0.613169819831,0.592946729215));
#2420 = CARTESIAN_POINT('',(0.743736910453,0.594368955665));
#2421 = CARTESIAN_POINT('',(1.003517497782,0.597030932796));
#2422 = CARTESIAN_POINT('',(1.134511261592,0.598303107333));
#2423 = CARTESIAN_POINT('',(1.269633128811,0.599406497959));
#2424 = CARTESIAN_POINT('',(1.407215544896,0.6001330473));
#2425 = CARTESIAN_POINT('',(1.545995765519,0.600340246391));
#2426 = CARTESIAN_POINT('',(1.684815261471,0.600044880521));
#2427 = CARTESIAN_POINT('',(1.960045348342,0.598661781881));
#2428 = CARTESIAN_POINT('',(2.092936882756,0.597588234048));
#2429 = CARTESIAN_POINT('',(2.221687907932,0.596269165774));
#2430 = CARTESIAN_POINT('',(2.346775527876,0.59487020883));
#2431 = CARTESIAN_POINT('',(2.468486521635,0.593539361423));
#2432 = CARTESIAN_POINT('',(2.586886128156,0.592382841987));
#2433 = CARTESIAN_POINT('',(2.837772112363,0.590366111591));
#2434 = CARTESIAN_POINT('',(2.972102454907,0.589573276664));
#2435 = CARTESIAN_POINT('',(3.105393964846,0.589195271958));
#2436 = CARTESIAN_POINT('',(3.238303375317,0.58928761863));
#2437 = CARTESIAN_POINT('',(3.371664826653,0.58983586323));
#2438 = CARTESIAN_POINT('',(3.506466712913,0.590775683407));
#2439 = CARTESIAN_POINT('',(3.751360195577,0.592932810576));
#2440 = CARTESIAN_POINT('',(3.861719697411,0.594054524216));
#2441 = CARTESIAN_POINT('',(3.975074389574,0.595297884579));
#2442 = CARTESIAN_POINT('',(4.091430116322,0.596570982327));
#2443 = CARTESIAN_POINT('',(4.210946873335,0.5977533792));
#2444 = CARTESIAN_POINT('',(4.333950816739,0.598716109091));
#2445 = CARTESIAN_POINT('',(4.58833241555,0.59999443897));
#2446 = CARTESIAN_POINT('',(4.717239877188,0.600296674246));
#2447 = CARTESIAN_POINT('',(4.846363702969,0.600171290615));
#2448 = CARTESIAN_POINT('',(4.974623634221,0.599597105998));
#2449 = CARTESIAN_POINT('',(5.100886583893,0.598672296282));
#2450 = CARTESIAN_POINT('',(5.223713018128,0.59755677063));
#2451 = CARTESIAN_POINT('',(5.487684072278,0.594937882182));
#2452 = CARTESIAN_POINT('',(5.628198537211,0.59338126709));
#2453 = CARTESIAN_POINT('',(5.764033782947,0.591940233313));
#2454 = CARTESIAN_POINT('',(5.896362073759,0.59077336097));
#2455 = CARTESIAN_POINT('',(6.026299444017,0.589968990477));
#2456 = CARTESIAN_POINT('',(6.154840402805,0.589568027362));
#2457 = CARTESIAN_POINT('',(6.28318530718,0.589568027362));
#2458 = ( GEOMETRIC_REPRESENTATION_CONTEXT(2) 
PARAMETRIC_REPRESENTATION_CONTEXT() REPRESENTATION_CONTEXT('2D SPACE',''
  ) );
#2459 = FACE_BOUND('',#2460,.T.);
#2460 = EDGE_LOOP('',(#2461));
#2461 = ORIENTED_EDGE('',*,*,#2462,.F.);
#2462 = EDGE_CURVE('',#2463,#2463,#2465,.T.);
#2463 = VERTEX_POINT('',#2464);
#2464 = CARTESIAN_POINT('',(32.446721552273,48.075048211201,52.5));
#2465 = SURFACE_CURVE('',#2466,(#2511,#2559),.PCURVE_S1.);
#2466 = B_SPLINE_CURVE_WITH_KNOTS('',7,(#2467,#2468,#2469,#2470,#2471,
    #2472,#2473,#2474,#2475,#2476,#2477,#2478,#2479,#2480,#2481,#2482,
    #2483,#2484,#2485,#2486,#2487,#2488,#2489,#2490,#2491,#2492,#2493,
    #2494,#2495,#2496,#2497,#2498,#2499,#2500,#2501,#2502,#2503,#2504,
    #2505,#2506,#2507,#2508,#2509,#2510),.UNSPECIFIED.,.T.,.F.,(8,6,6,6,
    6,6,6,8),(0.,0.150224309566,0.287143235717,0.424673553998,
    0.587485870263,0.71405846981,0.840790487654,1.),.UNSPECIFIED.);
#2467 = CARTESIAN_POINT('',(32.446721552273,48.075048211201,52.5));
#2468 = CARTESIAN_POINT('',(32.446721552273,48.075048211201,
    52.367471603379));
#2469 = CARTESIAN_POINT('',(32.43127841971,48.085471045419,
    52.234813155733));
#2470 = CARTESIAN_POINT('',(32.400335960745,48.106354754131,
    52.104056620952));
#2471 = CARTESIAN_POINT('',(32.353597778709,48.137853499461,
    51.977417756634));
#2472 = CARTESIAN_POINT('',(32.290688340973,48.180129725997,
    51.85754374662));
#2473 = CARTESIAN_POINT('',(32.211259099298,48.233267132764,
    51.747730278496));
#2474 = CARTESIAN_POINT('',(32.027899403695,48.35519293848,
    51.565580862218));
#2475 = CARTESIAN_POINT('',(31.924868083248,48.423437636952,
    51.488904734788));
#2476 = CARTESIAN_POINT('',(31.808294629731,48.500251909536,
    51.429826599969));
#2477 = CARTESIAN_POINT('',(31.68218861154,48.582791047006,
    51.393450035605));
#2478 = CARTESIAN_POINT('',(31.551676759861,48.667564896292,
    51.38245608436));
#2479 = CARTESIAN_POINT('',(31.422323387147,48.750989686438,
    51.396996569974));
#2480 = CARTESIAN_POINT('',(31.175441910451,48.909236507103,
    51.472288203139));
#2481 = CARTESIAN_POINT('',(31.061113625693,48.982003050541,
    51.532286646549));
#2482 = CARTESIAN_POINT('',(30.958610813584,49.046818221209,
    51.610522775125));
#2483 = CARTESIAN_POINT('',(30.869510661602,49.102857877211,
    51.70320993985));
#2484 = CARTESIAN_POINT('',(30.794771198707,49.149677870532,
    51.806665131771));
#2485 = CARTESIAN_POINT('',(30.734734624446,49.187183122859,
    51.917298057017));
#2486 = CARTESIAN_POINT('',(30.635012189521,49.249366358793,
    52.167007325198));
#2487 = CARTESIAN_POINT('',(30.5998015275,49.271226218632,
    52.310815028308));
#2488 = CARTESIAN_POINT('',(30.584072468908,49.280962903661,
    52.459155854497));
#2489 = CARTESIAN_POINT('',(30.587924609158,49.278578058676,
    52.608441861617));
#2490 = CARTESIAN_POINT('',(30.611196564352,49.264158985184,
    52.755440732767));
#2491 = CARTESIAN_POINT('',(30.653747421954,49.237720311895,
    52.897117016051));
#2492 = CARTESIAN_POINT('',(30.763846489746,49.1689838413,
    53.133178990283));
#2493 = CARTESIAN_POINT('',(30.824372689295,49.131120011434,
    53.232464333612));
#2494 = CARTESIAN_POINT('',(30.897416377184,49.085294066618,
    53.324838925576));
#2495 = CARTESIAN_POINT('',(30.982572479484,49.031658854247,
    53.407325396554));
#2496 = CARTESIAN_POINT('',(31.078946313357,48.970650330969,
    53.476937930633));
#2497 = CARTESIAN_POINT('',(31.185139253454,48.903020675443,
    53.530669202989));
#2498 = CARTESIAN_POINT('',(31.413319629656,48.756760941601,
    53.600257547203));
#2499 = CARTESIAN_POINT('',(31.533101106522,48.679543646642,
    53.615387487366));
#2500 = CARTESIAN_POINT('',(31.654371031973,48.600852876775,
    53.608586970906));
#2501 = CARTESIAN_POINT('',(31.772538748927,48.523636569289,
    53.579739329215));
#2502 = CARTESIAN_POINT('',(31.883284388691,48.450809487731,
    53.530767402817));
#2503 = CARTESIAN_POINT('',(31.983088258904,48.384841705081,
    53.465563095139));
#2504 = CARTESIAN_POINT('',(32.178836509351,48.254943694253,
    53.294888973212));
#2505 = CARTESIAN_POINT('',(32.269269696005,48.194519386994,
    53.181610355891));
#2506 = CARTESIAN_POINT('',(32.340886417309,48.146419411005,
    53.055824414408));
#2507 = CARTESIAN_POINT('',(32.394047463727,48.110599031713,
    52.921704554339));
#2508 = CARTESIAN_POINT('',(32.429196539302,48.086876130582,
    52.782575167778));
#2509 = CARTESIAN_POINT('',(32.446721552273,48.075048211201,
    52.641179394812));
#2510 = CARTESIAN_POINT('',(32.446721552273,48.075048211201,52.5));
#2511 = PCURVE('',#33,#2512);
#2512 = DEFINITIONAL_REPRESENTATION('',(#2513),#2558);
#2513 = B_SPLINE_CURVE_WITH_KNOTS('',7,(#2514,#2515,#2516,#2517,#2518,
    #2519,#2520,#2521,#2522,#2523,#2524,#2525,#2526,#2527,#2528,#2529,
    #2530,#2531,#2532,#2533,#2534,#2535,#2536,#2537,#2538,#2539,#2540,
    #2541,#2542,#2543,#2544,#2545,#2546,#2547,#2548,#2549,#2550,#2551,
    #2552,#2553,#2554,#2555,#2556,#2557),.UNSPECIFIED.,.T.,.F.,(8,6,6,6,
    6,6,6,8),(0.,0.150224309566,0.287143235717,0.424673553998,
    0.587485870263,0.71405846981,0.840790487654,1.),.UNSPECIFIED.);
#2514 = CARTESIAN_POINT('',(0.977102907331,7.5));
#2515 = CARTESIAN_POINT('',(0.977102907331,7.367471603379));
#2516 = CARTESIAN_POINT('',(0.97742413687,7.234813155733));
#2517 = CARTESIAN_POINT('',(0.978067765873,7.104056620952));
#2518 = CARTESIAN_POINT('',(0.979039517257,6.977417756634));
#2519 = CARTESIAN_POINT('',(0.980346324278,6.85754374662));
#2520 = CARTESIAN_POINT('',(0.981993982965,6.747730278496));
#2521 = CARTESIAN_POINT('',(0.985790481448,6.565580862218));
#2522 = CARTESIAN_POINT('',(0.987921221661,6.488904734788));
#2523 = CARTESIAN_POINT('',(0.990328208826,6.429826599969));
#2524 = CARTESIAN_POINT('',(0.992926741791,6.393450035605));
#2525 = CARTESIAN_POINT('',(0.995609952815,6.38245608436));
#2526 = CARTESIAN_POINT('',(0.998263770602,6.396996569974));
#2527 = CARTESIAN_POINT('',(1.003319715637,6.472288203139));
#2528 = CARTESIAN_POINT('',(1.005656271642,6.532286646549));
#2529 = CARTESIAN_POINT('',(1.007747221591,6.610522775125));
#2530 = CARTESIAN_POINT('',(1.009562011681,6.70320993985));
#2531 = CARTESIAN_POINT('',(1.011082587791,6.806665131771));
#2532 = CARTESIAN_POINT('',(1.012303081507,6.917298057017));
#2533 = CARTESIAN_POINT('',(1.014329315431,7.167007325198));
#2534 = CARTESIAN_POINT('',(1.015043873887,7.310815028308));
#2535 = CARTESIAN_POINT('',(1.015362819543,7.459155854497));
#2536 = CARTESIAN_POINT('',(1.015284705444,7.608441861617));
#2537 = CARTESIAN_POINT('',(1.014812689746,7.755440732767));
#2538 = CARTESIAN_POINT('',(1.013948972801,7.897117016051));
#2539 = CARTESIAN_POINT('',(1.011711143576,8.133178990283));
#2540 = CARTESIAN_POINT('',(1.010480214713,8.232464333612));
#2541 = CARTESIAN_POINT('',(1.008993513763,8.324838925576));
#2542 = CARTESIAN_POINT('',(1.007258356991,8.407325396554));
#2543 = CARTESIAN_POINT('',(1.005291794841,8.476937930633));
#2544 = CARTESIAN_POINT('',(1.003121121421,8.530669202989));
#2545 = CARTESIAN_POINT('',(0.998448160713,8.600257547203));
#2546 = CARTESIAN_POINT('',(0.995991038706,8.615387487366));
#2547 = CARTESIAN_POINT('',(0.993498581264,8.608586970907));
#2548 = CARTESIAN_POINT('',(0.991064820016,8.579739329215));
#2549 = CARTESIAN_POINT('',(0.988779558259,8.530767402817));
#2550 = CARTESIAN_POINT('',(0.98671688734,8.465563095139));
#2551 = CARTESIAN_POINT('',(0.982666415385,8.294888973212));
#2552 = CARTESIAN_POINT('',(0.980791211121,8.181610355891));
#2553 = CARTESIAN_POINT('',(0.979303796483,8.055824414408));
#2554 = CARTESIAN_POINT('',(0.978198572224,7.921704554339));
#2555 = CARTESIAN_POINT('',(0.977467441548,7.782575167778));
#2556 = CARTESIAN_POINT('',(0.977102907331,7.641179394812));
#2557 = CARTESIAN_POINT('',(0.977102907331,7.5));
#2558 = ( GEOMETRIC_REPRESENTATION_CONTEXT(2) 
PARAMETRIC_REPRESENTATION_CONTEXT() REPRESENTATION_CONTEXT('2D SPACE',''
  ) );
#2559 = PCURVE('',#2560,#2565);
#2560 = CYLINDRICAL_SURFACE('',#2561,1.1);
#2561 = AXIS2_PLACEMENT_3D('',#2562,#2563,#2564);
#2562 = CARTESIAN_POINT('',(31.202954193131,48.178165693822,52.5));
#2563 = DIRECTION('',(0.543605473748,0.839340865746,2.22044604925E-16));
#2564 = DIRECTION('',(0.839340865746,-0.543605473748,0.));
#2565 = DEFINITIONAL_REPRESENTATION('',(#2566),#2611);
#2566 = B_SPLINE_CURVE_WITH_KNOTS('',7,(#2567,#2568,#2569,#2570,#2571,
    #2572,#2573,#2574,#2575,#2576,#2577,#2578,#2579,#2580,#2581,#2582,
    #2583,#2584,#2585,#2586,#2587,#2588,#2589,#2590,#2591,#2592,#2593,
    #2594,#2595,#2596,#2597,#2598,#2599,#2600,#2601,#2602,#2603,#2604,
    #2605,#2606,#2607,#2608,#2609,#2610),.UNSPECIFIED.,.F.,.F.,(8,6,6,6,
    6,6,6,8),(0.,0.150224309566,0.287143235717,0.424673553998,
    0.587485870263,0.71405846981,0.840790487654,1.),.UNSPECIFIED.);
#2567 = CARTESIAN_POINT('',(0.,0.589568027362));
#2568 = CARTESIAN_POINT('',(0.120480360565,0.589568027362));
#2569 = CARTESIAN_POINT('',(0.24107857353,0.589921366664));
#2570 = CARTESIAN_POINT('',(0.362806304641,0.590629426751));
#2571 = CARTESIAN_POINT('',(0.486523737957,0.591660479338));
#2572 = CARTESIAN_POINT('',(0.613169819831,0.592946729215));
#2573 = CARTESIAN_POINT('',(0.743736910453,0.594368955665));
#2574 = CARTESIAN_POINT('',(1.003517497782,0.597030932797));
#2575 = CARTESIAN_POINT('',(1.134511261592,0.598303107333));
#2576 = CARTESIAN_POINT('',(1.269633128811,0.599406497959));
#2577 = CARTESIAN_POINT('',(1.407215544896,0.6001330473));
#2578 = CARTESIAN_POINT('',(1.545995765519,0.600340246391));
#2579 = CARTESIAN_POINT('',(1.684815261471,0.600044880521));
#2580 = CARTESIAN_POINT('',(1.96004534831,0.598661781881));
#2581 = CARTESIAN_POINT('',(2.09293688275,0.597588234048));
#2582 = CARTESIAN_POINT('',(2.221687907955,0.596269165774));
#2583 = CARTESIAN_POINT('',(2.346775527903,0.594870208829));
#2584 = CARTESIAN_POINT('',(2.468486521636,0.593539361423));
#2585 = CARTESIAN_POINT('',(2.586886128122,0.592382841988));
#2586 = CARTESIAN_POINT('',(2.837772112356,0.590366111591));
#2587 = CARTESIAN_POINT('',(2.9721024549,0.589573276664));
#2588 = CARTESIAN_POINT('',(3.105393964844,0.589195271958));
#2589 = CARTESIAN_POINT('',(3.23830337532,0.58928761863));
#2590 = CARTESIAN_POINT('',(3.371664826659,0.58983586323));
#2591 = CARTESIAN_POINT('',(3.50646671292,0.590775683407));
#2592 = CARTESIAN_POINT('',(3.751360195583,0.592932810576));
#2593 = CARTESIAN_POINT('',(3.861719697411,0.594054524216));
#2594 = CARTESIAN_POINT('',(3.975074389569,0.595297884579));
#2595 = CARTESIAN_POINT('',(4.091430116318,0.596570982327));
#2596 = CARTESIAN_POINT('',(4.210946873335,0.5977533792));
#2597 = CARTESIAN_POINT('',(4.333950816745,0.598716109091));
#2598 = CARTESIAN_POINT('',(4.58833241555,0.59999443897));
#2599 = CARTESIAN_POINT('',(4.717239877189,0.600296674246));
#2600 = CARTESIAN_POINT('',(4.846363702967,0.600171290616));
#2601 = CARTESIAN_POINT('',(4.974623634222,0.599597105997));
#2602 = CARTESIAN_POINT('',(5.100886583892,0.598672296282));
#2603 = CARTESIAN_POINT('',(5.223713018129,0.59755677063));
#2604 = CARTESIAN_POINT('',(5.487684072278,0.594937882182));
#2605 = CARTESIAN_POINT('',(5.628198537211,0.59338126709));
#2606 = CARTESIAN_POINT('',(5.764033782949,0.591940233313));
#2607 = CARTESIAN_POINT('',(5.896362073757,0.590773360971));
#2608 = CARTESIAN_POINT('',(6.026299444018,0.589968990477));
#2609 = CARTESIAN_POINT('',(6.154840402805,0.589568027362));
#2610 = CARTESIAN_POINT('',(6.28318530718,0.589568027362));
#2611 = ( GEOMETRIC_REPRESENTATION_CONTEXT(2) 
PARAMETRIC_REPRESENTATION_CONTEXT() REPRESENTATION_CONTEXT('2D SPACE',''
  ) );
#2612 = FACE_BOUND('',#2613,.T.);
#2613 = EDGE_LOOP('',(#2614));
#2614 = ORIENTED_EDGE('',*,*,#2615,.F.);
#2615 = EDGE_CURVE('',#2616,#2616,#2618,.T.);
#2616 = VERTEX_POINT('',#2617);
#2617 = CARTESIAN_POINT('',(20.298989656772,54.331860072284,52.5));
#2618 = SURFACE_CURVE('',#2619,(#2664,#2712),.PCURVE_S1.);
#2619 = B_SPLINE_CURVE_WITH_KNOTS('',7,(#2620,#2621,#2622,#2623,#2624,
    #2625,#2626,#2627,#2628,#2629,#2630,#2631,#2632,#2633,#2634,#2635,
    #2636,#2637,#2638,#2639,#2640,#2641,#2642,#2643,#2644,#2645,#2646,
    #2647,#2648,#2649,#2650,#2651,#2652,#2653,#2654,#2655,#2656,#2657,
    #2658,#2659,#2660,#2661,#2662,#2663),.UNSPECIFIED.,.T.,.F.,(8,6,6,6,
    6,6,6,8),(0.,0.150224309491,0.287143235573,0.424673553826,
    0.587485870118,0.7140584697,0.840790487593,1.),.UNSPECIFIED.);
#2620 = CARTESIAN_POINT('',(20.298989656772,54.331860072284,52.5));
#2621 = CARTESIAN_POINT('',(20.298989656772,54.331860072284,
    52.367471603379));
#2622 = CARTESIAN_POINT('',(20.281536654231,54.338380694861,
    52.234813155733));
#2623 = CARTESIAN_POINT('',(20.246567115185,54.351445777916,
    52.104056620952));
#2624 = CARTESIAN_POINT('',(20.193756801952,54.371135862567,
    51.977417756634));
#2625 = CARTESIAN_POINT('',(20.122702599363,54.397521028493,
    51.85754374662));
#2626 = CARTESIAN_POINT('',(20.033046050486,54.430601108217,
    51.747730278496));
#2627 = CARTESIAN_POINT('',(19.826250109796,54.50624579729,
    51.565580862218));
#2628 = CARTESIAN_POINT('',(19.710112098785,54.548492149334,
    51.488904734788));
#2629 = CARTESIAN_POINT('',(19.578802902917,54.595902038788,
    51.429826599969));
#2630 = CARTESIAN_POINT('',(19.436886343781,54.646647750737,
    51.393450035605));
#2631 = CARTESIAN_POINT('',(19.290163405442,54.698535401644,
    51.38245608436));
#2632 = CARTESIAN_POINT('',(19.144882411629,54.749382461344,
    51.396996569974));
#2633 = CARTESIAN_POINT('',(18.867830154636,54.845479114285,
    51.47228820315));
#2634 = CARTESIAN_POINT('',(18.739650795659,54.889478869525,
    51.532286646564));
#2635 = CARTESIAN_POINT('',(18.624828972102,54.928514515607,
    51.610522775111));
#2636 = CARTESIAN_POINT('',(18.525090911344,54.96215376896,
    51.703209939817));
#2637 = CARTESIAN_POINT('',(18.441471964685,54.990188940697,
    51.806665131765));
#2638 = CARTESIAN_POINT('',(18.374327078818,55.012607649496,
    51.917298057059));
#2639 = CARTESIAN_POINT('',(18.262824218967,55.049734878034,
    52.167007325198));
#2640 = CARTESIAN_POINT('',(18.223476554914,55.062750465832,
    52.310815028308));
#2641 = CARTESIAN_POINT('',(18.205906087587,55.068537088118,
    52.459155854497));
#2642 = CARTESIAN_POINT('',(18.210209263629,55.067119644625,
    52.608441861617));
#2643 = CARTESIAN_POINT('',(18.236208753464,55.058545257925,
    52.755440732767));
#2644 = CARTESIAN_POINT('',(18.28376413273,55.042795183929,
    52.897117016051));
#2645 = CARTESIAN_POINT('',(18.40688879862,55.001724223754,
    53.133178990295));
#2646 = CARTESIAN_POINT('',(18.47459361178,54.979071437649,
    53.23246433361));
#2647 = CARTESIAN_POINT('',(18.556331284424,54.951605997042,
    53.324838925567));
#2648 = CARTESIAN_POINT('',(18.651672225212,54.9193817395,53.40732539655
    ));
#2649 = CARTESIAN_POINT('',(18.759644587403,54.88261320984,
    53.476937930637));
#2650 = CARTESIAN_POINT('',(18.878712586216,54.841704500564,
    53.530669202993));
#2651 = CARTESIAN_POINT('',(19.134778327,54.752887102398,53.600257547203
    ));
#2652 = CARTESIAN_POINT('',(19.269300805375,54.705835899942,
    53.615387487366));
#2653 = CARTESIAN_POINT('',(19.405615147967,54.657700340471,
    53.608586970906));
#2654 = CARTESIAN_POINT('',(19.538568420383,54.610272555102,
    53.579739329215));
#2655 = CARTESIAN_POINT('',(19.663278722808,54.56537577343,
    53.530767402817));
#2656 = CARTESIAN_POINT('',(19.775746161715,54.524588078682,
    53.465563095139));
#2657 = CARTESIAN_POINT('',(19.996451967171,54.444090760666,
    53.294888973212));
#2658 = CARTESIAN_POINT('',(20.098511867915,54.406500405302,
    53.181610355891));
#2659 = CARTESIAN_POINT('',(20.179394190102,54.376490200068,
    53.055824414408));
#2660 = CARTESIAN_POINT('',(20.23946017732,54.354101059655,
    52.921704554339));
#2661 = CARTESIAN_POINT('',(20.279183827027,54.339259725288,
    52.782575167778));
#2662 = CARTESIAN_POINT('',(20.298989656772,54.331860072284,
    52.641179394812));
#2663 = CARTESIAN_POINT('',(20.298989656772,54.331860072284,52.5));
#2664 = PCURVE('',#33,#2665);
#2665 = DEFINITIONAL_REPRESENTATION('',(#2666),#2711);
#2666 = B_SPLINE_CURVE_WITH_KNOTS('',7,(#2667,#2668,#2669,#2670,#2671,
    #2672,#2673,#2674,#2675,#2676,#2677,#2678,#2679,#2680,#2681,#2682,
    #2683,#2684,#2685,#2686,#2687,#2688,#2689,#2690,#2691,#2692,#2693,
    #2694,#2695,#2696,#2697,#2698,#2699,#2700,#2701,#2702,#2703,#2704,
    #2705,#2706,#2707,#2708,#2709,#2710),.UNSPECIFIED.,.T.,.F.,(8,6,6,6,
    6,6,6,8),(0.,0.150224309491,0.287143235573,0.424673553826,
    0.587485870118,0.7140584697,0.840790487593,1.),.UNSPECIFIED.);
#2667 = CARTESIAN_POINT('',(1.213243818992,7.5));
#2668 = CARTESIAN_POINT('',(1.213243818992,7.367471603379));
#2669 = CARTESIAN_POINT('',(1.213565048531,7.234813155733));
#2670 = CARTESIAN_POINT('',(1.214208677534,7.104056620952));
#2671 = CARTESIAN_POINT('',(1.215180428918,6.977417756634));
#2672 = CARTESIAN_POINT('',(1.216487235939,6.85754374662));
#2673 = CARTESIAN_POINT('',(1.218134894626,6.747730278496));
#2674 = CARTESIAN_POINT('',(1.22193139311,6.565580862218));
#2675 = CARTESIAN_POINT('',(1.224062133322,6.488904734788));
#2676 = CARTESIAN_POINT('',(1.226469120487,6.429826599969));
#2677 = CARTESIAN_POINT('',(1.229067653452,6.393450035605));
#2678 = CARTESIAN_POINT('',(1.231750864476,6.38245608436));
#2679 = CARTESIAN_POINT('',(1.234404682263,6.396996569974));
#2680 = CARTESIAN_POINT('',(1.239460627299,6.47228820315));
#2681 = CARTESIAN_POINT('',(1.241797183303,6.532286646564));
#2682 = CARTESIAN_POINT('',(1.243888133252,6.610522775111));
#2683 = CARTESIAN_POINT('',(1.245702923341,6.703209939817));
#2684 = CARTESIAN_POINT('',(1.247223499452,6.806665131765));
#2685 = CARTESIAN_POINT('',(1.248443993168,6.917298057059));
#2686 = CARTESIAN_POINT('',(1.250470227092,7.167007325198));
#2687 = CARTESIAN_POINT('',(1.251184785548,7.310815028308));
#2688 = CARTESIAN_POINT('',(1.251503731204,7.459155854497));
#2689 = CARTESIAN_POINT('',(1.251425617105,7.608441861617));
#2690 = CARTESIAN_POINT('',(1.250953601407,7.755440732767));
#2691 = CARTESIAN_POINT('',(1.250089884462,7.897117016051));
#2692 = CARTESIAN_POINT('',(1.247852055237,8.133178990295));
#2693 = CARTESIAN_POINT('',(1.246621126374,8.23246433361));
#2694 = CARTESIAN_POINT('',(1.245134425425,8.324838925567));
#2695 = CARTESIAN_POINT('',(1.243399268652,8.40732539655));
#2696 = CARTESIAN_POINT('',(1.241432706502,8.476937930637));
#2697 = CARTESIAN_POINT('',(1.239262033082,8.530669202993));
#2698 = CARTESIAN_POINT('',(1.234589072374,8.600257547203));
#2699 = CARTESIAN_POINT('',(1.232131950367,8.615387487366));
#2700 = CARTESIAN_POINT('',(1.229639492925,8.608586970906));
#2701 = CARTESIAN_POINT('',(1.227205731677,8.579739329215));
#2702 = CARTESIAN_POINT('',(1.22492046992,8.530767402817));
#2703 = CARTESIAN_POINT('',(1.222857799001,8.465563095139));
#2704 = CARTESIAN_POINT('',(1.218807327046,8.294888973212));
#2705 = CARTESIAN_POINT('',(1.216932122782,8.181610355891));
#2706 = CARTESIAN_POINT('',(1.215444708144,8.055824414408));
#2707 = CARTESIAN_POINT('',(1.214339483885,7.921704554339));
#2708 = CARTESIAN_POINT('',(1.213608353209,7.782575167778));
#2709 = CARTESIAN_POINT('',(1.213243818992,7.641179394812));
#2710 = CARTESIAN_POINT('',(1.213243818992,7.5));
#2711 = ( GEOMETRIC_REPRESENTATION_CONTEXT(2) 
PARAMETRIC_REPRESENTATION_CONTEXT() REPRESENTATION_CONTEXT('2D SPACE',''
  ) );
#2712 = PCURVE('',#2713,#2718);
#2713 = CYLINDRICAL_SURFACE('',#2714,1.1);
#2714 = AXIS2_PLACEMENT_3D('',#2715,#2716,#2717);
#2715 = CARTESIAN_POINT('',(19.065614679606,54.141133502069,52.5));
#2716 = DIRECTION('',(0.332153565847,0.943225322336,2.22044604925E-16));
#2717 = DIRECTION('',(0.943225322336,-0.332153565847,0.));
#2718 = DEFINITIONAL_REPRESENTATION('',(#2719),#2764);
#2719 = B_SPLINE_CURVE_WITH_KNOTS('',7,(#2720,#2721,#2722,#2723,#2724,
    #2725,#2726,#2727,#2728,#2729,#2730,#2731,#2732,#2733,#2734,#2735,
    #2736,#2737,#2738,#2739,#2740,#2741,#2742,#2743,#2744,#2745,#2746,
    #2747,#2748,#2749,#2750,#2751,#2752,#2753,#2754,#2755,#2756,#2757,
    #2758,#2759,#2760,#2761,#2762,#2763),.UNSPECIFIED.,.F.,.F.,(8,6,6,6,
    6,6,6,8),(0.,0.150224309491,0.287143235573,0.424673553826,
    0.587485870118,0.7140584697,0.840790487593,1.),.UNSPECIFIED.);
#2720 = CARTESIAN_POINT('',(0.,0.589568027362));
#2721 = CARTESIAN_POINT('',(0.120480360565,0.589568027362));
#2722 = CARTESIAN_POINT('',(0.24107857353,0.589921366664));
#2723 = CARTESIAN_POINT('',(0.36280630464,0.590629426751));
#2724 = CARTESIAN_POINT('',(0.486523737957,0.591660479338));
#2725 = CARTESIAN_POINT('',(0.613169819831,0.592946729215));
#2726 = CARTESIAN_POINT('',(0.743736910453,0.594368955665));
#2727 = CARTESIAN_POINT('',(1.003517497782,0.597030932797));
#2728 = CARTESIAN_POINT('',(1.134511261592,0.598303107333));
#2729 = CARTESIAN_POINT('',(1.269633128812,0.599406497959));
#2730 = CARTESIAN_POINT('',(1.407215544896,0.6001330473));
#2731 = CARTESIAN_POINT('',(1.545995765519,0.600340246391));
#2732 = CARTESIAN_POINT('',(1.684815261471,0.600044880521));
#2733 = CARTESIAN_POINT('',(1.960045348351,0.598661781881));
#2734 = CARTESIAN_POINT('',(2.092936882757,0.597588234048));
#2735 = CARTESIAN_POINT('',(2.221687907926,0.596269165774));
#2736 = CARTESIAN_POINT('',(2.346775527868,0.59487020883));
#2737 = CARTESIAN_POINT('',(2.468486521635,0.593539361423));
#2738 = CARTESIAN_POINT('',(2.586886128165,0.592382841987));
#2739 = CARTESIAN_POINT('',(2.837772112356,0.590366111591));
#2740 = CARTESIAN_POINT('',(2.9721024549,0.589573276664));
#2741 = CARTESIAN_POINT('',(3.105393964843,0.589195271958));
#2742 = CARTESIAN_POINT('',(3.238303375321,0.58928761863));
#2743 = CARTESIAN_POINT('',(3.371664826659,0.58983586323));
#2744 = CARTESIAN_POINT('',(3.50646671292,0.590775683407));
#2745 = CARTESIAN_POINT('',(3.751360195596,0.592932810576));
#2746 = CARTESIAN_POINT('',(3.861719697411,0.594054524216));
#2747 = CARTESIAN_POINT('',(3.975074389559,0.595297884579));
#2748 = CARTESIAN_POINT('',(4.091430116309,0.596570982327));
#2749 = CARTESIAN_POINT('',(4.210946873337,0.5977533792));
#2750 = CARTESIAN_POINT('',(4.333950816758,0.598716109091));
#2751 = CARTESIAN_POINT('',(4.58833241555,0.59999443897));
#2752 = CARTESIAN_POINT('',(4.717239877188,0.600296674246));
#2753 = CARTESIAN_POINT('',(4.846363702969,0.600171290616));
#2754 = CARTESIAN_POINT('',(4.974623634221,0.599597105997));
#2755 = CARTESIAN_POINT('',(5.100886583893,0.598672296282));
#2756 = CARTESIAN_POINT('',(5.223713018129,0.59755677063));
#2757 = CARTESIAN_POINT('',(5.487684072278,0.594937882182));
#2758 = CARTESIAN_POINT('',(5.62819853721,0.59338126709));
#2759 = CARTESIAN_POINT('',(5.764033782949,0.591940233313));
#2760 = CARTESIAN_POINT('',(5.896362073757,0.590773360971));
#2761 = CARTESIAN_POINT('',(6.026299444018,0.589968990477));
#2762 = CARTESIAN_POINT('',(6.154840402805,0.589568027362));
#2763 = CARTESIAN_POINT('',(6.28318530718,0.589568027362));
#2764 = ( GEOMETRIC_REPRESENTATION_CONTEXT(2) 
PARAMETRIC_REPRESENTATION_CONTEXT() REPRESENTATION_CONTEXT('2D SPACE',''
  ) );
#2765 = FACE_BOUND('',#2766,.T.);
#2766 = EDGE_LOOP('',(#2767));
#2767 = ORIENTED_EDGE('',*,*,#2768,.F.);
#2768 = EDGE_CURVE('',#2769,#2769,#2771,.T.);
#2769 = VERTEX_POINT('',#2770);
#2770 = CARTESIAN_POINT('',(1.7,57.97508085376,52.5));
#2771 = SURFACE_CURVE('',#2772,(#2817,#2865),.PCURVE_S1.);
#2772 = B_SPLINE_CURVE_WITH_KNOTS('',7,(#2773,#2774,#2775,#2776,#2777,
    #2778,#2779,#2780,#2781,#2782,#2783,#2784,#2785,#2786,#2787,#2788,
    #2789,#2790,#2791,#2792,#2793,#2794,#2795,#2796,#2797,#2798,#2799,
    #2800,#2801,#2802,#2803,#2804,#2805,#2806,#2807,#2808,#2809,#2810,
    #2811,#2812,#2813,#2814,#2815,#2816),.UNSPECIFIED.,.T.,.F.,(8,6,6,6,
    6,6,6,8),(0.,0.152727447471,0.285698031408,0.421891245119,
    0.588710295233,0.714482852449,0.837883002085,1.),.UNSPECIFIED.);
#2773 = CARTESIAN_POINT('',(1.7,57.97508085376,52.5));
#2774 = CARTESIAN_POINT('',(1.7,57.97508085376,52.296868907409));
#2775 = CARTESIAN_POINT('',(1.671684019845,57.975911118357,
    52.093832805484));
#2776 = CARTESIAN_POINT('',(1.615090877239,57.977570820363,
    51.893342093033));
#2777 = CARTESIAN_POINT('',(1.529376741789,57.979996426962,
    51.698190658837));
#2778 = CARTESIAN_POINT('',(1.413171801895,57.983056799952,
    51.512059674331));
#2779 = CARTESIAN_POINT('',(1.264909878197,57.986488772923,
    51.340102870202));
#2780 = CARTESIAN_POINT('',(0.92578329294,57.992825820671,
    51.059552960086));
#2781 = CARTESIAN_POINT('',(0.737406080439,57.995844219384,
    50.941087004752));
#2782 = CARTESIAN_POINT('',(0.522252838495,57.998514353015,
    50.848243548017));
#2783 = CARTESIAN_POINT('',(0.28809091031,58.00030493612,50.790348490682
    ));
#2784 = CARTESIAN_POINT('',(4.532690451469E-02,58.00082675242,
    50.772423746593));
#2785 = CARTESIAN_POINT('',(-0.194942826959,58.00011988395,
    50.79491182932));
#2786 = CARTESIAN_POINT('',(-0.656124399211,57.996758156221,
    50.91332313128));
#2787 = CARTESIAN_POINT('',(-0.868314970385,57.994115979819,
    51.008928662685));
#2788 = CARTESIAN_POINT('',(-1.055596511215,57.990917646511,
    51.132130377281));
#2789 = CARTESIAN_POINT('',(-1.216297828585,57.987588869205,
    51.276128563072));
#2790 = CARTESIAN_POINT('',(-1.349900019536,57.984461492003,
    51.434923831376));
#2791 = CARTESIAN_POINT('',(-1.456799352084,57.981758919101,
    51.603177294472));
#2792 = CARTESIAN_POINT('',(-1.637918577693,57.976953803483,
    51.988075241129));
#2793 = CARTESIAN_POINT('',(-1.700751536118,57.975086640465,
    52.209999881604));
#2794 = CARTESIAN_POINT('',(-1.728599130337,57.974213905306,
    52.436968213698));
#2795 = CARTESIAN_POINT('',(-1.722043401193,57.974416433754,
    52.665503957876));
#2796 = CARTESIAN_POINT('',(-1.680717535419,57.975696500966,
    52.891880020691));
#2797 = CARTESIAN_POINT('',(-1.603658171144,57.977937792213,
    53.111730948746));
#2798 = CARTESIAN_POINT('',(-1.403819148968,57.983072321649,
    53.475236780626));
#2799 = CARTESIAN_POINT('',(-1.295810711762,57.985698823096,
    53.626410857521));
#2800 = CARTESIAN_POINT('',(-1.164855617793,57.988628798737,
    53.768362353323));
#2801 = CARTESIAN_POINT('',(-1.010861072057,57.991664772435,
    53.896558367584));
#2802 = CARTESIAN_POINT('',(-0.834519487905,57.994530628092,
    54.006065901756));
#2803 = CARTESIAN_POINT('',(-0.637453183253,57.996894257809,
    54.091470822173));
#2804 = CARTESIAN_POINT('',(-0.212141880462,57.999994513514,
    54.2006722043));
#2805 = CARTESIAN_POINT('',(9.959527163365E-03,58.000720764079,
    54.224191127813));
#2806 = CARTESIAN_POINT('',(0.235321538689,58.000405091915,
    54.213096498093));
#2807 = CARTESIAN_POINT('',(0.454718378135,57.998992535317,
    54.167264459126));
#2808 = CARTESIAN_POINT('',(0.659315515596,57.996752205141,
    54.090319173392));
#2809 = CARTESIAN_POINT('',(0.842161650421,57.994098347112,
    53.989449307264));
#2810 = CARTESIAN_POINT('',(1.205590013834,57.987836205383,
    53.725403145361));
#2811 = CARTESIAN_POINT('',(1.374463250865,57.984069339863,
    53.547520716434));
#2812 = CARTESIAN_POINT('',(1.506572460527,57.980640013574,
    53.351974607216));
#2813 = CARTESIAN_POINT('',(1.60383732141,57.977901037517,
    53.145309383453));
#2814 = CARTESIAN_POINT('',(1.667930591103,57.976021121627,
    52.932259899868));
#2815 = CARTESIAN_POINT('',(1.7,57.97508085376,52.716168894394));
#2816 = CARTESIAN_POINT('',(1.7,57.97508085376,52.5));
#2817 = PCURVE('',#33,#2818);
#2818 = DEFINITIONAL_REPRESENTATION('',(#2819),#2864);
#2819 = B_SPLINE_CURVE_WITH_KNOTS('',7,(#2820,#2821,#2822,#2823,#2824,
    #2825,#2826,#2827,#2828,#2829,#2830,#2831,#2832,#2833,#2834,#2835,
    #2836,#2837,#2838,#2839,#2840,#2841,#2842,#2843,#2844,#2845,#2846,
    #2847,#2848,#2849,#2850,#2851,#2852,#2853,#2854,#2855,#2856,#2857,
    #2858,#2859,#2860,#2861,#2862,#2863),.UNSPECIFIED.,.T.,.F.,(8,6,6,6,
    6,6,6,8),(0.,0.152727447471,0.285698031408,0.421891245119,
    0.588710295233,0.714482852449,0.837883002085,1.),.UNSPECIFIED.);
#2820 = CARTESIAN_POINT('',(1.541481783609,7.5));
#2821 = CARTESIAN_POINT('',(1.541481783609,7.296868907409));
#2822 = CARTESIAN_POINT('',(1.541970199993,7.093832805484));
#2823 = CARTESIAN_POINT('',(1.542946363317,6.893342093033));
#2824 = CARTESIAN_POINT('',(1.544424784076,6.698190658837));
#2825 = CARTESIAN_POINT('',(1.546429003653,6.512059674331));
#2826 = CARTESIAN_POINT('',(1.548985903038,6.340102870202));
#2827 = CARTESIAN_POINT('',(1.554833933871,6.059552960086));
#2828 = CARTESIAN_POINT('',(1.558082221749,5.941087004752));
#2829 = CARTESIAN_POINT('',(1.561792008692,5.848243548017));
#2830 = CARTESIAN_POINT('',(1.565829303479,5.790348490682));
#2831 = CARTESIAN_POINT('',(1.57001480933,5.772423746593));
#2832 = CARTESIAN_POINT('',(1.57415737021,5.79491182932));
#2833 = CARTESIAN_POINT('',(1.582108987874,5.91332313128));
#2834 = CARTESIAN_POINT('',(1.585767680761,6.008928662685));
#2835 = CARTESIAN_POINT('',(1.588997095962,6.132130377281));
#2836 = CARTESIAN_POINT('',(1.591768383724,6.276128563072));
#2837 = CARTESIAN_POINT('',(1.59407249351,6.434923831376));
#2838 = CARTESIAN_POINT('',(1.595916173038,6.603177294472));
#2839 = CARTESIAN_POINT('',(1.599040017082,6.988075241129));
#2840 = CARTESIAN_POINT('',(1.600123816748,7.209999881604));
#2841 = CARTESIAN_POINT('',(1.600604185754,7.436968213698));
#2842 = CARTESIAN_POINT('',(1.600491101667,7.665503957876));
#2843 = CARTESIAN_POINT('',(1.599778242848,7.891880020691));
#2844 = CARTESIAN_POINT('',(1.598449078844,8.111730948746));
#2845 = CARTESIAN_POINT('',(1.595002441381,8.475236780626));
#2846 = CARTESIAN_POINT('',(1.59313967813,8.626410857521));
#2847 = CARTESIAN_POINT('',(1.59088127403,8.768362353324));
#2848 = CARTESIAN_POINT('',(1.588225698095,8.896558367583));
#2849 = CARTESIAN_POINT('',(1.585184963449,9.006065901757));
#2850 = CARTESIAN_POINT('',(1.581787061805,9.091470822173));
#2851 = CARTESIAN_POINT('',(1.574453913493,9.2006722043));
#2852 = CARTESIAN_POINT('',(1.570624589046,9.224191127813));
#2853 = CARTESIAN_POINT('',(1.566739103279,9.213096498093));
#2854 = CARTESIAN_POINT('',(1.562956400461,9.167264459126));
#2855 = CARTESIAN_POINT('',(1.559428687668,9.090319173392));
#2856 = CARTESIAN_POINT('',(1.556275847969,8.989449307264));
#2857 = CARTESIAN_POINT('',(1.550008911588,8.725403145361));
#2858 = CARTESIAN_POINT('',(1.547096617333,8.547520716434));
#2859 = CARTESIAN_POINT('',(1.544818117827,8.351974607216));
#2860 = CARTESIAN_POINT('',(1.54314047355,8.145309383453));
#2861 = CARTESIAN_POINT('',(1.542034942097,7.932259899868));
#2862 = CARTESIAN_POINT('',(1.541481783609,7.716168894394));
#2863 = CARTESIAN_POINT('',(1.541481783609,7.5));
#2864 = ( GEOMETRIC_REPRESENTATION_CONTEXT(2) 
PARAMETRIC_REPRESENTATION_CONTEXT() REPRESENTATION_CONTEXT('2D SPACE',''
  ) );
#2865 = PCURVE('',#2866,#2871);
#2866 = CYLINDRICAL_SURFACE('',#2867,1.7);
#2867 = AXIS2_PLACEMENT_3D('',#2868,#2869,#2870);
#2868 = CARTESIAN_POINT('',(0.,57.4,52.5));
#2869 = DIRECTION('',(0.,1.,2.22044604925E-16));
#2870 = DIRECTION('',(1.,0.,0.));
#2871 = DEFINITIONAL_REPRESENTATION('',(#2872),#2917);
#2872 = B_SPLINE_CURVE_WITH_KNOTS('',7,(#2873,#2874,#2875,#2876,#2877,
    #2878,#2879,#2880,#2881,#2882,#2883,#2884,#2885,#2886,#2887,#2888,
    #2889,#2890,#2891,#2892,#2893,#2894,#2895,#2896,#2897,#2898,#2899,
    #2900,#2901,#2902,#2903,#2904,#2905,#2906,#2907,#2908,#2909,#2910,
    #2911,#2912,#2913,#2914,#2915,#2916),.UNSPECIFIED.,.F.,.F.,(8,6,6,6,
    6,6,6,8),(0.,0.152727447471,0.285698031408,0.421891245119,
    0.588710295233,0.714482852449,0.837883002085,1.),.UNSPECIFIED.);
#2873 = CARTESIAN_POINT('',(0.,0.57508085376));
#2874 = CARTESIAN_POINT('',(0.119488877995,0.57508085376));
#2875 = CARTESIAN_POINT('',(0.23892110874,0.575911118357));
#2876 = CARTESIAN_POINT('',(0.359646845711,0.577570820363));
#2877 = CARTESIAN_POINT('',(0.482782669401,0.579996426962));
#2878 = CARTESIAN_POINT('',(0.609568405631,0.583056799952));
#2879 = CARTESIAN_POINT('',(0.741243851302,0.586488772923));
#2880 = CARTESIAN_POINT('',(1.000144303036,0.592825820671));
#2881 = CARTESIAN_POINT('',(1.129945772581,0.595844219384));
#2882 = CARTESIAN_POINT('',(1.265124334206,0.598514353015));
#2883 = CARTESIAN_POINT('',(1.403550505988,0.60030493612));
#2884 = CARTESIAN_POINT('',(1.543575457874,0.60082675242));
#2885 = CARTESIAN_POINT('',(1.68375912426,0.60011988395));
#2886 = CARTESIAN_POINT('',(1.963841711571,0.596758156221));
#2887 = CARTESIAN_POINT('',(2.098725050622,0.594115979819));
#2888 = CARTESIAN_POINT('',(2.228096642204,0.590917646511));
#2889 = CARTESIAN_POINT('',(2.352668054384,0.587588869205));
#2890 = CARTESIAN_POINT('',(2.472976186349,0.584461492003));
#2891 = CARTESIAN_POINT('',(2.589302359061,0.581758919101));
#2892 = CARTESIAN_POINT('',(2.839527588556,0.576953803483));
#2893 = CARTESIAN_POINT('',(2.973384882636,0.575086640465));
#2894 = CARTESIAN_POINT('',(3.105429922113,0.574213905306));
#2895 = CARTESIAN_POINT('',(3.23716202748,0.574416433754));
#2896 = CARTESIAN_POINT('',(3.36996246864,0.575696500966));
#2897 = CARTESIAN_POINT('',(3.505127302178,0.577937792213));
#2898 = CARTESIAN_POINT('',(3.749136579751,0.583072321649));
#2899 = CARTESIAN_POINT('',(3.857670473441,0.585698823096));
#2900 = CARTESIAN_POINT('',(3.969840328413,0.588628798737));
#2901 = CARTESIAN_POINT('',(4.085800801174,0.591664772435));
#2902 = CARTESIAN_POINT('',(4.205909294095,0.594530628092));
#2903 = CARTESIAN_POINT('',(4.330682909207,0.596894257809));
#2904 = CARTESIAN_POINT('',(4.588980935983,0.599994513514));
#2905 = CARTESIAN_POINT('',(4.718964299493,0.600720764079));
#2906 = CARTESIAN_POINT('',(4.849163815055,0.600405091915));
#2907 = CARTESIAN_POINT('',(4.97820861372,0.598992535317));
#2908 = CARTESIAN_POINT('',(5.104607465929,0.596752205141));
#2909 = CARTESIAN_POINT('',(5.226499717194,0.594098347112));
#2910 = CARTESIAN_POINT('',(5.490748047858,0.587836205383));
#2911 = CARTESIAN_POINT('',(5.632618974766,0.584069339863));
#2912 = CARTESIAN_POINT('',(5.76860776467,0.580640013574));
#2913 = CARTESIAN_POINT('',(5.900230052163,0.577901037517));
#2914 = CARTESIAN_POINT('',(6.028915647623,0.576021121627));
#2915 = CARTESIAN_POINT('',(6.156027134007,0.57508085376));
#2916 = CARTESIAN_POINT('',(6.28318530718,0.57508085376));
#2917 = ( GEOMETRIC_REPRESENTATION_CONTEXT(2) 
PARAMETRIC_REPRESENTATION_CONTEXT() REPRESENTATION_CONTEXT('2D SPACE',''
  ) );
#2918 = ADVANCED_FACE('',(#2919,#3282),#45,.T.);
#2919 = FACE_BOUND('',#2920,.T.);
#2920 = EDGE_LOOP('',(#2921,#2945,#2946,#2969,#2998,#3026,#3059,#3087,
    #3109,#3110,#3138,#3166,#3195,#3223,#3256));
#2921 = ORIENTED_EDGE('',*,*,#2922,.T.);
#2922 = EDGE_CURVE('',#2923,#141,#2925,.T.);
#2923 = VERTEX_POINT('',#2924);
#2924 = CARTESIAN_POINT('',(-58.75065007997,-11.16293488203,55.));
#2925 = SURFACE_CURVE('',#2926,(#2931,#2938),.PCURVE_S1.);
#2926 = CIRCLE('',#2927,2.5);
#2927 = AXIS2_PLACEMENT_3D('',#2928,#2929,#2930);
#2928 = CARTESIAN_POINT('',(-58.96853943684,-8.672448136807,55.));
#2929 = DIRECTION('',(0.,0.,1.));
#2930 = DIRECTION('',(0.,-1.,0.));
#2931 = PCURVE('',#45,#2932);
#2932 = DEFINITIONAL_REPRESENTATION('',(#2933),#2937);
#2933 = CIRCLE('',#2934,2.5);
#2934 = AXIS2_PLACEMENT_2D('',#2935,#2936);
#2935 = CARTESIAN_POINT('',(-58.96853943684,-8.672448136807));
#2936 = DIRECTION('',(0.,-1.));
#2937 = ( GEOMETRIC_REPRESENTATION_CONTEXT(2) 
PARAMETRIC_REPRESENTATION_CONTEXT() REPRESENTATION_CONTEXT('2D SPACE',''
  ) );
#2938 = PCURVE('',#179,#2939);
#2939 = DEFINITIONAL_REPRESENTATION('',(#2940),#2944);
#2940 = LINE('',#2941,#2942);
#2941 = CARTESIAN_POINT('',(-8.726646259972E-02,8.));
#2942 = VECTOR('',#2943,1.);
#2943 = DIRECTION('',(1.,0.));
#2944 = ( GEOMETRIC_REPRESENTATION_CONTEXT(2) 
PARAMETRIC_REPRESENTATION_CONTEXT() REPRESENTATION_CONTEXT('2D SPACE',''
  ) );
#2945 = ORIENTED_EDGE('',*,*,#140,.T.);
#2946 = ORIENTED_EDGE('',*,*,#2947,.T.);
#2947 = EDGE_CURVE('',#115,#2948,#2950,.T.);
#2948 = VERTEX_POINT('',#2949);
#2949 = CARTESIAN_POINT('',(-41.60661649723,-46.90564426219,55.));
#2950 = SURFACE_CURVE('',#2951,(#2955,#2962),.PCURVE_S1.);
#2951 = LINE('',#2952,#2953);
#2952 = CARTESIAN_POINT('',(-37.69481884675,-41.71451344688,55.));
#2953 = VECTOR('',#2954,1.);
#2954 = DIRECTION('',(-0.601815023152,-0.798635510047,0.));
#2955 = PCURVE('',#45,#2956);
#2956 = DEFINITIONAL_REPRESENTATION('',(#2957),#2961);
#2957 = LINE('',#2958,#2959);
#2958 = CARTESIAN_POINT('',(-37.69481884675,-41.71451344688));
#2959 = VECTOR('',#2960,1.);
#2960 = DIRECTION('',(-0.601815023152,-0.798635510047));
#2961 = ( GEOMETRIC_REPRESENTATION_CONTEXT(2) 
PARAMETRIC_REPRESENTATION_CONTEXT() REPRESENTATION_CONTEXT('2D SPACE',''
  ) );
#2962 = PCURVE('',#129,#2963);
#2963 = DEFINITIONAL_REPRESENTATION('',(#2964),#2968);
#2964 = LINE('',#2965,#2966);
#2965 = CARTESIAN_POINT('',(11.2,0.));
#2966 = VECTOR('',#2967,1.);
#2967 = DIRECTION('',(0.,-1.));
#2968 = ( GEOMETRIC_REPRESENTATION_CONTEXT(2) 
PARAMETRIC_REPRESENTATION_CONTEXT() REPRESENTATION_CONTEXT('2D SPACE',''
  ) );
#2969 = ORIENTED_EDGE('',*,*,#2970,.T.);
#2970 = EDGE_CURVE('',#2948,#2971,#2973,.T.);
#2971 = VERTEX_POINT('',#2972);
#2972 = CARTESIAN_POINT('',(-41.31138576689,-49.00632006199,55.));
#2973 = SURFACE_CURVE('',#2974,(#2979,#2986),.PCURVE_S1.);
#2974 = CIRCLE('',#2975,1.5);
#2975 = AXIS2_PLACEMENT_3D('',#2976,#2977,#2978);
#2976 = CARTESIAN_POINT('',(-40.40866323216,-47.80836679692,55.));
#2977 = DIRECTION('',(0.,-0.,1.));
#2978 = DIRECTION('',(0.601815023152,0.798635510047,0.));
#2979 = PCURVE('',#45,#2980);
#2980 = DEFINITIONAL_REPRESENTATION('',(#2981),#2985);
#2981 = CIRCLE('',#2982,1.5);
#2982 = AXIS2_PLACEMENT_2D('',#2983,#2984);
#2983 = CARTESIAN_POINT('',(-40.40866323216,-47.80836679692));
#2984 = DIRECTION('',(0.601815023152,0.798635510047));
#2985 = ( GEOMETRIC_REPRESENTATION_CONTEXT(2) 
PARAMETRIC_REPRESENTATION_CONTEXT() REPRESENTATION_CONTEXT('2D SPACE',''
  ) );
#2986 = PCURVE('',#2987,#2992);
#2987 = CYLINDRICAL_SURFACE('',#2988,1.5);
#2988 = AXIS2_PLACEMENT_3D('',#2989,#2990,#2991);
#2989 = CARTESIAN_POINT('',(-40.40866323216,-47.80836679692,43.8));
#2990 = DIRECTION('',(0.,0.,1.));
#2991 = DIRECTION('',(-0.798635510047,0.601815023152,0.));
#2992 = DEFINITIONAL_REPRESENTATION('',(#2993),#2997);
#2993 = LINE('',#2994,#2995);
#2994 = CARTESIAN_POINT('',(-1.570796326795,11.2));
#2995 = VECTOR('',#2996,1.);
#2996 = DIRECTION('',(1.,0.));
#2997 = ( GEOMETRIC_REPRESENTATION_CONTEXT(2) 
PARAMETRIC_REPRESENTATION_CONTEXT() REPRESENTATION_CONTEXT('2D SPACE',''
  ) );
#2998 = ORIENTED_EDGE('',*,*,#2999,.F.);
#2999 = EDGE_CURVE('',#3000,#2971,#3002,.T.);
#3000 = VERTEX_POINT('',#3001);
#3001 = CARTESIAN_POINT('',(-35.72093719656,-53.21902522405,55.));
#3002 = SURFACE_CURVE('',#3003,(#3007,#3014),.PCURVE_S1.);
#3003 = LINE('',#3004,#3005);
#3004 = CARTESIAN_POINT('',(-34.52298393149,-54.12174775878,55.));
#3005 = VECTOR('',#3006,1.);
#3006 = DIRECTION('',(-0.798635510047,0.601815023152,0.));
#3007 = PCURVE('',#45,#3008);
#3008 = DEFINITIONAL_REPRESENTATION('',(#3009),#3013);
#3009 = LINE('',#3010,#3011);
#3010 = CARTESIAN_POINT('',(-34.52298393149,-54.12174775878));
#3011 = VECTOR('',#3012,1.);
#3012 = DIRECTION('',(-0.798635510047,0.601815023152));
#3013 = ( GEOMETRIC_REPRESENTATION_CONTEXT(2) 
PARAMETRIC_REPRESENTATION_CONTEXT() REPRESENTATION_CONTEXT('2D SPACE',''
  ) );
#3014 = PCURVE('',#3015,#3020);
#3015 = PLANE('',#3016);
#3016 = AXIS2_PLACEMENT_3D('',#3017,#3018,#3019);
#3017 = CARTESIAN_POINT('',(-34.52298393149,-54.12174775878,43.8));
#3018 = DIRECTION('',(-0.601815023152,-0.798635510047,0.));
#3019 = DIRECTION('',(0.,0.,1.));
#3020 = DEFINITIONAL_REPRESENTATION('',(#3021),#3025);
#3021 = LINE('',#3022,#3023);
#3022 = CARTESIAN_POINT('',(11.2,0.));
#3023 = VECTOR('',#3024,1.);
#3024 = DIRECTION('',(0.,1.));
#3025 = ( GEOMETRIC_REPRESENTATION_CONTEXT(2) 
PARAMETRIC_REPRESENTATION_CONTEXT() REPRESENTATION_CONTEXT('2D SPACE',''
  ) );
#3026 = ORIENTED_EDGE('',*,*,#3027,.F.);
#3027 = EDGE_CURVE('',#3028,#3000,#3030,.T.);
#3028 = VERTEX_POINT('',#3029);
#3029 = CARTESIAN_POINT('',(-33.62026139676,-52.92379449371,55.));
#3030 = SURFACE_CURVE('',#3031,(#3036,#3047),.PCURVE_S1.);
#3031 = CIRCLE('',#3032,1.5);
#3032 = AXIS2_PLACEMENT_3D('',#3033,#3034,#3035);
#3033 = CARTESIAN_POINT('',(-34.81821466183,-52.02107195898,55.));
#3034 = DIRECTION('',(0.,0.,-1.));
#3035 = DIRECTION('',(0.601815023152,0.798635510047,0.));
#3036 = PCURVE('',#45,#3037);
#3037 = DEFINITIONAL_REPRESENTATION('',(#3038),#3046);
#3038 = ( BOUNDED_CURVE() B_SPLINE_CURVE(2,(#3039,#3040,#3041,#3042,
#3043,#3044,#3045),.UNSPECIFIED.,.T.,.F.) B_SPLINE_CURVE_WITH_KNOTS((1,2
    ,2,2,2,1),(-2.094395102393,0.,2.094395102393,4.188790204786,
6.28318530718,8.377580409573),.UNSPECIFIED.) CURVE() 
GEOMETRIC_REPRESENTATION_ITEM() RATIONAL_B_SPLINE_CURVE((1.,0.5,1.,0.5,
1.,0.5,1.)) REPRESENTATION_ITEM('') );
#3039 = CARTESIAN_POINT('',(-33.9154921271,-50.82311869391));
#3040 = CARTESIAN_POINT('',(-31.84057620691,-52.3866799892));
#3041 = CARTESIAN_POINT('',(-34.2321179691,-53.40182923916));
#3042 = CARTESIAN_POINT('',(-36.62365973129,-54.41697848913));
#3043 = CARTESIAN_POINT('',(-36.30703388929,-51.83826794388));
#3044 = CARTESIAN_POINT('',(-35.9904080473,-49.25955739863));
#3045 = CARTESIAN_POINT('',(-33.9154921271,-50.82311869391));
#3046 = ( GEOMETRIC_REPRESENTATION_CONTEXT(2) 
PARAMETRIC_REPRESENTATION_CONTEXT() REPRESENTATION_CONTEXT('2D SPACE',''
  ) );
#3047 = PCURVE('',#3048,#3053);
#3048 = CYLINDRICAL_SURFACE('',#3049,1.5);
#3049 = AXIS2_PLACEMENT_3D('',#3050,#3051,#3052);
#3050 = CARTESIAN_POINT('',(-34.81821466183,-52.02107195898,43.8));
#3051 = DIRECTION('',(0.,0.,1.));
#3052 = DIRECTION('',(0.798635510047,-0.601815023152,0.));
#3053 = DEFINITIONAL_REPRESENTATION('',(#3054),#3058);
#3054 = LINE('',#3055,#3056);
#3055 = CARTESIAN_POINT('',(1.570796326795,11.2));
#3056 = VECTOR('',#3057,1.);
#3057 = DIRECTION('',(-1.,0.));
#3058 = ( GEOMETRIC_REPRESENTATION_CONTEXT(2) 
PARAMETRIC_REPRESENTATION_CONTEXT() REPRESENTATION_CONTEXT('2D SPACE',''
  ) );
#3059 = ORIENTED_EDGE('',*,*,#3060,.F.);
#3060 = EDGE_CURVE('',#3061,#3028,#3063,.T.);
#3061 = VERTEX_POINT('',#3062);
#3062 = CARTESIAN_POINT('',(-30.78215040599,-49.15749400023,55.));
#3063 = SURFACE_CURVE('',#3064,(#3068,#3075),.PCURVE_S1.);
#3064 = LINE('',#3065,#3066);
#3065 = CARTESIAN_POINT('',(-29.70846374627,-47.7326636784,55.));
#3066 = VECTOR('',#3067,1.);
#3067 = DIRECTION('',(-0.601815023152,-0.798635510047,0.));
#3068 = PCURVE('',#45,#3069);
#3069 = DEFINITIONAL_REPRESENTATION('',(#3070),#3074);
#3070 = LINE('',#3071,#3072);
#3071 = CARTESIAN_POINT('',(-29.70846374627,-47.7326636784));
#3072 = VECTOR('',#3073,1.);
#3073 = DIRECTION('',(-0.601815023152,-0.798635510047));
#3074 = ( GEOMETRIC_REPRESENTATION_CONTEXT(2) 
PARAMETRIC_REPRESENTATION_CONTEXT() REPRESENTATION_CONTEXT('2D SPACE',''
  ) );
#3075 = PCURVE('',#3076,#3081);
#3076 = PLANE('',#3077);
#3077 = AXIS2_PLACEMENT_3D('',#3078,#3079,#3080);
#3078 = CARTESIAN_POINT('',(-29.70846374627,-47.7326636784,43.8));
#3079 = DIRECTION('',(-0.798635510047,0.601815023152,0.));
#3080 = DIRECTION('',(0.,0.,1.));
#3081 = DEFINITIONAL_REPRESENTATION('',(#3082),#3086);
#3082 = LINE('',#3083,#3084);
#3083 = CARTESIAN_POINT('',(11.2,0.));
#3084 = VECTOR('',#3085,1.);
#3085 = DIRECTION('',(0.,-1.));
#3086 = ( GEOMETRIC_REPRESENTATION_CONTEXT(2) 
PARAMETRIC_REPRESENTATION_CONTEXT() REPRESENTATION_CONTEXT('2D SPACE',''
  ) );
#3087 = ORIENTED_EDGE('',*,*,#3088,.T.);
#3088 = EDGE_CURVE('',#3061,#22,#3089,.T.);
#3089 = SURFACE_CURVE('',#3090,(#3095,#3102),.PCURVE_S1.);
#3090 = CIRCLE('',#3091,58.);
#3091 = AXIS2_PLACEMENT_3D('',#3092,#3093,#3094);
#3092 = CARTESIAN_POINT('',(0.,0.,55.));
#3093 = DIRECTION('',(0.,0.,1.));
#3094 = DIRECTION('',(1.,0.,-0.));
#3095 = PCURVE('',#45,#3096);
#3096 = DEFINITIONAL_REPRESENTATION('',(#3097),#3101);
#3097 = CIRCLE('',#3098,58.);
#3098 = AXIS2_PLACEMENT_2D('',#3099,#3100);
#3099 = CARTESIAN_POINT('',(0.,0.));
#3100 = DIRECTION('',(1.,0.));
#3101 = ( GEOMETRIC_REPRESENTATION_CONTEXT(2) 
PARAMETRIC_REPRESENTATION_CONTEXT() REPRESENTATION_CONTEXT('2D SPACE',''
  ) );
#3102 = PCURVE('',#73,#3103);
#3103 = DEFINITIONAL_REPRESENTATION('',(#3104),#3108);
#3104 = LINE('',#3105,#3106);
#3105 = CARTESIAN_POINT('',(0.,10.));
#3106 = VECTOR('',#3107,1.);
#3107 = DIRECTION('',(1.,0.));
#3108 = ( GEOMETRIC_REPRESENTATION_CONTEXT(2) 
PARAMETRIC_REPRESENTATION_CONTEXT() REPRESENTATION_CONTEXT('2D SPACE',''
  ) );
#3109 = ORIENTED_EDGE('',*,*,#21,.T.);
#3110 = ORIENTED_EDGE('',*,*,#3111,.F.);
#3111 = EDGE_CURVE('',#3112,#24,#3114,.T.);
#3112 = VERTEX_POINT('',#3113);
#3113 = CARTESIAN_POINT('',(-59.79651899294,0.791401495065,55.));
#3114 = SURFACE_CURVE('',#3115,(#3120,#3131),.PCURVE_S1.);
#3115 = CIRCLE('',#3116,2.5);
#3116 = AXIS2_PLACEMENT_3D('',#3117,#3118,#3119);
#3117 = CARTESIAN_POINT('',(-59.57862963607,-1.699085250165,55.));
#3118 = DIRECTION('',(-0.,-0.,-1.));
#3119 = DIRECTION('',(0.,-1.,0.));
#3120 = PCURVE('',#45,#3121);
#3121 = DEFINITIONAL_REPRESENTATION('',(#3122),#3130);
#3122 = ( BOUNDED_CURVE() B_SPLINE_CURVE(2,(#3123,#3124,#3125,#3126,
#3127,#3128,#3129),.UNSPECIFIED.,.T.,.F.) B_SPLINE_CURVE_WITH_KNOTS((1,2
    ,2,2,2,1),(-2.094395102393,0.,2.094395102393,4.188790204786,
6.28318530718,8.377580409573),.UNSPECIFIED.) CURVE() 
GEOMETRIC_REPRESENTATION_ITEM() RATIONAL_B_SPLINE_CURVE((1.,0.5,1.,0.5,
1.,0.5,1.)) REPRESENTATION_ITEM('') );
#3123 = CARTESIAN_POINT('',(-59.57862963607,-4.199085250165));
#3124 = CARTESIAN_POINT('',(-63.90875665499,-4.199085250165));
#3125 = CARTESIAN_POINT('',(-61.74369314553,-0.449085250165));
#3126 = CARTESIAN_POINT('',(-59.57862963607,3.300914749835));
#3127 = CARTESIAN_POINT('',(-57.41356612661,-0.449085250165));
#3128 = CARTESIAN_POINT('',(-55.24850261715,-4.199085250165));
#3129 = CARTESIAN_POINT('',(-59.57862963607,-4.199085250165));
#3130 = ( GEOMETRIC_REPRESENTATION_CONTEXT(2) 
PARAMETRIC_REPRESENTATION_CONTEXT() REPRESENTATION_CONTEXT('2D SPACE',''
  ) );
#3131 = PCURVE('',#452,#3132);
#3132 = DEFINITIONAL_REPRESENTATION('',(#3133),#3137);
#3133 = LINE('',#3134,#3135);
#3134 = CARTESIAN_POINT('',(3.05432619099,8.));
#3135 = VECTOR('',#3136,1.);
#3136 = DIRECTION('',(-1.,0.));
#3137 = ( GEOMETRIC_REPRESENTATION_CONTEXT(2) 
PARAMETRIC_REPRESENTATION_CONTEXT() REPRESENTATION_CONTEXT('2D SPACE',''
  ) );
#3138 = ORIENTED_EDGE('',*,*,#3139,.T.);
#3139 = EDGE_CURVE('',#3112,#3140,#3142,.T.);
#3140 = VERTEX_POINT('',#3141);
#3141 = CARTESIAN_POINT('',(-64.7774924834,0.355622781327,55.));
#3142 = SURFACE_CURVE('',#3143,(#3147,#3154),.PCURVE_S1.);
#3143 = LINE('',#3144,#3145);
#3144 = CARTESIAN_POINT('',(-57.30603224771,1.009290851934,55.));
#3145 = VECTOR('',#3146,1.);
#3146 = DIRECTION('',(-0.996194698092,-8.715574274766E-02,0.));
#3147 = PCURVE('',#45,#3148);
#3148 = DEFINITIONAL_REPRESENTATION('',(#3149),#3153);
#3149 = LINE('',#3150,#3151);
#3150 = CARTESIAN_POINT('',(-57.30603224771,1.009290851934));
#3151 = VECTOR('',#3152,1.);
#3152 = DIRECTION('',(-0.996194698092,-8.715574274766E-02));
#3153 = ( GEOMETRIC_REPRESENTATION_CONTEXT(2) 
PARAMETRIC_REPRESENTATION_CONTEXT() REPRESENTATION_CONTEXT('2D SPACE',''
  ) );
#3154 = PCURVE('',#3155,#3160);
#3155 = PLANE('',#3156);
#3156 = AXIS2_PLACEMENT_3D('',#3157,#3158,#3159);
#3157 = CARTESIAN_POINT('',(-57.30603224771,1.009290851934,47.));
#3158 = DIRECTION('',(-8.715574274766E-02,0.996194698092,0.));
#3159 = DIRECTION('',(0.,0.,1.));
#3160 = DEFINITIONAL_REPRESENTATION('',(#3161),#3165);
#3161 = LINE('',#3162,#3163);
#3162 = CARTESIAN_POINT('',(8.,0.));
#3163 = VECTOR('',#3164,1.);
#3164 = DIRECTION('',(0.,-1.));
#3165 = ( GEOMETRIC_REPRESENTATION_CONTEXT(2) 
PARAMETRIC_REPRESENTATION_CONTEXT() REPRESENTATION_CONTEXT('2D SPACE',''
  ) );
#3166 = ORIENTED_EDGE('',*,*,#3167,.T.);
#3167 = EDGE_CURVE('',#3140,#3168,#3170,.T.);
#3168 = VERTEX_POINT('',#3169);
#3169 = CARTESIAN_POINT('',(-67.05008987176,-2.352753320772,55.));
#3170 = SURFACE_CURVE('',#3171,(#3176,#3183),.PCURVE_S1.);
#3171 = CIRCLE('',#3172,2.5);
#3172 = AXIS2_PLACEMENT_3D('',#3173,#3174,#3175);
#3173 = CARTESIAN_POINT('',(-64.55960312653,-2.134863963903,55.));
#3174 = DIRECTION('',(0.,0.,1.));
#3175 = DIRECTION('',(0.,-1.,0.));
#3176 = PCURVE('',#45,#3177);
#3177 = DEFINITIONAL_REPRESENTATION('',(#3178),#3182);
#3178 = CIRCLE('',#3179,2.5);
#3179 = AXIS2_PLACEMENT_2D('',#3180,#3181);
#3180 = CARTESIAN_POINT('',(-64.55960312653,-2.134863963903));
#3181 = DIRECTION('',(0.,-1.));
#3182 = ( GEOMETRIC_REPRESENTATION_CONTEXT(2) 
PARAMETRIC_REPRESENTATION_CONTEXT() REPRESENTATION_CONTEXT('2D SPACE',''
  ) );
#3183 = PCURVE('',#3184,#3189);
#3184 = CYLINDRICAL_SURFACE('',#3185,2.5);
#3185 = AXIS2_PLACEMENT_3D('',#3186,#3187,#3188);
#3186 = CARTESIAN_POINT('',(-64.55960312653,-2.134863963903,47.));
#3187 = DIRECTION('',(0.,0.,1.));
#3188 = DIRECTION('',(-8.715574274766E-02,0.996194698092,0.));
#3189 = DEFINITIONAL_REPRESENTATION('',(#3190),#3194);
#3190 = LINE('',#3191,#3192);
#3191 = CARTESIAN_POINT('',(-3.22885911619,8.));
#3192 = VECTOR('',#3193,1.);
#3193 = DIRECTION('',(1.,0.));
#3194 = ( GEOMETRIC_REPRESENTATION_CONTEXT(2) 
PARAMETRIC_REPRESENTATION_CONTEXT() REPRESENTATION_CONTEXT('2D SPACE',''
  ) );
#3195 = ORIENTED_EDGE('',*,*,#3196,.F.);
#3196 = EDGE_CURVE('',#3197,#3168,#3199,.T.);
#3197 = VERTEX_POINT('',#3198);
#3198 = CARTESIAN_POINT('',(-66.43999967253,-9.326116207414,55.));
#3199 = SURFACE_CURVE('',#3200,(#3204,#3211),.PCURVE_S1.);
#3200 = LINE('',#3201,#3202);
#3201 = CARTESIAN_POINT('',(-66.22211031566,-11.81660295264,55.));
#3202 = VECTOR('',#3203,1.);
#3203 = DIRECTION('',(-8.715574274766E-02,0.996194698092,0.));
#3204 = PCURVE('',#45,#3205);
#3205 = DEFINITIONAL_REPRESENTATION('',(#3206),#3210);
#3206 = LINE('',#3207,#3208);
#3207 = CARTESIAN_POINT('',(-66.22211031566,-11.81660295264));
#3208 = VECTOR('',#3209,1.);
#3209 = DIRECTION('',(-8.715574274766E-02,0.996194698092));
#3210 = ( GEOMETRIC_REPRESENTATION_CONTEXT(2) 
PARAMETRIC_REPRESENTATION_CONTEXT() REPRESENTATION_CONTEXT('2D SPACE',''
  ) );
#3211 = PCURVE('',#3212,#3217);
#3212 = PLANE('',#3213);
#3213 = AXIS2_PLACEMENT_3D('',#3214,#3215,#3216);
#3214 = CARTESIAN_POINT('',(-66.22211031566,-11.81660295264,47.));
#3215 = DIRECTION('',(-0.996194698092,-8.715574274766E-02,0.));
#3216 = DIRECTION('',(0.,0.,1.));
#3217 = DEFINITIONAL_REPRESENTATION('',(#3218),#3222);
#3218 = LINE('',#3219,#3220);
#3219 = CARTESIAN_POINT('',(8.,0.));
#3220 = VECTOR('',#3221,1.);
#3221 = DIRECTION('',(0.,1.));
#3222 = ( GEOMETRIC_REPRESENTATION_CONTEXT(2) 
PARAMETRIC_REPRESENTATION_CONTEXT() REPRESENTATION_CONTEXT('2D SPACE',''
  ) );
#3223 = ORIENTED_EDGE('',*,*,#3224,.F.);
#3224 = EDGE_CURVE('',#3225,#3197,#3227,.T.);
#3225 = VERTEX_POINT('',#3226);
#3226 = CARTESIAN_POINT('',(-63.73162357043,-11.59871359577,55.));
#3227 = SURFACE_CURVE('',#3228,(#3233,#3244),.PCURVE_S1.);
#3228 = CIRCLE('',#3229,2.5);
#3229 = AXIS2_PLACEMENT_3D('',#3230,#3231,#3232);
#3230 = CARTESIAN_POINT('',(-63.9495129273,-9.108226850545,55.));
#3231 = DIRECTION('',(-0.,-0.,-1.));
#3232 = DIRECTION('',(0.,-1.,0.));
#3233 = PCURVE('',#45,#3234);
#3234 = DEFINITIONAL_REPRESENTATION('',(#3235),#3243);
#3235 = ( BOUNDED_CURVE() B_SPLINE_CURVE(2,(#3236,#3237,#3238,#3239,
#3240,#3241,#3242),.UNSPECIFIED.,.T.,.F.) B_SPLINE_CURVE_WITH_KNOTS((1,2
    ,2,2,2,1),(-2.094395102393,0.,2.094395102393,4.188790204786,
6.28318530718,8.377580409573),.UNSPECIFIED.) CURVE() 
GEOMETRIC_REPRESENTATION_ITEM() RATIONAL_B_SPLINE_CURVE((1.,0.5,1.,0.5,
1.,0.5,1.)) REPRESENTATION_ITEM('') );
#3236 = CARTESIAN_POINT('',(-63.9495129273,-11.60822685054));
#3237 = CARTESIAN_POINT('',(-68.27963994622,-11.60822685054));
#3238 = CARTESIAN_POINT('',(-66.11457643676,-7.858226850545));
#3239 = CARTESIAN_POINT('',(-63.9495129273,-4.108226850545));
#3240 = CARTESIAN_POINT('',(-61.78444941784,-7.858226850545));
#3241 = CARTESIAN_POINT('',(-59.61938590837,-11.60822685054));
#3242 = CARTESIAN_POINT('',(-63.9495129273,-11.60822685054));
#3243 = ( GEOMETRIC_REPRESENTATION_CONTEXT(2) 
PARAMETRIC_REPRESENTATION_CONTEXT() REPRESENTATION_CONTEXT('2D SPACE',''
  ) );
#3244 = PCURVE('',#3245,#3250);
#3245 = CYLINDRICAL_SURFACE('',#3246,2.5);
#3246 = AXIS2_PLACEMENT_3D('',#3247,#3248,#3249);
#3247 = CARTESIAN_POINT('',(-63.9495129273,-9.108226850545,47.));
#3248 = DIRECTION('',(0.,0.,1.));
#3249 = DIRECTION('',(8.715574274766E-02,-0.996194698092,0.));
#3250 = DEFINITIONAL_REPRESENTATION('',(#3251),#3255);
#3251 = LINE('',#3252,#3253);
#3252 = CARTESIAN_POINT('',(6.19591884458,8.));
#3253 = VECTOR('',#3254,1.);
#3254 = DIRECTION('',(-1.,0.));
#3255 = ( GEOMETRIC_REPRESENTATION_CONTEXT(2) 
PARAMETRIC_REPRESENTATION_CONTEXT() REPRESENTATION_CONTEXT('2D SPACE',''
  ) );
#3256 = ORIENTED_EDGE('',*,*,#3257,.F.);
#3257 = EDGE_CURVE('',#2923,#3225,#3258,.T.);
#3258 = SURFACE_CURVE('',#3259,(#3263,#3270),.PCURVE_S1.);
#3259 = LINE('',#3260,#3261);
#3260 = CARTESIAN_POINT('',(-56.26016333474,-10.94504552516,55.));
#3261 = VECTOR('',#3262,1.);
#3262 = DIRECTION('',(-0.996194698092,-8.715574274766E-02,0.));
#3263 = PCURVE('',#45,#3264);
#3264 = DEFINITIONAL_REPRESENTATION('',(#3265),#3269);
#3265 = LINE('',#3266,#3267);
#3266 = CARTESIAN_POINT('',(-56.26016333474,-10.94504552516));
#3267 = VECTOR('',#3268,1.);
#3268 = DIRECTION('',(-0.996194698092,-8.715574274766E-02));
#3269 = ( GEOMETRIC_REPRESENTATION_CONTEXT(2) 
PARAMETRIC_REPRESENTATION_CONTEXT() REPRESENTATION_CONTEXT('2D SPACE',''
  ) );
#3270 = PCURVE('',#3271,#3276);
#3271 = PLANE('',#3272);
#3272 = AXIS2_PLACEMENT_3D('',#3273,#3274,#3275);
#3273 = CARTESIAN_POINT('',(-56.26016333474,-10.94504552516,47.));
#3274 = DIRECTION('',(-8.715574274766E-02,0.996194698092,0.));
#3275 = DIRECTION('',(0.,0.,1.));
#3276 = DEFINITIONAL_REPRESENTATION('',(#3277),#3281);
#3277 = LINE('',#3278,#3279);
#3278 = CARTESIAN_POINT('',(8.,0.));
#3279 = VECTOR('',#3280,1.);
#3280 = DIRECTION('',(0.,-1.));
#3281 = ( GEOMETRIC_REPRESENTATION_CONTEXT(2) 
PARAMETRIC_REPRESENTATION_CONTEXT() REPRESENTATION_CONTEXT('2D SPACE',''
  ) );
#3282 = FACE_BOUND('',#3283,.T.);
#3283 = EDGE_LOOP('',(#3284));
#3284 = ORIENTED_EDGE('',*,*,#3285,.F.);
#3285 = EDGE_CURVE('',#3286,#3286,#3288,.T.);
#3286 = VERTEX_POINT('',#3287);
#3287 = CARTESIAN_POINT('',(39.2,-9.601230905315E-15,55.));
#3288 = SURFACE_CURVE('',#3289,(#3294,#3301),.PCURVE_S1.);
#3289 = CIRCLE('',#3290,39.2);
#3290 = AXIS2_PLACEMENT_3D('',#3291,#3292,#3293);
#3291 = CARTESIAN_POINT('',(0.,0.,55.));
#3292 = DIRECTION('',(0.,0.,1.));
#3293 = DIRECTION('',(1.,0.,-0.));
#3294 = PCURVE('',#45,#3295);
#3295 = DEFINITIONAL_REPRESENTATION('',(#3296),#3300);
#3296 = CIRCLE('',#3297,39.2);
#3297 = AXIS2_PLACEMENT_2D('',#3298,#3299);
#3298 = CARTESIAN_POINT('',(0.,0.));
#3299 = DIRECTION('',(1.,0.));
#3300 = ( GEOMETRIC_REPRESENTATION_CONTEXT(2) 
PARAMETRIC_REPRESENTATION_CONTEXT() REPRESENTATION_CONTEXT('2D SPACE',''
  ) );
#3301 = PCURVE('',#3302,#3307);
#3302 = CYLINDRICAL_SURFACE('',#3303,39.2);
#3303 = AXIS2_PLACEMENT_3D('',#3304,#3305,#3306);
#3304 = CARTESIAN_POINT('',(0.,0.,44.));
#3305 = DIRECTION('',(0.,0.,1.));
#3306 = DIRECTION('',(1.,0.,-0.));
#3307 = DEFINITIONAL_REPRESENTATION('',(#3308),#3312);
#3308 = LINE('',#3309,#3310);
#3309 = CARTESIAN_POINT('',(0.,11.));
#3310 = VECTOR('',#3311,1.);
#3311 = DIRECTION('',(1.,0.));
#3312 = ( GEOMETRIC_REPRESENTATION_CONTEXT(2) 
PARAMETRIC_REPRESENTATION_CONTEXT() REPRESENTATION_CONTEXT('2D SPACE',''
  ) );
#3313 = ADVANCED_FACE('',(#3314,#3361,#3514,#3626,#3738,#3850,#3962,
    #4115),#73,.T.);
#3314 = FACE_BOUND('',#3315,.T.);
#3315 = EDGE_LOOP('',(#3316,#3340,#3341,#3342));
#3316 = ORIENTED_EDGE('',*,*,#3317,.T.);
#3317 = EDGE_CURVE('',#3318,#58,#3320,.T.);
#3318 = VERTEX_POINT('',#3319);
#3319 = CARTESIAN_POINT('',(-30.78215040599,-49.15749400023,45.));
#3320 = SURFACE_CURVE('',#3321,(#3326,#3333),.PCURVE_S1.);
#3321 = CIRCLE('',#3322,58.);
#3322 = AXIS2_PLACEMENT_3D('',#3323,#3324,#3325);
#3323 = CARTESIAN_POINT('',(0.,0.,45.));
#3324 = DIRECTION('',(0.,0.,1.));
#3325 = DIRECTION('',(1.,0.,-0.));
#3326 = PCURVE('',#73,#3327);
#3327 = DEFINITIONAL_REPRESENTATION('',(#3328),#3332);
#3328 = LINE('',#3329,#3330);
#3329 = CARTESIAN_POINT('',(0.,0.));
#3330 = VECTOR('',#3331,1.);
#3331 = DIRECTION('',(1.,0.));
#3332 = ( GEOMETRIC_REPRESENTATION_CONTEXT(2) 
PARAMETRIC_REPRESENTATION_CONTEXT() REPRESENTATION_CONTEXT('2D SPACE',''
  ) );
#3333 = PCURVE('',#102,#3334);
#3334 = DEFINITIONAL_REPRESENTATION('',(#3335),#3339);
#3335 = CIRCLE('',#3336,58.);
#3336 = AXIS2_PLACEMENT_2D('',#3337,#3338);
#3337 = CARTESIAN_POINT('',(0.,0.));
#3338 = DIRECTION('',(1.,0.));
#3339 = ( GEOMETRIC_REPRESENTATION_CONTEXT(2) 
PARAMETRIC_REPRESENTATION_CONTEXT() REPRESENTATION_CONTEXT('2D SPACE',''
  ) );
#3340 = ORIENTED_EDGE('',*,*,#57,.T.);
#3341 = ORIENTED_EDGE('',*,*,#3088,.F.);
#3342 = ORIENTED_EDGE('',*,*,#3343,.F.);
#3343 = EDGE_CURVE('',#3318,#3061,#3344,.T.);
#3344 = SURFACE_CURVE('',#3345,(#3349,#3355),.PCURVE_S1.);
#3345 = LINE('',#3346,#3347);
#3346 = CARTESIAN_POINT('',(-30.78215040599,-49.15749400023,45.));
#3347 = VECTOR('',#3348,1.);
#3348 = DIRECTION('',(0.,0.,1.));
#3349 = PCURVE('',#73,#3350);
#3350 = DEFINITIONAL_REPRESENTATION('',(#3351),#3354);
#3351 = B_SPLINE_CURVE_WITH_KNOTS('',1,(#3352,#3353),.UNSPECIFIED.,.F.,
  .F.,(2,2),(-2.399999999625E-06,10.0000024),.PIECEWISE_BEZIER_KNOTS.);
#3352 = CARTESIAN_POINT('',(4.15293118865,-2.399999999625E-06));
#3353 = CARTESIAN_POINT('',(4.15293118865,10.0000024));
#3354 = ( GEOMETRIC_REPRESENTATION_CONTEXT(2) 
PARAMETRIC_REPRESENTATION_CONTEXT() REPRESENTATION_CONTEXT('2D SPACE',''
  ) );
#3355 = PCURVE('',#3076,#3356);
#3356 = DEFINITIONAL_REPRESENTATION('',(#3357),#3360);
#3357 = B_SPLINE_CURVE_WITH_KNOTS('',1,(#3358,#3359),.UNSPECIFIED.,.F.,
  .F.,(2,2),(-2.399999999625E-06,10.0000024),.PIECEWISE_BEZIER_KNOTS.);
#3358 = CARTESIAN_POINT('',(1.1999976,-1.784080852775));
#3359 = CARTESIAN_POINT('',(11.2000024,-1.784080852775));
#3360 = ( GEOMETRIC_REPRESENTATION_CONTEXT(2) 
PARAMETRIC_REPRESENTATION_CONTEXT() REPRESENTATION_CONTEXT('2D SPACE',''
  ) );
#3361 = FACE_BOUND('',#3362,.T.);
#3362 = EDGE_LOOP('',(#3363));
#3363 = ORIENTED_EDGE('',*,*,#3364,.F.);
#3364 = EDGE_CURVE('',#3365,#3365,#3367,.T.);
#3365 = VERTEX_POINT('',#3366);
#3366 = CARTESIAN_POINT('',(54.406996975624,-20.09673307019,52.5));
#3367 = SURFACE_CURVE('',#3368,(#3413,#3461),.PCURVE_S1.);
#3368 = B_SPLINE_CURVE_WITH_KNOTS('',7,(#3369,#3370,#3371,#3372,#3373,
    #3374,#3375,#3376,#3377,#3378,#3379,#3380,#3381,#3382,#3383,#3384,
    #3385,#3386,#3387,#3388,#3389,#3390,#3391,#3392,#3393,#3394,#3395,
    #3396,#3397,#3398,#3399,#3400,#3401,#3402,#3403,#3404,#3405,#3406,
    #3407,#3408,#3409,#3410,#3411,#3412),.UNSPECIFIED.,.T.,.F.,(8,6,6,6,
    6,6,6,8),(0.,0.15022430956,0.287143235736,0.424673554014,
    0.587485870273,0.714058469817,0.840790487658,1.),.UNSPECIFIED.);
#3369 = CARTESIAN_POINT('',(54.406996975624,-20.09673307019,52.5));
#3370 = CARTESIAN_POINT('',(54.406996975624,-20.09673307019,
    52.367471603379));
#3371 = CARTESIAN_POINT('',(54.413452627395,-20.0792559315,
    52.234813155732));
#3372 = CARTESIAN_POINT('',(54.426387532326,-20.04423803192,
    52.104056620952));
#3373 = CARTESIAN_POINT('',(54.445881024803,-19.9913548364,
    51.977417756634));
#3374 = CARTESIAN_POINT('',(54.47200168442,-19.92020297186,
    51.85754374662));
#3375 = CARTESIAN_POINT('',(54.50474801023,-19.83042398447,
    51.747730278496));
#3376 = CARTESIAN_POINT('',(54.579622888867,-19.62334807416,
    51.565580862199));
#3377 = CARTESIAN_POINT('',(54.621436911733,-19.50705370911,
    51.488904734817));
#3378 = CARTESIAN_POINT('',(54.668357999037,-19.37556905562,
    51.429826599964));
#3379 = CARTESIAN_POINT('',(54.718575426068,-19.23346470285,
    51.393450035589));
#3380 = CARTESIAN_POINT('',(54.769916904264,-19.08654975613,
    51.382456084377));
#3381 = CARTESIAN_POINT('',(54.820223162512,-18.94108061505,
    51.396996569967));
#3382 = CARTESIAN_POINT('',(54.915288507909,-18.66367279269,
    51.472288203139));
#3383 = CARTESIAN_POINT('',(54.958811127696,-18.5353306402,
    51.532286646549));
#3384 = CARTESIAN_POINT('',(54.997419363099,-18.42036439733,
    51.610522775125));
#3385 = CARTESIAN_POINT('',(55.030687355143,-18.32050188768,
    51.70320993985));
#3386 = CARTESIAN_POINT('',(55.058411267923,-18.23677922798,
    51.806665131771));
#3387 = CARTESIAN_POINT('',(55.080580040629,-18.16955140845,
    51.917298057016));
#3388 = CARTESIAN_POINT('',(55.117292218332,-18.05791120572,
    52.167007325194));
#3389 = CARTESIAN_POINT('',(55.130161341593,-18.01851539555,
    52.310815028304));
#3390 = CARTESIAN_POINT('',(55.13588256118,-18.00092352339,
    52.459155854495));
#3391 = CARTESIAN_POINT('',(55.134481135437,-18.00523194259,
    52.608441861619));
#3392 = CARTESIAN_POINT('',(55.12600352694,-18.0312631495,
    52.755440732771));
#3393 = CARTESIAN_POINT('',(55.110430469345,-18.07887679046,
    52.897117016054));
#3394 = CARTESIAN_POINT('',(55.069817820765,-18.20215338959,
    53.133178990282));
#3395 = CARTESIAN_POINT('',(55.047417055314,-18.26994200332,
    53.232464333612));
#3396 = CARTESIAN_POINT('',(55.020255871313,-18.35178128266,
    53.324838925577));
#3397 = CARTESIAN_POINT('',(54.988386507869,-18.44724143895,
    53.407325396554));
#3398 = CARTESIAN_POINT('',(54.952019893016,-18.55534983405,
    53.476937930632));
#3399 = CARTESIAN_POINT('',(54.911554403293,-18.67456919059,
    53.530669202989));
#3400 = CARTESIAN_POINT('',(54.823690191831,-18.93096356294,
    53.600257547203));
#3401 = CARTESIAN_POINT('',(54.777139742547,-19.06566014238,
    53.615387487366));
#3402 = CARTESIAN_POINT('',(54.729511609541,-19.20215260747,
    53.608586970906));
#3403 = CARTESIAN_POINT('',(54.682578742457,-19.33528139271,
    53.579739329215));
#3404 = CARTESIAN_POINT('',(54.638146197466,-19.46015784958,
    53.530767402817));
#3405 = CARTESIAN_POINT('',(54.59777716715,-19.57277624172,
    53.465563095139));
#3406 = CARTESIAN_POINT('',(54.518101438265,-19.79377997245,
    53.294888973212));
#3407 = CARTESIAN_POINT('',(54.480891008859,-19.89597900425,
    53.181610355891));
#3408 = CARTESIAN_POINT('',(54.451181895914,-19.97697240564,
    53.055824414409));
#3409 = CARTESIAN_POINT('',(54.429016357673,-20.0371212655,
    52.921704554338));
#3410 = CARTESIAN_POINT('',(54.414322899153,-20.07689985055,
    52.782575167778));
#3411 = CARTESIAN_POINT('',(54.406996975624,-20.09673307019,
    52.641179394812));
#3412 = CARTESIAN_POINT('',(54.406996975624,-20.09673307019,52.5));
#3413 = PCURVE('',#73,#3414);
#3414 = DEFINITIONAL_REPRESENTATION('',(#3415),#3460);
#3415 = B_SPLINE_CURVE_WITH_KNOTS('',7,(#3416,#3417,#3418,#3419,#3420,
    #3421,#3422,#3423,#3424,#3425,#3426,#3427,#3428,#3429,#3430,#3431,
    #3432,#3433,#3434,#3435,#3436,#3437,#3438,#3439,#3440,#3441,#3442,
    #3443,#3444,#3445,#3446,#3447,#3448,#3449,#3450,#3451,#3452,#3453,
    #3454,#3455,#3456,#3457,#3458,#3459),.UNSPECIFIED.,.T.,.F.,(8,6,6,6,
    6,6,6,8),(0.,0.15022430956,0.287143235736,0.424673554014,
    0.587485870273,0.714058469817,0.840790487658,1.),.UNSPECIFIED.);
#3416 = CARTESIAN_POINT('',(5.92935283762,7.5));
#3417 = CARTESIAN_POINT('',(5.92935283762,7.367471603379));
#3418 = CARTESIAN_POINT('',(5.929674067158,7.234813155732));
#3419 = CARTESIAN_POINT('',(5.930317696161,7.104056620952));
#3420 = CARTESIAN_POINT('',(5.931289447545,6.977417756634));
#3421 = CARTESIAN_POINT('',(5.932596254566,6.85754374662));
#3422 = CARTESIAN_POINT('',(5.934243913253,6.747730278496));
#3423 = CARTESIAN_POINT('',(5.938040411737,6.565580862199));
#3424 = CARTESIAN_POINT('',(5.940171151949,6.488904734817));
#3425 = CARTESIAN_POINT('',(5.942578139114,6.429826599964));
#3426 = CARTESIAN_POINT('',(5.94517667208,6.393450035589));
#3427 = CARTESIAN_POINT('',(5.947859883104,6.382456084377));
#3428 = CARTESIAN_POINT('',(5.950513700889,6.396996569967));
#3429 = CARTESIAN_POINT('',(5.955569645925,6.472288203139));
#3430 = CARTESIAN_POINT('',(5.957906201931,6.532286646549));
#3431 = CARTESIAN_POINT('',(5.95999715188,6.610522775125));
#3432 = CARTESIAN_POINT('',(5.961811941969,6.70320993985));
#3433 = CARTESIAN_POINT('',(5.963332518079,6.806665131771));
#3434 = CARTESIAN_POINT('',(5.964553011795,6.917298057016));
#3435 = CARTESIAN_POINT('',(5.96657924572,7.167007325194));
#3436 = CARTESIAN_POINT('',(5.967293804175,7.310815028304));
#3437 = CARTESIAN_POINT('',(5.967612749831,7.459155854495));
#3438 = CARTESIAN_POINT('',(5.967534635732,7.608441861618));
#3439 = CARTESIAN_POINT('',(5.967062620035,7.755440732771));
#3440 = CARTESIAN_POINT('',(5.966198903089,7.897117016054));
#3441 = CARTESIAN_POINT('',(5.963961073864,8.133178990282));
#3442 = CARTESIAN_POINT('',(5.962730145002,8.232464333612));
#3443 = CARTESIAN_POINT('',(5.961243444052,8.324838925577));
#3444 = CARTESIAN_POINT('',(5.959508287279,8.407325396554));
#3445 = CARTESIAN_POINT('',(5.957541725129,8.476937930632));
#3446 = CARTESIAN_POINT('',(5.955371051709,8.530669202989));
#3447 = CARTESIAN_POINT('',(5.950698091001,8.600257547203));
#3448 = CARTESIAN_POINT('',(5.948240968994,8.615387487366));
#3449 = CARTESIAN_POINT('',(5.945748511553,8.608586970906));
#3450 = CARTESIAN_POINT('',(5.943314750304,8.579739329215));
#3451 = CARTESIAN_POINT('',(5.941029488547,8.530767402817));
#3452 = CARTESIAN_POINT('',(5.938966817628,8.465563095139));
#3453 = CARTESIAN_POINT('',(5.934916345673,8.294888973212));
#3454 = CARTESIAN_POINT('',(5.933041141409,8.181610355891));
#3455 = CARTESIAN_POINT('',(5.931553726771,8.055824414408));
#3456 = CARTESIAN_POINT('',(5.930448502512,7.921704554338));
#3457 = CARTESIAN_POINT('',(5.929717371837,7.782575167778));
#3458 = CARTESIAN_POINT('',(5.92935283762,7.641179394812));
#3459 = CARTESIAN_POINT('',(5.92935283762,7.5));
#3460 = ( GEOMETRIC_REPRESENTATION_CONTEXT(2) 
PARAMETRIC_REPRESENTATION_CONTEXT() REPRESENTATION_CONTEXT('2D SPACE',''
  ) );
#3461 = PCURVE('',#3462,#3467);
#3462 = CYLINDRICAL_SURFACE('',#3463,1.1);
#3463 = AXIS2_PLACEMENT_3D('',#3464,#3465,#3466);
#3464 = CARTESIAN_POINT('',(54.211683533609,-18.86407613565,52.5));
#3465 = DIRECTION('',(0.944454416962,-0.328642441388,2.22044604925E-16)
  );
#3466 = DIRECTION('',(-0.328642441388,-0.944454416962,0.));
#3467 = DEFINITIONAL_REPRESENTATION('',(#3468),#3513);
#3468 = B_SPLINE_CURVE_WITH_KNOTS('',7,(#3469,#3470,#3471,#3472,#3473,
    #3474,#3475,#3476,#3477,#3478,#3479,#3480,#3481,#3482,#3483,#3484,
    #3485,#3486,#3487,#3488,#3489,#3490,#3491,#3492,#3493,#3494,#3495,
    #3496,#3497,#3498,#3499,#3500,#3501,#3502,#3503,#3504,#3505,#3506,
    #3507,#3508,#3509,#3510,#3511,#3512),.UNSPECIFIED.,.F.,.F.,(8,6,6,6,
    6,6,6,8),(0.,0.15022430956,0.287143235736,0.424673554014,
    0.587485870273,0.714058469817,0.840790487658,1.),.UNSPECIFIED.);
#3469 = CARTESIAN_POINT('',(0.,0.589568027362));
#3470 = CARTESIAN_POINT('',(0.120480360565,0.589568027362));
#3471 = CARTESIAN_POINT('',(0.24107857353,0.589921366664));
#3472 = CARTESIAN_POINT('',(0.36280630464,0.590629426751));
#3473 = CARTESIAN_POINT('',(0.486523737957,0.591660479338));
#3474 = CARTESIAN_POINT('',(0.613169819831,0.592946729215));
#3475 = CARTESIAN_POINT('',(0.743736910453,0.594368955665));
#3476 = CARTESIAN_POINT('',(1.003517497809,0.597030932797));
#3477 = CARTESIAN_POINT('',(1.134511261561,0.598303107332));
#3478 = CARTESIAN_POINT('',(1.269633128798,0.599406497959));
#3479 = CARTESIAN_POINT('',(1.407215544913,0.6001330473));
#3480 = CARTESIAN_POINT('',(1.545995765547,0.60034024639));
#3481 = CARTESIAN_POINT('',(1.684815261444,0.600044880521));
#3482 = CARTESIAN_POINT('',(1.96004534831,0.598661781881));
#3483 = CARTESIAN_POINT('',(2.092936882751,0.597588234048));
#3484 = CARTESIAN_POINT('',(2.221687907955,0.596269165774));
#3485 = CARTESIAN_POINT('',(2.346775527903,0.594870208829));
#3486 = CARTESIAN_POINT('',(2.468486521636,0.593539361423));
#3487 = CARTESIAN_POINT('',(2.586886128122,0.592382841988));
#3488 = CARTESIAN_POINT('',(2.837772112352,0.590366111591));
#3489 = CARTESIAN_POINT('',(2.972102454897,0.589573276664));
#3490 = CARTESIAN_POINT('',(3.105393964842,0.589195271958));
#3491 = CARTESIAN_POINT('',(3.238303375321,0.58928761863));
#3492 = CARTESIAN_POINT('',(3.371664826663,0.58983586323));
#3493 = CARTESIAN_POINT('',(3.506466712924,0.590775683407));
#3494 = CARTESIAN_POINT('',(3.751360195583,0.592932810576));
#3495 = CARTESIAN_POINT('',(3.861719697411,0.594054524216));
#3496 = CARTESIAN_POINT('',(3.97507438957,0.595297884579));
#3497 = CARTESIAN_POINT('',(4.091430116318,0.596570982327));
#3498 = CARTESIAN_POINT('',(4.210946873335,0.5977533792));
#3499 = CARTESIAN_POINT('',(4.333950816745,0.598716109091));
#3500 = CARTESIAN_POINT('',(4.58833241555,0.599994438969));
#3501 = CARTESIAN_POINT('',(4.717239877189,0.600296674246));
#3502 = CARTESIAN_POINT('',(4.846363702967,0.600171290616));
#3503 = CARTESIAN_POINT('',(4.974623634223,0.599597105997));
#3504 = CARTESIAN_POINT('',(5.100886583892,0.598672296282));
#3505 = CARTESIAN_POINT('',(5.223713018129,0.59755677063));
#3506 = CARTESIAN_POINT('',(5.487684072278,0.594937882182));
#3507 = CARTESIAN_POINT('',(5.628198537211,0.59338126709));
#3508 = CARTESIAN_POINT('',(5.764033782948,0.591940233313));
#3509 = CARTESIAN_POINT('',(5.896362073758,0.590773360971));
#3510 = CARTESIAN_POINT('',(6.026299444017,0.589968990477));
#3511 = CARTESIAN_POINT('',(6.154840402805,0.589568027362));
#3512 = CARTESIAN_POINT('',(6.28318530718,0.589568027362));
#3513 = ( GEOMETRIC_REPRESENTATION_CONTEXT(2) 
PARAMETRIC_REPRESENTATION_CONTEXT() REPRESENTATION_CONTEXT('2D SPACE',''
  ) );
#3514 = FACE_BOUND('',#3515,.T.);
#3515 = EDGE_LOOP('',(#3516,#3544,#3573,#3599));
#3516 = ORIENTED_EDGE('',*,*,#3517,.T.);
#3517 = EDGE_CURVE('',#3518,#3520,#3522,.T.);
#3518 = VERTEX_POINT('',#3519);
#3519 = CARTESIAN_POINT('',(-29.86171473858,-49.72200712835,46.5));
#3520 = VERTEX_POINT('',#3521);
#3521 = CARTESIAN_POINT('',(-29.86171473858,-49.72200712835,53.5));
#3522 = SURFACE_CURVE('',#3523,(#3527,#3533),.PCURVE_S1.);
#3523 = LINE('',#3524,#3525);
#3524 = CARTESIAN_POINT('',(-29.86171473858,-49.72200712835,45.));
#3525 = VECTOR('',#3526,1.);
#3526 = DIRECTION('',(0.,0.,1.));
#3527 = PCURVE('',#73,#3528);
#3528 = DEFINITIONAL_REPRESENTATION('',(#3529),#3532);
#3529 = B_SPLINE_CURVE_WITH_KNOTS('',1,(#3530,#3531),.UNSPECIFIED.,.F.,
  .F.,(2,2),(0.8,9.2),.PIECEWISE_BEZIER_KNOTS.);
#3530 = CARTESIAN_POINT('',(4.171547971152,0.8));
#3531 = CARTESIAN_POINT('',(4.171547971152,9.2));
#3532 = ( GEOMETRIC_REPRESENTATION_CONTEXT(2) 
PARAMETRIC_REPRESENTATION_CONTEXT() REPRESENTATION_CONTEXT('2D SPACE',''
  ) );
#3533 = PCURVE('',#3534,#3539);
#3534 = PLANE('',#3535);
#3535 = AXIS2_PLACEMENT_3D('',#3536,#3537,#3538);
#3536 = CARTESIAN_POINT('',(-29.56602540378,-49.20985817722,46.5));
#3537 = DIRECTION('',(-0.866025403784,0.5,0.));
#3538 = DIRECTION('',(0.,0.,1.));
#3539 = DEFINITIONAL_REPRESENTATION('',(#3540),#3543);
#3540 = B_SPLINE_CURVE_WITH_KNOTS('',1,(#3541,#3542),.UNSPECIFIED.,.F.,
  .F.,(2,2),(0.8,9.2),.PIECEWISE_BEZIER_KNOTS.);
#3541 = CARTESIAN_POINT('',(-0.7,-0.591378669592));
#3542 = CARTESIAN_POINT('',(7.7,-0.591378669592));
#3543 = ( GEOMETRIC_REPRESENTATION_CONTEXT(2) 
PARAMETRIC_REPRESENTATION_CONTEXT() REPRESENTATION_CONTEXT('2D SPACE',''
  ) );
#3544 = ORIENTED_EDGE('',*,*,#3545,.T.);
#3545 = EDGE_CURVE('',#3520,#3546,#3548,.T.);
#3546 = VERTEX_POINT('',#3547);
#3547 = CARTESIAN_POINT('',(-28.12966393101,-50.72200712835,53.5));
#3548 = SURFACE_CURVE('',#3549,(#3554,#3561),.PCURVE_S1.);
#3549 = CIRCLE('',#3550,58.);
#3550 = AXIS2_PLACEMENT_3D('',#3551,#3552,#3553);
#3551 = CARTESIAN_POINT('',(0.,0.,53.5));
#3552 = DIRECTION('',(0.,0.,1.));
#3553 = DIRECTION('',(1.,0.,-0.));
#3554 = PCURVE('',#73,#3555);
#3555 = DEFINITIONAL_REPRESENTATION('',(#3556),#3560);
#3556 = LINE('',#3557,#3558);
#3557 = CARTESIAN_POINT('',(0.,8.5));
#3558 = VECTOR('',#3559,1.);
#3559 = DIRECTION('',(1.,0.));
#3560 = ( GEOMETRIC_REPRESENTATION_CONTEXT(2) 
PARAMETRIC_REPRESENTATION_CONTEXT() REPRESENTATION_CONTEXT('2D SPACE',''
  ) );
#3561 = PCURVE('',#3562,#3567);
#3562 = PLANE('',#3563);
#3563 = AXIS2_PLACEMENT_3D('',#3564,#3565,#3566);
#3564 = CARTESIAN_POINT('',(-27.83397459621,-50.20985817722,53.5));
#3565 = DIRECTION('',(0.,0.,1.));
#3566 = DIRECTION('',(-0.866025403784,0.5,0.));
#3567 = DEFINITIONAL_REPRESENTATION('',(#3568),#3572);
#3568 = CIRCLE('',#3569,58.);
#3569 = AXIS2_PLACEMENT_2D('',#3570,#3571);
#3570 = CARTESIAN_POINT('',(1.,-57.4));
#3571 = DIRECTION('',(-0.866025403784,-0.5));
#3572 = ( GEOMETRIC_REPRESENTATION_CONTEXT(2) 
PARAMETRIC_REPRESENTATION_CONTEXT() REPRESENTATION_CONTEXT('2D SPACE',''
  ) );
#3573 = ORIENTED_EDGE('',*,*,#3574,.F.);
#3574 = EDGE_CURVE('',#3575,#3546,#3577,.T.);
#3575 = VERTEX_POINT('',#3576);
#3576 = CARTESIAN_POINT('',(-28.12966393101,-50.72200712835,46.5));
#3577 = SURFACE_CURVE('',#3578,(#3582,#3588),.PCURVE_S1.);
#3578 = LINE('',#3579,#3580);
#3579 = CARTESIAN_POINT('',(-28.12966393101,-50.72200712835,45.));
#3580 = VECTOR('',#3581,1.);
#3581 = DIRECTION('',(0.,0.,1.));
#3582 = PCURVE('',#73,#3583);
#3583 = DEFINITIONAL_REPRESENTATION('',(#3584),#3587);
#3584 = B_SPLINE_CURVE_WITH_KNOTS('',1,(#3585,#3586),.UNSPECIFIED.,.F.,
  .F.,(2,2),(0.8,9.2),.PIECEWISE_BEZIER_KNOTS.);
#3585 = CARTESIAN_POINT('',(4.206032438421,0.8));
#3586 = CARTESIAN_POINT('',(4.206032438421,9.2));
#3587 = ( GEOMETRIC_REPRESENTATION_CONTEXT(2) 
PARAMETRIC_REPRESENTATION_CONTEXT() REPRESENTATION_CONTEXT('2D SPACE',''
  ) );
#3588 = PCURVE('',#3589,#3594);
#3589 = PLANE('',#3590);
#3590 = AXIS2_PLACEMENT_3D('',#3591,#3592,#3593);
#3591 = CARTESIAN_POINT('',(-27.83397459621,-50.20985817722,46.5));
#3592 = DIRECTION('',(-0.866025403784,0.5,0.));
#3593 = DIRECTION('',(0.,0.,1.));
#3594 = DEFINITIONAL_REPRESENTATION('',(#3595),#3598);
#3595 = B_SPLINE_CURVE_WITH_KNOTS('',1,(#3596,#3597),.UNSPECIFIED.,.F.,
  .F.,(2,2),(0.8,9.2),.PIECEWISE_BEZIER_KNOTS.);
#3596 = CARTESIAN_POINT('',(-0.7,-0.591378669592));
#3597 = CARTESIAN_POINT('',(7.7,-0.591378669592));
#3598 = ( GEOMETRIC_REPRESENTATION_CONTEXT(2) 
PARAMETRIC_REPRESENTATION_CONTEXT() REPRESENTATION_CONTEXT('2D SPACE',''
  ) );
#3599 = ORIENTED_EDGE('',*,*,#3600,.F.);
#3600 = EDGE_CURVE('',#3518,#3575,#3601,.T.);
#3601 = SURFACE_CURVE('',#3602,(#3607,#3614),.PCURVE_S1.);
#3602 = CIRCLE('',#3603,58.);
#3603 = AXIS2_PLACEMENT_3D('',#3604,#3605,#3606);
#3604 = CARTESIAN_POINT('',(0.,0.,46.5));
#3605 = DIRECTION('',(0.,0.,1.));
#3606 = DIRECTION('',(1.,0.,-0.));
#3607 = PCURVE('',#73,#3608);
#3608 = DEFINITIONAL_REPRESENTATION('',(#3609),#3613);
#3609 = LINE('',#3610,#3611);
#3610 = CARTESIAN_POINT('',(0.,1.5));
#3611 = VECTOR('',#3612,1.);
#3612 = DIRECTION('',(1.,0.));
#3613 = ( GEOMETRIC_REPRESENTATION_CONTEXT(2) 
PARAMETRIC_REPRESENTATION_CONTEXT() REPRESENTATION_CONTEXT('2D SPACE',''
  ) );
#3614 = PCURVE('',#3615,#3620);
#3615 = PLANE('',#3616);
#3616 = AXIS2_PLACEMENT_3D('',#3617,#3618,#3619);
#3617 = CARTESIAN_POINT('',(-27.83397459621,-50.20985817722,46.5));
#3618 = DIRECTION('',(0.,0.,1.));
#3619 = DIRECTION('',(-0.866025403784,0.5,0.));
#3620 = DEFINITIONAL_REPRESENTATION('',(#3621),#3625);
#3621 = CIRCLE('',#3622,58.);
#3622 = AXIS2_PLACEMENT_2D('',#3623,#3624);
#3623 = CARTESIAN_POINT('',(1.,-57.4));
#3624 = DIRECTION('',(-0.866025403784,-0.5));
#3625 = ( GEOMETRIC_REPRESENTATION_CONTEXT(2) 
PARAMETRIC_REPRESENTATION_CONTEXT() REPRESENTATION_CONTEXT('2D SPACE',''
  ) );
#3626 = FACE_BOUND('',#3627,.T.);
#3627 = EDGE_LOOP('',(#3628,#3656,#3685,#3711));
#3628 = ORIENTED_EDGE('',*,*,#3629,.T.);
#3629 = EDGE_CURVE('',#3630,#3632,#3634,.T.);
#3630 = VERTEX_POINT('',#3631);
#3631 = CARTESIAN_POINT('',(-20.77391226501,-54.15205046169,46.5));
#3632 = VERTEX_POINT('',#3633);
#3633 = CARTESIAN_POINT('',(-20.77391226501,-54.15205046169,53.5));
#3634 = SURFACE_CURVE('',#3635,(#3639,#3645),.PCURVE_S1.);
#3635 = LINE('',#3636,#3637);
#3636 = CARTESIAN_POINT('',(-20.77391226501,-54.15205046169,45.));
#3637 = VECTOR('',#3638,1.);
#3638 = DIRECTION('',(0.,0.,1.));
#3639 = PCURVE('',#73,#3640);
#3640 = DEFINITIONAL_REPRESENTATION('',(#3641),#3644);
#3641 = B_SPLINE_CURVE_WITH_KNOTS('',1,(#3642,#3643),.UNSPECIFIED.,.F.,
  .F.,(2,2),(0.8,9.2),.PIECEWISE_BEZIER_KNOTS.);
#3642 = CARTESIAN_POINT('',(4.346080896351,0.8));
#3643 = CARTESIAN_POINT('',(4.346080896351,9.2));
#3644 = ( GEOMETRIC_REPRESENTATION_CONTEXT(2) 
PARAMETRIC_REPRESENTATION_CONTEXT() REPRESENTATION_CONTEXT('2D SPACE',''
  ) );
#3645 = PCURVE('',#3646,#3651);
#3646 = PLANE('',#3647);
#3647 = AXIS2_PLACEMENT_3D('',#3648,#3649,#3650);
#3648 = CARTESIAN_POINT('',(-20.57164884767,-53.59633628978,46.5));
#3649 = DIRECTION('',(-0.939692620786,0.342020143326,0.));
#3650 = DIRECTION('',(0.,0.,1.));
#3651 = DEFINITIONAL_REPRESENTATION('',(#3652),#3655);
#3652 = B_SPLINE_CURVE_WITH_KNOTS('',1,(#3653,#3654),.UNSPECIFIED.,.F.,
  .F.,(2,2),(0.8,9.2),.PIECEWISE_BEZIER_KNOTS.);
#3653 = CARTESIAN_POINT('',(-0.7,-0.591378669592));
#3654 = CARTESIAN_POINT('',(7.7,-0.591378669592));
#3655 = ( GEOMETRIC_REPRESENTATION_CONTEXT(2) 
PARAMETRIC_REPRESENTATION_CONTEXT() REPRESENTATION_CONTEXT('2D SPACE',''
  ) );
#3656 = ORIENTED_EDGE('',*,*,#3657,.T.);
#3657 = EDGE_CURVE('',#3632,#3658,#3660,.T.);
#3658 = VERTEX_POINT('',#3659);
#3659 = CARTESIAN_POINT('',(-18.89452702344,-54.83609074834,53.5));
#3660 = SURFACE_CURVE('',#3661,(#3666,#3673),.PCURVE_S1.);
#3661 = CIRCLE('',#3662,58.);
#3662 = AXIS2_PLACEMENT_3D('',#3663,#3664,#3665);
#3663 = CARTESIAN_POINT('',(0.,0.,53.5));
#3664 = DIRECTION('',(0.,0.,1.));
#3665 = DIRECTION('',(1.,0.,-0.));
#3666 = PCURVE('',#73,#3667);
#3667 = DEFINITIONAL_REPRESENTATION('',(#3668),#3672);
#3668 = LINE('',#3669,#3670);
#3669 = CARTESIAN_POINT('',(0.,8.5));
#3670 = VECTOR('',#3671,1.);
#3671 = DIRECTION('',(1.,0.));
#3672 = ( GEOMETRIC_REPRESENTATION_CONTEXT(2) 
PARAMETRIC_REPRESENTATION_CONTEXT() REPRESENTATION_CONTEXT('2D SPACE',''
  ) );
#3673 = PCURVE('',#3674,#3679);
#3674 = PLANE('',#3675);
#3675 = AXIS2_PLACEMENT_3D('',#3676,#3677,#3678);
#3676 = CARTESIAN_POINT('',(-18.6922636061,-54.28037657643,53.5));
#3677 = DIRECTION('',(0.,0.,1.));
#3678 = DIRECTION('',(-0.939692620786,0.342020143326,0.));
#3679 = DEFINITIONAL_REPRESENTATION('',(#3680),#3684);
#3680 = CIRCLE('',#3681,58.);
#3681 = AXIS2_PLACEMENT_2D('',#3682,#3683);
#3682 = CARTESIAN_POINT('',(1.,-57.4));
#3683 = DIRECTION('',(-0.939692620786,-0.342020143326));
#3684 = ( GEOMETRIC_REPRESENTATION_CONTEXT(2) 
PARAMETRIC_REPRESENTATION_CONTEXT() REPRESENTATION_CONTEXT('2D SPACE',''
  ) );
#3685 = ORIENTED_EDGE('',*,*,#3686,.F.);
#3686 = EDGE_CURVE('',#3687,#3658,#3689,.T.);
#3687 = VERTEX_POINT('',#3688);
#3688 = CARTESIAN_POINT('',(-18.89452702344,-54.83609074834,46.5));
#3689 = SURFACE_CURVE('',#3690,(#3694,#3700),.PCURVE_S1.);
#3690 = LINE('',#3691,#3692);
#3691 = CARTESIAN_POINT('',(-18.89452702344,-54.83609074834,45.));
#3692 = VECTOR('',#3693,1.);
#3693 = DIRECTION('',(0.,0.,1.));
#3694 = PCURVE('',#73,#3695);
#3695 = DEFINITIONAL_REPRESENTATION('',(#3696),#3699);
#3696 = B_SPLINE_CURVE_WITH_KNOTS('',1,(#3697,#3698),.UNSPECIFIED.,.F.,
  .F.,(2,2),(0.8,9.2),.PIECEWISE_BEZIER_KNOTS.);
#3697 = CARTESIAN_POINT('',(4.380565363621,0.8));
#3698 = CARTESIAN_POINT('',(4.380565363621,9.2));
#3699 = ( GEOMETRIC_REPRESENTATION_CONTEXT(2) 
PARAMETRIC_REPRESENTATION_CONTEXT() REPRESENTATION_CONTEXT('2D SPACE',''
  ) );
#3700 = PCURVE('',#3701,#3706);
#3701 = PLANE('',#3702);
#3702 = AXIS2_PLACEMENT_3D('',#3703,#3704,#3705);
#3703 = CARTESIAN_POINT('',(-18.6922636061,-54.28037657643,46.5));
#3704 = DIRECTION('',(-0.939692620786,0.342020143326,0.));
#3705 = DIRECTION('',(0.,0.,1.));
#3706 = DEFINITIONAL_REPRESENTATION('',(#3707),#3710);
#3707 = B_SPLINE_CURVE_WITH_KNOTS('',1,(#3708,#3709),.UNSPECIFIED.,.F.,
  .F.,(2,2),(0.8,9.2),.PIECEWISE_BEZIER_KNOTS.);
#3708 = CARTESIAN_POINT('',(-0.7,-0.591378669592));
#3709 = CARTESIAN_POINT('',(7.7,-0.591378669592));
#3710 = ( GEOMETRIC_REPRESENTATION_CONTEXT(2) 
PARAMETRIC_REPRESENTATION_CONTEXT() REPRESENTATION_CONTEXT('2D SPACE',''
  ) );
#3711 = ORIENTED_EDGE('',*,*,#3712,.F.);
#3712 = EDGE_CURVE('',#3630,#3687,#3713,.T.);
#3713 = SURFACE_CURVE('',#3714,(#3719,#3726),.PCURVE_S1.);
#3714 = CIRCLE('',#3715,58.);
#3715 = AXIS2_PLACEMENT_3D('',#3716,#3717,#3718);
#3716 = CARTESIAN_POINT('',(0.,0.,46.5));
#3717 = DIRECTION('',(0.,0.,1.));
#3718 = DIRECTION('',(1.,0.,-0.));
#3719 = PCURVE('',#73,#3720);
#3720 = DEFINITIONAL_REPRESENTATION('',(#3721),#3725);
#3721 = LINE('',#3722,#3723);
#3722 = CARTESIAN_POINT('',(0.,1.5));
#3723 = VECTOR('',#3724,1.);
#3724 = DIRECTION('',(1.,0.));
#3725 = ( GEOMETRIC_REPRESENTATION_CONTEXT(2) 
PARAMETRIC_REPRESENTATION_CONTEXT() REPRESENTATION_CONTEXT('2D SPACE',''
  ) );
#3726 = PCURVE('',#3727,#3732);
#3727 = PLANE('',#3728);
#3728 = AXIS2_PLACEMENT_3D('',#3729,#3730,#3731);
#3729 = CARTESIAN_POINT('',(-18.6922636061,-54.28037657643,46.5));
#3730 = DIRECTION('',(0.,0.,1.));
#3731 = DIRECTION('',(-0.939692620786,0.342020143326,0.));
#3732 = DEFINITIONAL_REPRESENTATION('',(#3733),#3737);
#3733 = CIRCLE('',#3734,58.);
#3734 = AXIS2_PLACEMENT_2D('',#3735,#3736);
#3735 = CARTESIAN_POINT('',(1.,-57.4));
#3736 = DIRECTION('',(-0.939692620786,-0.342020143326));
#3737 = ( GEOMETRIC_REPRESENTATION_CONTEXT(2) 
PARAMETRIC_REPRESENTATION_CONTEXT() REPRESENTATION_CONTEXT('2D SPACE',''
  ) );
#3738 = FACE_BOUND('',#3739,.T.);
#3739 = EDGE_LOOP('',(#3740,#3768,#3797,#3823));
#3740 = ORIENTED_EDGE('',*,*,#3741,.T.);
#3741 = EDGE_CURVE('',#3742,#3744,#3746,.T.);
#3742 = VERTEX_POINT('',#3743);
#3743 = CARTESIAN_POINT('',(-11.05490497938,-56.93671114401,46.5));
#3744 = VERTEX_POINT('',#3745);
#3745 = CARTESIAN_POINT('',(-11.05490497938,-56.93671114401,53.5));
#3746 = SURFACE_CURVE('',#3747,(#3751,#3757),.PCURVE_S1.);
#3747 = LINE('',#3748,#3749);
#3748 = CARTESIAN_POINT('',(-11.05490497938,-56.93671114401,45.));
#3749 = VECTOR('',#3750,1.);
#3750 = DIRECTION('',(0.,0.,1.));
#3751 = PCURVE('',#73,#3752);
#3752 = DEFINITIONAL_REPRESENTATION('',(#3753),#3756);
#3753 = B_SPLINE_CURVE_WITH_KNOTS('',1,(#3754,#3755),.UNSPECIFIED.,.F.,
  .F.,(2,2),(0.8,9.2),.PIECEWISE_BEZIER_KNOTS.);
#3754 = CARTESIAN_POINT('',(4.52061382155,0.8));
#3755 = CARTESIAN_POINT('',(4.52061382155,9.2));
#3756 = ( GEOMETRIC_REPRESENTATION_CONTEXT(2) 
PARAMETRIC_REPRESENTATION_CONTEXT() REPRESENTATION_CONTEXT('2D SPACE',''
  ) );
#3757 = PCURVE('',#3758,#3763);
#3758 = PLANE('',#3759);
#3759 = AXIS2_PLACEMENT_3D('',#3760,#3761,#3762);
#3760 = CARTESIAN_POINT('',(-10.95221315109,-56.35431684523,46.5));
#3761 = DIRECTION('',(-0.984807753012,0.173648177667,0.));
#3762 = DIRECTION('',(0.,0.,1.));
#3763 = DEFINITIONAL_REPRESENTATION('',(#3764),#3767);
#3764 = B_SPLINE_CURVE_WITH_KNOTS('',1,(#3765,#3766),.UNSPECIFIED.,.F.,
  .F.,(2,2),(0.8,9.2),.PIECEWISE_BEZIER_KNOTS.);
#3765 = CARTESIAN_POINT('',(-0.7,-0.591378669592));
#3766 = CARTESIAN_POINT('',(7.7,-0.591378669592));
#3767 = ( GEOMETRIC_REPRESENTATION_CONTEXT(2) 
PARAMETRIC_REPRESENTATION_CONTEXT() REPRESENTATION_CONTEXT('2D SPACE',''
  ) );
#3768 = ORIENTED_EDGE('',*,*,#3769,.T.);
#3769 = EDGE_CURVE('',#3744,#3770,#3772,.T.);
#3770 = VERTEX_POINT('',#3771);
#3771 = CARTESIAN_POINT('',(-9.085289473355,-57.28400749934,53.5));
#3772 = SURFACE_CURVE('',#3773,(#3778,#3785),.PCURVE_S1.);
#3773 = CIRCLE('',#3774,58.);
#3774 = AXIS2_PLACEMENT_3D('',#3775,#3776,#3777);
#3775 = CARTESIAN_POINT('',(0.,0.,53.5));
#3776 = DIRECTION('',(0.,0.,1.));
#3777 = DIRECTION('',(1.,0.,-0.));
#3778 = PCURVE('',#73,#3779);
#3779 = DEFINITIONAL_REPRESENTATION('',(#3780),#3784);
#3780 = LINE('',#3781,#3782);
#3781 = CARTESIAN_POINT('',(0.,8.5));
#3782 = VECTOR('',#3783,1.);
#3783 = DIRECTION('',(1.,0.));
#3784 = ( GEOMETRIC_REPRESENTATION_CONTEXT(2) 
PARAMETRIC_REPRESENTATION_CONTEXT() REPRESENTATION_CONTEXT('2D SPACE',''
  ) );
#3785 = PCURVE('',#3786,#3791);
#3786 = PLANE('',#3787);
#3787 = AXIS2_PLACEMENT_3D('',#3788,#3789,#3790);
#3788 = CARTESIAN_POINT('',(-8.98259764507,-56.70161320056,53.5));
#3789 = DIRECTION('',(0.,0.,1.));
#3790 = DIRECTION('',(-0.984807753012,0.173648177667,0.));
#3791 = DEFINITIONAL_REPRESENTATION('',(#3792),#3796);
#3792 = CIRCLE('',#3793,58.);
#3793 = AXIS2_PLACEMENT_2D('',#3794,#3795);
#3794 = CARTESIAN_POINT('',(1.,-57.4));
#3795 = DIRECTION('',(-0.984807753012,-0.173648177667));
#3796 = ( GEOMETRIC_REPRESENTATION_CONTEXT(2) 
PARAMETRIC_REPRESENTATION_CONTEXT() REPRESENTATION_CONTEXT('2D SPACE',''
  ) );
#3797 = ORIENTED_EDGE('',*,*,#3798,.F.);
#3798 = EDGE_CURVE('',#3799,#3770,#3801,.T.);
#3799 = VERTEX_POINT('',#3800);
#3800 = CARTESIAN_POINT('',(-9.085289473355,-57.28400749934,46.5));
#3801 = SURFACE_CURVE('',#3802,(#3806,#3812),.PCURVE_S1.);
#3802 = LINE('',#3803,#3804);
#3803 = CARTESIAN_POINT('',(-9.085289473355,-57.28400749934,45.));
#3804 = VECTOR('',#3805,1.);
#3805 = DIRECTION('',(0.,0.,1.));
#3806 = PCURVE('',#73,#3807);
#3807 = DEFINITIONAL_REPRESENTATION('',(#3808),#3811);
#3808 = B_SPLINE_CURVE_WITH_KNOTS('',1,(#3809,#3810),.UNSPECIFIED.,.F.,
  .F.,(2,2),(0.8,9.2),.PIECEWISE_BEZIER_KNOTS.);
#3809 = CARTESIAN_POINT('',(4.55509828882,0.8));
#3810 = CARTESIAN_POINT('',(4.55509828882,9.2));
#3811 = ( GEOMETRIC_REPRESENTATION_CONTEXT(2) 
PARAMETRIC_REPRESENTATION_CONTEXT() REPRESENTATION_CONTEXT('2D SPACE',''
  ) );
#3812 = PCURVE('',#3813,#3818);
#3813 = PLANE('',#3814);
#3814 = AXIS2_PLACEMENT_3D('',#3815,#3816,#3817);
#3815 = CARTESIAN_POINT('',(-8.98259764507,-56.70161320056,46.5));
#3816 = DIRECTION('',(-0.984807753012,0.173648177667,0.));
#3817 = DIRECTION('',(0.,0.,1.));
#3818 = DEFINITIONAL_REPRESENTATION('',(#3819),#3822);
#3819 = B_SPLINE_CURVE_WITH_KNOTS('',1,(#3820,#3821),.UNSPECIFIED.,.F.,
  .F.,(2,2),(0.8,9.2),.PIECEWISE_BEZIER_KNOTS.);
#3820 = CARTESIAN_POINT('',(-0.7,-0.591378669592));
#3821 = CARTESIAN_POINT('',(7.7,-0.591378669592));
#3822 = ( GEOMETRIC_REPRESENTATION_CONTEXT(2) 
PARAMETRIC_REPRESENTATION_CONTEXT() REPRESENTATION_CONTEXT('2D SPACE',''
  ) );
#3823 = ORIENTED_EDGE('',*,*,#3824,.F.);
#3824 = EDGE_CURVE('',#3742,#3799,#3825,.T.);
#3825 = SURFACE_CURVE('',#3826,(#3831,#3838),.PCURVE_S1.);
#3826 = CIRCLE('',#3827,58.);
#3827 = AXIS2_PLACEMENT_3D('',#3828,#3829,#3830);
#3828 = CARTESIAN_POINT('',(0.,0.,46.5));
#3829 = DIRECTION('',(0.,0.,1.));
#3830 = DIRECTION('',(1.,0.,-0.));
#3831 = PCURVE('',#73,#3832);
#3832 = DEFINITIONAL_REPRESENTATION('',(#3833),#3837);
#3833 = LINE('',#3834,#3835);
#3834 = CARTESIAN_POINT('',(0.,1.5));
#3835 = VECTOR('',#3836,1.);
#3836 = DIRECTION('',(1.,0.));
#3837 = ( GEOMETRIC_REPRESENTATION_CONTEXT(2) 
PARAMETRIC_REPRESENTATION_CONTEXT() REPRESENTATION_CONTEXT('2D SPACE',''
  ) );
#3838 = PCURVE('',#3839,#3844);
#3839 = PLANE('',#3840);
#3840 = AXIS2_PLACEMENT_3D('',#3841,#3842,#3843);
#3841 = CARTESIAN_POINT('',(-8.98259764507,-56.70161320056,46.5));
#3842 = DIRECTION('',(0.,0.,1.));
#3843 = DIRECTION('',(-0.984807753012,0.173648177667,0.));
#3844 = DEFINITIONAL_REPRESENTATION('',(#3845),#3849);
#3845 = CIRCLE('',#3846,58.);
#3846 = AXIS2_PLACEMENT_2D('',#3847,#3848);
#3847 = CARTESIAN_POINT('',(1.,-57.4));
#3848 = DIRECTION('',(-0.984807753012,-0.173648177667));
#3849 = ( GEOMETRIC_REPRESENTATION_CONTEXT(2) 
PARAMETRIC_REPRESENTATION_CONTEXT() REPRESENTATION_CONTEXT('2D SPACE',''
  ) );
#3850 = FACE_BOUND('',#3851,.T.);
#3851 = EDGE_LOOP('',(#3852,#3880,#3909,#3935));
#3852 = ORIENTED_EDGE('',*,*,#3853,.F.);
#3853 = EDGE_CURVE('',#3854,#3856,#3858,.T.);
#3854 = VERTEX_POINT('',#3855);
#3855 = CARTESIAN_POINT('',(1.,-57.99137866959,46.5));
#3856 = VERTEX_POINT('',#3857);
#3857 = CARTESIAN_POINT('',(1.,-57.99137866959,53.5));
#3858 = SURFACE_CURVE('',#3859,(#3863,#3869),.PCURVE_S1.);
#3859 = LINE('',#3860,#3861);
#3860 = CARTESIAN_POINT('',(1.,-57.99137866959,45.));
#3861 = VECTOR('',#3862,1.);
#3862 = DIRECTION('',(0.,0.,1.));
#3863 = PCURVE('',#73,#3864);
#3864 = DEFINITIONAL_REPRESENTATION('',(#3865),#3868);
#3865 = B_SPLINE_CURVE_WITH_KNOTS('',1,(#3866,#3867),.UNSPECIFIED.,.F.,
  .F.,(2,2),(0.8,9.2),.PIECEWISE_BEZIER_KNOTS.);
#3866 = CARTESIAN_POINT('',(4.72963121402,0.8));
#3867 = CARTESIAN_POINT('',(4.72963121402,9.2));
#3868 = ( GEOMETRIC_REPRESENTATION_CONTEXT(2) 
PARAMETRIC_REPRESENTATION_CONTEXT() REPRESENTATION_CONTEXT('2D SPACE',''
  ) );
#3869 = PCURVE('',#3870,#3875);
#3870 = PLANE('',#3871);
#3871 = AXIS2_PLACEMENT_3D('',#3872,#3873,#3874);
#3872 = CARTESIAN_POINT('',(1.,-57.4,46.5));
#3873 = DIRECTION('',(-1.,-1.224646799147E-16,0.));
#3874 = DIRECTION('',(0.,-0.,1.));
#3875 = DEFINITIONAL_REPRESENTATION('',(#3876),#3879);
#3876 = B_SPLINE_CURVE_WITH_KNOTS('',1,(#3877,#3878),.UNSPECIFIED.,.F.,
  .F.,(2,2),(0.8,9.2),.PIECEWISE_BEZIER_KNOTS.);
#3877 = CARTESIAN_POINT('',(-0.7,-0.591378669592));
#3878 = CARTESIAN_POINT('',(7.7,-0.591378669592));
#3879 = ( GEOMETRIC_REPRESENTATION_CONTEXT(2) 
PARAMETRIC_REPRESENTATION_CONTEXT() REPRESENTATION_CONTEXT('2D SPACE',''
  ) );
#3880 = ORIENTED_EDGE('',*,*,#3881,.F.);
#3881 = EDGE_CURVE('',#3882,#3854,#3884,.T.);
#3882 = VERTEX_POINT('',#3883);
#3883 = CARTESIAN_POINT('',(-1.,-57.99137866959,46.5));
#3884 = SURFACE_CURVE('',#3885,(#3890,#3897),.PCURVE_S1.);
#3885 = CIRCLE('',#3886,58.);
#3886 = AXIS2_PLACEMENT_3D('',#3887,#3888,#3889);
#3887 = CARTESIAN_POINT('',(0.,0.,46.5));
#3888 = DIRECTION('',(0.,0.,1.));
#3889 = DIRECTION('',(1.,0.,-0.));
#3890 = PCURVE('',#73,#3891);
#3891 = DEFINITIONAL_REPRESENTATION('',(#3892),#3896);
#3892 = LINE('',#3893,#3894);
#3893 = CARTESIAN_POINT('',(0.,1.5));
#3894 = VECTOR('',#3895,1.);
#3895 = DIRECTION('',(1.,0.));
#3896 = ( GEOMETRIC_REPRESENTATION_CONTEXT(2) 
PARAMETRIC_REPRESENTATION_CONTEXT() REPRESENTATION_CONTEXT('2D SPACE',''
  ) );
#3897 = PCURVE('',#3898,#3903);
#3898 = PLANE('',#3899);
#3899 = AXIS2_PLACEMENT_3D('',#3900,#3901,#3902);
#3900 = CARTESIAN_POINT('',(1.,-57.4,46.5));
#3901 = DIRECTION('',(0.,-0.,1.));
#3902 = DIRECTION('',(-1.,-1.224646799147E-16,0.));
#3903 = DEFINITIONAL_REPRESENTATION('',(#3904),#3908);
#3904 = CIRCLE('',#3905,58.);
#3905 = AXIS2_PLACEMENT_2D('',#3906,#3907);
#3906 = CARTESIAN_POINT('',(1.,-57.4));
#3907 = DIRECTION('',(-1.,1.224646799147E-16));
#3908 = ( GEOMETRIC_REPRESENTATION_CONTEXT(2) 
PARAMETRIC_REPRESENTATION_CONTEXT() REPRESENTATION_CONTEXT('2D SPACE',''
  ) );
#3909 = ORIENTED_EDGE('',*,*,#3910,.T.);
#3910 = EDGE_CURVE('',#3882,#3911,#3913,.T.);
#3911 = VERTEX_POINT('',#3912);
#3912 = CARTESIAN_POINT('',(-1.,-57.99137866959,53.5));
#3913 = SURFACE_CURVE('',#3914,(#3918,#3924),.PCURVE_S1.);
#3914 = LINE('',#3915,#3916);
#3915 = CARTESIAN_POINT('',(-1.,-57.99137866959,45.));
#3916 = VECTOR('',#3917,1.);
#3917 = DIRECTION('',(0.,0.,1.));
#3918 = PCURVE('',#73,#3919);
#3919 = DEFINITIONAL_REPRESENTATION('',(#3920),#3923);
#3920 = B_SPLINE_CURVE_WITH_KNOTS('',1,(#3921,#3922),.UNSPECIFIED.,.F.,
  .F.,(2,2),(0.8,9.2),.PIECEWISE_BEZIER_KNOTS.);
#3921 = CARTESIAN_POINT('',(4.69514674675,0.8));
#3922 = CARTESIAN_POINT('',(4.69514674675,9.2));
#3923 = ( GEOMETRIC_REPRESENTATION_CONTEXT(2) 
PARAMETRIC_REPRESENTATION_CONTEXT() REPRESENTATION_CONTEXT('2D SPACE',''
  ) );
#3924 = PCURVE('',#3925,#3930);
#3925 = PLANE('',#3926);
#3926 = AXIS2_PLACEMENT_3D('',#3927,#3928,#3929);
#3927 = CARTESIAN_POINT('',(-1.,-57.4,46.5));
#3928 = DIRECTION('',(-1.,-1.224646799147E-16,0.));
#3929 = DIRECTION('',(0.,-0.,1.));
#3930 = DEFINITIONAL_REPRESENTATION('',(#3931),#3934);
#3931 = B_SPLINE_CURVE_WITH_KNOTS('',1,(#3932,#3933),.UNSPECIFIED.,.F.,
  .F.,(2,2),(0.8,9.2),.PIECEWISE_BEZIER_KNOTS.);
#3932 = CARTESIAN_POINT('',(-0.7,-0.591378669592));
#3933 = CARTESIAN_POINT('',(7.7,-0.591378669592));
#3934 = ( GEOMETRIC_REPRESENTATION_CONTEXT(2) 
PARAMETRIC_REPRESENTATION_CONTEXT() REPRESENTATION_CONTEXT('2D SPACE',''
  ) );
#3935 = ORIENTED_EDGE('',*,*,#3936,.T.);
#3936 = EDGE_CURVE('',#3911,#3856,#3937,.T.);
#3937 = SURFACE_CURVE('',#3938,(#3943,#3950),.PCURVE_S1.);
#3938 = CIRCLE('',#3939,58.);
#3939 = AXIS2_PLACEMENT_3D('',#3940,#3941,#3942);
#3940 = CARTESIAN_POINT('',(0.,0.,53.5));
#3941 = DIRECTION('',(0.,0.,1.));
#3942 = DIRECTION('',(1.,0.,-0.));
#3943 = PCURVE('',#73,#3944);
#3944 = DEFINITIONAL_REPRESENTATION('',(#3945),#3949);
#3945 = LINE('',#3946,#3947);
#3946 = CARTESIAN_POINT('',(0.,8.5));
#3947 = VECTOR('',#3948,1.);
#3948 = DIRECTION('',(1.,0.));
#3949 = ( GEOMETRIC_REPRESENTATION_CONTEXT(2) 
PARAMETRIC_REPRESENTATION_CONTEXT() REPRESENTATION_CONTEXT('2D SPACE',''
  ) );
#3950 = PCURVE('',#3951,#3956);
#3951 = PLANE('',#3952);
#3952 = AXIS2_PLACEMENT_3D('',#3953,#3954,#3955);
#3953 = CARTESIAN_POINT('',(1.,-57.4,53.5));
#3954 = DIRECTION('',(0.,-0.,1.));
#3955 = DIRECTION('',(-1.,-1.224646799147E-16,0.));
#3956 = DEFINITIONAL_REPRESENTATION('',(#3957),#3961);
#3957 = CIRCLE('',#3958,58.);
#3958 = AXIS2_PLACEMENT_2D('',#3959,#3960);
#3959 = CARTESIAN_POINT('',(1.,-57.4));
#3960 = DIRECTION('',(-1.,1.224646799147E-16));
#3961 = ( GEOMETRIC_REPRESENTATION_CONTEXT(2) 
PARAMETRIC_REPRESENTATION_CONTEXT() REPRESENTATION_CONTEXT('2D SPACE',''
  ) );
#3962 = FACE_BOUND('',#3963,.T.);
#3963 = EDGE_LOOP('',(#3964));
#3964 = ORIENTED_EDGE('',*,*,#3965,.T.);
#3965 = EDGE_CURVE('',#3966,#3966,#3968,.T.);
#3966 = VERTEX_POINT('',#3967);
#3967 = CARTESIAN_POINT('',(40.118784119662,-41.88655107262,50.));
#3968 = SURFACE_CURVE('',#3969,(#4014,#4062),.PCURVE_S1.);
#3969 = B_SPLINE_CURVE_WITH_KNOTS('',7,(#3970,#3971,#3972,#3973,#3974,
    #3975,#3976,#3977,#3978,#3979,#3980,#3981,#3982,#3983,#3984,#3985,
    #3986,#3987,#3988,#3989,#3990,#3991,#3992,#3993,#3994,#3995,#3996,
    #3997,#3998,#3999,#4000,#4001,#4002,#4003,#4004,#4005,#4006,#4007,
    #4008,#4009,#4010,#4011,#4012,#4013),.UNSPECIFIED.,.T.,.F.,(8,6,6,6,
    6,6,6,8),(0.,0.151260624566,0.287062203548,0.424364902524,
    0.587322009794,0.713814311725,0.839614378226,1.),.UNSPECIFIED.);
#3970 = CARTESIAN_POINT('',(40.118784119662,-41.88655107262,50.));
#3971 = CARTESIAN_POINT('',(40.118784119662,-41.88655107262,
    50.150169601406));
#3972 = CARTESIAN_POINT('',(40.133987418866,-41.87198938196,
    50.300419919525));
#3973 = CARTESIAN_POINT('',(40.164426055667,-41.84283550644,
    50.44861408579));
#3974 = CARTESIAN_POINT('',(40.210401080221,-41.7987337824,
    50.592389313653));
#3975 = CARTESIAN_POINT('',(40.272310593727,-41.73917031991,
    50.728833298611));
#3976 = CARTESIAN_POINT('',(40.350501752689,-41.66358553011,
    50.85418118815));
#3977 = CARTESIAN_POINT('',(40.529678432683,-41.48926549986,
    51.060966018358));
#3978 = CARTESIAN_POINT('',(40.629693440417,-41.39156876532,
    51.148093478528));
#3979 = CARTESIAN_POINT('',(40.742785663276,-41.28050040366,
    51.215600257225));
#3980 = CARTESIAN_POINT('',(40.864772854302,-41.15985373086,
    51.257336118134));
#3981 = CARTESIAN_POINT('',(40.990402215311,-41.03460927412,
    51.270047519539));
#3982 = CARTESIAN_POINT('',(41.114213497754,-40.91025812097,
    51.253515891443));
#3983 = CARTESIAN_POINT('',(41.349916287698,-40.67201508909,
    51.167469054203));
#3984 = CARTESIAN_POINT('',(41.458296090971,-40.56165530711,
    51.098598531275));
#3985 = CARTESIAN_POINT('',(41.554519077136,-40.46301110859,
    51.00913234152));
#3986 = CARTESIAN_POINT('',(41.637489381388,-40.37748862608,
    50.903604186477));
#3987 = CARTESIAN_POINT('',(41.706680064426,-40.30588031726,
    50.786286064512));
#3988 = CARTESIAN_POINT('',(41.762069954947,-40.24839374865,
    50.661224780291));
#3989 = CARTESIAN_POINT('',(41.854106378743,-40.15269569685,
    50.37912023888));
#3990 = CARTESIAN_POINT('',(41.88679698502,-40.11855383776,
    50.215931340958));
#3991 = CARTESIAN_POINT('',(41.901520327098,-40.1031299631,
    50.047013091538));
#3992 = CARTESIAN_POINT('',(41.898012425662,-40.1068035302,
    49.876632972269));
#3993 = CARTESIAN_POINT('',(41.87631595885,-40.12951309454,
    49.708918032714));
#3994 = CARTESIAN_POINT('',(41.836672376929,-40.1708806803,
    49.547891684455));
#3995 = CARTESIAN_POINT('',(41.734999516022,-40.276468549,
    49.281308278952));
#3996 = CARTESIAN_POINT('',(41.679060356744,-40.33444269479,
    49.169031507528));
#3997 = CARTESIAN_POINT('',(41.611301018614,-40.40446283596,
    49.06423952217));
#3998 = CARTESIAN_POINT('',(41.531853057633,-40.48623501991,
    48.970315328439));
#3999 = CARTESIAN_POINT('',(41.441269467919,-40.57898857355,
    48.890741456631));
#4000 = CARTESIAN_POINT('',(41.340561374822,-40.68147082275,
    48.829115794598));
#4001 = CARTESIAN_POINT('',(41.122870165602,-40.90150815753,
    48.74964435494));
#4002 = CARTESIAN_POINT('',(41.0083232113,-41.01660820582,
    48.732416451541));
#4003 = CARTESIAN_POINT('',(40.891714358636,-41.13298417089,
    48.740280605674));
#4004 = CARTESIAN_POINT('',(40.777548819404,-41.24609098375,
    48.773358150245));
#4005 = CARTESIAN_POINT('',(40.670234781684,-41.35170821645,
    48.829310733316));
#4006 = CARTESIAN_POINT('',(40.573435385509,-41.44647302439,
    48.903432133373));
#4007 = CARTESIAN_POINT('',(40.382190304497,-41.63293303433,
    49.097475535957));
#4008 = CARTESIAN_POINT('',(40.29323303709,-41.71903499291,
    49.226898360387));
#4009 = CARTESIAN_POINT('',(40.222811283892,-41.7868280595,
    49.370135287801));
#4010 = CARTESIAN_POINT('',(40.170567793395,-41.8369530717,
    49.522397119218));
#4011 = CARTESIAN_POINT('',(40.136024271906,-41.87003846792,
    49.680020120636));
#4012 = CARTESIAN_POINT('',(40.118784119662,-41.88655107262,
    49.840086364446));
#4013 = CARTESIAN_POINT('',(40.118784119662,-41.88655107262,50.));
#4014 = PCURVE('',#73,#4015);
#4015 = DEFINITIONAL_REPRESENTATION('',(#4016),#4061);
#4016 = B_SPLINE_CURVE_WITH_KNOTS('',7,(#4017,#4018,#4019,#4020,#4021,
    #4022,#4023,#4024,#4025,#4026,#4027,#4028,#4029,#4030,#4031,#4032,
    #4033,#4034,#4035,#4036,#4037,#4038,#4039,#4040,#4041,#4042,#4043,
    #4044,#4045,#4046,#4047,#4048,#4049,#4050,#4051,#4052,#4053,#4054,
    #4055,#4056,#4057,#4058,#4059,#4060),.UNSPECIFIED.,.T.,.F.,(8,6,6,6,
    6,6,6,8),(0.,0.151260624566,0.287062203548,0.424364902524,
    0.587322009794,0.713814311725,0.839614378226,1.),.UNSPECIFIED.);
#4017 = CARTESIAN_POINT('',(5.476233750916,5.));
#4018 = CARTESIAN_POINT('',(5.476233750916,5.150169601406));
#4019 = CARTESIAN_POINT('',(5.476596714983,5.300419919525));
#4020 = CARTESIAN_POINT('',(5.477323405653,5.44861408579));
#4021 = CARTESIAN_POINT('',(5.478421813219,5.592389313653));
#4022 = CARTESIAN_POINT('',(5.479903022925,5.728833298611));
#4023 = CARTESIAN_POINT('',(5.48177804142,5.85418118815));
#4024 = CARTESIAN_POINT('',(5.486088101948,6.060966018358));
#4025 = CARTESIAN_POINT('',(5.488498664553,6.148093478528));
#4026 = CARTESIAN_POINT('',(5.49123161332,6.215600257225));
#4027 = CARTESIAN_POINT('',(5.494189690011,6.257336118134));
#4028 = CARTESIAN_POINT('',(5.497248185991,6.270047519539));
#4029 = CARTESIAN_POINT('',(5.500273649381,6.253515891443));
#4030 = CARTESIAN_POINT('',(5.506051841074,6.167469054203));
#4031 = CARTESIAN_POINT('',(5.508718694952,6.098598531275));
#4032 = CARTESIAN_POINT('',(5.511094581752,6.00913234152));
#4033 = CARTESIAN_POINT('',(5.513148988413,5.903604186477));
#4034 = CARTESIAN_POINT('',(5.514865788879,5.786286064512));
#4035 = CARTESIAN_POINT('',(5.516242158621,5.661224780291));
#4036 = CARTESIAN_POINT('',(5.518531358073,5.37912023888));
#4037 = CARTESIAN_POINT('',(5.519346335887,5.215931340958));
#4038 = CARTESIAN_POINT('',(5.519713975484,5.047013091538));
#4039 = CARTESIAN_POINT('',(5.519626399211,4.876632972269));
#4040 = CARTESIAN_POINT('',(5.519084881736,4.708918032714));
#4041 = CARTESIAN_POINT('',(5.518097013614,4.547891684455));
#4042 = CARTESIAN_POINT('',(5.51556974446,4.281308278952));
#4043 = CARTESIAN_POINT('',(5.514180749963,4.169031507528));
#4044 = CARTESIAN_POINT('',(5.512500788871,4.06423952217));
#4045 = CARTESIAN_POINT('',(5.5105350776,3.970315328439));
#4046 = CARTESIAN_POINT('',(5.508299782483,3.890741456631));
#4047 = CARTESIAN_POINT('',(5.505822507853,3.829115794598));
#4048 = CARTESIAN_POINT('',(5.500485865309,3.74964435494));
#4049 = CARTESIAN_POINT('',(5.497686128721,3.732416451541));
#4050 = CARTESIAN_POINT('',(5.494845720916,3.740280605674));
#4051 = CARTESIAN_POINT('',(5.492074931913,3.773358150245));
#4052 = CARTESIAN_POINT('',(5.489478913304,3.829310733316));
#4053 = CARTESIAN_POINT('',(5.487143332301,3.903432133373));
#4054 = CARTESIAN_POINT('',(5.482538172593,4.097475535957));
#4055 = CARTESIAN_POINT('',(5.480403669006,4.226898360387));
#4056 = CARTESIAN_POINT('',(5.478718324543,4.370135287801));
#4057 = CARTESIAN_POINT('',(5.477470032339,4.522397119218));
#4058 = CARTESIAN_POINT('',(5.476645343132,4.680020120636));
#4059 = CARTESIAN_POINT('',(5.476233750916,4.840086364446));
#4060 = CARTESIAN_POINT('',(5.476233750916,5.));
#4061 = ( GEOMETRIC_REPRESENTATION_CONTEXT(2) 
PARAMETRIC_REPRESENTATION_CONTEXT() REPRESENTATION_CONTEXT('2D SPACE',''
  ) );
#4062 = PCURVE('',#4063,#4068);
#4063 = CYLINDRICAL_SURFACE('',#4064,1.25);
#4064 = AXIS2_PLACEMENT_3D('',#4065,#4066,#4067);
#4065 = CARTESIAN_POINT('',(54.800775541957,-54.80077554195,50.));
#4066 = DIRECTION('',(-0.707106781187,0.707106781187,2.22044604925E-16)
  );
#4067 = DIRECTION('',(-0.707106781187,-0.707106781187,0.));
#4068 = DEFINITIONAL_REPRESENTATION('',(#4069),#4114);
#4069 = B_SPLINE_CURVE_WITH_KNOTS('',7,(#4070,#4071,#4072,#4073,#4074,
    #4075,#4076,#4077,#4078,#4079,#4080,#4081,#4082,#4083,#4084,#4085,
    #4086,#4087,#4088,#4089,#4090,#4091,#4092,#4093,#4094,#4095,#4096,
    #4097,#4098,#4099,#4100,#4101,#4102,#4103,#4104,#4105,#4106,#4107,
    #4108,#4109,#4110,#4111,#4112,#4113),.UNSPECIFIED.,.F.,.F.,(8,6,6,6,
    6,6,6,8),(0.,0.151260624566,0.287062203548,0.424364902524,
    0.587322009794,0.713814311725,0.839614378226,1.),.UNSPECIFIED.);
#4070 = CARTESIAN_POINT('',(0.,19.513471392055));
#4071 = CARTESIAN_POINT('',(0.120135681125,19.513471392055));
#4072 = CARTESIAN_POINT('',(0.240335447978,19.513017706304));
#4073 = CARTESIAN_POINT('',(0.36172500137,19.51210924289));
#4074 = CARTESIAN_POINT('',(0.485250520496,19.510784619394));
#4075 = CARTESIAN_POINT('',(0.611948754325,19.509125710811));
#4076 = CARTESIAN_POINT('',(0.742895061869,19.507282729506));
#4077 = CARTESIAN_POINT('',(1.002420694457,19.503848559533));
#4078 = CARTESIAN_POINT('',(1.13302733127,19.50220929284));
#4079 = CARTESIAN_POINT('',(1.268174510471,19.50077820686));
#4080 = CARTESIAN_POINT('',(1.406033807022,19.499830317337));
#4081 = CARTESIAN_POINT('',(1.545224450189,19.499558148912));
#4082 = CARTESIAN_POINT('',(1.68448423787,19.499939895155));
#4083 = CARTESIAN_POINT('',(1.961284676266,19.501736117455));
#4084 = CARTESIAN_POINT('',(2.09483748521,19.503136173825));
#4085 = CARTESIAN_POINT('',(2.223805803774,19.504848229501));
#4086 = CARTESIAN_POINT('',(2.34874013106,19.506652892047));
#4087 = CARTESIAN_POINT('',(2.470000460719,19.508362411633));
#4088 = CARTESIAN_POINT('',(2.587714148064,19.509844986928));
#4089 = CARTESIAN_POINT('',(2.837135993392,19.51243414892));
#4090 = CARTESIAN_POINT('',(2.97135897155,19.513460339627));
#4091 = CARTESIAN_POINT('',(3.104946382574,19.513955690967));
#4092 = CARTESIAN_POINT('',(3.238391423814,19.513838547649));
#4093 = CARTESIAN_POINT('',(3.372268343732,19.513122179521));
#4094 = CARTESIAN_POINT('',(3.507232635758,19.511903124711));
#4095 = CARTESIAN_POINT('',(3.750602598876,19.509134796159));
#4096 = CARTESIAN_POINT('',(3.860357227207,19.507695843397));
#4097 = CARTESIAN_POINT('',(3.973335171206,19.506097214234));
#4098 = CARTESIAN_POINT('',(4.089573169822,19.504453740412));
#4099 = CARTESIAN_POINT('',(4.209295157317,19.502919344203));
#4100 = CARTESIAN_POINT('',(4.332886686641,19.501664826389));
#4101 = CARTESIAN_POINT('',(4.588535006124,19.500005865099));
#4102 = CARTESIAN_POINT('',(4.717788768506,19.499614768589));
#4103 = CARTESIAN_POINT('',(4.847264951333,19.499779444983));
#4104 = CARTESIAN_POINT('',(4.975780437249,19.500528077582));
#4105 = CARTESIAN_POINT('',(5.102091722825,19.501727899918));
#4106 = CARTESIAN_POINT('',(5.22461528412,19.50316657106));
#4107 = CARTESIAN_POINT('',(5.488716367741,19.50655012726));
#4108 = CARTESIAN_POINT('',(5.629691181808,19.508569135493));
#4109 = CARTESIAN_POINT('',(5.765589408027,19.510427897618));
#4110 = CARTESIAN_POINT('',(5.897680168826,19.51192588799));
#4111 = CARTESIAN_POINT('',(6.027202250211,19.512956938259));
#4112 = CARTESIAN_POINT('',(6.155254398736,19.513471392055));
#4113 = CARTESIAN_POINT('',(6.28318530718,19.513471392055));
#4114 = ( GEOMETRIC_REPRESENTATION_CONTEXT(2) 
PARAMETRIC_REPRESENTATION_CONTEXT() REPRESENTATION_CONTEXT('2D SPACE',''
  ) );
#4115 = FACE_BOUND('',#4116,.T.);
#4116 = EDGE_LOOP('',(#4117));
#4117 = ORIENTED_EDGE('',*,*,#4118,.F.);
#4118 = EDGE_CURVE('',#4119,#4119,#4121,.T.);
#4119 = VERTEX_POINT('',#4120);
#4120 = CARTESIAN_POINT('',(11.049973410172,-56.9376684422,52.5));
#4121 = SURFACE_CURVE('',#4122,(#4167,#4215),.PCURVE_S1.);
#4122 = B_SPLINE_CURVE_WITH_KNOTS('',7,(#4123,#4124,#4125,#4126,#4127,
    #4128,#4129,#4130,#4131,#4132,#4133,#4134,#4135,#4136,#4137,#4138,
    #4139,#4140,#4141,#4142,#4143,#4144,#4145,#4146,#4147,#4148,#4149,
    #4150,#4151,#4152,#4153,#4154,#4155,#4156,#4157,#4158,#4159,#4160,
    #4161,#4162,#4163,#4164,#4165,#4166),.UNSPECIFIED.,.T.,.F.,(8,6,6,6,
    6,6,6,8),(0.,0.150224309571,0.287143235727,0.424673554012,
    0.587485870278,0.714058469821,0.840790487667,1.),.UNSPECIFIED.);
#4123 = CARTESIAN_POINT('',(11.049973410172,-56.9376684422,52.5));
#4124 = CARTESIAN_POINT('',(11.049973410172,-56.9376684422,
    52.367471603379));
#4125 = CARTESIAN_POINT('',(11.068263468188,-56.93411885148,
    52.234813155732));
#4126 = CARTESIAN_POINT('',(11.10491021801,-56.92700683462,
    52.104056620952));
#4127 = CARTESIAN_POINT('',(11.160232254444,-56.91623182176,
    51.977417756634));
#4128 = CARTESIAN_POINT('',(11.234609987271,-56.90164314307,
    51.85754374662));
#4129 = CARTESIAN_POINT('',(11.328349064495,-56.88305352682,
    51.747730278496));
#4130 = CARTESIAN_POINT('',(11.544219216349,-56.83961670363,
    51.565580862218));
#4131 = CARTESIAN_POINT('',(11.665330049234,-56.81502080924,
    51.488904734788));
#4132 = CARTESIAN_POINT('',(11.802076277167,-56.78690903798,
    51.429826599969));
#4133 = CARTESIAN_POINT('',(11.94961118062,-56.75610499114,
    51.393450035605));
#4134 = CARTESIAN_POINT('',(12.101841683558,-56.72376580552,
    51.38245608436));
#4135 = CARTESIAN_POINT('',(12.25229909148,-56.69129183063,
    51.396996569974));
#4136 = CARTESIAN_POINT('',(12.538769073034,-56.62862230491,
    51.472288203139));
#4137 = CARTESIAN_POINT('',(12.671065570834,-56.59923585889,
    51.532286646549));
#4138 = CARTESIAN_POINT('',(12.789377682752,-56.57258858863,
    51.610522775125));
#4139 = CARTESIAN_POINT('',(12.892007403881,-56.54921295026,
    51.70320993985));
#4140 = CARTESIAN_POINT('',(12.977963239484,-56.52947229642,
    51.806665131771));
#4141 = CARTESIAN_POINT('',(13.046935984593,-56.5135413632,
    51.917298057017));
#4142 = CARTESIAN_POINT('',(13.161421012351,-56.48699899561,
    52.167007325194));
#4143 = CARTESIAN_POINT('',(13.201776118288,-56.47755920657,
    52.310815028303));
#4144 = CARTESIAN_POINT('',(13.219783186931,-56.47332225029,
    52.459155854495));
#4145 = CARTESIAN_POINT('',(13.21537295557,-56.47435971328,
    52.608441861619));
#4146 = CARTESIAN_POINT('',(13.188721272192,-56.48061921423,
    52.755440732771));
#4147 = CARTESIAN_POINT('',(13.139938122513,-56.49201145877,
    52.897117016055));
#4148 = CARTESIAN_POINT('',(13.013481826831,-56.52125718323,
    53.133178990277));
#4149 = CARTESIAN_POINT('',(12.943909310249,-56.53728077149,
    53.232464333613));
#4150 = CARTESIAN_POINT('',(12.859855475122,-56.55652526057,
    53.324838925581));
#4151 = CARTESIAN_POINT('',(12.7617148343,-56.57881230578,
    53.407325396556));
#4152 = CARTESIAN_POINT('',(12.650428297243,-56.60381755396,
    53.47693793063));
#4153 = CARTESIAN_POINT('',(12.527516719448,-56.63108392291,
    53.530669202988));
#4154 = CARTESIAN_POINT('',(12.262746640134,-56.68900627556,
    53.600257547206));
#4155 = CARTESIAN_POINT('',(12.123446985175,-56.71910144067,
    53.615387487359));
#4156 = CARTESIAN_POINT('',(11.982052933833,-56.74920715984,
    53.608586970913));
#4157 = CARTESIAN_POINT('',(11.84389509613,-56.77816194112,
    53.579739329217));
#4158 = CARTESIAN_POINT('',(11.714089145717,-56.804972308,
    53.530767402806));
#4159 = CARTESIAN_POINT('',(11.596870498304,-56.8288961361,
    53.465563095146));
#4160 = CARTESIAN_POINT('',(11.366603064418,-56.87545555691,
    53.294888973212));
#4161 = CARTESIAN_POINT('',(11.259930363753,-56.89667331101,
    53.181610355891));
#4162 = CARTESIAN_POINT('',(11.175277605911,-56.91330078978,
    53.055824414408));
#4163 = CARTESIAN_POINT('',(11.112358037769,-56.92556147384,
    52.921704554339));
#4164 = CARTESIAN_POINT('',(11.070729132941,-56.93364032492,
    52.782575167778));
#4165 = CARTESIAN_POINT('',(11.049973410172,-56.9376684422,
    52.641179394812));
#4166 = CARTESIAN_POINT('',(11.049973410172,-56.9376684422,52.5));
#4167 = PCURVE('',#73,#4168);
#4168 = DEFINITIONAL_REPRESENTATION('',(#4169),#4214);
#4169 = B_SPLINE_CURVE_WITH_KNOTS('',7,(#4170,#4171,#4172,#4173,#4174,
    #4175,#4176,#4177,#4178,#4179,#4180,#4181,#4182,#4183,#4184,#4185,
    #4186,#4187,#4188,#4189,#4190,#4191,#4192,#4193,#4194,#4195,#4196,
    #4197,#4198,#4199,#4200,#4201,#4202,#4203,#4204,#4205,#4206,#4207,
    #4208,#4209,#4210,#4211,#4212,#4213),.UNSPECIFIED.,.T.,.F.,(8,6,6,6,
    6,6,6,8),(0.,0.150224309571,0.287143235727,0.424673554012,
    0.587485870278,0.714058469821,0.840790487667,1.),.UNSPECIFIED.);
#4170 = CARTESIAN_POINT('',(4.904077525018,7.5));
#4171 = CARTESIAN_POINT('',(4.904077525018,7.367471603379));
#4172 = CARTESIAN_POINT('',(4.904398754556,7.234813155732));
#4173 = CARTESIAN_POINT('',(4.905042383559,7.104056620952));
#4174 = CARTESIAN_POINT('',(4.906014134943,6.977417756634));
#4175 = CARTESIAN_POINT('',(4.907320941965,6.85754374662));
#4176 = CARTESIAN_POINT('',(4.908968600652,6.747730278496));
#4177 = CARTESIAN_POINT('',(4.912765099135,6.565580862218));
#4178 = CARTESIAN_POINT('',(4.914895839347,6.488904734788));
#4179 = CARTESIAN_POINT('',(4.917302826513,6.429826599969));
#4180 = CARTESIAN_POINT('',(4.919901359478,6.393450035605));
#4181 = CARTESIAN_POINT('',(4.922584570502,6.38245608436));
#4182 = CARTESIAN_POINT('',(4.925238388288,6.396996569974));
#4183 = CARTESIAN_POINT('',(4.930294333323,6.472288203139));
#4184 = CARTESIAN_POINT('',(4.932630889329,6.532286646549));
#4185 = CARTESIAN_POINT('',(4.934721839278,6.610522775125));
#4186 = CARTESIAN_POINT('',(4.936536629367,6.70320993985));
#4187 = CARTESIAN_POINT('',(4.938057205478,6.806665131771));
#4188 = CARTESIAN_POINT('',(4.939277699193,6.917298057017));
#4189 = CARTESIAN_POINT('',(4.941303933118,7.167007325194));
#4190 = CARTESIAN_POINT('',(4.942018491574,7.310815028303));
#4191 = CARTESIAN_POINT('',(4.94233743723,7.459155854495));
#4192 = CARTESIAN_POINT('',(4.94225932313,7.608441861619));
#4193 = CARTESIAN_POINT('',(4.941787307433,7.755440732771));
#4194 = CARTESIAN_POINT('',(4.940923590488,7.897117016055));
#4195 = CARTESIAN_POINT('',(4.938685761262,8.133178990277));
#4196 = CARTESIAN_POINT('',(4.9374548324,8.232464333613));
#4197 = CARTESIAN_POINT('',(4.93596813145,8.324838925581));
#4198 = CARTESIAN_POINT('',(4.934232974677,8.407325396556));
#4199 = CARTESIAN_POINT('',(4.932266412528,8.47693793063));
#4200 = CARTESIAN_POINT('',(4.930095739108,8.530669202988));
#4201 = CARTESIAN_POINT('',(4.925422778399,8.600257547206));
#4202 = CARTESIAN_POINT('',(4.922965656393,8.615387487359));
#4203 = CARTESIAN_POINT('',(4.920473198951,8.608586970913));
#4204 = CARTESIAN_POINT('',(4.918039437703,8.579739329217));
#4205 = CARTESIAN_POINT('',(4.915754175945,8.530767402806));
#4206 = CARTESIAN_POINT('',(4.913691505027,8.465563095146));
#4207 = CARTESIAN_POINT('',(4.909641033072,8.294888973212));
#4208 = CARTESIAN_POINT('',(4.907765828807,8.181610355891));
#4209 = CARTESIAN_POINT('',(4.90627841417,8.055824414408));
#4210 = CARTESIAN_POINT('',(4.90517318991,7.921704554339));
#4211 = CARTESIAN_POINT('',(4.904442059235,7.782575167778));
#4212 = CARTESIAN_POINT('',(4.904077525018,7.641179394812));
#4213 = CARTESIAN_POINT('',(4.904077525018,7.5));
#4214 = ( GEOMETRIC_REPRESENTATION_CONTEXT(2) 
PARAMETRIC_REPRESENTATION_CONTEXT() REPRESENTATION_CONTEXT('2D SPACE',''
  ) );
#4215 = PCURVE('',#4216,#4221);
#4216 = CYLINDRICAL_SURFACE('',#4217,1.1);
#4217 = AXIS2_PLACEMENT_3D('',#4218,#4219,#4220);
#4218 = CARTESIAN_POINT('',(12.002377880863,-56.13112260773,52.5));
#4219 = DIRECTION('',(0.209100659945,-0.977894122086,2.22044604925E-16)
  );
#4220 = DIRECTION('',(-0.977894122086,-0.209100659945,0.));
#4221 = DEFINITIONAL_REPRESENTATION('',(#4222),#4267);
#4222 = B_SPLINE_CURVE_WITH_KNOTS('',7,(#4223,#4224,#4225,#4226,#4227,
    #4228,#4229,#4230,#4231,#4232,#4233,#4234,#4235,#4236,#4237,#4238,
    #4239,#4240,#4241,#4242,#4243,#4244,#4245,#4246,#4247,#4248,#4249,
    #4250,#4251,#4252,#4253,#4254,#4255,#4256,#4257,#4258,#4259,#4260,
    #4261,#4262,#4263,#4264,#4265,#4266),.UNSPECIFIED.,.F.,.F.,(8,6,6,6,
    6,6,6,8),(0.,0.150224309571,0.287143235727,0.424673554012,
    0.587485870278,0.714058469821,0.840790487667,1.),.UNSPECIFIED.);
#4223 = CARTESIAN_POINT('',(0.,0.589568027362));
#4224 = CARTESIAN_POINT('',(0.120480360565,0.589568027362));
#4225 = CARTESIAN_POINT('',(0.24107857353,0.589921366664));
#4226 = CARTESIAN_POINT('',(0.36280630464,0.590629426751));
#4227 = CARTESIAN_POINT('',(0.486523737957,0.591660479338));
#4228 = CARTESIAN_POINT('',(0.613169819831,0.592946729215));
#4229 = CARTESIAN_POINT('',(0.743736910453,0.594368955665));
#4230 = CARTESIAN_POINT('',(1.003517497782,0.597030932797));
#4231 = CARTESIAN_POINT('',(1.134511261592,0.598303107333));
#4232 = CARTESIAN_POINT('',(1.269633128812,0.599406497959));
#4233 = CARTESIAN_POINT('',(1.407215544896,0.6001330473));
#4234 = CARTESIAN_POINT('',(1.545995765519,0.600340246391));
#4235 = CARTESIAN_POINT('',(1.684815261471,0.600044880521));
#4236 = CARTESIAN_POINT('',(1.96004534831,0.598661781881));
#4237 = CARTESIAN_POINT('',(2.092936882751,0.597588234048));
#4238 = CARTESIAN_POINT('',(2.221687907954,0.596269165774));
#4239 = CARTESIAN_POINT('',(2.346775527903,0.594870208829));
#4240 = CARTESIAN_POINT('',(2.468486521635,0.593539361423));
#4241 = CARTESIAN_POINT('',(2.586886128122,0.592382841988));
#4242 = CARTESIAN_POINT('',(2.837772112352,0.590366111591));
#4243 = CARTESIAN_POINT('',(2.972102454896,0.589573276664));
#4244 = CARTESIAN_POINT('',(3.105393964842,0.589195271958));
#4245 = CARTESIAN_POINT('',(3.238303375322,0.58928761863));
#4246 = CARTESIAN_POINT('',(3.371664826663,0.58983586323));
#4247 = CARTESIAN_POINT('',(3.506466712925,0.590775683407));
#4248 = CARTESIAN_POINT('',(3.751360195577,0.592932810576));
#4249 = CARTESIAN_POINT('',(3.861719697411,0.594054524216));
#4250 = CARTESIAN_POINT('',(3.975074389574,0.595297884579));
#4251 = CARTESIAN_POINT('',(4.091430116322,0.596570982327));
#4252 = CARTESIAN_POINT('',(4.210946873335,0.5977533792));
#4253 = CARTESIAN_POINT('',(4.333950816739,0.598716109091));
#4254 = CARTESIAN_POINT('',(4.588332415561,0.59999443897));
#4255 = CARTESIAN_POINT('',(4.717239877177,0.600296674246));
#4256 = CARTESIAN_POINT('',(4.84636370296,0.600171290616));
#4257 = CARTESIAN_POINT('',(4.974623634228,0.599597105998));
#4258 = CARTESIAN_POINT('',(5.100886583905,0.598672296282));
#4259 = CARTESIAN_POINT('',(5.223713018117,0.597556770631));
#4260 = CARTESIAN_POINT('',(5.487684072278,0.594937882182));
#4261 = CARTESIAN_POINT('',(5.628198537211,0.59338126709));
#4262 = CARTESIAN_POINT('',(5.764033782948,0.591940233313));
#4263 = CARTESIAN_POINT('',(5.896362073757,0.590773360971));
#4264 = CARTESIAN_POINT('',(6.026299444017,0.589968990477));
#4265 = CARTESIAN_POINT('',(6.154840402805,0.589568027362));
#4266 = CARTESIAN_POINT('',(6.28318530718,0.589568027362));
#4267 = ( GEOMETRIC_REPRESENTATION_CONTEXT(2) 
PARAMETRIC_REPRESENTATION_CONTEXT() REPRESENTATION_CONTEXT('2D SPACE',''
  ) );
#4268 = ADVANCED_FACE('',(#4269,#4397),#102,.F.);
#4269 = FACE_BOUND('',#4270,.F.);
#4270 = EDGE_LOOP('',(#4271,#4272,#4273,#4294,#4323,#4349,#4378));
#4271 = ORIENTED_EDGE('',*,*,#3317,.T.);
#4272 = ORIENTED_EDGE('',*,*,#85,.T.);
#4273 = ORIENTED_EDGE('',*,*,#4274,.F.);
#4274 = EDGE_CURVE('',#4275,#86,#4277,.T.);
#4275 = VERTEX_POINT('',#4276);
#4276 = CARTESIAN_POINT('',(-38.59754138147,-42.91246671195,45.));
#4277 = SURFACE_CURVE('',#4278,(#4282,#4288),.PCURVE_S1.);
#4278 = LINE('',#4279,#4280);
#4279 = CARTESIAN_POINT('',(-20.84399819849,-19.35271916556,45.));
#4280 = VECTOR('',#4281,1.);
#4281 = DIRECTION('',(-0.601815023152,-0.798635510047,0.));
#4282 = PCURVE('',#102,#4283);
#4283 = DEFINITIONAL_REPRESENTATION('',(#4284),#4287);
#4284 = B_SPLINE_CURVE_WITH_KNOTS('',1,(#4285,#4286),.UNSPECIFIED.,.F.,
  .F.,(2,2),(29.5,34.5),.PIECEWISE_BEZIER_KNOTS.);
#4285 = CARTESIAN_POINT('',(-38.59754138147,-42.91246671195));
#4286 = CARTESIAN_POINT('',(-41.60661649723,-46.90564426219));
#4287 = ( GEOMETRIC_REPRESENTATION_CONTEXT(2) 
PARAMETRIC_REPRESENTATION_CONTEXT() REPRESENTATION_CONTEXT('2D SPACE',''
  ) );
#4288 = PCURVE('',#129,#4289);
#4289 = DEFINITIONAL_REPRESENTATION('',(#4290),#4293);
#4290 = B_SPLINE_CURVE_WITH_KNOTS('',1,(#4291,#4292),.UNSPECIFIED.,.F.,
  .F.,(2,2),(29.5,34.5),.PIECEWISE_BEZIER_KNOTS.);
#4291 = CARTESIAN_POINT('',(1.2,-1.5));
#4292 = CARTESIAN_POINT('',(1.2,-6.5));
#4293 = ( GEOMETRIC_REPRESENTATION_CONTEXT(2) 
PARAMETRIC_REPRESENTATION_CONTEXT() REPRESENTATION_CONTEXT('2D SPACE',''
  ) );
#4294 = ORIENTED_EDGE('',*,*,#4295,.F.);
#4295 = EDGE_CURVE('',#4296,#4275,#4298,.T.);
#4296 = VERTEX_POINT('',#4297);
#4297 = CARTESIAN_POINT('',(-36.49686558168,-42.61723598161,45.));
#4298 = SURFACE_CURVE('',#4299,(#4304,#4311),.PCURVE_S1.);
#4299 = CIRCLE('',#4300,1.5);
#4300 = AXIS2_PLACEMENT_3D('',#4301,#4302,#4303);
#4301 = CARTESIAN_POINT('',(-37.3995881164,-43.81518924668,45.));
#4302 = DIRECTION('',(0.,0.,1.));
#4303 = DIRECTION('',(-0.798635510047,0.601815023152,0.));
#4304 = PCURVE('',#102,#4305);
#4305 = DEFINITIONAL_REPRESENTATION('',(#4306),#4310);
#4306 = CIRCLE('',#4307,1.5);
#4307 = AXIS2_PLACEMENT_2D('',#4308,#4309);
#4308 = CARTESIAN_POINT('',(-37.3995881164,-43.81518924668));
#4309 = DIRECTION('',(-0.798635510047,0.601815023152));
#4310 = ( GEOMETRIC_REPRESENTATION_CONTEXT(2) 
PARAMETRIC_REPRESENTATION_CONTEXT() REPRESENTATION_CONTEXT('2D SPACE',''
  ) );
#4311 = PCURVE('',#4312,#4317);
#4312 = CYLINDRICAL_SURFACE('',#4313,1.5);
#4313 = AXIS2_PLACEMENT_3D('',#4314,#4315,#4316);
#4314 = CARTESIAN_POINT('',(-37.3995881164,-43.81518924668,43.8));
#4315 = DIRECTION('',(0.,0.,1.));
#4316 = DIRECTION('',(-0.798635510047,0.601815023152,0.));
#4317 = DEFINITIONAL_REPRESENTATION('',(#4318),#4322);
#4318 = LINE('',#4319,#4320);
#4319 = CARTESIAN_POINT('',(-6.28318530718,1.2));
#4320 = VECTOR('',#4321,1.);
#4321 = DIRECTION('',(1.,-0.));
#4322 = ( GEOMETRIC_REPRESENTATION_CONTEXT(2) 
PARAMETRIC_REPRESENTATION_CONTEXT() REPRESENTATION_CONTEXT('2D SPACE',''
  ) );
#4323 = ORIENTED_EDGE('',*,*,#4324,.T.);
#4324 = EDGE_CURVE('',#4296,#4325,#4327,.T.);
#4325 = VERTEX_POINT('',#4326);
#4326 = CARTESIAN_POINT('',(-30.90641701134,-46.82994114368,45.));
#4327 = SURFACE_CURVE('',#4328,(#4332,#4338),.PCURVE_S1.);
#4328 = LINE('',#4329,#4330);
#4329 = CARTESIAN_POINT('',(-31.70505252139,-46.22812612052,45.));
#4330 = VECTOR('',#4331,1.);
#4331 = DIRECTION('',(0.798635510047,-0.601815023152,0.));
#4332 = PCURVE('',#102,#4333);
#4333 = DEFINITIONAL_REPRESENTATION('',(#4334),#4337);
#4334 = B_SPLINE_CURVE_WITH_KNOTS('',1,(#4335,#4336),.UNSPECIFIED.,.F.,
  .F.,(2,2),(-6.,1.),.PIECEWISE_BEZIER_KNOTS.);
#4335 = CARTESIAN_POINT('',(-36.49686558168,-42.61723598161));
#4336 = CARTESIAN_POINT('',(-30.90641701134,-46.82994114368));
#4337 = ( GEOMETRIC_REPRESENTATION_CONTEXT(2) 
PARAMETRIC_REPRESENTATION_CONTEXT() REPRESENTATION_CONTEXT('2D SPACE',''
  ) );
#4338 = PCURVE('',#4339,#4344);
#4339 = PLANE('',#4340);
#4340 = AXIS2_PLACEMENT_3D('',#4341,#4342,#4343);
#4341 = CARTESIAN_POINT('',(-29.70846374627,-47.7326636784,43.8));
#4342 = DIRECTION('',(-0.601815023152,-0.798635510047,0.));
#4343 = DIRECTION('',(0.,0.,1.));
#4344 = DEFINITIONAL_REPRESENTATION('',(#4345),#4348);
#4345 = B_SPLINE_CURVE_WITH_KNOTS('',1,(#4346,#4347),.UNSPECIFIED.,.F.,
  .F.,(2,2),(-6.,1.),.PIECEWISE_BEZIER_KNOTS.);
#4346 = CARTESIAN_POINT('',(1.2,8.5));
#4347 = CARTESIAN_POINT('',(1.2,1.5));
#4348 = ( GEOMETRIC_REPRESENTATION_CONTEXT(2) 
PARAMETRIC_REPRESENTATION_CONTEXT() REPRESENTATION_CONTEXT('2D SPACE',''
  ) );
#4349 = ORIENTED_EDGE('',*,*,#4350,.F.);
#4350 = EDGE_CURVE('',#4351,#4325,#4353,.T.);
#4351 = VERTEX_POINT('',#4352);
#4352 = CARTESIAN_POINT('',(-30.611186281,-48.93061694348,45.));
#4353 = SURFACE_CURVE('',#4354,(#4359,#4366),.PCURVE_S1.);
#4354 = CIRCLE('',#4355,1.5);
#4355 = AXIS2_PLACEMENT_3D('',#4356,#4357,#4358);
#4356 = CARTESIAN_POINT('',(-31.80913954607,-48.02789440875,45.));
#4357 = DIRECTION('',(0.,0.,1.));
#4358 = DIRECTION('',(0.798635510047,-0.601815023152,0.));
#4359 = PCURVE('',#102,#4360);
#4360 = DEFINITIONAL_REPRESENTATION('',(#4361),#4365);
#4361 = CIRCLE('',#4362,1.5);
#4362 = AXIS2_PLACEMENT_2D('',#4363,#4364);
#4363 = CARTESIAN_POINT('',(-31.80913954607,-48.02789440875));
#4364 = DIRECTION('',(0.798635510047,-0.601815023152));
#4365 = ( GEOMETRIC_REPRESENTATION_CONTEXT(2) 
PARAMETRIC_REPRESENTATION_CONTEXT() REPRESENTATION_CONTEXT('2D SPACE',''
  ) );
#4366 = PCURVE('',#4367,#4372);
#4367 = CYLINDRICAL_SURFACE('',#4368,1.5);
#4368 = AXIS2_PLACEMENT_3D('',#4369,#4370,#4371);
#4369 = CARTESIAN_POINT('',(-31.80913954607,-48.02789440875,43.8));
#4370 = DIRECTION('',(0.,0.,1.));
#4371 = DIRECTION('',(0.798635510047,-0.601815023152,0.));
#4372 = DEFINITIONAL_REPRESENTATION('',(#4373),#4377);
#4373 = LINE('',#4374,#4375);
#4374 = CARTESIAN_POINT('',(3.253181120318E-18,1.2));
#4375 = VECTOR('',#4376,1.);
#4376 = DIRECTION('',(1.,0.));
#4377 = ( GEOMETRIC_REPRESENTATION_CONTEXT(2) 
PARAMETRIC_REPRESENTATION_CONTEXT() REPRESENTATION_CONTEXT('2D SPACE',''
  ) );
#4378 = ORIENTED_EDGE('',*,*,#4379,.T.);
#4379 = EDGE_CURVE('',#4351,#3318,#4380,.T.);
#4380 = SURFACE_CURVE('',#4381,(#4385,#4391),.PCURVE_S1.);
#4381 = LINE('',#4382,#4383);
#4382 = CARTESIAN_POINT('',(-12.85764309802,-25.37086939708,45.));
#4383 = VECTOR('',#4384,1.);
#4384 = DIRECTION('',(-0.601815023152,-0.798635510047,0.));
#4385 = PCURVE('',#102,#4386);
#4386 = DEFINITIONAL_REPRESENTATION('',(#4387),#4390);
#4387 = B_SPLINE_CURVE_WITH_KNOTS('',1,(#4388,#4389),.UNSPECIFIED.,.F.,
  .F.,(2,2),(29.5,34.5),.PIECEWISE_BEZIER_KNOTS.);
#4388 = CARTESIAN_POINT('',(-30.611186281,-48.93061694348));
#4389 = CARTESIAN_POINT('',(-33.62026139676,-52.92379449371));
#4390 = ( GEOMETRIC_REPRESENTATION_CONTEXT(2) 
PARAMETRIC_REPRESENTATION_CONTEXT() REPRESENTATION_CONTEXT('2D SPACE',''
  ) );
#4391 = PCURVE('',#3076,#4392);
#4392 = DEFINITIONAL_REPRESENTATION('',(#4393),#4396);
#4393 = B_SPLINE_CURVE_WITH_KNOTS('',1,(#4394,#4395),.UNSPECIFIED.,.F.,
  .F.,(2,2),(29.5,34.5),.PIECEWISE_BEZIER_KNOTS.);
#4394 = CARTESIAN_POINT('',(1.2,-1.5));
#4395 = CARTESIAN_POINT('',(1.2,-6.5));
#4396 = ( GEOMETRIC_REPRESENTATION_CONTEXT(2) 
PARAMETRIC_REPRESENTATION_CONTEXT() REPRESENTATION_CONTEXT('2D SPACE',''
  ) );
#4397 = FACE_BOUND('',#4398,.F.);
#4398 = EDGE_LOOP('',(#4399));
#4399 = ORIENTED_EDGE('',*,*,#4400,.F.);
#4400 = EDGE_CURVE('',#4401,#4401,#4403,.T.);
#4401 = VERTEX_POINT('',#4402);
#4402 = CARTESIAN_POINT('',(39.2,-9.601230905315E-15,45.));
#4403 = SURFACE_CURVE('',#4404,(#4409,#4416),.PCURVE_S1.);
#4404 = CIRCLE('',#4405,39.2);
#4405 = AXIS2_PLACEMENT_3D('',#4406,#4407,#4408);
#4406 = CARTESIAN_POINT('',(0.,0.,45.));
#4407 = DIRECTION('',(0.,0.,1.));
#4408 = DIRECTION('',(1.,0.,-0.));
#4409 = PCURVE('',#102,#4410);
#4410 = DEFINITIONAL_REPRESENTATION('',(#4411),#4415);
#4411 = CIRCLE('',#4412,39.2);
#4412 = AXIS2_PLACEMENT_2D('',#4413,#4414);
#4413 = CARTESIAN_POINT('',(0.,0.));
#4414 = DIRECTION('',(1.,0.));
#4415 = ( GEOMETRIC_REPRESENTATION_CONTEXT(2) 
PARAMETRIC_REPRESENTATION_CONTEXT() REPRESENTATION_CONTEXT('2D SPACE',''
  ) );
#4416 = PCURVE('',#3302,#4417);
#4417 = DEFINITIONAL_REPRESENTATION('',(#4418),#4422);
#4418 = LINE('',#4419,#4420);
#4419 = CARTESIAN_POINT('',(0.,1.));
#4420 = VECTOR('',#4421,1.);
#4421 = DIRECTION('',(1.,0.));
#4422 = ( GEOMETRIC_REPRESENTATION_CONTEXT(2) 
PARAMETRIC_REPRESENTATION_CONTEXT() REPRESENTATION_CONTEXT('2D SPACE',''
  ) );
#4423 = ADVANCED_FACE('',(#4424,#4501),#129,.T.);
#4424 = FACE_BOUND('',#4425,.T.);
#4425 = EDGE_LOOP('',(#4426,#4427,#4428,#4429,#4452,#4480));
#4426 = ORIENTED_EDGE('',*,*,#2947,.F.);
#4427 = ORIENTED_EDGE('',*,*,#114,.F.);
#4428 = ORIENTED_EDGE('',*,*,#4274,.F.);
#4429 = ORIENTED_EDGE('',*,*,#4430,.F.);
#4430 = EDGE_CURVE('',#4431,#4275,#4433,.T.);
#4431 = VERTEX_POINT('',#4432);
#4432 = CARTESIAN_POINT('',(-38.59754138147,-42.91246671195,43.8));
#4433 = SURFACE_CURVE('',#4434,(#4438,#4445),.PCURVE_S1.);
#4434 = LINE('',#4435,#4436);
#4435 = CARTESIAN_POINT('',(-38.59754138147,-42.91246671195,43.8));
#4436 = VECTOR('',#4437,1.);
#4437 = DIRECTION('',(0.,0.,1.));
#4438 = PCURVE('',#129,#4439);
#4439 = DEFINITIONAL_REPRESENTATION('',(#4440),#4444);
#4440 = LINE('',#4441,#4442);
#4441 = CARTESIAN_POINT('',(0.,-1.5));
#4442 = VECTOR('',#4443,1.);
#4443 = DIRECTION('',(1.,0.));
#4444 = ( GEOMETRIC_REPRESENTATION_CONTEXT(2) 
PARAMETRIC_REPRESENTATION_CONTEXT() REPRESENTATION_CONTEXT('2D SPACE',''
  ) );
#4445 = PCURVE('',#4312,#4446);
#4446 = DEFINITIONAL_REPRESENTATION('',(#4447),#4451);
#4447 = LINE('',#4448,#4449);
#4448 = CARTESIAN_POINT('',(-0.,0.));
#4449 = VECTOR('',#4450,1.);
#4450 = DIRECTION('',(-0.,1.));
#4451 = ( GEOMETRIC_REPRESENTATION_CONTEXT(2) 
PARAMETRIC_REPRESENTATION_CONTEXT() REPRESENTATION_CONTEXT('2D SPACE',''
  ) );
#4452 = ORIENTED_EDGE('',*,*,#4453,.T.);
#4453 = EDGE_CURVE('',#4431,#4454,#4456,.T.);
#4454 = VERTEX_POINT('',#4455);
#4455 = CARTESIAN_POINT('',(-41.60661649723,-46.90564426219,43.8));
#4456 = SURFACE_CURVE('',#4457,(#4461,#4468),.PCURVE_S1.);
#4457 = LINE('',#4458,#4459);
#4458 = CARTESIAN_POINT('',(-37.69481884675,-41.71451344688,43.8));
#4459 = VECTOR('',#4460,1.);
#4460 = DIRECTION('',(-0.601815023152,-0.798635510047,0.));
#4461 = PCURVE('',#129,#4462);
#4462 = DEFINITIONAL_REPRESENTATION('',(#4463),#4467);
#4463 = LINE('',#4464,#4465);
#4464 = CARTESIAN_POINT('',(0.,0.));
#4465 = VECTOR('',#4466,1.);
#4466 = DIRECTION('',(0.,-1.));
#4467 = ( GEOMETRIC_REPRESENTATION_CONTEXT(2) 
PARAMETRIC_REPRESENTATION_CONTEXT() REPRESENTATION_CONTEXT('2D SPACE',''
  ) );
#4468 = PCURVE('',#4469,#4474);
#4469 = PLANE('',#4470);
#4470 = AXIS2_PLACEMENT_3D('',#4471,#4472,#4473);
#4471 = CARTESIAN_POINT('',(-29.70846374627,-47.7326636784,43.8));
#4472 = DIRECTION('',(0.,0.,1.));
#4473 = DIRECTION('',(-0.798635510047,0.601815023152,0.));
#4474 = DEFINITIONAL_REPRESENTATION('',(#4475),#4479);
#4475 = LINE('',#4476,#4477);
#4476 = CARTESIAN_POINT('',(10.,0.));
#4477 = VECTOR('',#4478,1.);
#4478 = DIRECTION('',(0.,1.));
#4479 = ( GEOMETRIC_REPRESENTATION_CONTEXT(2) 
PARAMETRIC_REPRESENTATION_CONTEXT() REPRESENTATION_CONTEXT('2D SPACE',''
  ) );
#4480 = ORIENTED_EDGE('',*,*,#4481,.T.);
#4481 = EDGE_CURVE('',#4454,#2948,#4482,.T.);
#4482 = SURFACE_CURVE('',#4483,(#4487,#4494),.PCURVE_S1.);
#4483 = LINE('',#4484,#4485);
#4484 = CARTESIAN_POINT('',(-41.60661649723,-46.90564426219,43.8));
#4485 = VECTOR('',#4486,1.);
#4486 = DIRECTION('',(0.,0.,1.));
#4487 = PCURVE('',#129,#4488);
#4488 = DEFINITIONAL_REPRESENTATION('',(#4489),#4493);
#4489 = LINE('',#4490,#4491);
#4490 = CARTESIAN_POINT('',(0.,-6.5));
#4491 = VECTOR('',#4492,1.);
#4492 = DIRECTION('',(1.,0.));
#4493 = ( GEOMETRIC_REPRESENTATION_CONTEXT(2) 
PARAMETRIC_REPRESENTATION_CONTEXT() REPRESENTATION_CONTEXT('2D SPACE',''
  ) );
#4494 = PCURVE('',#2987,#4495);
#4495 = DEFINITIONAL_REPRESENTATION('',(#4496),#4500);
#4496 = LINE('',#4497,#4498);
#4497 = CARTESIAN_POINT('',(0.,0.));
#4498 = VECTOR('',#4499,1.);
#4499 = DIRECTION('',(0.,1.));
#4500 = ( GEOMETRIC_REPRESENTATION_CONTEXT(2) 
PARAMETRIC_REPRESENTATION_CONTEXT() REPRESENTATION_CONTEXT('2D SPACE',''
  ) );
#4501 = FACE_BOUND('',#4502,.T.);
#4502 = EDGE_LOOP('',(#4503));
#4503 = ORIENTED_EDGE('',*,*,#4504,.F.);
#4504 = EDGE_CURVE('',#4505,#4505,#4507,.T.);
#4505 = VERTEX_POINT('',#4506);
#4506 = CARTESIAN_POINT('',(-40.70389396251,-45.70769099712,43.95));
#4507 = SURFACE_CURVE('',#4508,(#4513,#4520),.PCURVE_S1.);
#4508 = CIRCLE('',#4509,1.25);
#4509 = AXIS2_PLACEMENT_3D('',#4510,#4511,#4512);
#4510 = CARTESIAN_POINT('',(-40.70389396251,-45.70769099712,45.2));
#4511 = DIRECTION('',(-0.798635510047,0.601815023152,2.22044604925E-16)
  );
#4512 = DIRECTION('',(-1.773327063076E-16,1.336297790537E-16,-1.));
#4513 = PCURVE('',#129,#4514);
#4514 = DEFINITIONAL_REPRESENTATION('',(#4515),#4519);
#4515 = CIRCLE('',#4516,1.25);
#4516 = AXIS2_PLACEMENT_2D('',#4517,#4518);
#4517 = CARTESIAN_POINT('',(1.4,-5.));
#4518 = DIRECTION('',(-1.,7.223513166107E-34));
#4519 = ( GEOMETRIC_REPRESENTATION_CONTEXT(2) 
PARAMETRIC_REPRESENTATION_CONTEXT() REPRESENTATION_CONTEXT('2D SPACE',''
  ) );
#4520 = PCURVE('',#4521,#4526);
#4521 = CYLINDRICAL_SURFACE('',#4522,1.25);
#4522 = AXIS2_PLACEMENT_3D('',#4523,#4524,#4525);
#4523 = CARTESIAN_POINT('',(-31.91890335199,-52.32765625179,45.2));
#4524 = DIRECTION('',(-0.798635510047,0.601815023152,2.22044604925E-16)
  );
#4525 = DIRECTION('',(-1.773327063076E-16,1.336297790537E-16,-1.));
#4526 = DEFINITIONAL_REPRESENTATION('',(#4527),#4531);
#4527 = LINE('',#4528,#4529);
#4528 = CARTESIAN_POINT('',(1.603942127139E-49,11.));
#4529 = VECTOR('',#4530,1.);
#4530 = DIRECTION('',(1.,0.));
#4531 = ( GEOMETRIC_REPRESENTATION_CONTEXT(2) 
PARAMETRIC_REPRESENTATION_CONTEXT() REPRESENTATION_CONTEXT('2D SPACE',''
  ) );
#4532 = ADVANCED_FACE('',(#4533),#179,.T.);
#4533 = FACE_BOUND('',#4534,.T.);
#4534 = EDGE_LOOP('',(#4535,#4558,#4582,#4608,#4630,#4631));
#4535 = ORIENTED_EDGE('',*,*,#4536,.F.);
#4536 = EDGE_CURVE('',#4537,#2923,#4539,.T.);
#4537 = VERTEX_POINT('',#4538);
#4538 = CARTESIAN_POINT('',(-58.75065007997,-11.16293488203,47.));
#4539 = SURFACE_CURVE('',#4540,(#4544,#4551),.PCURVE_S1.);
#4540 = LINE('',#4541,#4542);
#4541 = CARTESIAN_POINT('',(-58.75065007997,-11.16293488203,47.));
#4542 = VECTOR('',#4543,1.);
#4543 = DIRECTION('',(0.,0.,1.));
#4544 = PCURVE('',#179,#4545);
#4545 = DEFINITIONAL_REPRESENTATION('',(#4546),#4550);
#4546 = LINE('',#4547,#4548);
#4547 = CARTESIAN_POINT('',(0.,0.));
#4548 = VECTOR('',#4549,1.);
#4549 = DIRECTION('',(0.,1.));
#4550 = ( GEOMETRIC_REPRESENTATION_CONTEXT(2) 
PARAMETRIC_REPRESENTATION_CONTEXT() REPRESENTATION_CONTEXT('2D SPACE',''
  ) );
#4551 = PCURVE('',#3271,#4552);
#4552 = DEFINITIONAL_REPRESENTATION('',(#4553),#4557);
#4553 = LINE('',#4554,#4555);
#4554 = CARTESIAN_POINT('',(0.,-2.5));
#4555 = VECTOR('',#4556,1.);
#4556 = DIRECTION('',(1.,0.));
#4557 = ( GEOMETRIC_REPRESENTATION_CONTEXT(2) 
PARAMETRIC_REPRESENTATION_CONTEXT() REPRESENTATION_CONTEXT('2D SPACE',''
  ) );
#4558 = ORIENTED_EDGE('',*,*,#4559,.T.);
#4559 = EDGE_CURVE('',#4537,#4560,#4562,.T.);
#4560 = VERTEX_POINT('',#4561);
#4561 = CARTESIAN_POINT('',(-56.61008022679,-9.501706935106,47.));
#4562 = SURFACE_CURVE('',#4563,(#4568,#4575),.PCURVE_S1.);
#4563 = CIRCLE('',#4564,2.5);
#4564 = AXIS2_PLACEMENT_3D('',#4565,#4566,#4567);
#4565 = CARTESIAN_POINT('',(-58.96853943684,-8.672448136807,47.));
#4566 = DIRECTION('',(0.,0.,1.));
#4567 = DIRECTION('',(0.,-1.,0.));
#4568 = PCURVE('',#179,#4569);
#4569 = DEFINITIONAL_REPRESENTATION('',(#4570),#4574);
#4570 = LINE('',#4571,#4572);
#4571 = CARTESIAN_POINT('',(-8.726646259972E-02,0.));
#4572 = VECTOR('',#4573,1.);
#4573 = DIRECTION('',(1.,0.));
#4574 = ( GEOMETRIC_REPRESENTATION_CONTEXT(2) 
PARAMETRIC_REPRESENTATION_CONTEXT() REPRESENTATION_CONTEXT('2D SPACE',''
  ) );
#4575 = PCURVE('',#317,#4576);
#4576 = DEFINITIONAL_REPRESENTATION('',(#4577),#4581);
#4577 = CIRCLE('',#4578,2.5);
#4578 = AXIS2_PLACEMENT_2D('',#4579,#4580);
#4579 = CARTESIAN_POINT('',(2.5,2.5));
#4580 = DIRECTION('',(-0.996194698092,8.715574274766E-02));
#4581 = ( GEOMETRIC_REPRESENTATION_CONTEXT(2) 
PARAMETRIC_REPRESENTATION_CONTEXT() REPRESENTATION_CONTEXT('2D SPACE',''
  ) );
#4582 = ORIENTED_EDGE('',*,*,#4583,.T.);
#4583 = EDGE_CURVE('',#4560,#4584,#4586,.T.);
#4584 = VERTEX_POINT('',#4585);
#4585 = CARTESIAN_POINT('',(-56.61008022679,-9.501706935106,53.5));
#4586 = SURFACE_CURVE('',#4587,(#4591,#4597),.PCURVE_S1.);
#4587 = LINE('',#4588,#4589);
#4588 = CARTESIAN_POINT('',(-56.61008022679,-9.501706935106,47.));
#4589 = VECTOR('',#4590,1.);
#4590 = DIRECTION('',(0.,0.,1.));
#4591 = PCURVE('',#179,#4592);
#4592 = DEFINITIONAL_REPRESENTATION('',(#4593),#4596);
#4593 = B_SPLINE_CURVE_WITH_KNOTS('',1,(#4594,#4595),.UNSPECIFIED.,.F.,
  .F.,(2,2),(-2.399999999625E-06,7.2),.PIECEWISE_BEZIER_KNOTS.);
#4594 = CARTESIAN_POINT('',(1.145421106468,-2.399999999625E-06));
#4595 = CARTESIAN_POINT('',(1.145421106468,7.2));
#4596 = ( GEOMETRIC_REPRESENTATION_CONTEXT(2) 
PARAMETRIC_REPRESENTATION_CONTEXT() REPRESENTATION_CONTEXT('2D SPACE',''
  ) );
#4597 = PCURVE('',#4598,#4603);
#4598 = PLANE('',#4599);
#4599 = AXIS2_PLACEMENT_3D('',#4600,#4601,#4602);
#4600 = CARTESIAN_POINT('',(-56.35431684523,-10.95221315109,46.5));
#4601 = DIRECTION('',(-0.984807753012,-0.173648177667,0.));
#4602 = DIRECTION('',(0.,0.,1.));
#4603 = DEFINITIONAL_REPRESENTATION('',(#4604),#4607);
#4604 = B_SPLINE_CURVE_WITH_KNOTS('',1,(#4605,#4606),.UNSPECIFIED.,.F.,
  .F.,(2,2),(-2.399999999625E-06,7.2),.PIECEWISE_BEZIER_KNOTS.);
#4605 = CARTESIAN_POINT('',(0.4999976,1.47288261242));
#4606 = CARTESIAN_POINT('',(7.7,1.47288261242));
#4607 = ( GEOMETRIC_REPRESENTATION_CONTEXT(2) 
PARAMETRIC_REPRESENTATION_CONTEXT() REPRESENTATION_CONTEXT('2D SPACE',''
  ) );
#4608 = ORIENTED_EDGE('',*,*,#4609,.F.);
#4609 = EDGE_CURVE('',#165,#4584,#4610,.T.);
#4610 = SURFACE_CURVE('',#4611,(#4616,#4623),.PCURVE_S1.);
#4611 = CIRCLE('',#4612,2.5);
#4612 = AXIS2_PLACEMENT_3D('',#4613,#4614,#4615);
#4613 = CARTESIAN_POINT('',(-58.96853943684,-8.672448136807,53.5));
#4614 = DIRECTION('',(0.,0.,1.));
#4615 = DIRECTION('',(8.715574274766E-02,-0.996194698092,0.));
#4616 = PCURVE('',#179,#4617);
#4617 = DEFINITIONAL_REPRESENTATION('',(#4618),#4622);
#4618 = LINE('',#4619,#4620);
#4619 = CARTESIAN_POINT('',(-1.55888620794E-18,6.5));
#4620 = VECTOR('',#4621,1.);
#4621 = DIRECTION('',(1.,0.));
#4622 = ( GEOMETRIC_REPRESENTATION_CONTEXT(2) 
PARAMETRIC_REPRESENTATION_CONTEXT() REPRESENTATION_CONTEXT('2D SPACE',''
  ) );
#4623 = PCURVE('',#207,#4624);
#4624 = DEFINITIONAL_REPRESENTATION('',(#4625),#4629);
#4625 = CIRCLE('',#4626,2.5);
#4626 = AXIS2_PLACEMENT_2D('',#4627,#4628);
#4627 = CARTESIAN_POINT('',(2.699085250165,2.178629636076));
#4628 = DIRECTION('',(-0.996194698092,8.715574274766E-02));
#4629 = ( GEOMETRIC_REPRESENTATION_CONTEXT(2) 
PARAMETRIC_REPRESENTATION_CONTEXT() REPRESENTATION_CONTEXT('2D SPACE',''
  ) );
#4630 = ORIENTED_EDGE('',*,*,#164,.T.);
#4631 = ORIENTED_EDGE('',*,*,#2922,.F.);
#4632 = ADVANCED_FACE('',(#4633),#207,.F.);
#4633 = FACE_BOUND('',#4634,.F.);
#4634 = EDGE_LOOP('',(#4635,#4658,#4679,#4680));
#4635 = ORIENTED_EDGE('',*,*,#4636,.F.);
#4636 = EDGE_CURVE('',#4637,#191,#4639,.T.);
#4637 = VERTEX_POINT('',#4638);
#4638 = CARTESIAN_POINT('',(-56.35431684523,-10.95221315109,53.5));
#4639 = SURFACE_CURVE('',#4640,(#4644,#4651),.PCURVE_S1.);
#4640 = LINE('',#4641,#4642);
#4641 = CARTESIAN_POINT('',(-56.35431684523,-10.95221315109,53.5));
#4642 = VECTOR('',#4643,1.);
#4643 = DIRECTION('',(-0.984807753012,-0.173648177667,0.));
#4644 = PCURVE('',#207,#4645);
#4645 = DEFINITIONAL_REPRESENTATION('',(#4646),#4650);
#4646 = LINE('',#4647,#4648);
#4647 = CARTESIAN_POINT('',(0.,0.));
#4648 = VECTOR('',#4649,1.);
#4649 = DIRECTION('',(0.,1.));
#4650 = ( GEOMETRIC_REPRESENTATION_CONTEXT(2) 
PARAMETRIC_REPRESENTATION_CONTEXT() REPRESENTATION_CONTEXT('2D SPACE',''
  ) );
#4651 = PCURVE('',#234,#4652);
#4652 = DEFINITIONAL_REPRESENTATION('',(#4653),#4657);
#4653 = LINE('',#4654,#4655);
#4654 = CARTESIAN_POINT('',(7.,0.));
#4655 = VECTOR('',#4656,1.);
#4656 = DIRECTION('',(0.,-1.));
#4657 = ( GEOMETRIC_REPRESENTATION_CONTEXT(2) 
PARAMETRIC_REPRESENTATION_CONTEXT() REPRESENTATION_CONTEXT('2D SPACE',''
  ) );
#4658 = ORIENTED_EDGE('',*,*,#4659,.T.);
#4659 = EDGE_CURVE('',#4637,#4584,#4660,.T.);
#4660 = SURFACE_CURVE('',#4661,(#4665,#4672),.PCURVE_S1.);
#4661 = LINE('',#4662,#4663);
#4662 = CARTESIAN_POINT('',(-56.35431684523,-10.95221315109,53.5));
#4663 = VECTOR('',#4664,1.);
#4664 = DIRECTION('',(-0.173648177667,0.984807753012,0.));
#4665 = PCURVE('',#207,#4666);
#4666 = DEFINITIONAL_REPRESENTATION('',(#4667),#4671);
#4667 = LINE('',#4668,#4669);
#4668 = CARTESIAN_POINT('',(0.,0.));
#4669 = VECTOR('',#4670,1.);
#4670 = DIRECTION('',(1.,0.));
#4671 = ( GEOMETRIC_REPRESENTATION_CONTEXT(2) 
PARAMETRIC_REPRESENTATION_CONTEXT() REPRESENTATION_CONTEXT('2D SPACE',''
  ) );
#4672 = PCURVE('',#4598,#4673);
#4673 = DEFINITIONAL_REPRESENTATION('',(#4674),#4678);
#4674 = LINE('',#4675,#4676);
#4675 = CARTESIAN_POINT('',(7.,0.));
#4676 = VECTOR('',#4677,1.);
#4677 = DIRECTION('',(0.,1.));
#4678 = ( GEOMETRIC_REPRESENTATION_CONTEXT(2) 
PARAMETRIC_REPRESENTATION_CONTEXT() REPRESENTATION_CONTEXT('2D SPACE',''
  ) );
#4679 = ORIENTED_EDGE('',*,*,#4609,.F.);
#4680 = ORIENTED_EDGE('',*,*,#190,.T.);
#4681 = ADVANCED_FACE('',(#4682),#234,.T.);
#4682 = FACE_BOUND('',#4683,.T.);
#4683 = EDGE_LOOP('',(#4684,#4685,#4708,#4729));
#4684 = ORIENTED_EDGE('',*,*,#4636,.F.);
#4685 = ORIENTED_EDGE('',*,*,#4686,.F.);
#4686 = EDGE_CURVE('',#4687,#4637,#4689,.T.);
#4687 = VERTEX_POINT('',#4688);
#4688 = CARTESIAN_POINT('',(-56.35431684523,-10.95221315109,46.5));
#4689 = SURFACE_CURVE('',#4690,(#4694,#4701),.PCURVE_S1.);
#4690 = LINE('',#4691,#4692);
#4691 = CARTESIAN_POINT('',(-56.35431684523,-10.95221315109,46.5));
#4692 = VECTOR('',#4693,1.);
#4693 = DIRECTION('',(0.,0.,1.));
#4694 = PCURVE('',#234,#4695);
#4695 = DEFINITIONAL_REPRESENTATION('',(#4696),#4700);
#4696 = LINE('',#4697,#4698);
#4697 = CARTESIAN_POINT('',(0.,0.));
#4698 = VECTOR('',#4699,1.);
#4699 = DIRECTION('',(1.,0.));
#4700 = ( GEOMETRIC_REPRESENTATION_CONTEXT(2) 
PARAMETRIC_REPRESENTATION_CONTEXT() REPRESENTATION_CONTEXT('2D SPACE',''
  ) );
#4701 = PCURVE('',#4598,#4702);
#4702 = DEFINITIONAL_REPRESENTATION('',(#4703),#4707);
#4703 = LINE('',#4704,#4705);
#4704 = CARTESIAN_POINT('',(0.,0.));
#4705 = VECTOR('',#4706,1.);
#4706 = DIRECTION('',(1.,0.));
#4707 = ( GEOMETRIC_REPRESENTATION_CONTEXT(2) 
PARAMETRIC_REPRESENTATION_CONTEXT() REPRESENTATION_CONTEXT('2D SPACE',''
  ) );
#4708 = ORIENTED_EDGE('',*,*,#4709,.T.);
#4709 = EDGE_CURVE('',#4687,#220,#4710,.T.);
#4710 = SURFACE_CURVE('',#4711,(#4715,#4722),.PCURVE_S1.);
#4711 = LINE('',#4712,#4713);
#4712 = CARTESIAN_POINT('',(-56.35431684523,-10.95221315109,46.5));
#4713 = VECTOR('',#4714,1.);
#4714 = DIRECTION('',(-0.984807753012,-0.173648177667,0.));
#4715 = PCURVE('',#234,#4716);
#4716 = DEFINITIONAL_REPRESENTATION('',(#4717),#4721);
#4717 = LINE('',#4718,#4719);
#4718 = CARTESIAN_POINT('',(0.,0.));
#4719 = VECTOR('',#4720,1.);
#4720 = DIRECTION('',(0.,-1.));
#4721 = ( GEOMETRIC_REPRESENTATION_CONTEXT(2) 
PARAMETRIC_REPRESENTATION_CONTEXT() REPRESENTATION_CONTEXT('2D SPACE',''
  ) );
#4722 = PCURVE('',#262,#4723);
#4723 = DEFINITIONAL_REPRESENTATION('',(#4724),#4728);
#4724 = LINE('',#4725,#4726);
#4725 = CARTESIAN_POINT('',(0.,0.));
#4726 = VECTOR('',#4727,1.);
#4727 = DIRECTION('',(0.,1.));
#4728 = ( GEOMETRIC_REPRESENTATION_CONTEXT(2) 
PARAMETRIC_REPRESENTATION_CONTEXT() REPRESENTATION_CONTEXT('2D SPACE',''
  ) );
#4729 = ORIENTED_EDGE('',*,*,#219,.T.);
#4730 = ADVANCED_FACE('',(#4731),#262,.T.);
#4731 = FACE_BOUND('',#4732,.T.);
#4732 = EDGE_LOOP('',(#4733,#4734,#4757,#4778));
#4733 = ORIENTED_EDGE('',*,*,#4709,.F.);
#4734 = ORIENTED_EDGE('',*,*,#4735,.T.);
#4735 = EDGE_CURVE('',#4687,#4736,#4738,.T.);
#4736 = VERTEX_POINT('',#4737);
#4737 = CARTESIAN_POINT('',(-56.70161320056,-8.98259764507,46.5));
#4738 = SURFACE_CURVE('',#4739,(#4743,#4750),.PCURVE_S1.);
#4739 = LINE('',#4740,#4741);
#4740 = CARTESIAN_POINT('',(-56.35431684523,-10.95221315109,46.5));
#4741 = VECTOR('',#4742,1.);
#4742 = DIRECTION('',(-0.173648177667,0.984807753012,0.));
#4743 = PCURVE('',#262,#4744);
#4744 = DEFINITIONAL_REPRESENTATION('',(#4745),#4749);
#4745 = LINE('',#4746,#4747);
#4746 = CARTESIAN_POINT('',(0.,0.));
#4747 = VECTOR('',#4748,1.);
#4748 = DIRECTION('',(1.,0.));
#4749 = ( GEOMETRIC_REPRESENTATION_CONTEXT(2) 
PARAMETRIC_REPRESENTATION_CONTEXT() REPRESENTATION_CONTEXT('2D SPACE',''
  ) );
#4750 = PCURVE('',#4598,#4751);
#4751 = DEFINITIONAL_REPRESENTATION('',(#4752),#4756);
#4752 = LINE('',#4753,#4754);
#4753 = CARTESIAN_POINT('',(0.,0.));
#4754 = VECTOR('',#4755,1.);
#4755 = DIRECTION('',(0.,1.));
#4756 = ( GEOMETRIC_REPRESENTATION_CONTEXT(2) 
PARAMETRIC_REPRESENTATION_CONTEXT() REPRESENTATION_CONTEXT('2D SPACE',''
  ) );
#4757 = ORIENTED_EDGE('',*,*,#4758,.T.);
#4758 = EDGE_CURVE('',#4736,#246,#4759,.T.);
#4759 = SURFACE_CURVE('',#4760,(#4764,#4771),.PCURVE_S1.);
#4760 = LINE('',#4761,#4762);
#4761 = CARTESIAN_POINT('',(-56.70161320056,-8.98259764507,46.5));
#4762 = VECTOR('',#4763,1.);
#4763 = DIRECTION('',(-0.984807753012,-0.173648177667,0.));
#4764 = PCURVE('',#262,#4765);
#4765 = DEFINITIONAL_REPRESENTATION('',(#4766),#4770);
#4766 = LINE('',#4767,#4768);
#4767 = CARTESIAN_POINT('',(2.,0.));
#4768 = VECTOR('',#4769,1.);
#4769 = DIRECTION('',(0.,1.));
#4770 = ( GEOMETRIC_REPRESENTATION_CONTEXT(2) 
PARAMETRIC_REPRESENTATION_CONTEXT() REPRESENTATION_CONTEXT('2D SPACE',''
  ) );
#4771 = PCURVE('',#289,#4772);
#4772 = DEFINITIONAL_REPRESENTATION('',(#4773),#4777);
#4773 = LINE('',#4774,#4775);
#4774 = CARTESIAN_POINT('',(0.,0.));
#4775 = VECTOR('',#4776,1.);
#4776 = DIRECTION('',(0.,-1.));
#4777 = ( GEOMETRIC_REPRESENTATION_CONTEXT(2) 
PARAMETRIC_REPRESENTATION_CONTEXT() REPRESENTATION_CONTEXT('2D SPACE',''
  ) );
#4778 = ORIENTED_EDGE('',*,*,#245,.T.);
#4779 = ADVANCED_FACE('',(#4780),#289,.F.);
#4780 = FACE_BOUND('',#4781,.F.);
#4781 = EDGE_LOOP('',(#4782,#4803,#4824,#4825));
#4782 = ORIENTED_EDGE('',*,*,#4783,.T.);
#4783 = EDGE_CURVE('',#275,#4784,#4786,.T.);
#4784 = VERTEX_POINT('',#4785);
#4785 = CARTESIAN_POINT('',(-56.70161320056,-8.98259764507,47.));
#4786 = SURFACE_CURVE('',#4787,(#4791,#4797),.PCURVE_S1.);
#4787 = LINE('',#4788,#4789);
#4788 = CARTESIAN_POINT('',(-56.65534311507,-8.974438980598,47.));
#4789 = VECTOR('',#4790,1.);
#4790 = DIRECTION('',(0.984807753012,0.173648177667,-0.));
#4791 = PCURVE('',#289,#4792);
#4792 = DEFINITIONAL_REPRESENTATION('',(#4793),#4796);
#4793 = B_SPLINE_CURVE_WITH_KNOTS('',1,(#4794,#4795),.UNSPECIFIED.,.F.,
  .F.,(2,2),(-0.638362545734,-4.698387614228E-02),
  .PIECEWISE_BEZIER_KNOTS.);
#4794 = CARTESIAN_POINT('',(0.5,-0.591378669592));
#4795 = CARTESIAN_POINT('',(0.5,0.));
#4796 = ( GEOMETRIC_REPRESENTATION_CONTEXT(2) 
PARAMETRIC_REPRESENTATION_CONTEXT() REPRESENTATION_CONTEXT('2D SPACE',''
  ) );
#4797 = PCURVE('',#317,#4798);
#4798 = DEFINITIONAL_REPRESENTATION('',(#4799),#4802);
#4799 = B_SPLINE_CURVE_WITH_KNOTS('',1,(#4800,#4801),.UNSPECIFIED.,.F.,
  .F.,(2,2),(-0.638362545734,-4.698387614228E-02),
  .PIECEWISE_BEZIER_KNOTS.);
#4800 = CARTESIAN_POINT('',(1.941913017183,0.857859708426));
#4801 = CARTESIAN_POINT('',(1.993455064376,0.268731413214));
#4802 = ( GEOMETRIC_REPRESENTATION_CONTEXT(2) 
PARAMETRIC_REPRESENTATION_CONTEXT() REPRESENTATION_CONTEXT('2D SPACE',''
  ) );
#4803 = ORIENTED_EDGE('',*,*,#4804,.F.);
#4804 = EDGE_CURVE('',#4736,#4784,#4805,.T.);
#4805 = SURFACE_CURVE('',#4806,(#4810,#4817),.PCURVE_S1.);
#4806 = LINE('',#4807,#4808);
#4807 = CARTESIAN_POINT('',(-56.70161320056,-8.98259764507,46.5));
#4808 = VECTOR('',#4809,1.);
#4809 = DIRECTION('',(0.,0.,1.));
#4810 = PCURVE('',#289,#4811);
#4811 = DEFINITIONAL_REPRESENTATION('',(#4812),#4816);
#4812 = LINE('',#4813,#4814);
#4813 = CARTESIAN_POINT('',(0.,0.));
#4814 = VECTOR('',#4815,1.);
#4815 = DIRECTION('',(1.,0.));
#4816 = ( GEOMETRIC_REPRESENTATION_CONTEXT(2) 
PARAMETRIC_REPRESENTATION_CONTEXT() REPRESENTATION_CONTEXT('2D SPACE',''
  ) );
#4817 = PCURVE('',#4598,#4818);
#4818 = DEFINITIONAL_REPRESENTATION('',(#4819),#4823);
#4819 = LINE('',#4820,#4821);
#4820 = CARTESIAN_POINT('',(0.,2.));
#4821 = VECTOR('',#4822,1.);
#4822 = DIRECTION('',(1.,0.));
#4823 = ( GEOMETRIC_REPRESENTATION_CONTEXT(2) 
PARAMETRIC_REPRESENTATION_CONTEXT() REPRESENTATION_CONTEXT('2D SPACE',''
  ) );
#4824 = ORIENTED_EDGE('',*,*,#4758,.T.);
#4825 = ORIENTED_EDGE('',*,*,#274,.T.);
#4826 = ADVANCED_FACE('',(#4827),#317,.F.);
#4827 = FACE_BOUND('',#4828,.F.);
#4828 = EDGE_LOOP('',(#4829,#4852,#4853,#4872,#4873,#4874,#4895,#4921,
    #4949,#4972,#4996,#5019));
#4829 = ORIENTED_EDGE('',*,*,#4830,.F.);
#4830 = EDGE_CURVE('',#4537,#4831,#4833,.T.);
#4831 = VERTEX_POINT('',#4832);
#4832 = CARTESIAN_POINT('',(-63.73162357043,-11.59871359577,47.));
#4833 = SURFACE_CURVE('',#4834,(#4838,#4845),.PCURVE_S1.);
#4834 = LINE('',#4835,#4836);
#4835 = CARTESIAN_POINT('',(-56.26016333474,-10.94504552516,47.));
#4836 = VECTOR('',#4837,1.);
#4837 = DIRECTION('',(-0.996194698092,-8.715574274766E-02,0.));
#4838 = PCURVE('',#317,#4839);
#4839 = DEFINITIONAL_REPRESENTATION('',(#4840),#4844);
#4840 = LINE('',#4841,#4842);
#4841 = CARTESIAN_POINT('',(0.,0.));
#4842 = VECTOR('',#4843,1.);
#4843 = DIRECTION('',(0.,1.));
#4844 = ( GEOMETRIC_REPRESENTATION_CONTEXT(2) 
PARAMETRIC_REPRESENTATION_CONTEXT() REPRESENTATION_CONTEXT('2D SPACE',''
  ) );
#4845 = PCURVE('',#3271,#4846);
#4846 = DEFINITIONAL_REPRESENTATION('',(#4847),#4851);
#4847 = LINE('',#4848,#4849);
#4848 = CARTESIAN_POINT('',(0.,0.));
#4849 = VECTOR('',#4850,1.);
#4850 = DIRECTION('',(0.,-1.));
#4851 = ( GEOMETRIC_REPRESENTATION_CONTEXT(2) 
PARAMETRIC_REPRESENTATION_CONTEXT() REPRESENTATION_CONTEXT('2D SPACE',''
  ) );
#4852 = ORIENTED_EDGE('',*,*,#4559,.T.);
#4853 = ORIENTED_EDGE('',*,*,#4854,.T.);
#4854 = EDGE_CURVE('',#4560,#4784,#4855,.T.);
#4855 = SURFACE_CURVE('',#4856,(#4860,#4866),.PCURVE_S1.);
#4856 = LINE('',#4857,#4858);
#4857 = CARTESIAN_POINT('',(-56.35351017548,-10.9567880026,47.));
#4858 = VECTOR('',#4859,1.);
#4859 = DIRECTION('',(-0.173648177667,0.984807753012,0.));
#4860 = PCURVE('',#317,#4861);
#4861 = DEFINITIONAL_REPRESENTATION('',(#4862),#4865);
#4862 = B_SPLINE_CURVE_WITH_KNOTS('',1,(#4863,#4864),.UNSPECIFIED.,.F.,
  .F.,(2,2),(4.645425966986E-03,2.004645425967),
  .PIECEWISE_BEZIER_KNOTS.);
#4863 = CARTESIAN_POINT('',(1.06566819269E-03,9.441992771854E-02));
#4864 = CARTESIAN_POINT('',(1.993455064376,0.268731413214));
#4865 = ( GEOMETRIC_REPRESENTATION_CONTEXT(2) 
PARAMETRIC_REPRESENTATION_CONTEXT() REPRESENTATION_CONTEXT('2D SPACE',''
  ) );
#4866 = PCURVE('',#4598,#4867);
#4867 = DEFINITIONAL_REPRESENTATION('',(#4868),#4871);
#4868 = B_SPLINE_CURVE_WITH_KNOTS('',1,(#4869,#4870),.UNSPECIFIED.,.F.,
  .F.,(2,2),(4.645425966986E-03,2.004645425967),
  .PIECEWISE_BEZIER_KNOTS.);
#4869 = CARTESIAN_POINT('',(0.5,0.));
#4870 = CARTESIAN_POINT('',(0.5,2.));
#4871 = ( GEOMETRIC_REPRESENTATION_CONTEXT(2) 
PARAMETRIC_REPRESENTATION_CONTEXT() REPRESENTATION_CONTEXT('2D SPACE',''
  ) );
#4872 = ORIENTED_EDGE('',*,*,#4783,.F.);
#4873 = ORIENTED_EDGE('',*,*,#300,.F.);
#4874 = ORIENTED_EDGE('',*,*,#4875,.T.);
#4875 = EDGE_CURVE('',#301,#4876,#4878,.T.);
#4876 = VERTEX_POINT('',#4877);
#4877 = CARTESIAN_POINT('',(-57.4,-1.,47.));
#4878 = SURFACE_CURVE('',#4879,(#4883,#4889),.PCURVE_S1.);
#4879 = LINE('',#4880,#4881);
#4880 = CARTESIAN_POINT('',(-56.83008166737,-1.,47.));
#4881 = VECTOR('',#4882,1.);
#4882 = DIRECTION('',(1.,2.22044604925E-16,-0.));
#4883 = PCURVE('',#317,#4884);
#4884 = DEFINITIONAL_REPRESENTATION('',(#4885),#4888);
#4885 = B_SPLINE_CURVE_WITH_KNOTS('',1,(#4886,#4887),.UNSPECIFIED.,.F.,
  .F.,(2,2),(-1.16129700222,-0.569918332628),.PIECEWISE_BEZIER_KNOTS.);
#4886 = CARTESIAN_POINT('',(10.058086982817,0.857859708426));
#4887 = CARTESIAN_POINT('',(10.006544935624,0.268731413214));
#4888 = ( GEOMETRIC_REPRESENTATION_CONTEXT(2) 
PARAMETRIC_REPRESENTATION_CONTEXT() REPRESENTATION_CONTEXT('2D SPACE',''
  ) );
#4889 = PCURVE('',#344,#4890);
#4890 = DEFINITIONAL_REPRESENTATION('',(#4891),#4894);
#4891 = B_SPLINE_CURVE_WITH_KNOTS('',1,(#4892,#4893),.UNSPECIFIED.,.F.,
  .F.,(2,2),(-1.16129700222,-0.569918332628),.PIECEWISE_BEZIER_KNOTS.);
#4892 = CARTESIAN_POINT('',(0.5,-0.591378669592));
#4893 = CARTESIAN_POINT('',(0.5,0.));
#4894 = ( GEOMETRIC_REPRESENTATION_CONTEXT(2) 
PARAMETRIC_REPRESENTATION_CONTEXT() REPRESENTATION_CONTEXT('2D SPACE',''
  ) );
#4895 = ORIENTED_EDGE('',*,*,#4896,.T.);
#4896 = EDGE_CURVE('',#4876,#4897,#4899,.T.);
#4897 = VERTEX_POINT('',#4898);
#4898 = CARTESIAN_POINT('',(-57.4,-0.47288261242,47.));
#4899 = SURFACE_CURVE('',#4900,(#4904,#4910),.PCURVE_S1.);
#4900 = LINE('',#4901,#4902);
#4901 = CARTESIAN_POINT('',(-57.4,-5.972522762584,47.));
#4902 = VECTOR('',#4903,1.);
#4903 = DIRECTION('',(-2.22044604925E-16,1.,0.));
#4904 = PCURVE('',#317,#4905);
#4905 = DEFINITIONAL_REPRESENTATION('',(#4906),#4909);
#4906 = B_SPLINE_CURVE_WITH_KNOTS('',1,(#4907,#4908),.UNSPECIFIED.,.F.,
  .F.,(2,2),(4.972522762583,6.972522762583),.PIECEWISE_BEZIER_KNOTS.);
#4907 = CARTESIAN_POINT('',(10.006544935624,0.268731413214));
#4908 = CARTESIAN_POINT('',(11.998934331807,9.441992771853E-02));
#4909 = ( GEOMETRIC_REPRESENTATION_CONTEXT(2) 
PARAMETRIC_REPRESENTATION_CONTEXT() REPRESENTATION_CONTEXT('2D SPACE',''
  ) );
#4910 = PCURVE('',#4911,#4916);
#4911 = PLANE('',#4912);
#4912 = AXIS2_PLACEMENT_3D('',#4913,#4914,#4915);
#4913 = CARTESIAN_POINT('',(-57.4,-1.,46.5));
#4914 = DIRECTION('',(-1.,-2.22044604925E-16,0.));
#4915 = DIRECTION('',(0.,0.,1.));
#4916 = DEFINITIONAL_REPRESENTATION('',(#4917),#4920);
#4917 = B_SPLINE_CURVE_WITH_KNOTS('',1,(#4918,#4919),.UNSPECIFIED.,.F.,
  .F.,(2,2),(4.972522762583,6.972522762583),.PIECEWISE_BEZIER_KNOTS.);
#4918 = CARTESIAN_POINT('',(0.5,0.));
#4919 = CARTESIAN_POINT('',(0.5,2.));
#4920 = ( GEOMETRIC_REPRESENTATION_CONTEXT(2) 
PARAMETRIC_REPRESENTATION_CONTEXT() REPRESENTATION_CONTEXT('2D SPACE',''
  ) );
#4921 = ORIENTED_EDGE('',*,*,#4922,.F.);
#4922 = EDGE_CURVE('',#4923,#4897,#4925,.T.);
#4923 = VERTEX_POINT('',#4924);
#4924 = CARTESIAN_POINT('',(-59.79651899294,0.791401495065,47.));
#4925 = SURFACE_CURVE('',#4926,(#4931,#4942),.PCURVE_S1.);
#4926 = CIRCLE('',#4927,2.5);
#4927 = AXIS2_PLACEMENT_3D('',#4928,#4929,#4930);
#4928 = CARTESIAN_POINT('',(-59.57862963607,-1.699085250165,47.));
#4929 = DIRECTION('',(-0.,-0.,-1.));
#4930 = DIRECTION('',(0.,-1.,0.));
#4931 = PCURVE('',#317,#4932);
#4932 = DEFINITIONAL_REPRESENTATION('',(#4933),#4941);
#4933 = ( BOUNDED_CURVE() B_SPLINE_CURVE(2,(#4934,#4935,#4936,#4937,
#4938,#4939,#4940),.UNSPECIFIED.,.T.,.F.) B_SPLINE_CURVE_WITH_KNOTS((1,2
    ,2,2,2,1),(-2.094395102393,0.,2.094395102393,4.188790204786,
6.28318530718,8.377580409573),.UNSPECIFIED.) CURVE() 
GEOMETRIC_REPRESENTATION_ITEM() RATIONAL_B_SPLINE_CURVE((1.,0.5,1.,0.5,
1.,0.5,1.)) REPRESENTATION_ITEM('') );
#4934 = CARTESIAN_POINT('',(7.009513254771,2.717889356869));
#4935 = CARTESIAN_POINT('',(7.386908691297,7.031538935183));
#4936 = CARTESIAN_POINT('',(10.933941090878,4.547880110722));
#4937 = CARTESIAN_POINT('',(14.480973490459,2.064221286262));
#4938 = CARTESIAN_POINT('',(10.556545654352,0.234230532408));
#4939 = CARTESIAN_POINT('',(6.632117818245,-1.595760221445));
#4940 = CARTESIAN_POINT('',(7.009513254771,2.717889356869));
#4941 = ( GEOMETRIC_REPRESENTATION_CONTEXT(2) 
PARAMETRIC_REPRESENTATION_CONTEXT() REPRESENTATION_CONTEXT('2D SPACE',''
  ) );
#4942 = PCURVE('',#452,#4943);
#4943 = DEFINITIONAL_REPRESENTATION('',(#4944),#4948);
#4944 = LINE('',#4945,#4946);
#4945 = CARTESIAN_POINT('',(3.05432619099,-0.));
#4946 = VECTOR('',#4947,1.);
#4947 = DIRECTION('',(-1.,0.));
#4948 = ( GEOMETRIC_REPRESENTATION_CONTEXT(2) 
PARAMETRIC_REPRESENTATION_CONTEXT() REPRESENTATION_CONTEXT('2D SPACE',''
  ) );
#4949 = ORIENTED_EDGE('',*,*,#4950,.T.);
#4950 = EDGE_CURVE('',#4923,#4951,#4953,.T.);
#4951 = VERTEX_POINT('',#4952);
#4952 = CARTESIAN_POINT('',(-64.7774924834,0.355622781327,47.));
#4953 = SURFACE_CURVE('',#4954,(#4958,#4965),.PCURVE_S1.);
#4954 = LINE('',#4955,#4956);
#4955 = CARTESIAN_POINT('',(-57.30603224771,1.009290851934,47.));
#4956 = VECTOR('',#4957,1.);
#4957 = DIRECTION('',(-0.996194698092,-8.715574274766E-02,0.));
#4958 = PCURVE('',#317,#4959);
#4959 = DEFINITIONAL_REPRESENTATION('',(#4960),#4964);
#4960 = LINE('',#4961,#4962);
#4961 = CARTESIAN_POINT('',(12.,0.));
#4962 = VECTOR('',#4963,1.);
#4963 = DIRECTION('',(0.,1.));
#4964 = ( GEOMETRIC_REPRESENTATION_CONTEXT(2) 
PARAMETRIC_REPRESENTATION_CONTEXT() REPRESENTATION_CONTEXT('2D SPACE',''
  ) );
#4965 = PCURVE('',#3155,#4966);
#4966 = DEFINITIONAL_REPRESENTATION('',(#4967),#4971);
#4967 = LINE('',#4968,#4969);
#4968 = CARTESIAN_POINT('',(0.,0.));
#4969 = VECTOR('',#4970,1.);
#4970 = DIRECTION('',(0.,-1.));
#4971 = ( GEOMETRIC_REPRESENTATION_CONTEXT(2) 
PARAMETRIC_REPRESENTATION_CONTEXT() REPRESENTATION_CONTEXT('2D SPACE',''
  ) );
#4972 = ORIENTED_EDGE('',*,*,#4973,.T.);
#4973 = EDGE_CURVE('',#4951,#4974,#4976,.T.);
#4974 = VERTEX_POINT('',#4975);
#4975 = CARTESIAN_POINT('',(-67.05008987176,-2.352753320772,47.));
#4976 = SURFACE_CURVE('',#4977,(#4982,#4989),.PCURVE_S1.);
#4977 = CIRCLE('',#4978,2.5);
#4978 = AXIS2_PLACEMENT_3D('',#4979,#4980,#4981);
#4979 = CARTESIAN_POINT('',(-64.55960312653,-2.134863963903,47.));
#4980 = DIRECTION('',(0.,0.,1.));
#4981 = DIRECTION('',(0.,-1.,0.));
#4982 = PCURVE('',#317,#4983);
#4983 = DEFINITIONAL_REPRESENTATION('',(#4984),#4988);
#4984 = CIRCLE('',#4985,2.5);
#4985 = AXIS2_PLACEMENT_2D('',#4986,#4987);
#4986 = CARTESIAN_POINT('',(9.5,7.5));
#4987 = DIRECTION('',(-0.996194698092,8.715574274766E-02));
#4988 = ( GEOMETRIC_REPRESENTATION_CONTEXT(2) 
PARAMETRIC_REPRESENTATION_CONTEXT() REPRESENTATION_CONTEXT('2D SPACE',''
  ) );
#4989 = PCURVE('',#3184,#4990);
#4990 = DEFINITIONAL_REPRESENTATION('',(#4991),#4995);
#4991 = LINE('',#4992,#4993);
#4992 = CARTESIAN_POINT('',(-3.22885911619,0.));
#4993 = VECTOR('',#4994,1.);
#4994 = DIRECTION('',(1.,0.));
#4995 = ( GEOMETRIC_REPRESENTATION_CONTEXT(2) 
PARAMETRIC_REPRESENTATION_CONTEXT() REPRESENTATION_CONTEXT('2D SPACE',''
  ) );
#4996 = ORIENTED_EDGE('',*,*,#4997,.F.);
#4997 = EDGE_CURVE('',#4998,#4974,#5000,.T.);
#4998 = VERTEX_POINT('',#4999);
#4999 = CARTESIAN_POINT('',(-66.43999967253,-9.326116207414,47.));
#5000 = SURFACE_CURVE('',#5001,(#5005,#5012),.PCURVE_S1.);
#5001 = LINE('',#5002,#5003);
#5002 = CARTESIAN_POINT('',(-66.22211031566,-11.81660295264,47.));
#5003 = VECTOR('',#5004,1.);
#5004 = DIRECTION('',(-8.715574274766E-02,0.996194698092,0.));
#5005 = PCURVE('',#317,#5006);
#5006 = DEFINITIONAL_REPRESENTATION('',(#5007),#5011);
#5007 = LINE('',#5008,#5009);
#5008 = CARTESIAN_POINT('',(0.,10.));
#5009 = VECTOR('',#5010,1.);
#5010 = DIRECTION('',(1.,0.));
#5011 = ( GEOMETRIC_REPRESENTATION_CONTEXT(2) 
PARAMETRIC_REPRESENTATION_CONTEXT() REPRESENTATION_CONTEXT('2D SPACE',''
  ) );
#5012 = PCURVE('',#3212,#5013);
#5013 = DEFINITIONAL_REPRESENTATION('',(#5014),#5018);
#5014 = LINE('',#5015,#5016);
#5015 = CARTESIAN_POINT('',(0.,0.));
#5016 = VECTOR('',#5017,1.);
#5017 = DIRECTION('',(0.,1.));
#5018 = ( GEOMETRIC_REPRESENTATION_CONTEXT(2) 
PARAMETRIC_REPRESENTATION_CONTEXT() REPRESENTATION_CONTEXT('2D SPACE',''
  ) );
#5019 = ORIENTED_EDGE('',*,*,#5020,.F.);
#5020 = EDGE_CURVE('',#4831,#4998,#5021,.T.);
#5021 = SURFACE_CURVE('',#5022,(#5027,#5038),.PCURVE_S1.);
#5022 = CIRCLE('',#5023,2.5);
#5023 = AXIS2_PLACEMENT_3D('',#5024,#5025,#5026);
#5024 = CARTESIAN_POINT('',(-63.9495129273,-9.108226850545,47.));
#5025 = DIRECTION('',(-0.,-0.,-1.));
#5026 = DIRECTION('',(0.,-1.,0.));
#5027 = PCURVE('',#317,#5028);
#5028 = DEFINITIONAL_REPRESENTATION('',(#5029),#5037);
#5029 = ( BOUNDED_CURVE() B_SPLINE_CURVE(2,(#5030,#5031,#5032,#5033,
#5034,#5035,#5036),.UNSPECIFIED.,.T.,.F.) B_SPLINE_CURVE_WITH_KNOTS((1,2
    ,2,2,2,1),(-2.094395102393,0.,2.094395102393,4.188790204786,
6.28318530718,8.377580409573),.UNSPECIFIED.) CURVE() 
GEOMETRIC_REPRESENTATION_ITEM() RATIONAL_B_SPLINE_CURVE((1.,0.5,1.,0.5,
1.,0.5,1.)) REPRESENTATION_ITEM('') );
#5030 = CARTESIAN_POINT('',(9.513254770635E-03,7.717889356869));
#5031 = CARTESIAN_POINT('',(0.386908691297,12.031538935183));
#5032 = CARTESIAN_POINT('',(3.933941090878,9.547880110722));
#5033 = CARTESIAN_POINT('',(7.480973490459,7.064221286262));
#5034 = CARTESIAN_POINT('',(3.556545654352,5.234230532408));
#5035 = CARTESIAN_POINT('',(-0.367882181755,3.404239778555));
#5036 = CARTESIAN_POINT('',(9.513254770635E-03,7.717889356869));
#5037 = ( GEOMETRIC_REPRESENTATION_CONTEXT(2) 
PARAMETRIC_REPRESENTATION_CONTEXT() REPRESENTATION_CONTEXT('2D SPACE',''
  ) );
#5038 = PCURVE('',#3245,#5039);
#5039 = DEFINITIONAL_REPRESENTATION('',(#5040),#5044);
#5040 = LINE('',#5041,#5042);
#5041 = CARTESIAN_POINT('',(6.19591884458,-0.));
#5042 = VECTOR('',#5043,1.);
#5043 = DIRECTION('',(-1.,0.));
#5044 = ( GEOMETRIC_REPRESENTATION_CONTEXT(2) 
PARAMETRIC_REPRESENTATION_CONTEXT() REPRESENTATION_CONTEXT('2D SPACE',''
  ) );
#5045 = ADVANCED_FACE('',(#5046),#344,.T.);
#5046 = FACE_BOUND('',#5047,.T.);
#5047 = EDGE_LOOP('',(#5048,#5049,#5072,#5093));
#5048 = ORIENTED_EDGE('',*,*,#4875,.T.);
#5049 = ORIENTED_EDGE('',*,*,#5050,.F.);
#5050 = EDGE_CURVE('',#5051,#4876,#5053,.T.);
#5051 = VERTEX_POINT('',#5052);
#5052 = CARTESIAN_POINT('',(-57.4,-1.,46.5));
#5053 = SURFACE_CURVE('',#5054,(#5058,#5065),.PCURVE_S1.);
#5054 = LINE('',#5055,#5056);
#5055 = CARTESIAN_POINT('',(-57.4,-1.,46.5));
#5056 = VECTOR('',#5057,1.);
#5057 = DIRECTION('',(0.,0.,1.));
#5058 = PCURVE('',#344,#5059);
#5059 = DEFINITIONAL_REPRESENTATION('',(#5060),#5064);
#5060 = LINE('',#5061,#5062);
#5061 = CARTESIAN_POINT('',(0.,0.));
#5062 = VECTOR('',#5063,1.);
#5063 = DIRECTION('',(1.,0.));
#5064 = ( GEOMETRIC_REPRESENTATION_CONTEXT(2) 
PARAMETRIC_REPRESENTATION_CONTEXT() REPRESENTATION_CONTEXT('2D SPACE',''
  ) );
#5065 = PCURVE('',#4911,#5066);
#5066 = DEFINITIONAL_REPRESENTATION('',(#5067),#5071);
#5067 = LINE('',#5068,#5069);
#5068 = CARTESIAN_POINT('',(0.,0.));
#5069 = VECTOR('',#5070,1.);
#5070 = DIRECTION('',(1.,0.));
#5071 = ( GEOMETRIC_REPRESENTATION_CONTEXT(2) 
PARAMETRIC_REPRESENTATION_CONTEXT() REPRESENTATION_CONTEXT('2D SPACE',''
  ) );
#5072 = ORIENTED_EDGE('',*,*,#5073,.T.);
#5073 = EDGE_CURVE('',#5051,#330,#5074,.T.);
#5074 = SURFACE_CURVE('',#5075,(#5079,#5086),.PCURVE_S1.);
#5075 = LINE('',#5076,#5077);
#5076 = CARTESIAN_POINT('',(-57.4,-1.,46.5));
#5077 = VECTOR('',#5078,1.);
#5078 = DIRECTION('',(-1.,-2.22044604925E-16,0.));
#5079 = PCURVE('',#344,#5080);
#5080 = DEFINITIONAL_REPRESENTATION('',(#5081),#5085);
#5081 = LINE('',#5082,#5083);
#5082 = CARTESIAN_POINT('',(0.,0.));
#5083 = VECTOR('',#5084,1.);
#5084 = DIRECTION('',(0.,-1.));
#5085 = ( GEOMETRIC_REPRESENTATION_CONTEXT(2) 
PARAMETRIC_REPRESENTATION_CONTEXT() REPRESENTATION_CONTEXT('2D SPACE',''
  ) );
#5086 = PCURVE('',#372,#5087);
#5087 = DEFINITIONAL_REPRESENTATION('',(#5088),#5092);
#5088 = LINE('',#5089,#5090);
#5089 = CARTESIAN_POINT('',(0.,0.));
#5090 = VECTOR('',#5091,1.);
#5091 = DIRECTION('',(0.,1.));
#5092 = ( GEOMETRIC_REPRESENTATION_CONTEXT(2) 
PARAMETRIC_REPRESENTATION_CONTEXT() REPRESENTATION_CONTEXT('2D SPACE',''
  ) );
#5093 = ORIENTED_EDGE('',*,*,#329,.T.);
#5094 = ADVANCED_FACE('',(#5095),#372,.T.);
#5095 = FACE_BOUND('',#5096,.T.);
#5096 = EDGE_LOOP('',(#5097,#5098,#5121,#5142));
#5097 = ORIENTED_EDGE('',*,*,#5073,.F.);
#5098 = ORIENTED_EDGE('',*,*,#5099,.T.);
#5099 = EDGE_CURVE('',#5051,#5100,#5102,.T.);
#5100 = VERTEX_POINT('',#5101);
#5101 = CARTESIAN_POINT('',(-57.4,1.,46.5));
#5102 = SURFACE_CURVE('',#5103,(#5107,#5114),.PCURVE_S1.);
#5103 = LINE('',#5104,#5105);
#5104 = CARTESIAN_POINT('',(-57.4,-1.,46.5));
#5105 = VECTOR('',#5106,1.);
#5106 = DIRECTION('',(-2.22044604925E-16,1.,0.));
#5107 = PCURVE('',#372,#5108);
#5108 = DEFINITIONAL_REPRESENTATION('',(#5109),#5113);
#5109 = LINE('',#5110,#5111);
#5110 = CARTESIAN_POINT('',(0.,0.));
#5111 = VECTOR('',#5112,1.);
#5112 = DIRECTION('',(1.,0.));
#5113 = ( GEOMETRIC_REPRESENTATION_CONTEXT(2) 
PARAMETRIC_REPRESENTATION_CONTEXT() REPRESENTATION_CONTEXT('2D SPACE',''
  ) );
#5114 = PCURVE('',#4911,#5115);
#5115 = DEFINITIONAL_REPRESENTATION('',(#5116),#5120);
#5116 = LINE('',#5117,#5118);
#5117 = CARTESIAN_POINT('',(0.,0.));
#5118 = VECTOR('',#5119,1.);
#5119 = DIRECTION('',(0.,1.));
#5120 = ( GEOMETRIC_REPRESENTATION_CONTEXT(2) 
PARAMETRIC_REPRESENTATION_CONTEXT() REPRESENTATION_CONTEXT('2D SPACE',''
  ) );
#5121 = ORIENTED_EDGE('',*,*,#5122,.T.);
#5122 = EDGE_CURVE('',#5100,#356,#5123,.T.);
#5123 = SURFACE_CURVE('',#5124,(#5128,#5135),.PCURVE_S1.);
#5124 = LINE('',#5125,#5126);
#5125 = CARTESIAN_POINT('',(-57.4,1.,46.5));
#5126 = VECTOR('',#5127,1.);
#5127 = DIRECTION('',(-1.,-2.22044604925E-16,0.));
#5128 = PCURVE('',#372,#5129);
#5129 = DEFINITIONAL_REPRESENTATION('',(#5130),#5134);
#5130 = LINE('',#5131,#5132);
#5131 = CARTESIAN_POINT('',(2.,0.));
#5132 = VECTOR('',#5133,1.);
#5133 = DIRECTION('',(0.,1.));
#5134 = ( GEOMETRIC_REPRESENTATION_CONTEXT(2) 
PARAMETRIC_REPRESENTATION_CONTEXT() REPRESENTATION_CONTEXT('2D SPACE',''
  ) );
#5135 = PCURVE('',#399,#5136);
#5136 = DEFINITIONAL_REPRESENTATION('',(#5137),#5141);
#5137 = LINE('',#5138,#5139);
#5138 = CARTESIAN_POINT('',(0.,0.));
#5139 = VECTOR('',#5140,1.);
#5140 = DIRECTION('',(0.,-1.));
#5141 = ( GEOMETRIC_REPRESENTATION_CONTEXT(2) 
PARAMETRIC_REPRESENTATION_CONTEXT() REPRESENTATION_CONTEXT('2D SPACE',''
  ) );
#5142 = ORIENTED_EDGE('',*,*,#355,.T.);
#5143 = ADVANCED_FACE('',(#5144),#399,.F.);
#5144 = FACE_BOUND('',#5145,.F.);
#5145 = EDGE_LOOP('',(#5146,#5169,#5190,#5191));
#5146 = ORIENTED_EDGE('',*,*,#5147,.F.);
#5147 = EDGE_CURVE('',#5148,#385,#5150,.T.);
#5148 = VERTEX_POINT('',#5149);
#5149 = CARTESIAN_POINT('',(-57.4,1.,53.5));
#5150 = SURFACE_CURVE('',#5151,(#5155,#5162),.PCURVE_S1.);
#5151 = LINE('',#5152,#5153);
#5152 = CARTESIAN_POINT('',(-57.4,1.,53.5));
#5153 = VECTOR('',#5154,1.);
#5154 = DIRECTION('',(-1.,-2.22044604925E-16,0.));
#5155 = PCURVE('',#399,#5156);
#5156 = DEFINITIONAL_REPRESENTATION('',(#5157),#5161);
#5157 = LINE('',#5158,#5159);
#5158 = CARTESIAN_POINT('',(7.,0.));
#5159 = VECTOR('',#5160,1.);
#5160 = DIRECTION('',(0.,-1.));
#5161 = ( GEOMETRIC_REPRESENTATION_CONTEXT(2) 
PARAMETRIC_REPRESENTATION_CONTEXT() REPRESENTATION_CONTEXT('2D SPACE',''
  ) );
#5162 = PCURVE('',#427,#5163);
#5163 = DEFINITIONAL_REPRESENTATION('',(#5164),#5168);
#5164 = LINE('',#5165,#5166);
#5165 = CARTESIAN_POINT('',(2.,0.));
#5166 = VECTOR('',#5167,1.);
#5167 = DIRECTION('',(0.,1.));
#5168 = ( GEOMETRIC_REPRESENTATION_CONTEXT(2) 
PARAMETRIC_REPRESENTATION_CONTEXT() REPRESENTATION_CONTEXT('2D SPACE',''
  ) );
#5169 = ORIENTED_EDGE('',*,*,#5170,.F.);
#5170 = EDGE_CURVE('',#5100,#5148,#5171,.T.);
#5171 = SURFACE_CURVE('',#5172,(#5176,#5183),.PCURVE_S1.);
#5172 = LINE('',#5173,#5174);
#5173 = CARTESIAN_POINT('',(-57.4,1.,46.5));
#5174 = VECTOR('',#5175,1.);
#5175 = DIRECTION('',(0.,0.,1.));
#5176 = PCURVE('',#399,#5177);
#5177 = DEFINITIONAL_REPRESENTATION('',(#5178),#5182);
#5178 = LINE('',#5179,#5180);
#5179 = CARTESIAN_POINT('',(0.,0.));
#5180 = VECTOR('',#5181,1.);
#5181 = DIRECTION('',(1.,0.));
#5182 = ( GEOMETRIC_REPRESENTATION_CONTEXT(2) 
PARAMETRIC_REPRESENTATION_CONTEXT() REPRESENTATION_CONTEXT('2D SPACE',''
  ) );
#5183 = PCURVE('',#4911,#5184);
#5184 = DEFINITIONAL_REPRESENTATION('',(#5185),#5189);
#5185 = LINE('',#5186,#5187);
#5186 = CARTESIAN_POINT('',(0.,2.));
#5187 = VECTOR('',#5188,1.);
#5188 = DIRECTION('',(1.,0.));
#5189 = ( GEOMETRIC_REPRESENTATION_CONTEXT(2) 
PARAMETRIC_REPRESENTATION_CONTEXT() REPRESENTATION_CONTEXT('2D SPACE',''
  ) );
#5190 = ORIENTED_EDGE('',*,*,#5122,.T.);
#5191 = ORIENTED_EDGE('',*,*,#384,.T.);
#5192 = ADVANCED_FACE('',(#5193),#427,.F.);
#5193 = FACE_BOUND('',#5194,.F.);
#5194 = EDGE_LOOP('',(#5195,#5219,#5240,#5241));
#5195 = ORIENTED_EDGE('',*,*,#5196,.F.);
#5196 = EDGE_CURVE('',#5197,#411,#5199,.T.);
#5197 = VERTEX_POINT('',#5198);
#5198 = CARTESIAN_POINT('',(-57.4,-0.47288261242,53.5));
#5199 = SURFACE_CURVE('',#5200,(#5205,#5212),.PCURVE_S1.);
#5200 = CIRCLE('',#5201,2.5);
#5201 = AXIS2_PLACEMENT_3D('',#5202,#5203,#5204);
#5202 = CARTESIAN_POINT('',(-59.57862963607,-1.699085250165,53.5));
#5203 = DIRECTION('',(0.,0.,1.));
#5204 = DIRECTION('',(-8.715574274766E-02,0.996194698092,0.));
#5205 = PCURVE('',#427,#5206);
#5206 = DEFINITIONAL_REPRESENTATION('',(#5207),#5211);
#5207 = CIRCLE('',#5208,2.5);
#5208 = AXIS2_PLACEMENT_2D('',#5209,#5210);
#5209 = CARTESIAN_POINT('',(-0.699085250165,2.178629636076));
#5210 = DIRECTION('',(0.996194698092,8.715574274766E-02));
#5211 = ( GEOMETRIC_REPRESENTATION_CONTEXT(2) 
PARAMETRIC_REPRESENTATION_CONTEXT() REPRESENTATION_CONTEXT('2D SPACE',''
  ) );
#5212 = PCURVE('',#452,#5213);
#5213 = DEFINITIONAL_REPRESENTATION('',(#5214),#5218);
#5214 = LINE('',#5215,#5216);
#5215 = CARTESIAN_POINT('',(-6.28318530718,6.5));
#5216 = VECTOR('',#5217,1.);
#5217 = DIRECTION('',(1.,-0.));
#5218 = ( GEOMETRIC_REPRESENTATION_CONTEXT(2) 
PARAMETRIC_REPRESENTATION_CONTEXT() REPRESENTATION_CONTEXT('2D SPACE',''
  ) );
#5219 = ORIENTED_EDGE('',*,*,#5220,.T.);
#5220 = EDGE_CURVE('',#5197,#5148,#5221,.T.);
#5221 = SURFACE_CURVE('',#5222,(#5226,#5233),.PCURVE_S1.);
#5222 = LINE('',#5223,#5224);
#5223 = CARTESIAN_POINT('',(-57.4,-1.,53.5));
#5224 = VECTOR('',#5225,1.);
#5225 = DIRECTION('',(-2.22044604925E-16,1.,0.));
#5226 = PCURVE('',#427,#5227);
#5227 = DEFINITIONAL_REPRESENTATION('',(#5228),#5232);
#5228 = LINE('',#5229,#5230);
#5229 = CARTESIAN_POINT('',(0.,0.));
#5230 = VECTOR('',#5231,1.);
#5231 = DIRECTION('',(1.,0.));
#5232 = ( GEOMETRIC_REPRESENTATION_CONTEXT(2) 
PARAMETRIC_REPRESENTATION_CONTEXT() REPRESENTATION_CONTEXT('2D SPACE',''
  ) );
#5233 = PCURVE('',#4911,#5234);
#5234 = DEFINITIONAL_REPRESENTATION('',(#5235),#5239);
#5235 = LINE('',#5236,#5237);
#5236 = CARTESIAN_POINT('',(7.,0.));
#5237 = VECTOR('',#5238,1.);
#5238 = DIRECTION('',(0.,1.));
#5239 = ( GEOMETRIC_REPRESENTATION_CONTEXT(2) 
PARAMETRIC_REPRESENTATION_CONTEXT() REPRESENTATION_CONTEXT('2D SPACE',''
  ) );
#5240 = ORIENTED_EDGE('',*,*,#5147,.T.);
#5241 = ORIENTED_EDGE('',*,*,#410,.T.);
#5242 = ADVANCED_FACE('',(#5243),#452,.T.);
#5243 = FACE_BOUND('',#5244,.F.);
#5244 = EDGE_LOOP('',(#5245,#5266,#5267,#5286,#5287,#5288));
#5245 = ORIENTED_EDGE('',*,*,#5246,.F.);
#5246 = EDGE_CURVE('',#4923,#3112,#5247,.T.);
#5247 = SURFACE_CURVE('',#5248,(#5252,#5259),.PCURVE_S1.);
#5248 = LINE('',#5249,#5250);
#5249 = CARTESIAN_POINT('',(-59.79651899294,0.791401495065,47.));
#5250 = VECTOR('',#5251,1.);
#5251 = DIRECTION('',(0.,0.,1.));
#5252 = PCURVE('',#452,#5253);
#5253 = DEFINITIONAL_REPRESENTATION('',(#5254),#5258);
#5254 = LINE('',#5255,#5256);
#5255 = CARTESIAN_POINT('',(-0.,0.));
#5256 = VECTOR('',#5257,1.);
#5257 = DIRECTION('',(-0.,1.));
#5258 = ( GEOMETRIC_REPRESENTATION_CONTEXT(2) 
PARAMETRIC_REPRESENTATION_CONTEXT() REPRESENTATION_CONTEXT('2D SPACE',''
  ) );
#5259 = PCURVE('',#3155,#5260);
#5260 = DEFINITIONAL_REPRESENTATION('',(#5261),#5265);
#5261 = LINE('',#5262,#5263);
#5262 = CARTESIAN_POINT('',(0.,-2.5));
#5263 = VECTOR('',#5264,1.);
#5264 = DIRECTION('',(1.,0.));
#5265 = ( GEOMETRIC_REPRESENTATION_CONTEXT(2) 
PARAMETRIC_REPRESENTATION_CONTEXT() REPRESENTATION_CONTEXT('2D SPACE',''
  ) );
#5266 = ORIENTED_EDGE('',*,*,#4922,.T.);
#5267 = ORIENTED_EDGE('',*,*,#5268,.T.);
#5268 = EDGE_CURVE('',#4897,#5197,#5269,.T.);
#5269 = SURFACE_CURVE('',#5270,(#5274,#5280),.PCURVE_S1.);
#5270 = LINE('',#5271,#5272);
#5271 = CARTESIAN_POINT('',(-57.4,-0.47288261242,47.));
#5272 = VECTOR('',#5273,1.);
#5273 = DIRECTION('',(0.,0.,1.));
#5274 = PCURVE('',#452,#5275);
#5275 = DEFINITIONAL_REPRESENTATION('',(#5276),#5279);
#5276 = B_SPLINE_CURVE_WITH_KNOTS('',1,(#5277,#5278),.UNSPECIFIED.,.F.,
  .F.,(2,2),(-2.399999999625E-06,7.2),.PIECEWISE_BEZIER_KNOTS.);
#5277 = CARTESIAN_POINT('',(-1.145421106468,-2.399999999625E-06));
#5278 = CARTESIAN_POINT('',(-1.145421106468,7.2));
#5279 = ( GEOMETRIC_REPRESENTATION_CONTEXT(2) 
PARAMETRIC_REPRESENTATION_CONTEXT() REPRESENTATION_CONTEXT('2D SPACE',''
  ) );
#5280 = PCURVE('',#4911,#5281);
#5281 = DEFINITIONAL_REPRESENTATION('',(#5282),#5285);
#5282 = B_SPLINE_CURVE_WITH_KNOTS('',1,(#5283,#5284),.UNSPECIFIED.,.F.,
  .F.,(2,2),(-2.399999999625E-06,7.2),.PIECEWISE_BEZIER_KNOTS.);
#5283 = CARTESIAN_POINT('',(0.4999976,0.52711738758));
#5284 = CARTESIAN_POINT('',(7.7,0.52711738758));
#5285 = ( GEOMETRIC_REPRESENTATION_CONTEXT(2) 
PARAMETRIC_REPRESENTATION_CONTEXT() REPRESENTATION_CONTEXT('2D SPACE',''
  ) );
#5286 = ORIENTED_EDGE('',*,*,#5196,.T.);
#5287 = ORIENTED_EDGE('',*,*,#439,.T.);
#5288 = ORIENTED_EDGE('',*,*,#3111,.F.);
#5289 = ADVANCED_FACE('',(#5290),#563,.F.);
#5290 = FACE_BOUND('',#5291,.F.);
#5291 = EDGE_LOOP('',(#5292,#5438,#5459,#5460));
#5292 = ORIENTED_EDGE('',*,*,#5293,.F.);
#5293 = EDGE_CURVE('',#5294,#5294,#5296,.T.);
#5294 = VERTEX_POINT('',#5295);
#5295 = CARTESIAN_POINT('',(28.588373184832,26.820606231866,50.));
#5296 = SURFACE_CURVE('',#5297,(#5342,#5390),.PCURVE_S1.);
#5297 = B_SPLINE_CURVE_WITH_KNOTS('',7,(#5298,#5299,#5300,#5301,#5302,
    #5303,#5304,#5305,#5306,#5307,#5308,#5309,#5310,#5311,#5312,#5313,
    #5314,#5315,#5316,#5317,#5318,#5319,#5320,#5321,#5322,#5323,#5324,
    #5325,#5326,#5327,#5328,#5329,#5330,#5331,#5332,#5333,#5334,#5335,
    #5336,#5337,#5338,#5339,#5340,#5341),.UNSPECIFIED.,.T.,.F.,(8,6,6,6,
    6,6,6,8),(0.,0.151258396809,0.287065469368,0.424369511414,
    0.587316945582,0.713811652708,0.839616772749,1.),.UNSPECIFIED.);
#5298 = CARTESIAN_POINT('',(28.588373184832,26.820606231866,50.));
#5299 = CARTESIAN_POINT('',(28.588373184832,26.820606231866,
    50.150177399482));
#5300 = CARTESIAN_POINT('',(28.573963983124,26.835965113666,
    50.300434954016));
#5301 = CARTESIAN_POINT('',(28.545115655369,26.866715072239,
    50.448633600643));
#5302 = CARTESIAN_POINT('',(28.501460572239,26.91314276015,
    50.592409048429));
#5303 = CARTESIAN_POINT('',(28.442458688266,26.975616583131,
    50.728848777469));
#5304 = CARTESIAN_POINT('',(28.367501102747,27.054430939555,
    50.854189152062));
#5305 = CARTESIAN_POINT('',(28.194354216621,27.234764153962,
    51.060964266097));
#5306 = CARTESIAN_POINT('',(28.097213684634,27.335335052009,
    51.148092569835));
#5307 = CARTESIAN_POINT('',(27.986630473975,27.448912841227,
    51.21559964027));
#5308 = CARTESIAN_POINT('',(27.866305561612,27.571221081537,
    51.257335446028));
#5309 = CARTESIAN_POINT('',(27.741153797558,27.696942397443,
    51.270047535196));
#5310 = CARTESIAN_POINT('',(27.616672634027,27.820624820252,
    51.253516470702));
#5311 = CARTESIAN_POINT('',(27.377820879735,28.055717996178,
    51.167469795337));
#5312 = CARTESIAN_POINT('',(27.266988818588,28.163620486617,
    51.098601185756));
#5313 = CARTESIAN_POINT('',(27.167765839604,28.259260960679,
    51.00913816564));
#5314 = CARTESIAN_POINT('',(27.08163156292,28.341618690035,
    50.903613261752));
#5315 = CARTESIAN_POINT('',(27.009441867691,28.410230652944,
    50.786296718578));
#5316 = CARTESIAN_POINT('',(26.951449462781,28.465120064281,
    50.661233202488));
#5317 = CARTESIAN_POINT('',(26.854870073494,28.556280362354,
    50.37912082947));
#5318 = CARTESIAN_POINT('',(26.820379606161,28.588622967461,
    50.215931497274));
#5319 = CARTESIAN_POINT('',(26.804787380427,28.603178336887,
    50.047012034202));
#5320 = CARTESIAN_POINT('',(26.808500866915,28.59971005475,
    49.876630225755));
#5321 = CARTESIAN_POINT('',(26.831454350703,28.578256067657,
    49.708913962542));
#5322 = CARTESIAN_POINT('',(26.873236452641,28.539025479959,
    49.547888251139));
#5323 = CARTESIAN_POINT('',(26.979764950696,28.438290890693,
    49.281301813079));
#5324 = CARTESIAN_POINT('',(27.038229484431,28.382837968674,
    49.169023503784));
#5325 = CARTESIAN_POINT('',(27.108792855097,28.315620183613,
    49.064232901892));
#5326 = CARTESIAN_POINT('',(27.191121951944,28.236730280775,
    48.97031126636));
#5327 = CARTESIAN_POINT('',(27.284394246824,28.14666874009,
    48.890739731346));
#5328 = CARTESIAN_POINT('',(27.387299992079,28.046388047431,
    48.82911534131));
#5329 = CARTESIAN_POINT('',(27.607899765314,27.82925963884,
    48.749643967405));
#5330 = CARTESIAN_POINT('',(27.72313305697,27.714844671561,
    48.732416314494));
#5331 = CARTESIAN_POINT('',(27.839453227638,27.598179881919,
    48.740280989936));
#5332 = CARTESIAN_POINT('',(27.952306195234,27.483760483793,
    48.773358732719));
#5333 = CARTESIAN_POINT('',(28.057516741098,27.376039302715,
    48.829311786863));
#5334 = CARTESIAN_POINT('',(28.151793276358,27.278752217292,
    48.903433890469));
#5335 = CARTESIAN_POINT('',(28.337095968427,27.086369261879,
    49.097467304102));
#5336 = CARTESIAN_POINT('',(28.422510556359,26.996729636258,
    49.226881579719));
#5337 = CARTESIAN_POINT('',(28.489674380219,26.925675662072,
    49.370113262104));
#5338 = CARTESIAN_POINT('',(28.539294451923,26.872920109532,
    49.522374853728));
#5339 = CARTESIAN_POINT('',(28.572033307453,26.838023004813,
    49.680002647129));
#5340 = CARTESIAN_POINT('',(28.588373184832,26.820606231866,
    49.840077150786));
#5341 = CARTESIAN_POINT('',(28.588373184832,26.820606231866,50.));
#5342 = PCURVE('',#563,#5343);
#5343 = DEFINITIONAL_REPRESENTATION('',(#5344),#5389);
#5344 = B_SPLINE_CURVE_WITH_KNOTS('',7,(#5345,#5346,#5347,#5348,#5349,
    #5350,#5351,#5352,#5353,#5354,#5355,#5356,#5357,#5358,#5359,#5360,
    #5361,#5362,#5363,#5364,#5365,#5366,#5367,#5368,#5369,#5370,#5371,
    #5372,#5373,#5374,#5375,#5376,#5377,#5378,#5379,#5380,#5381,#5382,
    #5383,#5384,#5385,#5386,#5387,#5388),.UNSPECIFIED.,.F.,.F.,(8,6,6,6,
    6,6,6,8),(0.,0.151258396809,0.287065469368,0.424369511414,
    0.587316945582,0.713811652708,0.839616772749,1.),.UNSPECIFIED.);
#5345 = CARTESIAN_POINT('',(0.,38.319934915827));
#5346 = CARTESIAN_POINT('',(0.120141919585,38.319934915827));
#5347 = CARTESIAN_POINT('',(0.240347476716,38.319263390594));
#5348 = CARTESIAN_POINT('',(0.361741050291,38.317918734547));
#5349 = CARTESIAN_POINT('',(0.485267985815,38.315958206905));
#5350 = CARTESIAN_POINT('',(0.611964328757,38.313503175289));
#5351 = CARTESIAN_POINT('',(0.742905056989,38.310776026428));
#5352 = CARTESIAN_POINT('',(1.002418495279,38.305694524969));
#5353 = CARTESIAN_POINT('',(1.133025429304,38.303268889866));
#5354 = CARTESIAN_POINT('',(1.268172757962,38.30115140306));
#5355 = CARTESIAN_POINT('',(1.406031777848,38.29974897842));
#5356 = CARTESIAN_POINT('',(1.545222071987,38.299346244442));
#5357 = CARTESIAN_POINT('',(1.684482374478,38.299911039424));
#5358 = CARTESIAN_POINT('',(1.961282292143,38.302568755673));
#5359 = CARTESIAN_POINT('',(2.094831962995,38.304640274988));
#5360 = CARTESIAN_POINT('',(2.223797376617,38.307173488512));
#5361 = CARTESIAN_POINT('',(2.348729802542,38.309843910736));
#5362 = CARTESIAN_POINT('',(2.469990108916,38.312373749521));
#5363 = CARTESIAN_POINT('',(2.587706701605,38.314567897319));
#5364 = CARTESIAN_POINT('',(2.837135471224,38.318399773464));
#5365 = CARTESIAN_POINT('',(2.971358910439,38.319918541409));
#5366 = CARTESIAN_POINT('',(3.104947242984,38.320651709536));
#5367 = CARTESIAN_POINT('',(3.238393557155,38.320478323876));
#5368 = CARTESIAN_POINT('',(3.372271509608,38.319418019594));
#5369 = CARTESIAN_POINT('',(3.507235770109,38.317613826573));
#5370 = CARTESIAN_POINT('',(3.750608501716,38.313516914379));
#5371 = CARTESIAN_POINT('',(3.860365338916,38.311387383313));
#5372 = CARTESIAN_POINT('',(3.973343099128,38.309021697044));
#5373 = CARTESIAN_POINT('',(4.089579417008,38.306589819639));
#5374 = CARTESIAN_POINT('',(4.209299007407,38.304319473575));
#5375 = CARTESIAN_POINT('',(4.332888144804,38.302463281083));
#5376 = CARTESIAN_POINT('',(4.588536252769,38.300008655604));
#5377 = CARTESIAN_POINT('',(4.717790651503,38.299430012887));
#5378 = CARTESIAN_POINT('',(4.847266919578,38.299673695301));
#5379 = CARTESIAN_POINT('',(4.975782501694,38.300781328951));
#5380 = CARTESIAN_POINT('',(5.102094048508,38.302556616136));
#5381 = CARTESIAN_POINT('',(5.224617675599,38.30468539657));
#5382 = CARTESIAN_POINT('',(5.488705163846,38.309691898793));
#5383 = CARTESIAN_POINT('',(5.629673662912,38.312679451594));
#5384 = CARTESIAN_POINT('',(5.765569591505,38.31543020327));
#5385 = CARTESIAN_POINT('',(5.897661772632,38.317647323032));
#5386 = CARTESIAN_POINT('',(6.027188269379,38.319173435669));
#5387 = CARTESIAN_POINT('',(6.155247027808,38.319934915827));
#5388 = CARTESIAN_POINT('',(6.28318530718,38.319934915827));
#5389 = ( GEOMETRIC_REPRESENTATION_CONTEXT(2) 
PARAMETRIC_REPRESENTATION_CONTEXT() REPRESENTATION_CONTEXT('2D SPACE',''
  ) );
#5390 = PCURVE('',#3302,#5391);
#5391 = DEFINITIONAL_REPRESENTATION('',(#5392),#5437);
#5392 = B_SPLINE_CURVE_WITH_KNOTS('',7,(#5393,#5394,#5395,#5396,#5397,
    #5398,#5399,#5400,#5401,#5402,#5403,#5404,#5405,#5406,#5407,#5408,
    #5409,#5410,#5411,#5412,#5413,#5414,#5415,#5416,#5417,#5418,#5419,
    #5420,#5421,#5422,#5423,#5424,#5425,#5426,#5427,#5428,#5429,#5430,
    #5431,#5432,#5433,#5434,#5435,#5436),.UNSPECIFIED.,.T.,.F.,(8,6,6,6,
    6,6,6,8),(0.,0.151258396809,0.287065469368,0.424369511414,
    0.587316945582,0.713811652708,0.839616772749,1.),.UNSPECIFIED.);
#5393 = CARTESIAN_POINT('',(0.753505001756,6.));
#5394 = CARTESIAN_POINT('',(0.753505001756,6.150177399482));
#5395 = CARTESIAN_POINT('',(0.75404224471,6.300434954016));
#5396 = CARTESIAN_POINT('',(0.7551178517,6.448633600643));
#5397 = CARTESIAN_POINT('',(0.756743572945,6.592409048429));
#5398 = CARTESIAN_POINT('',(0.758935687494,6.728848777469));
#5399 = CARTESIAN_POINT('',(0.761710334171,6.854189152062));
#5400 = CARTESIAN_POINT('',(0.768087880722,7.060964266097));
#5401 = CARTESIAN_POINT('',(0.771654806557,7.148092569835));
#5402 = CARTESIAN_POINT('',(0.775698631369,7.21559964027));
#5403 = CARTESIAN_POINT('',(0.780075376721,7.257335446027));
#5404 = CARTESIAN_POINT('',(0.784600634173,7.270047535196));
#5405 = CARTESIAN_POINT('',(0.789077091765,7.253516470702));
#5406 = CARTESIAN_POINT('',(0.797626586976,7.167469795337));
#5407 = CARTESIAN_POINT('',(0.801572511615,7.098601185756));
#5408 = CARTESIAN_POINT('',(0.805088076033,7.00913816564));
#5409 = CARTESIAN_POINT('',(0.808128145619,6.903613261752));
#5410 = CARTESIAN_POINT('',(0.810668797902,6.786296718578));
#5411 = CARTESIAN_POINT('',(0.812705776915,6.661233202488));
#5412 = CARTESIAN_POINT('',(0.816093718188,6.37912082947));
#5413 = CARTESIAN_POINT('',(0.817299898331,6.215931497274));
#5414 = CARTESIAN_POINT('',(0.817844037675,6.047012034202));
#5415 = CARTESIAN_POINT('',(0.817714413864,5.876630225755));
#5416 = CARTESIAN_POINT('',(0.816912913829,5.708913962541));
#5417 = CARTESIAN_POINT('',(0.81545085603,5.547888251139));
#5418 = CARTESIAN_POINT('',(0.811710693105,5.281301813079));
#5419 = CARTESIAN_POINT('',(0.809655084472,5.169023503784));
#5420 = CARTESIAN_POINT('',(0.807169004831,5.064232901892));
#5421 = CARTESIAN_POINT('',(0.804260229364,4.97031126636));
#5422 = CARTESIAN_POINT('',(0.800952716471,4.890739731346));
#5423 = CARTESIAN_POINT('',(0.79728729022,4.82911534131));
#5424 = CARTESIAN_POINT('',(0.789391109132,4.749643967405));
#5425 = CARTESIAN_POINT('',(0.785248626076,4.732416314494));
#5426 = CARTESIAN_POINT('',(0.781046024554,4.740280989936));
#5427 = CARTESIAN_POINT('',(0.776946389314,4.773358732719));
#5428 = CARTESIAN_POINT('',(0.773105213801,4.829311786863));
#5429 = CARTESIAN_POINT('',(0.769649294714,4.903433890469));
#5430 = CARTESIAN_POINT('',(0.762835238453,5.097467304102));
#5431 = CARTESIAN_POINT('',(0.759676660148,5.226881579719));
#5432 = CARTESIAN_POINT('',(0.757182458168,5.370113262104));
#5433 = CARTESIAN_POINT('',(0.755334896599,5.522374853728));
#5434 = CARTESIAN_POINT('',(0.754114228855,5.680002647129));
#5435 = CARTESIAN_POINT('',(0.753505001756,5.840077150786));
#5436 = CARTESIAN_POINT('',(0.753505001756,6.));
#5437 = ( GEOMETRIC_REPRESENTATION_CONTEXT(2) 
PARAMETRIC_REPRESENTATION_CONTEXT() REPRESENTATION_CONTEXT('2D SPACE',''
  ) );
#5438 = ORIENTED_EDGE('',*,*,#5439,.F.);
#5439 = EDGE_CURVE('',#466,#5294,#5440,.T.);
#5440 = SEAM_CURVE('',#5441,(#5445,#5452),.PCURVE_S1.);
#5441 = LINE('',#5442,#5443);
#5442 = CARTESIAN_POINT('',(55.684659018441,53.916892065474,50.));
#5443 = VECTOR('',#5444,1.);
#5444 = DIRECTION('',(-0.707106781187,-0.707106781187,2.22044604925E-16)
  );
#5445 = PCURVE('',#563,#5446);
#5446 = DEFINITIONAL_REPRESENTATION('',(#5447),#5451);
#5447 = LINE('',#5448,#5449);
#5448 = CARTESIAN_POINT('',(6.28318530718,-0.));
#5449 = VECTOR('',#5450,1.);
#5450 = DIRECTION('',(0.,1.));
#5451 = ( GEOMETRIC_REPRESENTATION_CONTEXT(2) 
PARAMETRIC_REPRESENTATION_CONTEXT() REPRESENTATION_CONTEXT('2D SPACE',''
  ) );
#5452 = PCURVE('',#563,#5453);
#5453 = DEFINITIONAL_REPRESENTATION('',(#5454),#5458);
#5454 = LINE('',#5455,#5456);
#5455 = CARTESIAN_POINT('',(0.,-0.));
#5456 = VECTOR('',#5457,1.);
#5457 = DIRECTION('',(0.,1.));
#5458 = ( GEOMETRIC_REPRESENTATION_CONTEXT(2) 
PARAMETRIC_REPRESENTATION_CONTEXT() REPRESENTATION_CONTEXT('2D SPACE',''
  ) );
#5459 = ORIENTED_EDGE('',*,*,#465,.T.);
#5460 = ORIENTED_EDGE('',*,*,#5439,.T.);
#5461 = ADVANCED_FACE('',(#5462),#635,.T.);
#5462 = FACE_BOUND('',#5463,.T.);
#5463 = EDGE_LOOP('',(#5464,#5487,#5515,#5536));
#5464 = ORIENTED_EDGE('',*,*,#5465,.F.);
#5465 = EDGE_CURVE('',#5466,#621,#5468,.T.);
#5466 = VERTEX_POINT('',#5467);
#5467 = CARTESIAN_POINT('',(-10.95221315109,56.354316845234,53.5));
#5468 = SURFACE_CURVE('',#5469,(#5473,#5480),.PCURVE_S1.);
#5469 = LINE('',#5470,#5471);
#5470 = CARTESIAN_POINT('',(-10.95221315109,56.354316845234,53.5));
#5471 = VECTOR('',#5472,1.);
#5472 = DIRECTION('',(-0.173648177667,0.984807753012,0.));
#5473 = PCURVE('',#635,#5474);
#5474 = DEFINITIONAL_REPRESENTATION('',(#5475),#5479);
#5475 = LINE('',#5476,#5477);
#5476 = CARTESIAN_POINT('',(7.,0.));
#5477 = VECTOR('',#5478,1.);
#5478 = DIRECTION('',(0.,-1.));
#5479 = ( GEOMETRIC_REPRESENTATION_CONTEXT(2) 
PARAMETRIC_REPRESENTATION_CONTEXT() REPRESENTATION_CONTEXT('2D SPACE',''
  ) );
#5480 = PCURVE('',#716,#5481);
#5481 = DEFINITIONAL_REPRESENTATION('',(#5482),#5486);
#5482 = LINE('',#5483,#5484);
#5483 = CARTESIAN_POINT('',(0.,0.));
#5484 = VECTOR('',#5485,1.);
#5485 = DIRECTION('',(0.,1.));
#5486 = ( GEOMETRIC_REPRESENTATION_CONTEXT(2) 
PARAMETRIC_REPRESENTATION_CONTEXT() REPRESENTATION_CONTEXT('2D SPACE',''
  ) );
#5487 = ORIENTED_EDGE('',*,*,#5488,.F.);
#5488 = EDGE_CURVE('',#5489,#5466,#5491,.T.);
#5489 = VERTEX_POINT('',#5490);
#5490 = CARTESIAN_POINT('',(-10.95221315109,56.354316845234,46.5));
#5491 = SURFACE_CURVE('',#5492,(#5496,#5503),.PCURVE_S1.);
#5492 = LINE('',#5493,#5494);
#5493 = CARTESIAN_POINT('',(-10.95221315109,56.354316845234,46.5));
#5494 = VECTOR('',#5495,1.);
#5495 = DIRECTION('',(0.,0.,1.));
#5496 = PCURVE('',#635,#5497);
#5497 = DEFINITIONAL_REPRESENTATION('',(#5498),#5502);
#5498 = LINE('',#5499,#5500);
#5499 = CARTESIAN_POINT('',(0.,0.));
#5500 = VECTOR('',#5501,1.);
#5501 = DIRECTION('',(1.,0.));
#5502 = ( GEOMETRIC_REPRESENTATION_CONTEXT(2) 
PARAMETRIC_REPRESENTATION_CONTEXT() REPRESENTATION_CONTEXT('2D SPACE',''
  ) );
#5503 = PCURVE('',#5504,#5509);
#5504 = PLANE('',#5505);
#5505 = AXIS2_PLACEMENT_3D('',#5506,#5507,#5508);
#5506 = CARTESIAN_POINT('',(-10.95221315109,56.354316845234,46.5));
#5507 = DIRECTION('',(-0.173648177667,0.984807753012,0.));
#5508 = DIRECTION('',(0.,0.,1.));
#5509 = DEFINITIONAL_REPRESENTATION('',(#5510),#5514);
#5510 = LINE('',#5511,#5512);
#5511 = CARTESIAN_POINT('',(0.,0.));
#5512 = VECTOR('',#5513,1.);
#5513 = DIRECTION('',(1.,0.));
#5514 = ( GEOMETRIC_REPRESENTATION_CONTEXT(2) 
PARAMETRIC_REPRESENTATION_CONTEXT() REPRESENTATION_CONTEXT('2D SPACE',''
  ) );
#5515 = ORIENTED_EDGE('',*,*,#5516,.T.);
#5516 = EDGE_CURVE('',#5489,#619,#5517,.T.);
#5517 = SURFACE_CURVE('',#5518,(#5522,#5529),.PCURVE_S1.);
#5518 = LINE('',#5519,#5520);
#5519 = CARTESIAN_POINT('',(-10.95221315109,56.354316845234,46.5));
#5520 = VECTOR('',#5521,1.);
#5521 = DIRECTION('',(-0.173648177667,0.984807753012,0.));
#5522 = PCURVE('',#635,#5523);
#5523 = DEFINITIONAL_REPRESENTATION('',(#5524),#5528);
#5524 = LINE('',#5525,#5526);
#5525 = CARTESIAN_POINT('',(0.,0.));
#5526 = VECTOR('',#5527,1.);
#5527 = DIRECTION('',(0.,-1.));
#5528 = ( GEOMETRIC_REPRESENTATION_CONTEXT(2) 
PARAMETRIC_REPRESENTATION_CONTEXT() REPRESENTATION_CONTEXT('2D SPACE',''
  ) );
#5529 = PCURVE('',#663,#5530);
#5530 = DEFINITIONAL_REPRESENTATION('',(#5531),#5535);
#5531 = LINE('',#5532,#5533);
#5532 = CARTESIAN_POINT('',(0.,0.));
#5533 = VECTOR('',#5534,1.);
#5534 = DIRECTION('',(0.,1.));
#5535 = ( GEOMETRIC_REPRESENTATION_CONTEXT(2) 
PARAMETRIC_REPRESENTATION_CONTEXT() REPRESENTATION_CONTEXT('2D SPACE',''
  ) );
#5536 = ORIENTED_EDGE('',*,*,#618,.T.);
#5537 = ADVANCED_FACE('',(#5538),#663,.T.);
#5538 = FACE_BOUND('',#5539,.T.);
#5539 = EDGE_LOOP('',(#5540,#5541,#5564,#5585));
#5540 = ORIENTED_EDGE('',*,*,#5516,.F.);
#5541 = ORIENTED_EDGE('',*,*,#5542,.T.);
#5542 = EDGE_CURVE('',#5489,#5543,#5545,.T.);
#5543 = VERTEX_POINT('',#5544);
#5544 = CARTESIAN_POINT('',(-8.98259764507,56.701613200568,46.5));
#5545 = SURFACE_CURVE('',#5546,(#5550,#5557),.PCURVE_S1.);
#5546 = LINE('',#5547,#5548);
#5547 = CARTESIAN_POINT('',(-10.95221315109,56.354316845234,46.5));
#5548 = VECTOR('',#5549,1.);
#5549 = DIRECTION('',(0.984807753012,0.173648177667,0.));
#5550 = PCURVE('',#663,#5551);
#5551 = DEFINITIONAL_REPRESENTATION('',(#5552),#5556);
#5552 = LINE('',#5553,#5554);
#5553 = CARTESIAN_POINT('',(0.,0.));
#5554 = VECTOR('',#5555,1.);
#5555 = DIRECTION('',(1.,0.));
#5556 = ( GEOMETRIC_REPRESENTATION_CONTEXT(2) 
PARAMETRIC_REPRESENTATION_CONTEXT() REPRESENTATION_CONTEXT('2D SPACE',''
  ) );
#5557 = PCURVE('',#5504,#5558);
#5558 = DEFINITIONAL_REPRESENTATION('',(#5559),#5563);
#5559 = LINE('',#5560,#5561);
#5560 = CARTESIAN_POINT('',(0.,0.));
#5561 = VECTOR('',#5562,1.);
#5562 = DIRECTION('',(0.,1.));
#5563 = ( GEOMETRIC_REPRESENTATION_CONTEXT(2) 
PARAMETRIC_REPRESENTATION_CONTEXT() REPRESENTATION_CONTEXT('2D SPACE',''
  ) );
#5564 = ORIENTED_EDGE('',*,*,#5565,.T.);
#5565 = EDGE_CURVE('',#5543,#647,#5566,.T.);
#5566 = SURFACE_CURVE('',#5567,(#5571,#5578),.PCURVE_S1.);
#5567 = LINE('',#5568,#5569);
#5568 = CARTESIAN_POINT('',(-8.98259764507,56.701613200568,46.5));
#5569 = VECTOR('',#5570,1.);
#5570 = DIRECTION('',(-0.173648177667,0.984807753012,0.));
#5571 = PCURVE('',#663,#5572);
#5572 = DEFINITIONAL_REPRESENTATION('',(#5573),#5577);
#5573 = LINE('',#5574,#5575);
#5574 = CARTESIAN_POINT('',(2.,0.));
#5575 = VECTOR('',#5576,1.);
#5576 = DIRECTION('',(0.,1.));
#5577 = ( GEOMETRIC_REPRESENTATION_CONTEXT(2) 
PARAMETRIC_REPRESENTATION_CONTEXT() REPRESENTATION_CONTEXT('2D SPACE',''
  ) );
#5578 = PCURVE('',#690,#5579);
#5579 = DEFINITIONAL_REPRESENTATION('',(#5580),#5584);
#5580 = LINE('',#5581,#5582);
#5581 = CARTESIAN_POINT('',(0.,0.));
#5582 = VECTOR('',#5583,1.);
#5583 = DIRECTION('',(0.,-1.));
#5584 = ( GEOMETRIC_REPRESENTATION_CONTEXT(2) 
PARAMETRIC_REPRESENTATION_CONTEXT() REPRESENTATION_CONTEXT('2D SPACE',''
  ) );
#5585 = ORIENTED_EDGE('',*,*,#646,.T.);
#5586 = ADVANCED_FACE('',(#5587),#690,.F.);
#5587 = FACE_BOUND('',#5588,.F.);
#5588 = EDGE_LOOP('',(#5589,#5612,#5633,#5634));
#5589 = ORIENTED_EDGE('',*,*,#5590,.F.);
#5590 = EDGE_CURVE('',#5591,#676,#5593,.T.);
#5591 = VERTEX_POINT('',#5592);
#5592 = CARTESIAN_POINT('',(-8.98259764507,56.701613200568,53.5));
#5593 = SURFACE_CURVE('',#5594,(#5598,#5605),.PCURVE_S1.);
#5594 = LINE('',#5595,#5596);
#5595 = CARTESIAN_POINT('',(-8.98259764507,56.701613200568,53.5));
#5596 = VECTOR('',#5597,1.);
#5597 = DIRECTION('',(-0.173648177667,0.984807753012,0.));
#5598 = PCURVE('',#690,#5599);
#5599 = DEFINITIONAL_REPRESENTATION('',(#5600),#5604);
#5600 = LINE('',#5601,#5602);
#5601 = CARTESIAN_POINT('',(7.,0.));
#5602 = VECTOR('',#5603,1.);
#5603 = DIRECTION('',(0.,-1.));
#5604 = ( GEOMETRIC_REPRESENTATION_CONTEXT(2) 
PARAMETRIC_REPRESENTATION_CONTEXT() REPRESENTATION_CONTEXT('2D SPACE',''
  ) );
#5605 = PCURVE('',#716,#5606);
#5606 = DEFINITIONAL_REPRESENTATION('',(#5607),#5611);
#5607 = LINE('',#5608,#5609);
#5608 = CARTESIAN_POINT('',(2.,0.));
#5609 = VECTOR('',#5610,1.);
#5610 = DIRECTION('',(0.,1.));
#5611 = ( GEOMETRIC_REPRESENTATION_CONTEXT(2) 
PARAMETRIC_REPRESENTATION_CONTEXT() REPRESENTATION_CONTEXT('2D SPACE',''
  ) );
#5612 = ORIENTED_EDGE('',*,*,#5613,.F.);
#5613 = EDGE_CURVE('',#5543,#5591,#5614,.T.);
#5614 = SURFACE_CURVE('',#5615,(#5619,#5626),.PCURVE_S1.);
#5615 = LINE('',#5616,#5617);
#5616 = CARTESIAN_POINT('',(-8.98259764507,56.701613200568,46.5));
#5617 = VECTOR('',#5618,1.);
#5618 = DIRECTION('',(0.,0.,1.));
#5619 = PCURVE('',#690,#5620);
#5620 = DEFINITIONAL_REPRESENTATION('',(#5621),#5625);
#5621 = LINE('',#5622,#5623);
#5622 = CARTESIAN_POINT('',(0.,0.));
#5623 = VECTOR('',#5624,1.);
#5624 = DIRECTION('',(1.,0.));
#5625 = ( GEOMETRIC_REPRESENTATION_CONTEXT(2) 
PARAMETRIC_REPRESENTATION_CONTEXT() REPRESENTATION_CONTEXT('2D SPACE',''
  ) );
#5626 = PCURVE('',#5504,#5627);
#5627 = DEFINITIONAL_REPRESENTATION('',(#5628),#5632);
#5628 = LINE('',#5629,#5630);
#5629 = CARTESIAN_POINT('',(0.,2.));
#5630 = VECTOR('',#5631,1.);
#5631 = DIRECTION('',(1.,0.));
#5632 = ( GEOMETRIC_REPRESENTATION_CONTEXT(2) 
PARAMETRIC_REPRESENTATION_CONTEXT() REPRESENTATION_CONTEXT('2D SPACE',''
  ) );
#5633 = ORIENTED_EDGE('',*,*,#5565,.T.);
#5634 = ORIENTED_EDGE('',*,*,#675,.T.);
#5635 = ADVANCED_FACE('',(#5636),#716,.F.);
#5636 = FACE_BOUND('',#5637,.F.);
#5637 = EDGE_LOOP('',(#5638,#5639,#5660,#5661));
#5638 = ORIENTED_EDGE('',*,*,#5465,.F.);
#5639 = ORIENTED_EDGE('',*,*,#5640,.T.);
#5640 = EDGE_CURVE('',#5466,#5591,#5641,.T.);
#5641 = SURFACE_CURVE('',#5642,(#5646,#5653),.PCURVE_S1.);
#5642 = LINE('',#5643,#5644);
#5643 = CARTESIAN_POINT('',(-10.95221315109,56.354316845234,53.5));
#5644 = VECTOR('',#5645,1.);
#5645 = DIRECTION('',(0.984807753012,0.173648177667,0.));
#5646 = PCURVE('',#716,#5647);
#5647 = DEFINITIONAL_REPRESENTATION('',(#5648),#5652);
#5648 = LINE('',#5649,#5650);
#5649 = CARTESIAN_POINT('',(0.,0.));
#5650 = VECTOR('',#5651,1.);
#5651 = DIRECTION('',(1.,0.));
#5652 = ( GEOMETRIC_REPRESENTATION_CONTEXT(2) 
PARAMETRIC_REPRESENTATION_CONTEXT() REPRESENTATION_CONTEXT('2D SPACE',''
  ) );
#5653 = PCURVE('',#5504,#5654);
#5654 = DEFINITIONAL_REPRESENTATION('',(#5655),#5659);
#5655 = LINE('',#5656,#5657);
#5656 = CARTESIAN_POINT('',(7.,0.));
#5657 = VECTOR('',#5658,1.);
#5658 = DIRECTION('',(0.,1.));
#5659 = ( GEOMETRIC_REPRESENTATION_CONTEXT(2) 
PARAMETRIC_REPRESENTATION_CONTEXT() REPRESENTATION_CONTEXT('2D SPACE',''
  ) );
#5660 = ORIENTED_EDGE('',*,*,#5590,.T.);
#5661 = ORIENTED_EDGE('',*,*,#701,.T.);
#5662 = ADVANCED_FACE('',(#5663),#747,.T.);
#5663 = FACE_BOUND('',#5664,.T.);
#5664 = EDGE_LOOP('',(#5665,#5688,#5716,#5737));
#5665 = ORIENTED_EDGE('',*,*,#5666,.F.);
#5666 = EDGE_CURVE('',#5667,#733,#5669,.T.);
#5667 = VERTEX_POINT('',#5668);
#5668 = CARTESIAN_POINT('',(-20.57164884767,53.596336289785,53.5));
#5669 = SURFACE_CURVE('',#5670,(#5674,#5681),.PCURVE_S1.);
#5670 = LINE('',#5671,#5672);
#5671 = CARTESIAN_POINT('',(-20.57164884767,53.596336289785,53.5));
#5672 = VECTOR('',#5673,1.);
#5673 = DIRECTION('',(-0.342020143326,0.939692620786,0.));
#5674 = PCURVE('',#747,#5675);
#5675 = DEFINITIONAL_REPRESENTATION('',(#5676),#5680);
#5676 = LINE('',#5677,#5678);
#5677 = CARTESIAN_POINT('',(7.,0.));
#5678 = VECTOR('',#5679,1.);
#5679 = DIRECTION('',(0.,-1.));
#5680 = ( GEOMETRIC_REPRESENTATION_CONTEXT(2) 
PARAMETRIC_REPRESENTATION_CONTEXT() REPRESENTATION_CONTEXT('2D SPACE',''
  ) );
#5681 = PCURVE('',#828,#5682);
#5682 = DEFINITIONAL_REPRESENTATION('',(#5683),#5687);
#5683 = LINE('',#5684,#5685);
#5684 = CARTESIAN_POINT('',(0.,0.));
#5685 = VECTOR('',#5686,1.);
#5686 = DIRECTION('',(0.,1.));
#5687 = ( GEOMETRIC_REPRESENTATION_CONTEXT(2) 
PARAMETRIC_REPRESENTATION_CONTEXT() REPRESENTATION_CONTEXT('2D SPACE',''
  ) );
#5688 = ORIENTED_EDGE('',*,*,#5689,.F.);
#5689 = EDGE_CURVE('',#5690,#5667,#5692,.T.);
#5690 = VERTEX_POINT('',#5691);
#5691 = CARTESIAN_POINT('',(-20.57164884767,53.596336289785,46.5));
#5692 = SURFACE_CURVE('',#5693,(#5697,#5704),.PCURVE_S1.);
#5693 = LINE('',#5694,#5695);
#5694 = CARTESIAN_POINT('',(-20.57164884767,53.596336289785,46.5));
#5695 = VECTOR('',#5696,1.);
#5696 = DIRECTION('',(0.,0.,1.));
#5697 = PCURVE('',#747,#5698);
#5698 = DEFINITIONAL_REPRESENTATION('',(#5699),#5703);
#5699 = LINE('',#5700,#5701);
#5700 = CARTESIAN_POINT('',(0.,0.));
#5701 = VECTOR('',#5702,1.);
#5702 = DIRECTION('',(1.,0.));
#5703 = ( GEOMETRIC_REPRESENTATION_CONTEXT(2) 
PARAMETRIC_REPRESENTATION_CONTEXT() REPRESENTATION_CONTEXT('2D SPACE',''
  ) );
#5704 = PCURVE('',#5705,#5710);
#5705 = PLANE('',#5706);
#5706 = AXIS2_PLACEMENT_3D('',#5707,#5708,#5709);
#5707 = CARTESIAN_POINT('',(-20.57164884767,53.596336289785,46.5));
#5708 = DIRECTION('',(-0.342020143326,0.939692620786,0.));
#5709 = DIRECTION('',(0.,0.,1.));
#5710 = DEFINITIONAL_REPRESENTATION('',(#5711),#5715);
#5711 = LINE('',#5712,#5713);
#5712 = CARTESIAN_POINT('',(0.,0.));
#5713 = VECTOR('',#5714,1.);
#5714 = DIRECTION('',(1.,0.));
#5715 = ( GEOMETRIC_REPRESENTATION_CONTEXT(2) 
PARAMETRIC_REPRESENTATION_CONTEXT() REPRESENTATION_CONTEXT('2D SPACE',''
  ) );
#5716 = ORIENTED_EDGE('',*,*,#5717,.T.);
#5717 = EDGE_CURVE('',#5690,#731,#5718,.T.);
#5718 = SURFACE_CURVE('',#5719,(#5723,#5730),.PCURVE_S1.);
#5719 = LINE('',#5720,#5721);
#5720 = CARTESIAN_POINT('',(-20.57164884767,53.596336289785,46.5));
#5721 = VECTOR('',#5722,1.);
#5722 = DIRECTION('',(-0.342020143326,0.939692620786,0.));
#5723 = PCURVE('',#747,#5724);
#5724 = DEFINITIONAL_REPRESENTATION('',(#5725),#5729);
#5725 = LINE('',#5726,#5727);
#5726 = CARTESIAN_POINT('',(0.,0.));
#5727 = VECTOR('',#5728,1.);
#5728 = DIRECTION('',(0.,-1.));
#5729 = ( GEOMETRIC_REPRESENTATION_CONTEXT(2) 
PARAMETRIC_REPRESENTATION_CONTEXT() REPRESENTATION_CONTEXT('2D SPACE',''
  ) );
#5730 = PCURVE('',#775,#5731);
#5731 = DEFINITIONAL_REPRESENTATION('',(#5732),#5736);
#5732 = LINE('',#5733,#5734);
#5733 = CARTESIAN_POINT('',(0.,0.));
#5734 = VECTOR('',#5735,1.);
#5735 = DIRECTION('',(0.,1.));
#5736 = ( GEOMETRIC_REPRESENTATION_CONTEXT(2) 
PARAMETRIC_REPRESENTATION_CONTEXT() REPRESENTATION_CONTEXT('2D SPACE',''
  ) );
#5737 = ORIENTED_EDGE('',*,*,#730,.T.);
#5738 = ADVANCED_FACE('',(#5739),#775,.T.);
#5739 = FACE_BOUND('',#5740,.T.);
#5740 = EDGE_LOOP('',(#5741,#5742,#5765,#5786));
#5741 = ORIENTED_EDGE('',*,*,#5717,.F.);
#5742 = ORIENTED_EDGE('',*,*,#5743,.T.);
#5743 = EDGE_CURVE('',#5690,#5744,#5746,.T.);
#5744 = VERTEX_POINT('',#5745);
#5745 = CARTESIAN_POINT('',(-18.6922636061,54.280376576437,46.5));
#5746 = SURFACE_CURVE('',#5747,(#5751,#5758),.PCURVE_S1.);
#5747 = LINE('',#5748,#5749);
#5748 = CARTESIAN_POINT('',(-20.57164884767,53.596336289785,46.5));
#5749 = VECTOR('',#5750,1.);
#5750 = DIRECTION('',(0.939692620786,0.342020143326,0.));
#5751 = PCURVE('',#775,#5752);
#5752 = DEFINITIONAL_REPRESENTATION('',(#5753),#5757);
#5753 = LINE('',#5754,#5755);
#5754 = CARTESIAN_POINT('',(0.,0.));
#5755 = VECTOR('',#5756,1.);
#5756 = DIRECTION('',(1.,0.));
#5757 = ( GEOMETRIC_REPRESENTATION_CONTEXT(2) 
PARAMETRIC_REPRESENTATION_CONTEXT() REPRESENTATION_CONTEXT('2D SPACE',''
  ) );
#5758 = PCURVE('',#5705,#5759);
#5759 = DEFINITIONAL_REPRESENTATION('',(#5760),#5764);
#5760 = LINE('',#5761,#5762);
#5761 = CARTESIAN_POINT('',(0.,0.));
#5762 = VECTOR('',#5763,1.);
#5763 = DIRECTION('',(0.,1.));
#5764 = ( GEOMETRIC_REPRESENTATION_CONTEXT(2) 
PARAMETRIC_REPRESENTATION_CONTEXT() REPRESENTATION_CONTEXT('2D SPACE',''
  ) );
#5765 = ORIENTED_EDGE('',*,*,#5766,.T.);
#5766 = EDGE_CURVE('',#5744,#759,#5767,.T.);
#5767 = SURFACE_CURVE('',#5768,(#5772,#5779),.PCURVE_S1.);
#5768 = LINE('',#5769,#5770);
#5769 = CARTESIAN_POINT('',(-18.6922636061,54.280376576437,46.5));
#5770 = VECTOR('',#5771,1.);
#5771 = DIRECTION('',(-0.342020143326,0.939692620786,0.));
#5772 = PCURVE('',#775,#5773);
#5773 = DEFINITIONAL_REPRESENTATION('',(#5774),#5778);
#5774 = LINE('',#5775,#5776);
#5775 = CARTESIAN_POINT('',(2.,0.));
#5776 = VECTOR('',#5777,1.);
#5777 = DIRECTION('',(0.,1.));
#5778 = ( GEOMETRIC_REPRESENTATION_CONTEXT(2) 
PARAMETRIC_REPRESENTATION_CONTEXT() REPRESENTATION_CONTEXT('2D SPACE',''
  ) );
#5779 = PCURVE('',#802,#5780);
#5780 = DEFINITIONAL_REPRESENTATION('',(#5781),#5785);
#5781 = LINE('',#5782,#5783);
#5782 = CARTESIAN_POINT('',(0.,0.));
#5783 = VECTOR('',#5784,1.);
#5784 = DIRECTION('',(0.,-1.));
#5785 = ( GEOMETRIC_REPRESENTATION_CONTEXT(2) 
PARAMETRIC_REPRESENTATION_CONTEXT() REPRESENTATION_CONTEXT('2D SPACE',''
  ) );
#5786 = ORIENTED_EDGE('',*,*,#758,.T.);
#5787 = ADVANCED_FACE('',(#5788),#802,.F.);
#5788 = FACE_BOUND('',#5789,.F.);
#5789 = EDGE_LOOP('',(#5790,#5813,#5834,#5835));
#5790 = ORIENTED_EDGE('',*,*,#5791,.F.);
#5791 = EDGE_CURVE('',#5792,#788,#5794,.T.);
#5792 = VERTEX_POINT('',#5793);
#5793 = CARTESIAN_POINT('',(-18.6922636061,54.280376576437,53.5));
#5794 = SURFACE_CURVE('',#5795,(#5799,#5806),.PCURVE_S1.);
#5795 = LINE('',#5796,#5797);
#5796 = CARTESIAN_POINT('',(-18.6922636061,54.280376576437,53.5));
#5797 = VECTOR('',#5798,1.);
#5798 = DIRECTION('',(-0.342020143326,0.939692620786,0.));
#5799 = PCURVE('',#802,#5800);
#5800 = DEFINITIONAL_REPRESENTATION('',(#5801),#5805);
#5801 = LINE('',#5802,#5803);
#5802 = CARTESIAN_POINT('',(7.,0.));
#5803 = VECTOR('',#5804,1.);
#5804 = DIRECTION('',(0.,-1.));
#5805 = ( GEOMETRIC_REPRESENTATION_CONTEXT(2) 
PARAMETRIC_REPRESENTATION_CONTEXT() REPRESENTATION_CONTEXT('2D SPACE',''
  ) );
#5806 = PCURVE('',#828,#5807);
#5807 = DEFINITIONAL_REPRESENTATION('',(#5808),#5812);
#5808 = LINE('',#5809,#5810);
#5809 = CARTESIAN_POINT('',(2.,0.));
#5810 = VECTOR('',#5811,1.);
#5811 = DIRECTION('',(0.,1.));
#5812 = ( GEOMETRIC_REPRESENTATION_CONTEXT(2) 
PARAMETRIC_REPRESENTATION_CONTEXT() REPRESENTATION_CONTEXT('2D SPACE',''
  ) );
#5813 = ORIENTED_EDGE('',*,*,#5814,.F.);
#5814 = EDGE_CURVE('',#5744,#5792,#5815,.T.);
#5815 = SURFACE_CURVE('',#5816,(#5820,#5827),.PCURVE_S1.);
#5816 = LINE('',#5817,#5818);
#5817 = CARTESIAN_POINT('',(-18.6922636061,54.280376576437,46.5));
#5818 = VECTOR('',#5819,1.);
#5819 = DIRECTION('',(0.,0.,1.));
#5820 = PCURVE('',#802,#5821);
#5821 = DEFINITIONAL_REPRESENTATION('',(#5822),#5826);
#5822 = LINE('',#5823,#5824);
#5823 = CARTESIAN_POINT('',(0.,0.));
#5824 = VECTOR('',#5825,1.);
#5825 = DIRECTION('',(1.,0.));
#5826 = ( GEOMETRIC_REPRESENTATION_CONTEXT(2) 
PARAMETRIC_REPRESENTATION_CONTEXT() REPRESENTATION_CONTEXT('2D SPACE',''
  ) );
#5827 = PCURVE('',#5705,#5828);
#5828 = DEFINITIONAL_REPRESENTATION('',(#5829),#5833);
#5829 = LINE('',#5830,#5831);
#5830 = CARTESIAN_POINT('',(0.,2.));
#5831 = VECTOR('',#5832,1.);
#5832 = DIRECTION('',(1.,0.));
#5833 = ( GEOMETRIC_REPRESENTATION_CONTEXT(2) 
PARAMETRIC_REPRESENTATION_CONTEXT() REPRESENTATION_CONTEXT('2D SPACE',''
  ) );
#5834 = ORIENTED_EDGE('',*,*,#5766,.T.);
#5835 = ORIENTED_EDGE('',*,*,#787,.T.);
#5836 = ADVANCED_FACE('',(#5837),#828,.F.);
#5837 = FACE_BOUND('',#5838,.F.);
#5838 = EDGE_LOOP('',(#5839,#5840,#5861,#5862));
#5839 = ORIENTED_EDGE('',*,*,#5666,.F.);
#5840 = ORIENTED_EDGE('',*,*,#5841,.T.);
#5841 = EDGE_CURVE('',#5667,#5792,#5842,.T.);
#5842 = SURFACE_CURVE('',#5843,(#5847,#5854),.PCURVE_S1.);
#5843 = LINE('',#5844,#5845);
#5844 = CARTESIAN_POINT('',(-20.57164884767,53.596336289785,53.5));
#5845 = VECTOR('',#5846,1.);
#5846 = DIRECTION('',(0.939692620786,0.342020143326,0.));
#5847 = PCURVE('',#828,#5848);
#5848 = DEFINITIONAL_REPRESENTATION('',(#5849),#5853);
#5849 = LINE('',#5850,#5851);
#5850 = CARTESIAN_POINT('',(0.,0.));
#5851 = VECTOR('',#5852,1.);
#5852 = DIRECTION('',(1.,0.));
#5853 = ( GEOMETRIC_REPRESENTATION_CONTEXT(2) 
PARAMETRIC_REPRESENTATION_CONTEXT() REPRESENTATION_CONTEXT('2D SPACE',''
  ) );
#5854 = PCURVE('',#5705,#5855);
#5855 = DEFINITIONAL_REPRESENTATION('',(#5856),#5860);
#5856 = LINE('',#5857,#5858);
#5857 = CARTESIAN_POINT('',(7.,0.));
#5858 = VECTOR('',#5859,1.);
#5859 = DIRECTION('',(0.,1.));
#5860 = ( GEOMETRIC_REPRESENTATION_CONTEXT(2) 
PARAMETRIC_REPRESENTATION_CONTEXT() REPRESENTATION_CONTEXT('2D SPACE',''
  ) );
#5861 = ORIENTED_EDGE('',*,*,#5791,.T.);
#5862 = ORIENTED_EDGE('',*,*,#813,.T.);
#5863 = ADVANCED_FACE('',(#5864),#859,.T.);
#5864 = FACE_BOUND('',#5865,.T.);
#5865 = EDGE_LOOP('',(#5866,#5889,#5917,#5938));
#5866 = ORIENTED_EDGE('',*,*,#5867,.F.);
#5867 = EDGE_CURVE('',#5868,#845,#5870,.T.);
#5868 = VERTEX_POINT('',#5869);
#5869 = CARTESIAN_POINT('',(-29.56602540378,49.209858177227,53.5));
#5870 = SURFACE_CURVE('',#5871,(#5875,#5882),.PCURVE_S1.);
#5871 = LINE('',#5872,#5873);
#5872 = CARTESIAN_POINT('',(-29.56602540378,49.209858177227,53.5));
#5873 = VECTOR('',#5874,1.);
#5874 = DIRECTION('',(-0.5,0.866025403784,0.));
#5875 = PCURVE('',#859,#5876);
#5876 = DEFINITIONAL_REPRESENTATION('',(#5877),#5881);
#5877 = LINE('',#5878,#5879);
#5878 = CARTESIAN_POINT('',(7.,0.));
#5879 = VECTOR('',#5880,1.);
#5880 = DIRECTION('',(0.,-1.));
#5881 = ( GEOMETRIC_REPRESENTATION_CONTEXT(2) 
PARAMETRIC_REPRESENTATION_CONTEXT() REPRESENTATION_CONTEXT('2D SPACE',''
  ) );
#5882 = PCURVE('',#940,#5883);
#5883 = DEFINITIONAL_REPRESENTATION('',(#5884),#5888);
#5884 = LINE('',#5885,#5886);
#5885 = CARTESIAN_POINT('',(0.,0.));
#5886 = VECTOR('',#5887,1.);
#5887 = DIRECTION('',(0.,1.));
#5888 = ( GEOMETRIC_REPRESENTATION_CONTEXT(2) 
PARAMETRIC_REPRESENTATION_CONTEXT() REPRESENTATION_CONTEXT('2D SPACE',''
  ) );
#5889 = ORIENTED_EDGE('',*,*,#5890,.F.);
#5890 = EDGE_CURVE('',#5891,#5868,#5893,.T.);
#5891 = VERTEX_POINT('',#5892);
#5892 = CARTESIAN_POINT('',(-29.56602540378,49.209858177227,46.5));
#5893 = SURFACE_CURVE('',#5894,(#5898,#5905),.PCURVE_S1.);
#5894 = LINE('',#5895,#5896);
#5895 = CARTESIAN_POINT('',(-29.56602540378,49.209858177227,46.5));
#5896 = VECTOR('',#5897,1.);
#5897 = DIRECTION('',(0.,0.,1.));
#5898 = PCURVE('',#859,#5899);
#5899 = DEFINITIONAL_REPRESENTATION('',(#5900),#5904);
#5900 = LINE('',#5901,#5902);
#5901 = CARTESIAN_POINT('',(0.,0.));
#5902 = VECTOR('',#5903,1.);
#5903 = DIRECTION('',(1.,0.));
#5904 = ( GEOMETRIC_REPRESENTATION_CONTEXT(2) 
PARAMETRIC_REPRESENTATION_CONTEXT() REPRESENTATION_CONTEXT('2D SPACE',''
  ) );
#5905 = PCURVE('',#5906,#5911);
#5906 = PLANE('',#5907);
#5907 = AXIS2_PLACEMENT_3D('',#5908,#5909,#5910);
#5908 = CARTESIAN_POINT('',(-29.56602540378,49.209858177227,46.5));
#5909 = DIRECTION('',(-0.5,0.866025403784,0.));
#5910 = DIRECTION('',(0.,0.,1.));
#5911 = DEFINITIONAL_REPRESENTATION('',(#5912),#5916);
#5912 = LINE('',#5913,#5914);
#5913 = CARTESIAN_POINT('',(0.,0.));
#5914 = VECTOR('',#5915,1.);
#5915 = DIRECTION('',(1.,0.));
#5916 = ( GEOMETRIC_REPRESENTATION_CONTEXT(2) 
PARAMETRIC_REPRESENTATION_CONTEXT() REPRESENTATION_CONTEXT('2D SPACE',''
  ) );
#5917 = ORIENTED_EDGE('',*,*,#5918,.T.);
#5918 = EDGE_CURVE('',#5891,#843,#5919,.T.);
#5919 = SURFACE_CURVE('',#5920,(#5924,#5931),.PCURVE_S1.);
#5920 = LINE('',#5921,#5922);
#5921 = CARTESIAN_POINT('',(-29.56602540378,49.209858177227,46.5));
#5922 = VECTOR('',#5923,1.);
#5923 = DIRECTION('',(-0.5,0.866025403784,0.));
#5924 = PCURVE('',#859,#5925);
#5925 = DEFINITIONAL_REPRESENTATION('',(#5926),#5930);
#5926 = LINE('',#5927,#5928);
#5927 = CARTESIAN_POINT('',(0.,0.));
#5928 = VECTOR('',#5929,1.);
#5929 = DIRECTION('',(0.,-1.));
#5930 = ( GEOMETRIC_REPRESENTATION_CONTEXT(2) 
PARAMETRIC_REPRESENTATION_CONTEXT() REPRESENTATION_CONTEXT('2D SPACE',''
  ) );
#5931 = PCURVE('',#887,#5932);
#5932 = DEFINITIONAL_REPRESENTATION('',(#5933),#5937);
#5933 = LINE('',#5934,#5935);
#5934 = CARTESIAN_POINT('',(0.,0.));
#5935 = VECTOR('',#5936,1.);
#5936 = DIRECTION('',(0.,1.));
#5937 = ( GEOMETRIC_REPRESENTATION_CONTEXT(2) 
PARAMETRIC_REPRESENTATION_CONTEXT() REPRESENTATION_CONTEXT('2D SPACE',''
  ) );
#5938 = ORIENTED_EDGE('',*,*,#842,.T.);
#5939 = ADVANCED_FACE('',(#5940),#887,.T.);
#5940 = FACE_BOUND('',#5941,.T.);
#5941 = EDGE_LOOP('',(#5942,#5943,#5966,#5987));
#5942 = ORIENTED_EDGE('',*,*,#5918,.F.);
#5943 = ORIENTED_EDGE('',*,*,#5944,.T.);
#5944 = EDGE_CURVE('',#5891,#5945,#5947,.T.);
#5945 = VERTEX_POINT('',#5946);
#5946 = CARTESIAN_POINT('',(-27.83397459621,50.209858177227,46.5));
#5947 = SURFACE_CURVE('',#5948,(#5952,#5959),.PCURVE_S1.);
#5948 = LINE('',#5949,#5950);
#5949 = CARTESIAN_POINT('',(-29.56602540378,49.209858177227,46.5));
#5950 = VECTOR('',#5951,1.);
#5951 = DIRECTION('',(0.866025403784,0.5,0.));
#5952 = PCURVE('',#887,#5953);
#5953 = DEFINITIONAL_REPRESENTATION('',(#5954),#5958);
#5954 = LINE('',#5955,#5956);
#5955 = CARTESIAN_POINT('',(0.,0.));
#5956 = VECTOR('',#5957,1.);
#5957 = DIRECTION('',(1.,0.));
#5958 = ( GEOMETRIC_REPRESENTATION_CONTEXT(2) 
PARAMETRIC_REPRESENTATION_CONTEXT() REPRESENTATION_CONTEXT('2D SPACE',''
  ) );
#5959 = PCURVE('',#5906,#5960);
#5960 = DEFINITIONAL_REPRESENTATION('',(#5961),#5965);
#5961 = LINE('',#5962,#5963);
#5962 = CARTESIAN_POINT('',(0.,0.));
#5963 = VECTOR('',#5964,1.);
#5964 = DIRECTION('',(0.,1.));
#5965 = ( GEOMETRIC_REPRESENTATION_CONTEXT(2) 
PARAMETRIC_REPRESENTATION_CONTEXT() REPRESENTATION_CONTEXT('2D SPACE',''
  ) );
#5966 = ORIENTED_EDGE('',*,*,#5967,.T.);
#5967 = EDGE_CURVE('',#5945,#871,#5968,.T.);
#5968 = SURFACE_CURVE('',#5969,(#5973,#5980),.PCURVE_S1.);
#5969 = LINE('',#5970,#5971);
#5970 = CARTESIAN_POINT('',(-27.83397459621,50.209858177227,46.5));
#5971 = VECTOR('',#5972,1.);
#5972 = DIRECTION('',(-0.5,0.866025403784,0.));
#5973 = PCURVE('',#887,#5974);
#5974 = DEFINITIONAL_REPRESENTATION('',(#5975),#5979);
#5975 = LINE('',#5976,#5977);
#5976 = CARTESIAN_POINT('',(2.,0.));
#5977 = VECTOR('',#5978,1.);
#5978 = DIRECTION('',(0.,1.));
#5979 = ( GEOMETRIC_REPRESENTATION_CONTEXT(2) 
PARAMETRIC_REPRESENTATION_CONTEXT() REPRESENTATION_CONTEXT('2D SPACE',''
  ) );
#5980 = PCURVE('',#914,#5981);
#5981 = DEFINITIONAL_REPRESENTATION('',(#5982),#5986);
#5982 = LINE('',#5983,#5984);
#5983 = CARTESIAN_POINT('',(0.,0.));
#5984 = VECTOR('',#5985,1.);
#5985 = DIRECTION('',(0.,-1.));
#5986 = ( GEOMETRIC_REPRESENTATION_CONTEXT(2) 
PARAMETRIC_REPRESENTATION_CONTEXT() REPRESENTATION_CONTEXT('2D SPACE',''
  ) );
#5987 = ORIENTED_EDGE('',*,*,#870,.T.);
#5988 = ADVANCED_FACE('',(#5989),#914,.F.);
#5989 = FACE_BOUND('',#5990,.F.);
#5990 = EDGE_LOOP('',(#5991,#6014,#6035,#6036));
#5991 = ORIENTED_EDGE('',*,*,#5992,.F.);
#5992 = EDGE_CURVE('',#5993,#900,#5995,.T.);
#5993 = VERTEX_POINT('',#5994);
#5994 = CARTESIAN_POINT('',(-27.83397459621,50.209858177227,53.5));
#5995 = SURFACE_CURVE('',#5996,(#6000,#6007),.PCURVE_S1.);
#5996 = LINE('',#5997,#5998);
#5997 = CARTESIAN_POINT('',(-27.83397459621,50.209858177227,53.5));
#5998 = VECTOR('',#5999,1.);
#5999 = DIRECTION('',(-0.5,0.866025403784,0.));
#6000 = PCURVE('',#914,#6001);
#6001 = DEFINITIONAL_REPRESENTATION('',(#6002),#6006);
#6002 = LINE('',#6003,#6004);
#6003 = CARTESIAN_POINT('',(7.,0.));
#6004 = VECTOR('',#6005,1.);
#6005 = DIRECTION('',(0.,-1.));
#6006 = ( GEOMETRIC_REPRESENTATION_CONTEXT(2) 
PARAMETRIC_REPRESENTATION_CONTEXT() REPRESENTATION_CONTEXT('2D SPACE',''
  ) );
#6007 = PCURVE('',#940,#6008);
#6008 = DEFINITIONAL_REPRESENTATION('',(#6009),#6013);
#6009 = LINE('',#6010,#6011);
#6010 = CARTESIAN_POINT('',(2.,0.));
#6011 = VECTOR('',#6012,1.);
#6012 = DIRECTION('',(0.,1.));
#6013 = ( GEOMETRIC_REPRESENTATION_CONTEXT(2) 
PARAMETRIC_REPRESENTATION_CONTEXT() REPRESENTATION_CONTEXT('2D SPACE',''
  ) );
#6014 = ORIENTED_EDGE('',*,*,#6015,.F.);
#6015 = EDGE_CURVE('',#5945,#5993,#6016,.T.);
#6016 = SURFACE_CURVE('',#6017,(#6021,#6028),.PCURVE_S1.);
#6017 = LINE('',#6018,#6019);
#6018 = CARTESIAN_POINT('',(-27.83397459621,50.209858177227,46.5));
#6019 = VECTOR('',#6020,1.);
#6020 = DIRECTION('',(0.,0.,1.));
#6021 = PCURVE('',#914,#6022);
#6022 = DEFINITIONAL_REPRESENTATION('',(#6023),#6027);
#6023 = LINE('',#6024,#6025);
#6024 = CARTESIAN_POINT('',(0.,0.));
#6025 = VECTOR('',#6026,1.);
#6026 = DIRECTION('',(1.,0.));
#6027 = ( GEOMETRIC_REPRESENTATION_CONTEXT(2) 
PARAMETRIC_REPRESENTATION_CONTEXT() REPRESENTATION_CONTEXT('2D SPACE',''
  ) );
#6028 = PCURVE('',#5906,#6029);
#6029 = DEFINITIONAL_REPRESENTATION('',(#6030),#6034);
#6030 = LINE('',#6031,#6032);
#6031 = CARTESIAN_POINT('',(0.,2.));
#6032 = VECTOR('',#6033,1.);
#6033 = DIRECTION('',(1.,0.));
#6034 = ( GEOMETRIC_REPRESENTATION_CONTEXT(2) 
PARAMETRIC_REPRESENTATION_CONTEXT() REPRESENTATION_CONTEXT('2D SPACE',''
  ) );
#6035 = ORIENTED_EDGE('',*,*,#5967,.T.);
#6036 = ORIENTED_EDGE('',*,*,#899,.T.);
#6037 = ADVANCED_FACE('',(#6038),#940,.F.);
#6038 = FACE_BOUND('',#6039,.F.);
#6039 = EDGE_LOOP('',(#6040,#6041,#6062,#6063));
#6040 = ORIENTED_EDGE('',*,*,#5867,.F.);
#6041 = ORIENTED_EDGE('',*,*,#6042,.T.);
#6042 = EDGE_CURVE('',#5868,#5993,#6043,.T.);
#6043 = SURFACE_CURVE('',#6044,(#6048,#6055),.PCURVE_S1.);
#6044 = LINE('',#6045,#6046);
#6045 = CARTESIAN_POINT('',(-29.56602540378,49.209858177227,53.5));
#6046 = VECTOR('',#6047,1.);
#6047 = DIRECTION('',(0.866025403784,0.5,0.));
#6048 = PCURVE('',#940,#6049);
#6049 = DEFINITIONAL_REPRESENTATION('',(#6050),#6054);
#6050 = LINE('',#6051,#6052);
#6051 = CARTESIAN_POINT('',(0.,0.));
#6052 = VECTOR('',#6053,1.);
#6053 = DIRECTION('',(1.,0.));
#6054 = ( GEOMETRIC_REPRESENTATION_CONTEXT(2) 
PARAMETRIC_REPRESENTATION_CONTEXT() REPRESENTATION_CONTEXT('2D SPACE',''
  ) );
#6055 = PCURVE('',#5906,#6056);
#6056 = DEFINITIONAL_REPRESENTATION('',(#6057),#6061);
#6057 = LINE('',#6058,#6059);
#6058 = CARTESIAN_POINT('',(7.,0.));
#6059 = VECTOR('',#6060,1.);
#6060 = DIRECTION('',(0.,1.));
#6061 = ( GEOMETRIC_REPRESENTATION_CONTEXT(2) 
PARAMETRIC_REPRESENTATION_CONTEXT() REPRESENTATION_CONTEXT('2D SPACE',''
  ) );
#6062 = ORIENTED_EDGE('',*,*,#5992,.T.);
#6063 = ORIENTED_EDGE('',*,*,#925,.T.);
#6064 = ADVANCED_FACE('',(#6065),#971,.T.);
#6065 = FACE_BOUND('',#6066,.T.);
#6066 = EDGE_LOOP('',(#6067,#6090,#6118,#6139));
#6067 = ORIENTED_EDGE('',*,*,#6068,.F.);
#6068 = EDGE_CURVE('',#6069,#957,#6071,.T.);
#6069 = VERTEX_POINT('',#6070);
#6070 = CARTESIAN_POINT('',(-37.66205323912,43.328163425343,53.5));
#6071 = SURFACE_CURVE('',#6072,(#6076,#6083),.PCURVE_S1.);
#6072 = LINE('',#6073,#6074);
#6073 = CARTESIAN_POINT('',(-37.66205323912,43.328163425343,53.5));
#6074 = VECTOR('',#6075,1.);
#6075 = DIRECTION('',(-0.642787609687,0.766044443119,0.));
#6076 = PCURVE('',#971,#6077);
#6077 = DEFINITIONAL_REPRESENTATION('',(#6078),#6082);
#6078 = LINE('',#6079,#6080);
#6079 = CARTESIAN_POINT('',(7.,0.));
#6080 = VECTOR('',#6081,1.);
#6081 = DIRECTION('',(0.,-1.));
#6082 = ( GEOMETRIC_REPRESENTATION_CONTEXT(2) 
PARAMETRIC_REPRESENTATION_CONTEXT() REPRESENTATION_CONTEXT('2D SPACE',''
  ) );
#6083 = PCURVE('',#1052,#6084);
#6084 = DEFINITIONAL_REPRESENTATION('',(#6085),#6089);
#6085 = LINE('',#6086,#6087);
#6086 = CARTESIAN_POINT('',(0.,0.));
#6087 = VECTOR('',#6088,1.);
#6088 = DIRECTION('',(0.,1.));
#6089 = ( GEOMETRIC_REPRESENTATION_CONTEXT(2) 
PARAMETRIC_REPRESENTATION_CONTEXT() REPRESENTATION_CONTEXT('2D SPACE',''
  ) );
#6090 = ORIENTED_EDGE('',*,*,#6091,.F.);
#6091 = EDGE_CURVE('',#6092,#6069,#6094,.T.);
#6092 = VERTEX_POINT('',#6093);
#6093 = CARTESIAN_POINT('',(-37.66205323912,43.328163425343,46.5));
#6094 = SURFACE_CURVE('',#6095,(#6099,#6106),.PCURVE_S1.);
#6095 = LINE('',#6096,#6097);
#6096 = CARTESIAN_POINT('',(-37.66205323912,43.328163425343,46.5));
#6097 = VECTOR('',#6098,1.);
#6098 = DIRECTION('',(0.,0.,1.));
#6099 = PCURVE('',#971,#6100);
#6100 = DEFINITIONAL_REPRESENTATION('',(#6101),#6105);
#6101 = LINE('',#6102,#6103);
#6102 = CARTESIAN_POINT('',(0.,0.));
#6103 = VECTOR('',#6104,1.);
#6104 = DIRECTION('',(1.,0.));
#6105 = ( GEOMETRIC_REPRESENTATION_CONTEXT(2) 
PARAMETRIC_REPRESENTATION_CONTEXT() REPRESENTATION_CONTEXT('2D SPACE',''
  ) );
#6106 = PCURVE('',#6107,#6112);
#6107 = PLANE('',#6108);
#6108 = AXIS2_PLACEMENT_3D('',#6109,#6110,#6111);
#6109 = CARTESIAN_POINT('',(-37.66205323912,43.328163425343,46.5));
#6110 = DIRECTION('',(-0.642787609687,0.766044443119,0.));
#6111 = DIRECTION('',(0.,0.,1.));
#6112 = DEFINITIONAL_REPRESENTATION('',(#6113),#6117);
#6113 = LINE('',#6114,#6115);
#6114 = CARTESIAN_POINT('',(0.,0.));
#6115 = VECTOR('',#6116,1.);
#6116 = DIRECTION('',(1.,0.));
#6117 = ( GEOMETRIC_REPRESENTATION_CONTEXT(2) 
PARAMETRIC_REPRESENTATION_CONTEXT() REPRESENTATION_CONTEXT('2D SPACE',''
  ) );
#6118 = ORIENTED_EDGE('',*,*,#6119,.T.);
#6119 = EDGE_CURVE('',#6092,#955,#6120,.T.);
#6120 = SURFACE_CURVE('',#6121,(#6125,#6132),.PCURVE_S1.);
#6121 = LINE('',#6122,#6123);
#6122 = CARTESIAN_POINT('',(-37.66205323912,43.328163425343,46.5));
#6123 = VECTOR('',#6124,1.);
#6124 = DIRECTION('',(-0.642787609687,0.766044443119,0.));
#6125 = PCURVE('',#971,#6126);
#6126 = DEFINITIONAL_REPRESENTATION('',(#6127),#6131);
#6127 = LINE('',#6128,#6129);
#6128 = CARTESIAN_POINT('',(0.,0.));
#6129 = VECTOR('',#6130,1.);
#6130 = DIRECTION('',(0.,-1.));
#6131 = ( GEOMETRIC_REPRESENTATION_CONTEXT(2) 
PARAMETRIC_REPRESENTATION_CONTEXT() REPRESENTATION_CONTEXT('2D SPACE',''
  ) );
#6132 = PCURVE('',#999,#6133);
#6133 = DEFINITIONAL_REPRESENTATION('',(#6134),#6138);
#6134 = LINE('',#6135,#6136);
#6135 = CARTESIAN_POINT('',(0.,0.));
#6136 = VECTOR('',#6137,1.);
#6137 = DIRECTION('',(0.,1.));
#6138 = ( GEOMETRIC_REPRESENTATION_CONTEXT(2) 
PARAMETRIC_REPRESENTATION_CONTEXT() REPRESENTATION_CONTEXT('2D SPACE',''
  ) );
#6139 = ORIENTED_EDGE('',*,*,#954,.T.);
#6140 = ADVANCED_FACE('',(#6141),#999,.T.);
#6141 = FACE_BOUND('',#6142,.T.);
#6142 = EDGE_LOOP('',(#6143,#6144,#6167,#6188));
#6143 = ORIENTED_EDGE('',*,*,#6119,.F.);
#6144 = ORIENTED_EDGE('',*,*,#6145,.T.);
#6145 = EDGE_CURVE('',#6092,#6146,#6148,.T.);
#6146 = VERTEX_POINT('',#6147);
#6147 = CARTESIAN_POINT('',(-36.12996435288,44.613738644716,46.5));
#6148 = SURFACE_CURVE('',#6149,(#6153,#6160),.PCURVE_S1.);
#6149 = LINE('',#6150,#6151);
#6150 = CARTESIAN_POINT('',(-37.66205323912,43.328163425343,46.5));
#6151 = VECTOR('',#6152,1.);
#6152 = DIRECTION('',(0.766044443119,0.642787609687,0.));
#6153 = PCURVE('',#999,#6154);
#6154 = DEFINITIONAL_REPRESENTATION('',(#6155),#6159);
#6155 = LINE('',#6156,#6157);
#6156 = CARTESIAN_POINT('',(0.,0.));
#6157 = VECTOR('',#6158,1.);
#6158 = DIRECTION('',(1.,0.));
#6159 = ( GEOMETRIC_REPRESENTATION_CONTEXT(2) 
PARAMETRIC_REPRESENTATION_CONTEXT() REPRESENTATION_CONTEXT('2D SPACE',''
  ) );
#6160 = PCURVE('',#6107,#6161);
#6161 = DEFINITIONAL_REPRESENTATION('',(#6162),#6166);
#6162 = LINE('',#6163,#6164);
#6163 = CARTESIAN_POINT('',(0.,0.));
#6164 = VECTOR('',#6165,1.);
#6165 = DIRECTION('',(0.,1.));
#6166 = ( GEOMETRIC_REPRESENTATION_CONTEXT(2) 
PARAMETRIC_REPRESENTATION_CONTEXT() REPRESENTATION_CONTEXT('2D SPACE',''
  ) );
#6167 = ORIENTED_EDGE('',*,*,#6168,.T.);
#6168 = EDGE_CURVE('',#6146,#983,#6169,.T.);
#6169 = SURFACE_CURVE('',#6170,(#6174,#6181),.PCURVE_S1.);
#6170 = LINE('',#6171,#6172);
#6171 = CARTESIAN_POINT('',(-36.12996435288,44.613738644716,46.5));
#6172 = VECTOR('',#6173,1.);
#6173 = DIRECTION('',(-0.642787609687,0.766044443119,0.));
#6174 = PCURVE('',#999,#6175);
#6175 = DEFINITIONAL_REPRESENTATION('',(#6176),#6180);
#6176 = LINE('',#6177,#6178);
#6177 = CARTESIAN_POINT('',(2.,0.));
#6178 = VECTOR('',#6179,1.);
#6179 = DIRECTION('',(0.,1.));
#6180 = ( GEOMETRIC_REPRESENTATION_CONTEXT(2) 
PARAMETRIC_REPRESENTATION_CONTEXT() REPRESENTATION_CONTEXT('2D SPACE',''
  ) );
#6181 = PCURVE('',#1026,#6182);
#6182 = DEFINITIONAL_REPRESENTATION('',(#6183),#6187);
#6183 = LINE('',#6184,#6185);
#6184 = CARTESIAN_POINT('',(0.,0.));
#6185 = VECTOR('',#6186,1.);
#6186 = DIRECTION('',(0.,-1.));
#6187 = ( GEOMETRIC_REPRESENTATION_CONTEXT(2) 
PARAMETRIC_REPRESENTATION_CONTEXT() REPRESENTATION_CONTEXT('2D SPACE',''
  ) );
#6188 = ORIENTED_EDGE('',*,*,#982,.T.);
#6189 = ADVANCED_FACE('',(#6190),#1026,.F.);
#6190 = FACE_BOUND('',#6191,.F.);
#6191 = EDGE_LOOP('',(#6192,#6215,#6236,#6237));
#6192 = ORIENTED_EDGE('',*,*,#6193,.F.);
#6193 = EDGE_CURVE('',#6194,#1012,#6196,.T.);
#6194 = VERTEX_POINT('',#6195);
#6195 = CARTESIAN_POINT('',(-36.12996435288,44.613738644716,53.5));
#6196 = SURFACE_CURVE('',#6197,(#6201,#6208),.PCURVE_S1.);
#6197 = LINE('',#6198,#6199);
#6198 = CARTESIAN_POINT('',(-36.12996435288,44.613738644716,53.5));
#6199 = VECTOR('',#6200,1.);
#6200 = DIRECTION('',(-0.642787609687,0.766044443119,0.));
#6201 = PCURVE('',#1026,#6202);
#6202 = DEFINITIONAL_REPRESENTATION('',(#6203),#6207);
#6203 = LINE('',#6204,#6205);
#6204 = CARTESIAN_POINT('',(7.,0.));
#6205 = VECTOR('',#6206,1.);
#6206 = DIRECTION('',(0.,-1.));
#6207 = ( GEOMETRIC_REPRESENTATION_CONTEXT(2) 
PARAMETRIC_REPRESENTATION_CONTEXT() REPRESENTATION_CONTEXT('2D SPACE',''
  ) );
#6208 = PCURVE('',#1052,#6209);
#6209 = DEFINITIONAL_REPRESENTATION('',(#6210),#6214);
#6210 = LINE('',#6211,#6212);
#6211 = CARTESIAN_POINT('',(2.,0.));
#6212 = VECTOR('',#6213,1.);
#6213 = DIRECTION('',(0.,1.));
#6214 = ( GEOMETRIC_REPRESENTATION_CONTEXT(2) 
PARAMETRIC_REPRESENTATION_CONTEXT() REPRESENTATION_CONTEXT('2D SPACE',''
  ) );
#6215 = ORIENTED_EDGE('',*,*,#6216,.F.);
#6216 = EDGE_CURVE('',#6146,#6194,#6217,.T.);
#6217 = SURFACE_CURVE('',#6218,(#6222,#6229),.PCURVE_S1.);
#6218 = LINE('',#6219,#6220);
#6219 = CARTESIAN_POINT('',(-36.12996435288,44.613738644716,46.5));
#6220 = VECTOR('',#6221,1.);
#6221 = DIRECTION('',(0.,0.,1.));
#6222 = PCURVE('',#1026,#6223);
#6223 = DEFINITIONAL_REPRESENTATION('',(#6224),#6228);
#6224 = LINE('',#6225,#6226);
#6225 = CARTESIAN_POINT('',(0.,0.));
#6226 = VECTOR('',#6227,1.);
#6227 = DIRECTION('',(1.,0.));
#6228 = ( GEOMETRIC_REPRESENTATION_CONTEXT(2) 
PARAMETRIC_REPRESENTATION_CONTEXT() REPRESENTATION_CONTEXT('2D SPACE',''
  ) );
#6229 = PCURVE('',#6107,#6230);
#6230 = DEFINITIONAL_REPRESENTATION('',(#6231),#6235);
#6231 = LINE('',#6232,#6233);
#6232 = CARTESIAN_POINT('',(0.,2.));
#6233 = VECTOR('',#6234,1.);
#6234 = DIRECTION('',(1.,0.));
#6235 = ( GEOMETRIC_REPRESENTATION_CONTEXT(2) 
PARAMETRIC_REPRESENTATION_CONTEXT() REPRESENTATION_CONTEXT('2D SPACE',''
  ) );
#6236 = ORIENTED_EDGE('',*,*,#6168,.T.);
#6237 = ORIENTED_EDGE('',*,*,#1011,.T.);
#6238 = ADVANCED_FACE('',(#6239),#1052,.F.);
#6239 = FACE_BOUND('',#6240,.F.);
#6240 = EDGE_LOOP('',(#6241,#6242,#6263,#6264));
#6241 = ORIENTED_EDGE('',*,*,#6068,.F.);
#6242 = ORIENTED_EDGE('',*,*,#6243,.T.);
#6243 = EDGE_CURVE('',#6069,#6194,#6244,.T.);
#6244 = SURFACE_CURVE('',#6245,(#6249,#6256),.PCURVE_S1.);
#6245 = LINE('',#6246,#6247);
#6246 = CARTESIAN_POINT('',(-37.66205323912,43.328163425343,53.5));
#6247 = VECTOR('',#6248,1.);
#6248 = DIRECTION('',(0.766044443119,0.642787609687,0.));
#6249 = PCURVE('',#1052,#6250);
#6250 = DEFINITIONAL_REPRESENTATION('',(#6251),#6255);
#6251 = LINE('',#6252,#6253);
#6252 = CARTESIAN_POINT('',(0.,0.));
#6253 = VECTOR('',#6254,1.);
#6254 = DIRECTION('',(1.,0.));
#6255 = ( GEOMETRIC_REPRESENTATION_CONTEXT(2) 
PARAMETRIC_REPRESENTATION_CONTEXT() REPRESENTATION_CONTEXT('2D SPACE',''
  ) );
#6256 = PCURVE('',#6107,#6257);
#6257 = DEFINITIONAL_REPRESENTATION('',(#6258),#6262);
#6258 = LINE('',#6259,#6260);
#6259 = CARTESIAN_POINT('',(7.,0.));
#6260 = VECTOR('',#6261,1.);
#6261 = DIRECTION('',(0.,1.));
#6262 = ( GEOMETRIC_REPRESENTATION_CONTEXT(2) 
PARAMETRIC_REPRESENTATION_CONTEXT() REPRESENTATION_CONTEXT('2D SPACE',''
  ) );
#6263 = ORIENTED_EDGE('',*,*,#6193,.T.);
#6264 = ORIENTED_EDGE('',*,*,#1037,.T.);
#6265 = ADVANCED_FACE('',(#6266),#1164,.F.);
#6266 = FACE_BOUND('',#6267,.F.);
#6267 = EDGE_LOOP('',(#6268,#6414,#6435,#6436));
#6268 = ORIENTED_EDGE('',*,*,#6269,.F.);
#6269 = EDGE_CURVE('',#6270,#6270,#6272,.T.);
#6270 = VERTEX_POINT('',#6271);
#6271 = CARTESIAN_POINT('',(-26.82060623186,28.588373184832,50.));
#6272 = SURFACE_CURVE('',#6273,(#6318,#6366),.PCURVE_S1.);
#6273 = B_SPLINE_CURVE_WITH_KNOTS('',7,(#6274,#6275,#6276,#6277,#6278,
    #6279,#6280,#6281,#6282,#6283,#6284,#6285,#6286,#6287,#6288,#6289,
    #6290,#6291,#6292,#6293,#6294,#6295,#6296,#6297,#6298,#6299,#6300,
    #6301,#6302,#6303,#6304,#6305,#6306,#6307,#6308,#6309,#6310,#6311,
    #6312,#6313,#6314,#6315,#6316,#6317),.UNSPECIFIED.,.T.,.F.,(8,6,6,6,
    6,6,6,8),(0.,0.151258396833,0.287065469351,0.424369511411,
    0.587316945594,0.713811652741,0.839616772699,1.),.UNSPECIFIED.);
#6274 = CARTESIAN_POINT('',(-26.82060623186,28.588373184832,50.));
#6275 = CARTESIAN_POINT('',(-26.82060623186,28.588373184832,
    50.150177399482));
#6276 = CARTESIAN_POINT('',(-26.83596511366,28.573963983124,
    50.300434954016));
#6277 = CARTESIAN_POINT('',(-26.86671507223,28.545115655369,
    50.448633600642));
#6278 = CARTESIAN_POINT('',(-26.91314276014,28.501460572239,
    50.592409048429));
#6279 = CARTESIAN_POINT('',(-26.97561658313,28.442458688266,
    50.728848777469));
#6280 = CARTESIAN_POINT('',(-27.05443093955,28.367501102747,
    50.854189152062));
#6281 = CARTESIAN_POINT('',(-27.23476415392,28.194354216659,
    51.060964266051));
#6282 = CARTESIAN_POINT('',(-27.33533505204,28.097213684598,
    51.148092569904));
#6283 = CARTESIAN_POINT('',(-27.44891284127,27.986630473929,
    51.215599640256));
#6284 = CARTESIAN_POINT('',(-27.57122108149,27.866305561653,
    51.257335445988));
#6285 = CARTESIAN_POINT('',(-27.69694239739,27.741153797606,
    51.270047535236));
#6286 = CARTESIAN_POINT('',(-27.8206248203,27.616672633978,
    51.253516470684));
#6287 = CARTESIAN_POINT('',(-28.05571799617,27.377820879735,
    51.167469795337));
#6288 = CARTESIAN_POINT('',(-28.16362048661,27.266988818588,
    51.098601185756));
#6289 = CARTESIAN_POINT('',(-28.25926096067,27.167765839604,
    51.00913816564));
#6290 = CARTESIAN_POINT('',(-28.34161869003,27.081631562919,
    50.903613261752));
#6291 = CARTESIAN_POINT('',(-28.41023065294,27.009441867692,
    50.786296718578));
#6292 = CARTESIAN_POINT('',(-28.46512006428,26.951449462781,
    50.661233202488));
#6293 = CARTESIAN_POINT('',(-28.55628036235,26.854870073494,
    50.379120829471));
#6294 = CARTESIAN_POINT('',(-28.58862296746,26.820379606161,
    50.215931497275));
#6295 = CARTESIAN_POINT('',(-28.60317833688,26.804787380426,
    50.047012034203));
#6296 = CARTESIAN_POINT('',(-28.59971005475,26.808500866915,
    49.876630225754));
#6297 = CARTESIAN_POINT('',(-28.57825606765,26.831454350704,
    49.70891396254));
#6298 = CARTESIAN_POINT('',(-28.53902547995,26.873236452641,
    49.547888251138));
#6299 = CARTESIAN_POINT('',(-28.43829089069,26.979764950699,
    49.281301813072));
#6300 = CARTESIAN_POINT('',(-28.38283796867,27.038229484432,
    49.169023503785));
#6301 = CARTESIAN_POINT('',(-28.31562018361,27.108792855094,
    49.064232901897));
#6302 = CARTESIAN_POINT('',(-28.23673028077,27.19112195194,
    48.970311266362));
#6303 = CARTESIAN_POINT('',(-28.14666874008,27.284394246824,
    48.890739731343));
#6304 = CARTESIAN_POINT('',(-28.04638804742,27.387299992084,
    48.829115341308));
#6305 = CARTESIAN_POINT('',(-27.82925963893,27.607899765218,
    48.74964396744));
#6306 = CARTESIAN_POINT('',(-27.71484467147,27.723133057064,
    48.732416314419));
#6307 = CARTESIAN_POINT('',(-27.59817988183,27.83945322772,
    48.740280990006));
#6308 = CARTESIAN_POINT('',(-27.48376048388,27.952306195145,
    48.773358732746));
#6309 = CARTESIAN_POINT('',(-27.37603930279,28.057516741024,
    48.829311786738));
#6310 = CARTESIAN_POINT('',(-27.27875221721,28.151793276438,
    48.903433890552));
#6311 = CARTESIAN_POINT('',(-27.08636926187,28.337095968428,
    49.097467304102));
#6312 = CARTESIAN_POINT('',(-26.99672963625,28.422510556359,
    49.226881579719));
#6313 = CARTESIAN_POINT('',(-26.92567566207,28.489674380219,
    49.370113262105));
#6314 = CARTESIAN_POINT('',(-26.87292010953,28.539294451923,
    49.522374853728));
#6315 = CARTESIAN_POINT('',(-26.83802300481,28.572033307453,
    49.680002647129));
#6316 = CARTESIAN_POINT('',(-26.82060623186,28.588373184832,
    49.840077150786));
#6317 = CARTESIAN_POINT('',(-26.82060623186,28.588373184832,50.));
#6318 = PCURVE('',#1164,#6319);
#6319 = DEFINITIONAL_REPRESENTATION('',(#6320),#6365);
#6320 = B_SPLINE_CURVE_WITH_KNOTS('',7,(#6321,#6322,#6323,#6324,#6325,
    #6326,#6327,#6328,#6329,#6330,#6331,#6332,#6333,#6334,#6335,#6336,
    #6337,#6338,#6339,#6340,#6341,#6342,#6343,#6344,#6345,#6346,#6347,
    #6348,#6349,#6350,#6351,#6352,#6353,#6354,#6355,#6356,#6357,#6358,
    #6359,#6360,#6361,#6362,#6363,#6364),.UNSPECIFIED.,.F.,.F.,(8,6,6,6,
    6,6,6,8),(0.,0.151258396833,0.287065469351,0.424369511411,
    0.587316945594,0.713811652741,0.839616772699,1.),.UNSPECIFIED.);
#6321 = CARTESIAN_POINT('',(0.,38.319934915827));
#6322 = CARTESIAN_POINT('',(0.120141919585,38.319934915827));
#6323 = CARTESIAN_POINT('',(0.240347476717,38.319263390594));
#6324 = CARTESIAN_POINT('',(0.361741050291,38.317918734547));
#6325 = CARTESIAN_POINT('',(0.485267985815,38.315958206905));
#6326 = CARTESIAN_POINT('',(0.611964328757,38.313503175289));
#6327 = CARTESIAN_POINT('',(0.742905056989,38.310776026428));
#6328 = CARTESIAN_POINT('',(1.002418495222,38.30569452497));
#6329 = CARTESIAN_POINT('',(1.133025429371,38.303268889864));
#6330 = CARTESIAN_POINT('',(1.26817275799,38.30115140306));
#6331 = CARTESIAN_POINT('',(1.406031777814,38.299748978421));
#6332 = CARTESIAN_POINT('',(1.545222071927,38.299346244441));
#6333 = CARTESIAN_POINT('',(1.684482374534,38.299911039425));
#6334 = CARTESIAN_POINT('',(1.961282292143,38.302568755673));
#6335 = CARTESIAN_POINT('',(2.094831962995,38.304640274988));
#6336 = CARTESIAN_POINT('',(2.223797376617,38.307173488512));
#6337 = CARTESIAN_POINT('',(2.348729802542,38.309843910737));
#6338 = CARTESIAN_POINT('',(2.469990108916,38.312373749521));
#6339 = CARTESIAN_POINT('',(2.587706701605,38.314567897319));
#6340 = CARTESIAN_POINT('',(2.837135471223,38.318399773464));
#6341 = CARTESIAN_POINT('',(2.971358910437,38.319918541409));
#6342 = CARTESIAN_POINT('',(3.104947242983,38.320651709536));
#6343 = CARTESIAN_POINT('',(3.238393557156,38.320478323876));
#6344 = CARTESIAN_POINT('',(3.372271509609,38.319418019594));
#6345 = CARTESIAN_POINT('',(3.50723577011,38.317613826573));
#6346 = CARTESIAN_POINT('',(3.750608501723,38.313516914379));
#6347 = CARTESIAN_POINT('',(3.860365338916,38.311387383313));
#6348 = CARTESIAN_POINT('',(3.973343099123,38.309021697044));
#6349 = CARTESIAN_POINT('',(4.089579417004,38.306589819639));
#6350 = CARTESIAN_POINT('',(4.209299007408,38.304319473575));
#6351 = CARTESIAN_POINT('',(4.332888144811,38.302463281083));
#6352 = CARTESIAN_POINT('',(4.588536252657,38.300008655605));
#6353 = CARTESIAN_POINT('',(4.71779065162,38.299430012884));
#6354 = CARTESIAN_POINT('',(4.847266919647,38.299673695303));
#6355 = CARTESIAN_POINT('',(4.975782501634,38.300781328951));
#6356 = CARTESIAN_POINT('',(5.102094048379,38.302556616133));
#6357 = CARTESIAN_POINT('',(5.224617675712,38.304685396572));
#6358 = CARTESIAN_POINT('',(5.488705163846,38.309691898793));
#6359 = CARTESIAN_POINT('',(5.629673662911,38.312679451594));
#6360 = CARTESIAN_POINT('',(5.765569591506,38.31543020327));
#6361 = CARTESIAN_POINT('',(5.897661772631,38.317647323032));
#6362 = CARTESIAN_POINT('',(6.02718826938,38.319173435669));
#6363 = CARTESIAN_POINT('',(6.155247027808,38.319934915827));
#6364 = CARTESIAN_POINT('',(6.28318530718,38.319934915827));
#6365 = ( GEOMETRIC_REPRESENTATION_CONTEXT(2) 
PARAMETRIC_REPRESENTATION_CONTEXT() REPRESENTATION_CONTEXT('2D SPACE',''
  ) );
#6366 = PCURVE('',#3302,#6367);
#6367 = DEFINITIONAL_REPRESENTATION('',(#6368),#6413);
#6368 = B_SPLINE_CURVE_WITH_KNOTS('',7,(#6369,#6370,#6371,#6372,#6373,
    #6374,#6375,#6376,#6377,#6378,#6379,#6380,#6381,#6382,#6383,#6384,
    #6385,#6386,#6387,#6388,#6389,#6390,#6391,#6392,#6393,#6394,#6395,
    #6396,#6397,#6398,#6399,#6400,#6401,#6402,#6403,#6404,#6405,#6406,
    #6407,#6408,#6409,#6410,#6411,#6412),.UNSPECIFIED.,.T.,.F.,(8,6,6,6,
    6,6,6,8),(0.,0.151258396833,0.287065469351,0.424369511411,
    0.587316945594,0.713811652741,0.839616772699,1.),.UNSPECIFIED.);
#6369 = CARTESIAN_POINT('',(2.324301328551,6.));
#6370 = CARTESIAN_POINT('',(2.324301328551,6.150177399482));
#6371 = CARTESIAN_POINT('',(2.324838571505,6.300434954016));
#6372 = CARTESIAN_POINT('',(2.325914178495,6.448633600642));
#6373 = CARTESIAN_POINT('',(2.32753989974,6.592409048429));
#6374 = CARTESIAN_POINT('',(2.329732014289,6.728848777469));
#6375 = CARTESIAN_POINT('',(2.332506660966,6.854189152062));
#6376 = CARTESIAN_POINT('',(2.338884207515,7.060964266051));
#6377 = CARTESIAN_POINT('',(2.342451133353,7.148092569904));
#6378 = CARTESIAN_POINT('',(2.346494958166,7.215599640256));
#6379 = CARTESIAN_POINT('',(2.350871703515,7.257335445988));
#6380 = CARTESIAN_POINT('',(2.355396960967,7.270047535236));
#6381 = CARTESIAN_POINT('',(2.359873418562,7.253516470684));
#6382 = CARTESIAN_POINT('',(2.368422913771,7.167469795337));
#6383 = CARTESIAN_POINT('',(2.37236883841,7.098601185756));
#6384 = CARTESIAN_POINT('',(2.375884402828,7.00913816564));
#6385 = CARTESIAN_POINT('',(2.378924472414,6.903613261752));
#6386 = CARTESIAN_POINT('',(2.381465124697,6.786296718578));
#6387 = CARTESIAN_POINT('',(2.38350210371,6.661233202488));
#6388 = CARTESIAN_POINT('',(2.386890044983,6.379120829471));
#6389 = CARTESIAN_POINT('',(2.388096225126,6.215931497275));
#6390 = CARTESIAN_POINT('',(2.38864036447,6.047012034203));
#6391 = CARTESIAN_POINT('',(2.388510740659,5.876630225754));
#6392 = CARTESIAN_POINT('',(2.387709240624,5.70891396254));
#6393 = CARTESIAN_POINT('',(2.386247182824,5.547888251138));
#6394 = CARTESIAN_POINT('',(2.3825070199,5.281301813072));
#6395 = CARTESIAN_POINT('',(2.380451411267,5.169023503785));
#6396 = CARTESIAN_POINT('',(2.377965331626,5.064232901897));
#6397 = CARTESIAN_POINT('',(2.375056556159,4.970311266362));
#6398 = CARTESIAN_POINT('',(2.371749043266,4.890739731343));
#6399 = CARTESIAN_POINT('',(2.368083617014,4.829115341308));
#6400 = CARTESIAN_POINT('',(2.36018743593,4.74964396744));
#6401 = CARTESIAN_POINT('',(2.356044952868,4.732416314419));
#6402 = CARTESIAN_POINT('',(2.351842351346,4.740280990006));
#6403 = CARTESIAN_POINT('',(2.347742716112,4.773358732746));
#6404 = CARTESIAN_POINT('',(2.343901540599,4.829311786738));
#6405 = CARTESIAN_POINT('',(2.340445621506,4.903433890552));
#6406 = CARTESIAN_POINT('',(2.333631565248,5.097467304102));
#6407 = CARTESIAN_POINT('',(2.330472986943,5.226881579719));
#6408 = CARTESIAN_POINT('',(2.327978784963,5.370113262105));
#6409 = CARTESIAN_POINT('',(2.326131223394,5.522374853728));
#6410 = CARTESIAN_POINT('',(2.32491055565,5.680002647129));
#6411 = CARTESIAN_POINT('',(2.324301328551,5.840077150786));
#6412 = CARTESIAN_POINT('',(2.324301328551,6.));
#6413 = ( GEOMETRIC_REPRESENTATION_CONTEXT(2) 
PARAMETRIC_REPRESENTATION_CONTEXT() REPRESENTATION_CONTEXT('2D SPACE',''
  ) );
#6414 = ORIENTED_EDGE('',*,*,#6415,.F.);
#6415 = EDGE_CURVE('',#1067,#6270,#6416,.T.);
#6416 = SEAM_CURVE('',#6417,(#6421,#6428),.PCURVE_S1.);
#6417 = LINE('',#6418,#6419);
#6418 = CARTESIAN_POINT('',(-53.91689206547,55.684659018441,50.));
#6419 = VECTOR('',#6420,1.);
#6420 = DIRECTION('',(0.707106781187,-0.707106781187,2.22044604925E-16)
  );
#6421 = PCURVE('',#1164,#6422);
#6422 = DEFINITIONAL_REPRESENTATION('',(#6423),#6427);
#6423 = LINE('',#6424,#6425);
#6424 = CARTESIAN_POINT('',(6.28318530718,-0.));
#6425 = VECTOR('',#6426,1.);
#6426 = DIRECTION('',(0.,1.));
#6427 = ( GEOMETRIC_REPRESENTATION_CONTEXT(2) 
PARAMETRIC_REPRESENTATION_CONTEXT() REPRESENTATION_CONTEXT('2D SPACE',''
  ) );
#6428 = PCURVE('',#1164,#6429);
#6429 = DEFINITIONAL_REPRESENTATION('',(#6430),#6434);
#6430 = LINE('',#6431,#6432);
#6431 = CARTESIAN_POINT('',(0.,-0.));
#6432 = VECTOR('',#6433,1.);
#6433 = DIRECTION('',(0.,1.));
#6434 = ( GEOMETRIC_REPRESENTATION_CONTEXT(2) 
PARAMETRIC_REPRESENTATION_CONTEXT() REPRESENTATION_CONTEXT('2D SPACE',''
  ) );
#6435 = ORIENTED_EDGE('',*,*,#1066,.T.);
#6436 = ORIENTED_EDGE('',*,*,#6415,.T.);
#6437 = ADVANCED_FACE('',(#6438),#1236,.T.);
#6438 = FACE_BOUND('',#6439,.T.);
#6439 = EDGE_LOOP('',(#6440,#6463,#6491,#6512));
#6440 = ORIENTED_EDGE('',*,*,#6441,.F.);
#6441 = EDGE_CURVE('',#6442,#1222,#6444,.T.);
#6442 = VERTEX_POINT('',#6443);
#6443 = CARTESIAN_POINT('',(-44.61373864471,36.129964352888,53.5));
#6444 = SURFACE_CURVE('',#6445,(#6449,#6456),.PCURVE_S1.);
#6445 = LINE('',#6446,#6447);
#6446 = CARTESIAN_POINT('',(-44.61373864471,36.129964352888,53.5));
#6447 = VECTOR('',#6448,1.);
#6448 = DIRECTION('',(-0.766044443119,0.642787609687,0.));
#6449 = PCURVE('',#1236,#6450);
#6450 = DEFINITIONAL_REPRESENTATION('',(#6451),#6455);
#6451 = LINE('',#6452,#6453);
#6452 = CARTESIAN_POINT('',(7.,0.));
#6453 = VECTOR('',#6454,1.);
#6454 = DIRECTION('',(0.,-1.));
#6455 = ( GEOMETRIC_REPRESENTATION_CONTEXT(2) 
PARAMETRIC_REPRESENTATION_CONTEXT() REPRESENTATION_CONTEXT('2D SPACE',''
  ) );
#6456 = PCURVE('',#1317,#6457);
#6457 = DEFINITIONAL_REPRESENTATION('',(#6458),#6462);
#6458 = LINE('',#6459,#6460);
#6459 = CARTESIAN_POINT('',(0.,0.));
#6460 = VECTOR('',#6461,1.);
#6461 = DIRECTION('',(0.,1.));
#6462 = ( GEOMETRIC_REPRESENTATION_CONTEXT(2) 
PARAMETRIC_REPRESENTATION_CONTEXT() REPRESENTATION_CONTEXT('2D SPACE',''
  ) );
#6463 = ORIENTED_EDGE('',*,*,#6464,.F.);
#6464 = EDGE_CURVE('',#6465,#6442,#6467,.T.);
#6465 = VERTEX_POINT('',#6466);
#6466 = CARTESIAN_POINT('',(-44.61373864471,36.129964352888,46.5));
#6467 = SURFACE_CURVE('',#6468,(#6472,#6479),.PCURVE_S1.);
#6468 = LINE('',#6469,#6470);
#6469 = CARTESIAN_POINT('',(-44.61373864471,36.129964352888,46.5));
#6470 = VECTOR('',#6471,1.);
#6471 = DIRECTION('',(0.,0.,1.));
#6472 = PCURVE('',#1236,#6473);
#6473 = DEFINITIONAL_REPRESENTATION('',(#6474),#6478);
#6474 = LINE('',#6475,#6476);
#6475 = CARTESIAN_POINT('',(0.,0.));
#6476 = VECTOR('',#6477,1.);
#6477 = DIRECTION('',(1.,0.));
#6478 = ( GEOMETRIC_REPRESENTATION_CONTEXT(2) 
PARAMETRIC_REPRESENTATION_CONTEXT() REPRESENTATION_CONTEXT('2D SPACE',''
  ) );
#6479 = PCURVE('',#6480,#6485);
#6480 = PLANE('',#6481);
#6481 = AXIS2_PLACEMENT_3D('',#6482,#6483,#6484);
#6482 = CARTESIAN_POINT('',(-44.61373864471,36.129964352888,46.5));
#6483 = DIRECTION('',(-0.766044443119,0.642787609687,0.));
#6484 = DIRECTION('',(0.,0.,1.));
#6485 = DEFINITIONAL_REPRESENTATION('',(#6486),#6490);
#6486 = LINE('',#6487,#6488);
#6487 = CARTESIAN_POINT('',(0.,0.));
#6488 = VECTOR('',#6489,1.);
#6489 = DIRECTION('',(1.,0.));
#6490 = ( GEOMETRIC_REPRESENTATION_CONTEXT(2) 
PARAMETRIC_REPRESENTATION_CONTEXT() REPRESENTATION_CONTEXT('2D SPACE',''
  ) );
#6491 = ORIENTED_EDGE('',*,*,#6492,.T.);
#6492 = EDGE_CURVE('',#6465,#1220,#6493,.T.);
#6493 = SURFACE_CURVE('',#6494,(#6498,#6505),.PCURVE_S1.);
#6494 = LINE('',#6495,#6496);
#6495 = CARTESIAN_POINT('',(-44.61373864471,36.129964352888,46.5));
#6496 = VECTOR('',#6497,1.);
#6497 = DIRECTION('',(-0.766044443119,0.642787609687,0.));
#6498 = PCURVE('',#1236,#6499);
#6499 = DEFINITIONAL_REPRESENTATION('',(#6500),#6504);
#6500 = LINE('',#6501,#6502);
#6501 = CARTESIAN_POINT('',(0.,0.));
#6502 = VECTOR('',#6503,1.);
#6503 = DIRECTION('',(0.,-1.));
#6504 = ( GEOMETRIC_REPRESENTATION_CONTEXT(2) 
PARAMETRIC_REPRESENTATION_CONTEXT() REPRESENTATION_CONTEXT('2D SPACE',''
  ) );
#6505 = PCURVE('',#1264,#6506);
#6506 = DEFINITIONAL_REPRESENTATION('',(#6507),#6511);
#6507 = LINE('',#6508,#6509);
#6508 = CARTESIAN_POINT('',(0.,0.));
#6509 = VECTOR('',#6510,1.);
#6510 = DIRECTION('',(0.,1.));
#6511 = ( GEOMETRIC_REPRESENTATION_CONTEXT(2) 
PARAMETRIC_REPRESENTATION_CONTEXT() REPRESENTATION_CONTEXT('2D SPACE',''
  ) );
#6512 = ORIENTED_EDGE('',*,*,#1219,.T.);
#6513 = ADVANCED_FACE('',(#6514),#1264,.T.);
#6514 = FACE_BOUND('',#6515,.T.);
#6515 = EDGE_LOOP('',(#6516,#6517,#6540,#6561));
#6516 = ORIENTED_EDGE('',*,*,#6492,.F.);
#6517 = ORIENTED_EDGE('',*,*,#6518,.T.);
#6518 = EDGE_CURVE('',#6465,#6519,#6521,.T.);
#6519 = VERTEX_POINT('',#6520);
#6520 = CARTESIAN_POINT('',(-43.32816342534,37.662053239126,46.5));
#6521 = SURFACE_CURVE('',#6522,(#6526,#6533),.PCURVE_S1.);
#6522 = LINE('',#6523,#6524);
#6523 = CARTESIAN_POINT('',(-44.61373864471,36.129964352888,46.5));
#6524 = VECTOR('',#6525,1.);
#6525 = DIRECTION('',(0.642787609687,0.766044443119,0.));
#6526 = PCURVE('',#1264,#6527);
#6527 = DEFINITIONAL_REPRESENTATION('',(#6528),#6532);
#6528 = LINE('',#6529,#6530);
#6529 = CARTESIAN_POINT('',(0.,0.));
#6530 = VECTOR('',#6531,1.);
#6531 = DIRECTION('',(1.,0.));
#6532 = ( GEOMETRIC_REPRESENTATION_CONTEXT(2) 
PARAMETRIC_REPRESENTATION_CONTEXT() REPRESENTATION_CONTEXT('2D SPACE',''
  ) );
#6533 = PCURVE('',#6480,#6534);
#6534 = DEFINITIONAL_REPRESENTATION('',(#6535),#6539);
#6535 = LINE('',#6536,#6537);
#6536 = CARTESIAN_POINT('',(0.,0.));
#6537 = VECTOR('',#6538,1.);
#6538 = DIRECTION('',(0.,1.));
#6539 = ( GEOMETRIC_REPRESENTATION_CONTEXT(2) 
PARAMETRIC_REPRESENTATION_CONTEXT() REPRESENTATION_CONTEXT('2D SPACE',''
  ) );
#6540 = ORIENTED_EDGE('',*,*,#6541,.T.);
#6541 = EDGE_CURVE('',#6519,#1248,#6542,.T.);
#6542 = SURFACE_CURVE('',#6543,(#6547,#6554),.PCURVE_S1.);
#6543 = LINE('',#6544,#6545);
#6544 = CARTESIAN_POINT('',(-43.32816342534,37.662053239126,46.5));
#6545 = VECTOR('',#6546,1.);
#6546 = DIRECTION('',(-0.766044443119,0.642787609687,0.));
#6547 = PCURVE('',#1264,#6548);
#6548 = DEFINITIONAL_REPRESENTATION('',(#6549),#6553);
#6549 = LINE('',#6550,#6551);
#6550 = CARTESIAN_POINT('',(2.,0.));
#6551 = VECTOR('',#6552,1.);
#6552 = DIRECTION('',(0.,1.));
#6553 = ( GEOMETRIC_REPRESENTATION_CONTEXT(2) 
PARAMETRIC_REPRESENTATION_CONTEXT() REPRESENTATION_CONTEXT('2D SPACE',''
  ) );
#6554 = PCURVE('',#1291,#6555);
#6555 = DEFINITIONAL_REPRESENTATION('',(#6556),#6560);
#6556 = LINE('',#6557,#6558);
#6557 = CARTESIAN_POINT('',(0.,0.));
#6558 = VECTOR('',#6559,1.);
#6559 = DIRECTION('',(0.,-1.));
#6560 = ( GEOMETRIC_REPRESENTATION_CONTEXT(2) 
PARAMETRIC_REPRESENTATION_CONTEXT() REPRESENTATION_CONTEXT('2D SPACE',''
  ) );
#6561 = ORIENTED_EDGE('',*,*,#1247,.T.);
#6562 = ADVANCED_FACE('',(#6563),#1291,.F.);
#6563 = FACE_BOUND('',#6564,.F.);
#6564 = EDGE_LOOP('',(#6565,#6588,#6609,#6610));
#6565 = ORIENTED_EDGE('',*,*,#6566,.F.);
#6566 = EDGE_CURVE('',#6567,#1277,#6569,.T.);
#6567 = VERTEX_POINT('',#6568);
#6568 = CARTESIAN_POINT('',(-43.32816342534,37.662053239126,53.5));
#6569 = SURFACE_CURVE('',#6570,(#6574,#6581),.PCURVE_S1.);
#6570 = LINE('',#6571,#6572);
#6571 = CARTESIAN_POINT('',(-43.32816342534,37.662053239126,53.5));
#6572 = VECTOR('',#6573,1.);
#6573 = DIRECTION('',(-0.766044443119,0.642787609687,0.));
#6574 = PCURVE('',#1291,#6575);
#6575 = DEFINITIONAL_REPRESENTATION('',(#6576),#6580);
#6576 = LINE('',#6577,#6578);
#6577 = CARTESIAN_POINT('',(7.,0.));
#6578 = VECTOR('',#6579,1.);
#6579 = DIRECTION('',(0.,-1.));
#6580 = ( GEOMETRIC_REPRESENTATION_CONTEXT(2) 
PARAMETRIC_REPRESENTATION_CONTEXT() REPRESENTATION_CONTEXT('2D SPACE',''
  ) );
#6581 = PCURVE('',#1317,#6582);
#6582 = DEFINITIONAL_REPRESENTATION('',(#6583),#6587);
#6583 = LINE('',#6584,#6585);
#6584 = CARTESIAN_POINT('',(2.,0.));
#6585 = VECTOR('',#6586,1.);
#6586 = DIRECTION('',(0.,1.));
#6587 = ( GEOMETRIC_REPRESENTATION_CONTEXT(2) 
PARAMETRIC_REPRESENTATION_CONTEXT() REPRESENTATION_CONTEXT('2D SPACE',''
  ) );
#6588 = ORIENTED_EDGE('',*,*,#6589,.F.);
#6589 = EDGE_CURVE('',#6519,#6567,#6590,.T.);
#6590 = SURFACE_CURVE('',#6591,(#6595,#6602),.PCURVE_S1.);
#6591 = LINE('',#6592,#6593);
#6592 = CARTESIAN_POINT('',(-43.32816342534,37.662053239126,46.5));
#6593 = VECTOR('',#6594,1.);
#6594 = DIRECTION('',(0.,0.,1.));
#6595 = PCURVE('',#1291,#6596);
#6596 = DEFINITIONAL_REPRESENTATION('',(#6597),#6601);
#6597 = LINE('',#6598,#6599);
#6598 = CARTESIAN_POINT('',(0.,0.));
#6599 = VECTOR('',#6600,1.);
#6600 = DIRECTION('',(1.,0.));
#6601 = ( GEOMETRIC_REPRESENTATION_CONTEXT(2) 
PARAMETRIC_REPRESENTATION_CONTEXT() REPRESENTATION_CONTEXT('2D SPACE',''
  ) );
#6602 = PCURVE('',#6480,#6603);
#6603 = DEFINITIONAL_REPRESENTATION('',(#6604),#6608);
#6604 = LINE('',#6605,#6606);
#6605 = CARTESIAN_POINT('',(0.,2.));
#6606 = VECTOR('',#6607,1.);
#6607 = DIRECTION('',(1.,0.));
#6608 = ( GEOMETRIC_REPRESENTATION_CONTEXT(2) 
PARAMETRIC_REPRESENTATION_CONTEXT() REPRESENTATION_CONTEXT('2D SPACE',''
  ) );
#6609 = ORIENTED_EDGE('',*,*,#6541,.T.);
#6610 = ORIENTED_EDGE('',*,*,#1276,.T.);
#6611 = ADVANCED_FACE('',(#6612),#1317,.F.);
#6612 = FACE_BOUND('',#6613,.F.);
#6613 = EDGE_LOOP('',(#6614,#6615,#6636,#6637));
#6614 = ORIENTED_EDGE('',*,*,#6441,.F.);
#6615 = ORIENTED_EDGE('',*,*,#6616,.T.);
#6616 = EDGE_CURVE('',#6442,#6567,#6617,.T.);
#6617 = SURFACE_CURVE('',#6618,(#6622,#6629),.PCURVE_S1.);
#6618 = LINE('',#6619,#6620);
#6619 = CARTESIAN_POINT('',(-44.61373864471,36.129964352888,53.5));
#6620 = VECTOR('',#6621,1.);
#6621 = DIRECTION('',(0.642787609687,0.766044443119,0.));
#6622 = PCURVE('',#1317,#6623);
#6623 = DEFINITIONAL_REPRESENTATION('',(#6624),#6628);
#6624 = LINE('',#6625,#6626);
#6625 = CARTESIAN_POINT('',(0.,0.));
#6626 = VECTOR('',#6627,1.);
#6627 = DIRECTION('',(1.,0.));
#6628 = ( GEOMETRIC_REPRESENTATION_CONTEXT(2) 
PARAMETRIC_REPRESENTATION_CONTEXT() REPRESENTATION_CONTEXT('2D SPACE',''
  ) );
#6629 = PCURVE('',#6480,#6630);
#6630 = DEFINITIONAL_REPRESENTATION('',(#6631),#6635);
#6631 = LINE('',#6632,#6633);
#6632 = CARTESIAN_POINT('',(7.,0.));
#6633 = VECTOR('',#6634,1.);
#6634 = DIRECTION('',(0.,1.));
#6635 = ( GEOMETRIC_REPRESENTATION_CONTEXT(2) 
PARAMETRIC_REPRESENTATION_CONTEXT() REPRESENTATION_CONTEXT('2D SPACE',''
  ) );
#6636 = ORIENTED_EDGE('',*,*,#6566,.T.);
#6637 = ORIENTED_EDGE('',*,*,#1302,.T.);
#6638 = ADVANCED_FACE('',(#6639),#1348,.T.);
#6639 = FACE_BOUND('',#6640,.T.);
#6640 = EDGE_LOOP('',(#6641,#6664,#6692,#6713));
#6641 = ORIENTED_EDGE('',*,*,#6642,.F.);
#6642 = EDGE_CURVE('',#6643,#1334,#6645,.T.);
#6643 = VERTEX_POINT('',#6644);
#6644 = CARTESIAN_POINT('',(-50.20985817722,27.833974596216,53.5));
#6645 = SURFACE_CURVE('',#6646,(#6650,#6657),.PCURVE_S1.);
#6646 = LINE('',#6647,#6648);
#6647 = CARTESIAN_POINT('',(-50.20985817722,27.833974596216,53.5));
#6648 = VECTOR('',#6649,1.);
#6649 = DIRECTION('',(-0.866025403784,0.5,0.));
#6650 = PCURVE('',#1348,#6651);
#6651 = DEFINITIONAL_REPRESENTATION('',(#6652),#6656);
#6652 = LINE('',#6653,#6654);
#6653 = CARTESIAN_POINT('',(7.,0.));
#6654 = VECTOR('',#6655,1.);
#6655 = DIRECTION('',(0.,-1.));
#6656 = ( GEOMETRIC_REPRESENTATION_CONTEXT(2) 
PARAMETRIC_REPRESENTATION_CONTEXT() REPRESENTATION_CONTEXT('2D SPACE',''
  ) );
#6657 = PCURVE('',#1429,#6658);
#6658 = DEFINITIONAL_REPRESENTATION('',(#6659),#6663);
#6659 = LINE('',#6660,#6661);
#6660 = CARTESIAN_POINT('',(0.,0.));
#6661 = VECTOR('',#6662,1.);
#6662 = DIRECTION('',(0.,1.));
#6663 = ( GEOMETRIC_REPRESENTATION_CONTEXT(2) 
PARAMETRIC_REPRESENTATION_CONTEXT() REPRESENTATION_CONTEXT('2D SPACE',''
  ) );
#6664 = ORIENTED_EDGE('',*,*,#6665,.F.);
#6665 = EDGE_CURVE('',#6666,#6643,#6668,.T.);
#6666 = VERTEX_POINT('',#6667);
#6667 = CARTESIAN_POINT('',(-50.20985817722,27.833974596216,46.5));
#6668 = SURFACE_CURVE('',#6669,(#6673,#6680),.PCURVE_S1.);
#6669 = LINE('',#6670,#6671);
#6670 = CARTESIAN_POINT('',(-50.20985817722,27.833974596216,46.5));
#6671 = VECTOR('',#6672,1.);
#6672 = DIRECTION('',(0.,0.,1.));
#6673 = PCURVE('',#1348,#6674);
#6674 = DEFINITIONAL_REPRESENTATION('',(#6675),#6679);
#6675 = LINE('',#6676,#6677);
#6676 = CARTESIAN_POINT('',(0.,0.));
#6677 = VECTOR('',#6678,1.);
#6678 = DIRECTION('',(1.,0.));
#6679 = ( GEOMETRIC_REPRESENTATION_CONTEXT(2) 
PARAMETRIC_REPRESENTATION_CONTEXT() REPRESENTATION_CONTEXT('2D SPACE',''
  ) );
#6680 = PCURVE('',#6681,#6686);
#6681 = PLANE('',#6682);
#6682 = AXIS2_PLACEMENT_3D('',#6683,#6684,#6685);
#6683 = CARTESIAN_POINT('',(-50.20985817722,27.833974596216,46.5));
#6684 = DIRECTION('',(-0.866025403784,0.5,0.));
#6685 = DIRECTION('',(0.,0.,1.));
#6686 = DEFINITIONAL_REPRESENTATION('',(#6687),#6691);
#6687 = LINE('',#6688,#6689);
#6688 = CARTESIAN_POINT('',(0.,0.));
#6689 = VECTOR('',#6690,1.);
#6690 = DIRECTION('',(1.,0.));
#6691 = ( GEOMETRIC_REPRESENTATION_CONTEXT(2) 
PARAMETRIC_REPRESENTATION_CONTEXT() REPRESENTATION_CONTEXT('2D SPACE',''
  ) );
#6692 = ORIENTED_EDGE('',*,*,#6693,.T.);
#6693 = EDGE_CURVE('',#6666,#1332,#6694,.T.);
#6694 = SURFACE_CURVE('',#6695,(#6699,#6706),.PCURVE_S1.);
#6695 = LINE('',#6696,#6697);
#6696 = CARTESIAN_POINT('',(-50.20985817722,27.833974596216,46.5));
#6697 = VECTOR('',#6698,1.);
#6698 = DIRECTION('',(-0.866025403784,0.5,0.));
#6699 = PCURVE('',#1348,#6700);
#6700 = DEFINITIONAL_REPRESENTATION('',(#6701),#6705);
#6701 = LINE('',#6702,#6703);
#6702 = CARTESIAN_POINT('',(0.,0.));
#6703 = VECTOR('',#6704,1.);
#6704 = DIRECTION('',(0.,-1.));
#6705 = ( GEOMETRIC_REPRESENTATION_CONTEXT(2) 
PARAMETRIC_REPRESENTATION_CONTEXT() REPRESENTATION_CONTEXT('2D SPACE',''
  ) );
#6706 = PCURVE('',#1376,#6707);
#6707 = DEFINITIONAL_REPRESENTATION('',(#6708),#6712);
#6708 = LINE('',#6709,#6710);
#6709 = CARTESIAN_POINT('',(0.,0.));
#6710 = VECTOR('',#6711,1.);
#6711 = DIRECTION('',(0.,1.));
#6712 = ( GEOMETRIC_REPRESENTATION_CONTEXT(2) 
PARAMETRIC_REPRESENTATION_CONTEXT() REPRESENTATION_CONTEXT('2D SPACE',''
  ) );
#6713 = ORIENTED_EDGE('',*,*,#1331,.T.);
#6714 = ADVANCED_FACE('',(#6715),#1376,.T.);
#6715 = FACE_BOUND('',#6716,.T.);
#6716 = EDGE_LOOP('',(#6717,#6718,#6741,#6762));
#6717 = ORIENTED_EDGE('',*,*,#6693,.F.);
#6718 = ORIENTED_EDGE('',*,*,#6719,.T.);
#6719 = EDGE_CURVE('',#6666,#6720,#6722,.T.);
#6720 = VERTEX_POINT('',#6721);
#6721 = CARTESIAN_POINT('',(-49.20985817722,29.566025403784,46.5));
#6722 = SURFACE_CURVE('',#6723,(#6727,#6734),.PCURVE_S1.);
#6723 = LINE('',#6724,#6725);
#6724 = CARTESIAN_POINT('',(-50.20985817722,27.833974596216,46.5));
#6725 = VECTOR('',#6726,1.);
#6726 = DIRECTION('',(0.5,0.866025403784,0.));
#6727 = PCURVE('',#1376,#6728);
#6728 = DEFINITIONAL_REPRESENTATION('',(#6729),#6733);
#6729 = LINE('',#6730,#6731);
#6730 = CARTESIAN_POINT('',(0.,0.));
#6731 = VECTOR('',#6732,1.);
#6732 = DIRECTION('',(1.,0.));
#6733 = ( GEOMETRIC_REPRESENTATION_CONTEXT(2) 
PARAMETRIC_REPRESENTATION_CONTEXT() REPRESENTATION_CONTEXT('2D SPACE',''
  ) );
#6734 = PCURVE('',#6681,#6735);
#6735 = DEFINITIONAL_REPRESENTATION('',(#6736),#6740);
#6736 = LINE('',#6737,#6738);
#6737 = CARTESIAN_POINT('',(0.,0.));
#6738 = VECTOR('',#6739,1.);
#6739 = DIRECTION('',(0.,1.));
#6740 = ( GEOMETRIC_REPRESENTATION_CONTEXT(2) 
PARAMETRIC_REPRESENTATION_CONTEXT() REPRESENTATION_CONTEXT('2D SPACE',''
  ) );
#6741 = ORIENTED_EDGE('',*,*,#6742,.T.);
#6742 = EDGE_CURVE('',#6720,#1360,#6743,.T.);
#6743 = SURFACE_CURVE('',#6744,(#6748,#6755),.PCURVE_S1.);
#6744 = LINE('',#6745,#6746);
#6745 = CARTESIAN_POINT('',(-49.20985817722,29.566025403784,46.5));
#6746 = VECTOR('',#6747,1.);
#6747 = DIRECTION('',(-0.866025403784,0.5,0.));
#6748 = PCURVE('',#1376,#6749);
#6749 = DEFINITIONAL_REPRESENTATION('',(#6750),#6754);
#6750 = LINE('',#6751,#6752);
#6751 = CARTESIAN_POINT('',(2.,0.));
#6752 = VECTOR('',#6753,1.);
#6753 = DIRECTION('',(0.,1.));
#6754 = ( GEOMETRIC_REPRESENTATION_CONTEXT(2) 
PARAMETRIC_REPRESENTATION_CONTEXT() REPRESENTATION_CONTEXT('2D SPACE',''
  ) );
#6755 = PCURVE('',#1403,#6756);
#6756 = DEFINITIONAL_REPRESENTATION('',(#6757),#6761);
#6757 = LINE('',#6758,#6759);
#6758 = CARTESIAN_POINT('',(0.,0.));
#6759 = VECTOR('',#6760,1.);
#6760 = DIRECTION('',(0.,-1.));
#6761 = ( GEOMETRIC_REPRESENTATION_CONTEXT(2) 
PARAMETRIC_REPRESENTATION_CONTEXT() REPRESENTATION_CONTEXT('2D SPACE',''
  ) );
#6762 = ORIENTED_EDGE('',*,*,#1359,.T.);
#6763 = ADVANCED_FACE('',(#6764),#1403,.F.);
#6764 = FACE_BOUND('',#6765,.F.);
#6765 = EDGE_LOOP('',(#6766,#6789,#6810,#6811));
#6766 = ORIENTED_EDGE('',*,*,#6767,.F.);
#6767 = EDGE_CURVE('',#6768,#1389,#6770,.T.);
#6768 = VERTEX_POINT('',#6769);
#6769 = CARTESIAN_POINT('',(-49.20985817722,29.566025403784,53.5));
#6770 = SURFACE_CURVE('',#6771,(#6775,#6782),.PCURVE_S1.);
#6771 = LINE('',#6772,#6773);
#6772 = CARTESIAN_POINT('',(-49.20985817722,29.566025403784,53.5));
#6773 = VECTOR('',#6774,1.);
#6774 = DIRECTION('',(-0.866025403784,0.5,0.));
#6775 = PCURVE('',#1403,#6776);
#6776 = DEFINITIONAL_REPRESENTATION('',(#6777),#6781);
#6777 = LINE('',#6778,#6779);
#6778 = CARTESIAN_POINT('',(7.,0.));
#6779 = VECTOR('',#6780,1.);
#6780 = DIRECTION('',(0.,-1.));
#6781 = ( GEOMETRIC_REPRESENTATION_CONTEXT(2) 
PARAMETRIC_REPRESENTATION_CONTEXT() REPRESENTATION_CONTEXT('2D SPACE',''
  ) );
#6782 = PCURVE('',#1429,#6783);
#6783 = DEFINITIONAL_REPRESENTATION('',(#6784),#6788);
#6784 = LINE('',#6785,#6786);
#6785 = CARTESIAN_POINT('',(2.,0.));
#6786 = VECTOR('',#6787,1.);
#6787 = DIRECTION('',(0.,1.));
#6788 = ( GEOMETRIC_REPRESENTATION_CONTEXT(2) 
PARAMETRIC_REPRESENTATION_CONTEXT() REPRESENTATION_CONTEXT('2D SPACE',''
  ) );
#6789 = ORIENTED_EDGE('',*,*,#6790,.F.);
#6790 = EDGE_CURVE('',#6720,#6768,#6791,.T.);
#6791 = SURFACE_CURVE('',#6792,(#6796,#6803),.PCURVE_S1.);
#6792 = LINE('',#6793,#6794);
#6793 = CARTESIAN_POINT('',(-49.20985817722,29.566025403784,46.5));
#6794 = VECTOR('',#6795,1.);
#6795 = DIRECTION('',(0.,0.,1.));
#6796 = PCURVE('',#1403,#6797);
#6797 = DEFINITIONAL_REPRESENTATION('',(#6798),#6802);
#6798 = LINE('',#6799,#6800);
#6799 = CARTESIAN_POINT('',(0.,0.));
#6800 = VECTOR('',#6801,1.);
#6801 = DIRECTION('',(1.,0.));
#6802 = ( GEOMETRIC_REPRESENTATION_CONTEXT(2) 
PARAMETRIC_REPRESENTATION_CONTEXT() REPRESENTATION_CONTEXT('2D SPACE',''
  ) );
#6803 = PCURVE('',#6681,#6804);
#6804 = DEFINITIONAL_REPRESENTATION('',(#6805),#6809);
#6805 = LINE('',#6806,#6807);
#6806 = CARTESIAN_POINT('',(0.,2.));
#6807 = VECTOR('',#6808,1.);
#6808 = DIRECTION('',(1.,0.));
#6809 = ( GEOMETRIC_REPRESENTATION_CONTEXT(2) 
PARAMETRIC_REPRESENTATION_CONTEXT() REPRESENTATION_CONTEXT('2D SPACE',''
  ) );
#6810 = ORIENTED_EDGE('',*,*,#6742,.T.);
#6811 = ORIENTED_EDGE('',*,*,#1388,.T.);
#6812 = ADVANCED_FACE('',(#6813),#1429,.F.);
#6813 = FACE_BOUND('',#6814,.F.);
#6814 = EDGE_LOOP('',(#6815,#6816,#6837,#6838));
#6815 = ORIENTED_EDGE('',*,*,#6642,.F.);
#6816 = ORIENTED_EDGE('',*,*,#6817,.T.);
#6817 = EDGE_CURVE('',#6643,#6768,#6818,.T.);
#6818 = SURFACE_CURVE('',#6819,(#6823,#6830),.PCURVE_S1.);
#6819 = LINE('',#6820,#6821);
#6820 = CARTESIAN_POINT('',(-50.20985817722,27.833974596216,53.5));
#6821 = VECTOR('',#6822,1.);
#6822 = DIRECTION('',(0.5,0.866025403784,0.));
#6823 = PCURVE('',#1429,#6824);
#6824 = DEFINITIONAL_REPRESENTATION('',(#6825),#6829);
#6825 = LINE('',#6826,#6827);
#6826 = CARTESIAN_POINT('',(0.,0.));
#6827 = VECTOR('',#6828,1.);
#6828 = DIRECTION('',(1.,0.));
#6829 = ( GEOMETRIC_REPRESENTATION_CONTEXT(2) 
PARAMETRIC_REPRESENTATION_CONTEXT() REPRESENTATION_CONTEXT('2D SPACE',''
  ) );
#6830 = PCURVE('',#6681,#6831);
#6831 = DEFINITIONAL_REPRESENTATION('',(#6832),#6836);
#6832 = LINE('',#6833,#6834);
#6833 = CARTESIAN_POINT('',(7.,0.));
#6834 = VECTOR('',#6835,1.);
#6835 = DIRECTION('',(0.,1.));
#6836 = ( GEOMETRIC_REPRESENTATION_CONTEXT(2) 
PARAMETRIC_REPRESENTATION_CONTEXT() REPRESENTATION_CONTEXT('2D SPACE',''
  ) );
#6837 = ORIENTED_EDGE('',*,*,#6767,.T.);
#6838 = ORIENTED_EDGE('',*,*,#1414,.T.);
#6839 = ADVANCED_FACE('',(#6840),#1460,.T.);
#6840 = FACE_BOUND('',#6841,.T.);
#6841 = EDGE_LOOP('',(#6842,#6865,#6893,#6914));
#6842 = ORIENTED_EDGE('',*,*,#6843,.F.);
#6843 = EDGE_CURVE('',#6844,#1446,#6846,.T.);
#6844 = VERTEX_POINT('',#6845);
#6845 = CARTESIAN_POINT('',(-54.28037657643,18.692263606107,53.5));
#6846 = SURFACE_CURVE('',#6847,(#6851,#6858),.PCURVE_S1.);
#6847 = LINE('',#6848,#6849);
#6848 = CARTESIAN_POINT('',(-54.28037657643,18.692263606107,53.5));
#6849 = VECTOR('',#6850,1.);
#6850 = DIRECTION('',(-0.939692620786,0.342020143326,0.));
#6851 = PCURVE('',#1460,#6852);
#6852 = DEFINITIONAL_REPRESENTATION('',(#6853),#6857);
#6853 = LINE('',#6854,#6855);
#6854 = CARTESIAN_POINT('',(7.,0.));
#6855 = VECTOR('',#6856,1.);
#6856 = DIRECTION('',(0.,-1.));
#6857 = ( GEOMETRIC_REPRESENTATION_CONTEXT(2) 
PARAMETRIC_REPRESENTATION_CONTEXT() REPRESENTATION_CONTEXT('2D SPACE',''
  ) );
#6858 = PCURVE('',#1541,#6859);
#6859 = DEFINITIONAL_REPRESENTATION('',(#6860),#6864);
#6860 = LINE('',#6861,#6862);
#6861 = CARTESIAN_POINT('',(0.,0.));
#6862 = VECTOR('',#6863,1.);
#6863 = DIRECTION('',(0.,1.));
#6864 = ( GEOMETRIC_REPRESENTATION_CONTEXT(2) 
PARAMETRIC_REPRESENTATION_CONTEXT() REPRESENTATION_CONTEXT('2D SPACE',''
  ) );
#6865 = ORIENTED_EDGE('',*,*,#6866,.F.);
#6866 = EDGE_CURVE('',#6867,#6844,#6869,.T.);
#6867 = VERTEX_POINT('',#6868);
#6868 = CARTESIAN_POINT('',(-54.28037657643,18.692263606107,46.5));
#6869 = SURFACE_CURVE('',#6870,(#6874,#6881),.PCURVE_S1.);
#6870 = LINE('',#6871,#6872);
#6871 = CARTESIAN_POINT('',(-54.28037657643,18.692263606107,46.5));
#6872 = VECTOR('',#6873,1.);
#6873 = DIRECTION('',(0.,0.,1.));
#6874 = PCURVE('',#1460,#6875);
#6875 = DEFINITIONAL_REPRESENTATION('',(#6876),#6880);
#6876 = LINE('',#6877,#6878);
#6877 = CARTESIAN_POINT('',(0.,0.));
#6878 = VECTOR('',#6879,1.);
#6879 = DIRECTION('',(1.,0.));
#6880 = ( GEOMETRIC_REPRESENTATION_CONTEXT(2) 
PARAMETRIC_REPRESENTATION_CONTEXT() REPRESENTATION_CONTEXT('2D SPACE',''
  ) );
#6881 = PCURVE('',#6882,#6887);
#6882 = PLANE('',#6883);
#6883 = AXIS2_PLACEMENT_3D('',#6884,#6885,#6886);
#6884 = CARTESIAN_POINT('',(-54.28037657643,18.692263606107,46.5));
#6885 = DIRECTION('',(-0.939692620786,0.342020143326,0.));
#6886 = DIRECTION('',(0.,0.,1.));
#6887 = DEFINITIONAL_REPRESENTATION('',(#6888),#6892);
#6888 = LINE('',#6889,#6890);
#6889 = CARTESIAN_POINT('',(0.,0.));
#6890 = VECTOR('',#6891,1.);
#6891 = DIRECTION('',(1.,0.));
#6892 = ( GEOMETRIC_REPRESENTATION_CONTEXT(2) 
PARAMETRIC_REPRESENTATION_CONTEXT() REPRESENTATION_CONTEXT('2D SPACE',''
  ) );
#6893 = ORIENTED_EDGE('',*,*,#6894,.T.);
#6894 = EDGE_CURVE('',#6867,#1444,#6895,.T.);
#6895 = SURFACE_CURVE('',#6896,(#6900,#6907),.PCURVE_S1.);
#6896 = LINE('',#6897,#6898);
#6897 = CARTESIAN_POINT('',(-54.28037657643,18.692263606107,46.5));
#6898 = VECTOR('',#6899,1.);
#6899 = DIRECTION('',(-0.939692620786,0.342020143326,0.));
#6900 = PCURVE('',#1460,#6901);
#6901 = DEFINITIONAL_REPRESENTATION('',(#6902),#6906);
#6902 = LINE('',#6903,#6904);
#6903 = CARTESIAN_POINT('',(0.,0.));
#6904 = VECTOR('',#6905,1.);
#6905 = DIRECTION('',(0.,-1.));
#6906 = ( GEOMETRIC_REPRESENTATION_CONTEXT(2) 
PARAMETRIC_REPRESENTATION_CONTEXT() REPRESENTATION_CONTEXT('2D SPACE',''
  ) );
#6907 = PCURVE('',#1488,#6908);
#6908 = DEFINITIONAL_REPRESENTATION('',(#6909),#6913);
#6909 = LINE('',#6910,#6911);
#6910 = CARTESIAN_POINT('',(0.,0.));
#6911 = VECTOR('',#6912,1.);
#6912 = DIRECTION('',(0.,1.));
#6913 = ( GEOMETRIC_REPRESENTATION_CONTEXT(2) 
PARAMETRIC_REPRESENTATION_CONTEXT() REPRESENTATION_CONTEXT('2D SPACE',''
  ) );
#6914 = ORIENTED_EDGE('',*,*,#1443,.T.);
#6915 = ADVANCED_FACE('',(#6916),#1488,.T.);
#6916 = FACE_BOUND('',#6917,.T.);
#6917 = EDGE_LOOP('',(#6918,#6919,#6942,#6963));
#6918 = ORIENTED_EDGE('',*,*,#6894,.F.);
#6919 = ORIENTED_EDGE('',*,*,#6920,.T.);
#6920 = EDGE_CURVE('',#6867,#6921,#6923,.T.);
#6921 = VERTEX_POINT('',#6922);
#6922 = CARTESIAN_POINT('',(-53.59633628978,20.571648847679,46.5));
#6923 = SURFACE_CURVE('',#6924,(#6928,#6935),.PCURVE_S1.);
#6924 = LINE('',#6925,#6926);
#6925 = CARTESIAN_POINT('',(-54.28037657643,18.692263606107,46.5));
#6926 = VECTOR('',#6927,1.);
#6927 = DIRECTION('',(0.342020143326,0.939692620786,0.));
#6928 = PCURVE('',#1488,#6929);
#6929 = DEFINITIONAL_REPRESENTATION('',(#6930),#6934);
#6930 = LINE('',#6931,#6932);
#6931 = CARTESIAN_POINT('',(0.,0.));
#6932 = VECTOR('',#6933,1.);
#6933 = DIRECTION('',(1.,0.));
#6934 = ( GEOMETRIC_REPRESENTATION_CONTEXT(2) 
PARAMETRIC_REPRESENTATION_CONTEXT() REPRESENTATION_CONTEXT('2D SPACE',''
  ) );
#6935 = PCURVE('',#6882,#6936);
#6936 = DEFINITIONAL_REPRESENTATION('',(#6937),#6941);
#6937 = LINE('',#6938,#6939);
#6938 = CARTESIAN_POINT('',(0.,0.));
#6939 = VECTOR('',#6940,1.);
#6940 = DIRECTION('',(0.,1.));
#6941 = ( GEOMETRIC_REPRESENTATION_CONTEXT(2) 
PARAMETRIC_REPRESENTATION_CONTEXT() REPRESENTATION_CONTEXT('2D SPACE',''
  ) );
#6942 = ORIENTED_EDGE('',*,*,#6943,.T.);
#6943 = EDGE_CURVE('',#6921,#1472,#6944,.T.);
#6944 = SURFACE_CURVE('',#6945,(#6949,#6956),.PCURVE_S1.);
#6945 = LINE('',#6946,#6947);
#6946 = CARTESIAN_POINT('',(-53.59633628978,20.571648847679,46.5));
#6947 = VECTOR('',#6948,1.);
#6948 = DIRECTION('',(-0.939692620786,0.342020143326,0.));
#6949 = PCURVE('',#1488,#6950);
#6950 = DEFINITIONAL_REPRESENTATION('',(#6951),#6955);
#6951 = LINE('',#6952,#6953);
#6952 = CARTESIAN_POINT('',(2.,0.));
#6953 = VECTOR('',#6954,1.);
#6954 = DIRECTION('',(0.,1.));
#6955 = ( GEOMETRIC_REPRESENTATION_CONTEXT(2) 
PARAMETRIC_REPRESENTATION_CONTEXT() REPRESENTATION_CONTEXT('2D SPACE',''
  ) );
#6956 = PCURVE('',#1515,#6957);
#6957 = DEFINITIONAL_REPRESENTATION('',(#6958),#6962);
#6958 = LINE('',#6959,#6960);
#6959 = CARTESIAN_POINT('',(0.,0.));
#6960 = VECTOR('',#6961,1.);
#6961 = DIRECTION('',(0.,-1.));
#6962 = ( GEOMETRIC_REPRESENTATION_CONTEXT(2) 
PARAMETRIC_REPRESENTATION_CONTEXT() REPRESENTATION_CONTEXT('2D SPACE',''
  ) );
#6963 = ORIENTED_EDGE('',*,*,#1471,.T.);
#6964 = ADVANCED_FACE('',(#6965),#1515,.F.);
#6965 = FACE_BOUND('',#6966,.F.);
#6966 = EDGE_LOOP('',(#6967,#6990,#7011,#7012));
#6967 = ORIENTED_EDGE('',*,*,#6968,.F.);
#6968 = EDGE_CURVE('',#6969,#1501,#6971,.T.);
#6969 = VERTEX_POINT('',#6970);
#6970 = CARTESIAN_POINT('',(-53.59633628978,20.571648847679,53.5));
#6971 = SURFACE_CURVE('',#6972,(#6976,#6983),.PCURVE_S1.);
#6972 = LINE('',#6973,#6974);
#6973 = CARTESIAN_POINT('',(-53.59633628978,20.571648847679,53.5));
#6974 = VECTOR('',#6975,1.);
#6975 = DIRECTION('',(-0.939692620786,0.342020143326,0.));
#6976 = PCURVE('',#1515,#6977);
#6977 = DEFINITIONAL_REPRESENTATION('',(#6978),#6982);
#6978 = LINE('',#6979,#6980);
#6979 = CARTESIAN_POINT('',(7.,0.));
#6980 = VECTOR('',#6981,1.);
#6981 = DIRECTION('',(0.,-1.));
#6982 = ( GEOMETRIC_REPRESENTATION_CONTEXT(2) 
PARAMETRIC_REPRESENTATION_CONTEXT() REPRESENTATION_CONTEXT('2D SPACE',''
  ) );
#6983 = PCURVE('',#1541,#6984);
#6984 = DEFINITIONAL_REPRESENTATION('',(#6985),#6989);
#6985 = LINE('',#6986,#6987);
#6986 = CARTESIAN_POINT('',(2.,0.));
#6987 = VECTOR('',#6988,1.);
#6988 = DIRECTION('',(0.,1.));
#6989 = ( GEOMETRIC_REPRESENTATION_CONTEXT(2) 
PARAMETRIC_REPRESENTATION_CONTEXT() REPRESENTATION_CONTEXT('2D SPACE',''
  ) );
#6990 = ORIENTED_EDGE('',*,*,#6991,.F.);
#6991 = EDGE_CURVE('',#6921,#6969,#6992,.T.);
#6992 = SURFACE_CURVE('',#6993,(#6997,#7004),.PCURVE_S1.);
#6993 = LINE('',#6994,#6995);
#6994 = CARTESIAN_POINT('',(-53.59633628978,20.571648847679,46.5));
#6995 = VECTOR('',#6996,1.);
#6996 = DIRECTION('',(0.,0.,1.));
#6997 = PCURVE('',#1515,#6998);
#6998 = DEFINITIONAL_REPRESENTATION('',(#6999),#7003);
#6999 = LINE('',#7000,#7001);
#7000 = CARTESIAN_POINT('',(0.,0.));
#7001 = VECTOR('',#7002,1.);
#7002 = DIRECTION('',(1.,0.));
#7003 = ( GEOMETRIC_REPRESENTATION_CONTEXT(2) 
PARAMETRIC_REPRESENTATION_CONTEXT() REPRESENTATION_CONTEXT('2D SPACE',''
  ) );
#7004 = PCURVE('',#6882,#7005);
#7005 = DEFINITIONAL_REPRESENTATION('',(#7006),#7010);
#7006 = LINE('',#7007,#7008);
#7007 = CARTESIAN_POINT('',(0.,2.));
#7008 = VECTOR('',#7009,1.);
#7009 = DIRECTION('',(1.,0.));
#7010 = ( GEOMETRIC_REPRESENTATION_CONTEXT(2) 
PARAMETRIC_REPRESENTATION_CONTEXT() REPRESENTATION_CONTEXT('2D SPACE',''
  ) );
#7011 = ORIENTED_EDGE('',*,*,#6943,.T.);
#7012 = ORIENTED_EDGE('',*,*,#1500,.T.);
#7013 = ADVANCED_FACE('',(#7014),#1541,.F.);
#7014 = FACE_BOUND('',#7015,.F.);
#7015 = EDGE_LOOP('',(#7016,#7017,#7038,#7039));
#7016 = ORIENTED_EDGE('',*,*,#6843,.F.);
#7017 = ORIENTED_EDGE('',*,*,#7018,.T.);
#7018 = EDGE_CURVE('',#6844,#6969,#7019,.T.);
#7019 = SURFACE_CURVE('',#7020,(#7024,#7031),.PCURVE_S1.);
#7020 = LINE('',#7021,#7022);
#7021 = CARTESIAN_POINT('',(-54.28037657643,18.692263606107,53.5));
#7022 = VECTOR('',#7023,1.);
#7023 = DIRECTION('',(0.342020143326,0.939692620786,0.));
#7024 = PCURVE('',#1541,#7025);
#7025 = DEFINITIONAL_REPRESENTATION('',(#7026),#7030);
#7026 = LINE('',#7027,#7028);
#7027 = CARTESIAN_POINT('',(0.,0.));
#7028 = VECTOR('',#7029,1.);
#7029 = DIRECTION('',(1.,0.));
#7030 = ( GEOMETRIC_REPRESENTATION_CONTEXT(2) 
PARAMETRIC_REPRESENTATION_CONTEXT() REPRESENTATION_CONTEXT('2D SPACE',''
  ) );
#7031 = PCURVE('',#6882,#7032);
#7032 = DEFINITIONAL_REPRESENTATION('',(#7033),#7037);
#7033 = LINE('',#7034,#7035);
#7034 = CARTESIAN_POINT('',(7.,0.));
#7035 = VECTOR('',#7036,1.);
#7036 = DIRECTION('',(0.,1.));
#7037 = ( GEOMETRIC_REPRESENTATION_CONTEXT(2) 
PARAMETRIC_REPRESENTATION_CONTEXT() REPRESENTATION_CONTEXT('2D SPACE',''
  ) );
#7038 = ORIENTED_EDGE('',*,*,#6968,.T.);
#7039 = ORIENTED_EDGE('',*,*,#1526,.T.);
#7040 = ADVANCED_FACE('',(#7041),#1572,.T.);
#7041 = FACE_BOUND('',#7042,.T.);
#7042 = EDGE_LOOP('',(#7043,#7066,#7094,#7115));
#7043 = ORIENTED_EDGE('',*,*,#7044,.F.);
#7044 = EDGE_CURVE('',#7045,#1558,#7047,.T.);
#7045 = VERTEX_POINT('',#7046);
#7046 = CARTESIAN_POINT('',(-56.70161320056,8.98259764507,53.5));
#7047 = SURFACE_CURVE('',#7048,(#7052,#7059),.PCURVE_S1.);
#7048 = LINE('',#7049,#7050);
#7049 = CARTESIAN_POINT('',(-56.70161320056,8.98259764507,53.5));
#7050 = VECTOR('',#7051,1.);
#7051 = DIRECTION('',(-0.984807753012,0.173648177667,0.));
#7052 = PCURVE('',#1572,#7053);
#7053 = DEFINITIONAL_REPRESENTATION('',(#7054),#7058);
#7054 = LINE('',#7055,#7056);
#7055 = CARTESIAN_POINT('',(7.,0.));
#7056 = VECTOR('',#7057,1.);
#7057 = DIRECTION('',(0.,-1.));
#7058 = ( GEOMETRIC_REPRESENTATION_CONTEXT(2) 
PARAMETRIC_REPRESENTATION_CONTEXT() REPRESENTATION_CONTEXT('2D SPACE',''
  ) );
#7059 = PCURVE('',#1653,#7060);
#7060 = DEFINITIONAL_REPRESENTATION('',(#7061),#7065);
#7061 = LINE('',#7062,#7063);
#7062 = CARTESIAN_POINT('',(0.,0.));
#7063 = VECTOR('',#7064,1.);
#7064 = DIRECTION('',(0.,1.));
#7065 = ( GEOMETRIC_REPRESENTATION_CONTEXT(2) 
PARAMETRIC_REPRESENTATION_CONTEXT() REPRESENTATION_CONTEXT('2D SPACE',''
  ) );
#7066 = ORIENTED_EDGE('',*,*,#7067,.F.);
#7067 = EDGE_CURVE('',#7068,#7045,#7070,.T.);
#7068 = VERTEX_POINT('',#7069);
#7069 = CARTESIAN_POINT('',(-56.70161320056,8.98259764507,46.5));
#7070 = SURFACE_CURVE('',#7071,(#7075,#7082),.PCURVE_S1.);
#7071 = LINE('',#7072,#7073);
#7072 = CARTESIAN_POINT('',(-56.70161320056,8.98259764507,46.5));
#7073 = VECTOR('',#7074,1.);
#7074 = DIRECTION('',(0.,0.,1.));
#7075 = PCURVE('',#1572,#7076);
#7076 = DEFINITIONAL_REPRESENTATION('',(#7077),#7081);
#7077 = LINE('',#7078,#7079);
#7078 = CARTESIAN_POINT('',(0.,0.));
#7079 = VECTOR('',#7080,1.);
#7080 = DIRECTION('',(1.,0.));
#7081 = ( GEOMETRIC_REPRESENTATION_CONTEXT(2) 
PARAMETRIC_REPRESENTATION_CONTEXT() REPRESENTATION_CONTEXT('2D SPACE',''
  ) );
#7082 = PCURVE('',#7083,#7088);
#7083 = PLANE('',#7084);
#7084 = AXIS2_PLACEMENT_3D('',#7085,#7086,#7087);
#7085 = CARTESIAN_POINT('',(-56.70161320056,8.98259764507,46.5));
#7086 = DIRECTION('',(-0.984807753012,0.173648177667,0.));
#7087 = DIRECTION('',(0.,0.,1.));
#7088 = DEFINITIONAL_REPRESENTATION('',(#7089),#7093);
#7089 = LINE('',#7090,#7091);
#7090 = CARTESIAN_POINT('',(0.,0.));
#7091 = VECTOR('',#7092,1.);
#7092 = DIRECTION('',(1.,0.));
#7093 = ( GEOMETRIC_REPRESENTATION_CONTEXT(2) 
PARAMETRIC_REPRESENTATION_CONTEXT() REPRESENTATION_CONTEXT('2D SPACE',''
  ) );
#7094 = ORIENTED_EDGE('',*,*,#7095,.T.);
#7095 = EDGE_CURVE('',#7068,#1556,#7096,.T.);
#7096 = SURFACE_CURVE('',#7097,(#7101,#7108),.PCURVE_S1.);
#7097 = LINE('',#7098,#7099);
#7098 = CARTESIAN_POINT('',(-56.70161320056,8.98259764507,46.5));
#7099 = VECTOR('',#7100,1.);
#7100 = DIRECTION('',(-0.984807753012,0.173648177667,0.));
#7101 = PCURVE('',#1572,#7102);
#7102 = DEFINITIONAL_REPRESENTATION('',(#7103),#7107);
#7103 = LINE('',#7104,#7105);
#7104 = CARTESIAN_POINT('',(0.,0.));
#7105 = VECTOR('',#7106,1.);
#7106 = DIRECTION('',(0.,-1.));
#7107 = ( GEOMETRIC_REPRESENTATION_CONTEXT(2) 
PARAMETRIC_REPRESENTATION_CONTEXT() REPRESENTATION_CONTEXT('2D SPACE',''
  ) );
#7108 = PCURVE('',#1600,#7109);
#7109 = DEFINITIONAL_REPRESENTATION('',(#7110),#7114);
#7110 = LINE('',#7111,#7112);
#7111 = CARTESIAN_POINT('',(0.,0.));
#7112 = VECTOR('',#7113,1.);
#7113 = DIRECTION('',(0.,1.));
#7114 = ( GEOMETRIC_REPRESENTATION_CONTEXT(2) 
PARAMETRIC_REPRESENTATION_CONTEXT() REPRESENTATION_CONTEXT('2D SPACE',''
  ) );
#7115 = ORIENTED_EDGE('',*,*,#1555,.T.);
#7116 = ADVANCED_FACE('',(#7117),#1600,.T.);
#7117 = FACE_BOUND('',#7118,.T.);
#7118 = EDGE_LOOP('',(#7119,#7120,#7143,#7164));
#7119 = ORIENTED_EDGE('',*,*,#7095,.F.);
#7120 = ORIENTED_EDGE('',*,*,#7121,.T.);
#7121 = EDGE_CURVE('',#7068,#7122,#7124,.T.);
#7122 = VERTEX_POINT('',#7123);
#7123 = CARTESIAN_POINT('',(-56.35431684523,10.952213151094,46.5));
#7124 = SURFACE_CURVE('',#7125,(#7129,#7136),.PCURVE_S1.);
#7125 = LINE('',#7126,#7127);
#7126 = CARTESIAN_POINT('',(-56.70161320056,8.98259764507,46.5));
#7127 = VECTOR('',#7128,1.);
#7128 = DIRECTION('',(0.173648177667,0.984807753012,0.));
#7129 = PCURVE('',#1600,#7130);
#7130 = DEFINITIONAL_REPRESENTATION('',(#7131),#7135);
#7131 = LINE('',#7132,#7133);
#7132 = CARTESIAN_POINT('',(0.,0.));
#7133 = VECTOR('',#7134,1.);
#7134 = DIRECTION('',(1.,0.));
#7135 = ( GEOMETRIC_REPRESENTATION_CONTEXT(2) 
PARAMETRIC_REPRESENTATION_CONTEXT() REPRESENTATION_CONTEXT('2D SPACE',''
  ) );
#7136 = PCURVE('',#7083,#7137);
#7137 = DEFINITIONAL_REPRESENTATION('',(#7138),#7142);
#7138 = LINE('',#7139,#7140);
#7139 = CARTESIAN_POINT('',(0.,0.));
#7140 = VECTOR('',#7141,1.);
#7141 = DIRECTION('',(0.,1.));
#7142 = ( GEOMETRIC_REPRESENTATION_CONTEXT(2) 
PARAMETRIC_REPRESENTATION_CONTEXT() REPRESENTATION_CONTEXT('2D SPACE',''
  ) );
#7143 = ORIENTED_EDGE('',*,*,#7144,.T.);
#7144 = EDGE_CURVE('',#7122,#1584,#7145,.T.);
#7145 = SURFACE_CURVE('',#7146,(#7150,#7157),.PCURVE_S1.);
#7146 = LINE('',#7147,#7148);
#7147 = CARTESIAN_POINT('',(-56.35431684523,10.952213151094,46.5));
#7148 = VECTOR('',#7149,1.);
#7149 = DIRECTION('',(-0.984807753012,0.173648177667,0.));
#7150 = PCURVE('',#1600,#7151);
#7151 = DEFINITIONAL_REPRESENTATION('',(#7152),#7156);
#7152 = LINE('',#7153,#7154);
#7153 = CARTESIAN_POINT('',(2.,0.));
#7154 = VECTOR('',#7155,1.);
#7155 = DIRECTION('',(0.,1.));
#7156 = ( GEOMETRIC_REPRESENTATION_CONTEXT(2) 
PARAMETRIC_REPRESENTATION_CONTEXT() REPRESENTATION_CONTEXT('2D SPACE',''
  ) );
#7157 = PCURVE('',#1627,#7158);
#7158 = DEFINITIONAL_REPRESENTATION('',(#7159),#7163);
#7159 = LINE('',#7160,#7161);
#7160 = CARTESIAN_POINT('',(0.,0.));
#7161 = VECTOR('',#7162,1.);
#7162 = DIRECTION('',(0.,-1.));
#7163 = ( GEOMETRIC_REPRESENTATION_CONTEXT(2) 
PARAMETRIC_REPRESENTATION_CONTEXT() REPRESENTATION_CONTEXT('2D SPACE',''
  ) );
#7164 = ORIENTED_EDGE('',*,*,#1583,.T.);
#7165 = ADVANCED_FACE('',(#7166),#1627,.F.);
#7166 = FACE_BOUND('',#7167,.F.);
#7167 = EDGE_LOOP('',(#7168,#7191,#7212,#7213));
#7168 = ORIENTED_EDGE('',*,*,#7169,.F.);
#7169 = EDGE_CURVE('',#7170,#1613,#7172,.T.);
#7170 = VERTEX_POINT('',#7171);
#7171 = CARTESIAN_POINT('',(-56.35431684523,10.952213151094,53.5));
#7172 = SURFACE_CURVE('',#7173,(#7177,#7184),.PCURVE_S1.);
#7173 = LINE('',#7174,#7175);
#7174 = CARTESIAN_POINT('',(-56.35431684523,10.952213151094,53.5));
#7175 = VECTOR('',#7176,1.);
#7176 = DIRECTION('',(-0.984807753012,0.173648177667,0.));
#7177 = PCURVE('',#1627,#7178);
#7178 = DEFINITIONAL_REPRESENTATION('',(#7179),#7183);
#7179 = LINE('',#7180,#7181);
#7180 = CARTESIAN_POINT('',(7.,0.));
#7181 = VECTOR('',#7182,1.);
#7182 = DIRECTION('',(0.,-1.));
#7183 = ( GEOMETRIC_REPRESENTATION_CONTEXT(2) 
PARAMETRIC_REPRESENTATION_CONTEXT() REPRESENTATION_CONTEXT('2D SPACE',''
  ) );
#7184 = PCURVE('',#1653,#7185);
#7185 = DEFINITIONAL_REPRESENTATION('',(#7186),#7190);
#7186 = LINE('',#7187,#7188);
#7187 = CARTESIAN_POINT('',(2.,0.));
#7188 = VECTOR('',#7189,1.);
#7189 = DIRECTION('',(0.,1.));
#7190 = ( GEOMETRIC_REPRESENTATION_CONTEXT(2) 
PARAMETRIC_REPRESENTATION_CONTEXT() REPRESENTATION_CONTEXT('2D SPACE',''
  ) );
#7191 = ORIENTED_EDGE('',*,*,#7192,.F.);
#7192 = EDGE_CURVE('',#7122,#7170,#7193,.T.);
#7193 = SURFACE_CURVE('',#7194,(#7198,#7205),.PCURVE_S1.);
#7194 = LINE('',#7195,#7196);
#7195 = CARTESIAN_POINT('',(-56.35431684523,10.952213151094,46.5));
#7196 = VECTOR('',#7197,1.);
#7197 = DIRECTION('',(0.,0.,1.));
#7198 = PCURVE('',#1627,#7199);
#7199 = DEFINITIONAL_REPRESENTATION('',(#7200),#7204);
#7200 = LINE('',#7201,#7202);
#7201 = CARTESIAN_POINT('',(0.,0.));
#7202 = VECTOR('',#7203,1.);
#7203 = DIRECTION('',(1.,0.));
#7204 = ( GEOMETRIC_REPRESENTATION_CONTEXT(2) 
PARAMETRIC_REPRESENTATION_CONTEXT() REPRESENTATION_CONTEXT('2D SPACE',''
  ) );
#7205 = PCURVE('',#7083,#7206);
#7206 = DEFINITIONAL_REPRESENTATION('',(#7207),#7211);
#7207 = LINE('',#7208,#7209);
#7208 = CARTESIAN_POINT('',(0.,2.));
#7209 = VECTOR('',#7210,1.);
#7210 = DIRECTION('',(1.,0.));
#7211 = ( GEOMETRIC_REPRESENTATION_CONTEXT(2) 
PARAMETRIC_REPRESENTATION_CONTEXT() REPRESENTATION_CONTEXT('2D SPACE',''
  ) );
#7212 = ORIENTED_EDGE('',*,*,#7144,.T.);
#7213 = ORIENTED_EDGE('',*,*,#1612,.T.);
#7214 = ADVANCED_FACE('',(#7215),#1653,.F.);
#7215 = FACE_BOUND('',#7216,.F.);
#7216 = EDGE_LOOP('',(#7217,#7218,#7239,#7240));
#7217 = ORIENTED_EDGE('',*,*,#7044,.F.);
#7218 = ORIENTED_EDGE('',*,*,#7219,.T.);
#7219 = EDGE_CURVE('',#7045,#7170,#7220,.T.);
#7220 = SURFACE_CURVE('',#7221,(#7225,#7232),.PCURVE_S1.);
#7221 = LINE('',#7222,#7223);
#7222 = CARTESIAN_POINT('',(-56.70161320056,8.98259764507,53.5));
#7223 = VECTOR('',#7224,1.);
#7224 = DIRECTION('',(0.173648177667,0.984807753012,0.));
#7225 = PCURVE('',#1653,#7226);
#7226 = DEFINITIONAL_REPRESENTATION('',(#7227),#7231);
#7227 = LINE('',#7228,#7229);
#7228 = CARTESIAN_POINT('',(0.,0.));
#7229 = VECTOR('',#7230,1.);
#7230 = DIRECTION('',(1.,0.));
#7231 = ( GEOMETRIC_REPRESENTATION_CONTEXT(2) 
PARAMETRIC_REPRESENTATION_CONTEXT() REPRESENTATION_CONTEXT('2D SPACE',''
  ) );
#7232 = PCURVE('',#7083,#7233);
#7233 = DEFINITIONAL_REPRESENTATION('',(#7234),#7238);
#7234 = LINE('',#7235,#7236);
#7235 = CARTESIAN_POINT('',(7.,0.));
#7236 = VECTOR('',#7237,1.);
#7237 = DIRECTION('',(0.,1.));
#7238 = ( GEOMETRIC_REPRESENTATION_CONTEXT(2) 
PARAMETRIC_REPRESENTATION_CONTEXT() REPRESENTATION_CONTEXT('2D SPACE',''
  ) );
#7239 = ORIENTED_EDGE('',*,*,#7169,.T.);
#7240 = ORIENTED_EDGE('',*,*,#1638,.T.);
#7241 = ADVANCED_FACE('',(#7242),#1684,.T.);
#7242 = FACE_BOUND('',#7243,.T.);
#7243 = EDGE_LOOP('',(#7244,#7267,#7295,#7316));
#7244 = ORIENTED_EDGE('',*,*,#7245,.F.);
#7245 = EDGE_CURVE('',#7246,#1670,#7248,.T.);
#7246 = VERTEX_POINT('',#7247);
#7247 = CARTESIAN_POINT('',(-53.59633628978,-20.57164884767,53.5));
#7248 = SURFACE_CURVE('',#7249,(#7253,#7260),.PCURVE_S1.);
#7249 = LINE('',#7250,#7251);
#7250 = CARTESIAN_POINT('',(-53.59633628978,-20.57164884767,53.5));
#7251 = VECTOR('',#7252,1.);
#7252 = DIRECTION('',(-0.939692620786,-0.342020143326,0.));
#7253 = PCURVE('',#1684,#7254);
#7254 = DEFINITIONAL_REPRESENTATION('',(#7255),#7259);
#7255 = LINE('',#7256,#7257);
#7256 = CARTESIAN_POINT('',(7.,0.));
#7257 = VECTOR('',#7258,1.);
#7258 = DIRECTION('',(0.,-1.));
#7259 = ( GEOMETRIC_REPRESENTATION_CONTEXT(2) 
PARAMETRIC_REPRESENTATION_CONTEXT() REPRESENTATION_CONTEXT('2D SPACE',''
  ) );
#7260 = PCURVE('',#1765,#7261);
#7261 = DEFINITIONAL_REPRESENTATION('',(#7262),#7266);
#7262 = LINE('',#7263,#7264);
#7263 = CARTESIAN_POINT('',(0.,0.));
#7264 = VECTOR('',#7265,1.);
#7265 = DIRECTION('',(0.,1.));
#7266 = ( GEOMETRIC_REPRESENTATION_CONTEXT(2) 
PARAMETRIC_REPRESENTATION_CONTEXT() REPRESENTATION_CONTEXT('2D SPACE',''
  ) );
#7267 = ORIENTED_EDGE('',*,*,#7268,.F.);
#7268 = EDGE_CURVE('',#7269,#7246,#7271,.T.);
#7269 = VERTEX_POINT('',#7270);
#7270 = CARTESIAN_POINT('',(-53.59633628978,-20.57164884767,46.5));
#7271 = SURFACE_CURVE('',#7272,(#7276,#7283),.PCURVE_S1.);
#7272 = LINE('',#7273,#7274);
#7273 = CARTESIAN_POINT('',(-53.59633628978,-20.57164884767,46.5));
#7274 = VECTOR('',#7275,1.);
#7275 = DIRECTION('',(0.,0.,1.));
#7276 = PCURVE('',#1684,#7277);
#7277 = DEFINITIONAL_REPRESENTATION('',(#7278),#7282);
#7278 = LINE('',#7279,#7280);
#7279 = CARTESIAN_POINT('',(0.,0.));
#7280 = VECTOR('',#7281,1.);
#7281 = DIRECTION('',(1.,0.));
#7282 = ( GEOMETRIC_REPRESENTATION_CONTEXT(2) 
PARAMETRIC_REPRESENTATION_CONTEXT() REPRESENTATION_CONTEXT('2D SPACE',''
  ) );
#7283 = PCURVE('',#7284,#7289);
#7284 = PLANE('',#7285);
#7285 = AXIS2_PLACEMENT_3D('',#7286,#7287,#7288);
#7286 = CARTESIAN_POINT('',(-53.59633628978,-20.57164884767,46.5));
#7287 = DIRECTION('',(-0.939692620786,-0.342020143326,0.));
#7288 = DIRECTION('',(0.,0.,1.));
#7289 = DEFINITIONAL_REPRESENTATION('',(#7290),#7294);
#7290 = LINE('',#7291,#7292);
#7291 = CARTESIAN_POINT('',(0.,0.));
#7292 = VECTOR('',#7293,1.);
#7293 = DIRECTION('',(1.,0.));
#7294 = ( GEOMETRIC_REPRESENTATION_CONTEXT(2) 
PARAMETRIC_REPRESENTATION_CONTEXT() REPRESENTATION_CONTEXT('2D SPACE',''
  ) );
#7295 = ORIENTED_EDGE('',*,*,#7296,.T.);
#7296 = EDGE_CURVE('',#7269,#1668,#7297,.T.);
#7297 = SURFACE_CURVE('',#7298,(#7302,#7309),.PCURVE_S1.);
#7298 = LINE('',#7299,#7300);
#7299 = CARTESIAN_POINT('',(-53.59633628978,-20.57164884767,46.5));
#7300 = VECTOR('',#7301,1.);
#7301 = DIRECTION('',(-0.939692620786,-0.342020143326,0.));
#7302 = PCURVE('',#1684,#7303);
#7303 = DEFINITIONAL_REPRESENTATION('',(#7304),#7308);
#7304 = LINE('',#7305,#7306);
#7305 = CARTESIAN_POINT('',(0.,0.));
#7306 = VECTOR('',#7307,1.);
#7307 = DIRECTION('',(0.,-1.));
#7308 = ( GEOMETRIC_REPRESENTATION_CONTEXT(2) 
PARAMETRIC_REPRESENTATION_CONTEXT() REPRESENTATION_CONTEXT('2D SPACE',''
  ) );
#7309 = PCURVE('',#1712,#7310);
#7310 = DEFINITIONAL_REPRESENTATION('',(#7311),#7315);
#7311 = LINE('',#7312,#7313);
#7312 = CARTESIAN_POINT('',(0.,0.));
#7313 = VECTOR('',#7314,1.);
#7314 = DIRECTION('',(0.,1.));
#7315 = ( GEOMETRIC_REPRESENTATION_CONTEXT(2) 
PARAMETRIC_REPRESENTATION_CONTEXT() REPRESENTATION_CONTEXT('2D SPACE',''
  ) );
#7316 = ORIENTED_EDGE('',*,*,#1667,.T.);
#7317 = ADVANCED_FACE('',(#7318),#1712,.T.);
#7318 = FACE_BOUND('',#7319,.T.);
#7319 = EDGE_LOOP('',(#7320,#7321,#7344,#7365));
#7320 = ORIENTED_EDGE('',*,*,#7296,.F.);
#7321 = ORIENTED_EDGE('',*,*,#7322,.T.);
#7322 = EDGE_CURVE('',#7269,#7323,#7325,.T.);
#7323 = VERTEX_POINT('',#7324);
#7324 = CARTESIAN_POINT('',(-54.28037657643,-18.6922636061,46.5));
#7325 = SURFACE_CURVE('',#7326,(#7330,#7337),.PCURVE_S1.);
#7326 = LINE('',#7327,#7328);
#7327 = CARTESIAN_POINT('',(-53.59633628978,-20.57164884767,46.5));
#7328 = VECTOR('',#7329,1.);
#7329 = DIRECTION('',(-0.342020143326,0.939692620786,0.));
#7330 = PCURVE('',#1712,#7331);
#7331 = DEFINITIONAL_REPRESENTATION('',(#7332),#7336);
#7332 = LINE('',#7333,#7334);
#7333 = CARTESIAN_POINT('',(0.,0.));
#7334 = VECTOR('',#7335,1.);
#7335 = DIRECTION('',(1.,0.));
#7336 = ( GEOMETRIC_REPRESENTATION_CONTEXT(2) 
PARAMETRIC_REPRESENTATION_CONTEXT() REPRESENTATION_CONTEXT('2D SPACE',''
  ) );
#7337 = PCURVE('',#7284,#7338);
#7338 = DEFINITIONAL_REPRESENTATION('',(#7339),#7343);
#7339 = LINE('',#7340,#7341);
#7340 = CARTESIAN_POINT('',(0.,0.));
#7341 = VECTOR('',#7342,1.);
#7342 = DIRECTION('',(0.,1.));
#7343 = ( GEOMETRIC_REPRESENTATION_CONTEXT(2) 
PARAMETRIC_REPRESENTATION_CONTEXT() REPRESENTATION_CONTEXT('2D SPACE',''
  ) );
#7344 = ORIENTED_EDGE('',*,*,#7345,.T.);
#7345 = EDGE_CURVE('',#7323,#1696,#7346,.T.);
#7346 = SURFACE_CURVE('',#7347,(#7351,#7358),.PCURVE_S1.);
#7347 = LINE('',#7348,#7349);
#7348 = CARTESIAN_POINT('',(-54.28037657643,-18.6922636061,46.5));
#7349 = VECTOR('',#7350,1.);
#7350 = DIRECTION('',(-0.939692620786,-0.342020143326,0.));
#7351 = PCURVE('',#1712,#7352);
#7352 = DEFINITIONAL_REPRESENTATION('',(#7353),#7357);
#7353 = LINE('',#7354,#7355);
#7354 = CARTESIAN_POINT('',(2.,0.));
#7355 = VECTOR('',#7356,1.);
#7356 = DIRECTION('',(0.,1.));
#7357 = ( GEOMETRIC_REPRESENTATION_CONTEXT(2) 
PARAMETRIC_REPRESENTATION_CONTEXT() REPRESENTATION_CONTEXT('2D SPACE',''
  ) );
#7358 = PCURVE('',#1739,#7359);
#7359 = DEFINITIONAL_REPRESENTATION('',(#7360),#7364);
#7360 = LINE('',#7361,#7362);
#7361 = CARTESIAN_POINT('',(0.,0.));
#7362 = VECTOR('',#7363,1.);
#7363 = DIRECTION('',(0.,-1.));
#7364 = ( GEOMETRIC_REPRESENTATION_CONTEXT(2) 
PARAMETRIC_REPRESENTATION_CONTEXT() REPRESENTATION_CONTEXT('2D SPACE',''
  ) );
#7365 = ORIENTED_EDGE('',*,*,#1695,.T.);
#7366 = ADVANCED_FACE('',(#7367),#1739,.F.);
#7367 = FACE_BOUND('',#7368,.F.);
#7368 = EDGE_LOOP('',(#7369,#7392,#7413,#7414));
#7369 = ORIENTED_EDGE('',*,*,#7370,.F.);
#7370 = EDGE_CURVE('',#7371,#1725,#7373,.T.);
#7371 = VERTEX_POINT('',#7372);
#7372 = CARTESIAN_POINT('',(-54.28037657643,-18.6922636061,53.5));
#7373 = SURFACE_CURVE('',#7374,(#7378,#7385),.PCURVE_S1.);
#7374 = LINE('',#7375,#7376);
#7375 = CARTESIAN_POINT('',(-54.28037657643,-18.6922636061,53.5));
#7376 = VECTOR('',#7377,1.);
#7377 = DIRECTION('',(-0.939692620786,-0.342020143326,0.));
#7378 = PCURVE('',#1739,#7379);
#7379 = DEFINITIONAL_REPRESENTATION('',(#7380),#7384);
#7380 = LINE('',#7381,#7382);
#7381 = CARTESIAN_POINT('',(7.,0.));
#7382 = VECTOR('',#7383,1.);
#7383 = DIRECTION('',(0.,-1.));
#7384 = ( GEOMETRIC_REPRESENTATION_CONTEXT(2) 
PARAMETRIC_REPRESENTATION_CONTEXT() REPRESENTATION_CONTEXT('2D SPACE',''
  ) );
#7385 = PCURVE('',#1765,#7386);
#7386 = DEFINITIONAL_REPRESENTATION('',(#7387),#7391);
#7387 = LINE('',#7388,#7389);
#7388 = CARTESIAN_POINT('',(2.,0.));
#7389 = VECTOR('',#7390,1.);
#7390 = DIRECTION('',(0.,1.));
#7391 = ( GEOMETRIC_REPRESENTATION_CONTEXT(2) 
PARAMETRIC_REPRESENTATION_CONTEXT() REPRESENTATION_CONTEXT('2D SPACE',''
  ) );
#7392 = ORIENTED_EDGE('',*,*,#7393,.F.);
#7393 = EDGE_CURVE('',#7323,#7371,#7394,.T.);
#7394 = SURFACE_CURVE('',#7395,(#7399,#7406),.PCURVE_S1.);
#7395 = LINE('',#7396,#7397);
#7396 = CARTESIAN_POINT('',(-54.28037657643,-18.6922636061,46.5));
#7397 = VECTOR('',#7398,1.);
#7398 = DIRECTION('',(0.,0.,1.));
#7399 = PCURVE('',#1739,#7400);
#7400 = DEFINITIONAL_REPRESENTATION('',(#7401),#7405);
#7401 = LINE('',#7402,#7403);
#7402 = CARTESIAN_POINT('',(0.,0.));
#7403 = VECTOR('',#7404,1.);
#7404 = DIRECTION('',(1.,0.));
#7405 = ( GEOMETRIC_REPRESENTATION_CONTEXT(2) 
PARAMETRIC_REPRESENTATION_CONTEXT() REPRESENTATION_CONTEXT('2D SPACE',''
  ) );
#7406 = PCURVE('',#7284,#7407);
#7407 = DEFINITIONAL_REPRESENTATION('',(#7408),#7412);
#7408 = LINE('',#7409,#7410);
#7409 = CARTESIAN_POINT('',(0.,2.));
#7410 = VECTOR('',#7411,1.);
#7411 = DIRECTION('',(1.,0.));
#7412 = ( GEOMETRIC_REPRESENTATION_CONTEXT(2) 
PARAMETRIC_REPRESENTATION_CONTEXT() REPRESENTATION_CONTEXT('2D SPACE',''
  ) );
#7413 = ORIENTED_EDGE('',*,*,#7345,.T.);
#7414 = ORIENTED_EDGE('',*,*,#1724,.T.);
#7415 = ADVANCED_FACE('',(#7416),#1765,.F.);
#7416 = FACE_BOUND('',#7417,.F.);
#7417 = EDGE_LOOP('',(#7418,#7419,#7440,#7441));
#7418 = ORIENTED_EDGE('',*,*,#7245,.F.);
#7419 = ORIENTED_EDGE('',*,*,#7420,.T.);
#7420 = EDGE_CURVE('',#7246,#7371,#7421,.T.);
#7421 = SURFACE_CURVE('',#7422,(#7426,#7433),.PCURVE_S1.);
#7422 = LINE('',#7423,#7424);
#7423 = CARTESIAN_POINT('',(-53.59633628978,-20.57164884767,53.5));
#7424 = VECTOR('',#7425,1.);
#7425 = DIRECTION('',(-0.342020143326,0.939692620786,0.));
#7426 = PCURVE('',#1765,#7427);
#7427 = DEFINITIONAL_REPRESENTATION('',(#7428),#7432);
#7428 = LINE('',#7429,#7430);
#7429 = CARTESIAN_POINT('',(0.,0.));
#7430 = VECTOR('',#7431,1.);
#7431 = DIRECTION('',(1.,0.));
#7432 = ( GEOMETRIC_REPRESENTATION_CONTEXT(2) 
PARAMETRIC_REPRESENTATION_CONTEXT() REPRESENTATION_CONTEXT('2D SPACE',''
  ) );
#7433 = PCURVE('',#7284,#7434);
#7434 = DEFINITIONAL_REPRESENTATION('',(#7435),#7439);
#7435 = LINE('',#7436,#7437);
#7436 = CARTESIAN_POINT('',(7.,0.));
#7437 = VECTOR('',#7438,1.);
#7438 = DIRECTION('',(0.,1.));
#7439 = ( GEOMETRIC_REPRESENTATION_CONTEXT(2) 
PARAMETRIC_REPRESENTATION_CONTEXT() REPRESENTATION_CONTEXT('2D SPACE',''
  ) );
#7440 = ORIENTED_EDGE('',*,*,#7370,.T.);
#7441 = ORIENTED_EDGE('',*,*,#1750,.T.);
#7442 = ADVANCED_FACE('',(#7443),#1796,.T.);
#7443 = FACE_BOUND('',#7444,.T.);
#7444 = EDGE_LOOP('',(#7445,#7468,#7496,#7517));
#7445 = ORIENTED_EDGE('',*,*,#7446,.F.);
#7446 = EDGE_CURVE('',#7447,#1782,#7449,.T.);
#7447 = VERTEX_POINT('',#7448);
#7448 = CARTESIAN_POINT('',(-49.20985817722,-29.56602540378,53.5));
#7449 = SURFACE_CURVE('',#7450,(#7454,#7461),.PCURVE_S1.);
#7450 = LINE('',#7451,#7452);
#7451 = CARTESIAN_POINT('',(-49.20985817722,-29.56602540378,53.5));
#7452 = VECTOR('',#7453,1.);
#7453 = DIRECTION('',(-0.866025403784,-0.5,0.));
#7454 = PCURVE('',#1796,#7455);
#7455 = DEFINITIONAL_REPRESENTATION('',(#7456),#7460);
#7456 = LINE('',#7457,#7458);
#7457 = CARTESIAN_POINT('',(7.,0.));
#7458 = VECTOR('',#7459,1.);
#7459 = DIRECTION('',(0.,-1.));
#7460 = ( GEOMETRIC_REPRESENTATION_CONTEXT(2) 
PARAMETRIC_REPRESENTATION_CONTEXT() REPRESENTATION_CONTEXT('2D SPACE',''
  ) );
#7461 = PCURVE('',#1877,#7462);
#7462 = DEFINITIONAL_REPRESENTATION('',(#7463),#7467);
#7463 = LINE('',#7464,#7465);
#7464 = CARTESIAN_POINT('',(0.,0.));
#7465 = VECTOR('',#7466,1.);
#7466 = DIRECTION('',(0.,1.));
#7467 = ( GEOMETRIC_REPRESENTATION_CONTEXT(2) 
PARAMETRIC_REPRESENTATION_CONTEXT() REPRESENTATION_CONTEXT('2D SPACE',''
  ) );
#7468 = ORIENTED_EDGE('',*,*,#7469,.F.);
#7469 = EDGE_CURVE('',#7470,#7447,#7472,.T.);
#7470 = VERTEX_POINT('',#7471);
#7471 = CARTESIAN_POINT('',(-49.20985817722,-29.56602540378,46.5));
#7472 = SURFACE_CURVE('',#7473,(#7477,#7484),.PCURVE_S1.);
#7473 = LINE('',#7474,#7475);
#7474 = CARTESIAN_POINT('',(-49.20985817722,-29.56602540378,46.5));
#7475 = VECTOR('',#7476,1.);
#7476 = DIRECTION('',(0.,0.,1.));
#7477 = PCURVE('',#1796,#7478);
#7478 = DEFINITIONAL_REPRESENTATION('',(#7479),#7483);
#7479 = LINE('',#7480,#7481);
#7480 = CARTESIAN_POINT('',(0.,0.));
#7481 = VECTOR('',#7482,1.);
#7482 = DIRECTION('',(1.,0.));
#7483 = ( GEOMETRIC_REPRESENTATION_CONTEXT(2) 
PARAMETRIC_REPRESENTATION_CONTEXT() REPRESENTATION_CONTEXT('2D SPACE',''
  ) );
#7484 = PCURVE('',#7485,#7490);
#7485 = PLANE('',#7486);
#7486 = AXIS2_PLACEMENT_3D('',#7487,#7488,#7489);
#7487 = CARTESIAN_POINT('',(-49.20985817722,-29.56602540378,46.5));
#7488 = DIRECTION('',(-0.866025403784,-0.5,0.));
#7489 = DIRECTION('',(0.,0.,1.));
#7490 = DEFINITIONAL_REPRESENTATION('',(#7491),#7495);
#7491 = LINE('',#7492,#7493);
#7492 = CARTESIAN_POINT('',(0.,0.));
#7493 = VECTOR('',#7494,1.);
#7494 = DIRECTION('',(1.,0.));
#7495 = ( GEOMETRIC_REPRESENTATION_CONTEXT(2) 
PARAMETRIC_REPRESENTATION_CONTEXT() REPRESENTATION_CONTEXT('2D SPACE',''
  ) );
#7496 = ORIENTED_EDGE('',*,*,#7497,.T.);
#7497 = EDGE_CURVE('',#7470,#1780,#7498,.T.);
#7498 = SURFACE_CURVE('',#7499,(#7503,#7510),.PCURVE_S1.);
#7499 = LINE('',#7500,#7501);
#7500 = CARTESIAN_POINT('',(-49.20985817722,-29.56602540378,46.5));
#7501 = VECTOR('',#7502,1.);
#7502 = DIRECTION('',(-0.866025403784,-0.5,0.));
#7503 = PCURVE('',#1796,#7504);
#7504 = DEFINITIONAL_REPRESENTATION('',(#7505),#7509);
#7505 = LINE('',#7506,#7507);
#7506 = CARTESIAN_POINT('',(0.,0.));
#7507 = VECTOR('',#7508,1.);
#7508 = DIRECTION('',(0.,-1.));
#7509 = ( GEOMETRIC_REPRESENTATION_CONTEXT(2) 
PARAMETRIC_REPRESENTATION_CONTEXT() REPRESENTATION_CONTEXT('2D SPACE',''
  ) );
#7510 = PCURVE('',#1824,#7511);
#7511 = DEFINITIONAL_REPRESENTATION('',(#7512),#7516);
#7512 = LINE('',#7513,#7514);
#7513 = CARTESIAN_POINT('',(0.,0.));
#7514 = VECTOR('',#7515,1.);
#7515 = DIRECTION('',(0.,1.));
#7516 = ( GEOMETRIC_REPRESENTATION_CONTEXT(2) 
PARAMETRIC_REPRESENTATION_CONTEXT() REPRESENTATION_CONTEXT('2D SPACE',''
  ) );
#7517 = ORIENTED_EDGE('',*,*,#1779,.T.);
#7518 = ADVANCED_FACE('',(#7519),#1824,.T.);
#7519 = FACE_BOUND('',#7520,.T.);
#7520 = EDGE_LOOP('',(#7521,#7522,#7545,#7566));
#7521 = ORIENTED_EDGE('',*,*,#7497,.F.);
#7522 = ORIENTED_EDGE('',*,*,#7523,.T.);
#7523 = EDGE_CURVE('',#7470,#7524,#7526,.T.);
#7524 = VERTEX_POINT('',#7525);
#7525 = CARTESIAN_POINT('',(-50.20985817722,-27.83397459621,46.5));
#7526 = SURFACE_CURVE('',#7527,(#7531,#7538),.PCURVE_S1.);
#7527 = LINE('',#7528,#7529);
#7528 = CARTESIAN_POINT('',(-49.20985817722,-29.56602540378,46.5));
#7529 = VECTOR('',#7530,1.);
#7530 = DIRECTION('',(-0.5,0.866025403784,0.));
#7531 = PCURVE('',#1824,#7532);
#7532 = DEFINITIONAL_REPRESENTATION('',(#7533),#7537);
#7533 = LINE('',#7534,#7535);
#7534 = CARTESIAN_POINT('',(0.,0.));
#7535 = VECTOR('',#7536,1.);
#7536 = DIRECTION('',(1.,0.));
#7537 = ( GEOMETRIC_REPRESENTATION_CONTEXT(2) 
PARAMETRIC_REPRESENTATION_CONTEXT() REPRESENTATION_CONTEXT('2D SPACE',''
  ) );
#7538 = PCURVE('',#7485,#7539);
#7539 = DEFINITIONAL_REPRESENTATION('',(#7540),#7544);
#7540 = LINE('',#7541,#7542);
#7541 = CARTESIAN_POINT('',(0.,0.));
#7542 = VECTOR('',#7543,1.);
#7543 = DIRECTION('',(0.,1.));
#7544 = ( GEOMETRIC_REPRESENTATION_CONTEXT(2) 
PARAMETRIC_REPRESENTATION_CONTEXT() REPRESENTATION_CONTEXT('2D SPACE',''
  ) );
#7545 = ORIENTED_EDGE('',*,*,#7546,.T.);
#7546 = EDGE_CURVE('',#7524,#1808,#7547,.T.);
#7547 = SURFACE_CURVE('',#7548,(#7552,#7559),.PCURVE_S1.);
#7548 = LINE('',#7549,#7550);
#7549 = CARTESIAN_POINT('',(-50.20985817722,-27.83397459621,46.5));
#7550 = VECTOR('',#7551,1.);
#7551 = DIRECTION('',(-0.866025403784,-0.5,0.));
#7552 = PCURVE('',#1824,#7553);
#7553 = DEFINITIONAL_REPRESENTATION('',(#7554),#7558);
#7554 = LINE('',#7555,#7556);
#7555 = CARTESIAN_POINT('',(2.,0.));
#7556 = VECTOR('',#7557,1.);
#7557 = DIRECTION('',(0.,1.));
#7558 = ( GEOMETRIC_REPRESENTATION_CONTEXT(2) 
PARAMETRIC_REPRESENTATION_CONTEXT() REPRESENTATION_CONTEXT('2D SPACE',''
  ) );
#7559 = PCURVE('',#1851,#7560);
#7560 = DEFINITIONAL_REPRESENTATION('',(#7561),#7565);
#7561 = LINE('',#7562,#7563);
#7562 = CARTESIAN_POINT('',(0.,0.));
#7563 = VECTOR('',#7564,1.);
#7564 = DIRECTION('',(0.,-1.));
#7565 = ( GEOMETRIC_REPRESENTATION_CONTEXT(2) 
PARAMETRIC_REPRESENTATION_CONTEXT() REPRESENTATION_CONTEXT('2D SPACE',''
  ) );
#7566 = ORIENTED_EDGE('',*,*,#1807,.T.);
#7567 = ADVANCED_FACE('',(#7568),#1851,.F.);
#7568 = FACE_BOUND('',#7569,.F.);
#7569 = EDGE_LOOP('',(#7570,#7593,#7614,#7615));
#7570 = ORIENTED_EDGE('',*,*,#7571,.F.);
#7571 = EDGE_CURVE('',#7572,#1837,#7574,.T.);
#7572 = VERTEX_POINT('',#7573);
#7573 = CARTESIAN_POINT('',(-50.20985817722,-27.83397459621,53.5));
#7574 = SURFACE_CURVE('',#7575,(#7579,#7586),.PCURVE_S1.);
#7575 = LINE('',#7576,#7577);
#7576 = CARTESIAN_POINT('',(-50.20985817722,-27.83397459621,53.5));
#7577 = VECTOR('',#7578,1.);
#7578 = DIRECTION('',(-0.866025403784,-0.5,0.));
#7579 = PCURVE('',#1851,#7580);
#7580 = DEFINITIONAL_REPRESENTATION('',(#7581),#7585);
#7581 = LINE('',#7582,#7583);
#7582 = CARTESIAN_POINT('',(7.,0.));
#7583 = VECTOR('',#7584,1.);
#7584 = DIRECTION('',(0.,-1.));
#7585 = ( GEOMETRIC_REPRESENTATION_CONTEXT(2) 
PARAMETRIC_REPRESENTATION_CONTEXT() REPRESENTATION_CONTEXT('2D SPACE',''
  ) );
#7586 = PCURVE('',#1877,#7587);
#7587 = DEFINITIONAL_REPRESENTATION('',(#7588),#7592);
#7588 = LINE('',#7589,#7590);
#7589 = CARTESIAN_POINT('',(2.,0.));
#7590 = VECTOR('',#7591,1.);
#7591 = DIRECTION('',(0.,1.));
#7592 = ( GEOMETRIC_REPRESENTATION_CONTEXT(2) 
PARAMETRIC_REPRESENTATION_CONTEXT() REPRESENTATION_CONTEXT('2D SPACE',''
  ) );
#7593 = ORIENTED_EDGE('',*,*,#7594,.F.);
#7594 = EDGE_CURVE('',#7524,#7572,#7595,.T.);
#7595 = SURFACE_CURVE('',#7596,(#7600,#7607),.PCURVE_S1.);
#7596 = LINE('',#7597,#7598);
#7597 = CARTESIAN_POINT('',(-50.20985817722,-27.83397459621,46.5));
#7598 = VECTOR('',#7599,1.);
#7599 = DIRECTION('',(0.,0.,1.));
#7600 = PCURVE('',#1851,#7601);
#7601 = DEFINITIONAL_REPRESENTATION('',(#7602),#7606);
#7602 = LINE('',#7603,#7604);
#7603 = CARTESIAN_POINT('',(0.,0.));
#7604 = VECTOR('',#7605,1.);
#7605 = DIRECTION('',(1.,0.));
#7606 = ( GEOMETRIC_REPRESENTATION_CONTEXT(2) 
PARAMETRIC_REPRESENTATION_CONTEXT() REPRESENTATION_CONTEXT('2D SPACE',''
  ) );
#7607 = PCURVE('',#7485,#7608);
#7608 = DEFINITIONAL_REPRESENTATION('',(#7609),#7613);
#7609 = LINE('',#7610,#7611);
#7610 = CARTESIAN_POINT('',(0.,2.));
#7611 = VECTOR('',#7612,1.);
#7612 = DIRECTION('',(1.,0.));
#7613 = ( GEOMETRIC_REPRESENTATION_CONTEXT(2) 
PARAMETRIC_REPRESENTATION_CONTEXT() REPRESENTATION_CONTEXT('2D SPACE',''
  ) );
#7614 = ORIENTED_EDGE('',*,*,#7546,.T.);
#7615 = ORIENTED_EDGE('',*,*,#1836,.T.);
#7616 = ADVANCED_FACE('',(#7617),#1877,.F.);
#7617 = FACE_BOUND('',#7618,.F.);
#7618 = EDGE_LOOP('',(#7619,#7620,#7641,#7642));
#7619 = ORIENTED_EDGE('',*,*,#7446,.F.);
#7620 = ORIENTED_EDGE('',*,*,#7621,.T.);
#7621 = EDGE_CURVE('',#7447,#7572,#7622,.T.);
#7622 = SURFACE_CURVE('',#7623,(#7627,#7634),.PCURVE_S1.);
#7623 = LINE('',#7624,#7625);
#7624 = CARTESIAN_POINT('',(-49.20985817722,-29.56602540378,53.5));
#7625 = VECTOR('',#7626,1.);
#7626 = DIRECTION('',(-0.5,0.866025403784,0.));
#7627 = PCURVE('',#1877,#7628);
#7628 = DEFINITIONAL_REPRESENTATION('',(#7629),#7633);
#7629 = LINE('',#7630,#7631);
#7630 = CARTESIAN_POINT('',(0.,0.));
#7631 = VECTOR('',#7632,1.);
#7632 = DIRECTION('',(1.,0.));
#7633 = ( GEOMETRIC_REPRESENTATION_CONTEXT(2) 
PARAMETRIC_REPRESENTATION_CONTEXT() REPRESENTATION_CONTEXT('2D SPACE',''
  ) );
#7634 = PCURVE('',#7485,#7635);
#7635 = DEFINITIONAL_REPRESENTATION('',(#7636),#7640);
#7636 = LINE('',#7637,#7638);
#7637 = CARTESIAN_POINT('',(7.,0.));
#7638 = VECTOR('',#7639,1.);
#7639 = DIRECTION('',(0.,1.));
#7640 = ( GEOMETRIC_REPRESENTATION_CONTEXT(2) 
PARAMETRIC_REPRESENTATION_CONTEXT() REPRESENTATION_CONTEXT('2D SPACE',''
  ) );
#7641 = ORIENTED_EDGE('',*,*,#7571,.T.);
#7642 = ORIENTED_EDGE('',*,*,#1862,.T.);
#7643 = ADVANCED_FACE('',(#7644),#1908,.T.);
#7644 = FACE_BOUND('',#7645,.T.);
#7645 = EDGE_LOOP('',(#7646,#7669,#7697,#7718));
#7646 = ORIENTED_EDGE('',*,*,#7647,.F.);
#7647 = EDGE_CURVE('',#7648,#1894,#7650,.T.);
#7648 = VERTEX_POINT('',#7649);
#7649 = CARTESIAN_POINT('',(-43.32816342534,-37.66205323912,53.5));
#7650 = SURFACE_CURVE('',#7651,(#7655,#7662),.PCURVE_S1.);
#7651 = LINE('',#7652,#7653);
#7652 = CARTESIAN_POINT('',(-43.32816342534,-37.66205323912,53.5));
#7653 = VECTOR('',#7654,1.);
#7654 = DIRECTION('',(-0.766044443119,-0.642787609687,0.));
#7655 = PCURVE('',#1908,#7656);
#7656 = DEFINITIONAL_REPRESENTATION('',(#7657),#7661);
#7657 = LINE('',#7658,#7659);
#7658 = CARTESIAN_POINT('',(7.,0.));
#7659 = VECTOR('',#7660,1.);
#7660 = DIRECTION('',(0.,-1.));
#7661 = ( GEOMETRIC_REPRESENTATION_CONTEXT(2) 
PARAMETRIC_REPRESENTATION_CONTEXT() REPRESENTATION_CONTEXT('2D SPACE',''
  ) );
#7662 = PCURVE('',#1989,#7663);
#7663 = DEFINITIONAL_REPRESENTATION('',(#7664),#7668);
#7664 = LINE('',#7665,#7666);
#7665 = CARTESIAN_POINT('',(0.,0.));
#7666 = VECTOR('',#7667,1.);
#7667 = DIRECTION('',(0.,1.));
#7668 = ( GEOMETRIC_REPRESENTATION_CONTEXT(2) 
PARAMETRIC_REPRESENTATION_CONTEXT() REPRESENTATION_CONTEXT('2D SPACE',''
  ) );
#7669 = ORIENTED_EDGE('',*,*,#7670,.F.);
#7670 = EDGE_CURVE('',#7671,#7648,#7673,.T.);
#7671 = VERTEX_POINT('',#7672);
#7672 = CARTESIAN_POINT('',(-43.32816342534,-37.66205323912,46.5));
#7673 = SURFACE_CURVE('',#7674,(#7678,#7685),.PCURVE_S1.);
#7674 = LINE('',#7675,#7676);
#7675 = CARTESIAN_POINT('',(-43.32816342534,-37.66205323912,46.5));
#7676 = VECTOR('',#7677,1.);
#7677 = DIRECTION('',(0.,0.,1.));
#7678 = PCURVE('',#1908,#7679);
#7679 = DEFINITIONAL_REPRESENTATION('',(#7680),#7684);
#7680 = LINE('',#7681,#7682);
#7681 = CARTESIAN_POINT('',(0.,0.));
#7682 = VECTOR('',#7683,1.);
#7683 = DIRECTION('',(1.,0.));
#7684 = ( GEOMETRIC_REPRESENTATION_CONTEXT(2) 
PARAMETRIC_REPRESENTATION_CONTEXT() REPRESENTATION_CONTEXT('2D SPACE',''
  ) );
#7685 = PCURVE('',#7686,#7691);
#7686 = PLANE('',#7687);
#7687 = AXIS2_PLACEMENT_3D('',#7688,#7689,#7690);
#7688 = CARTESIAN_POINT('',(-43.32816342534,-37.66205323912,46.5));
#7689 = DIRECTION('',(-0.766044443119,-0.642787609687,0.));
#7690 = DIRECTION('',(0.,0.,1.));
#7691 = DEFINITIONAL_REPRESENTATION('',(#7692),#7696);
#7692 = LINE('',#7693,#7694);
#7693 = CARTESIAN_POINT('',(0.,0.));
#7694 = VECTOR('',#7695,1.);
#7695 = DIRECTION('',(1.,0.));
#7696 = ( GEOMETRIC_REPRESENTATION_CONTEXT(2) 
PARAMETRIC_REPRESENTATION_CONTEXT() REPRESENTATION_CONTEXT('2D SPACE',''
  ) );
#7697 = ORIENTED_EDGE('',*,*,#7698,.T.);
#7698 = EDGE_CURVE('',#7671,#1892,#7699,.T.);
#7699 = SURFACE_CURVE('',#7700,(#7704,#7711),.PCURVE_S1.);
#7700 = LINE('',#7701,#7702);
#7701 = CARTESIAN_POINT('',(-43.32816342534,-37.66205323912,46.5));
#7702 = VECTOR('',#7703,1.);
#7703 = DIRECTION('',(-0.766044443119,-0.642787609687,0.));
#7704 = PCURVE('',#1908,#7705);
#7705 = DEFINITIONAL_REPRESENTATION('',(#7706),#7710);
#7706 = LINE('',#7707,#7708);
#7707 = CARTESIAN_POINT('',(0.,0.));
#7708 = VECTOR('',#7709,1.);
#7709 = DIRECTION('',(0.,-1.));
#7710 = ( GEOMETRIC_REPRESENTATION_CONTEXT(2) 
PARAMETRIC_REPRESENTATION_CONTEXT() REPRESENTATION_CONTEXT('2D SPACE',''
  ) );
#7711 = PCURVE('',#1936,#7712);
#7712 = DEFINITIONAL_REPRESENTATION('',(#7713),#7717);
#7713 = LINE('',#7714,#7715);
#7714 = CARTESIAN_POINT('',(0.,0.));
#7715 = VECTOR('',#7716,1.);
#7716 = DIRECTION('',(0.,1.));
#7717 = ( GEOMETRIC_REPRESENTATION_CONTEXT(2) 
PARAMETRIC_REPRESENTATION_CONTEXT() REPRESENTATION_CONTEXT('2D SPACE',''
  ) );
#7718 = ORIENTED_EDGE('',*,*,#1891,.T.);
#7719 = ADVANCED_FACE('',(#7720),#1936,.T.);
#7720 = FACE_BOUND('',#7721,.T.);
#7721 = EDGE_LOOP('',(#7722,#7723,#7746,#7767));
#7722 = ORIENTED_EDGE('',*,*,#7698,.F.);
#7723 = ORIENTED_EDGE('',*,*,#7724,.T.);
#7724 = EDGE_CURVE('',#7671,#7725,#7727,.T.);
#7725 = VERTEX_POINT('',#7726);
#7726 = CARTESIAN_POINT('',(-44.61373864471,-36.12996435288,46.5));
#7727 = SURFACE_CURVE('',#7728,(#7732,#7739),.PCURVE_S1.);
#7728 = LINE('',#7729,#7730);
#7729 = CARTESIAN_POINT('',(-43.32816342534,-37.66205323912,46.5));
#7730 = VECTOR('',#7731,1.);
#7731 = DIRECTION('',(-0.642787609687,0.766044443119,0.));
#7732 = PCURVE('',#1936,#7733);
#7733 = DEFINITIONAL_REPRESENTATION('',(#7734),#7738);
#7734 = LINE('',#7735,#7736);
#7735 = CARTESIAN_POINT('',(0.,0.));
#7736 = VECTOR('',#7737,1.);
#7737 = DIRECTION('',(1.,0.));
#7738 = ( GEOMETRIC_REPRESENTATION_CONTEXT(2) 
PARAMETRIC_REPRESENTATION_CONTEXT() REPRESENTATION_CONTEXT('2D SPACE',''
  ) );
#7739 = PCURVE('',#7686,#7740);
#7740 = DEFINITIONAL_REPRESENTATION('',(#7741),#7745);
#7741 = LINE('',#7742,#7743);
#7742 = CARTESIAN_POINT('',(0.,0.));
#7743 = VECTOR('',#7744,1.);
#7744 = DIRECTION('',(0.,1.));
#7745 = ( GEOMETRIC_REPRESENTATION_CONTEXT(2) 
PARAMETRIC_REPRESENTATION_CONTEXT() REPRESENTATION_CONTEXT('2D SPACE',''
  ) );
#7746 = ORIENTED_EDGE('',*,*,#7747,.T.);
#7747 = EDGE_CURVE('',#7725,#1920,#7748,.T.);
#7748 = SURFACE_CURVE('',#7749,(#7753,#7760),.PCURVE_S1.);
#7749 = LINE('',#7750,#7751);
#7750 = CARTESIAN_POINT('',(-44.61373864471,-36.12996435288,46.5));
#7751 = VECTOR('',#7752,1.);
#7752 = DIRECTION('',(-0.766044443119,-0.642787609687,0.));
#7753 = PCURVE('',#1936,#7754);
#7754 = DEFINITIONAL_REPRESENTATION('',(#7755),#7759);
#7755 = LINE('',#7756,#7757);
#7756 = CARTESIAN_POINT('',(2.,0.));
#7757 = VECTOR('',#7758,1.);
#7758 = DIRECTION('',(0.,1.));
#7759 = ( GEOMETRIC_REPRESENTATION_CONTEXT(2) 
PARAMETRIC_REPRESENTATION_CONTEXT() REPRESENTATION_CONTEXT('2D SPACE',''
  ) );
#7760 = PCURVE('',#1963,#7761);
#7761 = DEFINITIONAL_REPRESENTATION('',(#7762),#7766);
#7762 = LINE('',#7763,#7764);
#7763 = CARTESIAN_POINT('',(0.,0.));
#7764 = VECTOR('',#7765,1.);
#7765 = DIRECTION('',(0.,-1.));
#7766 = ( GEOMETRIC_REPRESENTATION_CONTEXT(2) 
PARAMETRIC_REPRESENTATION_CONTEXT() REPRESENTATION_CONTEXT('2D SPACE',''
  ) );
#7767 = ORIENTED_EDGE('',*,*,#1919,.T.);
#7768 = ADVANCED_FACE('',(#7769),#1963,.F.);
#7769 = FACE_BOUND('',#7770,.F.);
#7770 = EDGE_LOOP('',(#7771,#7794,#7815,#7816));
#7771 = ORIENTED_EDGE('',*,*,#7772,.F.);
#7772 = EDGE_CURVE('',#7773,#1949,#7775,.T.);
#7773 = VERTEX_POINT('',#7774);
#7774 = CARTESIAN_POINT('',(-44.61373864471,-36.12996435288,53.5));
#7775 = SURFACE_CURVE('',#7776,(#7780,#7787),.PCURVE_S1.);
#7776 = LINE('',#7777,#7778);
#7777 = CARTESIAN_POINT('',(-44.61373864471,-36.12996435288,53.5));
#7778 = VECTOR('',#7779,1.);
#7779 = DIRECTION('',(-0.766044443119,-0.642787609687,0.));
#7780 = PCURVE('',#1963,#7781);
#7781 = DEFINITIONAL_REPRESENTATION('',(#7782),#7786);
#7782 = LINE('',#7783,#7784);
#7783 = CARTESIAN_POINT('',(7.,0.));
#7784 = VECTOR('',#7785,1.);
#7785 = DIRECTION('',(0.,-1.));
#7786 = ( GEOMETRIC_REPRESENTATION_CONTEXT(2) 
PARAMETRIC_REPRESENTATION_CONTEXT() REPRESENTATION_CONTEXT('2D SPACE',''
  ) );
#7787 = PCURVE('',#1989,#7788);
#7788 = DEFINITIONAL_REPRESENTATION('',(#7789),#7793);
#7789 = LINE('',#7790,#7791);
#7790 = CARTESIAN_POINT('',(2.,0.));
#7791 = VECTOR('',#7792,1.);
#7792 = DIRECTION('',(0.,1.));
#7793 = ( GEOMETRIC_REPRESENTATION_CONTEXT(2) 
PARAMETRIC_REPRESENTATION_CONTEXT() REPRESENTATION_CONTEXT('2D SPACE',''
  ) );
#7794 = ORIENTED_EDGE('',*,*,#7795,.F.);
#7795 = EDGE_CURVE('',#7725,#7773,#7796,.T.);
#7796 = SURFACE_CURVE('',#7797,(#7801,#7808),.PCURVE_S1.);
#7797 = LINE('',#7798,#7799);
#7798 = CARTESIAN_POINT('',(-44.61373864471,-36.12996435288,46.5));
#7799 = VECTOR('',#7800,1.);
#7800 = DIRECTION('',(0.,0.,1.));
#7801 = PCURVE('',#1963,#7802);
#7802 = DEFINITIONAL_REPRESENTATION('',(#7803),#7807);
#7803 = LINE('',#7804,#7805);
#7804 = CARTESIAN_POINT('',(0.,0.));
#7805 = VECTOR('',#7806,1.);
#7806 = DIRECTION('',(1.,0.));
#7807 = ( GEOMETRIC_REPRESENTATION_CONTEXT(2) 
PARAMETRIC_REPRESENTATION_CONTEXT() REPRESENTATION_CONTEXT('2D SPACE',''
  ) );
#7808 = PCURVE('',#7686,#7809);
#7809 = DEFINITIONAL_REPRESENTATION('',(#7810),#7814);
#7810 = LINE('',#7811,#7812);
#7811 = CARTESIAN_POINT('',(0.,2.));
#7812 = VECTOR('',#7813,1.);
#7813 = DIRECTION('',(1.,0.));
#7814 = ( GEOMETRIC_REPRESENTATION_CONTEXT(2) 
PARAMETRIC_REPRESENTATION_CONTEXT() REPRESENTATION_CONTEXT('2D SPACE',''
  ) );
#7815 = ORIENTED_EDGE('',*,*,#7747,.T.);
#7816 = ORIENTED_EDGE('',*,*,#1948,.T.);
#7817 = ADVANCED_FACE('',(#7818),#1989,.F.);
#7818 = FACE_BOUND('',#7819,.F.);
#7819 = EDGE_LOOP('',(#7820,#7821,#7842,#7843));
#7820 = ORIENTED_EDGE('',*,*,#7647,.F.);
#7821 = ORIENTED_EDGE('',*,*,#7822,.T.);
#7822 = EDGE_CURVE('',#7648,#7773,#7823,.T.);
#7823 = SURFACE_CURVE('',#7824,(#7828,#7835),.PCURVE_S1.);
#7824 = LINE('',#7825,#7826);
#7825 = CARTESIAN_POINT('',(-43.32816342534,-37.66205323912,53.5));
#7826 = VECTOR('',#7827,1.);
#7827 = DIRECTION('',(-0.642787609687,0.766044443119,0.));
#7828 = PCURVE('',#1989,#7829);
#7829 = DEFINITIONAL_REPRESENTATION('',(#7830),#7834);
#7830 = LINE('',#7831,#7832);
#7831 = CARTESIAN_POINT('',(0.,0.));
#7832 = VECTOR('',#7833,1.);
#7833 = DIRECTION('',(1.,0.));
#7834 = ( GEOMETRIC_REPRESENTATION_CONTEXT(2) 
PARAMETRIC_REPRESENTATION_CONTEXT() REPRESENTATION_CONTEXT('2D SPACE',''
  ) );
#7835 = PCURVE('',#7686,#7836);
#7836 = DEFINITIONAL_REPRESENTATION('',(#7837),#7841);
#7837 = LINE('',#7838,#7839);
#7838 = CARTESIAN_POINT('',(7.,0.));
#7839 = VECTOR('',#7840,1.);
#7840 = DIRECTION('',(0.,1.));
#7841 = ( GEOMETRIC_REPRESENTATION_CONTEXT(2) 
PARAMETRIC_REPRESENTATION_CONTEXT() REPRESENTATION_CONTEXT('2D SPACE',''
  ) );
#7842 = ORIENTED_EDGE('',*,*,#7772,.T.);
#7843 = ORIENTED_EDGE('',*,*,#1974,.T.);
#7844 = ADVANCED_FACE('',(#7845),#2101,.F.);
#7845 = FACE_BOUND('',#7846,.F.);
#7846 = EDGE_LOOP('',(#7847,#7993,#8014,#8015));
#7847 = ORIENTED_EDGE('',*,*,#7848,.F.);
#7848 = EDGE_CURVE('',#7849,#7849,#7851,.T.);
#7849 = VERTEX_POINT('',#7850);
#7850 = CARTESIAN_POINT('',(-28.58837318483,-26.82060623186,50.));
#7851 = SURFACE_CURVE('',#7852,(#7897,#7945),.PCURVE_S1.);
#7852 = B_SPLINE_CURVE_WITH_KNOTS('',7,(#7853,#7854,#7855,#7856,#7857,
    #7858,#7859,#7860,#7861,#7862,#7863,#7864,#7865,#7866,#7867,#7868,
    #7869,#7870,#7871,#7872,#7873,#7874,#7875,#7876,#7877,#7878,#7879,
    #7880,#7881,#7882,#7883,#7884,#7885,#7886,#7887,#7888,#7889,#7890,
    #7891,#7892,#7893,#7894,#7895,#7896),.UNSPECIFIED.,.T.,.F.,(8,6,6,6,
    6,6,6,8),(0.,0.151258404455,0.287065483816,0.424369527345,
    0.58731695704,0.713811660686,0.839616777151,1.),.UNSPECIFIED.);
#7853 = CARTESIAN_POINT('',(-28.58837318483,-26.82060623186,50.));
#7854 = CARTESIAN_POINT('',(-28.58837318483,-26.82060623186,
    50.150177399482));
#7855 = CARTESIAN_POINT('',(-28.57396398312,-26.83596511366,
    50.300434954017));
#7856 = CARTESIAN_POINT('',(-28.54511565536,-26.86671507223,
    50.448633600642));
#7857 = CARTESIAN_POINT('',(-28.50146057223,-26.91314276015,
    50.592409048429));
#7858 = CARTESIAN_POINT('',(-28.44245868826,-26.97561658313,
    50.728848777469));
#7859 = CARTESIAN_POINT('',(-28.36750110274,-27.05443093955,
    50.854189152062));
#7860 = CARTESIAN_POINT('',(-28.19435421665,-27.23476415392,
    51.060964266051));
#7861 = CARTESIAN_POINT('',(-28.09721368459,-27.33533505204,
    51.148092569904));
#7862 = CARTESIAN_POINT('',(-27.98663047392,-27.44891284127,
    51.215599640256));
#7863 = CARTESIAN_POINT('',(-27.86630556165,-27.57122108149,
    51.257335445988));
#7864 = CARTESIAN_POINT('',(-27.7411537976,-27.69694239739,
    51.270047535236));
#7865 = CARTESIAN_POINT('',(-27.61667263397,-27.8206248203,
    51.253516470684));
#7866 = CARTESIAN_POINT('',(-27.3778208845,-28.05571799148,
    51.167469797054));
#7867 = CARTESIAN_POINT('',(-27.26698880682,-28.1636204982,
    51.098601183047));
#7868 = CARTESIAN_POINT('',(-27.16776585025,-28.25926095007,
    51.009138161938));
#7869 = CARTESIAN_POINT('',(-27.08163156119,-28.34161869197,
    50.903613275064));
#7870 = CARTESIAN_POINT('',(-27.00944186451,-28.41023065586,
    50.786296705437));
#7871 = CARTESIAN_POINT('',(-26.95144946447,-28.46512006268,
    50.661233207422));
#7872 = CARTESIAN_POINT('',(-26.85487007349,-28.55628036235,
    50.379120829471));
#7873 = CARTESIAN_POINT('',(-26.82037960616,-28.58862296746,
    50.215931497274));
#7874 = CARTESIAN_POINT('',(-26.80478738042,-28.60317833688,
    50.047012034202));
#7875 = CARTESIAN_POINT('',(-26.80850086691,-28.59971005475,
    49.876630225755));
#7876 = CARTESIAN_POINT('',(-26.8314543507,-28.57825606765,
    49.708913962541));
#7877 = CARTESIAN_POINT('',(-26.87323645264,-28.53902547995,
    49.547888251139));
#7878 = CARTESIAN_POINT('',(-26.97976495069,-28.43829089069,
    49.281301813086));
#7879 = CARTESIAN_POINT('',(-27.03822948442,-28.38283796867,
    49.169023503783));
#7880 = CARTESIAN_POINT('',(-27.1087928551,-28.31562018361,
    49.064232901887));
#7881 = CARTESIAN_POINT('',(-27.19112195194,-28.23673028077,
    48.970311266358));
#7882 = CARTESIAN_POINT('',(-27.28439424682,-28.14666874009,
    48.890739731348));
#7883 = CARTESIAN_POINT('',(-27.38729999207,-28.04638804743,
    48.829115341311));
#7884 = CARTESIAN_POINT('',(-27.60789976521,-27.82925963893,
    48.74964396744));
#7885 = CARTESIAN_POINT('',(-27.72313305706,-27.71484467147,
    48.732416314419));
#7886 = CARTESIAN_POINT('',(-27.83945322772,-27.59817988183,
    48.740280990006));
#7887 = CARTESIAN_POINT('',(-27.95230619514,-27.48376048388,
    48.773358732746));
#7888 = CARTESIAN_POINT('',(-28.05751674102,-27.37603930279,
    48.829311786738));
#7889 = CARTESIAN_POINT('',(-28.15179327643,-27.27875221721,
    48.903433890552));
#7890 = CARTESIAN_POINT('',(-28.33709596842,-27.08636926187,
    49.097467304102));
#7891 = CARTESIAN_POINT('',(-28.42251055635,-26.99672963625,
    49.226881579719));
#7892 = CARTESIAN_POINT('',(-28.48967438021,-26.92567566207,
    49.370113262105));
#7893 = CARTESIAN_POINT('',(-28.53929445192,-26.87292010953,
    49.522374853728));
#7894 = CARTESIAN_POINT('',(-28.57203330745,-26.83802300481,
    49.680002647129));
#7895 = CARTESIAN_POINT('',(-28.58837318483,-26.82060623186,
    49.840077150786));
#7896 = CARTESIAN_POINT('',(-28.58837318483,-26.82060623186,50.));
#7897 = PCURVE('',#2101,#7898);
#7898 = DEFINITIONAL_REPRESENTATION('',(#7899),#7944);
#7899 = B_SPLINE_CURVE_WITH_KNOTS('',7,(#7900,#7901,#7902,#7903,#7904,
    #7905,#7906,#7907,#7908,#7909,#7910,#7911,#7912,#7913,#7914,#7915,
    #7916,#7917,#7918,#7919,#7920,#7921,#7922,#7923,#7924,#7925,#7926,
    #7927,#7928,#7929,#7930,#7931,#7932,#7933,#7934,#7935,#7936,#7937,
    #7938,#7939,#7940,#7941,#7942,#7943),.UNSPECIFIED.,.F.,.F.,(8,6,6,6,
    6,6,6,8),(0.,0.151258404455,0.287065483816,0.424369527345,
    0.58731695704,0.713811660686,0.839616777151,1.),.UNSPECIFIED.);
#7900 = CARTESIAN_POINT('',(0.,38.319934915827));
#7901 = CARTESIAN_POINT('',(0.120141919585,38.319934915827));
#7902 = CARTESIAN_POINT('',(0.240347476717,38.319263390594));
#7903 = CARTESIAN_POINT('',(0.36174105029,38.317918734547));
#7904 = CARTESIAN_POINT('',(0.485267985815,38.315958206905));
#7905 = CARTESIAN_POINT('',(0.611964328756,38.313503175289));
#7906 = CARTESIAN_POINT('',(0.742905056989,38.310776026428));
#7907 = CARTESIAN_POINT('',(1.002418495221,38.30569452497));
#7908 = CARTESIAN_POINT('',(1.133025429371,38.303268889864));
#7909 = CARTESIAN_POINT('',(1.26817275799,38.30115140306));
#7910 = CARTESIAN_POINT('',(1.406031777814,38.299748978421));
#7911 = CARTESIAN_POINT('',(1.545222071927,38.299346244441));
#7912 = CARTESIAN_POINT('',(1.684482374534,38.299911039425));
#7913 = CARTESIAN_POINT('',(1.961282286619,38.30256875562));
#7914 = CARTESIAN_POINT('',(2.094831975652,38.304640275108));
#7915 = CARTESIAN_POINT('',(2.223797368446,38.307173488478));
#7916 = CARTESIAN_POINT('',(2.348729797123,38.309843910584));
#7917 = CARTESIAN_POINT('',(2.469990119032,38.312373749703));
#7918 = CARTESIAN_POINT('',(2.587706697242,38.314567897252));
#7919 = CARTESIAN_POINT('',(2.837135471223,38.318399773464));
#7920 = CARTESIAN_POINT('',(2.971358910438,38.319918541409));
#7921 = CARTESIAN_POINT('',(3.104947242984,38.320651709536));
#7922 = CARTESIAN_POINT('',(3.238393557155,38.320478323876));
#7923 = CARTESIAN_POINT('',(3.372271509608,38.319418019594));
#7924 = CARTESIAN_POINT('',(3.507235770109,38.317613826573));
#7925 = CARTESIAN_POINT('',(3.75060850171,38.313516914379));
#7926 = CARTESIAN_POINT('',(3.860365338916,38.311387383313));
#7927 = CARTESIAN_POINT('',(3.973343099133,38.309021697044));
#7928 = CARTESIAN_POINT('',(4.089579417013,38.306589819639));
#7929 = CARTESIAN_POINT('',(4.209299007406,38.304319473575));
#7930 = CARTESIAN_POINT('',(4.332888144799,38.302463281083));
#7931 = CARTESIAN_POINT('',(4.588536252657,38.300008655605));
#7932 = CARTESIAN_POINT('',(4.71779065162,38.299430012884));
#7933 = CARTESIAN_POINT('',(4.847266919648,38.299673695303));
#7934 = CARTESIAN_POINT('',(4.975782501634,38.300781328951));
#7935 = CARTESIAN_POINT('',(5.102094048379,38.302556616133));
#7936 = CARTESIAN_POINT('',(5.224617675712,38.304685396572));
#7937 = CARTESIAN_POINT('',(5.488705163846,38.309691898793));
#7938 = CARTESIAN_POINT('',(5.629673662911,38.312679451594));
#7939 = CARTESIAN_POINT('',(5.765569591506,38.31543020327));
#7940 = CARTESIAN_POINT('',(5.897661772632,38.317647323032));
#7941 = CARTESIAN_POINT('',(6.027188269379,38.319173435669));
#7942 = CARTESIAN_POINT('',(6.155247027808,38.319934915827));
#7943 = CARTESIAN_POINT('',(6.28318530718,38.319934915827));
#7944 = ( GEOMETRIC_REPRESENTATION_CONTEXT(2) 
PARAMETRIC_REPRESENTATION_CONTEXT() REPRESENTATION_CONTEXT('2D SPACE',''
  ) );
#7945 = PCURVE('',#3302,#7946);
#7946 = DEFINITIONAL_REPRESENTATION('',(#7947),#7992);
#7947 = B_SPLINE_CURVE_WITH_KNOTS('',7,(#7948,#7949,#7950,#7951,#7952,
    #7953,#7954,#7955,#7956,#7957,#7958,#7959,#7960,#7961,#7962,#7963,
    #7964,#7965,#7966,#7967,#7968,#7969,#7970,#7971,#7972,#7973,#7974,
    #7975,#7976,#7977,#7978,#7979,#7980,#7981,#7982,#7983,#7984,#7985,
    #7986,#7987,#7988,#7989,#7990,#7991),.UNSPECIFIED.,.T.,.F.,(8,6,6,6,
    6,6,6,8),(0.,0.151258404455,0.287065483816,0.424369527345,
    0.58731695704,0.713811660686,0.839616777151,1.),.UNSPECIFIED.);
#7948 = CARTESIAN_POINT('',(3.895097655346,6.));
#7949 = CARTESIAN_POINT('',(3.895097655346,6.150177399482));
#7950 = CARTESIAN_POINT('',(3.8956348983,6.300434954017));
#7951 = CARTESIAN_POINT('',(3.89671050529,6.448633600642));
#7952 = CARTESIAN_POINT('',(3.898336226535,6.592409048429));
#7953 = CARTESIAN_POINT('',(3.900528341084,6.728848777469));
#7954 = CARTESIAN_POINT('',(3.903302987761,6.854189152062));
#7955 = CARTESIAN_POINT('',(3.90968053431,7.060964266051));
#7956 = CARTESIAN_POINT('',(3.913247460148,7.148092569904));
#7957 = CARTESIAN_POINT('',(3.917291284961,7.215599640256));
#7958 = CARTESIAN_POINT('',(3.921668030309,7.257335445988));
#7959 = CARTESIAN_POINT('',(3.926193287761,7.270047535236));
#7960 = CARTESIAN_POINT('',(3.930669745356,7.253516470684));
#7961 = CARTESIAN_POINT('',(3.939219240396,7.167469797054));
#7962 = CARTESIAN_POINT('',(3.943165165626,7.098601183047));
#7963 = CARTESIAN_POINT('',(3.94668072924,7.009138161938));
#7964 = CARTESIAN_POINT('',(3.949720799275,6.903613275064));
#7965 = CARTESIAN_POINT('',(3.952261451602,6.786296705437));
#7966 = CARTESIAN_POINT('',(3.954298430445,6.661233207422));
#7967 = CARTESIAN_POINT('',(3.957686371778,6.379120829471));
#7968 = CARTESIAN_POINT('',(3.958892551921,6.215931497274));
#7969 = CARTESIAN_POINT('',(3.959436691265,6.047012034202));
#7970 = CARTESIAN_POINT('',(3.959307067454,5.876630225755));
#7971 = CARTESIAN_POINT('',(3.958505567419,5.708913962541));
#7972 = CARTESIAN_POINT('',(3.957043509619,5.547888251139));
#7973 = CARTESIAN_POINT('',(3.953303346695,5.281301813086));
#7974 = CARTESIAN_POINT('',(3.951247738062,5.169023503783));
#7975 = CARTESIAN_POINT('',(3.94876165842,5.064232901887));
#7976 = CARTESIAN_POINT('',(3.945852882954,4.970311266358));
#7977 = CARTESIAN_POINT('',(3.94254537006,4.890739731348));
#7978 = CARTESIAN_POINT('',(3.93887994381,4.829115341311));
#7979 = CARTESIAN_POINT('',(3.930983762725,4.74964396744));
#7980 = CARTESIAN_POINT('',(3.926841279663,4.732416314419));
#7981 = CARTESIAN_POINT('',(3.922638678141,4.740280990006));
#7982 = CARTESIAN_POINT('',(3.918539042907,4.773358732746));
#7983 = CARTESIAN_POINT('',(3.914697867394,4.829311786738));
#7984 = CARTESIAN_POINT('',(3.911241948301,4.903433890552));
#7985 = CARTESIAN_POINT('',(3.904427892043,5.097467304102));
#7986 = CARTESIAN_POINT('',(3.901269313738,5.226881579719));
#7987 = CARTESIAN_POINT('',(3.898775111758,5.370113262105));
#7988 = CARTESIAN_POINT('',(3.896927550189,5.522374853728));
#7989 = CARTESIAN_POINT('',(3.895706882445,5.680002647129));
#7990 = CARTESIAN_POINT('',(3.895097655346,5.840077150786));
#7991 = CARTESIAN_POINT('',(3.895097655346,6.));
#7992 = ( GEOMETRIC_REPRESENTATION_CONTEXT(2) 
PARAMETRIC_REPRESENTATION_CONTEXT() REPRESENTATION_CONTEXT('2D SPACE',''
  ) );
#7993 = ORIENTED_EDGE('',*,*,#7994,.F.);
#7994 = EDGE_CURVE('',#2004,#7849,#7995,.T.);
#7995 = SEAM_CURVE('',#7996,(#8000,#8007),.PCURVE_S1.);
#7996 = LINE('',#7997,#7998);
#7997 = CARTESIAN_POINT('',(-55.68465901844,-53.91689206547,50.));
#7998 = VECTOR('',#7999,1.);
#7999 = DIRECTION('',(0.707106781187,0.707106781187,2.22044604925E-16));
#8000 = PCURVE('',#2101,#8001);
#8001 = DEFINITIONAL_REPRESENTATION('',(#8002),#8006);
#8002 = LINE('',#8003,#8004);
#8003 = CARTESIAN_POINT('',(6.28318530718,-0.));
#8004 = VECTOR('',#8005,1.);
#8005 = DIRECTION('',(0.,1.));
#8006 = ( GEOMETRIC_REPRESENTATION_CONTEXT(2) 
PARAMETRIC_REPRESENTATION_CONTEXT() REPRESENTATION_CONTEXT('2D SPACE',''
  ) );
#8007 = PCURVE('',#2101,#8008);
#8008 = DEFINITIONAL_REPRESENTATION('',(#8009),#8013);
#8009 = LINE('',#8010,#8011);
#8010 = CARTESIAN_POINT('',(0.,-0.));
#8011 = VECTOR('',#8012,1.);
#8012 = DIRECTION('',(0.,1.));
#8013 = ( GEOMETRIC_REPRESENTATION_CONTEXT(2) 
PARAMETRIC_REPRESENTATION_CONTEXT() REPRESENTATION_CONTEXT('2D SPACE',''
  ) );
#8014 = ORIENTED_EDGE('',*,*,#2003,.T.);
#8015 = ORIENTED_EDGE('',*,*,#7994,.T.);
#8016 = ADVANCED_FACE('',(#8017),#2254,.F.);
#8017 = FACE_BOUND('',#8018,.F.);
#8018 = EDGE_LOOP('',(#8019,#8020,#8043,#8070));
#8019 = ORIENTED_EDGE('',*,*,#2156,.F.);
#8020 = ORIENTED_EDGE('',*,*,#8021,.F.);
#8021 = EDGE_CURVE('',#8022,#2157,#8024,.T.);
#8022 = VERTEX_POINT('',#8023);
#8023 = CARTESIAN_POINT('',(54.017117018536,19.445335404815,52.5));
#8024 = SEAM_CURVE('',#8025,(#8029,#8036),.PCURVE_S1.);
#8025 = LINE('',#8026,#8027);
#8026 = CARTESIAN_POINT('',(54.017117018536,19.445335404815,52.5));
#8027 = VECTOR('',#8028,1.);
#8028 = DIRECTION('',(0.934229573667,0.356672263691,2.22044604925E-16));
#8029 = PCURVE('',#2254,#8030);
#8030 = DEFINITIONAL_REPRESENTATION('',(#8031),#8035);
#8031 = LINE('',#8032,#8033);
#8032 = CARTESIAN_POINT('',(6.28318530718,-0.));
#8033 = VECTOR('',#8034,1.);
#8034 = DIRECTION('',(0.,1.));
#8035 = ( GEOMETRIC_REPRESENTATION_CONTEXT(2) 
PARAMETRIC_REPRESENTATION_CONTEXT() REPRESENTATION_CONTEXT('2D SPACE',''
  ) );
#8036 = PCURVE('',#2254,#8037);
#8037 = DEFINITIONAL_REPRESENTATION('',(#8038),#8042);
#8038 = LINE('',#8039,#8040);
#8039 = CARTESIAN_POINT('',(0.,-0.));
#8040 = VECTOR('',#8041,1.);
#8041 = DIRECTION('',(0.,1.));
#8042 = ( GEOMETRIC_REPRESENTATION_CONTEXT(2) 
PARAMETRIC_REPRESENTATION_CONTEXT() REPRESENTATION_CONTEXT('2D SPACE',''
  ) );
#8043 = ORIENTED_EDGE('',*,*,#8044,.T.);
#8044 = EDGE_CURVE('',#8022,#8022,#8045,.T.);
#8045 = SURFACE_CURVE('',#8046,(#8051,#8058),.PCURVE_S1.);
#8046 = CIRCLE('',#8047,1.1);
#8047 = AXIS2_PLACEMENT_3D('',#8048,#8049,#8050);
#8048 = CARTESIAN_POINT('',(53.624777528477,20.472987935848,52.5));
#8049 = DIRECTION('',(0.934229573667,0.356672263691,2.22044604925E-16));
#8050 = DIRECTION('',(0.356672263691,-0.934229573667,0.));
#8051 = PCURVE('',#2254,#8052);
#8052 = DEFINITIONAL_REPRESENTATION('',(#8053),#8057);
#8053 = LINE('',#8054,#8055);
#8054 = CARTESIAN_POINT('',(0.,0.));
#8055 = VECTOR('',#8056,1.);
#8056 = DIRECTION('',(1.,0.));
#8057 = ( GEOMETRIC_REPRESENTATION_CONTEXT(2) 
PARAMETRIC_REPRESENTATION_CONTEXT() REPRESENTATION_CONTEXT('2D SPACE',''
  ) );
#8058 = PCURVE('',#8059,#8064);
#8059 = PLANE('',#8060);
#8060 = AXIS2_PLACEMENT_3D('',#8061,#8062,#8063);
#8061 = CARTESIAN_POINT('',(53.624777528477,20.472987935848,52.5));
#8062 = DIRECTION('',(0.934229573667,0.356672263691,2.22044604925E-16));
#8063 = DIRECTION('',(0.356672263691,-0.934229573667,0.));
#8064 = DEFINITIONAL_REPRESENTATION('',(#8065),#8069);
#8065 = CIRCLE('',#8066,1.1);
#8066 = AXIS2_PLACEMENT_2D('',#8067,#8068);
#8067 = CARTESIAN_POINT('',(0.,0.));
#8068 = DIRECTION('',(1.,0.));
#8069 = ( GEOMETRIC_REPRESENTATION_CONTEXT(2) 
PARAMETRIC_REPRESENTATION_CONTEXT() REPRESENTATION_CONTEXT('2D SPACE',''
  ) );
#8070 = ORIENTED_EDGE('',*,*,#8021,.T.);
#8071 = ADVANCED_FACE('',(#8072),#2407,.F.);
#8072 = FACE_BOUND('',#8073,.F.);
#8073 = EDGE_LOOP('',(#8074,#8075,#8098,#8125));
#8074 = ORIENTED_EDGE('',*,*,#2309,.F.);
#8075 = ORIENTED_EDGE('',*,*,#8076,.F.);
#8076 = EDGE_CURVE('',#8077,#2310,#8079,.T.);
#8077 = VERTEX_POINT('',#8078);
#8078 = CARTESIAN_POINT('',(45.03694270031,35.603985622526,52.5));
#8079 = SEAM_CURVE('',#8080,(#8084,#8091),.PCURVE_S1.);
#8080 = LINE('',#8081,#8082);
#8081 = CARTESIAN_POINT('',(45.03694270031,35.603985622526,52.5));
#8082 = VECTOR('',#8083,1.);
#8083 = DIRECTION('',(0.772445176022,0.635081451501,2.22044604925E-16));
#8084 = PCURVE('',#2407,#8085);
#8085 = DEFINITIONAL_REPRESENTATION('',(#8086),#8090);
#8086 = LINE('',#8087,#8088);
#8087 = CARTESIAN_POINT('',(6.28318530718,-0.));
#8088 = VECTOR('',#8089,1.);
#8089 = DIRECTION('',(0.,1.));
#8090 = ( GEOMETRIC_REPRESENTATION_CONTEXT(2) 
PARAMETRIC_REPRESENTATION_CONTEXT() REPRESENTATION_CONTEXT('2D SPACE',''
  ) );
#8091 = PCURVE('',#2407,#8092);
#8092 = DEFINITIONAL_REPRESENTATION('',(#8093),#8097);
#8093 = LINE('',#8094,#8095);
#8094 = CARTESIAN_POINT('',(0.,-0.));
#8095 = VECTOR('',#8096,1.);
#8096 = DIRECTION('',(0.,1.));
#8097 = ( GEOMETRIC_REPRESENTATION_CONTEXT(2) 
PARAMETRIC_REPRESENTATION_CONTEXT() REPRESENTATION_CONTEXT('2D SPACE',''
  ) );
#8098 = ORIENTED_EDGE('',*,*,#8099,.T.);
#8099 = EDGE_CURVE('',#8077,#8077,#8100,.T.);
#8100 = SURFACE_CURVE('',#8101,(#8106,#8113),.PCURVE_S1.);
#8101 = CIRCLE('',#8102,1.1);
#8102 = AXIS2_PLACEMENT_3D('',#8103,#8104,#8105);
#8103 = CARTESIAN_POINT('',(44.338353103659,36.45367531615,52.5));
#8104 = DIRECTION('',(0.772445176022,0.635081451501,2.22044604925E-16));
#8105 = DIRECTION('',(0.635081451501,-0.772445176022,0.));
#8106 = PCURVE('',#2407,#8107);
#8107 = DEFINITIONAL_REPRESENTATION('',(#8108),#8112);
#8108 = LINE('',#8109,#8110);
#8109 = CARTESIAN_POINT('',(0.,0.));
#8110 = VECTOR('',#8111,1.);
#8111 = DIRECTION('',(1.,0.));
#8112 = ( GEOMETRIC_REPRESENTATION_CONTEXT(2) 
PARAMETRIC_REPRESENTATION_CONTEXT() REPRESENTATION_CONTEXT('2D SPACE',''
  ) );
#8113 = PCURVE('',#8114,#8119);
#8114 = PLANE('',#8115);
#8115 = AXIS2_PLACEMENT_3D('',#8116,#8117,#8118);
#8116 = CARTESIAN_POINT('',(44.338353103659,36.45367531615,52.5));
#8117 = DIRECTION('',(0.772445176022,0.635081451501,2.22044604925E-16));
#8118 = DIRECTION('',(0.635081451501,-0.772445176022,0.));
#8119 = DEFINITIONAL_REPRESENTATION('',(#8120),#8124);
#8120 = CIRCLE('',#8121,1.1);
#8121 = AXIS2_PLACEMENT_2D('',#8122,#8123);
#8122 = CARTESIAN_POINT('',(0.,0.));
#8123 = DIRECTION('',(1.,0.));
#8124 = ( GEOMETRIC_REPRESENTATION_CONTEXT(2) 
PARAMETRIC_REPRESENTATION_CONTEXT() REPRESENTATION_CONTEXT('2D SPACE',''
  ) );
#8125 = ORIENTED_EDGE('',*,*,#8076,.T.);
#8126 = ADVANCED_FACE('',(#8127),#2560,.F.);
#8127 = FACE_BOUND('',#8128,.F.);
#8128 = EDGE_LOOP('',(#8129,#8130,#8153,#8180));
#8129 = ORIENTED_EDGE('',*,*,#2462,.F.);
#8130 = ORIENTED_EDGE('',*,*,#8131,.F.);
#8131 = EDGE_CURVE('',#8132,#2463,#8134,.T.);
#8132 = VERTEX_POINT('',#8133);
#8133 = CARTESIAN_POINT('',(32.126229145452,47.580199672699,52.5));
#8134 = SEAM_CURVE('',#8135,(#8139,#8146),.PCURVE_S1.);
#8135 = LINE('',#8136,#8137);
#8136 = CARTESIAN_POINT('',(32.126229145452,47.580199672699,52.5));
#8137 = VECTOR('',#8138,1.);
#8138 = DIRECTION('',(0.543605473748,0.839340865746,2.22044604925E-16));
#8139 = PCURVE('',#2560,#8140);
#8140 = DEFINITIONAL_REPRESENTATION('',(#8141),#8145);
#8141 = LINE('',#8142,#8143);
#8142 = CARTESIAN_POINT('',(6.28318530718,-0.));
#8143 = VECTOR('',#8144,1.);
#8144 = DIRECTION('',(0.,1.));
#8145 = ( GEOMETRIC_REPRESENTATION_CONTEXT(2) 
PARAMETRIC_REPRESENTATION_CONTEXT() REPRESENTATION_CONTEXT('2D SPACE',''
  ) );
#8146 = PCURVE('',#2560,#8147);
#8147 = DEFINITIONAL_REPRESENTATION('',(#8148),#8152);
#8148 = LINE('',#8149,#8150);
#8149 = CARTESIAN_POINT('',(0.,-0.));
#8150 = VECTOR('',#8151,1.);
#8151 = DIRECTION('',(0.,1.));
#8152 = ( GEOMETRIC_REPRESENTATION_CONTEXT(2) 
PARAMETRIC_REPRESENTATION_CONTEXT() REPRESENTATION_CONTEXT('2D SPACE',''
  ) );
#8153 = ORIENTED_EDGE('',*,*,#8154,.T.);
#8154 = EDGE_CURVE('',#8132,#8132,#8155,.T.);
#8155 = SURFACE_CURVE('',#8156,(#8161,#8168),.PCURVE_S1.);
#8156 = CIRCLE('',#8157,1.1);
#8157 = AXIS2_PLACEMENT_3D('',#8158,#8159,#8160);
#8158 = CARTESIAN_POINT('',(31.202954193131,48.178165693822,52.5));
#8159 = DIRECTION('',(0.543605473748,0.839340865746,2.22044604925E-16));
#8160 = DIRECTION('',(0.839340865746,-0.543605473748,0.));
#8161 = PCURVE('',#2560,#8162);
#8162 = DEFINITIONAL_REPRESENTATION('',(#8163),#8167);
#8163 = LINE('',#8164,#8165);
#8164 = CARTESIAN_POINT('',(0.,0.));
#8165 = VECTOR('',#8166,1.);
#8166 = DIRECTION('',(1.,0.));
#8167 = ( GEOMETRIC_REPRESENTATION_CONTEXT(2) 
PARAMETRIC_REPRESENTATION_CONTEXT() REPRESENTATION_CONTEXT('2D SPACE',''
  ) );
#8168 = PCURVE('',#8169,#8174);
#8169 = PLANE('',#8170);
#8170 = AXIS2_PLACEMENT_3D('',#8171,#8172,#8173);
#8171 = CARTESIAN_POINT('',(31.202954193131,48.178165693822,52.5));
#8172 = DIRECTION('',(0.543605473748,0.839340865746,2.22044604925E-16));
#8173 = DIRECTION('',(0.839340865746,-0.543605473748,0.));
#8174 = DEFINITIONAL_REPRESENTATION('',(#8175),#8179);
#8175 = CIRCLE('',#8176,1.1);
#8176 = AXIS2_PLACEMENT_2D('',#8177,#8178);
#8177 = CARTESIAN_POINT('',(0.,0.));
#8178 = DIRECTION('',(1.,0.));
#8179 = ( GEOMETRIC_REPRESENTATION_CONTEXT(2) 
PARAMETRIC_REPRESENTATION_CONTEXT() REPRESENTATION_CONTEXT('2D SPACE',''
  ) );
#8180 = ORIENTED_EDGE('',*,*,#8131,.T.);
#8181 = ADVANCED_FACE('',(#8182),#2713,.F.);
#8182 = FACE_BOUND('',#8183,.F.);
#8183 = EDGE_LOOP('',(#8184,#8185,#8208,#8235));
#8184 = ORIENTED_EDGE('',*,*,#2615,.F.);
#8185 = ORIENTED_EDGE('',*,*,#8186,.F.);
#8186 = EDGE_CURVE('',#8187,#2616,#8189,.T.);
#8187 = VERTEX_POINT('',#8188);
#8188 = CARTESIAN_POINT('',(20.103162534175,53.775764579637,52.5));
#8189 = SEAM_CURVE('',#8190,(#8194,#8201),.PCURVE_S1.);
#8190 = LINE('',#8191,#8192);
#8191 = CARTESIAN_POINT('',(20.103162534175,53.775764579637,52.5));
#8192 = VECTOR('',#8193,1.);
#8193 = DIRECTION('',(0.332153565847,0.943225322336,2.22044604925E-16));
#8194 = PCURVE('',#2713,#8195);
#8195 = DEFINITIONAL_REPRESENTATION('',(#8196),#8200);
#8196 = LINE('',#8197,#8198);
#8197 = CARTESIAN_POINT('',(6.28318530718,-0.));
#8198 = VECTOR('',#8199,1.);
#8199 = DIRECTION('',(0.,1.));
#8200 = ( GEOMETRIC_REPRESENTATION_CONTEXT(2) 
PARAMETRIC_REPRESENTATION_CONTEXT() REPRESENTATION_CONTEXT('2D SPACE',''
  ) );
#8201 = PCURVE('',#2713,#8202);
#8202 = DEFINITIONAL_REPRESENTATION('',(#8203),#8207);
#8203 = LINE('',#8204,#8205);
#8204 = CARTESIAN_POINT('',(0.,-0.));
#8205 = VECTOR('',#8206,1.);
#8206 = DIRECTION('',(0.,1.));
#8207 = ( GEOMETRIC_REPRESENTATION_CONTEXT(2) 
PARAMETRIC_REPRESENTATION_CONTEXT() REPRESENTATION_CONTEXT('2D SPACE',''
  ) );
#8208 = ORIENTED_EDGE('',*,*,#8209,.T.);
#8209 = EDGE_CURVE('',#8187,#8187,#8210,.T.);
#8210 = SURFACE_CURVE('',#8211,(#8216,#8223),.PCURVE_S1.);
#8211 = CIRCLE('',#8212,1.1);
#8212 = AXIS2_PLACEMENT_3D('',#8213,#8214,#8215);
#8213 = CARTESIAN_POINT('',(19.065614679606,54.141133502069,52.5));
#8214 = DIRECTION('',(0.332153565847,0.943225322336,2.22044604925E-16));
#8215 = DIRECTION('',(0.943225322336,-0.332153565847,0.));
#8216 = PCURVE('',#2713,#8217);
#8217 = DEFINITIONAL_REPRESENTATION('',(#8218),#8222);
#8218 = LINE('',#8219,#8220);
#8219 = CARTESIAN_POINT('',(0.,0.));
#8220 = VECTOR('',#8221,1.);
#8221 = DIRECTION('',(1.,0.));
#8222 = ( GEOMETRIC_REPRESENTATION_CONTEXT(2) 
PARAMETRIC_REPRESENTATION_CONTEXT() REPRESENTATION_CONTEXT('2D SPACE',''
  ) );
#8223 = PCURVE('',#8224,#8229);
#8224 = PLANE('',#8225);
#8225 = AXIS2_PLACEMENT_3D('',#8226,#8227,#8228);
#8226 = CARTESIAN_POINT('',(19.065614679606,54.141133502069,52.5));
#8227 = DIRECTION('',(0.332153565847,0.943225322336,2.22044604925E-16));
#8228 = DIRECTION('',(0.943225322336,-0.332153565847,0.));
#8229 = DEFINITIONAL_REPRESENTATION('',(#8230),#8234);
#8230 = CIRCLE('',#8231,1.1);
#8231 = AXIS2_PLACEMENT_2D('',#8232,#8233);
#8232 = CARTESIAN_POINT('',(0.,0.));
#8233 = DIRECTION('',(1.,0.));
#8234 = ( GEOMETRIC_REPRESENTATION_CONTEXT(2) 
PARAMETRIC_REPRESENTATION_CONTEXT() REPRESENTATION_CONTEXT('2D SPACE',''
  ) );
#8235 = ORIENTED_EDGE('',*,*,#8186,.T.);
#8236 = ADVANCED_FACE('',(#8237),#2866,.F.);
#8237 = FACE_BOUND('',#8238,.F.);
#8238 = EDGE_LOOP('',(#8239,#8240,#8263,#8290));
#8239 = ORIENTED_EDGE('',*,*,#2768,.F.);
#8240 = ORIENTED_EDGE('',*,*,#8241,.F.);
#8241 = EDGE_CURVE('',#8242,#2769,#8244,.T.);
#8242 = VERTEX_POINT('',#8243);
#8243 = CARTESIAN_POINT('',(1.7,57.4,52.5));
#8244 = SEAM_CURVE('',#8245,(#8249,#8256),.PCURVE_S1.);
#8245 = LINE('',#8246,#8247);
#8246 = CARTESIAN_POINT('',(1.7,57.4,52.5));
#8247 = VECTOR('',#8248,1.);
#8248 = DIRECTION('',(0.,1.,2.22044604925E-16));
#8249 = PCURVE('',#2866,#8250);
#8250 = DEFINITIONAL_REPRESENTATION('',(#8251),#8255);
#8251 = LINE('',#8252,#8253);
#8252 = CARTESIAN_POINT('',(6.28318530718,-0.));
#8253 = VECTOR('',#8254,1.);
#8254 = DIRECTION('',(0.,1.));
#8255 = ( GEOMETRIC_REPRESENTATION_CONTEXT(2) 
PARAMETRIC_REPRESENTATION_CONTEXT() REPRESENTATION_CONTEXT('2D SPACE',''
  ) );
#8256 = PCURVE('',#2866,#8257);
#8257 = DEFINITIONAL_REPRESENTATION('',(#8258),#8262);
#8258 = LINE('',#8259,#8260);
#8259 = CARTESIAN_POINT('',(0.,-0.));
#8260 = VECTOR('',#8261,1.);
#8261 = DIRECTION('',(0.,1.));
#8262 = ( GEOMETRIC_REPRESENTATION_CONTEXT(2) 
PARAMETRIC_REPRESENTATION_CONTEXT() REPRESENTATION_CONTEXT('2D SPACE',''
  ) );
#8263 = ORIENTED_EDGE('',*,*,#8264,.T.);
#8264 = EDGE_CURVE('',#8242,#8242,#8265,.T.);
#8265 = SURFACE_CURVE('',#8266,(#8271,#8278),.PCURVE_S1.);
#8266 = CIRCLE('',#8267,1.7);
#8267 = AXIS2_PLACEMENT_3D('',#8268,#8269,#8270);
#8268 = CARTESIAN_POINT('',(0.,57.4,52.5));
#8269 = DIRECTION('',(-0.,1.,2.22044604925E-16));
#8270 = DIRECTION('',(1.,0.,0.));
#8271 = PCURVE('',#2866,#8272);
#8272 = DEFINITIONAL_REPRESENTATION('',(#8273),#8277);
#8273 = LINE('',#8274,#8275);
#8274 = CARTESIAN_POINT('',(0.,0.));
#8275 = VECTOR('',#8276,1.);
#8276 = DIRECTION('',(1.,0.));
#8277 = ( GEOMETRIC_REPRESENTATION_CONTEXT(2) 
PARAMETRIC_REPRESENTATION_CONTEXT() REPRESENTATION_CONTEXT('2D SPACE',''
  ) );
#8278 = PCURVE('',#8279,#8284);
#8279 = PLANE('',#8280);
#8280 = AXIS2_PLACEMENT_3D('',#8281,#8282,#8283);
#8281 = CARTESIAN_POINT('',(0.,57.4,52.5));
#8282 = DIRECTION('',(0.,1.,2.22044604925E-16));
#8283 = DIRECTION('',(1.,0.,0.));
#8284 = DEFINITIONAL_REPRESENTATION('',(#8285),#8289);
#8285 = CIRCLE('',#8286,1.7);
#8286 = AXIS2_PLACEMENT_2D('',#8287,#8288);
#8287 = CARTESIAN_POINT('',(0.,0.));
#8288 = DIRECTION('',(1.,0.));
#8289 = ( GEOMETRIC_REPRESENTATION_CONTEXT(2) 
PARAMETRIC_REPRESENTATION_CONTEXT() REPRESENTATION_CONTEXT('2D SPACE',''
  ) );
#8290 = ORIENTED_EDGE('',*,*,#8241,.T.);
#8291 = ADVANCED_FACE('',(#8292),#2987,.T.);
#8292 = FACE_BOUND('',#8293,.T.);
#8293 = EDGE_LOOP('',(#8294,#8318,#8339,#8340));
#8294 = ORIENTED_EDGE('',*,*,#8295,.T.);
#8295 = EDGE_CURVE('',#4454,#8296,#8298,.T.);
#8296 = VERTEX_POINT('',#8297);
#8297 = CARTESIAN_POINT('',(-41.31138576689,-49.00632006199,43.8));
#8298 = SURFACE_CURVE('',#8299,(#8304,#8311),.PCURVE_S1.);
#8299 = CIRCLE('',#8300,1.5);
#8300 = AXIS2_PLACEMENT_3D('',#8301,#8302,#8303);
#8301 = CARTESIAN_POINT('',(-40.40866323216,-47.80836679692,43.8));
#8302 = DIRECTION('',(0.,-0.,1.));
#8303 = DIRECTION('',(0.601815023152,0.798635510047,0.));
#8304 = PCURVE('',#2987,#8305);
#8305 = DEFINITIONAL_REPRESENTATION('',(#8306),#8310);
#8306 = LINE('',#8307,#8308);
#8307 = CARTESIAN_POINT('',(-1.570796326795,0.));
#8308 = VECTOR('',#8309,1.);
#8309 = DIRECTION('',(1.,0.));
#8310 = ( GEOMETRIC_REPRESENTATION_CONTEXT(2) 
PARAMETRIC_REPRESENTATION_CONTEXT() REPRESENTATION_CONTEXT('2D SPACE',''
  ) );
#8311 = PCURVE('',#4469,#8312);
#8312 = DEFINITIONAL_REPRESENTATION('',(#8313),#8317);
#8313 = CIRCLE('',#8314,1.5);
#8314 = AXIS2_PLACEMENT_2D('',#8315,#8316);
#8315 = CARTESIAN_POINT('',(8.5,6.5));
#8316 = DIRECTION('',(0.,-1.));
#8317 = ( GEOMETRIC_REPRESENTATION_CONTEXT(2) 
PARAMETRIC_REPRESENTATION_CONTEXT() REPRESENTATION_CONTEXT('2D SPACE',''
  ) );
#8318 = ORIENTED_EDGE('',*,*,#8319,.T.);
#8319 = EDGE_CURVE('',#8296,#2971,#8320,.T.);
#8320 = SURFACE_CURVE('',#8321,(#8325,#8332),.PCURVE_S1.);
#8321 = LINE('',#8322,#8323);
#8322 = CARTESIAN_POINT('',(-41.31138576689,-49.00632006199,43.8));
#8323 = VECTOR('',#8324,1.);
#8324 = DIRECTION('',(0.,0.,1.));
#8325 = PCURVE('',#2987,#8326);
#8326 = DEFINITIONAL_REPRESENTATION('',(#8327),#8331);
#8327 = LINE('',#8328,#8329);
#8328 = CARTESIAN_POINT('',(1.570796326795,0.));
#8329 = VECTOR('',#8330,1.);
#8330 = DIRECTION('',(0.,1.));
#8331 = ( GEOMETRIC_REPRESENTATION_CONTEXT(2) 
PARAMETRIC_REPRESENTATION_CONTEXT() REPRESENTATION_CONTEXT('2D SPACE',''
  ) );
#8332 = PCURVE('',#3015,#8333);
#8333 = DEFINITIONAL_REPRESENTATION('',(#8334),#8338);
#8334 = LINE('',#8335,#8336);
#8335 = CARTESIAN_POINT('',(0.,8.5));
#8336 = VECTOR('',#8337,1.);
#8337 = DIRECTION('',(1.,0.));
#8338 = ( GEOMETRIC_REPRESENTATION_CONTEXT(2) 
PARAMETRIC_REPRESENTATION_CONTEXT() REPRESENTATION_CONTEXT('2D SPACE',''
  ) );
#8339 = ORIENTED_EDGE('',*,*,#2970,.F.);
#8340 = ORIENTED_EDGE('',*,*,#4481,.F.);
#8341 = ADVANCED_FACE('',(#8342),#3015,.T.);
#8342 = FACE_BOUND('',#8343,.T.);
#8343 = EDGE_LOOP('',(#8344,#8367,#8388,#8389));
#8344 = ORIENTED_EDGE('',*,*,#8345,.F.);
#8345 = EDGE_CURVE('',#8346,#8296,#8348,.T.);
#8346 = VERTEX_POINT('',#8347);
#8347 = CARTESIAN_POINT('',(-35.72093719656,-53.21902522405,43.8));
#8348 = SURFACE_CURVE('',#8349,(#8353,#8360),.PCURVE_S1.);
#8349 = LINE('',#8350,#8351);
#8350 = CARTESIAN_POINT('',(-34.52298393149,-54.12174775878,43.8));
#8351 = VECTOR('',#8352,1.);
#8352 = DIRECTION('',(-0.798635510047,0.601815023152,0.));
#8353 = PCURVE('',#3015,#8354);
#8354 = DEFINITIONAL_REPRESENTATION('',(#8355),#8359);
#8355 = LINE('',#8356,#8357);
#8356 = CARTESIAN_POINT('',(0.,0.));
#8357 = VECTOR('',#8358,1.);
#8358 = DIRECTION('',(0.,1.));
#8359 = ( GEOMETRIC_REPRESENTATION_CONTEXT(2) 
PARAMETRIC_REPRESENTATION_CONTEXT() REPRESENTATION_CONTEXT('2D SPACE',''
  ) );
#8360 = PCURVE('',#4469,#8361);
#8361 = DEFINITIONAL_REPRESENTATION('',(#8362),#8366);
#8362 = LINE('',#8363,#8364);
#8363 = CARTESIAN_POINT('',(0.,8.));
#8364 = VECTOR('',#8365,1.);
#8365 = DIRECTION('',(1.,0.));
#8366 = ( GEOMETRIC_REPRESENTATION_CONTEXT(2) 
PARAMETRIC_REPRESENTATION_CONTEXT() REPRESENTATION_CONTEXT('2D SPACE',''
  ) );
#8367 = ORIENTED_EDGE('',*,*,#8368,.T.);
#8368 = EDGE_CURVE('',#8346,#3000,#8369,.T.);
#8369 = SURFACE_CURVE('',#8370,(#8374,#8381),.PCURVE_S1.);
#8370 = LINE('',#8371,#8372);
#8371 = CARTESIAN_POINT('',(-35.72093719656,-53.21902522405,43.8));
#8372 = VECTOR('',#8373,1.);
#8373 = DIRECTION('',(0.,0.,1.));
#8374 = PCURVE('',#3015,#8375);
#8375 = DEFINITIONAL_REPRESENTATION('',(#8376),#8380);
#8376 = LINE('',#8377,#8378);
#8377 = CARTESIAN_POINT('',(0.,1.5));
#8378 = VECTOR('',#8379,1.);
#8379 = DIRECTION('',(1.,0.));
#8380 = ( GEOMETRIC_REPRESENTATION_CONTEXT(2) 
PARAMETRIC_REPRESENTATION_CONTEXT() REPRESENTATION_CONTEXT('2D SPACE',''
  ) );
#8381 = PCURVE('',#3048,#8382);
#8382 = DEFINITIONAL_REPRESENTATION('',(#8383),#8387);
#8383 = LINE('',#8384,#8385);
#8384 = CARTESIAN_POINT('',(-1.570796326795,0.));
#8385 = VECTOR('',#8386,1.);
#8386 = DIRECTION('',(-0.,1.));
#8387 = ( GEOMETRIC_REPRESENTATION_CONTEXT(2) 
PARAMETRIC_REPRESENTATION_CONTEXT() REPRESENTATION_CONTEXT('2D SPACE',''
  ) );
#8388 = ORIENTED_EDGE('',*,*,#2999,.T.);
#8389 = ORIENTED_EDGE('',*,*,#8319,.F.);
#8390 = ADVANCED_FACE('',(#8391),#3048,.T.);
#8391 = FACE_BOUND('',#8392,.F.);
#8392 = EDGE_LOOP('',(#8393,#8421,#8422,#8423));
#8393 = ORIENTED_EDGE('',*,*,#8394,.T.);
#8394 = EDGE_CURVE('',#8395,#8346,#8397,.T.);
#8395 = VERTEX_POINT('',#8396);
#8396 = CARTESIAN_POINT('',(-33.62026139676,-52.92379449371,43.8));
#8397 = SURFACE_CURVE('',#8398,(#8403,#8410),.PCURVE_S1.);
#8398 = CIRCLE('',#8399,1.5);
#8399 = AXIS2_PLACEMENT_3D('',#8400,#8401,#8402);
#8400 = CARTESIAN_POINT('',(-34.81821466183,-52.02107195898,43.8));
#8401 = DIRECTION('',(0.,0.,-1.));
#8402 = DIRECTION('',(0.601815023152,0.798635510047,0.));
#8403 = PCURVE('',#3048,#8404);
#8404 = DEFINITIONAL_REPRESENTATION('',(#8405),#8409);
#8405 = LINE('',#8406,#8407);
#8406 = CARTESIAN_POINT('',(1.570796326795,-0.));
#8407 = VECTOR('',#8408,1.);
#8408 = DIRECTION('',(-1.,0.));
#8409 = ( GEOMETRIC_REPRESENTATION_CONTEXT(2) 
PARAMETRIC_REPRESENTATION_CONTEXT() REPRESENTATION_CONTEXT('2D SPACE',''
  ) );
#8410 = PCURVE('',#4469,#8411);
#8411 = DEFINITIONAL_REPRESENTATION('',(#8412),#8420);
#8412 = ( BOUNDED_CURVE() B_SPLINE_CURVE(2,(#8413,#8414,#8415,#8416,
#8417,#8418,#8419),.UNSPECIFIED.,.T.,.F.) B_SPLINE_CURVE_WITH_KNOTS((1,2
    ,2,2,2,1),(-2.094395102393,0.,2.094395102393,4.188790204786,
6.28318530718,8.377580409573),.UNSPECIFIED.) CURVE() 
GEOMETRIC_REPRESENTATION_ITEM() RATIONAL_B_SPLINE_CURVE((1.,0.5,1.,0.5,
1.,0.5,1.)) REPRESENTATION_ITEM('') );
#8413 = CARTESIAN_POINT('',(1.5,5.));
#8414 = CARTESIAN_POINT('',(-1.098076211353,5.));
#8415 = CARTESIAN_POINT('',(0.200961894323,7.25));
#8416 = CARTESIAN_POINT('',(1.5,9.5));
#8417 = CARTESIAN_POINT('',(2.799038105677,7.25));
#8418 = CARTESIAN_POINT('',(4.098076211353,5.));
#8419 = CARTESIAN_POINT('',(1.5,5.));
#8420 = ( GEOMETRIC_REPRESENTATION_CONTEXT(2) 
PARAMETRIC_REPRESENTATION_CONTEXT() REPRESENTATION_CONTEXT('2D SPACE',''
  ) );
#8421 = ORIENTED_EDGE('',*,*,#8368,.T.);
#8422 = ORIENTED_EDGE('',*,*,#3027,.F.);
#8423 = ORIENTED_EDGE('',*,*,#8424,.F.);
#8424 = EDGE_CURVE('',#8395,#3028,#8425,.T.);
#8425 = SURFACE_CURVE('',#8426,(#8430,#8437),.PCURVE_S1.);
#8426 = LINE('',#8427,#8428);
#8427 = CARTESIAN_POINT('',(-33.62026139676,-52.92379449371,43.8));
#8428 = VECTOR('',#8429,1.);
#8429 = DIRECTION('',(0.,0.,1.));
#8430 = PCURVE('',#3048,#8431);
#8431 = DEFINITIONAL_REPRESENTATION('',(#8432),#8436);
#8432 = LINE('',#8433,#8434);
#8433 = CARTESIAN_POINT('',(-0.,0.));
#8434 = VECTOR('',#8435,1.);
#8435 = DIRECTION('',(-0.,1.));
#8436 = ( GEOMETRIC_REPRESENTATION_CONTEXT(2) 
PARAMETRIC_REPRESENTATION_CONTEXT() REPRESENTATION_CONTEXT('2D SPACE',''
  ) );
#8437 = PCURVE('',#3076,#8438);
#8438 = DEFINITIONAL_REPRESENTATION('',(#8439),#8443);
#8439 = LINE('',#8440,#8441);
#8440 = CARTESIAN_POINT('',(0.,-6.5));
#8441 = VECTOR('',#8442,1.);
#8442 = DIRECTION('',(1.,0.));
#8443 = ( GEOMETRIC_REPRESENTATION_CONTEXT(2) 
PARAMETRIC_REPRESENTATION_CONTEXT() REPRESENTATION_CONTEXT('2D SPACE',''
  ) );
#8444 = ADVANCED_FACE('',(#8445,#8495),#3076,.F.);
#8445 = FACE_BOUND('',#8446,.F.);
#8446 = EDGE_LOOP('',(#8447,#8448,#8449,#8450,#8473,#8494));
#8447 = ORIENTED_EDGE('',*,*,#3060,.F.);
#8448 = ORIENTED_EDGE('',*,*,#3343,.F.);
#8449 = ORIENTED_EDGE('',*,*,#4379,.F.);
#8450 = ORIENTED_EDGE('',*,*,#8451,.F.);
#8451 = EDGE_CURVE('',#8452,#4351,#8454,.T.);
#8452 = VERTEX_POINT('',#8453);
#8453 = CARTESIAN_POINT('',(-30.611186281,-48.93061694348,43.8));
#8454 = SURFACE_CURVE('',#8455,(#8459,#8466),.PCURVE_S1.);
#8455 = LINE('',#8456,#8457);
#8456 = CARTESIAN_POINT('',(-30.611186281,-48.93061694348,43.8));
#8457 = VECTOR('',#8458,1.);
#8458 = DIRECTION('',(0.,0.,1.));
#8459 = PCURVE('',#3076,#8460);
#8460 = DEFINITIONAL_REPRESENTATION('',(#8461),#8465);
#8461 = LINE('',#8462,#8463);
#8462 = CARTESIAN_POINT('',(0.,-1.5));
#8463 = VECTOR('',#8464,1.);
#8464 = DIRECTION('',(1.,0.));
#8465 = ( GEOMETRIC_REPRESENTATION_CONTEXT(2) 
PARAMETRIC_REPRESENTATION_CONTEXT() REPRESENTATION_CONTEXT('2D SPACE',''
  ) );
#8466 = PCURVE('',#4367,#8467);
#8467 = DEFINITIONAL_REPRESENTATION('',(#8468),#8472);
#8468 = LINE('',#8469,#8470);
#8469 = CARTESIAN_POINT('',(0.,0.));
#8470 = VECTOR('',#8471,1.);
#8471 = DIRECTION('',(0.,1.));
#8472 = ( GEOMETRIC_REPRESENTATION_CONTEXT(2) 
PARAMETRIC_REPRESENTATION_CONTEXT() REPRESENTATION_CONTEXT('2D SPACE',''
  ) );
#8473 = ORIENTED_EDGE('',*,*,#8474,.T.);
#8474 = EDGE_CURVE('',#8452,#8395,#8475,.T.);
#8475 = SURFACE_CURVE('',#8476,(#8480,#8487),.PCURVE_S1.);
#8476 = LINE('',#8477,#8478);
#8477 = CARTESIAN_POINT('',(-29.70846374627,-47.7326636784,43.8));
#8478 = VECTOR('',#8479,1.);
#8479 = DIRECTION('',(-0.601815023152,-0.798635510047,0.));
#8480 = PCURVE('',#3076,#8481);
#8481 = DEFINITIONAL_REPRESENTATION('',(#8482),#8486);
#8482 = LINE('',#8483,#8484);
#8483 = CARTESIAN_POINT('',(0.,0.));
#8484 = VECTOR('',#8485,1.);
#8485 = DIRECTION('',(0.,-1.));
#8486 = ( GEOMETRIC_REPRESENTATION_CONTEXT(2) 
PARAMETRIC_REPRESENTATION_CONTEXT() REPRESENTATION_CONTEXT('2D SPACE',''
  ) );
#8487 = PCURVE('',#4469,#8488);
#8488 = DEFINITIONAL_REPRESENTATION('',(#8489),#8493);
#8489 = LINE('',#8490,#8491);
#8490 = CARTESIAN_POINT('',(0.,0.));
#8491 = VECTOR('',#8492,1.);
#8492 = DIRECTION('',(0.,1.));
#8493 = ( GEOMETRIC_REPRESENTATION_CONTEXT(2) 
PARAMETRIC_REPRESENTATION_CONTEXT() REPRESENTATION_CONTEXT('2D SPACE',''
  ) );
#8494 = ORIENTED_EDGE('',*,*,#8424,.T.);
#8495 = FACE_BOUND('',#8496,.F.);
#8496 = EDGE_LOOP('',(#8497));
#8497 = ORIENTED_EDGE('',*,*,#8498,.F.);
#8498 = EDGE_CURVE('',#8499,#8499,#8501,.T.);
#8499 = VERTEX_POINT('',#8500);
#8500 = CARTESIAN_POINT('',(-32.71753886203,-51.72584122864,43.95));
#8501 = SURFACE_CURVE('',#8502,(#8507,#8514),.PCURVE_S1.);
#8502 = CIRCLE('',#8503,1.25);
#8503 = AXIS2_PLACEMENT_3D('',#8504,#8505,#8506);
#8504 = CARTESIAN_POINT('',(-32.71753886203,-51.72584122864,45.2));
#8505 = DIRECTION('',(-0.798635510047,0.601815023152,2.22044604925E-16)
  );
#8506 = DIRECTION('',(-1.773327063076E-16,1.336297790537E-16,-1.));
#8507 = PCURVE('',#3076,#8508);
#8508 = DEFINITIONAL_REPRESENTATION('',(#8509),#8513);
#8509 = CIRCLE('',#8510,1.25);
#8510 = AXIS2_PLACEMENT_2D('',#8511,#8512);
#8511 = CARTESIAN_POINT('',(1.4,-5.));
#8512 = DIRECTION('',(-1.,7.223513166107E-34));
#8513 = ( GEOMETRIC_REPRESENTATION_CONTEXT(2) 
PARAMETRIC_REPRESENTATION_CONTEXT() REPRESENTATION_CONTEXT('2D SPACE',''
  ) );
#8514 = PCURVE('',#4521,#8515);
#8515 = DEFINITIONAL_REPRESENTATION('',(#8516),#8520);
#8516 = LINE('',#8517,#8518);
#8517 = CARTESIAN_POINT('',(1.603942127139E-49,1.));
#8518 = VECTOR('',#8519,1.);
#8519 = DIRECTION('',(1.,0.));
#8520 = ( GEOMETRIC_REPRESENTATION_CONTEXT(2) 
PARAMETRIC_REPRESENTATION_CONTEXT() REPRESENTATION_CONTEXT('2D SPACE',''
  ) );
#8521 = ADVANCED_FACE('',(#8522),#3155,.T.);
#8522 = FACE_BOUND('',#8523,.T.);
#8523 = EDGE_LOOP('',(#8524,#8525,#8526,#8527));
#8524 = ORIENTED_EDGE('',*,*,#3139,.F.);
#8525 = ORIENTED_EDGE('',*,*,#5246,.F.);
#8526 = ORIENTED_EDGE('',*,*,#4950,.T.);
#8527 = ORIENTED_EDGE('',*,*,#8528,.T.);
#8528 = EDGE_CURVE('',#4951,#3140,#8529,.T.);
#8529 = SURFACE_CURVE('',#8530,(#8534,#8541),.PCURVE_S1.);
#8530 = LINE('',#8531,#8532);
#8531 = CARTESIAN_POINT('',(-64.7774924834,0.355622781327,47.));
#8532 = VECTOR('',#8533,1.);
#8533 = DIRECTION('',(0.,0.,1.));
#8534 = PCURVE('',#3155,#8535);
#8535 = DEFINITIONAL_REPRESENTATION('',(#8536),#8540);
#8536 = LINE('',#8537,#8538);
#8537 = CARTESIAN_POINT('',(0.,-7.5));
#8538 = VECTOR('',#8539,1.);
#8539 = DIRECTION('',(1.,0.));
#8540 = ( GEOMETRIC_REPRESENTATION_CONTEXT(2) 
PARAMETRIC_REPRESENTATION_CONTEXT() REPRESENTATION_CONTEXT('2D SPACE',''
  ) );
#8541 = PCURVE('',#3184,#8542);
#8542 = DEFINITIONAL_REPRESENTATION('',(#8543),#8547);
#8543 = LINE('',#8544,#8545);
#8544 = CARTESIAN_POINT('',(0.,0.));
#8545 = VECTOR('',#8546,1.);
#8546 = DIRECTION('',(0.,1.));
#8547 = ( GEOMETRIC_REPRESENTATION_CONTEXT(2) 
PARAMETRIC_REPRESENTATION_CONTEXT() REPRESENTATION_CONTEXT('2D SPACE',''
  ) );
#8548 = ADVANCED_FACE('',(#8549),#3184,.T.);
#8549 = FACE_BOUND('',#8550,.T.);
#8550 = EDGE_LOOP('',(#8551,#8552,#8573,#8574));
#8551 = ORIENTED_EDGE('',*,*,#4973,.T.);
#8552 = ORIENTED_EDGE('',*,*,#8553,.T.);
#8553 = EDGE_CURVE('',#4974,#3168,#8554,.T.);
#8554 = SURFACE_CURVE('',#8555,(#8559,#8566),.PCURVE_S1.);
#8555 = LINE('',#8556,#8557);
#8556 = CARTESIAN_POINT('',(-67.05008987176,-2.352753320772,47.));
#8557 = VECTOR('',#8558,1.);
#8558 = DIRECTION('',(0.,0.,1.));
#8559 = PCURVE('',#3184,#8560);
#8560 = DEFINITIONAL_REPRESENTATION('',(#8561),#8565);
#8561 = LINE('',#8562,#8563);
#8562 = CARTESIAN_POINT('',(1.570796326795,0.));
#8563 = VECTOR('',#8564,1.);
#8564 = DIRECTION('',(0.,1.));
#8565 = ( GEOMETRIC_REPRESENTATION_CONTEXT(2) 
PARAMETRIC_REPRESENTATION_CONTEXT() REPRESENTATION_CONTEXT('2D SPACE',''
  ) );
#8566 = PCURVE('',#3212,#8567);
#8567 = DEFINITIONAL_REPRESENTATION('',(#8568),#8572);
#8568 = LINE('',#8569,#8570);
#8569 = CARTESIAN_POINT('',(0.,9.5));
#8570 = VECTOR('',#8571,1.);
#8571 = DIRECTION('',(1.,0.));
#8572 = ( GEOMETRIC_REPRESENTATION_CONTEXT(2) 
PARAMETRIC_REPRESENTATION_CONTEXT() REPRESENTATION_CONTEXT('2D SPACE',''
  ) );
#8573 = ORIENTED_EDGE('',*,*,#3167,.F.);
#8574 = ORIENTED_EDGE('',*,*,#8528,.F.);
#8575 = ADVANCED_FACE('',(#8576),#3212,.T.);
#8576 = FACE_BOUND('',#8577,.T.);
#8577 = EDGE_LOOP('',(#8578,#8579,#8600,#8601));
#8578 = ORIENTED_EDGE('',*,*,#4997,.F.);
#8579 = ORIENTED_EDGE('',*,*,#8580,.T.);
#8580 = EDGE_CURVE('',#4998,#3197,#8581,.T.);
#8581 = SURFACE_CURVE('',#8582,(#8586,#8593),.PCURVE_S1.);
#8582 = LINE('',#8583,#8584);
#8583 = CARTESIAN_POINT('',(-66.43999967253,-9.326116207414,47.));
#8584 = VECTOR('',#8585,1.);
#8585 = DIRECTION('',(0.,0.,1.));
#8586 = PCURVE('',#3212,#8587);
#8587 = DEFINITIONAL_REPRESENTATION('',(#8588),#8592);
#8588 = LINE('',#8589,#8590);
#8589 = CARTESIAN_POINT('',(0.,2.5));
#8590 = VECTOR('',#8591,1.);
#8591 = DIRECTION('',(1.,0.));
#8592 = ( GEOMETRIC_REPRESENTATION_CONTEXT(2) 
PARAMETRIC_REPRESENTATION_CONTEXT() REPRESENTATION_CONTEXT('2D SPACE',''
  ) );
#8593 = PCURVE('',#3245,#8594);
#8594 = DEFINITIONAL_REPRESENTATION('',(#8595),#8599);
#8595 = LINE('',#8596,#8597);
#8596 = CARTESIAN_POINT('',(-1.570796326795,0.));
#8597 = VECTOR('',#8598,1.);
#8598 = DIRECTION('',(-0.,1.));
#8599 = ( GEOMETRIC_REPRESENTATION_CONTEXT(2) 
PARAMETRIC_REPRESENTATION_CONTEXT() REPRESENTATION_CONTEXT('2D SPACE',''
  ) );
#8600 = ORIENTED_EDGE('',*,*,#3196,.T.);
#8601 = ORIENTED_EDGE('',*,*,#8553,.F.);
#8602 = ADVANCED_FACE('',(#8603),#3245,.T.);
#8603 = FACE_BOUND('',#8604,.F.);
#8604 = EDGE_LOOP('',(#8605,#8606,#8607,#8608));
#8605 = ORIENTED_EDGE('',*,*,#5020,.T.);
#8606 = ORIENTED_EDGE('',*,*,#8580,.T.);
#8607 = ORIENTED_EDGE('',*,*,#3224,.F.);
#8608 = ORIENTED_EDGE('',*,*,#8609,.F.);
#8609 = EDGE_CURVE('',#4831,#3225,#8610,.T.);
#8610 = SURFACE_CURVE('',#8611,(#8615,#8622),.PCURVE_S1.);
#8611 = LINE('',#8612,#8613);
#8612 = CARTESIAN_POINT('',(-63.73162357043,-11.59871359577,47.));
#8613 = VECTOR('',#8614,1.);
#8614 = DIRECTION('',(0.,0.,1.));
#8615 = PCURVE('',#3245,#8616);
#8616 = DEFINITIONAL_REPRESENTATION('',(#8617),#8621);
#8617 = LINE('',#8618,#8619);
#8618 = CARTESIAN_POINT('',(-0.,0.));
#8619 = VECTOR('',#8620,1.);
#8620 = DIRECTION('',(-0.,1.));
#8621 = ( GEOMETRIC_REPRESENTATION_CONTEXT(2) 
PARAMETRIC_REPRESENTATION_CONTEXT() REPRESENTATION_CONTEXT('2D SPACE',''
  ) );
#8622 = PCURVE('',#3271,#8623);
#8623 = DEFINITIONAL_REPRESENTATION('',(#8624),#8628);
#8624 = LINE('',#8625,#8626);
#8625 = CARTESIAN_POINT('',(0.,-7.5));
#8626 = VECTOR('',#8627,1.);
#8627 = DIRECTION('',(1.,0.));
#8628 = ( GEOMETRIC_REPRESENTATION_CONTEXT(2) 
PARAMETRIC_REPRESENTATION_CONTEXT() REPRESENTATION_CONTEXT('2D SPACE',''
  ) );
#8629 = ADVANCED_FACE('',(#8630),#3271,.F.);
#8630 = FACE_BOUND('',#8631,.F.);
#8631 = EDGE_LOOP('',(#8632,#8633,#8634,#8635));
#8632 = ORIENTED_EDGE('',*,*,#3257,.F.);
#8633 = ORIENTED_EDGE('',*,*,#4536,.F.);
#8634 = ORIENTED_EDGE('',*,*,#4830,.T.);
#8635 = ORIENTED_EDGE('',*,*,#8609,.T.);
#8636 = ADVANCED_FACE('',(#8637,#8663,#8666,#8669,#8672),#3302,.F.);
#8637 = FACE_BOUND('',#8638,.F.);
#8638 = EDGE_LOOP('',(#8639,#8640,#8661,#8662));
#8639 = ORIENTED_EDGE('',*,*,#4400,.T.);
#8640 = ORIENTED_EDGE('',*,*,#8641,.T.);
#8641 = EDGE_CURVE('',#4401,#3286,#8642,.T.);
#8642 = SEAM_CURVE('',#8643,(#8647,#8654),.PCURVE_S1.);
#8643 = LINE('',#8644,#8645);
#8644 = CARTESIAN_POINT('',(39.2,-9.601230905315E-15,44.));
#8645 = VECTOR('',#8646,1.);
#8646 = DIRECTION('',(0.,0.,1.));
#8647 = PCURVE('',#3302,#8648);
#8648 = DEFINITIONAL_REPRESENTATION('',(#8649),#8653);
#8649 = LINE('',#8650,#8651);
#8650 = CARTESIAN_POINT('',(0.,-0.));
#8651 = VECTOR('',#8652,1.);
#8652 = DIRECTION('',(0.,1.));
#8653 = ( GEOMETRIC_REPRESENTATION_CONTEXT(2) 
PARAMETRIC_REPRESENTATION_CONTEXT() REPRESENTATION_CONTEXT('2D SPACE',''
  ) );
#8654 = PCURVE('',#3302,#8655);
#8655 = DEFINITIONAL_REPRESENTATION('',(#8656),#8660);
#8656 = LINE('',#8657,#8658);
#8657 = CARTESIAN_POINT('',(6.28318530718,-0.));
#8658 = VECTOR('',#8659,1.);
#8659 = DIRECTION('',(0.,1.));
#8660 = ( GEOMETRIC_REPRESENTATION_CONTEXT(2) 
PARAMETRIC_REPRESENTATION_CONTEXT() REPRESENTATION_CONTEXT('2D SPACE',''
  ) );
#8661 = ORIENTED_EDGE('',*,*,#3285,.F.);
#8662 = ORIENTED_EDGE('',*,*,#8641,.F.);
#8663 = FACE_BOUND('',#8664,.F.);
#8664 = EDGE_LOOP('',(#8665));
#8665 = ORIENTED_EDGE('',*,*,#6269,.T.);
#8666 = FACE_BOUND('',#8667,.F.);
#8667 = EDGE_LOOP('',(#8668));
#8668 = ORIENTED_EDGE('',*,*,#7848,.T.);
#8669 = FACE_BOUND('',#8670,.F.);
#8670 = EDGE_LOOP('',(#8671));
#8671 = ORIENTED_EDGE('',*,*,#5293,.T.);
#8672 = FACE_BOUND('',#8673,.F.);
#8673 = EDGE_LOOP('',(#8674));
#8674 = ORIENTED_EDGE('',*,*,#8675,.T.);
#8675 = EDGE_CURVE('',#8676,#8676,#8678,.T.);
#8676 = VERTEX_POINT('',#8677);
#8677 = CARTESIAN_POINT('',(26.820606231866,-28.58837318483,50.));
#8678 = SURFACE_CURVE('',#8679,(#8724,#8772),.PCURVE_S1.);
#8679 = B_SPLINE_CURVE_WITH_KNOTS('',7,(#8680,#8681,#8682,#8683,#8684,
    #8685,#8686,#8687,#8688,#8689,#8690,#8691,#8692,#8693,#8694,#8695,
    #8696,#8697,#8698,#8699,#8700,#8701,#8702,#8703,#8704,#8705,#8706,
    #8707,#8708,#8709,#8710,#8711,#8712,#8713,#8714,#8715,#8716,#8717,
    #8718,#8719,#8720,#8721,#8722,#8723),.UNSPECIFIED.,.T.,.F.,(8,6,6,6,
    6,6,6,8),(0.,0.151258396839,0.287065469362,0.424369511428,
    0.587316945618,0.713811652761,0.83961677271,1.),.UNSPECIFIED.);
#8680 = CARTESIAN_POINT('',(26.820606231866,-28.58837318483,50.));
#8681 = CARTESIAN_POINT('',(26.820606231866,-28.58837318483,
    50.150177399482));
#8682 = CARTESIAN_POINT('',(26.835965113666,-28.57396398312,
    50.300434954016));
#8683 = CARTESIAN_POINT('',(26.866715072239,-28.54511565536,
    50.448633600642));
#8684 = CARTESIAN_POINT('',(26.91314276015,-28.50146057223,
    50.59240904843));
#8685 = CARTESIAN_POINT('',(26.975616583131,-28.44245868826,
    50.728848777469));
#8686 = CARTESIAN_POINT('',(27.054430939555,-28.36750110274,
    50.854189152062));
#8687 = CARTESIAN_POINT('',(27.234764153922,-28.19435421665,
    51.060964266051));
#8688 = CARTESIAN_POINT('',(27.335335052047,-28.09721368459,
    51.148092569904));
#8689 = CARTESIAN_POINT('',(27.448912841273,-27.98663047392,
    51.215599640256));
#8690 = CARTESIAN_POINT('',(27.571221081493,-27.86630556165,
    51.257335445988));
#8691 = CARTESIAN_POINT('',(27.696942397397,-27.7411537976,
    51.270047535236));
#8692 = CARTESIAN_POINT('',(27.8206248203,-27.61667263397,
    51.253516470684));
#8693 = CARTESIAN_POINT('',(28.055717996178,-27.37782087973,
    51.167469795337));
#8694 = CARTESIAN_POINT('',(28.163620486617,-27.26698881858,
    51.098601185756));
#8695 = CARTESIAN_POINT('',(28.259260960679,-27.1677658396,
    51.00913816564));
#8696 = CARTESIAN_POINT('',(28.341618690035,-27.08163156292,
    50.903613261752));
#8697 = CARTESIAN_POINT('',(28.410230652944,-27.00944186769,
    50.786296718577));
#8698 = CARTESIAN_POINT('',(28.465120064281,-26.95144946278,
    50.661233202488));
#8699 = CARTESIAN_POINT('',(28.556280362354,-26.85487007349,
    50.379120829471));
#8700 = CARTESIAN_POINT('',(28.588622967461,-26.82037960616,
    50.215931497275));
#8701 = CARTESIAN_POINT('',(28.603178336887,-26.80478738042,
    50.047012034203));
#8702 = CARTESIAN_POINT('',(28.599710054751,-26.80850086691,
    49.876630225755));
#8703 = CARTESIAN_POINT('',(28.578256067657,-26.8314543507,
    49.70891396254));
#8704 = CARTESIAN_POINT('',(28.539025479959,-26.87323645264,
    49.547888251138));
#8705 = CARTESIAN_POINT('',(28.438290890693,-26.97976495069,
    49.281301813079));
#8706 = CARTESIAN_POINT('',(28.382837968674,-27.03822948443,
    49.169023503784));
#8707 = CARTESIAN_POINT('',(28.315620183612,-27.10879285509,
    49.064232901892));
#8708 = CARTESIAN_POINT('',(28.236730280775,-27.19112195194,
    48.97031126636));
#8709 = CARTESIAN_POINT('',(28.14666874009,-27.28439424682,
    48.890739731345));
#8710 = CARTESIAN_POINT('',(28.046388047431,-27.38729999207,
    48.82911534131));
#8711 = CARTESIAN_POINT('',(27.829259638934,-27.60789976521,
    48.74964396744));
#8712 = CARTESIAN_POINT('',(27.71484467147,-27.72313305706,
    48.732416314419));
#8713 = CARTESIAN_POINT('',(27.598179881832,-27.83945322772,
    48.740280990006));
#8714 = CARTESIAN_POINT('',(27.483760483882,-27.95230619514,
    48.773358732746));
#8715 = CARTESIAN_POINT('',(27.376039302793,-28.05751674102,
    48.829311786738));
#8716 = CARTESIAN_POINT('',(27.27875221721,-28.15179327643,
    48.903433890552));
#8717 = CARTESIAN_POINT('',(27.086369261879,-28.33709596842,
    49.097467304102));
#8718 = CARTESIAN_POINT('',(26.996729636258,-28.42251055635,
    49.226881579719));
#8719 = CARTESIAN_POINT('',(26.925675662072,-28.48967438021,
    49.370113262105));
#8720 = CARTESIAN_POINT('',(26.872920109532,-28.53929445192,
    49.522374853728));
#8721 = CARTESIAN_POINT('',(26.838023004813,-28.57203330745,
    49.680002647129));
#8722 = CARTESIAN_POINT('',(26.820606231866,-28.58837318483,
    49.840077150786));
#8723 = CARTESIAN_POINT('',(26.820606231866,-28.58837318483,50.));
#8724 = PCURVE('',#3302,#8725);
#8725 = DEFINITIONAL_REPRESENTATION('',(#8726),#8771);
#8726 = B_SPLINE_CURVE_WITH_KNOTS('',7,(#8727,#8728,#8729,#8730,#8731,
    #8732,#8733,#8734,#8735,#8736,#8737,#8738,#8739,#8740,#8741,#8742,
    #8743,#8744,#8745,#8746,#8747,#8748,#8749,#8750,#8751,#8752,#8753,
    #8754,#8755,#8756,#8757,#8758,#8759,#8760,#8761,#8762,#8763,#8764,
    #8765,#8766,#8767,#8768,#8769,#8770),.UNSPECIFIED.,.T.,.F.,(8,6,6,6,
    6,6,6,8),(0.,0.151258396839,0.287065469362,0.424369511428,
    0.587316945618,0.713811652761,0.83961677271,1.),.UNSPECIFIED.);
#8727 = CARTESIAN_POINT('',(5.465893982141,6.));
#8728 = CARTESIAN_POINT('',(5.465893982141,6.150177399482));
#8729 = CARTESIAN_POINT('',(5.466431225095,6.300434954016));
#8730 = CARTESIAN_POINT('',(5.467506832085,6.448633600642));
#8731 = CARTESIAN_POINT('',(5.469132553329,6.592409048429));
#8732 = CARTESIAN_POINT('',(5.471324667878,6.728848777469));
#8733 = CARTESIAN_POINT('',(5.474099314556,6.854189152062));
#8734 = CARTESIAN_POINT('',(5.480476861105,7.060964266051));
#8735 = CARTESIAN_POINT('',(5.484043786943,7.148092569904));
#8736 = CARTESIAN_POINT('',(5.488087611756,7.215599640256));
#8737 = CARTESIAN_POINT('',(5.492464357104,7.257335445988));
#8738 = CARTESIAN_POINT('',(5.496989614556,7.270047535236));
#8739 = CARTESIAN_POINT('',(5.501466072151,7.253516470684));
#8740 = CARTESIAN_POINT('',(5.510015567361,7.167469795337));
#8741 = CARTESIAN_POINT('',(5.513961492,7.098601185756));
#8742 = CARTESIAN_POINT('',(5.517477056418,7.00913816564));
#8743 = CARTESIAN_POINT('',(5.520517126004,6.903613261752));
#8744 = CARTESIAN_POINT('',(5.523057778287,6.786296718577));
#8745 = CARTESIAN_POINT('',(5.5250947573,6.661233202488));
#8746 = CARTESIAN_POINT('',(5.528482698573,6.379120829471));
#8747 = CARTESIAN_POINT('',(5.529688878715,6.215931497274));
#8748 = CARTESIAN_POINT('',(5.53023301806,6.047012034203));
#8749 = CARTESIAN_POINT('',(5.530103394249,5.876630225754));
#8750 = CARTESIAN_POINT('',(5.529301894214,5.70891396254));
#8751 = CARTESIAN_POINT('',(5.527839836414,5.547888251138));
#8752 = CARTESIAN_POINT('',(5.524099673489,5.281301813079));
#8753 = CARTESIAN_POINT('',(5.522044064857,5.169023503784));
#8754 = CARTESIAN_POINT('',(5.519557985215,5.064232901892));
#8755 = CARTESIAN_POINT('',(5.516649209749,4.97031126636));
#8756 = CARTESIAN_POINT('',(5.513341696855,4.890739731345));
#8757 = CARTESIAN_POINT('',(5.509676270604,4.82911534131));
#8758 = CARTESIAN_POINT('',(5.50178008952,4.74964396744));
#8759 = CARTESIAN_POINT('',(5.497637606458,4.732416314419));
#8760 = CARTESIAN_POINT('',(5.493435004936,4.740280990006));
#8761 = CARTESIAN_POINT('',(5.489335369702,4.773358732746));
#8762 = CARTESIAN_POINT('',(5.485494194189,4.829311786738));
#8763 = CARTESIAN_POINT('',(5.482038275096,4.903433890552));
#8764 = CARTESIAN_POINT('',(5.475224218838,5.097467304102));
#8765 = CARTESIAN_POINT('',(5.472065640533,5.226881579719));
#8766 = CARTESIAN_POINT('',(5.469571438553,5.370113262105));
#8767 = CARTESIAN_POINT('',(5.467723876984,5.522374853728));
#8768 = CARTESIAN_POINT('',(5.46650320924,5.680002647129));
#8769 = CARTESIAN_POINT('',(5.465893982141,5.840077150786));
#8770 = CARTESIAN_POINT('',(5.465893982141,6.));
#8771 = ( GEOMETRIC_REPRESENTATION_CONTEXT(2) 
PARAMETRIC_REPRESENTATION_CONTEXT() REPRESENTATION_CONTEXT('2D SPACE',''
  ) );
#8772 = PCURVE('',#4063,#8773);
#8773 = DEFINITIONAL_REPRESENTATION('',(#8774),#8819);
#8774 = B_SPLINE_CURVE_WITH_KNOTS('',7,(#8775,#8776,#8777,#8778,#8779,
    #8780,#8781,#8782,#8783,#8784,#8785,#8786,#8787,#8788,#8789,#8790,
    #8791,#8792,#8793,#8794,#8795,#8796,#8797,#8798,#8799,#8800,#8801,
    #8802,#8803,#8804,#8805,#8806,#8807,#8808,#8809,#8810,#8811,#8812,
    #8813,#8814,#8815,#8816,#8817,#8818),.UNSPECIFIED.,.F.,.F.,(8,6,6,6,
    6,6,6,8),(0.,0.151258396839,0.287065469362,0.424369511428,
    0.587316945618,0.713811652761,0.83961677271,1.),.UNSPECIFIED.);
#8775 = CARTESIAN_POINT('',(0.,38.319934915827));
#8776 = CARTESIAN_POINT('',(0.120141919585,38.319934915827));
#8777 = CARTESIAN_POINT('',(0.240347476717,38.319263390594));
#8778 = CARTESIAN_POINT('',(0.36174105029,38.317918734547));
#8779 = CARTESIAN_POINT('',(0.485267985815,38.315958206905));
#8780 = CARTESIAN_POINT('',(0.611964328756,38.313503175289));
#8781 = CARTESIAN_POINT('',(0.742905056989,38.310776026428));
#8782 = CARTESIAN_POINT('',(1.002418495222,38.30569452497));
#8783 = CARTESIAN_POINT('',(1.133025429371,38.303268889864));
#8784 = CARTESIAN_POINT('',(1.26817275799,38.30115140306));
#8785 = CARTESIAN_POINT('',(1.406031777814,38.299748978421));
#8786 = CARTESIAN_POINT('',(1.545222071927,38.299346244441));
#8787 = CARTESIAN_POINT('',(1.684482374534,38.299911039425));
#8788 = CARTESIAN_POINT('',(1.961282292143,38.302568755673));
#8789 = CARTESIAN_POINT('',(2.094831962995,38.304640274988));
#8790 = CARTESIAN_POINT('',(2.223797376617,38.307173488512));
#8791 = CARTESIAN_POINT('',(2.348729802542,38.309843910736));
#8792 = CARTESIAN_POINT('',(2.469990108917,38.312373749521));
#8793 = CARTESIAN_POINT('',(2.587706701605,38.314567897319));
#8794 = CARTESIAN_POINT('',(2.837135471223,38.318399773464));
#8795 = CARTESIAN_POINT('',(2.971358910438,38.319918541409));
#8796 = CARTESIAN_POINT('',(3.104947242982,38.320651709536));
#8797 = CARTESIAN_POINT('',(3.238393557156,38.320478323876));
#8798 = CARTESIAN_POINT('',(3.372271509608,38.319418019594));
#8799 = CARTESIAN_POINT('',(3.50723577011,38.317613826573));
#8800 = CARTESIAN_POINT('',(3.750608501716,38.313516914379));
#8801 = CARTESIAN_POINT('',(3.860365338916,38.311387383313));
#8802 = CARTESIAN_POINT('',(3.973343099129,38.309021697044));
#8803 = CARTESIAN_POINT('',(4.089579417008,38.306589819639));
#8804 = CARTESIAN_POINT('',(4.209299007407,38.304319473575));
#8805 = CARTESIAN_POINT('',(4.332888144804,38.302463281083));
#8806 = CARTESIAN_POINT('',(4.588536252657,38.300008655605));
#8807 = CARTESIAN_POINT('',(4.71779065162,38.299430012884));
#8808 = CARTESIAN_POINT('',(4.847266919648,38.299673695303));
#8809 = CARTESIAN_POINT('',(4.975782501634,38.300781328951));
#8810 = CARTESIAN_POINT('',(5.102094048379,38.302556616133));
#8811 = CARTESIAN_POINT('',(5.224617675712,38.304685396572));
#8812 = CARTESIAN_POINT('',(5.488705163846,38.309691898793));
#8813 = CARTESIAN_POINT('',(5.629673662911,38.312679451595));
#8814 = CARTESIAN_POINT('',(5.765569591506,38.31543020327));
#8815 = CARTESIAN_POINT('',(5.897661772631,38.317647323032));
#8816 = CARTESIAN_POINT('',(6.02718826938,38.319173435668));
#8817 = CARTESIAN_POINT('',(6.155247027808,38.319934915827));
#8818 = CARTESIAN_POINT('',(6.28318530718,38.319934915827));
#8819 = ( GEOMETRIC_REPRESENTATION_CONTEXT(2) 
PARAMETRIC_REPRESENTATION_CONTEXT() REPRESENTATION_CONTEXT('2D SPACE',''
  ) );
#8820 = ADVANCED_FACE('',(#8821),#3534,.F.);
#8821 = FACE_BOUND('',#8822,.F.);
#8822 = EDGE_LOOP('',(#8823,#8846,#8874,#8895));
#8823 = ORIENTED_EDGE('',*,*,#8824,.F.);
#8824 = EDGE_CURVE('',#8825,#3520,#8827,.T.);
#8825 = VERTEX_POINT('',#8826);
#8826 = CARTESIAN_POINT('',(-29.56602540378,-49.20985817722,53.5));
#8827 = SURFACE_CURVE('',#8828,(#8832,#8839),.PCURVE_S1.);
#8828 = LINE('',#8829,#8830);
#8829 = CARTESIAN_POINT('',(-29.56602540378,-49.20985817722,53.5));
#8830 = VECTOR('',#8831,1.);
#8831 = DIRECTION('',(-0.5,-0.866025403784,0.));
#8832 = PCURVE('',#3534,#8833);
#8833 = DEFINITIONAL_REPRESENTATION('',(#8834),#8838);
#8834 = LINE('',#8835,#8836);
#8835 = CARTESIAN_POINT('',(7.,0.));
#8836 = VECTOR('',#8837,1.);
#8837 = DIRECTION('',(0.,-1.));
#8838 = ( GEOMETRIC_REPRESENTATION_CONTEXT(2) 
PARAMETRIC_REPRESENTATION_CONTEXT() REPRESENTATION_CONTEXT('2D SPACE',''
  ) );
#8839 = PCURVE('',#3562,#8840);
#8840 = DEFINITIONAL_REPRESENTATION('',(#8841),#8845);
#8841 = LINE('',#8842,#8843);
#8842 = CARTESIAN_POINT('',(2.,0.));
#8843 = VECTOR('',#8844,1.);
#8844 = DIRECTION('',(0.,1.));
#8845 = ( GEOMETRIC_REPRESENTATION_CONTEXT(2) 
PARAMETRIC_REPRESENTATION_CONTEXT() REPRESENTATION_CONTEXT('2D SPACE',''
  ) );
#8846 = ORIENTED_EDGE('',*,*,#8847,.F.);
#8847 = EDGE_CURVE('',#8848,#8825,#8850,.T.);
#8848 = VERTEX_POINT('',#8849);
#8849 = CARTESIAN_POINT('',(-29.56602540378,-49.20985817722,46.5));
#8850 = SURFACE_CURVE('',#8851,(#8855,#8862),.PCURVE_S1.);
#8851 = LINE('',#8852,#8853);
#8852 = CARTESIAN_POINT('',(-29.56602540378,-49.20985817722,46.5));
#8853 = VECTOR('',#8854,1.);
#8854 = DIRECTION('',(0.,0.,1.));
#8855 = PCURVE('',#3534,#8856);
#8856 = DEFINITIONAL_REPRESENTATION('',(#8857),#8861);
#8857 = LINE('',#8858,#8859);
#8858 = CARTESIAN_POINT('',(0.,0.));
#8859 = VECTOR('',#8860,1.);
#8860 = DIRECTION('',(1.,0.));
#8861 = ( GEOMETRIC_REPRESENTATION_CONTEXT(2) 
PARAMETRIC_REPRESENTATION_CONTEXT() REPRESENTATION_CONTEXT('2D SPACE',''
  ) );
#8862 = PCURVE('',#8863,#8868);
#8863 = PLANE('',#8864);
#8864 = AXIS2_PLACEMENT_3D('',#8865,#8866,#8867);
#8865 = CARTESIAN_POINT('',(-27.83397459621,-50.20985817722,46.5));
#8866 = DIRECTION('',(-0.5,-0.866025403784,0.));
#8867 = DIRECTION('',(0.,0.,1.));
#8868 = DEFINITIONAL_REPRESENTATION('',(#8869),#8873);
#8869 = LINE('',#8870,#8871);
#8870 = CARTESIAN_POINT('',(0.,2.));
#8871 = VECTOR('',#8872,1.);
#8872 = DIRECTION('',(1.,0.));
#8873 = ( GEOMETRIC_REPRESENTATION_CONTEXT(2) 
PARAMETRIC_REPRESENTATION_CONTEXT() REPRESENTATION_CONTEXT('2D SPACE',''
  ) );
#8874 = ORIENTED_EDGE('',*,*,#8875,.T.);
#8875 = EDGE_CURVE('',#8848,#3518,#8876,.T.);
#8876 = SURFACE_CURVE('',#8877,(#8881,#8888),.PCURVE_S1.);
#8877 = LINE('',#8878,#8879);
#8878 = CARTESIAN_POINT('',(-29.56602540378,-49.20985817722,46.5));
#8879 = VECTOR('',#8880,1.);
#8880 = DIRECTION('',(-0.5,-0.866025403784,0.));
#8881 = PCURVE('',#3534,#8882);
#8882 = DEFINITIONAL_REPRESENTATION('',(#8883),#8887);
#8883 = LINE('',#8884,#8885);
#8884 = CARTESIAN_POINT('',(0.,0.));
#8885 = VECTOR('',#8886,1.);
#8886 = DIRECTION('',(0.,-1.));
#8887 = ( GEOMETRIC_REPRESENTATION_CONTEXT(2) 
PARAMETRIC_REPRESENTATION_CONTEXT() REPRESENTATION_CONTEXT('2D SPACE',''
  ) );
#8888 = PCURVE('',#3615,#8889);
#8889 = DEFINITIONAL_REPRESENTATION('',(#8890),#8894);
#8890 = LINE('',#8891,#8892);
#8891 = CARTESIAN_POINT('',(2.,0.));
#8892 = VECTOR('',#8893,1.);
#8893 = DIRECTION('',(0.,1.));
#8894 = ( GEOMETRIC_REPRESENTATION_CONTEXT(2) 
PARAMETRIC_REPRESENTATION_CONTEXT() REPRESENTATION_CONTEXT('2D SPACE',''
  ) );
#8895 = ORIENTED_EDGE('',*,*,#3517,.T.);
#8896 = ADVANCED_FACE('',(#8897),#3615,.T.);
#8897 = FACE_BOUND('',#8898,.T.);
#8898 = EDGE_LOOP('',(#8899,#8922,#8943,#8944));
#8899 = ORIENTED_EDGE('',*,*,#8900,.F.);
#8900 = EDGE_CURVE('',#8901,#3575,#8903,.T.);
#8901 = VERTEX_POINT('',#8902);
#8902 = CARTESIAN_POINT('',(-27.83397459621,-50.20985817722,46.5));
#8903 = SURFACE_CURVE('',#8904,(#8908,#8915),.PCURVE_S1.);
#8904 = LINE('',#8905,#8906);
#8905 = CARTESIAN_POINT('',(-27.83397459621,-50.20985817722,46.5));
#8906 = VECTOR('',#8907,1.);
#8907 = DIRECTION('',(-0.5,-0.866025403784,0.));
#8908 = PCURVE('',#3615,#8909);
#8909 = DEFINITIONAL_REPRESENTATION('',(#8910),#8914);
#8910 = LINE('',#8911,#8912);
#8911 = CARTESIAN_POINT('',(0.,0.));
#8912 = VECTOR('',#8913,1.);
#8913 = DIRECTION('',(0.,1.));
#8914 = ( GEOMETRIC_REPRESENTATION_CONTEXT(2) 
PARAMETRIC_REPRESENTATION_CONTEXT() REPRESENTATION_CONTEXT('2D SPACE',''
  ) );
#8915 = PCURVE('',#3589,#8916);
#8916 = DEFINITIONAL_REPRESENTATION('',(#8917),#8921);
#8917 = LINE('',#8918,#8919);
#8918 = CARTESIAN_POINT('',(0.,0.));
#8919 = VECTOR('',#8920,1.);
#8920 = DIRECTION('',(0.,-1.));
#8921 = ( GEOMETRIC_REPRESENTATION_CONTEXT(2) 
PARAMETRIC_REPRESENTATION_CONTEXT() REPRESENTATION_CONTEXT('2D SPACE',''
  ) );
#8922 = ORIENTED_EDGE('',*,*,#8923,.T.);
#8923 = EDGE_CURVE('',#8901,#8848,#8924,.T.);
#8924 = SURFACE_CURVE('',#8925,(#8929,#8936),.PCURVE_S1.);
#8925 = LINE('',#8926,#8927);
#8926 = CARTESIAN_POINT('',(-27.83397459621,-50.20985817722,46.5));
#8927 = VECTOR('',#8928,1.);
#8928 = DIRECTION('',(-0.866025403784,0.5,0.));
#8929 = PCURVE('',#3615,#8930);
#8930 = DEFINITIONAL_REPRESENTATION('',(#8931),#8935);
#8931 = LINE('',#8932,#8933);
#8932 = CARTESIAN_POINT('',(0.,0.));
#8933 = VECTOR('',#8934,1.);
#8934 = DIRECTION('',(1.,0.));
#8935 = ( GEOMETRIC_REPRESENTATION_CONTEXT(2) 
PARAMETRIC_REPRESENTATION_CONTEXT() REPRESENTATION_CONTEXT('2D SPACE',''
  ) );
#8936 = PCURVE('',#8863,#8937);
#8937 = DEFINITIONAL_REPRESENTATION('',(#8938),#8942);
#8938 = LINE('',#8939,#8940);
#8939 = CARTESIAN_POINT('',(0.,0.));
#8940 = VECTOR('',#8941,1.);
#8941 = DIRECTION('',(0.,1.));
#8942 = ( GEOMETRIC_REPRESENTATION_CONTEXT(2) 
PARAMETRIC_REPRESENTATION_CONTEXT() REPRESENTATION_CONTEXT('2D SPACE',''
  ) );
#8943 = ORIENTED_EDGE('',*,*,#8875,.T.);
#8944 = ORIENTED_EDGE('',*,*,#3600,.T.);
#8945 = ADVANCED_FACE('',(#8946),#3562,.F.);
#8946 = FACE_BOUND('',#8947,.F.);
#8947 = EDGE_LOOP('',(#8948,#8971,#8992,#8993));
#8948 = ORIENTED_EDGE('',*,*,#8949,.F.);
#8949 = EDGE_CURVE('',#8950,#3546,#8952,.T.);
#8950 = VERTEX_POINT('',#8951);
#8951 = CARTESIAN_POINT('',(-27.83397459621,-50.20985817722,53.5));
#8952 = SURFACE_CURVE('',#8953,(#8957,#8964),.PCURVE_S1.);
#8953 = LINE('',#8954,#8955);
#8954 = CARTESIAN_POINT('',(-27.83397459621,-50.20985817722,53.5));
#8955 = VECTOR('',#8956,1.);
#8956 = DIRECTION('',(-0.5,-0.866025403784,0.));
#8957 = PCURVE('',#3562,#8958);
#8958 = DEFINITIONAL_REPRESENTATION('',(#8959),#8963);
#8959 = LINE('',#8960,#8961);
#8960 = CARTESIAN_POINT('',(0.,0.));
#8961 = VECTOR('',#8962,1.);
#8962 = DIRECTION('',(0.,1.));
#8963 = ( GEOMETRIC_REPRESENTATION_CONTEXT(2) 
PARAMETRIC_REPRESENTATION_CONTEXT() REPRESENTATION_CONTEXT('2D SPACE',''
  ) );
#8964 = PCURVE('',#3589,#8965);
#8965 = DEFINITIONAL_REPRESENTATION('',(#8966),#8970);
#8966 = LINE('',#8967,#8968);
#8967 = CARTESIAN_POINT('',(7.,0.));
#8968 = VECTOR('',#8969,1.);
#8969 = DIRECTION('',(0.,-1.));
#8970 = ( GEOMETRIC_REPRESENTATION_CONTEXT(2) 
PARAMETRIC_REPRESENTATION_CONTEXT() REPRESENTATION_CONTEXT('2D SPACE',''
  ) );
#8971 = ORIENTED_EDGE('',*,*,#8972,.T.);
#8972 = EDGE_CURVE('',#8950,#8825,#8973,.T.);
#8973 = SURFACE_CURVE('',#8974,(#8978,#8985),.PCURVE_S1.);
#8974 = LINE('',#8975,#8976);
#8975 = CARTESIAN_POINT('',(-27.83397459621,-50.20985817722,53.5));
#8976 = VECTOR('',#8977,1.);
#8977 = DIRECTION('',(-0.866025403784,0.5,0.));
#8978 = PCURVE('',#3562,#8979);
#8979 = DEFINITIONAL_REPRESENTATION('',(#8980),#8984);
#8980 = LINE('',#8981,#8982);
#8981 = CARTESIAN_POINT('',(0.,0.));
#8982 = VECTOR('',#8983,1.);
#8983 = DIRECTION('',(1.,0.));
#8984 = ( GEOMETRIC_REPRESENTATION_CONTEXT(2) 
PARAMETRIC_REPRESENTATION_CONTEXT() REPRESENTATION_CONTEXT('2D SPACE',''
  ) );
#8985 = PCURVE('',#8863,#8986);
#8986 = DEFINITIONAL_REPRESENTATION('',(#8987),#8991);
#8987 = LINE('',#8988,#8989);
#8988 = CARTESIAN_POINT('',(7.,0.));
#8989 = VECTOR('',#8990,1.);
#8990 = DIRECTION('',(0.,1.));
#8991 = ( GEOMETRIC_REPRESENTATION_CONTEXT(2) 
PARAMETRIC_REPRESENTATION_CONTEXT() REPRESENTATION_CONTEXT('2D SPACE',''
  ) );
#8992 = ORIENTED_EDGE('',*,*,#8824,.T.);
#8993 = ORIENTED_EDGE('',*,*,#3545,.T.);
#8994 = ADVANCED_FACE('',(#8995),#3589,.T.);
#8995 = FACE_BOUND('',#8996,.T.);
#8996 = EDGE_LOOP('',(#8997,#8998,#9019,#9020));
#8997 = ORIENTED_EDGE('',*,*,#8949,.F.);
#8998 = ORIENTED_EDGE('',*,*,#8999,.F.);
#8999 = EDGE_CURVE('',#8901,#8950,#9000,.T.);
#9000 = SURFACE_CURVE('',#9001,(#9005,#9012),.PCURVE_S1.);
#9001 = LINE('',#9002,#9003);
#9002 = CARTESIAN_POINT('',(-27.83397459621,-50.20985817722,46.5));
#9003 = VECTOR('',#9004,1.);
#9004 = DIRECTION('',(0.,0.,1.));
#9005 = PCURVE('',#3589,#9006);
#9006 = DEFINITIONAL_REPRESENTATION('',(#9007),#9011);
#9007 = LINE('',#9008,#9009);
#9008 = CARTESIAN_POINT('',(0.,0.));
#9009 = VECTOR('',#9010,1.);
#9010 = DIRECTION('',(1.,0.));
#9011 = ( GEOMETRIC_REPRESENTATION_CONTEXT(2) 
PARAMETRIC_REPRESENTATION_CONTEXT() REPRESENTATION_CONTEXT('2D SPACE',''
  ) );
#9012 = PCURVE('',#8863,#9013);
#9013 = DEFINITIONAL_REPRESENTATION('',(#9014),#9018);
#9014 = LINE('',#9015,#9016);
#9015 = CARTESIAN_POINT('',(0.,0.));
#9016 = VECTOR('',#9017,1.);
#9017 = DIRECTION('',(1.,0.));
#9018 = ( GEOMETRIC_REPRESENTATION_CONTEXT(2) 
PARAMETRIC_REPRESENTATION_CONTEXT() REPRESENTATION_CONTEXT('2D SPACE',''
  ) );
#9019 = ORIENTED_EDGE('',*,*,#8900,.T.);
#9020 = ORIENTED_EDGE('',*,*,#3574,.T.);
#9021 = ADVANCED_FACE('',(#9022),#3646,.F.);
#9022 = FACE_BOUND('',#9023,.F.);
#9023 = EDGE_LOOP('',(#9024,#9047,#9075,#9096));
#9024 = ORIENTED_EDGE('',*,*,#9025,.F.);
#9025 = EDGE_CURVE('',#9026,#3632,#9028,.T.);
#9026 = VERTEX_POINT('',#9027);
#9027 = CARTESIAN_POINT('',(-20.57164884767,-53.59633628978,53.5));
#9028 = SURFACE_CURVE('',#9029,(#9033,#9040),.PCURVE_S1.);
#9029 = LINE('',#9030,#9031);
#9030 = CARTESIAN_POINT('',(-20.57164884767,-53.59633628978,53.5));
#9031 = VECTOR('',#9032,1.);
#9032 = DIRECTION('',(-0.342020143326,-0.939692620786,0.));
#9033 = PCURVE('',#3646,#9034);
#9034 = DEFINITIONAL_REPRESENTATION('',(#9035),#9039);
#9035 = LINE('',#9036,#9037);
#9036 = CARTESIAN_POINT('',(7.,0.));
#9037 = VECTOR('',#9038,1.);
#9038 = DIRECTION('',(0.,-1.));
#9039 = ( GEOMETRIC_REPRESENTATION_CONTEXT(2) 
PARAMETRIC_REPRESENTATION_CONTEXT() REPRESENTATION_CONTEXT('2D SPACE',''
  ) );
#9040 = PCURVE('',#3674,#9041);
#9041 = DEFINITIONAL_REPRESENTATION('',(#9042),#9046);
#9042 = LINE('',#9043,#9044);
#9043 = CARTESIAN_POINT('',(2.,0.));
#9044 = VECTOR('',#9045,1.);
#9045 = DIRECTION('',(0.,1.));
#9046 = ( GEOMETRIC_REPRESENTATION_CONTEXT(2) 
PARAMETRIC_REPRESENTATION_CONTEXT() REPRESENTATION_CONTEXT('2D SPACE',''
  ) );
#9047 = ORIENTED_EDGE('',*,*,#9048,.F.);
#9048 = EDGE_CURVE('',#9049,#9026,#9051,.T.);
#9049 = VERTEX_POINT('',#9050);
#9050 = CARTESIAN_POINT('',(-20.57164884767,-53.59633628978,46.5));
#9051 = SURFACE_CURVE('',#9052,(#9056,#9063),.PCURVE_S1.);
#9052 = LINE('',#9053,#9054);
#9053 = CARTESIAN_POINT('',(-20.57164884767,-53.59633628978,46.5));
#9054 = VECTOR('',#9055,1.);
#9055 = DIRECTION('',(0.,0.,1.));
#9056 = PCURVE('',#3646,#9057);
#9057 = DEFINITIONAL_REPRESENTATION('',(#9058),#9062);
#9058 = LINE('',#9059,#9060);
#9059 = CARTESIAN_POINT('',(0.,0.));
#9060 = VECTOR('',#9061,1.);
#9061 = DIRECTION('',(1.,0.));
#9062 = ( GEOMETRIC_REPRESENTATION_CONTEXT(2) 
PARAMETRIC_REPRESENTATION_CONTEXT() REPRESENTATION_CONTEXT('2D SPACE',''
  ) );
#9063 = PCURVE('',#9064,#9069);
#9064 = PLANE('',#9065);
#9065 = AXIS2_PLACEMENT_3D('',#9066,#9067,#9068);
#9066 = CARTESIAN_POINT('',(-18.6922636061,-54.28037657643,46.5));
#9067 = DIRECTION('',(-0.342020143326,-0.939692620786,0.));
#9068 = DIRECTION('',(0.,0.,1.));
#9069 = DEFINITIONAL_REPRESENTATION('',(#9070),#9074);
#9070 = LINE('',#9071,#9072);
#9071 = CARTESIAN_POINT('',(0.,2.));
#9072 = VECTOR('',#9073,1.);
#9073 = DIRECTION('',(1.,0.));
#9074 = ( GEOMETRIC_REPRESENTATION_CONTEXT(2) 
PARAMETRIC_REPRESENTATION_CONTEXT() REPRESENTATION_CONTEXT('2D SPACE',''
  ) );
#9075 = ORIENTED_EDGE('',*,*,#9076,.T.);
#9076 = EDGE_CURVE('',#9049,#3630,#9077,.T.);
#9077 = SURFACE_CURVE('',#9078,(#9082,#9089),.PCURVE_S1.);
#9078 = LINE('',#9079,#9080);
#9079 = CARTESIAN_POINT('',(-20.57164884767,-53.59633628978,46.5));
#9080 = VECTOR('',#9081,1.);
#9081 = DIRECTION('',(-0.342020143326,-0.939692620786,0.));
#9082 = PCURVE('',#3646,#9083);
#9083 = DEFINITIONAL_REPRESENTATION('',(#9084),#9088);
#9084 = LINE('',#9085,#9086);
#9085 = CARTESIAN_POINT('',(0.,0.));
#9086 = VECTOR('',#9087,1.);
#9087 = DIRECTION('',(0.,-1.));
#9088 = ( GEOMETRIC_REPRESENTATION_CONTEXT(2) 
PARAMETRIC_REPRESENTATION_CONTEXT() REPRESENTATION_CONTEXT('2D SPACE',''
  ) );
#9089 = PCURVE('',#3727,#9090);
#9090 = DEFINITIONAL_REPRESENTATION('',(#9091),#9095);
#9091 = LINE('',#9092,#9093);
#9092 = CARTESIAN_POINT('',(2.,0.));
#9093 = VECTOR('',#9094,1.);
#9094 = DIRECTION('',(0.,1.));
#9095 = ( GEOMETRIC_REPRESENTATION_CONTEXT(2) 
PARAMETRIC_REPRESENTATION_CONTEXT() REPRESENTATION_CONTEXT('2D SPACE',''
  ) );
#9096 = ORIENTED_EDGE('',*,*,#3629,.T.);
#9097 = ADVANCED_FACE('',(#9098),#3727,.T.);
#9098 = FACE_BOUND('',#9099,.T.);
#9099 = EDGE_LOOP('',(#9100,#9123,#9144,#9145));
#9100 = ORIENTED_EDGE('',*,*,#9101,.F.);
#9101 = EDGE_CURVE('',#9102,#3687,#9104,.T.);
#9102 = VERTEX_POINT('',#9103);
#9103 = CARTESIAN_POINT('',(-18.6922636061,-54.28037657643,46.5));
#9104 = SURFACE_CURVE('',#9105,(#9109,#9116),.PCURVE_S1.);
#9105 = LINE('',#9106,#9107);
#9106 = CARTESIAN_POINT('',(-18.6922636061,-54.28037657643,46.5));
#9107 = VECTOR('',#9108,1.);
#9108 = DIRECTION('',(-0.342020143326,-0.939692620786,0.));
#9109 = PCURVE('',#3727,#9110);
#9110 = DEFINITIONAL_REPRESENTATION('',(#9111),#9115);
#9111 = LINE('',#9112,#9113);
#9112 = CARTESIAN_POINT('',(0.,0.));
#9113 = VECTOR('',#9114,1.);
#9114 = DIRECTION('',(0.,1.));
#9115 = ( GEOMETRIC_REPRESENTATION_CONTEXT(2) 
PARAMETRIC_REPRESENTATION_CONTEXT() REPRESENTATION_CONTEXT('2D SPACE',''
  ) );
#9116 = PCURVE('',#3701,#9117);
#9117 = DEFINITIONAL_REPRESENTATION('',(#9118),#9122);
#9118 = LINE('',#9119,#9120);
#9119 = CARTESIAN_POINT('',(0.,0.));
#9120 = VECTOR('',#9121,1.);
#9121 = DIRECTION('',(0.,-1.));
#9122 = ( GEOMETRIC_REPRESENTATION_CONTEXT(2) 
PARAMETRIC_REPRESENTATION_CONTEXT() REPRESENTATION_CONTEXT('2D SPACE',''
  ) );
#9123 = ORIENTED_EDGE('',*,*,#9124,.T.);
#9124 = EDGE_CURVE('',#9102,#9049,#9125,.T.);
#9125 = SURFACE_CURVE('',#9126,(#9130,#9137),.PCURVE_S1.);
#9126 = LINE('',#9127,#9128);
#9127 = CARTESIAN_POINT('',(-18.6922636061,-54.28037657643,46.5));
#9128 = VECTOR('',#9129,1.);
#9129 = DIRECTION('',(-0.939692620786,0.342020143326,0.));
#9130 = PCURVE('',#3727,#9131);
#9131 = DEFINITIONAL_REPRESENTATION('',(#9132),#9136);
#9132 = LINE('',#9133,#9134);
#9133 = CARTESIAN_POINT('',(0.,0.));
#9134 = VECTOR('',#9135,1.);
#9135 = DIRECTION('',(1.,0.));
#9136 = ( GEOMETRIC_REPRESENTATION_CONTEXT(2) 
PARAMETRIC_REPRESENTATION_CONTEXT() REPRESENTATION_CONTEXT('2D SPACE',''
  ) );
#9137 = PCURVE('',#9064,#9138);
#9138 = DEFINITIONAL_REPRESENTATION('',(#9139),#9143);
#9139 = LINE('',#9140,#9141);
#9140 = CARTESIAN_POINT('',(0.,0.));
#9141 = VECTOR('',#9142,1.);
#9142 = DIRECTION('',(0.,1.));
#9143 = ( GEOMETRIC_REPRESENTATION_CONTEXT(2) 
PARAMETRIC_REPRESENTATION_CONTEXT() REPRESENTATION_CONTEXT('2D SPACE',''
  ) );
#9144 = ORIENTED_EDGE('',*,*,#9076,.T.);
#9145 = ORIENTED_EDGE('',*,*,#3712,.T.);
#9146 = ADVANCED_FACE('',(#9147),#3674,.F.);
#9147 = FACE_BOUND('',#9148,.F.);
#9148 = EDGE_LOOP('',(#9149,#9172,#9193,#9194));
#9149 = ORIENTED_EDGE('',*,*,#9150,.F.);
#9150 = EDGE_CURVE('',#9151,#3658,#9153,.T.);
#9151 = VERTEX_POINT('',#9152);
#9152 = CARTESIAN_POINT('',(-18.6922636061,-54.28037657643,53.5));
#9153 = SURFACE_CURVE('',#9154,(#9158,#9165),.PCURVE_S1.);
#9154 = LINE('',#9155,#9156);
#9155 = CARTESIAN_POINT('',(-18.6922636061,-54.28037657643,53.5));
#9156 = VECTOR('',#9157,1.);
#9157 = DIRECTION('',(-0.342020143326,-0.939692620786,0.));
#9158 = PCURVE('',#3674,#9159);
#9159 = DEFINITIONAL_REPRESENTATION('',(#9160),#9164);
#9160 = LINE('',#9161,#9162);
#9161 = CARTESIAN_POINT('',(0.,0.));
#9162 = VECTOR('',#9163,1.);
#9163 = DIRECTION('',(0.,1.));
#9164 = ( GEOMETRIC_REPRESENTATION_CONTEXT(2) 
PARAMETRIC_REPRESENTATION_CONTEXT() REPRESENTATION_CONTEXT('2D SPACE',''
  ) );
#9165 = PCURVE('',#3701,#9166);
#9166 = DEFINITIONAL_REPRESENTATION('',(#9167),#9171);
#9167 = LINE('',#9168,#9169);
#9168 = CARTESIAN_POINT('',(7.,0.));
#9169 = VECTOR('',#9170,1.);
#9170 = DIRECTION('',(0.,-1.));
#9171 = ( GEOMETRIC_REPRESENTATION_CONTEXT(2) 
PARAMETRIC_REPRESENTATION_CONTEXT() REPRESENTATION_CONTEXT('2D SPACE',''
  ) );
#9172 = ORIENTED_EDGE('',*,*,#9173,.T.);
#9173 = EDGE_CURVE('',#9151,#9026,#9174,.T.);
#9174 = SURFACE_CURVE('',#9175,(#9179,#9186),.PCURVE_S1.);
#9175 = LINE('',#9176,#9177);
#9176 = CARTESIAN_POINT('',(-18.6922636061,-54.28037657643,53.5));
#9177 = VECTOR('',#9178,1.);
#9178 = DIRECTION('',(-0.939692620786,0.342020143326,0.));
#9179 = PCURVE('',#3674,#9180);
#9180 = DEFINITIONAL_REPRESENTATION('',(#9181),#9185);
#9181 = LINE('',#9182,#9183);
#9182 = CARTESIAN_POINT('',(0.,0.));
#9183 = VECTOR('',#9184,1.);
#9184 = DIRECTION('',(1.,0.));
#9185 = ( GEOMETRIC_REPRESENTATION_CONTEXT(2) 
PARAMETRIC_REPRESENTATION_CONTEXT() REPRESENTATION_CONTEXT('2D SPACE',''
  ) );
#9186 = PCURVE('',#9064,#9187);
#9187 = DEFINITIONAL_REPRESENTATION('',(#9188),#9192);
#9188 = LINE('',#9189,#9190);
#9189 = CARTESIAN_POINT('',(7.,0.));
#9190 = VECTOR('',#9191,1.);
#9191 = DIRECTION('',(0.,1.));
#9192 = ( GEOMETRIC_REPRESENTATION_CONTEXT(2) 
PARAMETRIC_REPRESENTATION_CONTEXT() REPRESENTATION_CONTEXT('2D SPACE',''
  ) );
#9193 = ORIENTED_EDGE('',*,*,#9025,.T.);
#9194 = ORIENTED_EDGE('',*,*,#3657,.T.);
#9195 = ADVANCED_FACE('',(#9196),#3701,.T.);
#9196 = FACE_BOUND('',#9197,.T.);
#9197 = EDGE_LOOP('',(#9198,#9199,#9220,#9221));
#9198 = ORIENTED_EDGE('',*,*,#9150,.F.);
#9199 = ORIENTED_EDGE('',*,*,#9200,.F.);
#9200 = EDGE_CURVE('',#9102,#9151,#9201,.T.);
#9201 = SURFACE_CURVE('',#9202,(#9206,#9213),.PCURVE_S1.);
#9202 = LINE('',#9203,#9204);
#9203 = CARTESIAN_POINT('',(-18.6922636061,-54.28037657643,46.5));
#9204 = VECTOR('',#9205,1.);
#9205 = DIRECTION('',(0.,0.,1.));
#9206 = PCURVE('',#3701,#9207);
#9207 = DEFINITIONAL_REPRESENTATION('',(#9208),#9212);
#9208 = LINE('',#9209,#9210);
#9209 = CARTESIAN_POINT('',(0.,0.));
#9210 = VECTOR('',#9211,1.);
#9211 = DIRECTION('',(1.,0.));
#9212 = ( GEOMETRIC_REPRESENTATION_CONTEXT(2) 
PARAMETRIC_REPRESENTATION_CONTEXT() REPRESENTATION_CONTEXT('2D SPACE',''
  ) );
#9213 = PCURVE('',#9064,#9214);
#9214 = DEFINITIONAL_REPRESENTATION('',(#9215),#9219);
#9215 = LINE('',#9216,#9217);
#9216 = CARTESIAN_POINT('',(0.,0.));
#9217 = VECTOR('',#9218,1.);
#9218 = DIRECTION('',(1.,0.));
#9219 = ( GEOMETRIC_REPRESENTATION_CONTEXT(2) 
PARAMETRIC_REPRESENTATION_CONTEXT() REPRESENTATION_CONTEXT('2D SPACE',''
  ) );
#9220 = ORIENTED_EDGE('',*,*,#9101,.T.);
#9221 = ORIENTED_EDGE('',*,*,#3686,.T.);
#9222 = ADVANCED_FACE('',(#9223),#3758,.F.);
#9223 = FACE_BOUND('',#9224,.F.);
#9224 = EDGE_LOOP('',(#9225,#9248,#9276,#9297));
#9225 = ORIENTED_EDGE('',*,*,#9226,.F.);
#9226 = EDGE_CURVE('',#9227,#3744,#9229,.T.);
#9227 = VERTEX_POINT('',#9228);
#9228 = CARTESIAN_POINT('',(-10.95221315109,-56.35431684523,53.5));
#9229 = SURFACE_CURVE('',#9230,(#9234,#9241),.PCURVE_S1.);
#9230 = LINE('',#9231,#9232);
#9231 = CARTESIAN_POINT('',(-10.95221315109,-56.35431684523,53.5));
#9232 = VECTOR('',#9233,1.);
#9233 = DIRECTION('',(-0.173648177667,-0.984807753012,0.));
#9234 = PCURVE('',#3758,#9235);
#9235 = DEFINITIONAL_REPRESENTATION('',(#9236),#9240);
#9236 = LINE('',#9237,#9238);
#9237 = CARTESIAN_POINT('',(7.,0.));
#9238 = VECTOR('',#9239,1.);
#9239 = DIRECTION('',(0.,-1.));
#9240 = ( GEOMETRIC_REPRESENTATION_CONTEXT(2) 
PARAMETRIC_REPRESENTATION_CONTEXT() REPRESENTATION_CONTEXT('2D SPACE',''
  ) );
#9241 = PCURVE('',#3786,#9242);
#9242 = DEFINITIONAL_REPRESENTATION('',(#9243),#9247);
#9243 = LINE('',#9244,#9245);
#9244 = CARTESIAN_POINT('',(2.,0.));
#9245 = VECTOR('',#9246,1.);
#9246 = DIRECTION('',(0.,1.));
#9247 = ( GEOMETRIC_REPRESENTATION_CONTEXT(2) 
PARAMETRIC_REPRESENTATION_CONTEXT() REPRESENTATION_CONTEXT('2D SPACE',''
  ) );
#9248 = ORIENTED_EDGE('',*,*,#9249,.F.);
#9249 = EDGE_CURVE('',#9250,#9227,#9252,.T.);
#9250 = VERTEX_POINT('',#9251);
#9251 = CARTESIAN_POINT('',(-10.95221315109,-56.35431684523,46.5));
#9252 = SURFACE_CURVE('',#9253,(#9257,#9264),.PCURVE_S1.);
#9253 = LINE('',#9254,#9255);
#9254 = CARTESIAN_POINT('',(-10.95221315109,-56.35431684523,46.5));
#9255 = VECTOR('',#9256,1.);
#9256 = DIRECTION('',(0.,0.,1.));
#9257 = PCURVE('',#3758,#9258);
#9258 = DEFINITIONAL_REPRESENTATION('',(#9259),#9263);
#9259 = LINE('',#9260,#9261);
#9260 = CARTESIAN_POINT('',(0.,0.));
#9261 = VECTOR('',#9262,1.);
#9262 = DIRECTION('',(1.,0.));
#9263 = ( GEOMETRIC_REPRESENTATION_CONTEXT(2) 
PARAMETRIC_REPRESENTATION_CONTEXT() REPRESENTATION_CONTEXT('2D SPACE',''
  ) );
#9264 = PCURVE('',#9265,#9270);
#9265 = PLANE('',#9266);
#9266 = AXIS2_PLACEMENT_3D('',#9267,#9268,#9269);
#9267 = CARTESIAN_POINT('',(-8.98259764507,-56.70161320056,46.5));
#9268 = DIRECTION('',(-0.173648177667,-0.984807753012,0.));
#9269 = DIRECTION('',(0.,0.,1.));
#9270 = DEFINITIONAL_REPRESENTATION('',(#9271),#9275);
#9271 = LINE('',#9272,#9273);
#9272 = CARTESIAN_POINT('',(0.,2.));
#9273 = VECTOR('',#9274,1.);
#9274 = DIRECTION('',(1.,0.));
#9275 = ( GEOMETRIC_REPRESENTATION_CONTEXT(2) 
PARAMETRIC_REPRESENTATION_CONTEXT() REPRESENTATION_CONTEXT('2D SPACE',''
  ) );
#9276 = ORIENTED_EDGE('',*,*,#9277,.T.);
#9277 = EDGE_CURVE('',#9250,#3742,#9278,.T.);
#9278 = SURFACE_CURVE('',#9279,(#9283,#9290),.PCURVE_S1.);
#9279 = LINE('',#9280,#9281);
#9280 = CARTESIAN_POINT('',(-10.95221315109,-56.35431684523,46.5));
#9281 = VECTOR('',#9282,1.);
#9282 = DIRECTION('',(-0.173648177667,-0.984807753012,0.));
#9283 = PCURVE('',#3758,#9284);
#9284 = DEFINITIONAL_REPRESENTATION('',(#9285),#9289);
#9285 = LINE('',#9286,#9287);
#9286 = CARTESIAN_POINT('',(0.,0.));
#9287 = VECTOR('',#9288,1.);
#9288 = DIRECTION('',(0.,-1.));
#9289 = ( GEOMETRIC_REPRESENTATION_CONTEXT(2) 
PARAMETRIC_REPRESENTATION_CONTEXT() REPRESENTATION_CONTEXT('2D SPACE',''
  ) );
#9290 = PCURVE('',#3839,#9291);
#9291 = DEFINITIONAL_REPRESENTATION('',(#9292),#9296);
#9292 = LINE('',#9293,#9294);
#9293 = CARTESIAN_POINT('',(2.,0.));
#9294 = VECTOR('',#9295,1.);
#9295 = DIRECTION('',(0.,1.));
#9296 = ( GEOMETRIC_REPRESENTATION_CONTEXT(2) 
PARAMETRIC_REPRESENTATION_CONTEXT() REPRESENTATION_CONTEXT('2D SPACE',''
  ) );
#9297 = ORIENTED_EDGE('',*,*,#3741,.T.);
#9298 = ADVANCED_FACE('',(#9299),#3839,.T.);
#9299 = FACE_BOUND('',#9300,.T.);
#9300 = EDGE_LOOP('',(#9301,#9324,#9345,#9346));
#9301 = ORIENTED_EDGE('',*,*,#9302,.F.);
#9302 = EDGE_CURVE('',#9303,#3799,#9305,.T.);
#9303 = VERTEX_POINT('',#9304);
#9304 = CARTESIAN_POINT('',(-8.98259764507,-56.70161320056,46.5));
#9305 = SURFACE_CURVE('',#9306,(#9310,#9317),.PCURVE_S1.);
#9306 = LINE('',#9307,#9308);
#9307 = CARTESIAN_POINT('',(-8.98259764507,-56.70161320056,46.5));
#9308 = VECTOR('',#9309,1.);
#9309 = DIRECTION('',(-0.173648177667,-0.984807753012,0.));
#9310 = PCURVE('',#3839,#9311);
#9311 = DEFINITIONAL_REPRESENTATION('',(#9312),#9316);
#9312 = LINE('',#9313,#9314);
#9313 = CARTESIAN_POINT('',(0.,0.));
#9314 = VECTOR('',#9315,1.);
#9315 = DIRECTION('',(0.,1.));
#9316 = ( GEOMETRIC_REPRESENTATION_CONTEXT(2) 
PARAMETRIC_REPRESENTATION_CONTEXT() REPRESENTATION_CONTEXT('2D SPACE',''
  ) );
#9317 = PCURVE('',#3813,#9318);
#9318 = DEFINITIONAL_REPRESENTATION('',(#9319),#9323);
#9319 = LINE('',#9320,#9321);
#9320 = CARTESIAN_POINT('',(0.,0.));
#9321 = VECTOR('',#9322,1.);
#9322 = DIRECTION('',(0.,-1.));
#9323 = ( GEOMETRIC_REPRESENTATION_CONTEXT(2) 
PARAMETRIC_REPRESENTATION_CONTEXT() REPRESENTATION_CONTEXT('2D SPACE',''
  ) );
#9324 = ORIENTED_EDGE('',*,*,#9325,.T.);
#9325 = EDGE_CURVE('',#9303,#9250,#9326,.T.);
#9326 = SURFACE_CURVE('',#9327,(#9331,#9338),.PCURVE_S1.);
#9327 = LINE('',#9328,#9329);
#9328 = CARTESIAN_POINT('',(-8.98259764507,-56.70161320056,46.5));
#9329 = VECTOR('',#9330,1.);
#9330 = DIRECTION('',(-0.984807753012,0.173648177667,0.));
#9331 = PCURVE('',#3839,#9332);
#9332 = DEFINITIONAL_REPRESENTATION('',(#9333),#9337);
#9333 = LINE('',#9334,#9335);
#9334 = CARTESIAN_POINT('',(0.,0.));
#9335 = VECTOR('',#9336,1.);
#9336 = DIRECTION('',(1.,0.));
#9337 = ( GEOMETRIC_REPRESENTATION_CONTEXT(2) 
PARAMETRIC_REPRESENTATION_CONTEXT() REPRESENTATION_CONTEXT('2D SPACE',''
  ) );
#9338 = PCURVE('',#9265,#9339);
#9339 = DEFINITIONAL_REPRESENTATION('',(#9340),#9344);
#9340 = LINE('',#9341,#9342);
#9341 = CARTESIAN_POINT('',(0.,0.));
#9342 = VECTOR('',#9343,1.);
#9343 = DIRECTION('',(0.,1.));
#9344 = ( GEOMETRIC_REPRESENTATION_CONTEXT(2) 
PARAMETRIC_REPRESENTATION_CONTEXT() REPRESENTATION_CONTEXT('2D SPACE',''
  ) );
#9345 = ORIENTED_EDGE('',*,*,#9277,.T.);
#9346 = ORIENTED_EDGE('',*,*,#3824,.T.);
#9347 = ADVANCED_FACE('',(#9348),#3786,.F.);
#9348 = FACE_BOUND('',#9349,.F.);
#9349 = EDGE_LOOP('',(#9350,#9373,#9394,#9395));
#9350 = ORIENTED_EDGE('',*,*,#9351,.F.);
#9351 = EDGE_CURVE('',#9352,#3770,#9354,.T.);
#9352 = VERTEX_POINT('',#9353);
#9353 = CARTESIAN_POINT('',(-8.98259764507,-56.70161320056,53.5));
#9354 = SURFACE_CURVE('',#9355,(#9359,#9366),.PCURVE_S1.);
#9355 = LINE('',#9356,#9357);
#9356 = CARTESIAN_POINT('',(-8.98259764507,-56.70161320056,53.5));
#9357 = VECTOR('',#9358,1.);
#9358 = DIRECTION('',(-0.173648177667,-0.984807753012,0.));
#9359 = PCURVE('',#3786,#9360);
#9360 = DEFINITIONAL_REPRESENTATION('',(#9361),#9365);
#9361 = LINE('',#9362,#9363);
#9362 = CARTESIAN_POINT('',(0.,0.));
#9363 = VECTOR('',#9364,1.);
#9364 = DIRECTION('',(0.,1.));
#9365 = ( GEOMETRIC_REPRESENTATION_CONTEXT(2) 
PARAMETRIC_REPRESENTATION_CONTEXT() REPRESENTATION_CONTEXT('2D SPACE',''
  ) );
#9366 = PCURVE('',#3813,#9367);
#9367 = DEFINITIONAL_REPRESENTATION('',(#9368),#9372);
#9368 = LINE('',#9369,#9370);
#9369 = CARTESIAN_POINT('',(7.,0.));
#9370 = VECTOR('',#9371,1.);
#9371 = DIRECTION('',(0.,-1.));
#9372 = ( GEOMETRIC_REPRESENTATION_CONTEXT(2) 
PARAMETRIC_REPRESENTATION_CONTEXT() REPRESENTATION_CONTEXT('2D SPACE',''
  ) );
#9373 = ORIENTED_EDGE('',*,*,#9374,.T.);
#9374 = EDGE_CURVE('',#9352,#9227,#9375,.T.);
#9375 = SURFACE_CURVE('',#9376,(#9380,#9387),.PCURVE_S1.);
#9376 = LINE('',#9377,#9378);
#9377 = CARTESIAN_POINT('',(-8.98259764507,-56.70161320056,53.5));
#9378 = VECTOR('',#9379,1.);
#9379 = DIRECTION('',(-0.984807753012,0.173648177667,0.));
#9380 = PCURVE('',#3786,#9381);
#9381 = DEFINITIONAL_REPRESENTATION('',(#9382),#9386);
#9382 = LINE('',#9383,#9384);
#9383 = CARTESIAN_POINT('',(0.,0.));
#9384 = VECTOR('',#9385,1.);
#9385 = DIRECTION('',(1.,0.));
#9386 = ( GEOMETRIC_REPRESENTATION_CONTEXT(2) 
PARAMETRIC_REPRESENTATION_CONTEXT() REPRESENTATION_CONTEXT('2D SPACE',''
  ) );
#9387 = PCURVE('',#9265,#9388);
#9388 = DEFINITIONAL_REPRESENTATION('',(#9389),#9393);
#9389 = LINE('',#9390,#9391);
#9390 = CARTESIAN_POINT('',(7.,0.));
#9391 = VECTOR('',#9392,1.);
#9392 = DIRECTION('',(0.,1.));
#9393 = ( GEOMETRIC_REPRESENTATION_CONTEXT(2) 
PARAMETRIC_REPRESENTATION_CONTEXT() REPRESENTATION_CONTEXT('2D SPACE',''
  ) );
#9394 = ORIENTED_EDGE('',*,*,#9226,.T.);
#9395 = ORIENTED_EDGE('',*,*,#3769,.T.);
#9396 = ADVANCED_FACE('',(#9397),#3813,.T.);
#9397 = FACE_BOUND('',#9398,.T.);
#9398 = EDGE_LOOP('',(#9399,#9400,#9421,#9422));
#9399 = ORIENTED_EDGE('',*,*,#9351,.F.);
#9400 = ORIENTED_EDGE('',*,*,#9401,.F.);
#9401 = EDGE_CURVE('',#9303,#9352,#9402,.T.);
#9402 = SURFACE_CURVE('',#9403,(#9407,#9414),.PCURVE_S1.);
#9403 = LINE('',#9404,#9405);
#9404 = CARTESIAN_POINT('',(-8.98259764507,-56.70161320056,46.5));
#9405 = VECTOR('',#9406,1.);
#9406 = DIRECTION('',(0.,0.,1.));
#9407 = PCURVE('',#3813,#9408);
#9408 = DEFINITIONAL_REPRESENTATION('',(#9409),#9413);
#9409 = LINE('',#9410,#9411);
#9410 = CARTESIAN_POINT('',(0.,0.));
#9411 = VECTOR('',#9412,1.);
#9412 = DIRECTION('',(1.,0.));
#9413 = ( GEOMETRIC_REPRESENTATION_CONTEXT(2) 
PARAMETRIC_REPRESENTATION_CONTEXT() REPRESENTATION_CONTEXT('2D SPACE',''
  ) );
#9414 = PCURVE('',#9265,#9415);
#9415 = DEFINITIONAL_REPRESENTATION('',(#9416),#9420);
#9416 = LINE('',#9417,#9418);
#9417 = CARTESIAN_POINT('',(0.,0.));
#9418 = VECTOR('',#9419,1.);
#9419 = DIRECTION('',(1.,0.));
#9420 = ( GEOMETRIC_REPRESENTATION_CONTEXT(2) 
PARAMETRIC_REPRESENTATION_CONTEXT() REPRESENTATION_CONTEXT('2D SPACE',''
  ) );
#9421 = ORIENTED_EDGE('',*,*,#9302,.T.);
#9422 = ORIENTED_EDGE('',*,*,#3798,.T.);
#9423 = ADVANCED_FACE('',(#9424),#3870,.T.);
#9424 = FACE_BOUND('',#9425,.T.);
#9425 = EDGE_LOOP('',(#9426,#9449,#9477,#9498));
#9426 = ORIENTED_EDGE('',*,*,#9427,.F.);
#9427 = EDGE_CURVE('',#9428,#3856,#9430,.T.);
#9428 = VERTEX_POINT('',#9429);
#9429 = CARTESIAN_POINT('',(1.,-57.4,53.5));
#9430 = SURFACE_CURVE('',#9431,(#9435,#9442),.PCURVE_S1.);
#9431 = LINE('',#9432,#9433);
#9432 = CARTESIAN_POINT('',(1.,-57.4,53.5));
#9433 = VECTOR('',#9434,1.);
#9434 = DIRECTION('',(1.224646799147E-16,-1.,0.));
#9435 = PCURVE('',#3870,#9436);
#9436 = DEFINITIONAL_REPRESENTATION('',(#9437),#9441);
#9437 = LINE('',#9438,#9439);
#9438 = CARTESIAN_POINT('',(7.,0.));
#9439 = VECTOR('',#9440,1.);
#9440 = DIRECTION('',(0.,-1.));
#9441 = ( GEOMETRIC_REPRESENTATION_CONTEXT(2) 
PARAMETRIC_REPRESENTATION_CONTEXT() REPRESENTATION_CONTEXT('2D SPACE',''
  ) );
#9442 = PCURVE('',#3951,#9443);
#9443 = DEFINITIONAL_REPRESENTATION('',(#9444),#9448);
#9444 = LINE('',#9445,#9446);
#9445 = CARTESIAN_POINT('',(0.,0.));
#9446 = VECTOR('',#9447,1.);
#9447 = DIRECTION('',(0.,1.));
#9448 = ( GEOMETRIC_REPRESENTATION_CONTEXT(2) 
PARAMETRIC_REPRESENTATION_CONTEXT() REPRESENTATION_CONTEXT('2D SPACE',''
  ) );
#9449 = ORIENTED_EDGE('',*,*,#9450,.F.);
#9450 = EDGE_CURVE('',#9451,#9428,#9453,.T.);
#9451 = VERTEX_POINT('',#9452);
#9452 = CARTESIAN_POINT('',(1.,-57.4,46.5));
#9453 = SURFACE_CURVE('',#9454,(#9458,#9465),.PCURVE_S1.);
#9454 = LINE('',#9455,#9456);
#9455 = CARTESIAN_POINT('',(1.,-57.4,46.5));
#9456 = VECTOR('',#9457,1.);
#9457 = DIRECTION('',(0.,-0.,1.));
#9458 = PCURVE('',#3870,#9459);
#9459 = DEFINITIONAL_REPRESENTATION('',(#9460),#9464);
#9460 = LINE('',#9461,#9462);
#9461 = CARTESIAN_POINT('',(0.,0.));
#9462 = VECTOR('',#9463,1.);
#9463 = DIRECTION('',(1.,0.));
#9464 = ( GEOMETRIC_REPRESENTATION_CONTEXT(2) 
PARAMETRIC_REPRESENTATION_CONTEXT() REPRESENTATION_CONTEXT('2D SPACE',''
  ) );
#9465 = PCURVE('',#9466,#9471);
#9466 = PLANE('',#9467);
#9467 = AXIS2_PLACEMENT_3D('',#9468,#9469,#9470);
#9468 = CARTESIAN_POINT('',(1.,-57.4,46.5));
#9469 = DIRECTION('',(1.224646799147E-16,-1.,0.));
#9470 = DIRECTION('',(0.,-0.,1.));
#9471 = DEFINITIONAL_REPRESENTATION('',(#9472),#9476);
#9472 = LINE('',#9473,#9474);
#9473 = CARTESIAN_POINT('',(0.,0.));
#9474 = VECTOR('',#9475,1.);
#9475 = DIRECTION('',(1.,0.));
#9476 = ( GEOMETRIC_REPRESENTATION_CONTEXT(2) 
PARAMETRIC_REPRESENTATION_CONTEXT() REPRESENTATION_CONTEXT('2D SPACE',''
  ) );
#9477 = ORIENTED_EDGE('',*,*,#9478,.T.);
#9478 = EDGE_CURVE('',#9451,#3854,#9479,.T.);
#9479 = SURFACE_CURVE('',#9480,(#9484,#9491),.PCURVE_S1.);
#9480 = LINE('',#9481,#9482);
#9481 = CARTESIAN_POINT('',(1.,-57.4,46.5));
#9482 = VECTOR('',#9483,1.);
#9483 = DIRECTION('',(1.224646799147E-16,-1.,0.));
#9484 = PCURVE('',#3870,#9485);
#9485 = DEFINITIONAL_REPRESENTATION('',(#9486),#9490);
#9486 = LINE('',#9487,#9488);
#9487 = CARTESIAN_POINT('',(0.,0.));
#9488 = VECTOR('',#9489,1.);
#9489 = DIRECTION('',(0.,-1.));
#9490 = ( GEOMETRIC_REPRESENTATION_CONTEXT(2) 
PARAMETRIC_REPRESENTATION_CONTEXT() REPRESENTATION_CONTEXT('2D SPACE',''
  ) );
#9491 = PCURVE('',#3898,#9492);
#9492 = DEFINITIONAL_REPRESENTATION('',(#9493),#9497);
#9493 = LINE('',#9494,#9495);
#9494 = CARTESIAN_POINT('',(0.,0.));
#9495 = VECTOR('',#9496,1.);
#9496 = DIRECTION('',(0.,1.));
#9497 = ( GEOMETRIC_REPRESENTATION_CONTEXT(2) 
PARAMETRIC_REPRESENTATION_CONTEXT() REPRESENTATION_CONTEXT('2D SPACE',''
  ) );
#9498 = ORIENTED_EDGE('',*,*,#3853,.T.);
#9499 = ADVANCED_FACE('',(#9500),#3898,.T.);
#9500 = FACE_BOUND('',#9501,.T.);
#9501 = EDGE_LOOP('',(#9502,#9503,#9526,#9547));
#9502 = ORIENTED_EDGE('',*,*,#9478,.F.);
#9503 = ORIENTED_EDGE('',*,*,#9504,.T.);
#9504 = EDGE_CURVE('',#9451,#9505,#9507,.T.);
#9505 = VERTEX_POINT('',#9506);
#9506 = CARTESIAN_POINT('',(-1.,-57.4,46.5));
#9507 = SURFACE_CURVE('',#9508,(#9512,#9519),.PCURVE_S1.);
#9508 = LINE('',#9509,#9510);
#9509 = CARTESIAN_POINT('',(1.,-57.4,46.5));
#9510 = VECTOR('',#9511,1.);
#9511 = DIRECTION('',(-1.,-1.224646799147E-16,0.));
#9512 = PCURVE('',#3898,#9513);
#9513 = DEFINITIONAL_REPRESENTATION('',(#9514),#9518);
#9514 = LINE('',#9515,#9516);
#9515 = CARTESIAN_POINT('',(0.,0.));
#9516 = VECTOR('',#9517,1.);
#9517 = DIRECTION('',(1.,0.));
#9518 = ( GEOMETRIC_REPRESENTATION_CONTEXT(2) 
PARAMETRIC_REPRESENTATION_CONTEXT() REPRESENTATION_CONTEXT('2D SPACE',''
  ) );
#9519 = PCURVE('',#9466,#9520);
#9520 = DEFINITIONAL_REPRESENTATION('',(#9521),#9525);
#9521 = LINE('',#9522,#9523);
#9522 = CARTESIAN_POINT('',(0.,0.));
#9523 = VECTOR('',#9524,1.);
#9524 = DIRECTION('',(0.,1.));
#9525 = ( GEOMETRIC_REPRESENTATION_CONTEXT(2) 
PARAMETRIC_REPRESENTATION_CONTEXT() REPRESENTATION_CONTEXT('2D SPACE',''
  ) );
#9526 = ORIENTED_EDGE('',*,*,#9527,.T.);
#9527 = EDGE_CURVE('',#9505,#3882,#9528,.T.);
#9528 = SURFACE_CURVE('',#9529,(#9533,#9540),.PCURVE_S1.);
#9529 = LINE('',#9530,#9531);
#9530 = CARTESIAN_POINT('',(-1.,-57.4,46.5));
#9531 = VECTOR('',#9532,1.);
#9532 = DIRECTION('',(1.224646799147E-16,-1.,0.));
#9533 = PCURVE('',#3898,#9534);
#9534 = DEFINITIONAL_REPRESENTATION('',(#9535),#9539);
#9535 = LINE('',#9536,#9537);
#9536 = CARTESIAN_POINT('',(2.,0.));
#9537 = VECTOR('',#9538,1.);
#9538 = DIRECTION('',(0.,1.));
#9539 = ( GEOMETRIC_REPRESENTATION_CONTEXT(2) 
PARAMETRIC_REPRESENTATION_CONTEXT() REPRESENTATION_CONTEXT('2D SPACE',''
  ) );
#9540 = PCURVE('',#3925,#9541);
#9541 = DEFINITIONAL_REPRESENTATION('',(#9542),#9546);
#9542 = LINE('',#9543,#9544);
#9543 = CARTESIAN_POINT('',(0.,0.));
#9544 = VECTOR('',#9545,1.);
#9545 = DIRECTION('',(0.,-1.));
#9546 = ( GEOMETRIC_REPRESENTATION_CONTEXT(2) 
PARAMETRIC_REPRESENTATION_CONTEXT() REPRESENTATION_CONTEXT('2D SPACE',''
  ) );
#9547 = ORIENTED_EDGE('',*,*,#3881,.T.);
#9548 = ADVANCED_FACE('',(#9549),#3951,.F.);
#9549 = FACE_BOUND('',#9550,.F.);
#9550 = EDGE_LOOP('',(#9551,#9552,#9575,#9596));
#9551 = ORIENTED_EDGE('',*,*,#9427,.F.);
#9552 = ORIENTED_EDGE('',*,*,#9553,.T.);
#9553 = EDGE_CURVE('',#9428,#9554,#9556,.T.);
#9554 = VERTEX_POINT('',#9555);
#9555 = CARTESIAN_POINT('',(-1.,-57.4,53.5));
#9556 = SURFACE_CURVE('',#9557,(#9561,#9568),.PCURVE_S1.);
#9557 = LINE('',#9558,#9559);
#9558 = CARTESIAN_POINT('',(1.,-57.4,53.5));
#9559 = VECTOR('',#9560,1.);
#9560 = DIRECTION('',(-1.,-1.224646799147E-16,0.));
#9561 = PCURVE('',#3951,#9562);
#9562 = DEFINITIONAL_REPRESENTATION('',(#9563),#9567);
#9563 = LINE('',#9564,#9565);
#9564 = CARTESIAN_POINT('',(0.,0.));
#9565 = VECTOR('',#9566,1.);
#9566 = DIRECTION('',(1.,0.));
#9567 = ( GEOMETRIC_REPRESENTATION_CONTEXT(2) 
PARAMETRIC_REPRESENTATION_CONTEXT() REPRESENTATION_CONTEXT('2D SPACE',''
  ) );
#9568 = PCURVE('',#9466,#9569);
#9569 = DEFINITIONAL_REPRESENTATION('',(#9570),#9574);
#9570 = LINE('',#9571,#9572);
#9571 = CARTESIAN_POINT('',(7.,0.));
#9572 = VECTOR('',#9573,1.);
#9573 = DIRECTION('',(0.,1.));
#9574 = ( GEOMETRIC_REPRESENTATION_CONTEXT(2) 
PARAMETRIC_REPRESENTATION_CONTEXT() REPRESENTATION_CONTEXT('2D SPACE',''
  ) );
#9575 = ORIENTED_EDGE('',*,*,#9576,.T.);
#9576 = EDGE_CURVE('',#9554,#3911,#9577,.T.);
#9577 = SURFACE_CURVE('',#9578,(#9582,#9589),.PCURVE_S1.);
#9578 = LINE('',#9579,#9580);
#9579 = CARTESIAN_POINT('',(-1.,-57.4,53.5));
#9580 = VECTOR('',#9581,1.);
#9581 = DIRECTION('',(1.224646799147E-16,-1.,0.));
#9582 = PCURVE('',#3951,#9583);
#9583 = DEFINITIONAL_REPRESENTATION('',(#9584),#9588);
#9584 = LINE('',#9585,#9586);
#9585 = CARTESIAN_POINT('',(2.,0.));
#9586 = VECTOR('',#9587,1.);
#9587 = DIRECTION('',(0.,1.));
#9588 = ( GEOMETRIC_REPRESENTATION_CONTEXT(2) 
PARAMETRIC_REPRESENTATION_CONTEXT() REPRESENTATION_CONTEXT('2D SPACE',''
  ) );
#9589 = PCURVE('',#3925,#9590);
#9590 = DEFINITIONAL_REPRESENTATION('',(#9591),#9595);
#9591 = LINE('',#9592,#9593);
#9592 = CARTESIAN_POINT('',(7.,0.));
#9593 = VECTOR('',#9594,1.);
#9594 = DIRECTION('',(0.,-1.));
#9595 = ( GEOMETRIC_REPRESENTATION_CONTEXT(2) 
PARAMETRIC_REPRESENTATION_CONTEXT() REPRESENTATION_CONTEXT('2D SPACE',''
  ) );
#9596 = ORIENTED_EDGE('',*,*,#3936,.T.);
#9597 = ADVANCED_FACE('',(#9598),#3925,.F.);
#9598 = FACE_BOUND('',#9599,.F.);
#9599 = EDGE_LOOP('',(#9600,#9601,#9622,#9623));
#9600 = ORIENTED_EDGE('',*,*,#9576,.F.);
#9601 = ORIENTED_EDGE('',*,*,#9602,.F.);
#9602 = EDGE_CURVE('',#9505,#9554,#9603,.T.);
#9603 = SURFACE_CURVE('',#9604,(#9608,#9615),.PCURVE_S1.);
#9604 = LINE('',#9605,#9606);
#9605 = CARTESIAN_POINT('',(-1.,-57.4,46.5));
#9606 = VECTOR('',#9607,1.);
#9607 = DIRECTION('',(0.,-0.,1.));
#9608 = PCURVE('',#3925,#9609);
#9609 = DEFINITIONAL_REPRESENTATION('',(#9610),#9614);
#9610 = LINE('',#9611,#9612);
#9611 = CARTESIAN_POINT('',(0.,0.));
#9612 = VECTOR('',#9613,1.);
#9613 = DIRECTION('',(1.,0.));
#9614 = ( GEOMETRIC_REPRESENTATION_CONTEXT(2) 
PARAMETRIC_REPRESENTATION_CONTEXT() REPRESENTATION_CONTEXT('2D SPACE',''
  ) );
#9615 = PCURVE('',#9466,#9616);
#9616 = DEFINITIONAL_REPRESENTATION('',(#9617),#9621);
#9617 = LINE('',#9618,#9619);
#9618 = CARTESIAN_POINT('',(0.,2.));
#9619 = VECTOR('',#9620,1.);
#9620 = DIRECTION('',(1.,0.));
#9621 = ( GEOMETRIC_REPRESENTATION_CONTEXT(2) 
PARAMETRIC_REPRESENTATION_CONTEXT() REPRESENTATION_CONTEXT('2D SPACE',''
  ) );
#9622 = ORIENTED_EDGE('',*,*,#9527,.T.);
#9623 = ORIENTED_EDGE('',*,*,#3910,.T.);
#9624 = ADVANCED_FACE('',(#9625),#4063,.F.);
#9625 = FACE_BOUND('',#9626,.F.);
#9626 = EDGE_LOOP('',(#9627,#9628,#9649,#9650));
#9627 = ORIENTED_EDGE('',*,*,#8675,.F.);
#9628 = ORIENTED_EDGE('',*,*,#9629,.F.);
#9629 = EDGE_CURVE('',#3966,#8676,#9630,.T.);
#9630 = SEAM_CURVE('',#9631,(#9635,#9642),.PCURVE_S1.);
#9631 = LINE('',#9632,#9633);
#9632 = CARTESIAN_POINT('',(53.916892065474,-55.68465901844,50.));
#9633 = VECTOR('',#9634,1.);
#9634 = DIRECTION('',(-0.707106781187,0.707106781187,2.22044604925E-16)
  );
#9635 = PCURVE('',#4063,#9636);
#9636 = DEFINITIONAL_REPRESENTATION('',(#9637),#9641);
#9637 = LINE('',#9638,#9639);
#9638 = CARTESIAN_POINT('',(6.28318530718,-0.));
#9639 = VECTOR('',#9640,1.);
#9640 = DIRECTION('',(0.,1.));
#9641 = ( GEOMETRIC_REPRESENTATION_CONTEXT(2) 
PARAMETRIC_REPRESENTATION_CONTEXT() REPRESENTATION_CONTEXT('2D SPACE',''
  ) );
#9642 = PCURVE('',#4063,#9643);
#9643 = DEFINITIONAL_REPRESENTATION('',(#9644),#9648);
#9644 = LINE('',#9645,#9646);
#9645 = CARTESIAN_POINT('',(0.,-0.));
#9646 = VECTOR('',#9647,1.);
#9647 = DIRECTION('',(0.,1.));
#9648 = ( GEOMETRIC_REPRESENTATION_CONTEXT(2) 
PARAMETRIC_REPRESENTATION_CONTEXT() REPRESENTATION_CONTEXT('2D SPACE',''
  ) );
#9649 = ORIENTED_EDGE('',*,*,#3965,.T.);
#9650 = ORIENTED_EDGE('',*,*,#9629,.T.);
#9651 = ADVANCED_FACE('',(#9652),#4216,.F.);
#9652 = FACE_BOUND('',#9653,.F.);
#9653 = EDGE_LOOP('',(#9654,#9655,#9678,#9705));
#9654 = ORIENTED_EDGE('',*,*,#4118,.F.);
#9655 = ORIENTED_EDGE('',*,*,#9656,.F.);
#9656 = EDGE_CURVE('',#9657,#4119,#9659,.T.);
#9657 = VERTEX_POINT('',#9658);
#9658 = CARTESIAN_POINT('',(10.926694346568,-56.36113333367,52.5));
#9659 = SEAM_CURVE('',#9660,(#9664,#9671),.PCURVE_S1.);
#9660 = LINE('',#9661,#9662);
#9661 = CARTESIAN_POINT('',(10.926694346568,-56.36113333367,52.5));
#9662 = VECTOR('',#9663,1.);
#9663 = DIRECTION('',(0.209100659945,-0.977894122086,2.22044604925E-16)
  );
#9664 = PCURVE('',#4216,#9665);
#9665 = DEFINITIONAL_REPRESENTATION('',(#9666),#9670);
#9666 = LINE('',#9667,#9668);
#9667 = CARTESIAN_POINT('',(6.28318530718,-0.));
#9668 = VECTOR('',#9669,1.);
#9669 = DIRECTION('',(0.,1.));
#9670 = ( GEOMETRIC_REPRESENTATION_CONTEXT(2) 
PARAMETRIC_REPRESENTATION_CONTEXT() REPRESENTATION_CONTEXT('2D SPACE',''
  ) );
#9671 = PCURVE('',#4216,#9672);
#9672 = DEFINITIONAL_REPRESENTATION('',(#9673),#9677);
#9673 = LINE('',#9674,#9675);
#9674 = CARTESIAN_POINT('',(0.,-0.));
#9675 = VECTOR('',#9676,1.);
#9676 = DIRECTION('',(0.,1.));
#9677 = ( GEOMETRIC_REPRESENTATION_CONTEXT(2) 
PARAMETRIC_REPRESENTATION_CONTEXT() REPRESENTATION_CONTEXT('2D SPACE',''
  ) );
#9678 = ORIENTED_EDGE('',*,*,#9679,.T.);
#9679 = EDGE_CURVE('',#9657,#9657,#9680,.T.);
#9680 = SURFACE_CURVE('',#9681,(#9686,#9693),.PCURVE_S1.);
#9681 = CIRCLE('',#9682,1.1);
#9682 = AXIS2_PLACEMENT_3D('',#9683,#9684,#9685);
#9683 = CARTESIAN_POINT('',(12.002377880863,-56.13112260773,52.5));
#9684 = DIRECTION('',(0.209100659945,-0.977894122086,2.22044604925E-16)
  );
#9685 = DIRECTION('',(-0.977894122086,-0.209100659945,0.));
#9686 = PCURVE('',#4216,#9687);
#9687 = DEFINITIONAL_REPRESENTATION('',(#9688),#9692);
#9688 = LINE('',#9689,#9690);
#9689 = CARTESIAN_POINT('',(0.,0.));
#9690 = VECTOR('',#9691,1.);
#9691 = DIRECTION('',(1.,0.));
#9692 = ( GEOMETRIC_REPRESENTATION_CONTEXT(2) 
PARAMETRIC_REPRESENTATION_CONTEXT() REPRESENTATION_CONTEXT('2D SPACE',''
  ) );
#9693 = PCURVE('',#9694,#9699);
#9694 = PLANE('',#9695);
#9695 = AXIS2_PLACEMENT_3D('',#9696,#9697,#9698);
#9696 = CARTESIAN_POINT('',(12.002377880863,-56.13112260773,52.5));
#9697 = DIRECTION('',(0.209100659945,-0.977894122086,2.22044604925E-16)
  );
#9698 = DIRECTION('',(-0.977894122086,-0.209100659945,0.));
#9699 = DEFINITIONAL_REPRESENTATION('',(#9700),#9704);
#9700 = CIRCLE('',#9701,1.1);
#9701 = AXIS2_PLACEMENT_2D('',#9702,#9703);
#9702 = CARTESIAN_POINT('',(0.,0.));
#9703 = DIRECTION('',(1.,0.));
#9704 = ( GEOMETRIC_REPRESENTATION_CONTEXT(2) 
PARAMETRIC_REPRESENTATION_CONTEXT() REPRESENTATION_CONTEXT('2D SPACE',''
  ) );
#9705 = ORIENTED_EDGE('',*,*,#9656,.T.);
#9706 = ADVANCED_FACE('',(#9707),#3462,.F.);
#9707 = FACE_BOUND('',#9708,.F.);
#9708 = EDGE_LOOP('',(#9709,#9710,#9733,#9760));
#9709 = ORIENTED_EDGE('',*,*,#3364,.F.);
#9710 = ORIENTED_EDGE('',*,*,#9711,.F.);
#9711 = EDGE_CURVE('',#9712,#3365,#9714,.T.);
#9712 = VERTEX_POINT('',#9713);
#9713 = CARTESIAN_POINT('',(53.850176848083,-19.90297599431,52.5));
#9714 = SEAM_CURVE('',#9715,(#9719,#9726),.PCURVE_S1.);
#9715 = LINE('',#9716,#9717);
#9716 = CARTESIAN_POINT('',(53.850176848083,-19.90297599431,52.5));
#9717 = VECTOR('',#9718,1.);
#9718 = DIRECTION('',(0.944454416962,-0.328642441388,2.22044604925E-16)
  );
#9719 = PCURVE('',#3462,#9720);
#9720 = DEFINITIONAL_REPRESENTATION('',(#9721),#9725);
#9721 = LINE('',#9722,#9723);
#9722 = CARTESIAN_POINT('',(6.28318530718,-0.));
#9723 = VECTOR('',#9724,1.);
#9724 = DIRECTION('',(0.,1.));
#9725 = ( GEOMETRIC_REPRESENTATION_CONTEXT(2) 
PARAMETRIC_REPRESENTATION_CONTEXT() REPRESENTATION_CONTEXT('2D SPACE',''
  ) );
#9726 = PCURVE('',#3462,#9727);
#9727 = DEFINITIONAL_REPRESENTATION('',(#9728),#9732);
#9728 = LINE('',#9729,#9730);
#9729 = CARTESIAN_POINT('',(0.,-0.));
#9730 = VECTOR('',#9731,1.);
#9731 = DIRECTION('',(0.,1.));
#9732 = ( GEOMETRIC_REPRESENTATION_CONTEXT(2) 
PARAMETRIC_REPRESENTATION_CONTEXT() REPRESENTATION_CONTEXT('2D SPACE',''
  ) );
#9733 = ORIENTED_EDGE('',*,*,#9734,.T.);
#9734 = EDGE_CURVE('',#9712,#9712,#9735,.T.);
#9735 = SURFACE_CURVE('',#9736,(#9741,#9748),.PCURVE_S1.);
#9736 = CIRCLE('',#9737,1.1);
#9737 = AXIS2_PLACEMENT_3D('',#9738,#9739,#9740);
#9738 = CARTESIAN_POINT('',(54.211683533609,-18.86407613565,52.5));
#9739 = DIRECTION('',(0.944454416962,-0.328642441388,2.22044604925E-16)
  );
#9740 = DIRECTION('',(-0.328642441388,-0.944454416962,0.));
#9741 = PCURVE('',#3462,#9742);
#9742 = DEFINITIONAL_REPRESENTATION('',(#9743),#9747);
#9743 = LINE('',#9744,#9745);
#9744 = CARTESIAN_POINT('',(0.,0.));
#9745 = VECTOR('',#9746,1.);
#9746 = DIRECTION('',(1.,0.));
#9747 = ( GEOMETRIC_REPRESENTATION_CONTEXT(2) 
PARAMETRIC_REPRESENTATION_CONTEXT() REPRESENTATION_CONTEXT('2D SPACE',''
  ) );
#9748 = PCURVE('',#9749,#9754);
#9749 = PLANE('',#9750);
#9750 = AXIS2_PLACEMENT_3D('',#9751,#9752,#9753);
#9751 = CARTESIAN_POINT('',(54.211683533609,-18.86407613565,52.5));
#9752 = DIRECTION('',(0.944454416962,-0.328642441388,2.22044604925E-16)
  );
#9753 = DIRECTION('',(-0.328642441388,-0.944454416962,0.));
#9754 = DEFINITIONAL_REPRESENTATION('',(#9755),#9759);
#9755 = CIRCLE('',#9756,1.1);
#9756 = AXIS2_PLACEMENT_2D('',#9757,#9758);
#9757 = CARTESIAN_POINT('',(0.,0.));
#9758 = DIRECTION('',(1.,0.));
#9759 = ( GEOMETRIC_REPRESENTATION_CONTEXT(2) 
PARAMETRIC_REPRESENTATION_CONTEXT() REPRESENTATION_CONTEXT('2D SPACE',''
  ) );
#9760 = ORIENTED_EDGE('',*,*,#9711,.T.);
#9761 = ADVANCED_FACE('',(#9762),#4367,.T.);
#9762 = FACE_BOUND('',#9763,.T.);
#9763 = EDGE_LOOP('',(#9764,#9765,#9789,#9810));
#9764 = ORIENTED_EDGE('',*,*,#8451,.F.);
#9765 = ORIENTED_EDGE('',*,*,#9766,.T.);
#9766 = EDGE_CURVE('',#8452,#9767,#9769,.T.);
#9767 = VERTEX_POINT('',#9768);
#9768 = CARTESIAN_POINT('',(-30.90641701134,-46.82994114368,43.8));
#9769 = SURFACE_CURVE('',#9770,(#9775,#9782),.PCURVE_S1.);
#9770 = CIRCLE('',#9771,1.5);
#9771 = AXIS2_PLACEMENT_3D('',#9772,#9773,#9774);
#9772 = CARTESIAN_POINT('',(-31.80913954607,-48.02789440875,43.8));
#9773 = DIRECTION('',(0.,-0.,1.));
#9774 = DIRECTION('',(0.601815023152,0.798635510047,0.));
#9775 = PCURVE('',#4367,#9776);
#9776 = DEFINITIONAL_REPRESENTATION('',(#9777),#9781);
#9777 = LINE('',#9778,#9779);
#9778 = CARTESIAN_POINT('',(-4.712388980385,0.));
#9779 = VECTOR('',#9780,1.);
#9780 = DIRECTION('',(1.,0.));
#9781 = ( GEOMETRIC_REPRESENTATION_CONTEXT(2) 
PARAMETRIC_REPRESENTATION_CONTEXT() REPRESENTATION_CONTEXT('2D SPACE',''
  ) );
#9782 = PCURVE('',#4469,#9783);
#9783 = DEFINITIONAL_REPRESENTATION('',(#9784),#9788);
#9784 = CIRCLE('',#9785,1.5);
#9785 = AXIS2_PLACEMENT_2D('',#9786,#9787);
#9786 = CARTESIAN_POINT('',(1.5,1.5));
#9787 = DIRECTION('',(0.,-1.));
#9788 = ( GEOMETRIC_REPRESENTATION_CONTEXT(2) 
PARAMETRIC_REPRESENTATION_CONTEXT() REPRESENTATION_CONTEXT('2D SPACE',''
  ) );
#9789 = ORIENTED_EDGE('',*,*,#9790,.T.);
#9790 = EDGE_CURVE('',#9767,#4325,#9791,.T.);
#9791 = SURFACE_CURVE('',#9792,(#9796,#9803),.PCURVE_S1.);
#9792 = LINE('',#9793,#9794);
#9793 = CARTESIAN_POINT('',(-30.90641701134,-46.82994114368,43.8));
#9794 = VECTOR('',#9795,1.);
#9795 = DIRECTION('',(0.,0.,1.));
#9796 = PCURVE('',#4367,#9797);
#9797 = DEFINITIONAL_REPRESENTATION('',(#9798),#9802);
#9798 = LINE('',#9799,#9800);
#9799 = CARTESIAN_POINT('',(1.570796326795,0.));
#9800 = VECTOR('',#9801,1.);
#9801 = DIRECTION('',(0.,1.));
#9802 = ( GEOMETRIC_REPRESENTATION_CONTEXT(2) 
PARAMETRIC_REPRESENTATION_CONTEXT() REPRESENTATION_CONTEXT('2D SPACE',''
  ) );
#9803 = PCURVE('',#4339,#9804);
#9804 = DEFINITIONAL_REPRESENTATION('',(#9805),#9809);
#9805 = LINE('',#9806,#9807);
#9806 = CARTESIAN_POINT('',(0.,1.5));
#9807 = VECTOR('',#9808,1.);
#9808 = DIRECTION('',(1.,0.));
#9809 = ( GEOMETRIC_REPRESENTATION_CONTEXT(2) 
PARAMETRIC_REPRESENTATION_CONTEXT() REPRESENTATION_CONTEXT('2D SPACE',''
  ) );
#9810 = ORIENTED_EDGE('',*,*,#4350,.F.);
#9811 = ADVANCED_FACE('',(#9812),#4339,.F.);
#9812 = FACE_BOUND('',#9813,.F.);
#9813 = EDGE_LOOP('',(#9814,#9837,#9838,#9839));
#9814 = ORIENTED_EDGE('',*,*,#9815,.F.);
#9815 = EDGE_CURVE('',#9767,#9816,#9818,.T.);
#9816 = VERTEX_POINT('',#9817);
#9817 = CARTESIAN_POINT('',(-36.49686558168,-42.61723598161,43.8));
#9818 = SURFACE_CURVE('',#9819,(#9823,#9830),.PCURVE_S1.);
#9819 = LINE('',#9820,#9821);
#9820 = CARTESIAN_POINT('',(-29.70846374627,-47.7326636784,43.8));
#9821 = VECTOR('',#9822,1.);
#9822 = DIRECTION('',(-0.798635510047,0.601815023152,0.));
#9823 = PCURVE('',#4339,#9824);
#9824 = DEFINITIONAL_REPRESENTATION('',(#9825),#9829);
#9825 = LINE('',#9826,#9827);
#9826 = CARTESIAN_POINT('',(0.,0.));
#9827 = VECTOR('',#9828,1.);
#9828 = DIRECTION('',(0.,1.));
#9829 = ( GEOMETRIC_REPRESENTATION_CONTEXT(2) 
PARAMETRIC_REPRESENTATION_CONTEXT() REPRESENTATION_CONTEXT('2D SPACE',''
  ) );
#9830 = PCURVE('',#4469,#9831);
#9831 = DEFINITIONAL_REPRESENTATION('',(#9832),#9836);
#9832 = LINE('',#9833,#9834);
#9833 = CARTESIAN_POINT('',(0.,0.));
#9834 = VECTOR('',#9835,1.);
#9835 = DIRECTION('',(1.,0.));
#9836 = ( GEOMETRIC_REPRESENTATION_CONTEXT(2) 
PARAMETRIC_REPRESENTATION_CONTEXT() REPRESENTATION_CONTEXT('2D SPACE',''
  ) );
#9837 = ORIENTED_EDGE('',*,*,#9790,.T.);
#9838 = ORIENTED_EDGE('',*,*,#4324,.F.);
#9839 = ORIENTED_EDGE('',*,*,#9840,.F.);
#9840 = EDGE_CURVE('',#9816,#4296,#9841,.T.);
#9841 = SURFACE_CURVE('',#9842,(#9846,#9853),.PCURVE_S1.);
#9842 = LINE('',#9843,#9844);
#9843 = CARTESIAN_POINT('',(-36.49686558168,-42.61723598161,43.8));
#9844 = VECTOR('',#9845,1.);
#9845 = DIRECTION('',(0.,0.,1.));
#9846 = PCURVE('',#4339,#9847);
#9847 = DEFINITIONAL_REPRESENTATION('',(#9848),#9852);
#9848 = LINE('',#9849,#9850);
#9849 = CARTESIAN_POINT('',(0.,8.5));
#9850 = VECTOR('',#9851,1.);
#9851 = DIRECTION('',(1.,0.));
#9852 = ( GEOMETRIC_REPRESENTATION_CONTEXT(2) 
PARAMETRIC_REPRESENTATION_CONTEXT() REPRESENTATION_CONTEXT('2D SPACE',''
  ) );
#9853 = PCURVE('',#4312,#9854);
#9854 = DEFINITIONAL_REPRESENTATION('',(#9855),#9859);
#9855 = LINE('',#9856,#9857);
#9856 = CARTESIAN_POINT('',(-1.570796326795,0.));
#9857 = VECTOR('',#9858,1.);
#9858 = DIRECTION('',(-0.,1.));
#9859 = ( GEOMETRIC_REPRESENTATION_CONTEXT(2) 
PARAMETRIC_REPRESENTATION_CONTEXT() REPRESENTATION_CONTEXT('2D SPACE',''
  ) );
#9860 = ADVANCED_FACE('',(#9861),#4312,.T.);
#9861 = FACE_BOUND('',#9862,.F.);
#9862 = EDGE_LOOP('',(#9863,#9864,#9890,#9891));
#9863 = ORIENTED_EDGE('',*,*,#4430,.F.);
#9864 = ORIENTED_EDGE('',*,*,#9865,.T.);
#9865 = EDGE_CURVE('',#4431,#9816,#9866,.T.);
#9866 = SURFACE_CURVE('',#9867,(#9872,#9879),.PCURVE_S1.);
#9867 = CIRCLE('',#9868,1.5);
#9868 = AXIS2_PLACEMENT_3D('',#9869,#9870,#9871);
#9869 = CARTESIAN_POINT('',(-37.3995881164,-43.81518924668,43.8));
#9870 = DIRECTION('',(0.,0.,-1.));
#9871 = DIRECTION('',(0.601815023152,0.798635510047,0.));
#9872 = PCURVE('',#4312,#9873);
#9873 = DEFINITIONAL_REPRESENTATION('',(#9874),#9878);
#9874 = LINE('',#9875,#9876);
#9875 = CARTESIAN_POINT('',(4.712388980385,-0.));
#9876 = VECTOR('',#9877,1.);
#9877 = DIRECTION('',(-1.,0.));
#9878 = ( GEOMETRIC_REPRESENTATION_CONTEXT(2) 
PARAMETRIC_REPRESENTATION_CONTEXT() REPRESENTATION_CONTEXT('2D SPACE',''
  ) );
#9879 = PCURVE('',#4469,#9880);
#9880 = DEFINITIONAL_REPRESENTATION('',(#9881),#9889);
#9881 = ( BOUNDED_CURVE() B_SPLINE_CURVE(2,(#9882,#9883,#9884,#9885,
#9886,#9887,#9888),.UNSPECIFIED.,.T.,.F.) B_SPLINE_CURVE_WITH_KNOTS((1,2
    ,2,2,2,1),(-2.094395102393,0.,2.094395102393,4.188790204786,
6.28318530718,8.377580409573),.UNSPECIFIED.) CURVE() 
GEOMETRIC_REPRESENTATION_ITEM() RATIONAL_B_SPLINE_CURVE((1.,0.5,1.,0.5,
1.,0.5,1.)) REPRESENTATION_ITEM('') );
#9882 = CARTESIAN_POINT('',(8.5,0.));
#9883 = CARTESIAN_POINT('',(5.901923788647,0.));
#9884 = CARTESIAN_POINT('',(7.200961894323,2.25));
#9885 = CARTESIAN_POINT('',(8.5,4.5));
#9886 = CARTESIAN_POINT('',(9.799038105677,2.25));
#9887 = CARTESIAN_POINT('',(11.098076211353,2.22044604925E-15));
#9888 = CARTESIAN_POINT('',(8.5,0.));
#9889 = ( GEOMETRIC_REPRESENTATION_CONTEXT(2) 
PARAMETRIC_REPRESENTATION_CONTEXT() REPRESENTATION_CONTEXT('2D SPACE',''
  ) );
#9890 = ORIENTED_EDGE('',*,*,#9840,.T.);
#9891 = ORIENTED_EDGE('',*,*,#4295,.T.);
#9892 = ADVANCED_FACE('',(#9893),#4469,.F.);
#9893 = FACE_BOUND('',#9894,.F.);
#9894 = EDGE_LOOP('',(#9895,#9896,#9897,#9898,#9899,#9900,#9901,#9902));
#9895 = ORIENTED_EDGE('',*,*,#8474,.F.);
#9896 = ORIENTED_EDGE('',*,*,#9766,.T.);
#9897 = ORIENTED_EDGE('',*,*,#9815,.T.);
#9898 = ORIENTED_EDGE('',*,*,#9865,.F.);
#9899 = ORIENTED_EDGE('',*,*,#4453,.T.);
#9900 = ORIENTED_EDGE('',*,*,#8295,.T.);
#9901 = ORIENTED_EDGE('',*,*,#8345,.F.);
#9902 = ORIENTED_EDGE('',*,*,#8394,.F.);
#9903 = ADVANCED_FACE('',(#9904),#4521,.F.);
#9904 = FACE_BOUND('',#9905,.F.);
#9905 = EDGE_LOOP('',(#9906,#9907,#9928,#9929));
#9906 = ORIENTED_EDGE('',*,*,#4504,.F.);
#9907 = ORIENTED_EDGE('',*,*,#9908,.F.);
#9908 = EDGE_CURVE('',#8499,#4505,#9909,.T.);
#9909 = SEAM_CURVE('',#9910,(#9914,#9921),.PCURVE_S1.);
#9910 = LINE('',#9911,#9912);
#9911 = CARTESIAN_POINT('',(-31.91890335199,-52.32765625179,43.95));
#9912 = VECTOR('',#9913,1.);
#9913 = DIRECTION('',(-0.798635510047,0.601815023152,2.22044604925E-16)
  );
#9914 = PCURVE('',#4521,#9915);
#9915 = DEFINITIONAL_REPRESENTATION('',(#9916),#9920);
#9916 = LINE('',#9917,#9918);
#9917 = CARTESIAN_POINT('',(6.28318530718,-0.));
#9918 = VECTOR('',#9919,1.);
#9919 = DIRECTION('',(0.,1.));
#9920 = ( GEOMETRIC_REPRESENTATION_CONTEXT(2) 
PARAMETRIC_REPRESENTATION_CONTEXT() REPRESENTATION_CONTEXT('2D SPACE',''
  ) );
#9921 = PCURVE('',#4521,#9922);
#9922 = DEFINITIONAL_REPRESENTATION('',(#9923),#9927);
#9923 = LINE('',#9924,#9925);
#9924 = CARTESIAN_POINT('',(0.,-0.));
#9925 = VECTOR('',#9926,1.);
#9926 = DIRECTION('',(0.,1.));
#9927 = ( GEOMETRIC_REPRESENTATION_CONTEXT(2) 
PARAMETRIC_REPRESENTATION_CONTEXT() REPRESENTATION_CONTEXT('2D SPACE',''
  ) );
#9928 = ORIENTED_EDGE('',*,*,#8498,.T.);
#9929 = ORIENTED_EDGE('',*,*,#9908,.T.);
#9930 = ADVANCED_FACE('',(#9931),#4598,.T.);
#9931 = FACE_BOUND('',#9932,.T.);
#9932 = EDGE_LOOP('',(#9933,#9934,#9935,#9936,#9937,#9938));
#9933 = ORIENTED_EDGE('',*,*,#4804,.F.);
#9934 = ORIENTED_EDGE('',*,*,#4735,.F.);
#9935 = ORIENTED_EDGE('',*,*,#4686,.T.);
#9936 = ORIENTED_EDGE('',*,*,#4659,.T.);
#9937 = ORIENTED_EDGE('',*,*,#4583,.F.);
#9938 = ORIENTED_EDGE('',*,*,#4854,.T.);
#9939 = ADVANCED_FACE('',(#9940),#4911,.T.);
#9940 = FACE_BOUND('',#9941,.T.);
#9941 = EDGE_LOOP('',(#9942,#9943,#9944,#9945,#9946,#9947));
#9942 = ORIENTED_EDGE('',*,*,#5170,.F.);
#9943 = ORIENTED_EDGE('',*,*,#5099,.F.);
#9944 = ORIENTED_EDGE('',*,*,#5050,.T.);
#9945 = ORIENTED_EDGE('',*,*,#4896,.T.);
#9946 = ORIENTED_EDGE('',*,*,#5268,.T.);
#9947 = ORIENTED_EDGE('',*,*,#5220,.T.);
#9948 = ADVANCED_FACE('',(#9949),#5504,.T.);
#9949 = FACE_BOUND('',#9950,.T.);
#9950 = EDGE_LOOP('',(#9951,#9952,#9953,#9954));
#9951 = ORIENTED_EDGE('',*,*,#5542,.F.);
#9952 = ORIENTED_EDGE('',*,*,#5488,.T.);
#9953 = ORIENTED_EDGE('',*,*,#5640,.T.);
#9954 = ORIENTED_EDGE('',*,*,#5613,.F.);
#9955 = ADVANCED_FACE('',(#9956),#5705,.T.);
#9956 = FACE_BOUND('',#9957,.T.);
#9957 = EDGE_LOOP('',(#9958,#9959,#9960,#9961));
#9958 = ORIENTED_EDGE('',*,*,#5743,.F.);
#9959 = ORIENTED_EDGE('',*,*,#5689,.T.);
#9960 = ORIENTED_EDGE('',*,*,#5841,.T.);
#9961 = ORIENTED_EDGE('',*,*,#5814,.F.);
#9962 = ADVANCED_FACE('',(#9963),#5906,.T.);
#9963 = FACE_BOUND('',#9964,.T.);
#9964 = EDGE_LOOP('',(#9965,#9966,#9967,#9968));
#9965 = ORIENTED_EDGE('',*,*,#5944,.F.);
#9966 = ORIENTED_EDGE('',*,*,#5890,.T.);
#9967 = ORIENTED_EDGE('',*,*,#6042,.T.);
#9968 = ORIENTED_EDGE('',*,*,#6015,.F.);
#9969 = ADVANCED_FACE('',(#9970),#6107,.T.);
#9970 = FACE_BOUND('',#9971,.T.);
#9971 = EDGE_LOOP('',(#9972,#9973,#9974,#9975));
#9972 = ORIENTED_EDGE('',*,*,#6145,.F.);
#9973 = ORIENTED_EDGE('',*,*,#6091,.T.);
#9974 = ORIENTED_EDGE('',*,*,#6243,.T.);
#9975 = ORIENTED_EDGE('',*,*,#6216,.F.);
#9976 = ADVANCED_FACE('',(#9977),#6480,.T.);
#9977 = FACE_BOUND('',#9978,.T.);
#9978 = EDGE_LOOP('',(#9979,#9980,#9981,#9982));
#9979 = ORIENTED_EDGE('',*,*,#6518,.F.);
#9980 = ORIENTED_EDGE('',*,*,#6464,.T.);
#9981 = ORIENTED_EDGE('',*,*,#6616,.T.);
#9982 = ORIENTED_EDGE('',*,*,#6589,.F.);
#9983 = ADVANCED_FACE('',(#9984),#6681,.T.);
#9984 = FACE_BOUND('',#9985,.T.);
#9985 = EDGE_LOOP('',(#9986,#9987,#9988,#9989));
#9986 = ORIENTED_EDGE('',*,*,#6719,.F.);
#9987 = ORIENTED_EDGE('',*,*,#6665,.T.);
#9988 = ORIENTED_EDGE('',*,*,#6817,.T.);
#9989 = ORIENTED_EDGE('',*,*,#6790,.F.);
#9990 = ADVANCED_FACE('',(#9991),#6882,.T.);
#9991 = FACE_BOUND('',#9992,.T.);
#9992 = EDGE_LOOP('',(#9993,#9994,#9995,#9996));
#9993 = ORIENTED_EDGE('',*,*,#6920,.F.);
#9994 = ORIENTED_EDGE('',*,*,#6866,.T.);
#9995 = ORIENTED_EDGE('',*,*,#7018,.T.);
#9996 = ORIENTED_EDGE('',*,*,#6991,.F.);
#9997 = ADVANCED_FACE('',(#9998),#7083,.T.);
#9998 = FACE_BOUND('',#9999,.T.);
#9999 = EDGE_LOOP('',(#10000,#10001,#10002,#10003));
#10000 = ORIENTED_EDGE('',*,*,#7121,.F.);
#10001 = ORIENTED_EDGE('',*,*,#7067,.T.);
#10002 = ORIENTED_EDGE('',*,*,#7219,.T.);
#10003 = ORIENTED_EDGE('',*,*,#7192,.F.);
#10004 = ADVANCED_FACE('',(#10005),#7284,.T.);
#10005 = FACE_BOUND('',#10006,.T.);
#10006 = EDGE_LOOP('',(#10007,#10008,#10009,#10010));
#10007 = ORIENTED_EDGE('',*,*,#7322,.F.);
#10008 = ORIENTED_EDGE('',*,*,#7268,.T.);
#10009 = ORIENTED_EDGE('',*,*,#7420,.T.);
#10010 = ORIENTED_EDGE('',*,*,#7393,.F.);
#10011 = ADVANCED_FACE('',(#10012),#7485,.T.);
#10012 = FACE_BOUND('',#10013,.T.);
#10013 = EDGE_LOOP('',(#10014,#10015,#10016,#10017));
#10014 = ORIENTED_EDGE('',*,*,#7523,.F.);
#10015 = ORIENTED_EDGE('',*,*,#7469,.T.);
#10016 = ORIENTED_EDGE('',*,*,#7621,.T.);
#10017 = ORIENTED_EDGE('',*,*,#7594,.F.);
#10018 = ADVANCED_FACE('',(#10019),#7686,.T.);
#10019 = FACE_BOUND('',#10020,.T.);
#10020 = EDGE_LOOP('',(#10021,#10022,#10023,#10024));
#10021 = ORIENTED_EDGE('',*,*,#7724,.F.);
#10022 = ORIENTED_EDGE('',*,*,#7670,.T.);
#10023 = ORIENTED_EDGE('',*,*,#7822,.T.);
#10024 = ORIENTED_EDGE('',*,*,#7795,.F.);
#10025 = ADVANCED_FACE('',(#10026),#8059,.T.);
#10026 = FACE_BOUND('',#10027,.F.);
#10027 = EDGE_LOOP('',(#10028));
#10028 = ORIENTED_EDGE('',*,*,#8044,.F.);
#10029 = ADVANCED_FACE('',(#10030),#8114,.T.);
#10030 = FACE_BOUND('',#10031,.F.);
#10031 = EDGE_LOOP('',(#10032));
#10032 = ORIENTED_EDGE('',*,*,#8099,.F.);
#10033 = ADVANCED_FACE('',(#10034),#8169,.T.);
#10034 = FACE_BOUND('',#10035,.F.);
#10035 = EDGE_LOOP('',(#10036));
#10036 = ORIENTED_EDGE('',*,*,#8154,.F.);
#10037 = ADVANCED_FACE('',(#10038),#8224,.T.);
#10038 = FACE_BOUND('',#10039,.F.);
#10039 = EDGE_LOOP('',(#10040));
#10040 = ORIENTED_EDGE('',*,*,#8209,.F.);
#10041 = ADVANCED_FACE('',(#10042),#8279,.T.);
#10042 = FACE_BOUND('',#10043,.F.);
#10043 = EDGE_LOOP('',(#10044));
#10044 = ORIENTED_EDGE('',*,*,#8264,.F.);
#10045 = ADVANCED_FACE('',(#10046),#8863,.T.);
#10046 = FACE_BOUND('',#10047,.T.);
#10047 = EDGE_LOOP('',(#10048,#10049,#10050,#10051));
#10048 = ORIENTED_EDGE('',*,*,#8923,.F.);
#10049 = ORIENTED_EDGE('',*,*,#8999,.T.);
#10050 = ORIENTED_EDGE('',*,*,#8972,.T.);
#10051 = ORIENTED_EDGE('',*,*,#8847,.F.);
#10052 = ADVANCED_FACE('',(#10053),#9064,.T.);
#10053 = FACE_BOUND('',#10054,.T.);
#10054 = EDGE_LOOP('',(#10055,#10056,#10057,#10058));
#10055 = ORIENTED_EDGE('',*,*,#9124,.F.);
#10056 = ORIENTED_EDGE('',*,*,#9200,.T.);
#10057 = ORIENTED_EDGE('',*,*,#9173,.T.);
#10058 = ORIENTED_EDGE('',*,*,#9048,.F.);
#10059 = ADVANCED_FACE('',(#10060),#9265,.T.);
#10060 = FACE_BOUND('',#10061,.T.);
#10061 = EDGE_LOOP('',(#10062,#10063,#10064,#10065));
#10062 = ORIENTED_EDGE('',*,*,#9325,.F.);
#10063 = ORIENTED_EDGE('',*,*,#9401,.T.);
#10064 = ORIENTED_EDGE('',*,*,#9374,.T.);
#10065 = ORIENTED_EDGE('',*,*,#9249,.F.);
#10066 = ADVANCED_FACE('',(#10067),#9466,.T.);
#10067 = FACE_BOUND('',#10068,.T.);
#10068 = EDGE_LOOP('',(#10069,#10070,#10071,#10072));
#10069 = ORIENTED_EDGE('',*,*,#9504,.F.);
#10070 = ORIENTED_EDGE('',*,*,#9450,.T.);
#10071 = ORIENTED_EDGE('',*,*,#9553,.T.);
#10072 = ORIENTED_EDGE('',*,*,#9602,.F.);
#10073 = ADVANCED_FACE('',(#10074),#9694,.T.);
#10074 = FACE_BOUND('',#10075,.F.);
#10075 = EDGE_LOOP('',(#10076));
#10076 = ORIENTED_EDGE('',*,*,#9679,.F.);
#10077 = ADVANCED_FACE('',(#10078),#9749,.T.);
#10078 = FACE_BOUND('',#10079,.F.);
#10079 = EDGE_LOOP('',(#10080));
#10080 = ORIENTED_EDGE('',*,*,#9734,.F.);
#10081 = ( GEOMETRIC_REPRESENTATION_CONTEXT(3) 
GLOBAL_UNCERTAINTY_ASSIGNED_CONTEXT((#10085)) 
GLOBAL_UNIT_ASSIGNED_CONTEXT((#10082,#10083,#10084)) 
REPRESENTATION_CONTEXT('Context #1',
  '3D Context with UNIT and UNCERTAINTY') );
#10082 = ( LENGTH_UNIT() NAMED_UNIT(*) SI_UNIT(.MILLI.,.METRE.) );
#10083 = ( NAMED_UNIT(*) PLANE_ANGLE_UNIT() SI_UNIT($,.RADIAN.) );
#10084 = ( NAMED_UNIT(*) SI_UNIT($,.STERADIAN.) SOLID_ANGLE_UNIT() );
#10085 = UNCERTAINTY_MEASURE_WITH_UNIT(LENGTH_MEASURE(1.E-07),#10082,
  'distance_accuracy_value','confusion accuracy');
#10086 = PRODUCT_RELATED_PRODUCT_CATEGORY('part',$,(#7));
ENDSEC;
END-ISO-10303-21;
