ISO-10303-21;
HEADER;
FILE_DESCRIPTION(('Open CASCADE Model'),'2;1');
FILE_NAME('Open CASCADE Shape Model','2026-09-27T21:53:29',('Author'),(
    'Open CASCADE'),'Open CASCADE STEP processor 8.0','build123d',
  'Unknown');
FILE_SCHEMA(('AUTOMOTIVE_DESIGN { 1 0 10303 214 1 1 1 1 }'));
ENDSEC;
DATA;
#1 = APPLICATION_PROTOCOL_DEFINITION('international standard',
  'automotive_design',2000,#2);
#2 = APPLICATION_CONTEXT(
  'core data for automotive mechanical design processes');
#3 = SHAPE_DEFINITION_REPRESENTATION(#4,#10);
#4 = PRODUCT_DEFINITION_SHAPE('','',#5);
#5 = PRODUCT_DEFINITION('design','',#6,#9);
#6 = PRODUCT_DEFINITION_FORMATION('','',#7);
#7 = PRODUCT('COMPOUND','COMPOUND','',(#8));
#8 = PRODUCT_CONTEXT('',#2,'mechanical');
#9 = PRODUCT_DEFINITION_CONTEXT('part definition',#2,'design');
#10 = ADVANCED_BREP_SHAPE_REPRESENTATION('',(#11,#15),#8377);
#11 = AXIS2_PLACEMENT_3D('',#12,#13,#14);
#12 = CARTESIAN_POINT('',(0.,0.,0.));
#13 = DIRECTION('',(0.,0.,1.));
#14 = DIRECTION('',(1.,0.,-0.));
#15 = MANIFOLD_SOLID_BREP('',#16);
#16 = CLOSED_SHELL('',(#17,#3855,#3882,#4344,#4478,#4906,#4934,#4940,
    #5006,#5055,#5060,#5065,#5114,#5119,#5124,#5173,#5178,#5183,#5232,
    #5237,#5242,#5291,#5296,#5301,#5350,#5355,#5360,#5409,#5414,#5419,
    #5468,#5473,#5478,#5527,#5532,#5537,#5586,#5591,#5596,#5645,#5650,
    #5655,#5704,#5709,#5714,#5763,#5768,#5773,#5822,#5827,#5832,#5987,
    #6405,#6433,#6438,#6443,#6492,#6497,#6502,#6551,#6556,#6561,#6610,
    #6615,#6620,#6669,#6674,#6679,#6728,#6733,#6738,#6787,#6792,#6797,
    #6846,#6851,#6856,#6905,#6910,#6915,#6964,#6969,#6974,#7023,#7028,
    #7033,#7082,#7087,#7092,#7141,#7146,#7151,#7200,#7205,#7210,#7259,
    #7264,#7269,#7412,#7440,#7556,#7584,#7700,#7728,#7844,#7872,#7988,
    #8016,#8110,#8138,#8243,#8298,#8327,#8339,#8344,#8349,#8354,#8359,
    #8364,#8369,#8373));
#17 = ADVANCED_FACE('',(#18,#516,#623,#730,#837,#944,#1051,#1158,#1265,
    #1372,#1479,#1586,#1693,#1800,#1907,#2014,#2357,#2464,#2571,#2678,
    #2785,#2892,#2999,#3106,#3213,#3320,#3427,#3534,#3641,#3748),#33,.T.
  );
#18 = FACE_BOUND('',#19,.T.);
#19 = EDGE_LOOP('',(#20,#56,#82,#179,#205,#234,#257,#284,#285,#309,#330,
    #422,#443,#465,#488,#515));
#20 = ORIENTED_EDGE('',*,*,#21,.F.);
#21 = EDGE_CURVE('',#22,#24,#26,.T.);
#22 = VERTEX_POINT('',#23);
#23 = CARTESIAN_POINT('',(10.977202643172,-0.707829167767,2.3));
#24 = VERTEX_POINT('',#25);
#25 = CARTESIAN_POINT('',(11.,-2.694222958124E-15,2.3));
#26 = SURFACE_CURVE('',#27,(#32,#44),.PCURVE_S1.);
#27 = CIRCLE('',#28,11.);
#28 = AXIS2_PLACEMENT_3D('',#29,#30,#31);
#29 = CARTESIAN_POINT('',(0.,0.,2.3));
#30 = DIRECTION('',(0.,0.,1.));
#31 = DIRECTION('',(1.,0.,-0.));
#32 = PCURVE('',#33,#38);
#33 = CYLINDRICAL_SURFACE('',#34,11.);
#34 = AXIS2_PLACEMENT_3D('',#35,#36,#37);
#35 = CARTESIAN_POINT('',(0.,0.,0.));
#36 = DIRECTION('',(0.,0.,1.));
#37 = DIRECTION('',(1.,0.,-0.));
#38 = DEFINITIONAL_REPRESENTATION('',(#39),#43);
#39 = LINE('',#40,#41);
#40 = CARTESIAN_POINT('',(0.,2.3));
#41 = VECTOR('',#42,1.);
#42 = DIRECTION('',(1.,0.));
#43 = ( GEOMETRIC_REPRESENTATION_CONTEXT(2) 
PARAMETRIC_REPRESENTATION_CONTEXT() REPRESENTATION_CONTEXT('2D SPACE',''
  ) );
#44 = PCURVE('',#45,#50);
#45 = PLANE('',#46);
#46 = AXIS2_PLACEMENT_3D('',#47,#48,#49);
#47 = CARTESIAN_POINT('',(11.35,0.,2.3));
#48 = DIRECTION('',(0.,0.,1.));
#49 = DIRECTION('',(1.,0.,0.));
#50 = DEFINITIONAL_REPRESENTATION('',(#51),#55);
#51 = CIRCLE('',#52,11.);
#52 = AXIS2_PLACEMENT_2D('',#53,#54);
#53 = CARTESIAN_POINT('',(-11.35,0.));
#54 = DIRECTION('',(1.,0.));
#55 = ( GEOMETRIC_REPRESENTATION_CONTEXT(2) 
PARAMETRIC_REPRESENTATION_CONTEXT() REPRESENTATION_CONTEXT('2D SPACE',''
  ) );
#56 = ORIENTED_EDGE('',*,*,#57,.T.);
#57 = EDGE_CURVE('',#22,#58,#60,.T.);
#58 = VERTEX_POINT('',#59);
#59 = CARTESIAN_POINT('',(10.977202643172,-0.707829167767,6.969719519132
    ));
#60 = SURFACE_CURVE('',#61,(#65,#71),.PCURVE_S1.);
#61 = LINE('',#62,#63);
#62 = CARTESIAN_POINT('',(10.977202643172,-0.707829167767,0.));
#63 = VECTOR('',#64,1.);
#64 = DIRECTION('',(0.,0.,1.));
#65 = PCURVE('',#33,#66);
#66 = DEFINITIONAL_REPRESENTATION('',(#67),#70);
#67 = B_SPLINE_CURVE_WITH_KNOTS('',1,(#68,#69),.UNSPECIFIED.,.F.,.F.,(2,
    2),(2.2999994,13.3000006),.PIECEWISE_BEZIER_KNOTS.);
#68 = CARTESIAN_POINT('',(6.218792710597,2.2999994));
#69 = CARTESIAN_POINT('',(6.218792710597,13.3000006));
#70 = ( GEOMETRIC_REPRESENTATION_CONTEXT(2) 
PARAMETRIC_REPRESENTATION_CONTEXT() REPRESENTATION_CONTEXT('2D SPACE',''
  ) );
#71 = PCURVE('',#72,#77);
#72 = CYLINDRICAL_SURFACE('',#73,0.8);
#73 = AXIS2_PLACEMENT_3D('',#74,#75,#76);
#74 = CARTESIAN_POINT('',(11.35,0.,2.3));
#75 = DIRECTION('',(0.,0.,1.));
#76 = DIRECTION('',(1.,0.,0.));
#77 = DEFINITIONAL_REPRESENTATION('',(#78),#81);
#78 = B_SPLINE_CURVE_WITH_KNOTS('',1,(#79,#80),.UNSPECIFIED.,.F.,.F.,(2,
    2),(2.2999994,13.3000006),.PIECEWISE_BEZIER_KNOTS.);
#79 = CARTESIAN_POINT('',(4.227628220881,-5.999999999062E-07));
#80 = CARTESIAN_POINT('',(4.227628220881,11.0000006));
#81 = ( GEOMETRIC_REPRESENTATION_CONTEXT(2) 
PARAMETRIC_REPRESENTATION_CONTEXT() REPRESENTATION_CONTEXT('2D SPACE',''
  ) );
#82 = ORIENTED_EDGE('',*,*,#83,.F.);
#83 = EDGE_CURVE('',#84,#58,#86,.T.);
#84 = VERTEX_POINT('',#85);
#85 = CARTESIAN_POINT('',(10.977202643172,-0.707829167767,9.030280480868
    ));
#86 = SURFACE_CURVE('',#87,(#114,#144),.PCURVE_S1.);
#87 = B_SPLINE_CURVE_WITH_KNOTS('',7,(#88,#89,#90,#91,#92,#93,#94,#95,
    #96,#97,#98,#99,#100,#101,#102,#103,#104,#105,#106,#107,#108,#109,
    #110,#111,#112,#113),.UNSPECIFIED.,.F.,.F.,(8,6,6,6,8),(0.,
    0.260455647667,0.50004230744,0.73962872947,1.),.UNSPECIFIED.);
#88 = CARTESIAN_POINT('',(11.,-1.110223024625E-15,9.25));
#89 = CARTESIAN_POINT('',(11.,-0.169103446334,9.25));
#90 = CARTESIAN_POINT('',(10.996967008642,-0.334664324426,9.223310589224
    ));
#91 = CARTESIAN_POINT('',(10.991130398323,-0.491674684911,9.171943451106
    ));
#92 = CARTESIAN_POINT('',(10.98324294551,-0.635795675038,9.099004243425)
  );
#93 = CARTESIAN_POINT('',(10.974418583896,-0.763590713113,9.008626952865
    ));
#94 = CARTESIAN_POINT('',(10.965688179465,-0.872866173365,8.905904176087
    ));
#95 = CARTESIAN_POINT('',(10.950454286594,-1.046183625979,8.696399365175
    ));
#96 = CARTESIAN_POINT('',(10.943686642416,-1.11476001305,8.588653712052)
  );
#97 = CARTESIAN_POINT('',(10.937889234641,-1.169144738227,8.475645089689
    ));
#98 = CARTESIAN_POINT('',(10.933360936019,-1.209652494957,8.359006759001
    ));
#99 = CARTESIAN_POINT('',(10.930284826667,-1.236551806249,8.240077985789
    ));
#100 = CARTESIAN_POINT('',(10.928746497197,-1.25,8.12003812737));
#101 = CARTESIAN_POINT('',(10.928746497197,-1.25,7.879961991745));
#102 = CARTESIAN_POINT('',(10.930284822483,-1.236551839651,
    7.759921126512));
#103 = CARTESIAN_POINT('',(10.933360986212,-1.20965211041,7.640991639753
    ));
#104 = CARTESIAN_POINT('',(10.937889304487,-1.169144053022,
    7.524353879767));
#105 = CARTESIAN_POINT('',(10.943686641821,-1.114759877185,
    7.411346712825));
#106 = CARTESIAN_POINT('',(10.950454199095,-1.046184621462,
    7.303601838158));
#107 = CARTESIAN_POINT('',(10.965685711859,-0.872894247555,7.09412975978
    ));
#108 = CARTESIAN_POINT('',(10.974416714075,-0.763618155149,
    6.991387928555));
#109 = CARTESIAN_POINT('',(10.983243948553,-0.635793818611,
    6.900981309422));
#110 = CARTESIAN_POINT('',(10.991133667612,-0.491631024683,
    6.828027863633));
#111 = CARTESIAN_POINT('',(10.996969310037,-0.334591076349,
    6.776669147493));
#112 = CARTESIAN_POINT('',(11.,-0.169039246311,6.75));
#113 = CARTESIAN_POINT('',(11.,-1.554312234475E-15,6.75));
#114 = PCURVE('',#33,#115);
#115 = DEFINITIONAL_REPRESENTATION('',(#116),#143);
#116 = B_SPLINE_CURVE_WITH_KNOTS('',7,(#117,#118,#119,#120,#121,#122,
    #123,#124,#125,#126,#127,#128,#129,#130,#131,#132,#133,#134,#135,
    #136,#137,#138,#139,#140,#141,#142),.UNSPECIFIED.,.F.,.F.,(8,6,6,6,8
    ),(0.,0.260455647667,0.50004230744,0.73962872947,1.),.UNSPECIFIED.);
#117 = CARTESIAN_POINT('',(6.28318530718,9.25));
#118 = CARTESIAN_POINT('',(6.267812266604,9.25));
#119 = CARTESIAN_POINT('',(6.252761269097,9.223310589224));
#120 = CARTESIAN_POINT('',(6.238481713436,9.171943451106));
#121 = CARTESIAN_POINT('',(6.225362982243,9.099004243425));
#122 = CARTESIAN_POINT('',(6.213718677788,9.008626952865));
#123 = CARTESIAN_POINT('',(6.203753212875,8.905904176087));
#124 = CARTESIAN_POINT('',(6.187936334436,8.696399365175));
#125 = CARTESIAN_POINT('',(6.181672189474,8.588653712052));
#126 = CARTESIAN_POINT('',(6.176700260229,8.475645089689));
#127 = CARTESIAN_POINT('',(6.172994804789,8.359006759001));
#128 = CARTESIAN_POINT('',(6.170533479677,8.240077985789));
#129 = CARTESIAN_POINT('',(6.169302942726,8.12003812737));
#130 = CARTESIAN_POINT('',(6.169302942726,7.879961991745));
#131 = CARTESIAN_POINT('',(6.170533476648,7.759921126512));
#132 = CARTESIAN_POINT('',(6.17299484001,7.640991639753));
#133 = CARTESIAN_POINT('',(6.176700322822,7.524353879767));
#134 = CARTESIAN_POINT('',(6.181672201784,7.411346712825));
#135 = CARTESIAN_POINT('',(6.187936243588,7.303601838158));
#136 = CARTESIAN_POINT('',(6.203750650836,7.09412975978));
#137 = CARTESIAN_POINT('',(6.213716177578,6.991387928555));
#138 = CARTESIAN_POINT('',(6.225363158231,6.900981309422));
#139 = CARTESIAN_POINT('',(6.238485689815,6.828027863633));
#140 = CARTESIAN_POINT('',(6.252767927967,6.776669147493));
#141 = CARTESIAN_POINT('',(6.267818102969,6.75));
#142 = CARTESIAN_POINT('',(6.28318530718,6.75));
#143 = ( GEOMETRIC_REPRESENTATION_CONTEXT(2) 
PARAMETRIC_REPRESENTATION_CONTEXT() REPRESENTATION_CONTEXT('2D SPACE',''
  ) );
#144 = PCURVE('',#145,#150);
#145 = CYLINDRICAL_SURFACE('',#146,1.25);
#146 = AXIS2_PLACEMENT_3D('',#147,#148,#149);
#147 = CARTESIAN_POINT('',(-11.,0.,8.));
#148 = DIRECTION('',(1.,0.,2.22044604925E-16));
#149 = DIRECTION('',(2.22044604925E-16,0.,-1.));
#150 = DEFINITIONAL_REPRESENTATION('',(#151),#178);
#151 = B_SPLINE_CURVE_WITH_KNOTS('',7,(#152,#153,#154,#155,#156,#157,
    #158,#159,#160,#161,#162,#163,#164,#165,#166,#167,#168,#169,#170,
    #171,#172,#173,#174,#175,#176,#177),.UNSPECIFIED.,.F.,.F.,(8,6,6,6,8
    ),(0.,0.260455647667,0.50004230744,0.73962872947,1.),.UNSPECIFIED.);
#152 = CARTESIAN_POINT('',(3.14159265359,22.));
#153 = CARTESIAN_POINT('',(3.276875410657,22.));
#154 = CARTESIAN_POINT('',(3.409324052025,21.996967008642));
#155 = CARTESIAN_POINT('',(3.538976447895,21.991130398323));
#156 = CARTESIAN_POINT('',(3.665642707198,21.98324294551));
#157 = CARTESIAN_POINT('',(3.78889503713,21.974418583896));
#158 = CARTESIAN_POINT('',(3.907938336101,21.965688179465));
#159 = CARTESIAN_POINT('',(4.125460682798,21.950454286594));
#160 = CARTESIAN_POINT('',(4.226847159956,21.943686642416));
#161 = CARTESIAN_POINT('',(4.326084712227,21.937889234641));
#162 = CARTESIAN_POINT('',(4.42373941064,21.933360936019));
#163 = CARTESIAN_POINT('',(4.520325666169,21.930284826667));
#164 = CARTESIAN_POINT('',(4.616358478489,21.928746497197));
#165 = CARTESIAN_POINT('',(4.808419386989,21.928746497197));
#166 = CARTESIAN_POINT('',(4.90445302812,21.930284822483));
#167 = CARTESIAN_POINT('',(5.001039801779,21.933360986212));
#168 = CARTESIAN_POINT('',(5.09869417734,21.937889304487));
#169 = CARTESIAN_POINT('',(5.19793061155,21.943686641821));
#170 = CARTESIAN_POINT('',(5.299316028589,21.950454199095));
#171 = CARTESIAN_POINT('',(5.516804390111,21.965685711859));
#172 = CARTESIAN_POINT('',(5.635859766953,21.974416714075));
#173 = CARTESIAN_POINT('',(5.759142840397,21.983243948553));
#174 = CARTESIAN_POINT('',(5.885840995946,21.991133667612));
#175 = CARTESIAN_POINT('',(6.015512516795,21.996969310037));
#176 = CARTESIAN_POINT('',(6.147953910131,22.));
#177 = CARTESIAN_POINT('',(6.28318530718,22.));
#178 = ( GEOMETRIC_REPRESENTATION_CONTEXT(2) 
PARAMETRIC_REPRESENTATION_CONTEXT() REPRESENTATION_CONTEXT('2D SPACE',''
  ) );
#179 = ORIENTED_EDGE('',*,*,#180,.T.);
#180 = EDGE_CURVE('',#84,#181,#183,.T.);
#181 = VERTEX_POINT('',#182);
#182 = CARTESIAN_POINT('',(10.977202643172,-0.707829167767,13.3));
#183 = SURFACE_CURVE('',#184,(#188,#194),.PCURVE_S1.);
#184 = LINE('',#185,#186);
#185 = CARTESIAN_POINT('',(10.977202643172,-0.707829167767,0.));
#186 = VECTOR('',#187,1.);
#187 = DIRECTION('',(0.,0.,1.));
#188 = PCURVE('',#33,#189);
#189 = DEFINITIONAL_REPRESENTATION('',(#190),#193);
#190 = B_SPLINE_CURVE_WITH_KNOTS('',1,(#191,#192),.UNSPECIFIED.,.F.,.F.,
  (2,2),(2.2999994,13.3000006),.PIECEWISE_BEZIER_KNOTS.);
#191 = CARTESIAN_POINT('',(6.218792710597,2.2999994));
#192 = CARTESIAN_POINT('',(6.218792710597,13.3000006));
#193 = ( GEOMETRIC_REPRESENTATION_CONTEXT(2) 
PARAMETRIC_REPRESENTATION_CONTEXT() REPRESENTATION_CONTEXT('2D SPACE',''
  ) );
#194 = PCURVE('',#195,#200);
#195 = CYLINDRICAL_SURFACE('',#196,0.8);
#196 = AXIS2_PLACEMENT_3D('',#197,#198,#199);
#197 = CARTESIAN_POINT('',(11.35,0.,2.3));
#198 = DIRECTION('',(0.,0.,1.));
#199 = DIRECTION('',(1.,0.,0.));
#200 = DEFINITIONAL_REPRESENTATION('',(#201),#204);
#201 = B_SPLINE_CURVE_WITH_KNOTS('',1,(#202,#203),.UNSPECIFIED.,.F.,.F.,
  (2,2),(2.2999994,13.3000006),.PIECEWISE_BEZIER_KNOTS.);
#202 = CARTESIAN_POINT('',(4.227628220881,-5.999999999062E-07));
#203 = CARTESIAN_POINT('',(4.227628220881,11.0000006));
#204 = ( GEOMETRIC_REPRESENTATION_CONTEXT(2) 
PARAMETRIC_REPRESENTATION_CONTEXT() REPRESENTATION_CONTEXT('2D SPACE',''
  ) );
#205 = ORIENTED_EDGE('',*,*,#206,.T.);
#206 = EDGE_CURVE('',#181,#207,#209,.T.);
#207 = VERTEX_POINT('',#208);
#208 = CARTESIAN_POINT('',(11.,-2.694222958124E-15,13.3));
#209 = SURFACE_CURVE('',#210,(#215,#222),.PCURVE_S1.);
#210 = CIRCLE('',#211,11.);
#211 = AXIS2_PLACEMENT_3D('',#212,#213,#214);
#212 = CARTESIAN_POINT('',(0.,0.,13.3));
#213 = DIRECTION('',(0.,0.,1.));
#214 = DIRECTION('',(1.,0.,-0.));
#215 = PCURVE('',#33,#216);
#216 = DEFINITIONAL_REPRESENTATION('',(#217),#221);
#217 = LINE('',#218,#219);
#218 = CARTESIAN_POINT('',(0.,13.3));
#219 = VECTOR('',#220,1.);
#220 = DIRECTION('',(1.,0.));
#221 = ( GEOMETRIC_REPRESENTATION_CONTEXT(2) 
PARAMETRIC_REPRESENTATION_CONTEXT() REPRESENTATION_CONTEXT('2D SPACE',''
  ) );
#222 = PCURVE('',#223,#228);
#223 = PLANE('',#224);
#224 = AXIS2_PLACEMENT_3D('',#225,#226,#227);
#225 = CARTESIAN_POINT('',(11.35,0.,13.3));
#226 = DIRECTION('',(0.,0.,1.));
#227 = DIRECTION('',(1.,0.,0.));
#228 = DEFINITIONAL_REPRESENTATION('',(#229),#233);
#229 = CIRCLE('',#230,11.);
#230 = AXIS2_PLACEMENT_2D('',#231,#232);
#231 = CARTESIAN_POINT('',(-11.35,0.));
#232 = DIRECTION('',(1.,0.));
#233 = ( GEOMETRIC_REPRESENTATION_CONTEXT(2) 
PARAMETRIC_REPRESENTATION_CONTEXT() REPRESENTATION_CONTEXT('2D SPACE',''
  ) );
#234 = ORIENTED_EDGE('',*,*,#235,.T.);
#235 = EDGE_CURVE('',#207,#236,#238,.T.);
#236 = VERTEX_POINT('',#237);
#237 = CARTESIAN_POINT('',(11.,-2.694222958124E-15,14.));
#238 = SEAM_CURVE('',#239,(#243,#250),.PCURVE_S1.);
#239 = LINE('',#240,#241);
#240 = CARTESIAN_POINT('',(11.,-2.694222958124E-15,0.));
#241 = VECTOR('',#242,1.);
#242 = DIRECTION('',(0.,0.,1.));
#243 = PCURVE('',#33,#244);
#244 = DEFINITIONAL_REPRESENTATION('',(#245),#249);
#245 = LINE('',#246,#247);
#246 = CARTESIAN_POINT('',(0.,-0.));
#247 = VECTOR('',#248,1.);
#248 = DIRECTION('',(0.,1.));
#249 = ( GEOMETRIC_REPRESENTATION_CONTEXT(2) 
PARAMETRIC_REPRESENTATION_CONTEXT() REPRESENTATION_CONTEXT('2D SPACE',''
  ) );
#250 = PCURVE('',#33,#251);
#251 = DEFINITIONAL_REPRESENTATION('',(#252),#256);
#252 = LINE('',#253,#254);
#253 = CARTESIAN_POINT('',(6.28318530718,-0.));
#254 = VECTOR('',#255,1.);
#255 = DIRECTION('',(0.,1.));
#256 = ( GEOMETRIC_REPRESENTATION_CONTEXT(2) 
PARAMETRIC_REPRESENTATION_CONTEXT() REPRESENTATION_CONTEXT('2D SPACE',''
  ) );
#257 = ORIENTED_EDGE('',*,*,#258,.F.);
#258 = EDGE_CURVE('',#236,#236,#259,.T.);
#259 = SURFACE_CURVE('',#260,(#265,#272),.PCURVE_S1.);
#260 = CIRCLE('',#261,11.);
#261 = AXIS2_PLACEMENT_3D('',#262,#263,#264);
#262 = CARTESIAN_POINT('',(0.,0.,14.));
#263 = DIRECTION('',(0.,0.,1.));
#264 = DIRECTION('',(1.,0.,-0.));
#265 = PCURVE('',#33,#266);
#266 = DEFINITIONAL_REPRESENTATION('',(#267),#271);
#267 = LINE('',#268,#269);
#268 = CARTESIAN_POINT('',(0.,14.));
#269 = VECTOR('',#270,1.);
#270 = DIRECTION('',(1.,0.));
#271 = ( GEOMETRIC_REPRESENTATION_CONTEXT(2) 
PARAMETRIC_REPRESENTATION_CONTEXT() REPRESENTATION_CONTEXT('2D SPACE',''
  ) );
#272 = PCURVE('',#273,#278);
#273 = PLANE('',#274);
#274 = AXIS2_PLACEMENT_3D('',#275,#276,#277);
#275 = CARTESIAN_POINT('',(0.,0.,14.));
#276 = DIRECTION('',(0.,0.,1.));
#277 = DIRECTION('',(1.,0.,-0.));
#278 = DEFINITIONAL_REPRESENTATION('',(#279),#283);
#279 = CIRCLE('',#280,11.);
#280 = AXIS2_PLACEMENT_2D('',#281,#282);
#281 = CARTESIAN_POINT('',(0.,0.));
#282 = DIRECTION('',(1.,0.));
#283 = ( GEOMETRIC_REPRESENTATION_CONTEXT(2) 
PARAMETRIC_REPRESENTATION_CONTEXT() REPRESENTATION_CONTEXT('2D SPACE',''
  ) );
#284 = ORIENTED_EDGE('',*,*,#235,.F.);
#285 = ORIENTED_EDGE('',*,*,#286,.T.);
#286 = EDGE_CURVE('',#207,#287,#289,.T.);
#287 = VERTEX_POINT('',#288);
#288 = CARTESIAN_POINT('',(10.977202643172,0.707829167767,13.3));
#289 = SURFACE_CURVE('',#290,(#295,#302),.PCURVE_S1.);
#290 = CIRCLE('',#291,11.);
#291 = AXIS2_PLACEMENT_3D('',#292,#293,#294);
#292 = CARTESIAN_POINT('',(0.,0.,13.3));
#293 = DIRECTION('',(0.,0.,1.));
#294 = DIRECTION('',(1.,0.,-0.));
#295 = PCURVE('',#33,#296);
#296 = DEFINITIONAL_REPRESENTATION('',(#297),#301);
#297 = LINE('',#298,#299);
#298 = CARTESIAN_POINT('',(0.,13.3));
#299 = VECTOR('',#300,1.);
#300 = DIRECTION('',(1.,0.));
#301 = ( GEOMETRIC_REPRESENTATION_CONTEXT(2) 
PARAMETRIC_REPRESENTATION_CONTEXT() REPRESENTATION_CONTEXT('2D SPACE',''
  ) );
#302 = PCURVE('',#223,#303);
#303 = DEFINITIONAL_REPRESENTATION('',(#304),#308);
#304 = CIRCLE('',#305,11.);
#305 = AXIS2_PLACEMENT_2D('',#306,#307);
#306 = CARTESIAN_POINT('',(-11.35,0.));
#307 = DIRECTION('',(1.,0.));
#308 = ( GEOMETRIC_REPRESENTATION_CONTEXT(2) 
PARAMETRIC_REPRESENTATION_CONTEXT() REPRESENTATION_CONTEXT('2D SPACE',''
  ) );
#309 = ORIENTED_EDGE('',*,*,#310,.F.);
#310 = EDGE_CURVE('',#311,#287,#313,.T.);
#311 = VERTEX_POINT('',#312);
#312 = CARTESIAN_POINT('',(10.977202643172,0.707829167767,9.030280480868
    ));
#313 = SURFACE_CURVE('',#314,(#318,#324),.PCURVE_S1.);
#314 = LINE('',#315,#316);
#315 = CARTESIAN_POINT('',(10.977202643172,0.707829167767,0.));
#316 = VECTOR('',#317,1.);
#317 = DIRECTION('',(0.,0.,1.));
#318 = PCURVE('',#33,#319);
#319 = DEFINITIONAL_REPRESENTATION('',(#320),#323);
#320 = B_SPLINE_CURVE_WITH_KNOTS('',1,(#321,#322),.UNSPECIFIED.,.F.,.F.,
  (2,2),(2.2999994,13.3000006),.PIECEWISE_BEZIER_KNOTS.);
#321 = CARTESIAN_POINT('',(6.439259658266E-02,2.2999994));
#322 = CARTESIAN_POINT('',(6.439259658266E-02,13.3000006));
#323 = ( GEOMETRIC_REPRESENTATION_CONTEXT(2) 
PARAMETRIC_REPRESENTATION_CONTEXT() REPRESENTATION_CONTEXT('2D SPACE',''
  ) );
#324 = PCURVE('',#195,#325);
#325 = DEFINITIONAL_REPRESENTATION('',(#326),#329);
#326 = B_SPLINE_CURVE_WITH_KNOTS('',1,(#327,#328),.UNSPECIFIED.,.F.,.F.,
  (2,2),(2.2999994,13.3000006),.PIECEWISE_BEZIER_KNOTS.);
#327 = CARTESIAN_POINT('',(2.055557086299,-5.999999999062E-07));
#328 = CARTESIAN_POINT('',(2.055557086299,11.0000006));
#329 = ( GEOMETRIC_REPRESENTATION_CONTEXT(2) 
PARAMETRIC_REPRESENTATION_CONTEXT() REPRESENTATION_CONTEXT('2D SPACE',''
  ) );
#330 = ORIENTED_EDGE('',*,*,#331,.F.);
#331 = EDGE_CURVE('',#332,#311,#334,.T.);
#332 = VERTEX_POINT('',#333);
#333 = CARTESIAN_POINT('',(10.977202643172,0.707829167767,6.969719519132
    ));
#334 = SURFACE_CURVE('',#335,(#362,#392),.PCURVE_S1.);
#335 = B_SPLINE_CURVE_WITH_KNOTS('',7,(#336,#337,#338,#339,#340,#341,
    #342,#343,#344,#345,#346,#347,#348,#349,#350,#351,#352,#353,#354,
    #355,#356,#357,#358,#359,#360,#361),.UNSPECIFIED.,.F.,.F.,(8,6,6,6,8
    ),(0.,0.260439285729,0.5000188105,0.739594587551,1.),.UNSPECIFIED.);
#336 = CARTESIAN_POINT('',(11.,-1.530808498934E-16,6.75));
#337 = CARTESIAN_POINT('',(11.,0.169103446334,6.75));
#338 = CARTESIAN_POINT('',(10.996967008642,0.334664324427,6.776689410776
    ));
#339 = CARTESIAN_POINT('',(10.991130398323,0.491674684911,6.828056548893
    ));
#340 = CARTESIAN_POINT('',(10.98324294551,0.635795675038,6.900995756575)
  );
#341 = CARTESIAN_POINT('',(10.974418583896,0.763590713113,6.991373047134
    ));
#342 = CARTESIAN_POINT('',(10.965688179465,0.872866173365,7.094095823914
    ));
#343 = CARTESIAN_POINT('',(10.950454045418,1.046186369859,7.303603951607
    ));
#344 = CARTESIAN_POINT('',(10.943686689957,1.114760793967,7.411348870336
    ));
#345 = CARTESIAN_POINT('',(10.937889006741,1.169142911753,7.524353069172
    ));
#346 = CARTESIAN_POINT('',(10.933361424365,1.209651988007,7.640990663412
    ));
#347 = CARTESIAN_POINT('',(10.930284732324,1.236551149378,7.75991818189)
  );
#348 = CARTESIAN_POINT('',(10.928746497197,1.25,7.879960113972));
#349 = CARTESIAN_POINT('',(10.928746497197,1.25,8.120038008255));
#350 = CARTESIAN_POINT('',(10.930284822483,1.236551839651,8.240078873488
    ));
#351 = CARTESIAN_POINT('',(10.933360986212,1.20965211041,8.359008360247)
  );
#352 = CARTESIAN_POINT('',(10.937889304487,1.169144053022,8.475646120232
    ));
#353 = CARTESIAN_POINT('',(10.943686641821,1.114759877185,8.588653287175
    ));
#354 = CARTESIAN_POINT('',(10.950454199095,1.046184621462,8.696398161842
    ));
#355 = CARTESIAN_POINT('',(10.965687104515,0.872878403173,8.905889392789
    ));
#356 = CARTESIAN_POINT('',(10.974417621171,0.763604370421,9.008618419417
    ));
#357 = CARTESIAN_POINT('',(10.983243145514,0.635798153652,9.099008528543
    ));
#358 = CARTESIAN_POINT('',(10.991131780964,0.491658290223,9.171955653693
    ));
#359 = CARTESIAN_POINT('',(10.99696810607,0.334632003769,9.223320230792)
  );
#360 = CARTESIAN_POINT('',(11.,0.169072905834,9.25));
#361 = CARTESIAN_POINT('',(11.,2.296212748401E-16,9.25));
#362 = PCURVE('',#33,#363);
#363 = DEFINITIONAL_REPRESENTATION('',(#364),#391);
#364 = B_SPLINE_CURVE_WITH_KNOTS('',7,(#365,#366,#367,#368,#369,#370,
    #371,#372,#373,#374,#375,#376,#377,#378,#379,#380,#381,#382,#383,
    #384,#385,#386,#387,#388,#389,#390),.UNSPECIFIED.,.F.,.F.,(8,6,6,6,8
    ),(0.,0.260439285729,0.5000188105,0.739594587551,1.),.UNSPECIFIED.);
#365 = CARTESIAN_POINT('',(0.,6.75));
#366 = CARTESIAN_POINT('',(1.537304057582E-02,6.75));
#367 = CARTESIAN_POINT('',(3.04240380823E-02,6.776689410776));
#368 = CARTESIAN_POINT('',(4.470359374354E-02,6.828056548893));
#369 = CARTESIAN_POINT('',(5.782232493632E-02,6.900995756575));
#370 = CARTESIAN_POINT('',(6.946662939136E-02,6.991373047134));
#371 = CARTESIAN_POINT('',(7.943209430431E-02,7.094095823914));
#372 = CARTESIAN_POINT('',(9.524922314929E-02,7.303603951607));
#373 = CARTESIAN_POINT('',(0.101513186317,7.411348870336));
#374 = CARTESIAN_POINT('',(0.10648488777,7.524353069172));
#375 = CARTESIAN_POINT('',(0.110190448168,7.640990663412));
#376 = CARTESIAN_POINT('',(0.112651770479,7.75991818189));
#377 = CARTESIAN_POINT('',(0.113882364453,7.879960113972));
#378 = CARTESIAN_POINT('',(0.113882364453,8.120038008255));
#379 = CARTESIAN_POINT('',(0.112651830531,8.240078873488));
#380 = CARTESIAN_POINT('',(0.110190467169,8.359008360247));
#381 = CARTESIAN_POINT('',(0.106484984357,8.475646120232));
#382 = CARTESIAN_POINT('',(0.101513105396,8.588653287175));
#383 = CARTESIAN_POINT('',(9.524906359131E-02,8.696398161842));
#384 = CARTESIAN_POINT('',(7.943321039142E-02,8.905889392789));
#385 = CARTESIAN_POINT('',(6.946787401427E-02,9.008618419417));
#386 = CARTESIAN_POINT('',(5.782254762716E-02,9.099008528543));
#387 = CARTESIAN_POINT('',(4.470210000747E-02,9.171955653693));
#388 = CARTESIAN_POINT('',(3.042109978755E-02,9.223320230792));
#389 = CARTESIAN_POINT('',(1.537026416671E-02,9.25));
#390 = CARTESIAN_POINT('',(0.,9.25));
#391 = ( GEOMETRIC_REPRESENTATION_CONTEXT(2) 
PARAMETRIC_REPRESENTATION_CONTEXT() REPRESENTATION_CONTEXT('2D SPACE',''
  ) );
#392 = PCURVE('',#145,#393);
#393 = DEFINITIONAL_REPRESENTATION('',(#394),#421);
#394 = B_SPLINE_CURVE_WITH_KNOTS('',7,(#395,#396,#397,#398,#399,#400,
    #401,#402,#403,#404,#405,#406,#407,#408,#409,#410,#411,#412,#413,
    #414,#415,#416,#417,#418,#419,#420),.UNSPECIFIED.,.F.,.F.,(8,6,6,6,8
    ),(0.,0.260439285729,0.5000188105,0.739594587551,1.),.UNSPECIFIED.);
#395 = CARTESIAN_POINT('',(0.,22.));
#396 = CARTESIAN_POINT('',(0.135282757067,22.));
#397 = CARTESIAN_POINT('',(0.267731398435,21.996967008642));
#398 = CARTESIAN_POINT('',(0.397383794305,21.991130398323));
#399 = CARTESIAN_POINT('',(0.524050053609,21.98324294551));
#400 = CARTESIAN_POINT('',(0.64730238354,21.974418583896));
#401 = CARTESIAN_POINT('',(0.766345682511,21.965688179465));
#402 = CARTESIAN_POINT('',(0.983871472919,21.950454045418));
#403 = CARTESIAN_POINT('',(1.085255428341,21.943686689957));
#404 = CARTESIAN_POINT('',(1.184492859927,21.937889006741));
#405 = CARTESIAN_POINT('',(1.282142127165,21.933361424365));
#406 = CARTESIAN_POINT('',(1.378730930256,21.930284732324));
#407 = CARTESIAN_POINT('',(1.474764417973,21.928746497197));
#408 = CARTESIAN_POINT('',(1.666826733399,21.928746497197));
#409 = CARTESIAN_POINT('',(1.762860374531,21.930284822483));
#410 = CARTESIAN_POINT('',(1.859447148189,21.933360986212));
#411 = CARTESIAN_POINT('',(1.95710152375,21.937889304487));
#412 = CARTESIAN_POINT('',(2.05633795796,21.943686641821));
#413 = CARTESIAN_POINT('',(2.157723374999,21.950454199095));
#414 = CARTESIAN_POINT('',(2.375231622039,21.965687104515));
#415 = CARTESIAN_POINT('',(2.494278049307,21.974417621171));
#416 = CARTESIAN_POINT('',(2.617542992217,21.983243145514));
#417 = CARTESIAN_POINT('',(2.744224135744,21.991131780964));
#418 = CARTESIAN_POINT('',(2.873887117934,21.99696810607));
#419 = CARTESIAN_POINT('',(3.006334328923,22.));
#420 = CARTESIAN_POINT('',(3.14159265359,22.));
#421 = ( GEOMETRIC_REPRESENTATION_CONTEXT(2) 
PARAMETRIC_REPRESENTATION_CONTEXT() REPRESENTATION_CONTEXT('2D SPACE',''
  ) );
#422 = ORIENTED_EDGE('',*,*,#423,.F.);
#423 = EDGE_CURVE('',#424,#332,#426,.T.);
#424 = VERTEX_POINT('',#425);
#425 = CARTESIAN_POINT('',(10.977202643172,0.707829167767,2.3));
#426 = SURFACE_CURVE('',#427,(#431,#437),.PCURVE_S1.);
#427 = LINE('',#428,#429);
#428 = CARTESIAN_POINT('',(10.977202643172,0.707829167767,0.));
#429 = VECTOR('',#430,1.);
#430 = DIRECTION('',(0.,0.,1.));
#431 = PCURVE('',#33,#432);
#432 = DEFINITIONAL_REPRESENTATION('',(#433),#436);
#433 = B_SPLINE_CURVE_WITH_KNOTS('',1,(#434,#435),.UNSPECIFIED.,.F.,.F.,
  (2,2),(2.2999994,13.3000006),.PIECEWISE_BEZIER_KNOTS.);
#434 = CARTESIAN_POINT('',(6.439259658266E-02,2.2999994));
#435 = CARTESIAN_POINT('',(6.439259658266E-02,13.3000006));
#436 = ( GEOMETRIC_REPRESENTATION_CONTEXT(2) 
PARAMETRIC_REPRESENTATION_CONTEXT() REPRESENTATION_CONTEXT('2D SPACE',''
  ) );
#437 = PCURVE('',#72,#438);
#438 = DEFINITIONAL_REPRESENTATION('',(#439),#442);
#439 = B_SPLINE_CURVE_WITH_KNOTS('',1,(#440,#441),.UNSPECIFIED.,.F.,.F.,
  (2,2),(2.2999994,13.3000006),.PIECEWISE_BEZIER_KNOTS.);
#440 = CARTESIAN_POINT('',(2.055557086299,-5.999999999062E-07));
#441 = CARTESIAN_POINT('',(2.055557086299,11.0000006));
#442 = ( GEOMETRIC_REPRESENTATION_CONTEXT(2) 
PARAMETRIC_REPRESENTATION_CONTEXT() REPRESENTATION_CONTEXT('2D SPACE',''
  ) );
#443 = ORIENTED_EDGE('',*,*,#444,.F.);
#444 = EDGE_CURVE('',#24,#424,#445,.T.);
#445 = SURFACE_CURVE('',#446,(#451,#458),.PCURVE_S1.);
#446 = CIRCLE('',#447,11.);
#447 = AXIS2_PLACEMENT_3D('',#448,#449,#450);
#448 = CARTESIAN_POINT('',(0.,0.,2.3));
#449 = DIRECTION('',(0.,0.,1.));
#450 = DIRECTION('',(1.,0.,-0.));
#451 = PCURVE('',#33,#452);
#452 = DEFINITIONAL_REPRESENTATION('',(#453),#457);
#453 = LINE('',#454,#455);
#454 = CARTESIAN_POINT('',(0.,2.3));
#455 = VECTOR('',#456,1.);
#456 = DIRECTION('',(1.,0.));
#457 = ( GEOMETRIC_REPRESENTATION_CONTEXT(2) 
PARAMETRIC_REPRESENTATION_CONTEXT() REPRESENTATION_CONTEXT('2D SPACE',''
  ) );
#458 = PCURVE('',#45,#459);
#459 = DEFINITIONAL_REPRESENTATION('',(#460),#464);
#460 = CIRCLE('',#461,11.);
#461 = AXIS2_PLACEMENT_2D('',#462,#463);
#462 = CARTESIAN_POINT('',(-11.35,0.));
#463 = DIRECTION('',(1.,0.));
#464 = ( GEOMETRIC_REPRESENTATION_CONTEXT(2) 
PARAMETRIC_REPRESENTATION_CONTEXT() REPRESENTATION_CONTEXT('2D SPACE',''
  ) );
#465 = ORIENTED_EDGE('',*,*,#466,.F.);
#466 = EDGE_CURVE('',#467,#24,#469,.T.);
#467 = VERTEX_POINT('',#468);
#468 = CARTESIAN_POINT('',(11.,-2.694222958124E-15,0.));
#469 = SEAM_CURVE('',#470,(#474,#481),.PCURVE_S1.);
#470 = LINE('',#471,#472);
#471 = CARTESIAN_POINT('',(11.,-2.694222958124E-15,0.));
#472 = VECTOR('',#473,1.);
#473 = DIRECTION('',(0.,0.,1.));
#474 = PCURVE('',#33,#475);
#475 = DEFINITIONAL_REPRESENTATION('',(#476),#480);
#476 = LINE('',#477,#478);
#477 = CARTESIAN_POINT('',(6.28318530718,-0.));
#478 = VECTOR('',#479,1.);
#479 = DIRECTION('',(0.,1.));
#480 = ( GEOMETRIC_REPRESENTATION_CONTEXT(2) 
PARAMETRIC_REPRESENTATION_CONTEXT() REPRESENTATION_CONTEXT('2D SPACE',''
  ) );
#481 = PCURVE('',#33,#482);
#482 = DEFINITIONAL_REPRESENTATION('',(#483),#487);
#483 = LINE('',#484,#485);
#484 = CARTESIAN_POINT('',(0.,-0.));
#485 = VECTOR('',#486,1.);
#486 = DIRECTION('',(0.,1.));
#487 = ( GEOMETRIC_REPRESENTATION_CONTEXT(2) 
PARAMETRIC_REPRESENTATION_CONTEXT() REPRESENTATION_CONTEXT('2D SPACE',''
  ) );
#488 = ORIENTED_EDGE('',*,*,#489,.T.);
#489 = EDGE_CURVE('',#467,#467,#490,.T.);
#490 = SURFACE_CURVE('',#491,(#496,#503),.PCURVE_S1.);
#491 = CIRCLE('',#492,11.);
#492 = AXIS2_PLACEMENT_3D('',#493,#494,#495);
#493 = CARTESIAN_POINT('',(0.,0.,0.));
#494 = DIRECTION('',(0.,0.,1.));
#495 = DIRECTION('',(1.,0.,-0.));
#496 = PCURVE('',#33,#497);
#497 = DEFINITIONAL_REPRESENTATION('',(#498),#502);
#498 = LINE('',#499,#500);
#499 = CARTESIAN_POINT('',(0.,0.));
#500 = VECTOR('',#501,1.);
#501 = DIRECTION('',(1.,0.));
#502 = ( GEOMETRIC_REPRESENTATION_CONTEXT(2) 
PARAMETRIC_REPRESENTATION_CONTEXT() REPRESENTATION_CONTEXT('2D SPACE',''
  ) );
#503 = PCURVE('',#504,#509);
#504 = PLANE('',#505);
#505 = AXIS2_PLACEMENT_3D('',#506,#507,#508);
#506 = CARTESIAN_POINT('',(0.,0.,0.));
#507 = DIRECTION('',(0.,0.,1.));
#508 = DIRECTION('',(1.,0.,-0.));
#509 = DEFINITIONAL_REPRESENTATION('',(#510),#514);
#510 = CIRCLE('',#511,11.);
#511 = AXIS2_PLACEMENT_2D('',#512,#513);
#512 = CARTESIAN_POINT('',(0.,0.));
#513 = DIRECTION('',(1.,0.));
#514 = ( GEOMETRIC_REPRESENTATION_CONTEXT(2) 
PARAMETRIC_REPRESENTATION_CONTEXT() REPRESENTATION_CONTEXT('2D SPACE',''
  ) );
#515 = ORIENTED_EDGE('',*,*,#466,.T.);
#516 = FACE_BOUND('',#517,.T.);
#517 = EDGE_LOOP('',(#518,#546,#575,#596));
#518 = ORIENTED_EDGE('',*,*,#519,.F.);
#519 = EDGE_CURVE('',#520,#522,#524,.T.);
#520 = VERTEX_POINT('',#521);
#521 = CARTESIAN_POINT('',(10.590158469107,2.974650164172,2.3));
#522 = VERTEX_POINT('',#523);
#523 = CARTESIAN_POINT('',(10.590158469107,2.974650164172,13.3));
#524 = SURFACE_CURVE('',#525,(#529,#535),.PCURVE_S1.);
#525 = LINE('',#526,#527);
#526 = CARTESIAN_POINT('',(10.590158469107,2.974650164172,0.));
#527 = VECTOR('',#528,1.);
#528 = DIRECTION('',(0.,0.,1.));
#529 = PCURVE('',#33,#530);
#530 = DEFINITIONAL_REPRESENTATION('',(#531),#534);
#531 = B_SPLINE_CURVE_WITH_KNOTS('',1,(#532,#533),.UNSPECIFIED.,.F.,.F.,
  (2,2),(2.2999994,13.3000006),.PIECEWISE_BEZIER_KNOTS.);
#532 = CARTESIAN_POINT('',(0.273832106822,2.2999994));
#533 = CARTESIAN_POINT('',(0.273832106822,13.3000006));
#534 = ( GEOMETRIC_REPRESENTATION_CONTEXT(2) 
PARAMETRIC_REPRESENTATION_CONTEXT() REPRESENTATION_CONTEXT('2D SPACE',''
  ) );
#535 = PCURVE('',#536,#541);
#536 = CYLINDRICAL_SURFACE('',#537,0.8);
#537 = AXIS2_PLACEMENT_3D('',#538,#539,#540);
#538 = CARTESIAN_POINT('',(11.101975268329,2.359797690782,2.3));
#539 = DIRECTION('',(0.,0.,1.));
#540 = DIRECTION('',(0.978147600734,0.207911690818,0.));
#541 = DEFINITIONAL_REPRESENTATION('',(#542),#545);
#542 = B_SPLINE_CURVE_WITH_KNOTS('',1,(#543,#544),.UNSPECIFIED.,.F.,.F.,
  (2,2),(2.2999994,13.3000006),.PIECEWISE_BEZIER_KNOTS.);
#543 = CARTESIAN_POINT('',(2.055557086299,-5.999999999062E-07));
#544 = CARTESIAN_POINT('',(2.055557086299,11.0000006));
#545 = ( GEOMETRIC_REPRESENTATION_CONTEXT(2) 
PARAMETRIC_REPRESENTATION_CONTEXT() REPRESENTATION_CONTEXT('2D SPACE',''
  ) );
#546 = ORIENTED_EDGE('',*,*,#547,.F.);
#547 = EDGE_CURVE('',#548,#520,#550,.T.);
#548 = VERTEX_POINT('',#549);
#549 = CARTESIAN_POINT('',(10.884490387268,1.58992735981,2.3));
#550 = SURFACE_CURVE('',#551,(#556,#563),.PCURVE_S1.);
#551 = CIRCLE('',#552,11.);
#552 = AXIS2_PLACEMENT_3D('',#553,#554,#555);
#553 = CARTESIAN_POINT('',(0.,0.,2.3));
#554 = DIRECTION('',(0.,0.,1.));
#555 = DIRECTION('',(1.,0.,-0.));
#556 = PCURVE('',#33,#557);
#557 = DEFINITIONAL_REPRESENTATION('',(#558),#562);
#558 = LINE('',#559,#560);
#559 = CARTESIAN_POINT('',(0.,2.3));
#560 = VECTOR('',#561,1.);
#561 = DIRECTION('',(1.,0.));
#562 = ( GEOMETRIC_REPRESENTATION_CONTEXT(2) 
PARAMETRIC_REPRESENTATION_CONTEXT() REPRESENTATION_CONTEXT('2D SPACE',''
  ) );
#563 = PCURVE('',#564,#569);
#564 = PLANE('',#565);
#565 = AXIS2_PLACEMENT_3D('',#566,#567,#568);
#566 = CARTESIAN_POINT('',(11.101975268329,2.359797690782,2.3));
#567 = DIRECTION('',(0.,0.,1.));
#568 = DIRECTION('',(0.978147600734,0.207911690818,0.));
#569 = DEFINITIONAL_REPRESENTATION('',(#570),#574);
#570 = CIRCLE('',#571,11.);
#571 = AXIS2_PLACEMENT_2D('',#572,#573);
#572 = CARTESIAN_POINT('',(-11.35,9.829643741027E-17));
#573 = DIRECTION('',(0.978147600734,-0.207911690818));
#574 = ( GEOMETRIC_REPRESENTATION_CONTEXT(2) 
PARAMETRIC_REPRESENTATION_CONTEXT() REPRESENTATION_CONTEXT('2D SPACE',''
  ) );
#575 = ORIENTED_EDGE('',*,*,#576,.T.);
#576 = EDGE_CURVE('',#548,#577,#579,.T.);
#577 = VERTEX_POINT('',#578);
#578 = CARTESIAN_POINT('',(10.884490387268,1.58992735981,13.3));
#579 = SURFACE_CURVE('',#580,(#584,#590),.PCURVE_S1.);
#580 = LINE('',#581,#582);
#581 = CARTESIAN_POINT('',(10.884490387268,1.58992735981,0.));
#582 = VECTOR('',#583,1.);
#583 = DIRECTION('',(0.,0.,1.));
#584 = PCURVE('',#33,#585);
#585 = DEFINITIONAL_REPRESENTATION('',(#586),#589);
#586 = B_SPLINE_CURVE_WITH_KNOTS('',1,(#587,#588),.UNSPECIFIED.,.F.,.F.,
  (2,2),(2.2999994,13.3000006),.PIECEWISE_BEZIER_KNOTS.);
#587 = CARTESIAN_POINT('',(0.145046913657,2.2999994));
#588 = CARTESIAN_POINT('',(0.145046913657,13.3000006));
#589 = ( GEOMETRIC_REPRESENTATION_CONTEXT(2) 
PARAMETRIC_REPRESENTATION_CONTEXT() REPRESENTATION_CONTEXT('2D SPACE',''
  ) );
#590 = PCURVE('',#536,#591);
#591 = DEFINITIONAL_REPRESENTATION('',(#592),#595);
#592 = B_SPLINE_CURVE_WITH_KNOTS('',1,(#593,#594),.UNSPECIFIED.,.F.,.F.,
  (2,2),(2.2999994,13.3000006),.PIECEWISE_BEZIER_KNOTS.);
#593 = CARTESIAN_POINT('',(4.227628220881,-5.999999999062E-07));
#594 = CARTESIAN_POINT('',(4.227628220881,11.0000006));
#595 = ( GEOMETRIC_REPRESENTATION_CONTEXT(2) 
PARAMETRIC_REPRESENTATION_CONTEXT() REPRESENTATION_CONTEXT('2D SPACE',''
  ) );
#596 = ORIENTED_EDGE('',*,*,#597,.T.);
#597 = EDGE_CURVE('',#577,#522,#598,.T.);
#598 = SURFACE_CURVE('',#599,(#604,#611),.PCURVE_S1.);
#599 = CIRCLE('',#600,11.);
#600 = AXIS2_PLACEMENT_3D('',#601,#602,#603);
#601 = CARTESIAN_POINT('',(0.,0.,13.3));
#602 = DIRECTION('',(0.,0.,1.));
#603 = DIRECTION('',(1.,0.,-0.));
#604 = PCURVE('',#33,#605);
#605 = DEFINITIONAL_REPRESENTATION('',(#606),#610);
#606 = LINE('',#607,#608);
#607 = CARTESIAN_POINT('',(0.,13.3));
#608 = VECTOR('',#609,1.);
#609 = DIRECTION('',(1.,0.));
#610 = ( GEOMETRIC_REPRESENTATION_CONTEXT(2) 
PARAMETRIC_REPRESENTATION_CONTEXT() REPRESENTATION_CONTEXT('2D SPACE',''
  ) );
#611 = PCURVE('',#612,#617);
#612 = PLANE('',#613);
#613 = AXIS2_PLACEMENT_3D('',#614,#615,#616);
#614 = CARTESIAN_POINT('',(11.101975268329,2.359797690782,13.3));
#615 = DIRECTION('',(0.,0.,1.));
#616 = DIRECTION('',(0.978147600734,0.207911690818,0.));
#617 = DEFINITIONAL_REPRESENTATION('',(#618),#622);
#618 = CIRCLE('',#619,11.);
#619 = AXIS2_PLACEMENT_2D('',#620,#621);
#620 = CARTESIAN_POINT('',(-11.35,9.829643741027E-17));
#621 = DIRECTION('',(0.978147600734,-0.207911690818));
#622 = ( GEOMETRIC_REPRESENTATION_CONTEXT(2) 
PARAMETRIC_REPRESENTATION_CONTEXT() REPRESENTATION_CONTEXT('2D SPACE',''
  ) );
#623 = FACE_BOUND('',#624,.T.);
#624 = EDGE_LOOP('',(#625,#653,#682,#703));
#625 = ORIENTED_EDGE('',*,*,#626,.F.);
#626 = EDGE_CURVE('',#627,#629,#631,.T.);
#627 = VERTEX_POINT('',#628);
#628 = CARTESIAN_POINT('',(9.740273552723,5.111464674447,2.3));
#629 = VERTEX_POINT('',#630);
#630 = CARTESIAN_POINT('',(9.740273552723,5.111464674447,13.3));
#631 = SURFACE_CURVE('',#632,(#636,#642),.PCURVE_S1.);
#632 = LINE('',#633,#634);
#633 = CARTESIAN_POINT('',(9.740273552723,5.111464674447,0.));
#634 = VECTOR('',#635,1.);
#635 = DIRECTION('',(0.,0.,1.));
#636 = PCURVE('',#33,#637);
#637 = DEFINITIONAL_REPRESENTATION('',(#638),#641);
#638 = B_SPLINE_CURVE_WITH_KNOTS('',1,(#639,#640),.UNSPECIFIED.,.F.,.F.,
  (2,2),(2.2999994,13.3000006),.PIECEWISE_BEZIER_KNOTS.);
#639 = CARTESIAN_POINT('',(0.483271617061,2.2999994));
#640 = CARTESIAN_POINT('',(0.483271617061,13.3000006));
#641 = ( GEOMETRIC_REPRESENTATION_CONTEXT(2) 
PARAMETRIC_REPRESENTATION_CONTEXT() REPRESENTATION_CONTEXT('2D SPACE',''
  ) );
#642 = PCURVE('',#643,#648);
#643 = CYLINDRICAL_SURFACE('',#644,0.8);
#644 = AXIS2_PLACEMENT_3D('',#645,#646,#647);
#645 = CARTESIAN_POINT('',(10.368740944244,4.61646089891,2.3));
#646 = DIRECTION('',(0.,0.,1.));
#647 = DIRECTION('',(0.913545457643,0.406736643076,0.));
#648 = DEFINITIONAL_REPRESENTATION('',(#649),#652);
#649 = B_SPLINE_CURVE_WITH_KNOTS('',1,(#650,#651),.UNSPECIFIED.,.F.,.F.,
  (2,2),(2.2999994,13.3000006),.PIECEWISE_BEZIER_KNOTS.);
#650 = CARTESIAN_POINT('',(2.055557086299,-5.999999999062E-07));
#651 = CARTESIAN_POINT('',(2.055557086299,11.0000006));
#652 = ( GEOMETRIC_REPRESENTATION_CONTEXT(2) 
PARAMETRIC_REPRESENTATION_CONTEXT() REPRESENTATION_CONTEXT('2D SPACE',''
  ) );
#653 = ORIENTED_EDGE('',*,*,#654,.F.);
#654 = EDGE_CURVE('',#655,#627,#657,.T.);
#655 = VERTEX_POINT('',#656);
#656 = CARTESIAN_POINT('',(10.316073671861,3.818196432446,2.3));
#657 = SURFACE_CURVE('',#658,(#663,#670),.PCURVE_S1.);
#658 = CIRCLE('',#659,11.);
#659 = AXIS2_PLACEMENT_3D('',#660,#661,#662);
#660 = CARTESIAN_POINT('',(0.,0.,2.3));
#661 = DIRECTION('',(0.,0.,1.));
#662 = DIRECTION('',(1.,0.,-0.));
#663 = PCURVE('',#33,#664);
#664 = DEFINITIONAL_REPRESENTATION('',(#665),#669);
#665 = LINE('',#666,#667);
#666 = CARTESIAN_POINT('',(0.,2.3));
#667 = VECTOR('',#668,1.);
#668 = DIRECTION('',(1.,0.));
#669 = ( GEOMETRIC_REPRESENTATION_CONTEXT(2) 
PARAMETRIC_REPRESENTATION_CONTEXT() REPRESENTATION_CONTEXT('2D SPACE',''
  ) );
#670 = PCURVE('',#671,#676);
#671 = PLANE('',#672);
#672 = AXIS2_PLACEMENT_3D('',#673,#674,#675);
#673 = CARTESIAN_POINT('',(10.368740944244,4.61646089891,2.3));
#674 = DIRECTION('',(0.,0.,1.));
#675 = DIRECTION('',(0.913545457643,0.406736643076,0.));
#676 = DEFINITIONAL_REPRESENTATION('',(#677),#681);
#677 = CIRCLE('',#678,11.);
#678 = AXIS2_PLACEMENT_2D('',#679,#680);
#679 = CARTESIAN_POINT('',(-11.35,-3.680502035515E-16));
#680 = DIRECTION('',(0.913545457643,-0.406736643076));
#681 = ( GEOMETRIC_REPRESENTATION_CONTEXT(2) 
PARAMETRIC_REPRESENTATION_CONTEXT() REPRESENTATION_CONTEXT('2D SPACE',''
  ) );
#682 = ORIENTED_EDGE('',*,*,#683,.T.);
#683 = EDGE_CURVE('',#655,#684,#686,.T.);
#684 = VERTEX_POINT('',#685);
#685 = CARTESIAN_POINT('',(10.316073671861,3.818196432446,13.3));
#686 = SURFACE_CURVE('',#687,(#691,#697),.PCURVE_S1.);
#687 = LINE('',#688,#689);
#688 = CARTESIAN_POINT('',(10.316073671861,3.818196432446,0.));
#689 = VECTOR('',#690,1.);
#690 = DIRECTION('',(0.,0.,1.));
#691 = PCURVE('',#33,#692);
#692 = DEFINITIONAL_REPRESENTATION('',(#693),#696);
#693 = B_SPLINE_CURVE_WITH_KNOTS('',1,(#694,#695),.UNSPECIFIED.,.F.,.F.,
  (2,2),(2.2999994,13.3000006),.PIECEWISE_BEZIER_KNOTS.);
#694 = CARTESIAN_POINT('',(0.354486423896,2.2999994));
#695 = CARTESIAN_POINT('',(0.354486423896,13.3000006));
#696 = ( GEOMETRIC_REPRESENTATION_CONTEXT(2) 
PARAMETRIC_REPRESENTATION_CONTEXT() REPRESENTATION_CONTEXT('2D SPACE',''
  ) );
#697 = PCURVE('',#643,#698);
#698 = DEFINITIONAL_REPRESENTATION('',(#699),#702);
#699 = B_SPLINE_CURVE_WITH_KNOTS('',1,(#700,#701),.UNSPECIFIED.,.F.,.F.,
  (2,2),(2.2999994,13.3000006),.PIECEWISE_BEZIER_KNOTS.);
#700 = CARTESIAN_POINT('',(4.227628220881,-5.999999999062E-07));
#701 = CARTESIAN_POINT('',(4.227628220881,11.0000006));
#702 = ( GEOMETRIC_REPRESENTATION_CONTEXT(2) 
PARAMETRIC_REPRESENTATION_CONTEXT() REPRESENTATION_CONTEXT('2D SPACE',''
  ) );
#703 = ORIENTED_EDGE('',*,*,#704,.T.);
#704 = EDGE_CURVE('',#684,#629,#705,.T.);
#705 = SURFACE_CURVE('',#706,(#711,#718),.PCURVE_S1.);
#706 = CIRCLE('',#707,11.);
#707 = AXIS2_PLACEMENT_3D('',#708,#709,#710);
#708 = CARTESIAN_POINT('',(0.,0.,13.3));
#709 = DIRECTION('',(0.,0.,1.));
#710 = DIRECTION('',(1.,0.,-0.));
#711 = PCURVE('',#33,#712);
#712 = DEFINITIONAL_REPRESENTATION('',(#713),#717);
#713 = LINE('',#714,#715);
#714 = CARTESIAN_POINT('',(0.,13.3));
#715 = VECTOR('',#716,1.);
#716 = DIRECTION('',(1.,0.));
#717 = ( GEOMETRIC_REPRESENTATION_CONTEXT(2) 
PARAMETRIC_REPRESENTATION_CONTEXT() REPRESENTATION_CONTEXT('2D SPACE',''
  ) );
#718 = PCURVE('',#719,#724);
#719 = PLANE('',#720);
#720 = AXIS2_PLACEMENT_3D('',#721,#722,#723);
#721 = CARTESIAN_POINT('',(10.368740944244,4.61646089891,13.3));
#722 = DIRECTION('',(0.,0.,1.));
#723 = DIRECTION('',(0.913545457643,0.406736643076,0.));
#724 = DEFINITIONAL_REPRESENTATION('',(#725),#729);
#725 = CIRCLE('',#726,11.);
#726 = AXIS2_PLACEMENT_2D('',#727,#728);
#727 = CARTESIAN_POINT('',(-11.35,-3.680502035515E-16));
#728 = DIRECTION('',(0.913545457643,-0.406736643076));
#729 = ( GEOMETRIC_REPRESENTATION_CONTEXT(2) 
PARAMETRIC_REPRESENTATION_CONTEXT() REPRESENTATION_CONTEXT('2D SPACE',''
  ) );
#730 = FACE_BOUND('',#731,.T.);
#731 = EDGE_LOOP('',(#732,#760,#789,#810));
#732 = ORIENTED_EDGE('',*,*,#733,.F.);
#733 = EDGE_CURVE('',#734,#736,#738,.T.);
#734 = VERTEX_POINT('',#735);
#735 = CARTESIAN_POINT('',(8.464691943068,7.02488365092,2.3));
#736 = VERTEX_POINT('',#737);
#737 = CARTESIAN_POINT('',(8.464691943068,7.02488365092,13.3));
#738 = SURFACE_CURVE('',#739,(#743,#749),.PCURVE_S1.);
#739 = LINE('',#740,#741);
#740 = CARTESIAN_POINT('',(8.464691943068,7.02488365092,0.));
#741 = VECTOR('',#742,1.);
#742 = DIRECTION('',(0.,0.,1.));
#743 = PCURVE('',#33,#744);
#744 = DEFINITIONAL_REPRESENTATION('',(#745),#748);
#745 = B_SPLINE_CURVE_WITH_KNOTS('',1,(#746,#747),.UNSPECIFIED.,.F.,.F.,
  (2,2),(2.2999994,13.3000006),.PIECEWISE_BEZIER_KNOTS.);
#746 = CARTESIAN_POINT('',(0.692711127301,2.2999994));
#747 = CARTESIAN_POINT('',(0.692711127301,13.3000006));
#748 = ( GEOMETRIC_REPRESENTATION_CONTEXT(2) 
PARAMETRIC_REPRESENTATION_CONTEXT() REPRESENTATION_CONTEXT('2D SPACE',''
  ) );
#749 = PCURVE('',#750,#755);
#750 = CYLINDRICAL_SURFACE('',#751,0.8);
#751 = AXIS2_PLACEMENT_3D('',#752,#753,#754);
#752 = CARTESIAN_POINT('',(9.182342886156,6.67136261352,2.3));
#753 = DIRECTION('',(0.,0.,1.));
#754 = DIRECTION('',(0.809016994375,0.587785252292,0.));
#755 = DEFINITIONAL_REPRESENTATION('',(#756),#759);
#756 = B_SPLINE_CURVE_WITH_KNOTS('',1,(#757,#758),.UNSPECIFIED.,.F.,.F.,
  (2,2),(2.2999994,13.3000006),.PIECEWISE_BEZIER_KNOTS.);
#757 = CARTESIAN_POINT('',(2.055557086299,-5.999999999062E-07));
#758 = CARTESIAN_POINT('',(2.055557086299,11.0000006));
#759 = ( GEOMETRIC_REPRESENTATION_CONTEXT(2) 
PARAMETRIC_REPRESENTATION_CONTEXT() REPRESENTATION_CONTEXT('2D SPACE',''
  ) );
#760 = ORIENTED_EDGE('',*,*,#761,.F.);
#761 = EDGE_CURVE('',#762,#734,#764,.T.);
#762 = VERTEX_POINT('',#763);
#763 = CARTESIAN_POINT('',(9.29679503498,5.879591999244,2.3));
#764 = SURFACE_CURVE('',#765,(#770,#777),.PCURVE_S1.);
#765 = CIRCLE('',#766,11.);
#766 = AXIS2_PLACEMENT_3D('',#767,#768,#769);
#767 = CARTESIAN_POINT('',(0.,0.,2.3));
#768 = DIRECTION('',(0.,0.,1.));
#769 = DIRECTION('',(1.,0.,-0.));
#770 = PCURVE('',#33,#771);
#771 = DEFINITIONAL_REPRESENTATION('',(#772),#776);
#772 = LINE('',#773,#774);
#773 = CARTESIAN_POINT('',(0.,2.3));
#774 = VECTOR('',#775,1.);
#775 = DIRECTION('',(1.,0.));
#776 = ( GEOMETRIC_REPRESENTATION_CONTEXT(2) 
PARAMETRIC_REPRESENTATION_CONTEXT() REPRESENTATION_CONTEXT('2D SPACE',''
  ) );
#777 = PCURVE('',#778,#783);
#778 = PLANE('',#779);
#779 = AXIS2_PLACEMENT_3D('',#780,#781,#782);
#780 = CARTESIAN_POINT('',(9.182342886156,6.67136261352,2.3));
#781 = DIRECTION('',(0.,0.,1.));
#782 = DIRECTION('',(0.809016994375,0.587785252292,0.));
#783 = DEFINITIONAL_REPRESENTATION('',(#784),#788);
#784 = CIRCLE('',#785,11.);
#785 = AXIS2_PLACEMENT_2D('',#786,#787);
#786 = CARTESIAN_POINT('',(-11.35,2.688712438235E-16));
#787 = DIRECTION('',(0.809016994375,-0.587785252292));
#788 = ( GEOMETRIC_REPRESENTATION_CONTEXT(2) 
PARAMETRIC_REPRESENTATION_CONTEXT() REPRESENTATION_CONTEXT('2D SPACE',''
  ) );
#789 = ORIENTED_EDGE('',*,*,#790,.T.);
#790 = EDGE_CURVE('',#762,#791,#793,.T.);
#791 = VERTEX_POINT('',#792);
#792 = CARTESIAN_POINT('',(9.29679503498,5.879591999244,13.3));
#793 = SURFACE_CURVE('',#794,(#798,#804),.PCURVE_S1.);
#794 = LINE('',#795,#796);
#795 = CARTESIAN_POINT('',(9.29679503498,5.879591999244,0.));
#796 = VECTOR('',#797,1.);
#797 = DIRECTION('',(0.,0.,1.));
#798 = PCURVE('',#33,#799);
#799 = DEFINITIONAL_REPRESENTATION('',(#800),#803);
#800 = B_SPLINE_CURVE_WITH_KNOTS('',1,(#801,#802),.UNSPECIFIED.,.F.,.F.,
  (2,2),(2.2999994,13.3000006),.PIECEWISE_BEZIER_KNOTS.);
#801 = CARTESIAN_POINT('',(0.563925934135,2.2999994));
#802 = CARTESIAN_POINT('',(0.563925934135,13.3000006));
#803 = ( GEOMETRIC_REPRESENTATION_CONTEXT(2) 
PARAMETRIC_REPRESENTATION_CONTEXT() REPRESENTATION_CONTEXT('2D SPACE',''
  ) );
#804 = PCURVE('',#750,#805);
#805 = DEFINITIONAL_REPRESENTATION('',(#806),#809);
#806 = B_SPLINE_CURVE_WITH_KNOTS('',1,(#807,#808),.UNSPECIFIED.,.F.,.F.,
  (2,2),(2.2999994,13.3000006),.PIECEWISE_BEZIER_KNOTS.);
#807 = CARTESIAN_POINT('',(4.227628220881,-5.999999999062E-07));
#808 = CARTESIAN_POINT('',(4.227628220881,11.0000006));
#809 = ( GEOMETRIC_REPRESENTATION_CONTEXT(2) 
PARAMETRIC_REPRESENTATION_CONTEXT() REPRESENTATION_CONTEXT('2D SPACE',''
  ) );
#810 = ORIENTED_EDGE('',*,*,#811,.T.);
#811 = EDGE_CURVE('',#791,#736,#812,.T.);
#812 = SURFACE_CURVE('',#813,(#818,#825),.PCURVE_S1.);
#813 = CIRCLE('',#814,11.);
#814 = AXIS2_PLACEMENT_3D('',#815,#816,#817);
#815 = CARTESIAN_POINT('',(0.,0.,13.3));
#816 = DIRECTION('',(0.,0.,1.));
#817 = DIRECTION('',(1.,0.,-0.));
#818 = PCURVE('',#33,#819);
#819 = DEFINITIONAL_REPRESENTATION('',(#820),#824);
#820 = LINE('',#821,#822);
#821 = CARTESIAN_POINT('',(0.,13.3));
#822 = VECTOR('',#823,1.);
#823 = DIRECTION('',(1.,0.));
#824 = ( GEOMETRIC_REPRESENTATION_CONTEXT(2) 
PARAMETRIC_REPRESENTATION_CONTEXT() REPRESENTATION_CONTEXT('2D SPACE',''
  ) );
#825 = PCURVE('',#826,#831);
#826 = PLANE('',#827);
#827 = AXIS2_PLACEMENT_3D('',#828,#829,#830);
#828 = CARTESIAN_POINT('',(9.182342886156,6.67136261352,13.3));
#829 = DIRECTION('',(0.,0.,1.));
#830 = DIRECTION('',(0.809016994375,0.587785252292,0.));
#831 = DEFINITIONAL_REPRESENTATION('',(#832),#836);
#832 = CIRCLE('',#833,11.);
#833 = AXIS2_PLACEMENT_2D('',#834,#835);
#834 = CARTESIAN_POINT('',(-11.35,2.688712438235E-16));
#835 = DIRECTION('',(0.809016994375,-0.587785252292));
#836 = ( GEOMETRIC_REPRESENTATION_CONTEXT(2) 
PARAMETRIC_REPRESENTATION_CONTEXT() REPRESENTATION_CONTEXT('2D SPACE',''
  ) );
#837 = FACE_BOUND('',#838,.T.);
#838 = EDGE_LOOP('',(#839,#867,#896,#917));
#839 = ORIENTED_EDGE('',*,*,#840,.F.);
#840 = EDGE_CURVE('',#841,#843,#845,.T.);
#841 = VERTEX_POINT('',#842);
#842 = CARTESIAN_POINT('',(6.819162677401,8.631281502716,2.3));
#843 = VERTEX_POINT('',#844);
#844 = CARTESIAN_POINT('',(6.819162677401,8.631281502716,13.3));
#845 = SURFACE_CURVE('',#846,(#850,#856),.PCURVE_S1.);
#846 = LINE('',#847,#848);
#847 = CARTESIAN_POINT('',(6.819162677401,8.631281502716,0.));
#848 = VECTOR('',#849,1.);
#849 = DIRECTION('',(0.,0.,1.));
#850 = PCURVE('',#33,#851);
#851 = DEFINITIONAL_REPRESENTATION('',(#852),#855);
#852 = B_SPLINE_CURVE_WITH_KNOTS('',1,(#853,#854),.UNSPECIFIED.,.F.,.F.,
  (2,2),(2.2999994,13.3000006),.PIECEWISE_BEZIER_KNOTS.);
#853 = CARTESIAN_POINT('',(0.90215063754,2.2999994));
#854 = CARTESIAN_POINT('',(0.90215063754,13.3000006));
#855 = ( GEOMETRIC_REPRESENTATION_CONTEXT(2) 
PARAMETRIC_REPRESENTATION_CONTEXT() REPRESENTATION_CONTEXT('2D SPACE',''
  ) );
#856 = PCURVE('',#857,#862);
#857 = CYLINDRICAL_SURFACE('',#858,0.8);
#858 = AXIS2_PLACEMENT_3D('',#859,#860,#861);
#859 = CARTESIAN_POINT('',(7.594632382173,8.434693769168,2.3));
#860 = DIRECTION('',(0.,0.,1.));
#861 = DIRECTION('',(0.669130606359,0.743144825477,0.));
#862 = DEFINITIONAL_REPRESENTATION('',(#863),#866);
#863 = B_SPLINE_CURVE_WITH_KNOTS('',1,(#864,#865),.UNSPECIFIED.,.F.,.F.,
  (2,2),(2.2999994,13.3000006),.PIECEWISE_BEZIER_KNOTS.);
#864 = CARTESIAN_POINT('',(2.055557086299,-5.999999999062E-07));
#865 = CARTESIAN_POINT('',(2.055557086299,11.0000006));
#866 = ( GEOMETRIC_REPRESENTATION_CONTEXT(2) 
PARAMETRIC_REPRESENTATION_CONTEXT() REPRESENTATION_CONTEXT('2D SPACE',''
  ) );
#867 = ORIENTED_EDGE('',*,*,#868,.F.);
#868 = EDGE_CURVE('',#869,#841,#871,.T.);
#869 = VERTEX_POINT('',#870);
#870 = CARTESIAN_POINT('',(7.871201844098,7.684021182263,2.3));
#871 = SURFACE_CURVE('',#872,(#877,#884),.PCURVE_S1.);
#872 = CIRCLE('',#873,11.);
#873 = AXIS2_PLACEMENT_3D('',#874,#875,#876);
#874 = CARTESIAN_POINT('',(0.,0.,2.3));
#875 = DIRECTION('',(0.,0.,1.));
#876 = DIRECTION('',(1.,0.,-0.));
#877 = PCURVE('',#33,#878);
#878 = DEFINITIONAL_REPRESENTATION('',(#879),#883);
#879 = LINE('',#880,#881);
#880 = CARTESIAN_POINT('',(0.,2.3));
#881 = VECTOR('',#882,1.);
#882 = DIRECTION('',(1.,0.));
#883 = ( GEOMETRIC_REPRESENTATION_CONTEXT(2) 
PARAMETRIC_REPRESENTATION_CONTEXT() REPRESENTATION_CONTEXT('2D SPACE',''
  ) );
#884 = PCURVE('',#885,#890);
#885 = PLANE('',#886);
#886 = AXIS2_PLACEMENT_3D('',#887,#888,#889);
#887 = CARTESIAN_POINT('',(7.594632382173,8.434693769168,2.3));
#888 = DIRECTION('',(0.,0.,1.));
#889 = DIRECTION('',(0.669130606359,0.743144825477,0.));
#890 = DEFINITIONAL_REPRESENTATION('',(#891),#895);
#891 = CIRCLE('',#892,11.);
#892 = AXIS2_PLACEMENT_2D('',#893,#894);
#893 = CARTESIAN_POINT('',(-11.35,9.604482260886E-16));
#894 = DIRECTION('',(0.669130606359,-0.743144825477));
#895 = ( GEOMETRIC_REPRESENTATION_CONTEXT(2) 
PARAMETRIC_REPRESENTATION_CONTEXT() REPRESENTATION_CONTEXT('2D SPACE',''
  ) );
#896 = ORIENTED_EDGE('',*,*,#897,.T.);
#897 = EDGE_CURVE('',#869,#898,#900,.T.);
#898 = VERTEX_POINT('',#899);
#899 = CARTESIAN_POINT('',(7.871201844098,7.684021182263,13.3));
#900 = SURFACE_CURVE('',#901,(#905,#911),.PCURVE_S1.);
#901 = LINE('',#902,#903);
#902 = CARTESIAN_POINT('',(7.871201844098,7.684021182263,0.));
#903 = VECTOR('',#904,1.);
#904 = DIRECTION('',(0.,0.,1.));
#905 = PCURVE('',#33,#906);
#906 = DEFINITIONAL_REPRESENTATION('',(#907),#910);
#907 = B_SPLINE_CURVE_WITH_KNOTS('',1,(#908,#909),.UNSPECIFIED.,.F.,.F.,
  (2,2),(2.2999994,13.3000006),.PIECEWISE_BEZIER_KNOTS.);
#908 = CARTESIAN_POINT('',(0.773365444375,2.2999994));
#909 = CARTESIAN_POINT('',(0.773365444375,13.3000006));
#910 = ( GEOMETRIC_REPRESENTATION_CONTEXT(2) 
PARAMETRIC_REPRESENTATION_CONTEXT() REPRESENTATION_CONTEXT('2D SPACE',''
  ) );
#911 = PCURVE('',#857,#912);
#912 = DEFINITIONAL_REPRESENTATION('',(#913),#916);
#913 = B_SPLINE_CURVE_WITH_KNOTS('',1,(#914,#915),.UNSPECIFIED.,.F.,.F.,
  (2,2),(2.2999994,13.3000006),.PIECEWISE_BEZIER_KNOTS.);
#914 = CARTESIAN_POINT('',(4.227628220881,-5.999999999062E-07));
#915 = CARTESIAN_POINT('',(4.227628220881,11.0000006));
#916 = ( GEOMETRIC_REPRESENTATION_CONTEXT(2) 
PARAMETRIC_REPRESENTATION_CONTEXT() REPRESENTATION_CONTEXT('2D SPACE',''
  ) );
#917 = ORIENTED_EDGE('',*,*,#918,.T.);
#918 = EDGE_CURVE('',#898,#843,#919,.T.);
#919 = SURFACE_CURVE('',#920,(#925,#932),.PCURVE_S1.);
#920 = CIRCLE('',#921,11.);
#921 = AXIS2_PLACEMENT_3D('',#922,#923,#924);
#922 = CARTESIAN_POINT('',(0.,0.,13.3));
#923 = DIRECTION('',(0.,0.,1.));
#924 = DIRECTION('',(1.,0.,-0.));
#925 = PCURVE('',#33,#926);
#926 = DEFINITIONAL_REPRESENTATION('',(#927),#931);
#927 = LINE('',#928,#929);
#928 = CARTESIAN_POINT('',(0.,13.3));
#929 = VECTOR('',#930,1.);
#930 = DIRECTION('',(1.,0.));
#931 = ( GEOMETRIC_REPRESENTATION_CONTEXT(2) 
PARAMETRIC_REPRESENTATION_CONTEXT() REPRESENTATION_CONTEXT('2D SPACE',''
  ) );
#932 = PCURVE('',#933,#938);
#933 = PLANE('',#934);
#934 = AXIS2_PLACEMENT_3D('',#935,#936,#937);
#935 = CARTESIAN_POINT('',(7.594632382173,8.434693769168,13.3));
#936 = DIRECTION('',(0.,0.,1.));
#937 = DIRECTION('',(0.669130606359,0.743144825477,0.));
#938 = DEFINITIONAL_REPRESENTATION('',(#939),#943);
#939 = CIRCLE('',#940,11.);
#940 = AXIS2_PLACEMENT_2D('',#941,#942);
#941 = CARTESIAN_POINT('',(-11.35,9.604482260886E-16));
#942 = DIRECTION('',(0.669130606359,-0.743144825477));
#943 = ( GEOMETRIC_REPRESENTATION_CONTEXT(2) 
PARAMETRIC_REPRESENTATION_CONTEXT() REPRESENTATION_CONTEXT('2D SPACE',''
  ) );
#944 = FACE_BOUND('',#945,.T.);
#945 = EDGE_LOOP('',(#946,#974,#1003,#1024));
#946 = ORIENTED_EDGE('',*,*,#947,.F.);
#947 = EDGE_CURVE('',#948,#950,#952,.T.);
#948 = VERTEX_POINT('',#949);
#949 = CARTESIAN_POINT('',(4.87560328076,9.86045093536,2.3));
#950 = VERTEX_POINT('',#951);
#951 = CARTESIAN_POINT('',(4.87560328076,9.86045093536,13.3));
#952 = SURFACE_CURVE('',#953,(#957,#963),.PCURVE_S1.);
#953 = LINE('',#954,#955);
#954 = CARTESIAN_POINT('',(4.87560328076,9.86045093536,0.));
#955 = VECTOR('',#956,1.);
#956 = DIRECTION('',(0.,0.,1.));
#957 = PCURVE('',#33,#958);
#958 = DEFINITIONAL_REPRESENTATION('',(#959),#962);
#959 = B_SPLINE_CURVE_WITH_KNOTS('',1,(#960,#961),.UNSPECIFIED.,.F.,.F.,
  (2,2),(2.2999994,13.3000006),.PIECEWISE_BEZIER_KNOTS.);
#960 = CARTESIAN_POINT('',(1.111590147779,2.2999994));
#961 = CARTESIAN_POINT('',(1.111590147779,13.3000006));
#962 = ( GEOMETRIC_REPRESENTATION_CONTEXT(2) 
PARAMETRIC_REPRESENTATION_CONTEXT() REPRESENTATION_CONTEXT('2D SPACE',''
  ) );
#963 = PCURVE('',#964,#969);
#964 = CYLINDRICAL_SURFACE('',#965,0.8);
#965 = AXIS2_PLACEMENT_3D('',#966,#967,#968);
#966 = CARTESIAN_POINT('',(5.675,9.829388332953,2.3));
#967 = DIRECTION('',(0.,0.,1.));
#968 = DIRECTION('',(0.5,0.866025403784,0.));
#969 = DEFINITIONAL_REPRESENTATION('',(#970),#973);
#970 = B_SPLINE_CURVE_WITH_KNOTS('',1,(#971,#972),.UNSPECIFIED.,.F.,.F.,
  (2,2),(2.2999994,13.3000006),.PIECEWISE_BEZIER_KNOTS.);
#971 = CARTESIAN_POINT('',(2.055557086299,-5.999999999062E-07));
#972 = CARTESIAN_POINT('',(2.055557086299,11.0000006));
#973 = ( GEOMETRIC_REPRESENTATION_CONTEXT(2) 
PARAMETRIC_REPRESENTATION_CONTEXT() REPRESENTATION_CONTEXT('2D SPACE',''
  ) );
#974 = ORIENTED_EDGE('',*,*,#975,.F.);
#975 = EDGE_CURVE('',#976,#948,#978,.T.);
#976 = VERTEX_POINT('',#977);
#977 = CARTESIAN_POINT('',(6.101599362412,9.152621767593,2.3));
#978 = SURFACE_CURVE('',#979,(#984,#991),.PCURVE_S1.);
#979 = CIRCLE('',#980,11.);
#980 = AXIS2_PLACEMENT_3D('',#981,#982,#983);
#981 = CARTESIAN_POINT('',(0.,0.,2.3));
#982 = DIRECTION('',(0.,0.,1.));
#983 = DIRECTION('',(1.,0.,-0.));
#984 = PCURVE('',#33,#985);
#985 = DEFINITIONAL_REPRESENTATION('',(#986),#990);
#986 = LINE('',#987,#988);
#987 = CARTESIAN_POINT('',(0.,2.3));
#988 = VECTOR('',#989,1.);
#989 = DIRECTION('',(1.,0.));
#990 = ( GEOMETRIC_REPRESENTATION_CONTEXT(2) 
PARAMETRIC_REPRESENTATION_CONTEXT() REPRESENTATION_CONTEXT('2D SPACE',''
  ) );
#991 = PCURVE('',#992,#997);
#992 = PLANE('',#993);
#993 = AXIS2_PLACEMENT_3D('',#994,#995,#996);
#994 = CARTESIAN_POINT('',(5.675,9.829388332953,2.3));
#995 = DIRECTION('',(0.,0.,1.));
#996 = DIRECTION('',(0.5,0.866025403784,0.));
#997 = DEFINITIONAL_REPRESENTATION('',(#998),#1002);
#998 = CIRCLE('',#999,11.);
#999 = AXIS2_PLACEMENT_2D('',#1000,#1001);
#1000 = CARTESIAN_POINT('',(-11.35,-4.560171591205E-16));
#1001 = DIRECTION('',(0.5,-0.866025403784));
#1002 = ( GEOMETRIC_REPRESENTATION_CONTEXT(2) 
PARAMETRIC_REPRESENTATION_CONTEXT() REPRESENTATION_CONTEXT('2D SPACE',''
  ) );
#1003 = ORIENTED_EDGE('',*,*,#1004,.T.);
#1004 = EDGE_CURVE('',#976,#1005,#1007,.T.);
#1005 = VERTEX_POINT('',#1006);
#1006 = CARTESIAN_POINT('',(6.101599362412,9.152621767593,13.3));
#1007 = SURFACE_CURVE('',#1008,(#1012,#1018),.PCURVE_S1.);
#1008 = LINE('',#1009,#1010);
#1009 = CARTESIAN_POINT('',(6.101599362412,9.152621767593,0.));
#1010 = VECTOR('',#1011,1.);
#1011 = DIRECTION('',(0.,0.,1.));
#1012 = PCURVE('',#33,#1013);
#1013 = DEFINITIONAL_REPRESENTATION('',(#1014),#1017);
#1014 = B_SPLINE_CURVE_WITH_KNOTS('',1,(#1015,#1016),.UNSPECIFIED.,.F.,
  .F.,(2,2),(2.2999994,13.3000006),.PIECEWISE_BEZIER_KNOTS.);
#1015 = CARTESIAN_POINT('',(0.982804954614,2.2999994));
#1016 = CARTESIAN_POINT('',(0.982804954614,13.3000006));
#1017 = ( GEOMETRIC_REPRESENTATION_CONTEXT(2) 
PARAMETRIC_REPRESENTATION_CONTEXT() REPRESENTATION_CONTEXT('2D SPACE',''
  ) );
#1018 = PCURVE('',#964,#1019);
#1019 = DEFINITIONAL_REPRESENTATION('',(#1020),#1023);
#1020 = B_SPLINE_CURVE_WITH_KNOTS('',1,(#1021,#1022),.UNSPECIFIED.,.F.,
  .F.,(2,2),(2.2999994,13.3000006),.PIECEWISE_BEZIER_KNOTS.);
#1021 = CARTESIAN_POINT('',(4.227628220881,-5.999999999062E-07));
#1022 = CARTESIAN_POINT('',(4.227628220881,11.0000006));
#1023 = ( GEOMETRIC_REPRESENTATION_CONTEXT(2) 
PARAMETRIC_REPRESENTATION_CONTEXT() REPRESENTATION_CONTEXT('2D SPACE',''
  ) );
#1024 = ORIENTED_EDGE('',*,*,#1025,.T.);
#1025 = EDGE_CURVE('',#1005,#950,#1026,.T.);
#1026 = SURFACE_CURVE('',#1027,(#1032,#1039),.PCURVE_S1.);
#1027 = CIRCLE('',#1028,11.);
#1028 = AXIS2_PLACEMENT_3D('',#1029,#1030,#1031);
#1029 = CARTESIAN_POINT('',(0.,0.,13.3));
#1030 = DIRECTION('',(0.,0.,1.));
#1031 = DIRECTION('',(1.,0.,-0.));
#1032 = PCURVE('',#33,#1033);
#1033 = DEFINITIONAL_REPRESENTATION('',(#1034),#1038);
#1034 = LINE('',#1035,#1036);
#1035 = CARTESIAN_POINT('',(0.,13.3));
#1036 = VECTOR('',#1037,1.);
#1037 = DIRECTION('',(1.,0.));
#1038 = ( GEOMETRIC_REPRESENTATION_CONTEXT(2) 
PARAMETRIC_REPRESENTATION_CONTEXT() REPRESENTATION_CONTEXT('2D SPACE',''
  ) );
#1039 = PCURVE('',#1040,#1045);
#1040 = PLANE('',#1041);
#1041 = AXIS2_PLACEMENT_3D('',#1042,#1043,#1044);
#1042 = CARTESIAN_POINT('',(5.675,9.829388332953,13.3));
#1043 = DIRECTION('',(0.,0.,1.));
#1044 = DIRECTION('',(0.5,0.866025403784,0.));
#1045 = DEFINITIONAL_REPRESENTATION('',(#1046),#1050);
#1046 = CIRCLE('',#1047,11.);
#1047 = AXIS2_PLACEMENT_2D('',#1048,#1049);
#1048 = CARTESIAN_POINT('',(-11.35,-4.560171591205E-16));
#1049 = DIRECTION('',(0.5,-0.866025403784));
#1050 = ( GEOMETRIC_REPRESENTATION_CONTEXT(2) 
PARAMETRIC_REPRESENTATION_CONTEXT() REPRESENTATION_CONTEXT('2D SPACE',''
  ) );
#1051 = FACE_BOUND('',#1052,.T.);
#1052 = EDGE_LOOP('',(#1053,#1081,#1110,#1131));
#1053 = ORIENTED_EDGE('',*,*,#1054,.F.);
#1054 = EDGE_CURVE('',#1055,#1057,#1059,.T.);
#1055 = VERTEX_POINT('',#1056);
#1056 = CARTESIAN_POINT('',(2.718956625009,10.658671346435,2.3));
#1057 = VERTEX_POINT('',#1058);
#1058 = CARTESIAN_POINT('',(2.718956625009,10.658671346435,13.3));
#1059 = SURFACE_CURVE('',#1060,(#1064,#1070),.PCURVE_S1.);
#1060 = LINE('',#1061,#1062);
#1061 = CARTESIAN_POINT('',(2.718956625009,10.658671346435,0.));
#1062 = VECTOR('',#1063,1.);
#1063 = DIRECTION('',(0.,0.,1.));
#1064 = PCURVE('',#33,#1065);
#1065 = DEFINITIONAL_REPRESENTATION('',(#1066),#1069);
#1066 = B_SPLINE_CURVE_WITH_KNOTS('',1,(#1067,#1068),.UNSPECIFIED.,.F.,
  .F.,(2,2),(2.2999994,13.3000006),.PIECEWISE_BEZIER_KNOTS.);
#1067 = CARTESIAN_POINT('',(1.321029658019,2.2999994));
#1068 = CARTESIAN_POINT('',(1.321029658019,13.3000006));
#1069 = ( GEOMETRIC_REPRESENTATION_CONTEXT(2) 
PARAMETRIC_REPRESENTATION_CONTEXT() REPRESENTATION_CONTEXT('2D SPACE',''
  ) );
#1070 = PCURVE('',#1071,#1076);
#1071 = CYLINDRICAL_SURFACE('',#1072,0.8);
#1072 = AXIS2_PLACEMENT_3D('',#1073,#1074,#1075);
#1073 = CARTESIAN_POINT('',(3.507342886156,10.79449145995,2.3));
#1074 = DIRECTION('',(0.,0.,1.));
#1075 = DIRECTION('',(0.309016994375,0.951056516295,0.));
#1076 = DEFINITIONAL_REPRESENTATION('',(#1077),#1080);
#1077 = B_SPLINE_CURVE_WITH_KNOTS('',1,(#1078,#1079),.UNSPECIFIED.,.F.,
  .F.,(2,2),(2.2999994,13.3000006),.PIECEWISE_BEZIER_KNOTS.);
#1078 = CARTESIAN_POINT('',(2.055557086299,-5.999999999062E-07));
#1079 = CARTESIAN_POINT('',(2.055557086299,11.0000006));
#1080 = ( GEOMETRIC_REPRESENTATION_CONTEXT(2) 
PARAMETRIC_REPRESENTATION_CONTEXT() REPRESENTATION_CONTEXT('2D SPACE',''
  ) );
#1081 = ORIENTED_EDGE('',*,*,#1082,.F.);
#1082 = EDGE_CURVE('',#1083,#1055,#1085,.T.);
#1083 = VERTEX_POINT('',#1084);
#1084 = CARTESIAN_POINT('',(4.065327709866,10.221208862527,2.3));
#1085 = SURFACE_CURVE('',#1086,(#1091,#1098),.PCURVE_S1.);
#1086 = CIRCLE('',#1087,11.);
#1087 = AXIS2_PLACEMENT_3D('',#1088,#1089,#1090);
#1088 = CARTESIAN_POINT('',(0.,0.,2.3));
#1089 = DIRECTION('',(0.,0.,1.));
#1090 = DIRECTION('',(1.,0.,-0.));
#1091 = PCURVE('',#33,#1092);
#1092 = DEFINITIONAL_REPRESENTATION('',(#1093),#1097);
#1093 = LINE('',#1094,#1095);
#1094 = CARTESIAN_POINT('',(0.,2.3));
#1095 = VECTOR('',#1096,1.);
#1096 = DIRECTION('',(1.,0.));
#1097 = ( GEOMETRIC_REPRESENTATION_CONTEXT(2) 
PARAMETRIC_REPRESENTATION_CONTEXT() REPRESENTATION_CONTEXT('2D SPACE',''
  ) );
#1098 = PCURVE('',#1099,#1104);
#1099 = PLANE('',#1100);
#1100 = AXIS2_PLACEMENT_3D('',#1101,#1102,#1103);
#1101 = CARTESIAN_POINT('',(3.507342886156,10.79449145995,2.3));
#1102 = DIRECTION('',(0.,0.,1.));
#1103 = DIRECTION('',(0.309016994375,0.951056516295,0.));
#1104 = DEFINITIONAL_REPRESENTATION('',(#1105),#1109);
#1105 = CIRCLE('',#1106,11.);
#1106 = AXIS2_PLACEMENT_2D('',#1107,#1108);
#1107 = CARTESIAN_POINT('',(-11.35,4.040061987231E-18));
#1108 = DIRECTION('',(0.309016994375,-0.951056516295));
#1109 = ( GEOMETRIC_REPRESENTATION_CONTEXT(2) 
PARAMETRIC_REPRESENTATION_CONTEXT() REPRESENTATION_CONTEXT('2D SPACE',''
  ) );
#1110 = ORIENTED_EDGE('',*,*,#1111,.T.);
#1111 = EDGE_CURVE('',#1083,#1112,#1114,.T.);
#1112 = VERTEX_POINT('',#1113);
#1113 = CARTESIAN_POINT('',(4.065327709866,10.221208862527,13.3));
#1114 = SURFACE_CURVE('',#1115,(#1119,#1125),.PCURVE_S1.);
#1115 = LINE('',#1116,#1117);
#1116 = CARTESIAN_POINT('',(4.065327709866,10.221208862527,0.));
#1117 = VECTOR('',#1118,1.);
#1118 = DIRECTION('',(0.,0.,1.));
#1119 = PCURVE('',#33,#1120);
#1120 = DEFINITIONAL_REPRESENTATION('',(#1121),#1124);
#1121 = B_SPLINE_CURVE_WITH_KNOTS('',1,(#1122,#1123),.UNSPECIFIED.,.F.,
  .F.,(2,2),(2.2999994,13.3000006),.PIECEWISE_BEZIER_KNOTS.);
#1122 = CARTESIAN_POINT('',(1.192244464853,2.2999994));
#1123 = CARTESIAN_POINT('',(1.192244464853,13.3000006));
#1124 = ( GEOMETRIC_REPRESENTATION_CONTEXT(2) 
PARAMETRIC_REPRESENTATION_CONTEXT() REPRESENTATION_CONTEXT('2D SPACE',''
  ) );
#1125 = PCURVE('',#1071,#1126);
#1126 = DEFINITIONAL_REPRESENTATION('',(#1127),#1130);
#1127 = B_SPLINE_CURVE_WITH_KNOTS('',1,(#1128,#1129),.UNSPECIFIED.,.F.,
  .F.,(2,2),(2.2999994,13.3000006),.PIECEWISE_BEZIER_KNOTS.);
#1128 = CARTESIAN_POINT('',(4.227628220881,-5.999999999062E-07));
#1129 = CARTESIAN_POINT('',(4.227628220881,11.0000006));
#1130 = ( GEOMETRIC_REPRESENTATION_CONTEXT(2) 
PARAMETRIC_REPRESENTATION_CONTEXT() REPRESENTATION_CONTEXT('2D SPACE',''
  ) );
#1131 = ORIENTED_EDGE('',*,*,#1132,.T.);
#1132 = EDGE_CURVE('',#1112,#1057,#1133,.T.);
#1133 = SURFACE_CURVE('',#1134,(#1139,#1146),.PCURVE_S1.);
#1134 = CIRCLE('',#1135,11.);
#1135 = AXIS2_PLACEMENT_3D('',#1136,#1137,#1138);
#1136 = CARTESIAN_POINT('',(0.,0.,13.3));
#1137 = DIRECTION('',(0.,0.,1.));
#1138 = DIRECTION('',(1.,0.,-0.));
#1139 = PCURVE('',#33,#1140);
#1140 = DEFINITIONAL_REPRESENTATION('',(#1141),#1145);
#1141 = LINE('',#1142,#1143);
#1142 = CARTESIAN_POINT('',(0.,13.3));
#1143 = VECTOR('',#1144,1.);
#1144 = DIRECTION('',(1.,0.));
#1145 = ( GEOMETRIC_REPRESENTATION_CONTEXT(2) 
PARAMETRIC_REPRESENTATION_CONTEXT() REPRESENTATION_CONTEXT('2D SPACE',''
  ) );
#1146 = PCURVE('',#1147,#1152);
#1147 = PLANE('',#1148);
#1148 = AXIS2_PLACEMENT_3D('',#1149,#1150,#1151);
#1149 = CARTESIAN_POINT('',(3.507342886156,10.79449145995,13.3));
#1150 = DIRECTION('',(0.,0.,1.));
#1151 = DIRECTION('',(0.309016994375,0.951056516295,0.));
#1152 = DEFINITIONAL_REPRESENTATION('',(#1153),#1157);
#1153 = CIRCLE('',#1154,11.);
#1154 = AXIS2_PLACEMENT_2D('',#1155,#1156);
#1155 = CARTESIAN_POINT('',(-11.35,4.040061987231E-18));
#1156 = DIRECTION('',(0.309016994375,-0.951056516295));
#1157 = ( GEOMETRIC_REPRESENTATION_CONTEXT(2) 
PARAMETRIC_REPRESENTATION_CONTEXT() REPRESENTATION_CONTEXT('2D SPACE',''
  ) );
#1158 = FACE_BOUND('',#1159,.T.);
#1159 = EDGE_LOOP('',(#1160,#1188,#1217,#1238));
#1160 = ORIENTED_EDGE('',*,*,#1161,.F.);
#1161 = EDGE_CURVE('',#1162,#1164,#1166,.T.);
#1162 = VERTEX_POINT('',#1163);
#1163 = CARTESIAN_POINT('',(0.443478517744,10.991056673692,2.3));
#1164 = VERTEX_POINT('',#1165);
#1165 = CARTESIAN_POINT('',(0.443478517744,10.991056673692,13.3));
#1166 = SURFACE_CURVE('',#1167,(#1171,#1177),.PCURVE_S1.);
#1167 = LINE('',#1168,#1169);
#1168 = CARTESIAN_POINT('',(0.443478517744,10.991056673692,0.));
#1169 = VECTOR('',#1170,1.);
#1170 = DIRECTION('',(0.,0.,1.));
#1171 = PCURVE('',#33,#1172);
#1172 = DEFINITIONAL_REPRESENTATION('',(#1173),#1176);
#1173 = B_SPLINE_CURVE_WITH_KNOTS('',1,(#1174,#1175),.UNSPECIFIED.,.F.,
  .F.,(2,2),(2.2999994,13.3000006),.PIECEWISE_BEZIER_KNOTS.);
#1174 = CARTESIAN_POINT('',(1.530469168258,2.2999994));
#1175 = CARTESIAN_POINT('',(1.530469168258,13.3000006));
#1176 = ( GEOMETRIC_REPRESENTATION_CONTEXT(2) 
PARAMETRIC_REPRESENTATION_CONTEXT() REPRESENTATION_CONTEXT('2D SPACE',''
  ) );
#1177 = PCURVE('',#1178,#1183);
#1178 = CYLINDRICAL_SURFACE('',#1179,0.8);
#1179 = AXIS2_PLACEMENT_3D('',#1180,#1181,#1182);
#1180 = CARTESIAN_POINT('',(1.186398058088,11.28782351243,2.3));
#1181 = DIRECTION('',(0.,0.,1.));
#1182 = DIRECTION('',(0.104528463268,0.994521895368,0.));
#1183 = DEFINITIONAL_REPRESENTATION('',(#1184),#1187);
#1184 = B_SPLINE_CURVE_WITH_KNOTS('',1,(#1185,#1186),.UNSPECIFIED.,.F.,
  .F.,(2,2),(2.2999994,13.3000006),.PIECEWISE_BEZIER_KNOTS.);
#1185 = CARTESIAN_POINT('',(2.055557086299,-5.999999999062E-07));
#1186 = CARTESIAN_POINT('',(2.055557086299,11.0000006));
#1187 = ( GEOMETRIC_REPRESENTATION_CONTEXT(2) 
PARAMETRIC_REPRESENTATION_CONTEXT() REPRESENTATION_CONTEXT('2D SPACE',''
  ) );
#1188 = ORIENTED_EDGE('',*,*,#1189,.F.);
#1189 = EDGE_CURVE('',#1190,#1162,#1192,.T.);
#1190 = VERTEX_POINT('',#1191);
#1191 = CARTESIAN_POINT('',(1.851381728793,10.843080083366,2.3));
#1192 = SURFACE_CURVE('',#1193,(#1198,#1205),.PCURVE_S1.);
#1193 = CIRCLE('',#1194,11.);
#1194 = AXIS2_PLACEMENT_3D('',#1195,#1196,#1197);
#1195 = CARTESIAN_POINT('',(0.,0.,2.3));
#1196 = DIRECTION('',(0.,0.,1.));
#1197 = DIRECTION('',(1.,0.,-0.));
#1198 = PCURVE('',#33,#1199);
#1199 = DEFINITIONAL_REPRESENTATION('',(#1200),#1204);
#1200 = LINE('',#1201,#1202);
#1201 = CARTESIAN_POINT('',(0.,2.3));
#1202 = VECTOR('',#1203,1.);
#1203 = DIRECTION('',(1.,0.));
#1204 = ( GEOMETRIC_REPRESENTATION_CONTEXT(2) 
PARAMETRIC_REPRESENTATION_CONTEXT() REPRESENTATION_CONTEXT('2D SPACE',''
  ) );
#1205 = PCURVE('',#1206,#1211);
#1206 = PLANE('',#1207);
#1207 = AXIS2_PLACEMENT_3D('',#1208,#1209,#1210);
#1208 = CARTESIAN_POINT('',(1.186398058088,11.28782351243,2.3));
#1209 = DIRECTION('',(0.,0.,1.));
#1210 = DIRECTION('',(0.104528463268,0.994521895368,0.));
#1211 = DEFINITIONAL_REPRESENTATION('',(#1212),#1216);
#1212 = CIRCLE('',#1213,11.);
#1213 = AXIS2_PLACEMENT_2D('',#1214,#1215);
#1214 = CARTESIAN_POINT('',(-11.35,-1.584942543891E-16));
#1215 = DIRECTION('',(0.104528463268,-0.994521895368));
#1216 = ( GEOMETRIC_REPRESENTATION_CONTEXT(2) 
PARAMETRIC_REPRESENTATION_CONTEXT() REPRESENTATION_CONTEXT('2D SPACE',''
  ) );
#1217 = ORIENTED_EDGE('',*,*,#1218,.T.);
#1218 = EDGE_CURVE('',#1190,#1219,#1221,.T.);
#1219 = VERTEX_POINT('',#1220);
#1220 = CARTESIAN_POINT('',(1.851381728793,10.843080083366,13.3));
#1221 = SURFACE_CURVE('',#1222,(#1226,#1232),.PCURVE_S1.);
#1222 = LINE('',#1223,#1224);
#1223 = CARTESIAN_POINT('',(1.851381728793,10.843080083366,0.));
#1224 = VECTOR('',#1225,1.);
#1225 = DIRECTION('',(0.,0.,1.));
#1226 = PCURVE('',#33,#1227);
#1227 = DEFINITIONAL_REPRESENTATION('',(#1228),#1231);
#1228 = B_SPLINE_CURVE_WITH_KNOTS('',1,(#1229,#1230),.UNSPECIFIED.,.F.,
  .F.,(2,2),(2.2999994,13.3000006),.PIECEWISE_BEZIER_KNOTS.);
#1229 = CARTESIAN_POINT('',(1.401683975093,2.2999994));
#1230 = CARTESIAN_POINT('',(1.401683975093,13.3000006));
#1231 = ( GEOMETRIC_REPRESENTATION_CONTEXT(2) 
PARAMETRIC_REPRESENTATION_CONTEXT() REPRESENTATION_CONTEXT('2D SPACE',''
  ) );
#1232 = PCURVE('',#1178,#1233);
#1233 = DEFINITIONAL_REPRESENTATION('',(#1234),#1237);
#1234 = B_SPLINE_CURVE_WITH_KNOTS('',1,(#1235,#1236),.UNSPECIFIED.,.F.,
  .F.,(2,2),(2.2999994,13.3000006),.PIECEWISE_BEZIER_KNOTS.);
#1235 = CARTESIAN_POINT('',(4.227628220881,-5.999999999062E-07));
#1236 = CARTESIAN_POINT('',(4.227628220881,11.0000006));
#1237 = ( GEOMETRIC_REPRESENTATION_CONTEXT(2) 
PARAMETRIC_REPRESENTATION_CONTEXT() REPRESENTATION_CONTEXT('2D SPACE',''
  ) );
#1238 = ORIENTED_EDGE('',*,*,#1239,.T.);
#1239 = EDGE_CURVE('',#1219,#1164,#1240,.T.);
#1240 = SURFACE_CURVE('',#1241,(#1246,#1253),.PCURVE_S1.);
#1241 = CIRCLE('',#1242,11.);
#1242 = AXIS2_PLACEMENT_3D('',#1243,#1244,#1245);
#1243 = CARTESIAN_POINT('',(0.,0.,13.3));
#1244 = DIRECTION('',(0.,0.,1.));
#1245 = DIRECTION('',(1.,0.,-0.));
#1246 = PCURVE('',#33,#1247);
#1247 = DEFINITIONAL_REPRESENTATION('',(#1248),#1252);
#1248 = LINE('',#1249,#1250);
#1249 = CARTESIAN_POINT('',(0.,13.3));
#1250 = VECTOR('',#1251,1.);
#1251 = DIRECTION('',(1.,0.));
#1252 = ( GEOMETRIC_REPRESENTATION_CONTEXT(2) 
PARAMETRIC_REPRESENTATION_CONTEXT() REPRESENTATION_CONTEXT('2D SPACE',''
  ) );
#1253 = PCURVE('',#1254,#1259);
#1254 = PLANE('',#1255);
#1255 = AXIS2_PLACEMENT_3D('',#1256,#1257,#1258);
#1256 = CARTESIAN_POINT('',(1.186398058088,11.28782351243,13.3));
#1257 = DIRECTION('',(0.,0.,1.));
#1258 = DIRECTION('',(0.104528463268,0.994521895368,0.));
#1259 = DEFINITIONAL_REPRESENTATION('',(#1260),#1264);
#1260 = CIRCLE('',#1261,11.);
#1261 = AXIS2_PLACEMENT_2D('',#1262,#1263);
#1262 = CARTESIAN_POINT('',(-11.35,-1.584942543891E-16));
#1263 = DIRECTION('',(0.104528463268,-0.994521895368));
#1264 = ( GEOMETRIC_REPRESENTATION_CONTEXT(2) 
PARAMETRIC_REPRESENTATION_CONTEXT() REPRESENTATION_CONTEXT('2D SPACE',''
  ) );
#1265 = FACE_BOUND('',#1266,.T.);
#1266 = EDGE_LOOP('',(#1267,#1295,#1324,#1345));
#1267 = ORIENTED_EDGE('',*,*,#1268,.F.);
#1268 = EDGE_CURVE('',#1269,#1271,#1273,.T.);
#1269 = VERTEX_POINT('',#1270);
#1270 = CARTESIAN_POINT('',(-1.851381728793,10.843080083366,2.3));
#1271 = VERTEX_POINT('',#1272);
#1272 = CARTESIAN_POINT('',(-1.851381728793,10.843080083366,13.3));
#1273 = SURFACE_CURVE('',#1274,(#1278,#1284),.PCURVE_S1.);
#1274 = LINE('',#1275,#1276);
#1275 = CARTESIAN_POINT('',(-1.851381728793,10.843080083366,0.));
#1276 = VECTOR('',#1277,1.);
#1277 = DIRECTION('',(0.,0.,1.));
#1278 = PCURVE('',#33,#1279);
#1279 = DEFINITIONAL_REPRESENTATION('',(#1280),#1283);
#1280 = B_SPLINE_CURVE_WITH_KNOTS('',1,(#1281,#1282),.UNSPECIFIED.,.F.,
  .F.,(2,2),(2.2999994,13.3000006),.PIECEWISE_BEZIER_KNOTS.);
#1281 = CARTESIAN_POINT('',(1.739908678497,2.2999994));
#1282 = CARTESIAN_POINT('',(1.739908678497,13.3000006));
#1283 = ( GEOMETRIC_REPRESENTATION_CONTEXT(2) 
PARAMETRIC_REPRESENTATION_CONTEXT() REPRESENTATION_CONTEXT('2D SPACE',''
  ) );
#1284 = PCURVE('',#1285,#1290);
#1285 = CYLINDRICAL_SURFACE('',#1286,0.8);
#1286 = AXIS2_PLACEMENT_3D('',#1287,#1288,#1289);
#1287 = CARTESIAN_POINT('',(-1.186398058088,11.28782351243,2.3));
#1288 = DIRECTION('',(0.,0.,1.));
#1289 = DIRECTION('',(-0.104528463268,0.994521895368,0.));
#1290 = DEFINITIONAL_REPRESENTATION('',(#1291),#1294);
#1291 = B_SPLINE_CURVE_WITH_KNOTS('',1,(#1292,#1293),.UNSPECIFIED.,.F.,
  .F.,(2,2),(2.2999994,13.3000006),.PIECEWISE_BEZIER_KNOTS.);
#1292 = CARTESIAN_POINT('',(2.055557086299,-5.999999999062E-07));
#1293 = CARTESIAN_POINT('',(2.055557086299,11.0000006));
#1294 = ( GEOMETRIC_REPRESENTATION_CONTEXT(2) 
PARAMETRIC_REPRESENTATION_CONTEXT() REPRESENTATION_CONTEXT('2D SPACE',''
  ) );
#1295 = ORIENTED_EDGE('',*,*,#1296,.F.);
#1296 = EDGE_CURVE('',#1297,#1269,#1299,.T.);
#1297 = VERTEX_POINT('',#1298);
#1298 = CARTESIAN_POINT('',(-0.443478517744,10.991056673692,2.3));
#1299 = SURFACE_CURVE('',#1300,(#1305,#1312),.PCURVE_S1.);
#1300 = CIRCLE('',#1301,11.);
#1301 = AXIS2_PLACEMENT_3D('',#1302,#1303,#1304);
#1302 = CARTESIAN_POINT('',(0.,0.,2.3));
#1303 = DIRECTION('',(0.,0.,1.));
#1304 = DIRECTION('',(1.,0.,-0.));
#1305 = PCURVE('',#33,#1306);
#1306 = DEFINITIONAL_REPRESENTATION('',(#1307),#1311);
#1307 = LINE('',#1308,#1309);
#1308 = CARTESIAN_POINT('',(0.,2.3));
#1309 = VECTOR('',#1310,1.);
#1310 = DIRECTION('',(1.,0.));
#1311 = ( GEOMETRIC_REPRESENTATION_CONTEXT(2) 
PARAMETRIC_REPRESENTATION_CONTEXT() REPRESENTATION_CONTEXT('2D SPACE',''
  ) );
#1312 = PCURVE('',#1313,#1318);
#1313 = PLANE('',#1314);
#1314 = AXIS2_PLACEMENT_3D('',#1315,#1316,#1317);
#1315 = CARTESIAN_POINT('',(-1.186398058088,11.28782351243,2.3));
#1316 = DIRECTION('',(0.,0.,1.));
#1317 = DIRECTION('',(-0.104528463268,0.994521895368,0.));
#1318 = DEFINITIONAL_REPRESENTATION('',(#1319),#1323);
#1319 = CIRCLE('',#1320,11.);
#1320 = AXIS2_PLACEMENT_2D('',#1321,#1322);
#1321 = CARTESIAN_POINT('',(-11.35,-5.625204906374E-17));
#1322 = DIRECTION('',(-0.104528463268,-0.994521895368));
#1323 = ( GEOMETRIC_REPRESENTATION_CONTEXT(2) 
PARAMETRIC_REPRESENTATION_CONTEXT() REPRESENTATION_CONTEXT('2D SPACE',''
  ) );
#1324 = ORIENTED_EDGE('',*,*,#1325,.T.);
#1325 = EDGE_CURVE('',#1297,#1326,#1328,.T.);
#1326 = VERTEX_POINT('',#1327);
#1327 = CARTESIAN_POINT('',(-0.443478517744,10.991056673692,13.3));
#1328 = SURFACE_CURVE('',#1329,(#1333,#1339),.PCURVE_S1.);
#1329 = LINE('',#1330,#1331);
#1330 = CARTESIAN_POINT('',(-0.443478517744,10.991056673692,0.));
#1331 = VECTOR('',#1332,1.);
#1332 = DIRECTION('',(0.,0.,1.));
#1333 = PCURVE('',#33,#1334);
#1334 = DEFINITIONAL_REPRESENTATION('',(#1335),#1338);
#1335 = B_SPLINE_CURVE_WITH_KNOTS('',1,(#1336,#1337),.UNSPECIFIED.,.F.,
  .F.,(2,2),(2.2999994,13.3000006),.PIECEWISE_BEZIER_KNOTS.);
#1336 = CARTESIAN_POINT('',(1.611123485332,2.2999994));
#1337 = CARTESIAN_POINT('',(1.611123485332,13.3000006));
#1338 = ( GEOMETRIC_REPRESENTATION_CONTEXT(2) 
PARAMETRIC_REPRESENTATION_CONTEXT() REPRESENTATION_CONTEXT('2D SPACE',''
  ) );
#1339 = PCURVE('',#1285,#1340);
#1340 = DEFINITIONAL_REPRESENTATION('',(#1341),#1344);
#1341 = B_SPLINE_CURVE_WITH_KNOTS('',1,(#1342,#1343),.UNSPECIFIED.,.F.,
  .F.,(2,2),(2.2999994,13.3000006),.PIECEWISE_BEZIER_KNOTS.);
#1342 = CARTESIAN_POINT('',(4.227628220881,-5.999999999062E-07));
#1343 = CARTESIAN_POINT('',(4.227628220881,11.0000006));
#1344 = ( GEOMETRIC_REPRESENTATION_CONTEXT(2) 
PARAMETRIC_REPRESENTATION_CONTEXT() REPRESENTATION_CONTEXT('2D SPACE',''
  ) );
#1345 = ORIENTED_EDGE('',*,*,#1346,.T.);
#1346 = EDGE_CURVE('',#1326,#1271,#1347,.T.);
#1347 = SURFACE_CURVE('',#1348,(#1353,#1360),.PCURVE_S1.);
#1348 = CIRCLE('',#1349,11.);
#1349 = AXIS2_PLACEMENT_3D('',#1350,#1351,#1352);
#1350 = CARTESIAN_POINT('',(0.,0.,13.3));
#1351 = DIRECTION('',(0.,0.,1.));
#1352 = DIRECTION('',(1.,0.,-0.));
#1353 = PCURVE('',#33,#1354);
#1354 = DEFINITIONAL_REPRESENTATION('',(#1355),#1359);
#1355 = LINE('',#1356,#1357);
#1356 = CARTESIAN_POINT('',(0.,13.3));
#1357 = VECTOR('',#1358,1.);
#1358 = DIRECTION('',(1.,0.));
#1359 = ( GEOMETRIC_REPRESENTATION_CONTEXT(2) 
PARAMETRIC_REPRESENTATION_CONTEXT() REPRESENTATION_CONTEXT('2D SPACE',''
  ) );
#1360 = PCURVE('',#1361,#1366);
#1361 = PLANE('',#1362);
#1362 = AXIS2_PLACEMENT_3D('',#1363,#1364,#1365);
#1363 = CARTESIAN_POINT('',(-1.186398058088,11.28782351243,13.3));
#1364 = DIRECTION('',(0.,0.,1.));
#1365 = DIRECTION('',(-0.104528463268,0.994521895368,0.));
#1366 = DEFINITIONAL_REPRESENTATION('',(#1367),#1371);
#1367 = CIRCLE('',#1368,11.);
#1368 = AXIS2_PLACEMENT_2D('',#1369,#1370);
#1369 = CARTESIAN_POINT('',(-11.35,-5.625204906374E-17));
#1370 = DIRECTION('',(-0.104528463268,-0.994521895368));
#1371 = ( GEOMETRIC_REPRESENTATION_CONTEXT(2) 
PARAMETRIC_REPRESENTATION_CONTEXT() REPRESENTATION_CONTEXT('2D SPACE',''
  ) );
#1372 = FACE_BOUND('',#1373,.T.);
#1373 = EDGE_LOOP('',(#1374,#1402,#1431,#1452));
#1374 = ORIENTED_EDGE('',*,*,#1375,.F.);
#1375 = EDGE_CURVE('',#1376,#1378,#1380,.T.);
#1376 = VERTEX_POINT('',#1377);
#1377 = CARTESIAN_POINT('',(-4.065327709866,10.221208862527,2.3));
#1378 = VERTEX_POINT('',#1379);
#1379 = CARTESIAN_POINT('',(-4.065327709866,10.221208862527,13.3));
#1380 = SURFACE_CURVE('',#1381,(#1385,#1391),.PCURVE_S1.);
#1381 = LINE('',#1382,#1383);
#1382 = CARTESIAN_POINT('',(-4.065327709866,10.221208862527,0.));
#1383 = VECTOR('',#1384,1.);
#1384 = DIRECTION('',(0.,0.,1.));
#1385 = PCURVE('',#33,#1386);
#1386 = DEFINITIONAL_REPRESENTATION('',(#1387),#1390);
#1387 = B_SPLINE_CURVE_WITH_KNOTS('',1,(#1388,#1389),.UNSPECIFIED.,.F.,
  .F.,(2,2),(2.2999994,13.3000006),.PIECEWISE_BEZIER_KNOTS.);
#1388 = CARTESIAN_POINT('',(1.949348188737,2.2999994));
#1389 = CARTESIAN_POINT('',(1.949348188737,13.3000006));
#1390 = ( GEOMETRIC_REPRESENTATION_CONTEXT(2) 
PARAMETRIC_REPRESENTATION_CONTEXT() REPRESENTATION_CONTEXT('2D SPACE',''
  ) );
#1391 = PCURVE('',#1392,#1397);
#1392 = CYLINDRICAL_SURFACE('',#1393,0.8);
#1393 = AXIS2_PLACEMENT_3D('',#1394,#1395,#1396);
#1394 = CARTESIAN_POINT('',(-3.507342886156,10.79449145995,2.3));
#1395 = DIRECTION('',(0.,0.,1.));
#1396 = DIRECTION('',(-0.309016994375,0.951056516295,0.));
#1397 = DEFINITIONAL_REPRESENTATION('',(#1398),#1401);
#1398 = B_SPLINE_CURVE_WITH_KNOTS('',1,(#1399,#1400),.UNSPECIFIED.,.F.,
  .F.,(2,2),(2.2999994,13.3000006),.PIECEWISE_BEZIER_KNOTS.);
#1399 = CARTESIAN_POINT('',(2.055557086299,-5.999999999062E-07));
#1400 = CARTESIAN_POINT('',(2.055557086299,11.0000006));
#1401 = ( GEOMETRIC_REPRESENTATION_CONTEXT(2) 
PARAMETRIC_REPRESENTATION_CONTEXT() REPRESENTATION_CONTEXT('2D SPACE',''
  ) );
#1402 = ORIENTED_EDGE('',*,*,#1403,.F.);
#1403 = EDGE_CURVE('',#1404,#1376,#1406,.T.);
#1404 = VERTEX_POINT('',#1405);
#1405 = CARTESIAN_POINT('',(-2.718956625009,10.658671346435,2.3));
#1406 = SURFACE_CURVE('',#1407,(#1412,#1419),.PCURVE_S1.);
#1407 = CIRCLE('',#1408,11.);
#1408 = AXIS2_PLACEMENT_3D('',#1409,#1410,#1411);
#1409 = CARTESIAN_POINT('',(0.,0.,2.3));
#1410 = DIRECTION('',(0.,0.,1.));
#1411 = DIRECTION('',(1.,0.,-0.));
#1412 = PCURVE('',#33,#1413);
#1413 = DEFINITIONAL_REPRESENTATION('',(#1414),#1418);
#1414 = LINE('',#1415,#1416);
#1415 = CARTESIAN_POINT('',(0.,2.3));
#1416 = VECTOR('',#1417,1.);
#1417 = DIRECTION('',(1.,0.));
#1418 = ( GEOMETRIC_REPRESENTATION_CONTEXT(2) 
PARAMETRIC_REPRESENTATION_CONTEXT() REPRESENTATION_CONTEXT('2D SPACE',''
  ) );
#1419 = PCURVE('',#1420,#1425);
#1420 = PLANE('',#1421);
#1421 = AXIS2_PLACEMENT_3D('',#1422,#1423,#1424);
#1422 = CARTESIAN_POINT('',(-3.507342886156,10.79449145995,2.3));
#1423 = DIRECTION('',(0.,0.,1.));
#1424 = DIRECTION('',(-0.309016994375,0.951056516295,0.));
#1425 = DEFINITIONAL_REPRESENTATION('',(#1426),#1430);
#1426 = CIRCLE('',#1427,11.);
#1427 = AXIS2_PLACEMENT_2D('',#1428,#1429);
#1428 = CARTESIAN_POINT('',(-11.35,-4.040061987231E-18));
#1429 = DIRECTION('',(-0.309016994375,-0.951056516295));
#1430 = ( GEOMETRIC_REPRESENTATION_CONTEXT(2) 
PARAMETRIC_REPRESENTATION_CONTEXT() REPRESENTATION_CONTEXT('2D SPACE',''
  ) );
#1431 = ORIENTED_EDGE('',*,*,#1432,.T.);
#1432 = EDGE_CURVE('',#1404,#1433,#1435,.T.);
#1433 = VERTEX_POINT('',#1434);
#1434 = CARTESIAN_POINT('',(-2.718956625009,10.658671346435,13.3));
#1435 = SURFACE_CURVE('',#1436,(#1440,#1446),.PCURVE_S1.);
#1436 = LINE('',#1437,#1438);
#1437 = CARTESIAN_POINT('',(-2.718956625009,10.658671346435,0.));
#1438 = VECTOR('',#1439,1.);
#1439 = DIRECTION('',(0.,0.,1.));
#1440 = PCURVE('',#33,#1441);
#1441 = DEFINITIONAL_REPRESENTATION('',(#1442),#1445);
#1442 = B_SPLINE_CURVE_WITH_KNOTS('',1,(#1443,#1444),.UNSPECIFIED.,.F.,
  .F.,(2,2),(2.2999994,13.3000006),.PIECEWISE_BEZIER_KNOTS.);
#1443 = CARTESIAN_POINT('',(1.820562995571,2.2999994));
#1444 = CARTESIAN_POINT('',(1.820562995571,13.3000006));
#1445 = ( GEOMETRIC_REPRESENTATION_CONTEXT(2) 
PARAMETRIC_REPRESENTATION_CONTEXT() REPRESENTATION_CONTEXT('2D SPACE',''
  ) );
#1446 = PCURVE('',#1392,#1447);
#1447 = DEFINITIONAL_REPRESENTATION('',(#1448),#1451);
#1448 = B_SPLINE_CURVE_WITH_KNOTS('',1,(#1449,#1450),.UNSPECIFIED.,.F.,
  .F.,(2,2),(2.2999994,13.3000006),.PIECEWISE_BEZIER_KNOTS.);
#1449 = CARTESIAN_POINT('',(4.227628220881,-5.999999999062E-07));
#1450 = CARTESIAN_POINT('',(4.227628220881,11.0000006));
#1451 = ( GEOMETRIC_REPRESENTATION_CONTEXT(2) 
PARAMETRIC_REPRESENTATION_CONTEXT() REPRESENTATION_CONTEXT('2D SPACE',''
  ) );
#1452 = ORIENTED_EDGE('',*,*,#1453,.T.);
#1453 = EDGE_CURVE('',#1433,#1378,#1454,.T.);
#1454 = SURFACE_CURVE('',#1455,(#1460,#1467),.PCURVE_S1.);
#1455 = CIRCLE('',#1456,11.);
#1456 = AXIS2_PLACEMENT_3D('',#1457,#1458,#1459);
#1457 = CARTESIAN_POINT('',(0.,0.,13.3));
#1458 = DIRECTION('',(0.,0.,1.));
#1459 = DIRECTION('',(1.,0.,-0.));
#1460 = PCURVE('',#33,#1461);
#1461 = DEFINITIONAL_REPRESENTATION('',(#1462),#1466);
#1462 = LINE('',#1463,#1464);
#1463 = CARTESIAN_POINT('',(0.,13.3));
#1464 = VECTOR('',#1465,1.);
#1465 = DIRECTION('',(1.,0.));
#1466 = ( GEOMETRIC_REPRESENTATION_CONTEXT(2) 
PARAMETRIC_REPRESENTATION_CONTEXT() REPRESENTATION_CONTEXT('2D SPACE',''
  ) );
#1467 = PCURVE('',#1468,#1473);
#1468 = PLANE('',#1469);
#1469 = AXIS2_PLACEMENT_3D('',#1470,#1471,#1472);
#1470 = CARTESIAN_POINT('',(-3.507342886156,10.79449145995,13.3));
#1471 = DIRECTION('',(0.,0.,1.));
#1472 = DIRECTION('',(-0.309016994375,0.951056516295,0.));
#1473 = DEFINITIONAL_REPRESENTATION('',(#1474),#1478);
#1474 = CIRCLE('',#1475,11.);
#1475 = AXIS2_PLACEMENT_2D('',#1476,#1477);
#1476 = CARTESIAN_POINT('',(-11.35,-4.040061987231E-18));
#1477 = DIRECTION('',(-0.309016994375,-0.951056516295));
#1478 = ( GEOMETRIC_REPRESENTATION_CONTEXT(2) 
PARAMETRIC_REPRESENTATION_CONTEXT() REPRESENTATION_CONTEXT('2D SPACE',''
  ) );
#1479 = FACE_BOUND('',#1480,.T.);
#1480 = EDGE_LOOP('',(#1481,#1509,#1538,#1559));
#1481 = ORIENTED_EDGE('',*,*,#1482,.F.);
#1482 = EDGE_CURVE('',#1483,#1485,#1487,.T.);
#1483 = VERTEX_POINT('',#1484);
#1484 = CARTESIAN_POINT('',(-6.101599362412,9.152621767593,2.3));
#1485 = VERTEX_POINT('',#1486);
#1486 = CARTESIAN_POINT('',(-6.101599362412,9.152621767593,13.3));
#1487 = SURFACE_CURVE('',#1488,(#1492,#1498),.PCURVE_S1.);
#1488 = LINE('',#1489,#1490);
#1489 = CARTESIAN_POINT('',(-6.101599362412,9.152621767593,0.));
#1490 = VECTOR('',#1491,1.);
#1491 = DIRECTION('',(0.,0.,1.));
#1492 = PCURVE('',#33,#1493);
#1493 = DEFINITIONAL_REPRESENTATION('',(#1494),#1497);
#1494 = B_SPLINE_CURVE_WITH_KNOTS('',1,(#1495,#1496),.UNSPECIFIED.,.F.,
  .F.,(2,2),(2.2999994,13.3000006),.PIECEWISE_BEZIER_KNOTS.);
#1495 = CARTESIAN_POINT('',(2.158787698976,2.2999994));
#1496 = CARTESIAN_POINT('',(2.158787698976,13.3000006));
#1497 = ( GEOMETRIC_REPRESENTATION_CONTEXT(2) 
PARAMETRIC_REPRESENTATION_CONTEXT() REPRESENTATION_CONTEXT('2D SPACE',''
  ) );
#1498 = PCURVE('',#1499,#1504);
#1499 = CYLINDRICAL_SURFACE('',#1500,0.8);
#1500 = AXIS2_PLACEMENT_3D('',#1501,#1502,#1503);
#1501 = CARTESIAN_POINT('',(-5.675,9.829388332953,2.3));
#1502 = DIRECTION('',(0.,0.,1.));
#1503 = DIRECTION('',(-0.5,0.866025403784,0.));
#1504 = DEFINITIONAL_REPRESENTATION('',(#1505),#1508);
#1505 = B_SPLINE_CURVE_WITH_KNOTS('',1,(#1506,#1507),.UNSPECIFIED.,.F.,
  .F.,(2,2),(2.2999994,13.3000006),.PIECEWISE_BEZIER_KNOTS.);
#1506 = CARTESIAN_POINT('',(2.055557086299,-5.999999999062E-07));
#1507 = CARTESIAN_POINT('',(2.055557086299,11.0000006));
#1508 = ( GEOMETRIC_REPRESENTATION_CONTEXT(2) 
PARAMETRIC_REPRESENTATION_CONTEXT() REPRESENTATION_CONTEXT('2D SPACE',''
  ) );
#1509 = ORIENTED_EDGE('',*,*,#1510,.F.);
#1510 = EDGE_CURVE('',#1511,#1483,#1513,.T.);
#1511 = VERTEX_POINT('',#1512);
#1512 = CARTESIAN_POINT('',(-4.87560328076,9.86045093536,2.3));
#1513 = SURFACE_CURVE('',#1514,(#1519,#1526),.PCURVE_S1.);
#1514 = CIRCLE('',#1515,11.);
#1515 = AXIS2_PLACEMENT_3D('',#1516,#1517,#1518);
#1516 = CARTESIAN_POINT('',(0.,0.,2.3));
#1517 = DIRECTION('',(0.,0.,1.));
#1518 = DIRECTION('',(1.,0.,-0.));
#1519 = PCURVE('',#33,#1520);
#1520 = DEFINITIONAL_REPRESENTATION('',(#1521),#1525);
#1521 = LINE('',#1522,#1523);
#1522 = CARTESIAN_POINT('',(0.,2.3));
#1523 = VECTOR('',#1524,1.);
#1524 = DIRECTION('',(1.,0.));
#1525 = ( GEOMETRIC_REPRESENTATION_CONTEXT(2) 
PARAMETRIC_REPRESENTATION_CONTEXT() REPRESENTATION_CONTEXT('2D SPACE',''
  ) );
#1526 = PCURVE('',#1527,#1532);
#1527 = PLANE('',#1528);
#1528 = AXIS2_PLACEMENT_3D('',#1529,#1530,#1531);
#1529 = CARTESIAN_POINT('',(-5.675,9.829388332953,2.3));
#1530 = DIRECTION('',(0.,0.,1.));
#1531 = DIRECTION('',(-0.5,0.866025403784,0.));
#1532 = DEFINITIONAL_REPRESENTATION('',(#1533),#1537);
#1533 = CIRCLE('',#1534,11.);
#1534 = AXIS2_PLACEMENT_2D('',#1535,#1536);
#1535 = CARTESIAN_POINT('',(-11.35,4.962974849844E-16));
#1536 = DIRECTION('',(-0.5,-0.866025403784));
#1537 = ( GEOMETRIC_REPRESENTATION_CONTEXT(2) 
PARAMETRIC_REPRESENTATION_CONTEXT() REPRESENTATION_CONTEXT('2D SPACE',''
  ) );
#1538 = ORIENTED_EDGE('',*,*,#1539,.T.);
#1539 = EDGE_CURVE('',#1511,#1540,#1542,.T.);
#1540 = VERTEX_POINT('',#1541);
#1541 = CARTESIAN_POINT('',(-4.87560328076,9.86045093536,13.3));
#1542 = SURFACE_CURVE('',#1543,(#1547,#1553),.PCURVE_S1.);
#1543 = LINE('',#1544,#1545);
#1544 = CARTESIAN_POINT('',(-4.87560328076,9.86045093536,0.));
#1545 = VECTOR('',#1546,1.);
#1546 = DIRECTION('',(0.,0.,1.));
#1547 = PCURVE('',#33,#1548);
#1548 = DEFINITIONAL_REPRESENTATION('',(#1549),#1552);
#1549 = B_SPLINE_CURVE_WITH_KNOTS('',1,(#1550,#1551),.UNSPECIFIED.,.F.,
  .F.,(2,2),(2.2999994,13.3000006),.PIECEWISE_BEZIER_KNOTS.);
#1550 = CARTESIAN_POINT('',(2.030002505811,2.2999994));
#1551 = CARTESIAN_POINT('',(2.030002505811,13.3000006));
#1552 = ( GEOMETRIC_REPRESENTATION_CONTEXT(2) 
PARAMETRIC_REPRESENTATION_CONTEXT() REPRESENTATION_CONTEXT('2D SPACE',''
  ) );
#1553 = PCURVE('',#1499,#1554);
#1554 = DEFINITIONAL_REPRESENTATION('',(#1555),#1558);
#1555 = B_SPLINE_CURVE_WITH_KNOTS('',1,(#1556,#1557),.UNSPECIFIED.,.F.,
  .F.,(2,2),(2.2999994,13.3000006),.PIECEWISE_BEZIER_KNOTS.);
#1556 = CARTESIAN_POINT('',(4.227628220881,-5.999999999062E-07));
#1557 = CARTESIAN_POINT('',(4.227628220881,11.0000006));
#1558 = ( GEOMETRIC_REPRESENTATION_CONTEXT(2) 
PARAMETRIC_REPRESENTATION_CONTEXT() REPRESENTATION_CONTEXT('2D SPACE',''
  ) );
#1559 = ORIENTED_EDGE('',*,*,#1560,.T.);
#1560 = EDGE_CURVE('',#1540,#1485,#1561,.T.);
#1561 = SURFACE_CURVE('',#1562,(#1567,#1574),.PCURVE_S1.);
#1562 = CIRCLE('',#1563,11.);
#1563 = AXIS2_PLACEMENT_3D('',#1564,#1565,#1566);
#1564 = CARTESIAN_POINT('',(0.,0.,13.3));
#1565 = DIRECTION('',(0.,0.,1.));
#1566 = DIRECTION('',(1.,0.,-0.));
#1567 = PCURVE('',#33,#1568);
#1568 = DEFINITIONAL_REPRESENTATION('',(#1569),#1573);
#1569 = LINE('',#1570,#1571);
#1570 = CARTESIAN_POINT('',(0.,13.3));
#1571 = VECTOR('',#1572,1.);
#1572 = DIRECTION('',(1.,0.));
#1573 = ( GEOMETRIC_REPRESENTATION_CONTEXT(2) 
PARAMETRIC_REPRESENTATION_CONTEXT() REPRESENTATION_CONTEXT('2D SPACE',''
  ) );
#1574 = PCURVE('',#1575,#1580);
#1575 = PLANE('',#1576);
#1576 = AXIS2_PLACEMENT_3D('',#1577,#1578,#1579);
#1577 = CARTESIAN_POINT('',(-5.675,9.829388332953,13.3));
#1578 = DIRECTION('',(0.,0.,1.));
#1579 = DIRECTION('',(-0.5,0.866025403784,0.));
#1580 = DEFINITIONAL_REPRESENTATION('',(#1581),#1585);
#1581 = CIRCLE('',#1582,11.);
#1582 = AXIS2_PLACEMENT_2D('',#1583,#1584);
#1583 = CARTESIAN_POINT('',(-11.35,4.962974849844E-16));
#1584 = DIRECTION('',(-0.5,-0.866025403784));
#1585 = ( GEOMETRIC_REPRESENTATION_CONTEXT(2) 
PARAMETRIC_REPRESENTATION_CONTEXT() REPRESENTATION_CONTEXT('2D SPACE',''
  ) );
#1586 = FACE_BOUND('',#1587,.T.);
#1587 = EDGE_LOOP('',(#1588,#1616,#1645,#1666));
#1588 = ORIENTED_EDGE('',*,*,#1589,.F.);
#1589 = EDGE_CURVE('',#1590,#1592,#1594,.T.);
#1590 = VERTEX_POINT('',#1591);
#1591 = CARTESIAN_POINT('',(-7.871201844098,7.684021182263,2.3));
#1592 = VERTEX_POINT('',#1593);
#1593 = CARTESIAN_POINT('',(-7.871201844098,7.684021182263,13.3));
#1594 = SURFACE_CURVE('',#1595,(#1599,#1605),.PCURVE_S1.);
#1595 = LINE('',#1596,#1597);
#1596 = CARTESIAN_POINT('',(-7.871201844098,7.684021182263,0.));
#1597 = VECTOR('',#1598,1.);
#1598 = DIRECTION('',(0.,0.,1.));
#1599 = PCURVE('',#33,#1600);
#1600 = DEFINITIONAL_REPRESENTATION('',(#1601),#1604);
#1601 = B_SPLINE_CURVE_WITH_KNOTS('',1,(#1602,#1603),.UNSPECIFIED.,.F.,
  .F.,(2,2),(2.2999994,13.3000006),.PIECEWISE_BEZIER_KNOTS.);
#1602 = CARTESIAN_POINT('',(2.368227209215,2.2999994));
#1603 = CARTESIAN_POINT('',(2.368227209215,13.3000006));
#1604 = ( GEOMETRIC_REPRESENTATION_CONTEXT(2) 
PARAMETRIC_REPRESENTATION_CONTEXT() REPRESENTATION_CONTEXT('2D SPACE',''
  ) );
#1605 = PCURVE('',#1606,#1611);
#1606 = CYLINDRICAL_SURFACE('',#1607,0.8);
#1607 = AXIS2_PLACEMENT_3D('',#1608,#1609,#1610);
#1608 = CARTESIAN_POINT('',(-7.594632382173,8.434693769168,2.3));
#1609 = DIRECTION('',(0.,0.,1.));
#1610 = DIRECTION('',(-0.669130606359,0.743144825477,0.));
#1611 = DEFINITIONAL_REPRESENTATION('',(#1612),#1615);
#1612 = B_SPLINE_CURVE_WITH_KNOTS('',1,(#1613,#1614),.UNSPECIFIED.,.F.,
  .F.,(2,2),(2.2999994,13.3000006),.PIECEWISE_BEZIER_KNOTS.);
#1613 = CARTESIAN_POINT('',(2.055557086299,-5.999999999062E-07));
#1614 = CARTESIAN_POINT('',(2.055557086299,11.0000006));
#1615 = ( GEOMETRIC_REPRESENTATION_CONTEXT(2) 
PARAMETRIC_REPRESENTATION_CONTEXT() REPRESENTATION_CONTEXT('2D SPACE',''
  ) );
#1616 = ORIENTED_EDGE('',*,*,#1617,.F.);
#1617 = EDGE_CURVE('',#1618,#1590,#1620,.T.);
#1618 = VERTEX_POINT('',#1619);
#1619 = CARTESIAN_POINT('',(-6.819162677401,8.631281502716,2.3));
#1620 = SURFACE_CURVE('',#1621,(#1626,#1633),.PCURVE_S1.);
#1621 = CIRCLE('',#1622,11.);
#1622 = AXIS2_PLACEMENT_3D('',#1623,#1624,#1625);
#1623 = CARTESIAN_POINT('',(0.,0.,2.3));
#1624 = DIRECTION('',(0.,0.,1.));
#1625 = DIRECTION('',(1.,0.,-0.));
#1626 = PCURVE('',#33,#1627);
#1627 = DEFINITIONAL_REPRESENTATION('',(#1628),#1632);
#1628 = LINE('',#1629,#1630);
#1629 = CARTESIAN_POINT('',(0.,2.3));
#1630 = VECTOR('',#1631,1.);
#1631 = DIRECTION('',(1.,0.));
#1632 = ( GEOMETRIC_REPRESENTATION_CONTEXT(2) 
PARAMETRIC_REPRESENTATION_CONTEXT() REPRESENTATION_CONTEXT('2D SPACE',''
  ) );
#1633 = PCURVE('',#1634,#1639);
#1634 = PLANE('',#1635);
#1635 = AXIS2_PLACEMENT_3D('',#1636,#1637,#1638);
#1636 = CARTESIAN_POINT('',(-7.594632382173,8.434693769168,2.3));
#1637 = DIRECTION('',(0.,0.,1.));
#1638 = DIRECTION('',(-0.669130606359,0.743144825477,0.));
#1639 = DEFINITIONAL_REPRESENTATION('',(#1640),#1644);
#1640 = CIRCLE('',#1641,11.);
#1641 = AXIS2_PLACEMENT_2D('',#1642,#1643);
#1642 = CARTESIAN_POINT('',(-11.35,-1.379250266413E-16));
#1643 = DIRECTION('',(-0.669130606359,-0.743144825477));
#1644 = ( GEOMETRIC_REPRESENTATION_CONTEXT(2) 
PARAMETRIC_REPRESENTATION_CONTEXT() REPRESENTATION_CONTEXT('2D SPACE',''
  ) );
#1645 = ORIENTED_EDGE('',*,*,#1646,.T.);
#1646 = EDGE_CURVE('',#1618,#1647,#1649,.T.);
#1647 = VERTEX_POINT('',#1648);
#1648 = CARTESIAN_POINT('',(-6.819162677401,8.631281502716,13.3));
#1649 = SURFACE_CURVE('',#1650,(#1654,#1660),.PCURVE_S1.);
#1650 = LINE('',#1651,#1652);
#1651 = CARTESIAN_POINT('',(-6.819162677401,8.631281502716,0.));
#1652 = VECTOR('',#1653,1.);
#1653 = DIRECTION('',(0.,0.,1.));
#1654 = PCURVE('',#33,#1655);
#1655 = DEFINITIONAL_REPRESENTATION('',(#1656),#1659);
#1656 = B_SPLINE_CURVE_WITH_KNOTS('',1,(#1657,#1658),.UNSPECIFIED.,.F.,
  .F.,(2,2),(2.2999994,13.3000006),.PIECEWISE_BEZIER_KNOTS.);
#1657 = CARTESIAN_POINT('',(2.23944201605,2.2999994));
#1658 = CARTESIAN_POINT('',(2.23944201605,13.3000006));
#1659 = ( GEOMETRIC_REPRESENTATION_CONTEXT(2) 
PARAMETRIC_REPRESENTATION_CONTEXT() REPRESENTATION_CONTEXT('2D SPACE',''
  ) );
#1660 = PCURVE('',#1606,#1661);
#1661 = DEFINITIONAL_REPRESENTATION('',(#1662),#1665);
#1662 = B_SPLINE_CURVE_WITH_KNOTS('',1,(#1663,#1664),.UNSPECIFIED.,.F.,
  .F.,(2,2),(2.2999994,13.3000006),.PIECEWISE_BEZIER_KNOTS.);
#1663 = CARTESIAN_POINT('',(4.227628220881,-5.999999999062E-07));
#1664 = CARTESIAN_POINT('',(4.227628220881,11.0000006));
#1665 = ( GEOMETRIC_REPRESENTATION_CONTEXT(2) 
PARAMETRIC_REPRESENTATION_CONTEXT() REPRESENTATION_CONTEXT('2D SPACE',''
  ) );
#1666 = ORIENTED_EDGE('',*,*,#1667,.T.);
#1667 = EDGE_CURVE('',#1647,#1592,#1668,.T.);
#1668 = SURFACE_CURVE('',#1669,(#1674,#1681),.PCURVE_S1.);
#1669 = CIRCLE('',#1670,11.);
#1670 = AXIS2_PLACEMENT_3D('',#1671,#1672,#1673);
#1671 = CARTESIAN_POINT('',(0.,0.,13.3));
#1672 = DIRECTION('',(0.,0.,1.));
#1673 = DIRECTION('',(1.,0.,-0.));
#1674 = PCURVE('',#33,#1675);
#1675 = DEFINITIONAL_REPRESENTATION('',(#1676),#1680);
#1676 = LINE('',#1677,#1678);
#1677 = CARTESIAN_POINT('',(0.,13.3));
#1678 = VECTOR('',#1679,1.);
#1679 = DIRECTION('',(1.,0.));
#1680 = ( GEOMETRIC_REPRESENTATION_CONTEXT(2) 
PARAMETRIC_REPRESENTATION_CONTEXT() REPRESENTATION_CONTEXT('2D SPACE',''
  ) );
#1681 = PCURVE('',#1682,#1687);
#1682 = PLANE('',#1683);
#1683 = AXIS2_PLACEMENT_3D('',#1684,#1685,#1686);
#1684 = CARTESIAN_POINT('',(-7.594632382173,8.434693769168,13.3));
#1685 = DIRECTION('',(0.,0.,1.));
#1686 = DIRECTION('',(-0.669130606359,0.743144825477,0.));
#1687 = DEFINITIONAL_REPRESENTATION('',(#1688),#1692);
#1688 = CIRCLE('',#1689,11.);
#1689 = AXIS2_PLACEMENT_2D('',#1690,#1691);
#1690 = CARTESIAN_POINT('',(-11.35,-1.379250266413E-16));
#1691 = DIRECTION('',(-0.669130606359,-0.743144825477));
#1692 = ( GEOMETRIC_REPRESENTATION_CONTEXT(2) 
PARAMETRIC_REPRESENTATION_CONTEXT() REPRESENTATION_CONTEXT('2D SPACE',''
  ) );
#1693 = FACE_BOUND('',#1694,.T.);
#1694 = EDGE_LOOP('',(#1695,#1723,#1752,#1773));
#1695 = ORIENTED_EDGE('',*,*,#1696,.F.);
#1696 = EDGE_CURVE('',#1697,#1699,#1701,.T.);
#1697 = VERTEX_POINT('',#1698);
#1698 = CARTESIAN_POINT('',(-9.29679503498,5.879591999244,2.3));
#1699 = VERTEX_POINT('',#1700);
#1700 = CARTESIAN_POINT('',(-9.29679503498,5.879591999244,13.3));
#1701 = SURFACE_CURVE('',#1702,(#1706,#1712),.PCURVE_S1.);
#1702 = LINE('',#1703,#1704);
#1703 = CARTESIAN_POINT('',(-9.29679503498,5.879591999244,0.));
#1704 = VECTOR('',#1705,1.);
#1705 = DIRECTION('',(0.,0.,1.));
#1706 = PCURVE('',#33,#1707);
#1707 = DEFINITIONAL_REPRESENTATION('',(#1708),#1711);
#1708 = B_SPLINE_CURVE_WITH_KNOTS('',1,(#1709,#1710),.UNSPECIFIED.,.F.,
  .F.,(2,2),(2.2999994,13.3000006),.PIECEWISE_BEZIER_KNOTS.);
#1709 = CARTESIAN_POINT('',(2.577666719454,2.2999994));
#1710 = CARTESIAN_POINT('',(2.577666719454,13.3000006));
#1711 = ( GEOMETRIC_REPRESENTATION_CONTEXT(2) 
PARAMETRIC_REPRESENTATION_CONTEXT() REPRESENTATION_CONTEXT('2D SPACE',''
  ) );
#1712 = PCURVE('',#1713,#1718);
#1713 = CYLINDRICAL_SURFACE('',#1714,0.8);
#1714 = AXIS2_PLACEMENT_3D('',#1715,#1716,#1717);
#1715 = CARTESIAN_POINT('',(-9.182342886156,6.67136261352,2.3));
#1716 = DIRECTION('',(0.,0.,1.));
#1717 = DIRECTION('',(-0.809016994375,0.587785252292,0.));
#1718 = DEFINITIONAL_REPRESENTATION('',(#1719),#1722);
#1719 = B_SPLINE_CURVE_WITH_KNOTS('',1,(#1720,#1721),.UNSPECIFIED.,.F.,
  .F.,(2,2),(2.2999994,13.3000006),.PIECEWISE_BEZIER_KNOTS.);
#1720 = CARTESIAN_POINT('',(2.055557086299,-5.999999999062E-07));
#1721 = CARTESIAN_POINT('',(2.055557086299,11.0000006));
#1722 = ( GEOMETRIC_REPRESENTATION_CONTEXT(2) 
PARAMETRIC_REPRESENTATION_CONTEXT() REPRESENTATION_CONTEXT('2D SPACE',''
  ) );
#1723 = ORIENTED_EDGE('',*,*,#1724,.F.);
#1724 = EDGE_CURVE('',#1725,#1697,#1727,.T.);
#1725 = VERTEX_POINT('',#1726);
#1726 = CARTESIAN_POINT('',(-8.464691943068,7.02488365092,2.3));
#1727 = SURFACE_CURVE('',#1728,(#1733,#1740),.PCURVE_S1.);
#1728 = CIRCLE('',#1729,11.);
#1729 = AXIS2_PLACEMENT_3D('',#1730,#1731,#1732);
#1730 = CARTESIAN_POINT('',(0.,0.,2.3));
#1731 = DIRECTION('',(0.,0.,1.));
#1732 = DIRECTION('',(1.,0.,-0.));
#1733 = PCURVE('',#33,#1734);
#1734 = DEFINITIONAL_REPRESENTATION('',(#1735),#1739);
#1735 = LINE('',#1736,#1737);
#1736 = CARTESIAN_POINT('',(0.,2.3));
#1737 = VECTOR('',#1738,1.);
#1738 = DIRECTION('',(1.,0.));
#1739 = ( GEOMETRIC_REPRESENTATION_CONTEXT(2) 
PARAMETRIC_REPRESENTATION_CONTEXT() REPRESENTATION_CONTEXT('2D SPACE',''
  ) );
#1740 = PCURVE('',#1741,#1746);
#1741 = PLANE('',#1742);
#1742 = AXIS2_PLACEMENT_3D('',#1743,#1744,#1745);
#1743 = CARTESIAN_POINT('',(-9.182342886156,6.67136261352,2.3));
#1744 = DIRECTION('',(0.,0.,1.));
#1745 = DIRECTION('',(-0.809016994375,0.587785252292,0.));
#1746 = DEFINITIONAL_REPRESENTATION('',(#1747),#1751);
#1747 = CIRCLE('',#1748,11.);
#1748 = AXIS2_PLACEMENT_2D('',#1749,#1750);
#1749 = CARTESIAN_POINT('',(-11.35,-4.248091771317E-16));
#1750 = DIRECTION('',(-0.809016994375,-0.587785252292));
#1751 = ( GEOMETRIC_REPRESENTATION_CONTEXT(2) 
PARAMETRIC_REPRESENTATION_CONTEXT() REPRESENTATION_CONTEXT('2D SPACE',''
  ) );
#1752 = ORIENTED_EDGE('',*,*,#1753,.T.);
#1753 = EDGE_CURVE('',#1725,#1754,#1756,.T.);
#1754 = VERTEX_POINT('',#1755);
#1755 = CARTESIAN_POINT('',(-8.464691943068,7.02488365092,13.3));
#1756 = SURFACE_CURVE('',#1757,(#1761,#1767),.PCURVE_S1.);
#1757 = LINE('',#1758,#1759);
#1758 = CARTESIAN_POINT('',(-8.464691943068,7.02488365092,0.));
#1759 = VECTOR('',#1760,1.);
#1760 = DIRECTION('',(0.,0.,1.));
#1761 = PCURVE('',#33,#1762);
#1762 = DEFINITIONAL_REPRESENTATION('',(#1763),#1766);
#1763 = B_SPLINE_CURVE_WITH_KNOTS('',1,(#1764,#1765),.UNSPECIFIED.,.F.,
  .F.,(2,2),(2.2999994,13.3000006),.PIECEWISE_BEZIER_KNOTS.);
#1764 = CARTESIAN_POINT('',(2.448881526289,2.2999994));
#1765 = CARTESIAN_POINT('',(2.448881526289,13.3000006));
#1766 = ( GEOMETRIC_REPRESENTATION_CONTEXT(2) 
PARAMETRIC_REPRESENTATION_CONTEXT() REPRESENTATION_CONTEXT('2D SPACE',''
  ) );
#1767 = PCURVE('',#1713,#1768);
#1768 = DEFINITIONAL_REPRESENTATION('',(#1769),#1772);
#1769 = B_SPLINE_CURVE_WITH_KNOTS('',1,(#1770,#1771),.UNSPECIFIED.,.F.,
  .F.,(2,2),(2.2999994,13.3000006),.PIECEWISE_BEZIER_KNOTS.);
#1770 = CARTESIAN_POINT('',(4.227628220881,-5.999999999062E-07));
#1771 = CARTESIAN_POINT('',(4.227628220881,11.0000006));
#1772 = ( GEOMETRIC_REPRESENTATION_CONTEXT(2) 
PARAMETRIC_REPRESENTATION_CONTEXT() REPRESENTATION_CONTEXT('2D SPACE',''
  ) );
#1773 = ORIENTED_EDGE('',*,*,#1774,.T.);
#1774 = EDGE_CURVE('',#1754,#1699,#1775,.T.);
#1775 = SURFACE_CURVE('',#1776,(#1781,#1788),.PCURVE_S1.);
#1776 = CIRCLE('',#1777,11.);
#1777 = AXIS2_PLACEMENT_3D('',#1778,#1779,#1780);
#1778 = CARTESIAN_POINT('',(0.,0.,13.3));
#1779 = DIRECTION('',(0.,0.,1.));
#1780 = DIRECTION('',(1.,0.,-0.));
#1781 = PCURVE('',#33,#1782);
#1782 = DEFINITIONAL_REPRESENTATION('',(#1783),#1787);
#1783 = LINE('',#1784,#1785);
#1784 = CARTESIAN_POINT('',(0.,13.3));
#1785 = VECTOR('',#1786,1.);
#1786 = DIRECTION('',(1.,0.));
#1787 = ( GEOMETRIC_REPRESENTATION_CONTEXT(2) 
PARAMETRIC_REPRESENTATION_CONTEXT() REPRESENTATION_CONTEXT('2D SPACE',''
  ) );
#1788 = PCURVE('',#1789,#1794);
#1789 = PLANE('',#1790);
#1790 = AXIS2_PLACEMENT_3D('',#1791,#1792,#1793);
#1791 = CARTESIAN_POINT('',(-9.182342886156,6.67136261352,13.3));
#1792 = DIRECTION('',(0.,0.,1.));
#1793 = DIRECTION('',(-0.809016994375,0.587785252292,0.));
#1794 = DEFINITIONAL_REPRESENTATION('',(#1795),#1799);
#1795 = CIRCLE('',#1796,11.);
#1796 = AXIS2_PLACEMENT_2D('',#1797,#1798);
#1797 = CARTESIAN_POINT('',(-11.35,-4.248091771317E-16));
#1798 = DIRECTION('',(-0.809016994375,-0.587785252292));
#1799 = ( GEOMETRIC_REPRESENTATION_CONTEXT(2) 
PARAMETRIC_REPRESENTATION_CONTEXT() REPRESENTATION_CONTEXT('2D SPACE',''
  ) );
#1800 = FACE_BOUND('',#1801,.T.);
#1801 = EDGE_LOOP('',(#1802,#1830,#1859,#1880));
#1802 = ORIENTED_EDGE('',*,*,#1803,.F.);
#1803 = EDGE_CURVE('',#1804,#1806,#1808,.T.);
#1804 = VERTEX_POINT('',#1805);
#1805 = CARTESIAN_POINT('',(-10.31607367186,3.818196432446,2.3));
#1806 = VERTEX_POINT('',#1807);
#1807 = CARTESIAN_POINT('',(-10.31607367186,3.818196432446,13.3));
#1808 = SURFACE_CURVE('',#1809,(#1813,#1819),.PCURVE_S1.);
#1809 = LINE('',#1810,#1811);
#1810 = CARTESIAN_POINT('',(-10.31607367186,3.818196432446,0.));
#1811 = VECTOR('',#1812,1.);
#1812 = DIRECTION('',(0.,0.,1.));
#1813 = PCURVE('',#33,#1814);
#1814 = DEFINITIONAL_REPRESENTATION('',(#1815),#1818);
#1815 = B_SPLINE_CURVE_WITH_KNOTS('',1,(#1816,#1817),.UNSPECIFIED.,.F.,
  .F.,(2,2),(2.2999994,13.3000006),.PIECEWISE_BEZIER_KNOTS.);
#1816 = CARTESIAN_POINT('',(2.787106229694,2.2999994));
#1817 = CARTESIAN_POINT('',(2.787106229694,13.3000006));
#1818 = ( GEOMETRIC_REPRESENTATION_CONTEXT(2) 
PARAMETRIC_REPRESENTATION_CONTEXT() REPRESENTATION_CONTEXT('2D SPACE',''
  ) );
#1819 = PCURVE('',#1820,#1825);
#1820 = CYLINDRICAL_SURFACE('',#1821,0.8);
#1821 = AXIS2_PLACEMENT_3D('',#1822,#1823,#1824);
#1822 = CARTESIAN_POINT('',(-10.36874094424,4.61646089891,2.3));
#1823 = DIRECTION('',(0.,0.,1.));
#1824 = DIRECTION('',(-0.913545457643,0.406736643076,0.));
#1825 = DEFINITIONAL_REPRESENTATION('',(#1826),#1829);
#1826 = B_SPLINE_CURVE_WITH_KNOTS('',1,(#1827,#1828),.UNSPECIFIED.,.F.,
  .F.,(2,2),(2.2999994,13.3000006),.PIECEWISE_BEZIER_KNOTS.);
#1827 = CARTESIAN_POINT('',(2.055557086299,-5.999999999062E-07));
#1828 = CARTESIAN_POINT('',(2.055557086299,11.0000006));
#1829 = ( GEOMETRIC_REPRESENTATION_CONTEXT(2) 
PARAMETRIC_REPRESENTATION_CONTEXT() REPRESENTATION_CONTEXT('2D SPACE',''
  ) );
#1830 = ORIENTED_EDGE('',*,*,#1831,.F.);
#1831 = EDGE_CURVE('',#1832,#1804,#1834,.T.);
#1832 = VERTEX_POINT('',#1833);
#1833 = CARTESIAN_POINT('',(-9.740273552723,5.111464674447,2.3));
#1834 = SURFACE_CURVE('',#1835,(#1840,#1847),.PCURVE_S1.);
#1835 = CIRCLE('',#1836,11.);
#1836 = AXIS2_PLACEMENT_3D('',#1837,#1838,#1839);
#1837 = CARTESIAN_POINT('',(0.,0.,2.3));
#1838 = DIRECTION('',(0.,0.,1.));
#1839 = DIRECTION('',(1.,0.,-0.));
#1840 = PCURVE('',#33,#1841);
#1841 = DEFINITIONAL_REPRESENTATION('',(#1842),#1846);
#1842 = LINE('',#1843,#1844);
#1843 = CARTESIAN_POINT('',(0.,2.3));
#1844 = VECTOR('',#1845,1.);
#1845 = DIRECTION('',(1.,0.));
#1846 = ( GEOMETRIC_REPRESENTATION_CONTEXT(2) 
PARAMETRIC_REPRESENTATION_CONTEXT() REPRESENTATION_CONTEXT('2D SPACE',''
  ) );
#1847 = PCURVE('',#1848,#1853);
#1848 = PLANE('',#1849);
#1849 = AXIS2_PLACEMENT_3D('',#1850,#1851,#1852);
#1850 = CARTESIAN_POINT('',(-10.36874094424,4.61646089891,2.3));
#1851 = DIRECTION('',(0.,0.,1.));
#1852 = DIRECTION('',(-0.913545457643,0.406736643076,0.));
#1853 = DEFINITIONAL_REPRESENTATION('',(#1854),#1858);
#1854 = CIRCLE('',#1855,11.);
#1855 = AXIS2_PLACEMENT_2D('',#1856,#1857);
#1856 = CARTESIAN_POINT('',(-11.35,2.519958011131E-16));
#1857 = DIRECTION('',(-0.913545457643,-0.406736643076));
#1858 = ( GEOMETRIC_REPRESENTATION_CONTEXT(2) 
PARAMETRIC_REPRESENTATION_CONTEXT() REPRESENTATION_CONTEXT('2D SPACE',''
  ) );
#1859 = ORIENTED_EDGE('',*,*,#1860,.T.);
#1860 = EDGE_CURVE('',#1832,#1861,#1863,.T.);
#1861 = VERTEX_POINT('',#1862);
#1862 = CARTESIAN_POINT('',(-9.740273552723,5.111464674447,13.3));
#1863 = SURFACE_CURVE('',#1864,(#1868,#1874),.PCURVE_S1.);
#1864 = LINE('',#1865,#1866);
#1865 = CARTESIAN_POINT('',(-9.740273552723,5.111464674447,0.));
#1866 = VECTOR('',#1867,1.);
#1867 = DIRECTION('',(0.,0.,1.));
#1868 = PCURVE('',#33,#1869);
#1869 = DEFINITIONAL_REPRESENTATION('',(#1870),#1873);
#1870 = B_SPLINE_CURVE_WITH_KNOTS('',1,(#1871,#1872),.UNSPECIFIED.,.F.,
  .F.,(2,2),(2.2999994,13.3000006),.PIECEWISE_BEZIER_KNOTS.);
#1871 = CARTESIAN_POINT('',(2.658321036528,2.2999994));
#1872 = CARTESIAN_POINT('',(2.658321036528,13.3000006));
#1873 = ( GEOMETRIC_REPRESENTATION_CONTEXT(2) 
PARAMETRIC_REPRESENTATION_CONTEXT() REPRESENTATION_CONTEXT('2D SPACE',''
  ) );
#1874 = PCURVE('',#1820,#1875);
#1875 = DEFINITIONAL_REPRESENTATION('',(#1876),#1879);
#1876 = B_SPLINE_CURVE_WITH_KNOTS('',1,(#1877,#1878),.UNSPECIFIED.,.F.,
  .F.,(2,2),(2.2999994,13.3000006),.PIECEWISE_BEZIER_KNOTS.);
#1877 = CARTESIAN_POINT('',(4.227628220881,-5.999999999062E-07));
#1878 = CARTESIAN_POINT('',(4.227628220881,11.0000006));
#1879 = ( GEOMETRIC_REPRESENTATION_CONTEXT(2) 
PARAMETRIC_REPRESENTATION_CONTEXT() REPRESENTATION_CONTEXT('2D SPACE',''
  ) );
#1880 = ORIENTED_EDGE('',*,*,#1881,.T.);
#1881 = EDGE_CURVE('',#1861,#1806,#1882,.T.);
#1882 = SURFACE_CURVE('',#1883,(#1888,#1895),.PCURVE_S1.);
#1883 = CIRCLE('',#1884,11.);
#1884 = AXIS2_PLACEMENT_3D('',#1885,#1886,#1887);
#1885 = CARTESIAN_POINT('',(0.,0.,13.3));
#1886 = DIRECTION('',(0.,0.,1.));
#1887 = DIRECTION('',(1.,0.,-0.));
#1888 = PCURVE('',#33,#1889);
#1889 = DEFINITIONAL_REPRESENTATION('',(#1890),#1894);
#1890 = LINE('',#1891,#1892);
#1891 = CARTESIAN_POINT('',(0.,13.3));
#1892 = VECTOR('',#1893,1.);
#1893 = DIRECTION('',(1.,0.));
#1894 = ( GEOMETRIC_REPRESENTATION_CONTEXT(2) 
PARAMETRIC_REPRESENTATION_CONTEXT() REPRESENTATION_CONTEXT('2D SPACE',''
  ) );
#1895 = PCURVE('',#1896,#1901);
#1896 = PLANE('',#1897);
#1897 = AXIS2_PLACEMENT_3D('',#1898,#1899,#1900);
#1898 = CARTESIAN_POINT('',(-10.36874094424,4.61646089891,13.3));
#1899 = DIRECTION('',(0.,0.,1.));
#1900 = DIRECTION('',(-0.913545457643,0.406736643076,0.));
#1901 = DEFINITIONAL_REPRESENTATION('',(#1902),#1906);
#1902 = CIRCLE('',#1903,11.);
#1903 = AXIS2_PLACEMENT_2D('',#1904,#1905);
#1904 = CARTESIAN_POINT('',(-11.35,2.519958011131E-16));
#1905 = DIRECTION('',(-0.913545457643,-0.406736643076));
#1906 = ( GEOMETRIC_REPRESENTATION_CONTEXT(2) 
PARAMETRIC_REPRESENTATION_CONTEXT() REPRESENTATION_CONTEXT('2D SPACE',''
  ) );
#1907 = FACE_BOUND('',#1908,.T.);
#1908 = EDGE_LOOP('',(#1909,#1937,#1966,#1987));
#1909 = ORIENTED_EDGE('',*,*,#1910,.F.);
#1910 = EDGE_CURVE('',#1911,#1913,#1915,.T.);
#1911 = VERTEX_POINT('',#1912);
#1912 = CARTESIAN_POINT('',(-10.88449038726,1.58992735981,2.3));
#1913 = VERTEX_POINT('',#1914);
#1914 = CARTESIAN_POINT('',(-10.88449038726,1.58992735981,13.3));
#1915 = SURFACE_CURVE('',#1916,(#1920,#1926),.PCURVE_S1.);
#1916 = LINE('',#1917,#1918);
#1917 = CARTESIAN_POINT('',(-10.88449038726,1.58992735981,0.));
#1918 = VECTOR('',#1919,1.);
#1919 = DIRECTION('',(0.,0.,1.));
#1920 = PCURVE('',#33,#1921);
#1921 = DEFINITIONAL_REPRESENTATION('',(#1922),#1925);
#1922 = B_SPLINE_CURVE_WITH_KNOTS('',1,(#1923,#1924),.UNSPECIFIED.,.F.,
  .F.,(2,2),(2.2999994,13.3000006),.PIECEWISE_BEZIER_KNOTS.);
#1923 = CARTESIAN_POINT('',(2.996545739933,2.2999994));
#1924 = CARTESIAN_POINT('',(2.996545739933,13.3000006));
#1925 = ( GEOMETRIC_REPRESENTATION_CONTEXT(2) 
PARAMETRIC_REPRESENTATION_CONTEXT() REPRESENTATION_CONTEXT('2D SPACE',''
  ) );
#1926 = PCURVE('',#1927,#1932);
#1927 = CYLINDRICAL_SURFACE('',#1928,0.8);
#1928 = AXIS2_PLACEMENT_3D('',#1929,#1930,#1931);
#1929 = CARTESIAN_POINT('',(-11.10197526832,2.359797690782,2.3));
#1930 = DIRECTION('',(0.,0.,1.));
#1931 = DIRECTION('',(-0.978147600734,0.207911690818,0.));
#1932 = DEFINITIONAL_REPRESENTATION('',(#1933),#1936);
#1933 = B_SPLINE_CURVE_WITH_KNOTS('',1,(#1934,#1935),.UNSPECIFIED.,.F.,
  .F.,(2,2),(2.2999994,13.3000006),.PIECEWISE_BEZIER_KNOTS.);
#1934 = CARTESIAN_POINT('',(2.055557086299,-5.999999999062E-07));
#1935 = CARTESIAN_POINT('',(2.055557086299,11.0000006));
#1936 = ( GEOMETRIC_REPRESENTATION_CONTEXT(2) 
PARAMETRIC_REPRESENTATION_CONTEXT() REPRESENTATION_CONTEXT('2D SPACE',''
  ) );
#1937 = ORIENTED_EDGE('',*,*,#1938,.F.);
#1938 = EDGE_CURVE('',#1939,#1911,#1941,.T.);
#1939 = VERTEX_POINT('',#1940);
#1940 = CARTESIAN_POINT('',(-10.5901584691,2.974650164172,2.3));
#1941 = SURFACE_CURVE('',#1942,(#1947,#1954),.PCURVE_S1.);
#1942 = CIRCLE('',#1943,11.);
#1943 = AXIS2_PLACEMENT_3D('',#1944,#1945,#1946);
#1944 = CARTESIAN_POINT('',(0.,0.,2.3));
#1945 = DIRECTION('',(0.,0.,1.));
#1946 = DIRECTION('',(1.,0.,-0.));
#1947 = PCURVE('',#33,#1948);
#1948 = DEFINITIONAL_REPRESENTATION('',(#1949),#1953);
#1949 = LINE('',#1950,#1951);
#1950 = CARTESIAN_POINT('',(0.,2.3));
#1951 = VECTOR('',#1952,1.);
#1952 = DIRECTION('',(1.,0.));
#1953 = ( GEOMETRIC_REPRESENTATION_CONTEXT(2) 
PARAMETRIC_REPRESENTATION_CONTEXT() REPRESENTATION_CONTEXT('2D SPACE',''
  ) );
#1954 = PCURVE('',#1955,#1960);
#1955 = PLANE('',#1956);
#1956 = AXIS2_PLACEMENT_3D('',#1957,#1958,#1959);
#1957 = CARTESIAN_POINT('',(-11.10197526832,2.359797690782,2.3));
#1958 = DIRECTION('',(0.,0.,1.));
#1959 = DIRECTION('',(-0.978147600734,0.207911690818,0.));
#1960 = DEFINITIONAL_REPRESENTATION('',(#1961),#1965);
#1961 = CIRCLE('',#1962,11.);
#1962 = AXIS2_PLACEMENT_2D('',#1963,#1964);
#1963 = CARTESIAN_POINT('',(-11.35,-3.566112130823E-16));
#1964 = DIRECTION('',(-0.978147600734,-0.207911690818));
#1965 = ( GEOMETRIC_REPRESENTATION_CONTEXT(2) 
PARAMETRIC_REPRESENTATION_CONTEXT() REPRESENTATION_CONTEXT('2D SPACE',''
  ) );
#1966 = ORIENTED_EDGE('',*,*,#1967,.T.);
#1967 = EDGE_CURVE('',#1939,#1968,#1970,.T.);
#1968 = VERTEX_POINT('',#1969);
#1969 = CARTESIAN_POINT('',(-10.5901584691,2.974650164172,13.3));
#1970 = SURFACE_CURVE('',#1971,(#1975,#1981),.PCURVE_S1.);
#1971 = LINE('',#1972,#1973);
#1972 = CARTESIAN_POINT('',(-10.5901584691,2.974650164172,0.));
#1973 = VECTOR('',#1974,1.);
#1974 = DIRECTION('',(0.,0.,1.));
#1975 = PCURVE('',#33,#1976);
#1976 = DEFINITIONAL_REPRESENTATION('',(#1977),#1980);
#1977 = B_SPLINE_CURVE_WITH_KNOTS('',1,(#1978,#1979),.UNSPECIFIED.,.F.,
  .F.,(2,2),(2.2999994,13.3000006),.PIECEWISE_BEZIER_KNOTS.);
#1978 = CARTESIAN_POINT('',(2.867760546768,2.2999994));
#1979 = CARTESIAN_POINT('',(2.867760546768,13.3000006));
#1980 = ( GEOMETRIC_REPRESENTATION_CONTEXT(2) 
PARAMETRIC_REPRESENTATION_CONTEXT() REPRESENTATION_CONTEXT('2D SPACE',''
  ) );
#1981 = PCURVE('',#1927,#1982);
#1982 = DEFINITIONAL_REPRESENTATION('',(#1983),#1986);
#1983 = B_SPLINE_CURVE_WITH_KNOTS('',1,(#1984,#1985),.UNSPECIFIED.,.F.,
  .F.,(2,2),(2.2999994,13.3000006),.PIECEWISE_BEZIER_KNOTS.);
#1984 = CARTESIAN_POINT('',(4.227628220881,-5.999999999062E-07));
#1985 = CARTESIAN_POINT('',(4.227628220881,11.0000006));
#1986 = ( GEOMETRIC_REPRESENTATION_CONTEXT(2) 
PARAMETRIC_REPRESENTATION_CONTEXT() REPRESENTATION_CONTEXT('2D SPACE',''
  ) );
#1987 = ORIENTED_EDGE('',*,*,#1988,.T.);
#1988 = EDGE_CURVE('',#1968,#1913,#1989,.T.);
#1989 = SURFACE_CURVE('',#1990,(#1995,#2002),.PCURVE_S1.);
#1990 = CIRCLE('',#1991,11.);
#1991 = AXIS2_PLACEMENT_3D('',#1992,#1993,#1994);
#1992 = CARTESIAN_POINT('',(0.,0.,13.3));
#1993 = DIRECTION('',(0.,0.,1.));
#1994 = DIRECTION('',(1.,0.,-0.));
#1995 = PCURVE('',#33,#1996);
#1996 = DEFINITIONAL_REPRESENTATION('',(#1997),#2001);
#1997 = LINE('',#1998,#1999);
#1998 = CARTESIAN_POINT('',(0.,13.3));
#1999 = VECTOR('',#2000,1.);
#2000 = DIRECTION('',(1.,0.));
#2001 = ( GEOMETRIC_REPRESENTATION_CONTEXT(2) 
PARAMETRIC_REPRESENTATION_CONTEXT() REPRESENTATION_CONTEXT('2D SPACE',''
  ) );
#2002 = PCURVE('',#2003,#2008);
#2003 = PLANE('',#2004);
#2004 = AXIS2_PLACEMENT_3D('',#2005,#2006,#2007);
#2005 = CARTESIAN_POINT('',(-11.10197526832,2.359797690782,13.3));
#2006 = DIRECTION('',(0.,0.,1.));
#2007 = DIRECTION('',(-0.978147600734,0.207911690818,0.));
#2008 = DEFINITIONAL_REPRESENTATION('',(#2009),#2013);
#2009 = CIRCLE('',#2010,11.);
#2010 = AXIS2_PLACEMENT_2D('',#2011,#2012);
#2011 = CARTESIAN_POINT('',(-11.35,-3.566112130823E-16));
#2012 = DIRECTION('',(-0.978147600734,-0.207911690818));
#2013 = ( GEOMETRIC_REPRESENTATION_CONTEXT(2) 
PARAMETRIC_REPRESENTATION_CONTEXT() REPRESENTATION_CONTEXT('2D SPACE',''
  ) );
#2014 = FACE_BOUND('',#2015,.T.);
#2015 = EDGE_LOOP('',(#2016,#2044,#2073,#2094,#2191,#2217,#2246,#2267));
#2016 = ORIENTED_EDGE('',*,*,#2017,.F.);
#2017 = EDGE_CURVE('',#2018,#2020,#2022,.T.);
#2018 = VERTEX_POINT('',#2019);
#2019 = CARTESIAN_POINT('',(-10.97720264317,-0.707829167767,2.3));
#2020 = VERTEX_POINT('',#2021);
#2021 = CARTESIAN_POINT('',(-10.97720264317,-0.707829167767,
    6.969719519132));
#2022 = SURFACE_CURVE('',#2023,(#2027,#2033),.PCURVE_S1.);
#2023 = LINE('',#2024,#2025);
#2024 = CARTESIAN_POINT('',(-10.97720264317,-0.707829167767,0.));
#2025 = VECTOR('',#2026,1.);
#2026 = DIRECTION('',(0.,0.,1.));
#2027 = PCURVE('',#33,#2028);
#2028 = DEFINITIONAL_REPRESENTATION('',(#2029),#2032);
#2029 = B_SPLINE_CURVE_WITH_KNOTS('',1,(#2030,#2031),.UNSPECIFIED.,.F.,
  .F.,(2,2),(2.2999994,13.3000006),.PIECEWISE_BEZIER_KNOTS.);
#2030 = CARTESIAN_POINT('',(3.205985250172,2.2999994));
#2031 = CARTESIAN_POINT('',(3.205985250172,13.3000006));
#2032 = ( GEOMETRIC_REPRESENTATION_CONTEXT(2) 
PARAMETRIC_REPRESENTATION_CONTEXT() REPRESENTATION_CONTEXT('2D SPACE',''
  ) );
#2033 = PCURVE('',#2034,#2039);
#2034 = CYLINDRICAL_SURFACE('',#2035,0.8);
#2035 = AXIS2_PLACEMENT_3D('',#2036,#2037,#2038);
#2036 = CARTESIAN_POINT('',(-11.35,1.389974117032E-15,2.3));
#2037 = DIRECTION('',(0.,0.,1.));
#2038 = DIRECTION('',(-1.,1.224646799147E-16,0.));
#2039 = DEFINITIONAL_REPRESENTATION('',(#2040),#2043);
#2040 = B_SPLINE_CURVE_WITH_KNOTS('',1,(#2041,#2042),.UNSPECIFIED.,.F.,
  .F.,(2,2),(2.2999994,13.3000006),.PIECEWISE_BEZIER_KNOTS.);
#2041 = CARTESIAN_POINT('',(2.055557086299,-5.999999999062E-07));
#2042 = CARTESIAN_POINT('',(2.055557086299,11.0000006));
#2043 = ( GEOMETRIC_REPRESENTATION_CONTEXT(2) 
PARAMETRIC_REPRESENTATION_CONTEXT() REPRESENTATION_CONTEXT('2D SPACE',''
  ) );
#2044 = ORIENTED_EDGE('',*,*,#2045,.F.);
#2045 = EDGE_CURVE('',#2046,#2018,#2048,.T.);
#2046 = VERTEX_POINT('',#2047);
#2047 = CARTESIAN_POINT('',(-10.97720264317,0.707829167767,2.3));
#2048 = SURFACE_CURVE('',#2049,(#2054,#2061),.PCURVE_S1.);
#2049 = CIRCLE('',#2050,11.);
#2050 = AXIS2_PLACEMENT_3D('',#2051,#2052,#2053);
#2051 = CARTESIAN_POINT('',(0.,0.,2.3));
#2052 = DIRECTION('',(0.,0.,1.));
#2053 = DIRECTION('',(1.,0.,-0.));
#2054 = PCURVE('',#33,#2055);
#2055 = DEFINITIONAL_REPRESENTATION('',(#2056),#2060);
#2056 = LINE('',#2057,#2058);
#2057 = CARTESIAN_POINT('',(0.,2.3));
#2058 = VECTOR('',#2059,1.);
#2059 = DIRECTION('',(1.,0.));
#2060 = ( GEOMETRIC_REPRESENTATION_CONTEXT(2) 
PARAMETRIC_REPRESENTATION_CONTEXT() REPRESENTATION_CONTEXT('2D SPACE',''
  ) );
#2061 = PCURVE('',#2062,#2067);
#2062 = PLANE('',#2063);
#2063 = AXIS2_PLACEMENT_3D('',#2064,#2065,#2066);
#2064 = CARTESIAN_POINT('',(-11.35,1.389974117032E-15,2.3));
#2065 = DIRECTION('',(0.,0.,1.));
#2066 = DIRECTION('',(-1.,1.224646799147E-16,0.));
#2067 = DEFINITIONAL_REPRESENTATION('',(#2068),#2072);
#2068 = CIRCLE('',#2069,11.);
#2069 = AXIS2_PLACEMENT_2D('',#2070,#2071);
#2070 = CARTESIAN_POINT('',(-11.35,9.650978641984E-32));
#2071 = DIRECTION('',(-1.,-1.224646799147E-16));
#2072 = ( GEOMETRIC_REPRESENTATION_CONTEXT(2) 
PARAMETRIC_REPRESENTATION_CONTEXT() REPRESENTATION_CONTEXT('2D SPACE',''
  ) );
#2073 = ORIENTED_EDGE('',*,*,#2074,.T.);
#2074 = EDGE_CURVE('',#2046,#2075,#2077,.T.);
#2075 = VERTEX_POINT('',#2076);
#2076 = CARTESIAN_POINT('',(-10.97720264317,0.707829167767,
    6.969719519132));
#2077 = SURFACE_CURVE('',#2078,(#2082,#2088),.PCURVE_S1.);
#2078 = LINE('',#2079,#2080);
#2079 = CARTESIAN_POINT('',(-10.97720264317,0.707829167767,0.));
#2080 = VECTOR('',#2081,1.);
#2081 = DIRECTION('',(0.,0.,1.));
#2082 = PCURVE('',#33,#2083);
#2083 = DEFINITIONAL_REPRESENTATION('',(#2084),#2087);
#2084 = B_SPLINE_CURVE_WITH_KNOTS('',1,(#2085,#2086),.UNSPECIFIED.,.F.,
  .F.,(2,2),(2.2999994,13.3000006),.PIECEWISE_BEZIER_KNOTS.);
#2085 = CARTESIAN_POINT('',(3.077200057007,2.2999994));
#2086 = CARTESIAN_POINT('',(3.077200057007,13.3000006));
#2087 = ( GEOMETRIC_REPRESENTATION_CONTEXT(2) 
PARAMETRIC_REPRESENTATION_CONTEXT() REPRESENTATION_CONTEXT('2D SPACE',''
  ) );
#2088 = PCURVE('',#2034,#2089);
#2089 = DEFINITIONAL_REPRESENTATION('',(#2090),#2093);
#2090 = B_SPLINE_CURVE_WITH_KNOTS('',1,(#2091,#2092),.UNSPECIFIED.,.F.,
  .F.,(2,2),(2.2999994,13.3000006),.PIECEWISE_BEZIER_KNOTS.);
#2091 = CARTESIAN_POINT('',(4.227628220881,-5.999999999062E-07));
#2092 = CARTESIAN_POINT('',(4.227628220881,11.0000006));
#2093 = ( GEOMETRIC_REPRESENTATION_CONTEXT(2) 
PARAMETRIC_REPRESENTATION_CONTEXT() REPRESENTATION_CONTEXT('2D SPACE',''
  ) );
#2094 = ORIENTED_EDGE('',*,*,#2095,.T.);
#2095 = EDGE_CURVE('',#2075,#2096,#2098,.T.);
#2096 = VERTEX_POINT('',#2097);
#2097 = CARTESIAN_POINT('',(-10.97720264317,0.707829167767,
    9.030280480868));
#2098 = SURFACE_CURVE('',#2099,(#2126,#2156),.PCURVE_S1.);
#2099 = B_SPLINE_CURVE_WITH_KNOTS('',7,(#2100,#2101,#2102,#2103,#2104,
    #2105,#2106,#2107,#2108,#2109,#2110,#2111,#2112,#2113,#2114,#2115,
    #2116,#2117,#2118,#2119,#2120,#2121,#2122,#2123,#2124,#2125),
  .UNSPECIFIED.,.F.,.F.,(8,6,6,6,8),(0.,0.260439283259,0.500018805756,
    0.739594583382,1.),.UNSPECIFIED.);
#2100 = CARTESIAN_POINT('',(-11.,5.204748896376E-16,6.75));
#2101 = CARTESIAN_POINT('',(-11.,0.169103446334,6.75));
#2102 = CARTESIAN_POINT('',(-10.99696700864,0.334664324427,
    6.776689410776));
#2103 = CARTESIAN_POINT('',(-10.99113039832,0.491674684911,
    6.828056548893));
#2104 = CARTESIAN_POINT('',(-10.98324294551,0.635795675038,
    6.900995756575));
#2105 = CARTESIAN_POINT('',(-10.97441858389,0.763590713113,
    6.991373047134));
#2106 = CARTESIAN_POINT('',(-10.96568817946,0.872866173365,
    7.094095823914));
#2107 = CARTESIAN_POINT('',(-10.95045404541,1.046186369859,
    7.303603951607));
#2108 = CARTESIAN_POINT('',(-10.94368668995,1.114760793967,
    7.411348870336));
#2109 = CARTESIAN_POINT('',(-10.93788900674,1.169142911753,
    7.524353069172));
#2110 = CARTESIAN_POINT('',(-10.93336142436,1.209651988007,
    7.640990663412));
#2111 = CARTESIAN_POINT('',(-10.93028473232,1.236551149378,7.75991818189
    ));
#2112 = CARTESIAN_POINT('',(-10.92874649719,1.25,7.879960113972));
#2113 = CARTESIAN_POINT('',(-10.92874649719,1.25,8.120038009681));
#2114 = CARTESIAN_POINT('',(-10.9302848224,1.236551840459,8.240078870149
    ));
#2115 = CARTESIAN_POINT('',(-10.93336098632,1.209652109207,
    8.359008362243));
#2116 = CARTESIAN_POINT('',(-10.93788930452,1.169144052654,
    8.475646122258));
#2117 = CARTESIAN_POINT('',(-10.94368664165,1.114759879005,
    8.588653283866));
#2118 = CARTESIAN_POINT('',(-10.95045419919,1.046184620331,
    8.696398163209));
#2119 = CARTESIAN_POINT('',(-10.96568710451,0.872878403173,
    8.905889392789));
#2120 = CARTESIAN_POINT('',(-10.97441762117,0.763604370422,
    9.008618419417));
#2121 = CARTESIAN_POINT('',(-10.98324314551,0.635798153651,
    9.099008528543));
#2122 = CARTESIAN_POINT('',(-10.99113178096,0.491658290223,
    9.171955653693));
#2123 = CARTESIAN_POINT('',(-10.99696810607,0.334632003769,
    9.223320230792));
#2124 = CARTESIAN_POINT('',(-11.,0.169072905834,9.25));
#2125 = CARTESIAN_POINT('',(-11.,9.031770143712E-16,9.25));
#2126 = PCURVE('',#33,#2127);
#2127 = DEFINITIONAL_REPRESENTATION('',(#2128),#2155);
#2128 = B_SPLINE_CURVE_WITH_KNOTS('',7,(#2129,#2130,#2131,#2132,#2133,
    #2134,#2135,#2136,#2137,#2138,#2139,#2140,#2141,#2142,#2143,#2144,
    #2145,#2146,#2147,#2148,#2149,#2150,#2151,#2152,#2153,#2154),
  .UNSPECIFIED.,.F.,.F.,(8,6,6,6,8),(0.,0.260439283259,0.500018805756,
    0.739594583382,1.),.UNSPECIFIED.);
#2129 = CARTESIAN_POINT('',(3.14159265359,6.75));
#2130 = CARTESIAN_POINT('',(3.126219613014,6.75));
#2131 = CARTESIAN_POINT('',(3.111168615507,6.776689410776));
#2132 = CARTESIAN_POINT('',(3.096889059846,6.828056548893));
#2133 = CARTESIAN_POINT('',(3.083770328653,6.900995756575));
#2134 = CARTESIAN_POINT('',(3.072126024198,6.991373047134));
#2135 = CARTESIAN_POINT('',(3.062160559285,7.094095823914));
#2136 = CARTESIAN_POINT('',(3.046343430441,7.303603951607));
#2137 = CARTESIAN_POINT('',(3.040079467273,7.411348870336));
#2138 = CARTESIAN_POINT('',(3.03510776582,7.524353069172));
#2139 = CARTESIAN_POINT('',(3.031402205422,7.640990663412));
#2140 = CARTESIAN_POINT('',(3.028940883111,7.75991818189));
#2141 = CARTESIAN_POINT('',(3.027710289137,7.879960113972));
#2142 = CARTESIAN_POINT('',(3.027710289137,8.120038009681));
#2143 = CARTESIAN_POINT('',(3.028940822985,8.240078870149));
#2144 = CARTESIAN_POINT('',(3.03140218653,8.359008362243));
#2145 = CARTESIAN_POINT('',(3.035107669266,8.475646122258));
#2146 = CARTESIAN_POINT('',(3.040079548028,8.588653283866));
#2147 = CARTESIAN_POINT('',(3.046343590102,8.696398163209));
#2148 = CARTESIAN_POINT('',(3.062159443198,8.905889392789));
#2149 = CARTESIAN_POINT('',(3.072124779575,9.008618419417));
#2150 = CARTESIAN_POINT('',(3.083770105963,9.099008528543));
#2151 = CARTESIAN_POINT('',(3.096890553582,9.171955653692));
#2152 = CARTESIAN_POINT('',(3.111171553802,9.223320230792));
#2153 = CARTESIAN_POINT('',(3.126222389423,9.25));
#2154 = CARTESIAN_POINT('',(3.14159265359,9.25));
#2155 = ( GEOMETRIC_REPRESENTATION_CONTEXT(2) 
PARAMETRIC_REPRESENTATION_CONTEXT() REPRESENTATION_CONTEXT('2D SPACE',''
  ) );
#2156 = PCURVE('',#2157,#2162);
#2157 = CYLINDRICAL_SURFACE('',#2158,1.25);
#2158 = AXIS2_PLACEMENT_3D('',#2159,#2160,#2161);
#2159 = CARTESIAN_POINT('',(-11.,0.,8.));
#2160 = DIRECTION('',(1.,0.,2.22044604925E-16));
#2161 = DIRECTION('',(2.22044604925E-16,0.,-1.));
#2162 = DEFINITIONAL_REPRESENTATION('',(#2163),#2190);
#2163 = B_SPLINE_CURVE_WITH_KNOTS('',7,(#2164,#2165,#2166,#2167,#2168,
    #2169,#2170,#2171,#2172,#2173,#2174,#2175,#2176,#2177,#2178,#2179,
    #2180,#2181,#2182,#2183,#2184,#2185,#2186,#2187,#2188,#2189),
  .UNSPECIFIED.,.F.,.F.,(8,6,6,6,8),(0.,0.260439283259,0.500018805756,
    0.739594583382,1.),.UNSPECIFIED.);
#2164 = CARTESIAN_POINT('',(0.,0.));
#2165 = CARTESIAN_POINT('',(0.135282757067,1.035459971388E-17));
#2166 = CARTESIAN_POINT('',(0.267731398436,3.032991357541E-03));
#2167 = CARTESIAN_POINT('',(0.397383794305,8.869601676776E-03));
#2168 = CARTESIAN_POINT('',(0.524050053609,1.675705449047E-02));
#2169 = CARTESIAN_POINT('',(0.64730238354,2.558141610361E-02));
#2170 = CARTESIAN_POINT('',(0.766345682511,3.431182053487E-02));
#2171 = CARTESIAN_POINT('',(0.983871472919,4.954595458205E-02));
#2172 = CARTESIAN_POINT('',(1.085255428341,5.631331004299E-02));
#2173 = CARTESIAN_POINT('',(1.184492859927,6.211099325855E-02));
#2174 = CARTESIAN_POINT('',(1.282142127165,6.663857563497E-02));
#2175 = CARTESIAN_POINT('',(1.378730930256,6.9715267676E-02));
#2176 = CARTESIAN_POINT('',(1.474764417973,7.12535028028E-02));
#2177 = CARTESIAN_POINT('',(1.66682673454,7.12535028028E-02));
#2178 = CARTESIAN_POINT('',(1.762860371656,6.971517759199E-02));
#2179 = CARTESIAN_POINT('',(1.859447150106,6.66390136785E-02));
#2180 = CARTESIAN_POINT('',(1.957101525451,6.211069547741E-02));
#2181 = CARTESIAN_POINT('',(2.056337954821,5.631335834376E-02));
#2182 = CARTESIAN_POINT('',(2.157723376418,4.954580080575E-02));
#2183 = CARTESIAN_POINT('',(2.375231622039,3.431289548473E-02));
#2184 = CARTESIAN_POINT('',(2.494278049306,2.558237882911E-02));
#2185 = CARTESIAN_POINT('',(2.617542992217,1.675685448572E-02));
#2186 = CARTESIAN_POINT('',(2.744224135744,8.868219036377E-03));
#2187 = CARTESIAN_POINT('',(2.873887117935,3.031893929771E-03));
#2188 = CARTESIAN_POINT('',(3.006334328923,1.152917619846E-17));
#2189 = CARTESIAN_POINT('',(3.14159265359,0.));
#2190 = ( GEOMETRIC_REPRESENTATION_CONTEXT(2) 
PARAMETRIC_REPRESENTATION_CONTEXT() REPRESENTATION_CONTEXT('2D SPACE',''
  ) );
#2191 = ORIENTED_EDGE('',*,*,#2192,.T.);
#2192 = EDGE_CURVE('',#2096,#2193,#2195,.T.);
#2193 = VERTEX_POINT('',#2194);
#2194 = CARTESIAN_POINT('',(-10.97720264317,0.707829167767,13.3));
#2195 = SURFACE_CURVE('',#2196,(#2200,#2206),.PCURVE_S1.);
#2196 = LINE('',#2197,#2198);
#2197 = CARTESIAN_POINT('',(-10.97720264317,0.707829167767,0.));
#2198 = VECTOR('',#2199,1.);
#2199 = DIRECTION('',(0.,0.,1.));
#2200 = PCURVE('',#33,#2201);
#2201 = DEFINITIONAL_REPRESENTATION('',(#2202),#2205);
#2202 = B_SPLINE_CURVE_WITH_KNOTS('',1,(#2203,#2204),.UNSPECIFIED.,.F.,
  .F.,(2,2),(2.2999994,13.3000006),.PIECEWISE_BEZIER_KNOTS.);
#2203 = CARTESIAN_POINT('',(3.077200057007,2.2999994));
#2204 = CARTESIAN_POINT('',(3.077200057007,13.3000006));
#2205 = ( GEOMETRIC_REPRESENTATION_CONTEXT(2) 
PARAMETRIC_REPRESENTATION_CONTEXT() REPRESENTATION_CONTEXT('2D SPACE',''
  ) );
#2206 = PCURVE('',#2207,#2212);
#2207 = CYLINDRICAL_SURFACE('',#2208,0.8);
#2208 = AXIS2_PLACEMENT_3D('',#2209,#2210,#2211);
#2209 = CARTESIAN_POINT('',(-11.35,1.389974117032E-15,2.3));
#2210 = DIRECTION('',(0.,0.,1.));
#2211 = DIRECTION('',(-1.,1.224646799147E-16,0.));
#2212 = DEFINITIONAL_REPRESENTATION('',(#2213),#2216);
#2213 = B_SPLINE_CURVE_WITH_KNOTS('',1,(#2214,#2215),.UNSPECIFIED.,.F.,
  .F.,(2,2),(2.2999994,13.3000006),.PIECEWISE_BEZIER_KNOTS.);
#2214 = CARTESIAN_POINT('',(4.227628220881,-5.999999999062E-07));
#2215 = CARTESIAN_POINT('',(4.227628220881,11.0000006));
#2216 = ( GEOMETRIC_REPRESENTATION_CONTEXT(2) 
PARAMETRIC_REPRESENTATION_CONTEXT() REPRESENTATION_CONTEXT('2D SPACE',''
  ) );
#2217 = ORIENTED_EDGE('',*,*,#2218,.T.);
#2218 = EDGE_CURVE('',#2193,#2219,#2221,.T.);
#2219 = VERTEX_POINT('',#2220);
#2220 = CARTESIAN_POINT('',(-10.97720264317,-0.707829167767,13.3));
#2221 = SURFACE_CURVE('',#2222,(#2227,#2234),.PCURVE_S1.);
#2222 = CIRCLE('',#2223,11.);
#2223 = AXIS2_PLACEMENT_3D('',#2224,#2225,#2226);
#2224 = CARTESIAN_POINT('',(0.,0.,13.3));
#2225 = DIRECTION('',(0.,0.,1.));
#2226 = DIRECTION('',(1.,0.,-0.));
#2227 = PCURVE('',#33,#2228);
#2228 = DEFINITIONAL_REPRESENTATION('',(#2229),#2233);
#2229 = LINE('',#2230,#2231);
#2230 = CARTESIAN_POINT('',(0.,13.3));
#2231 = VECTOR('',#2232,1.);
#2232 = DIRECTION('',(1.,0.));
#2233 = ( GEOMETRIC_REPRESENTATION_CONTEXT(2) 
PARAMETRIC_REPRESENTATION_CONTEXT() REPRESENTATION_CONTEXT('2D SPACE',''
  ) );
#2234 = PCURVE('',#2235,#2240);
#2235 = PLANE('',#2236);
#2236 = AXIS2_PLACEMENT_3D('',#2237,#2238,#2239);
#2237 = CARTESIAN_POINT('',(-11.35,1.389974117032E-15,13.3));
#2238 = DIRECTION('',(0.,0.,1.));
#2239 = DIRECTION('',(-1.,1.224646799147E-16,0.));
#2240 = DEFINITIONAL_REPRESENTATION('',(#2241),#2245);
#2241 = CIRCLE('',#2242,11.);
#2242 = AXIS2_PLACEMENT_2D('',#2243,#2244);
#2243 = CARTESIAN_POINT('',(-11.35,9.650978641984E-32));
#2244 = DIRECTION('',(-1.,-1.224646799147E-16));
#2245 = ( GEOMETRIC_REPRESENTATION_CONTEXT(2) 
PARAMETRIC_REPRESENTATION_CONTEXT() REPRESENTATION_CONTEXT('2D SPACE',''
  ) );
#2246 = ORIENTED_EDGE('',*,*,#2247,.F.);
#2247 = EDGE_CURVE('',#2248,#2219,#2250,.T.);
#2248 = VERTEX_POINT('',#2249);
#2249 = CARTESIAN_POINT('',(-10.97720264317,-0.707829167767,
    9.030280480868));
#2250 = SURFACE_CURVE('',#2251,(#2255,#2261),.PCURVE_S1.);
#2251 = LINE('',#2252,#2253);
#2252 = CARTESIAN_POINT('',(-10.97720264317,-0.707829167767,0.));
#2253 = VECTOR('',#2254,1.);
#2254 = DIRECTION('',(0.,0.,1.));
#2255 = PCURVE('',#33,#2256);
#2256 = DEFINITIONAL_REPRESENTATION('',(#2257),#2260);
#2257 = B_SPLINE_CURVE_WITH_KNOTS('',1,(#2258,#2259),.UNSPECIFIED.,.F.,
  .F.,(2,2),(2.2999994,13.3000006),.PIECEWISE_BEZIER_KNOTS.);
#2258 = CARTESIAN_POINT('',(3.205985250172,2.2999994));
#2259 = CARTESIAN_POINT('',(3.205985250172,13.3000006));
#2260 = ( GEOMETRIC_REPRESENTATION_CONTEXT(2) 
PARAMETRIC_REPRESENTATION_CONTEXT() REPRESENTATION_CONTEXT('2D SPACE',''
  ) );
#2261 = PCURVE('',#2207,#2262);
#2262 = DEFINITIONAL_REPRESENTATION('',(#2263),#2266);
#2263 = B_SPLINE_CURVE_WITH_KNOTS('',1,(#2264,#2265),.UNSPECIFIED.,.F.,
  .F.,(2,2),(2.2999994,13.3000006),.PIECEWISE_BEZIER_KNOTS.);
#2264 = CARTESIAN_POINT('',(2.055557086299,-5.999999999062E-07));
#2265 = CARTESIAN_POINT('',(2.055557086299,11.0000006));
#2266 = ( GEOMETRIC_REPRESENTATION_CONTEXT(2) 
PARAMETRIC_REPRESENTATION_CONTEXT() REPRESENTATION_CONTEXT('2D SPACE',''
  ) );
#2267 = ORIENTED_EDGE('',*,*,#2268,.T.);
#2268 = EDGE_CURVE('',#2248,#2020,#2269,.T.);
#2269 = SURFACE_CURVE('',#2270,(#2297,#2327),.PCURVE_S1.);
#2270 = B_SPLINE_CURVE_WITH_KNOTS('',7,(#2271,#2272,#2273,#2274,#2275,
    #2276,#2277,#2278,#2279,#2280,#2281,#2282,#2283,#2284,#2285,#2286,
    #2287,#2288,#2289,#2290,#2291,#2292,#2293,#2294,#2295,#2296),
  .UNSPECIFIED.,.F.,.F.,(8,6,6,6,8),(0.,0.260455643642,0.500042303125,
    0.739628727223,1.),.UNSPECIFIED.);
#2271 = CARTESIAN_POINT('',(-11.,8.881784197001E-16,9.25));
#2272 = CARTESIAN_POINT('',(-11.,-0.169103446334,9.25));
#2273 = CARTESIAN_POINT('',(-10.99696700864,-0.334664324427,
    9.223310589224));
#2274 = CARTESIAN_POINT('',(-10.99113039832,-0.491674684911,
    9.171943451107));
#2275 = CARTESIAN_POINT('',(-10.98324294551,-0.635795675038,
    9.099004243424));
#2276 = CARTESIAN_POINT('',(-10.97441858389,-0.763590713113,
    9.008626952866));
#2277 = CARTESIAN_POINT('',(-10.96568817946,-0.872866173365,
    8.905904176086));
#2278 = CARTESIAN_POINT('',(-10.95045428649,-1.046183627161,
    8.696399363745));
#2279 = CARTESIAN_POINT('',(-10.94368664258,-1.114760011155,
    8.588653715419));
#2280 = CARTESIAN_POINT('',(-10.9378892346,-1.169144738598,
    8.475645087769));
#2281 = CARTESIAN_POINT('',(-10.9333609359,-1.209652496207,
    8.359006756905));
#2282 = CARTESIAN_POINT('',(-10.93028482674,-1.236551805425,
    8.240077988946));
#2283 = CARTESIAN_POINT('',(-10.92874649719,-1.25,8.120038126188));
#2284 = CARTESIAN_POINT('',(-10.92874649719,-1.25,7.879961991745));
#2285 = CARTESIAN_POINT('',(-10.93028482248,-1.236551839651,
    7.759921126512));
#2286 = CARTESIAN_POINT('',(-10.93336098621,-1.20965211041,
    7.640991639753));
#2287 = CARTESIAN_POINT('',(-10.93788930448,-1.169144053022,
    7.524353879767));
#2288 = CARTESIAN_POINT('',(-10.94368664182,-1.114759877185,
    7.411346712825));
#2289 = CARTESIAN_POINT('',(-10.95045419909,-1.046184621462,
    7.303601838158));
#2290 = CARTESIAN_POINT('',(-10.96568571185,-0.872894247555,
    7.09412975978));
#2291 = CARTESIAN_POINT('',(-10.97441671407,-0.763618155149,
    6.991387928555));
#2292 = CARTESIAN_POINT('',(-10.98324394855,-0.635793818611,
    6.900981309422));
#2293 = CARTESIAN_POINT('',(-10.99113366761,-0.491631024683,
    6.828027863633));
#2294 = CARTESIAN_POINT('',(-10.99696931003,-0.334591076349,
    6.776669147493));
#2295 = CARTESIAN_POINT('',(-11.,-0.169039246311,6.75));
#2296 = CARTESIAN_POINT('',(-11.,4.440892098501E-16,6.75));
#2297 = PCURVE('',#33,#2298);
#2298 = DEFINITIONAL_REPRESENTATION('',(#2299),#2326);
#2299 = B_SPLINE_CURVE_WITH_KNOTS('',7,(#2300,#2301,#2302,#2303,#2304,
    #2305,#2306,#2307,#2308,#2309,#2310,#2311,#2312,#2313,#2314,#2315,
    #2316,#2317,#2318,#2319,#2320,#2321,#2322,#2323,#2324,#2325),
  .UNSPECIFIED.,.F.,.F.,(8,6,6,6,8),(0.,0.260455643642,0.500042303125,
    0.739628727223,1.),.UNSPECIFIED.);
#2300 = CARTESIAN_POINT('',(3.14159265359,9.25));
#2301 = CARTESIAN_POINT('',(3.156965694166,9.25));
#2302 = CARTESIAN_POINT('',(3.172016691672,9.223310589224));
#2303 = CARTESIAN_POINT('',(3.186296247333,9.171943451107));
#2304 = CARTESIAN_POINT('',(3.199414978526,9.099004243425));
#2305 = CARTESIAN_POINT('',(3.211059282981,9.008626952866));
#2306 = CARTESIAN_POINT('',(3.221024747894,8.905904176086));
#2307 = CARTESIAN_POINT('',(3.236841626442,8.696399363745));
#2308 = CARTESIAN_POINT('',(3.243105771122,8.588653715419));
#2309 = CARTESIAN_POINT('',(3.248077700575,8.475645087769));
#2310 = CARTESIAN_POINT('',(3.251783156095,8.359006756905));
#2311 = CARTESIAN_POINT('',(3.254244481017,8.240077988946));
#2312 = CARTESIAN_POINT('',(3.255475018043,8.120038126188));
#2313 = CARTESIAN_POINT('',(3.255475018043,7.879961991745));
#2314 = CARTESIAN_POINT('',(3.254244484121,7.759921126512));
#2315 = CARTESIAN_POINT('',(3.251783120759,7.640991639753));
#2316 = CARTESIAN_POINT('',(3.248077637947,7.524353879767));
#2317 = CARTESIAN_POINT('',(3.243105758985,7.411346712825));
#2318 = CARTESIAN_POINT('',(3.236841717181,7.303601838158));
#2319 = CARTESIAN_POINT('',(3.221027309933,7.09412975978));
#2320 = CARTESIAN_POINT('',(3.211061783192,6.991387928555));
#2321 = CARTESIAN_POINT('',(3.199414802539,6.900981309422));
#2322 = CARTESIAN_POINT('',(3.186292270954,6.828027863633));
#2323 = CARTESIAN_POINT('',(3.172010032803,6.776669147493));
#2324 = CARTESIAN_POINT('',(3.1569598578,6.75));
#2325 = CARTESIAN_POINT('',(3.14159265359,6.75));
#2326 = ( GEOMETRIC_REPRESENTATION_CONTEXT(2) 
PARAMETRIC_REPRESENTATION_CONTEXT() REPRESENTATION_CONTEXT('2D SPACE',''
  ) );
#2327 = PCURVE('',#2157,#2328);
#2328 = DEFINITIONAL_REPRESENTATION('',(#2329),#2356);
#2329 = B_SPLINE_CURVE_WITH_KNOTS('',7,(#2330,#2331,#2332,#2333,#2334,
    #2335,#2336,#2337,#2338,#2339,#2340,#2341,#2342,#2343,#2344,#2345,
    #2346,#2347,#2348,#2349,#2350,#2351,#2352,#2353,#2354,#2355),
  .UNSPECIFIED.,.F.,.F.,(8,6,6,6,8),(0.,0.260455643642,0.500042303125,
    0.739628727223,1.),.UNSPECIFIED.);
#2330 = CARTESIAN_POINT('',(3.14159265359,0.));
#2331 = CARTESIAN_POINT('',(3.276875410657,-1.153125877228E-17));
#2332 = CARTESIAN_POINT('',(3.409324052025,3.032991357538E-03));
#2333 = CARTESIAN_POINT('',(3.538976447895,8.86960167678E-03));
#2334 = CARTESIAN_POINT('',(3.665642707199,1.675705449047E-02));
#2335 = CARTESIAN_POINT('',(3.78889503713,2.558141610362E-02));
#2336 = CARTESIAN_POINT('',(3.907938336101,3.431182053486E-02));
#2337 = CARTESIAN_POINT('',(4.125460684282,4.954571351018E-02));
#2338 = CARTESIAN_POINT('',(4.226847156751,5.631335741264E-02));
#2339 = CARTESIAN_POINT('',(4.326084713843,6.211076539511E-02));
#2340 = CARTESIAN_POINT('',(4.423739412646,6.663906409451E-02));
#2341 = CARTESIAN_POINT('',(4.520325663436,6.971517325657E-02));
#2342 = CARTESIAN_POINT('',(4.616358479434,7.12535028028E-02));
#2343 = CARTESIAN_POINT('',(4.808419386989,7.12535028028E-02));
#2344 = CARTESIAN_POINT('',(4.90445302812,6.971517751742E-02));
#2345 = CARTESIAN_POINT('',(5.001039801779,6.663901378786E-02));
#2346 = CARTESIAN_POINT('',(5.09869417734,6.211069551305E-02));
#2347 = CARTESIAN_POINT('',(5.19793061155,5.631335817944E-02));
#2348 = CARTESIAN_POINT('',(5.299316028589,4.954580090514E-02));
#2349 = CARTESIAN_POINT('',(5.516804390111,3.431428814097E-02));
#2350 = CARTESIAN_POINT('',(5.635859766952,2.558328592518E-02));
#2351 = CARTESIAN_POINT('',(5.759142840397,1.675605144723E-02));
#2352 = CARTESIAN_POINT('',(5.885840995946,8.866332387694E-03));
#2353 = CARTESIAN_POINT('',(6.015512516795,3.030689962838E-03));
#2354 = CARTESIAN_POINT('',(6.147953910131,-7.998243915286E-18));
#2355 = CARTESIAN_POINT('',(6.28318530718,0.));
#2356 = ( GEOMETRIC_REPRESENTATION_CONTEXT(2) 
PARAMETRIC_REPRESENTATION_CONTEXT() REPRESENTATION_CONTEXT('2D SPACE',''
  ) );
#2357 = FACE_BOUND('',#2358,.T.);
#2358 = EDGE_LOOP('',(#2359,#2387,#2416,#2437));
#2359 = ORIENTED_EDGE('',*,*,#2360,.F.);
#2360 = EDGE_CURVE('',#2361,#2363,#2365,.T.);
#2361 = VERTEX_POINT('',#2362);
#2362 = CARTESIAN_POINT('',(-10.5901584691,-2.974650164172,2.3));
#2363 = VERTEX_POINT('',#2364);
#2364 = CARTESIAN_POINT('',(-10.5901584691,-2.974650164172,13.3));
#2365 = SURFACE_CURVE('',#2366,(#2370,#2376),.PCURVE_S1.);
#2366 = LINE('',#2367,#2368);
#2367 = CARTESIAN_POINT('',(-10.5901584691,-2.974650164172,0.));
#2368 = VECTOR('',#2369,1.);
#2369 = DIRECTION('',(0.,0.,1.));
#2370 = PCURVE('',#33,#2371);
#2371 = DEFINITIONAL_REPRESENTATION('',(#2372),#2375);
#2372 = B_SPLINE_CURVE_WITH_KNOTS('',1,(#2373,#2374),.UNSPECIFIED.,.F.,
  .F.,(2,2),(2.2999994,13.3000006),.PIECEWISE_BEZIER_KNOTS.);
#2373 = CARTESIAN_POINT('',(3.415424760412,2.2999994));
#2374 = CARTESIAN_POINT('',(3.415424760412,13.3000006));
#2375 = ( GEOMETRIC_REPRESENTATION_CONTEXT(2) 
PARAMETRIC_REPRESENTATION_CONTEXT() REPRESENTATION_CONTEXT('2D SPACE',''
  ) );
#2376 = PCURVE('',#2377,#2382);
#2377 = CYLINDRICAL_SURFACE('',#2378,0.8);
#2378 = AXIS2_PLACEMENT_3D('',#2379,#2380,#2381);
#2379 = CARTESIAN_POINT('',(-11.10197526832,-2.359797690782,2.3));
#2380 = DIRECTION('',(0.,0.,1.));
#2381 = DIRECTION('',(-0.978147600734,-0.207911690818,0.));
#2382 = DEFINITIONAL_REPRESENTATION('',(#2383),#2386);
#2383 = B_SPLINE_CURVE_WITH_KNOTS('',1,(#2384,#2385),.UNSPECIFIED.,.F.,
  .F.,(2,2),(2.2999994,13.3000006),.PIECEWISE_BEZIER_KNOTS.);
#2384 = CARTESIAN_POINT('',(2.055557086299,-5.999999999062E-07));
#2385 = CARTESIAN_POINT('',(2.055557086299,11.0000006));
#2386 = ( GEOMETRIC_REPRESENTATION_CONTEXT(2) 
PARAMETRIC_REPRESENTATION_CONTEXT() REPRESENTATION_CONTEXT('2D SPACE',''
  ) );
#2387 = ORIENTED_EDGE('',*,*,#2388,.F.);
#2388 = EDGE_CURVE('',#2389,#2361,#2391,.T.);
#2389 = VERTEX_POINT('',#2390);
#2390 = CARTESIAN_POINT('',(-10.88449038726,-1.58992735981,2.3));
#2391 = SURFACE_CURVE('',#2392,(#2397,#2404),.PCURVE_S1.);
#2392 = CIRCLE('',#2393,11.);
#2393 = AXIS2_PLACEMENT_3D('',#2394,#2395,#2396);
#2394 = CARTESIAN_POINT('',(0.,0.,2.3));
#2395 = DIRECTION('',(0.,0.,1.));
#2396 = DIRECTION('',(1.,0.,-0.));
#2397 = PCURVE('',#33,#2398);
#2398 = DEFINITIONAL_REPRESENTATION('',(#2399),#2403);
#2399 = LINE('',#2400,#2401);
#2400 = CARTESIAN_POINT('',(0.,2.3));
#2401 = VECTOR('',#2402,1.);
#2402 = DIRECTION('',(1.,0.));
#2403 = ( GEOMETRIC_REPRESENTATION_CONTEXT(2) 
PARAMETRIC_REPRESENTATION_CONTEXT() REPRESENTATION_CONTEXT('2D SPACE',''
  ) );
#2404 = PCURVE('',#2405,#2410);
#2405 = PLANE('',#2406);
#2406 = AXIS2_PLACEMENT_3D('',#2407,#2408,#2409);
#2407 = CARTESIAN_POINT('',(-11.10197526832,-2.359797690782,2.3));
#2408 = DIRECTION('',(0.,0.,1.));
#2409 = DIRECTION('',(-0.978147600734,-0.207911690818,0.));
#2410 = DEFINITIONAL_REPRESENTATION('',(#2411),#2415);
#2411 = CIRCLE('',#2412,11.);
#2412 = AXIS2_PLACEMENT_2D('',#2413,#2414);
#2413 = CARTESIAN_POINT('',(-11.35,2.931571621326E-16));
#2414 = DIRECTION('',(-0.978147600734,0.207911690818));
#2415 = ( GEOMETRIC_REPRESENTATION_CONTEXT(2) 
PARAMETRIC_REPRESENTATION_CONTEXT() REPRESENTATION_CONTEXT('2D SPACE',''
  ) );
#2416 = ORIENTED_EDGE('',*,*,#2417,.T.);
#2417 = EDGE_CURVE('',#2389,#2418,#2420,.T.);
#2418 = VERTEX_POINT('',#2419);
#2419 = CARTESIAN_POINT('',(-10.88449038726,-1.58992735981,13.3));
#2420 = SURFACE_CURVE('',#2421,(#2425,#2431),.PCURVE_S1.);
#2421 = LINE('',#2422,#2423);
#2422 = CARTESIAN_POINT('',(-10.88449038726,-1.58992735981,0.));
#2423 = VECTOR('',#2424,1.);
#2424 = DIRECTION('',(0.,0.,1.));
#2425 = PCURVE('',#33,#2426);
#2426 = DEFINITIONAL_REPRESENTATION('',(#2427),#2430);
#2427 = B_SPLINE_CURVE_WITH_KNOTS('',1,(#2428,#2429),.UNSPECIFIED.,.F.,
  .F.,(2,2),(2.2999994,13.3000006),.PIECEWISE_BEZIER_KNOTS.);
#2428 = CARTESIAN_POINT('',(3.286639567246,2.2999994));
#2429 = CARTESIAN_POINT('',(3.286639567246,13.3000006));
#2430 = ( GEOMETRIC_REPRESENTATION_CONTEXT(2) 
PARAMETRIC_REPRESENTATION_CONTEXT() REPRESENTATION_CONTEXT('2D SPACE',''
  ) );
#2431 = PCURVE('',#2377,#2432);
#2432 = DEFINITIONAL_REPRESENTATION('',(#2433),#2436);
#2433 = B_SPLINE_CURVE_WITH_KNOTS('',1,(#2434,#2435),.UNSPECIFIED.,.F.,
  .F.,(2,2),(2.2999994,13.3000006),.PIECEWISE_BEZIER_KNOTS.);
#2434 = CARTESIAN_POINT('',(4.227628220881,-5.999999999062E-07));
#2435 = CARTESIAN_POINT('',(4.227628220881,11.0000006));
#2436 = ( GEOMETRIC_REPRESENTATION_CONTEXT(2) 
PARAMETRIC_REPRESENTATION_CONTEXT() REPRESENTATION_CONTEXT('2D SPACE',''
  ) );
#2437 = ORIENTED_EDGE('',*,*,#2438,.T.);
#2438 = EDGE_CURVE('',#2418,#2363,#2439,.T.);
#2439 = SURFACE_CURVE('',#2440,(#2445,#2452),.PCURVE_S1.);
#2440 = CIRCLE('',#2441,11.);
#2441 = AXIS2_PLACEMENT_3D('',#2442,#2443,#2444);
#2442 = CARTESIAN_POINT('',(0.,0.,13.3));
#2443 = DIRECTION('',(0.,0.,1.));
#2444 = DIRECTION('',(1.,0.,-0.));
#2445 = PCURVE('',#33,#2446);
#2446 = DEFINITIONAL_REPRESENTATION('',(#2447),#2451);
#2447 = LINE('',#2448,#2449);
#2448 = CARTESIAN_POINT('',(0.,13.3));
#2449 = VECTOR('',#2450,1.);
#2450 = DIRECTION('',(1.,0.));
#2451 = ( GEOMETRIC_REPRESENTATION_CONTEXT(2) 
PARAMETRIC_REPRESENTATION_CONTEXT() REPRESENTATION_CONTEXT('2D SPACE',''
  ) );
#2452 = PCURVE('',#2453,#2458);
#2453 = PLANE('',#2454);
#2454 = AXIS2_PLACEMENT_3D('',#2455,#2456,#2457);
#2455 = CARTESIAN_POINT('',(-11.10197526832,-2.359797690782,13.3));
#2456 = DIRECTION('',(0.,0.,1.));
#2457 = DIRECTION('',(-0.978147600734,-0.207911690818,0.));
#2458 = DEFINITIONAL_REPRESENTATION('',(#2459),#2463);
#2459 = CIRCLE('',#2460,11.);
#2460 = AXIS2_PLACEMENT_2D('',#2461,#2462);
#2461 = CARTESIAN_POINT('',(-11.35,2.931571621326E-16));
#2462 = DIRECTION('',(-0.978147600734,0.207911690818));
#2463 = ( GEOMETRIC_REPRESENTATION_CONTEXT(2) 
PARAMETRIC_REPRESENTATION_CONTEXT() REPRESENTATION_CONTEXT('2D SPACE',''
  ) );
#2464 = FACE_BOUND('',#2465,.T.);
#2465 = EDGE_LOOP('',(#2466,#2494,#2523,#2544));
#2466 = ORIENTED_EDGE('',*,*,#2467,.F.);
#2467 = EDGE_CURVE('',#2468,#2470,#2472,.T.);
#2468 = VERTEX_POINT('',#2469);
#2469 = CARTESIAN_POINT('',(-9.740273552723,-5.111464674447,2.3));
#2470 = VERTEX_POINT('',#2471);
#2471 = CARTESIAN_POINT('',(-9.740273552723,-5.111464674447,13.3));
#2472 = SURFACE_CURVE('',#2473,(#2477,#2483),.PCURVE_S1.);
#2473 = LINE('',#2474,#2475);
#2474 = CARTESIAN_POINT('',(-9.740273552723,-5.111464674447,0.));
#2475 = VECTOR('',#2476,1.);
#2476 = DIRECTION('',(0.,0.,1.));
#2477 = PCURVE('',#33,#2478);
#2478 = DEFINITIONAL_REPRESENTATION('',(#2479),#2482);
#2479 = B_SPLINE_CURVE_WITH_KNOTS('',1,(#2480,#2481),.UNSPECIFIED.,.F.,
  .F.,(2,2),(2.2999994,13.3000006),.PIECEWISE_BEZIER_KNOTS.);
#2480 = CARTESIAN_POINT('',(3.624864270651,2.2999994));
#2481 = CARTESIAN_POINT('',(3.624864270651,13.3000006));
#2482 = ( GEOMETRIC_REPRESENTATION_CONTEXT(2) 
PARAMETRIC_REPRESENTATION_CONTEXT() REPRESENTATION_CONTEXT('2D SPACE',''
  ) );
#2483 = PCURVE('',#2484,#2489);
#2484 = CYLINDRICAL_SURFACE('',#2485,0.8);
#2485 = AXIS2_PLACEMENT_3D('',#2486,#2487,#2488);
#2486 = CARTESIAN_POINT('',(-10.36874094424,-4.61646089891,2.3));
#2487 = DIRECTION('',(0.,0.,1.));
#2488 = DIRECTION('',(-0.913545457643,-0.406736643076,0.));
#2489 = DEFINITIONAL_REPRESENTATION('',(#2490),#2493);
#2490 = B_SPLINE_CURVE_WITH_KNOTS('',1,(#2491,#2492),.UNSPECIFIED.,.F.,
  .F.,(2,2),(2.2999994,13.3000006),.PIECEWISE_BEZIER_KNOTS.);
#2491 = CARTESIAN_POINT('',(2.055557086299,-5.999999999062E-07));
#2492 = CARTESIAN_POINT('',(2.055557086299,11.0000006));
#2493 = ( GEOMETRIC_REPRESENTATION_CONTEXT(2) 
PARAMETRIC_REPRESENTATION_CONTEXT() REPRESENTATION_CONTEXT('2D SPACE',''
  ) );
#2494 = ORIENTED_EDGE('',*,*,#2495,.F.);
#2495 = EDGE_CURVE('',#2496,#2468,#2498,.T.);
#2496 = VERTEX_POINT('',#2497);
#2497 = CARTESIAN_POINT('',(-10.31607367186,-3.818196432446,2.3));
#2498 = SURFACE_CURVE('',#2499,(#2504,#2511),.PCURVE_S1.);
#2499 = CIRCLE('',#2500,11.);
#2500 = AXIS2_PLACEMENT_3D('',#2501,#2502,#2503);
#2501 = CARTESIAN_POINT('',(0.,0.,2.3));
#2502 = DIRECTION('',(0.,0.,1.));
#2503 = DIRECTION('',(1.,0.,-0.));
#2504 = PCURVE('',#33,#2505);
#2505 = DEFINITIONAL_REPRESENTATION('',(#2506),#2510);
#2506 = LINE('',#2507,#2508);
#2507 = CARTESIAN_POINT('',(0.,2.3));
#2508 = VECTOR('',#2509,1.);
#2509 = DIRECTION('',(1.,0.));
#2510 = ( GEOMETRIC_REPRESENTATION_CONTEXT(2) 
PARAMETRIC_REPRESENTATION_CONTEXT() REPRESENTATION_CONTEXT('2D SPACE',''
  ) );
#2511 = PCURVE('',#2512,#2517);
#2512 = PLANE('',#2513);
#2513 = AXIS2_PLACEMENT_3D('',#2514,#2515,#2516);
#2514 = CARTESIAN_POINT('',(-10.36874094424,-4.61646089891,2.3));
#2515 = DIRECTION('',(0.,0.,1.));
#2516 = DIRECTION('',(-0.913545457643,-0.406736643076,0.));
#2517 = DEFINITIONAL_REPRESENTATION('',(#2518),#2522);
#2518 = CIRCLE('',#2519,11.);
#2519 = AXIS2_PLACEMENT_2D('',#2520,#2521);
#2520 = CARTESIAN_POINT('',(-11.35,-7.779619482474E-16));
#2521 = DIRECTION('',(-0.913545457643,0.406736643076));
#2522 = ( GEOMETRIC_REPRESENTATION_CONTEXT(2) 
PARAMETRIC_REPRESENTATION_CONTEXT() REPRESENTATION_CONTEXT('2D SPACE',''
  ) );
#2523 = ORIENTED_EDGE('',*,*,#2524,.T.);
#2524 = EDGE_CURVE('',#2496,#2525,#2527,.T.);
#2525 = VERTEX_POINT('',#2526);
#2526 = CARTESIAN_POINT('',(-10.31607367186,-3.818196432446,13.3));
#2527 = SURFACE_CURVE('',#2528,(#2532,#2538),.PCURVE_S1.);
#2528 = LINE('',#2529,#2530);
#2529 = CARTESIAN_POINT('',(-10.31607367186,-3.818196432446,0.));
#2530 = VECTOR('',#2531,1.);
#2531 = DIRECTION('',(0.,0.,1.));
#2532 = PCURVE('',#33,#2533);
#2533 = DEFINITIONAL_REPRESENTATION('',(#2534),#2537);
#2534 = B_SPLINE_CURVE_WITH_KNOTS('',1,(#2535,#2536),.UNSPECIFIED.,.F.,
  .F.,(2,2),(2.2999994,13.3000006),.PIECEWISE_BEZIER_KNOTS.);
#2535 = CARTESIAN_POINT('',(3.496079077486,2.2999994));
#2536 = CARTESIAN_POINT('',(3.496079077486,13.3000006));
#2537 = ( GEOMETRIC_REPRESENTATION_CONTEXT(2) 
PARAMETRIC_REPRESENTATION_CONTEXT() REPRESENTATION_CONTEXT('2D SPACE',''
  ) );
#2538 = PCURVE('',#2484,#2539);
#2539 = DEFINITIONAL_REPRESENTATION('',(#2540),#2543);
#2540 = B_SPLINE_CURVE_WITH_KNOTS('',1,(#2541,#2542),.UNSPECIFIED.,.F.,
  .F.,(2,2),(2.2999994,13.3000006),.PIECEWISE_BEZIER_KNOTS.);
#2541 = CARTESIAN_POINT('',(4.227628220881,-5.999999999062E-07));
#2542 = CARTESIAN_POINT('',(4.227628220881,11.0000006));
#2543 = ( GEOMETRIC_REPRESENTATION_CONTEXT(2) 
PARAMETRIC_REPRESENTATION_CONTEXT() REPRESENTATION_CONTEXT('2D SPACE',''
  ) );
#2544 = ORIENTED_EDGE('',*,*,#2545,.T.);
#2545 = EDGE_CURVE('',#2525,#2470,#2546,.T.);
#2546 = SURFACE_CURVE('',#2547,(#2552,#2559),.PCURVE_S1.);
#2547 = CIRCLE('',#2548,11.);
#2548 = AXIS2_PLACEMENT_3D('',#2549,#2550,#2551);
#2549 = CARTESIAN_POINT('',(0.,0.,13.3));
#2550 = DIRECTION('',(0.,0.,1.));
#2551 = DIRECTION('',(1.,0.,-0.));
#2552 = PCURVE('',#33,#2553);
#2553 = DEFINITIONAL_REPRESENTATION('',(#2554),#2558);
#2554 = LINE('',#2555,#2556);
#2555 = CARTESIAN_POINT('',(0.,13.3));
#2556 = VECTOR('',#2557,1.);
#2557 = DIRECTION('',(1.,0.));
#2558 = ( GEOMETRIC_REPRESENTATION_CONTEXT(2) 
PARAMETRIC_REPRESENTATION_CONTEXT() REPRESENTATION_CONTEXT('2D SPACE',''
  ) );
#2559 = PCURVE('',#2560,#2565);
#2560 = PLANE('',#2561);
#2561 = AXIS2_PLACEMENT_3D('',#2562,#2563,#2564);
#2562 = CARTESIAN_POINT('',(-10.36874094424,-4.61646089891,13.3));
#2563 = DIRECTION('',(0.,0.,1.));
#2564 = DIRECTION('',(-0.913545457643,-0.406736643076,0.));
#2565 = DEFINITIONAL_REPRESENTATION('',(#2566),#2570);
#2566 = CIRCLE('',#2567,11.);
#2567 = AXIS2_PLACEMENT_2D('',#2568,#2569);
#2568 = CARTESIAN_POINT('',(-11.35,-7.779619482474E-16));
#2569 = DIRECTION('',(-0.913545457643,0.406736643076));
#2570 = ( GEOMETRIC_REPRESENTATION_CONTEXT(2) 
PARAMETRIC_REPRESENTATION_CONTEXT() REPRESENTATION_CONTEXT('2D SPACE',''
  ) );
#2571 = FACE_BOUND('',#2572,.T.);
#2572 = EDGE_LOOP('',(#2573,#2601,#2630,#2651));
#2573 = ORIENTED_EDGE('',*,*,#2574,.F.);
#2574 = EDGE_CURVE('',#2575,#2577,#2579,.T.);
#2575 = VERTEX_POINT('',#2576);
#2576 = CARTESIAN_POINT('',(-8.464691943068,-7.02488365092,2.3));
#2577 = VERTEX_POINT('',#2578);
#2578 = CARTESIAN_POINT('',(-8.464691943068,-7.02488365092,13.3));
#2579 = SURFACE_CURVE('',#2580,(#2584,#2590),.PCURVE_S1.);
#2580 = LINE('',#2581,#2582);
#2581 = CARTESIAN_POINT('',(-8.464691943068,-7.02488365092,0.));
#2582 = VECTOR('',#2583,1.);
#2583 = DIRECTION('',(0.,0.,1.));
#2584 = PCURVE('',#33,#2585);
#2585 = DEFINITIONAL_REPRESENTATION('',(#2586),#2589);
#2586 = B_SPLINE_CURVE_WITH_KNOTS('',1,(#2587,#2588),.UNSPECIFIED.,.F.,
  .F.,(2,2),(2.2999994,13.3000006),.PIECEWISE_BEZIER_KNOTS.);
#2587 = CARTESIAN_POINT('',(3.83430378089,2.2999994));
#2588 = CARTESIAN_POINT('',(3.83430378089,13.3000006));
#2589 = ( GEOMETRIC_REPRESENTATION_CONTEXT(2) 
PARAMETRIC_REPRESENTATION_CONTEXT() REPRESENTATION_CONTEXT('2D SPACE',''
  ) );
#2590 = PCURVE('',#2591,#2596);
#2591 = CYLINDRICAL_SURFACE('',#2592,0.8);
#2592 = AXIS2_PLACEMENT_3D('',#2593,#2594,#2595);
#2593 = CARTESIAN_POINT('',(-9.182342886156,-6.67136261352,2.3));
#2594 = DIRECTION('',(0.,0.,1.));
#2595 = DIRECTION('',(-0.809016994375,-0.587785252292,0.));
#2596 = DEFINITIONAL_REPRESENTATION('',(#2597),#2600);
#2597 = B_SPLINE_CURVE_WITH_KNOTS('',1,(#2598,#2599),.UNSPECIFIED.,.F.,
  .F.,(2,2),(2.2999994,13.3000006),.PIECEWISE_BEZIER_KNOTS.);
#2598 = CARTESIAN_POINT('',(2.055557086299,-5.999999999062E-07));
#2599 = CARTESIAN_POINT('',(2.055557086299,11.0000006));
#2600 = ( GEOMETRIC_REPRESENTATION_CONTEXT(2) 
PARAMETRIC_REPRESENTATION_CONTEXT() REPRESENTATION_CONTEXT('2D SPACE',''
  ) );
#2601 = ORIENTED_EDGE('',*,*,#2602,.F.);
#2602 = EDGE_CURVE('',#2603,#2575,#2605,.T.);
#2603 = VERTEX_POINT('',#2604);
#2604 = CARTESIAN_POINT('',(-9.29679503498,-5.879591999244,2.3));
#2605 = SURFACE_CURVE('',#2606,(#2611,#2618),.PCURVE_S1.);
#2606 = CIRCLE('',#2607,11.);
#2607 = AXIS2_PLACEMENT_3D('',#2608,#2609,#2610);
#2608 = CARTESIAN_POINT('',(0.,0.,2.3));
#2609 = DIRECTION('',(0.,0.,1.));
#2610 = DIRECTION('',(1.,0.,-0.));
#2611 = PCURVE('',#33,#2612);
#2612 = DEFINITIONAL_REPRESENTATION('',(#2613),#2617);
#2613 = LINE('',#2614,#2615);
#2614 = CARTESIAN_POINT('',(0.,2.3));
#2615 = VECTOR('',#2616,1.);
#2616 = DIRECTION('',(1.,0.));
#2617 = ( GEOMETRIC_REPRESENTATION_CONTEXT(2) 
PARAMETRIC_REPRESENTATION_CONTEXT() REPRESENTATION_CONTEXT('2D SPACE',''
  ) );
#2618 = PCURVE('',#2619,#2624);
#2619 = PLANE('',#2620);
#2620 = AXIS2_PLACEMENT_3D('',#2621,#2622,#2623);
#2621 = CARTESIAN_POINT('',(-9.182342886156,-6.67136261352,2.3));
#2622 = DIRECTION('',(0.,0.,1.));
#2623 = DIRECTION('',(-0.809016994375,-0.587785252292,0.));
#2624 = DEFINITIONAL_REPRESENTATION('',(#2625),#2629);
#2625 = CIRCLE('',#2626,11.);
#2626 = AXIS2_PLACEMENT_2D('',#2627,#2628);
#2627 = CARTESIAN_POINT('',(-11.35,1.622763180893E-16));
#2628 = DIRECTION('',(-0.809016994375,0.587785252292));
#2629 = ( GEOMETRIC_REPRESENTATION_CONTEXT(2) 
PARAMETRIC_REPRESENTATION_CONTEXT() REPRESENTATION_CONTEXT('2D SPACE',''
  ) );
#2630 = ORIENTED_EDGE('',*,*,#2631,.T.);
#2631 = EDGE_CURVE('',#2603,#2632,#2634,.T.);
#2632 = VERTEX_POINT('',#2633);
#2633 = CARTESIAN_POINT('',(-9.29679503498,-5.879591999244,13.3));
#2634 = SURFACE_CURVE('',#2635,(#2639,#2645),.PCURVE_S1.);
#2635 = LINE('',#2636,#2637);
#2636 = CARTESIAN_POINT('',(-9.29679503498,-5.879591999244,0.));
#2637 = VECTOR('',#2638,1.);
#2638 = DIRECTION('',(0.,0.,1.));
#2639 = PCURVE('',#33,#2640);
#2640 = DEFINITIONAL_REPRESENTATION('',(#2641),#2644);
#2641 = B_SPLINE_CURVE_WITH_KNOTS('',1,(#2642,#2643),.UNSPECIFIED.,.F.,
  .F.,(2,2),(2.2999994,13.3000006),.PIECEWISE_BEZIER_KNOTS.);
#2642 = CARTESIAN_POINT('',(3.705518587725,2.2999994));
#2643 = CARTESIAN_POINT('',(3.705518587725,13.3000006));
#2644 = ( GEOMETRIC_REPRESENTATION_CONTEXT(2) 
PARAMETRIC_REPRESENTATION_CONTEXT() REPRESENTATION_CONTEXT('2D SPACE',''
  ) );
#2645 = PCURVE('',#2591,#2646);
#2646 = DEFINITIONAL_REPRESENTATION('',(#2647),#2650);
#2647 = B_SPLINE_CURVE_WITH_KNOTS('',1,(#2648,#2649),.UNSPECIFIED.,.F.,
  .F.,(2,2),(2.2999994,13.3000006),.PIECEWISE_BEZIER_KNOTS.);
#2648 = CARTESIAN_POINT('',(4.227628220881,-5.999999999062E-07));
#2649 = CARTESIAN_POINT('',(4.227628220881,11.0000006));
#2650 = ( GEOMETRIC_REPRESENTATION_CONTEXT(2) 
PARAMETRIC_REPRESENTATION_CONTEXT() REPRESENTATION_CONTEXT('2D SPACE',''
  ) );
#2651 = ORIENTED_EDGE('',*,*,#2652,.T.);
#2652 = EDGE_CURVE('',#2632,#2577,#2653,.T.);
#2653 = SURFACE_CURVE('',#2654,(#2659,#2666),.PCURVE_S1.);
#2654 = CIRCLE('',#2655,11.);
#2655 = AXIS2_PLACEMENT_3D('',#2656,#2657,#2658);
#2656 = CARTESIAN_POINT('',(0.,0.,13.3));
#2657 = DIRECTION('',(0.,0.,1.));
#2658 = DIRECTION('',(1.,0.,-0.));
#2659 = PCURVE('',#33,#2660);
#2660 = DEFINITIONAL_REPRESENTATION('',(#2661),#2665);
#2661 = LINE('',#2662,#2663);
#2662 = CARTESIAN_POINT('',(0.,13.3));
#2663 = VECTOR('',#2664,1.);
#2664 = DIRECTION('',(1.,0.));
#2665 = ( GEOMETRIC_REPRESENTATION_CONTEXT(2) 
PARAMETRIC_REPRESENTATION_CONTEXT() REPRESENTATION_CONTEXT('2D SPACE',''
  ) );
#2666 = PCURVE('',#2667,#2672);
#2667 = PLANE('',#2668);
#2668 = AXIS2_PLACEMENT_3D('',#2669,#2670,#2671);
#2669 = CARTESIAN_POINT('',(-9.182342886156,-6.67136261352,13.3));
#2670 = DIRECTION('',(0.,0.,1.));
#2671 = DIRECTION('',(-0.809016994375,-0.587785252292,0.));
#2672 = DEFINITIONAL_REPRESENTATION('',(#2673),#2677);
#2673 = CIRCLE('',#2674,11.);
#2674 = AXIS2_PLACEMENT_2D('',#2675,#2676);
#2675 = CARTESIAN_POINT('',(-11.35,1.622763180893E-16));
#2676 = DIRECTION('',(-0.809016994375,0.587785252292));
#2677 = ( GEOMETRIC_REPRESENTATION_CONTEXT(2) 
PARAMETRIC_REPRESENTATION_CONTEXT() REPRESENTATION_CONTEXT('2D SPACE',''
  ) );
#2678 = FACE_BOUND('',#2679,.T.);
#2679 = EDGE_LOOP('',(#2680,#2708,#2737,#2758));
#2680 = ORIENTED_EDGE('',*,*,#2681,.F.);
#2681 = EDGE_CURVE('',#2682,#2684,#2686,.T.);
#2682 = VERTEX_POINT('',#2683);
#2683 = CARTESIAN_POINT('',(-6.819162677401,-8.631281502716,2.3));
#2684 = VERTEX_POINT('',#2685);
#2685 = CARTESIAN_POINT('',(-6.819162677401,-8.631281502716,13.3));
#2686 = SURFACE_CURVE('',#2687,(#2691,#2697),.PCURVE_S1.);
#2687 = LINE('',#2688,#2689);
#2688 = CARTESIAN_POINT('',(-6.819162677401,-8.631281502716,0.));
#2689 = VECTOR('',#2690,1.);
#2690 = DIRECTION('',(0.,0.,1.));
#2691 = PCURVE('',#33,#2692);
#2692 = DEFINITIONAL_REPRESENTATION('',(#2693),#2696);
#2693 = B_SPLINE_CURVE_WITH_KNOTS('',1,(#2694,#2695),.UNSPECIFIED.,.F.,
  .F.,(2,2),(2.2999994,13.3000006),.PIECEWISE_BEZIER_KNOTS.);
#2694 = CARTESIAN_POINT('',(4.04374329113,2.2999994));
#2695 = CARTESIAN_POINT('',(4.04374329113,13.3000006));
#2696 = ( GEOMETRIC_REPRESENTATION_CONTEXT(2) 
PARAMETRIC_REPRESENTATION_CONTEXT() REPRESENTATION_CONTEXT('2D SPACE',''
  ) );
#2697 = PCURVE('',#2698,#2703);
#2698 = CYLINDRICAL_SURFACE('',#2699,0.8);
#2699 = AXIS2_PLACEMENT_3D('',#2700,#2701,#2702);
#2700 = CARTESIAN_POINT('',(-7.594632382173,-8.434693769168,2.3));
#2701 = DIRECTION('',(0.,0.,1.));
#2702 = DIRECTION('',(-0.669130606359,-0.743144825477,0.));
#2703 = DEFINITIONAL_REPRESENTATION('',(#2704),#2707);
#2704 = B_SPLINE_CURVE_WITH_KNOTS('',1,(#2705,#2706),.UNSPECIFIED.,.F.,
  .F.,(2,2),(2.2999994,13.3000006),.PIECEWISE_BEZIER_KNOTS.);
#2705 = CARTESIAN_POINT('',(2.055557086299,-5.999999999062E-07));
#2706 = CARTESIAN_POINT('',(2.055557086299,11.0000006));
#2707 = ( GEOMETRIC_REPRESENTATION_CONTEXT(2) 
PARAMETRIC_REPRESENTATION_CONTEXT() REPRESENTATION_CONTEXT('2D SPACE',''
  ) );
#2708 = ORIENTED_EDGE('',*,*,#2709,.F.);
#2709 = EDGE_CURVE('',#2710,#2682,#2712,.T.);
#2710 = VERTEX_POINT('',#2711);
#2711 = CARTESIAN_POINT('',(-7.871201844098,-7.684021182263,2.3));
#2712 = SURFACE_CURVE('',#2713,(#2718,#2725),.PCURVE_S1.);
#2713 = CIRCLE('',#2714,11.);
#2714 = AXIS2_PLACEMENT_3D('',#2715,#2716,#2717);
#2715 = CARTESIAN_POINT('',(0.,0.,2.3));
#2716 = DIRECTION('',(0.,0.,1.));
#2717 = DIRECTION('',(1.,0.,-0.));
#2718 = PCURVE('',#33,#2719);
#2719 = DEFINITIONAL_REPRESENTATION('',(#2720),#2724);
#2720 = LINE('',#2721,#2722);
#2721 = CARTESIAN_POINT('',(0.,2.3));
#2722 = VECTOR('',#2723,1.);
#2723 = DIRECTION('',(1.,0.));
#2724 = ( GEOMETRIC_REPRESENTATION_CONTEXT(2) 
PARAMETRIC_REPRESENTATION_CONTEXT() REPRESENTATION_CONTEXT('2D SPACE',''
  ) );
#2725 = PCURVE('',#2726,#2731);
#2726 = PLANE('',#2727);
#2727 = AXIS2_PLACEMENT_3D('',#2728,#2729,#2730);
#2728 = CARTESIAN_POINT('',(-7.594632382173,-8.434693769168,2.3));
#2729 = DIRECTION('',(0.,0.,1.));
#2730 = DIRECTION('',(-0.669130606359,-0.743144825477,0.));
#2731 = DEFINITIONAL_REPRESENTATION('',(#2732),#2736);
#2732 = CIRCLE('',#2733,11.);
#2733 = AXIS2_PLACEMENT_2D('',#2734,#2735);
#2734 = CARTESIAN_POINT('',(-11.35,-3.596421673131E-16));
#2735 = DIRECTION('',(-0.669130606359,0.743144825477));
#2736 = ( GEOMETRIC_REPRESENTATION_CONTEXT(2) 
PARAMETRIC_REPRESENTATION_CONTEXT() REPRESENTATION_CONTEXT('2D SPACE',''
  ) );
#2737 = ORIENTED_EDGE('',*,*,#2738,.T.);
#2738 = EDGE_CURVE('',#2710,#2739,#2741,.T.);
#2739 = VERTEX_POINT('',#2740);
#2740 = CARTESIAN_POINT('',(-7.871201844098,-7.684021182263,13.3));
#2741 = SURFACE_CURVE('',#2742,(#2746,#2752),.PCURVE_S1.);
#2742 = LINE('',#2743,#2744);
#2743 = CARTESIAN_POINT('',(-7.871201844098,-7.684021182263,0.));
#2744 = VECTOR('',#2745,1.);
#2745 = DIRECTION('',(0.,0.,1.));
#2746 = PCURVE('',#33,#2747);
#2747 = DEFINITIONAL_REPRESENTATION('',(#2748),#2751);
#2748 = B_SPLINE_CURVE_WITH_KNOTS('',1,(#2749,#2750),.UNSPECIFIED.,.F.,
  .F.,(2,2),(2.2999994,13.3000006),.PIECEWISE_BEZIER_KNOTS.);
#2749 = CARTESIAN_POINT('',(3.914958097964,2.2999994));
#2750 = CARTESIAN_POINT('',(3.914958097964,13.3000006));
#2751 = ( GEOMETRIC_REPRESENTATION_CONTEXT(2) 
PARAMETRIC_REPRESENTATION_CONTEXT() REPRESENTATION_CONTEXT('2D SPACE',''
  ) );
#2752 = PCURVE('',#2698,#2753);
#2753 = DEFINITIONAL_REPRESENTATION('',(#2754),#2757);
#2754 = B_SPLINE_CURVE_WITH_KNOTS('',1,(#2755,#2756),.UNSPECIFIED.,.F.,
  .F.,(2,2),(2.2999994,13.3000006),.PIECEWISE_BEZIER_KNOTS.);
#2755 = CARTESIAN_POINT('',(4.227628220881,-5.999999999062E-07));
#2756 = CARTESIAN_POINT('',(4.227628220881,11.0000006));
#2757 = ( GEOMETRIC_REPRESENTATION_CONTEXT(2) 
PARAMETRIC_REPRESENTATION_CONTEXT() REPRESENTATION_CONTEXT('2D SPACE',''
  ) );
#2758 = ORIENTED_EDGE('',*,*,#2759,.T.);
#2759 = EDGE_CURVE('',#2739,#2684,#2760,.T.);
#2760 = SURFACE_CURVE('',#2761,(#2766,#2773),.PCURVE_S1.);
#2761 = CIRCLE('',#2762,11.);
#2762 = AXIS2_PLACEMENT_3D('',#2763,#2764,#2765);
#2763 = CARTESIAN_POINT('',(0.,0.,13.3));
#2764 = DIRECTION('',(0.,0.,1.));
#2765 = DIRECTION('',(1.,0.,-0.));
#2766 = PCURVE('',#33,#2767);
#2767 = DEFINITIONAL_REPRESENTATION('',(#2768),#2772);
#2768 = LINE('',#2769,#2770);
#2769 = CARTESIAN_POINT('',(0.,13.3));
#2770 = VECTOR('',#2771,1.);
#2771 = DIRECTION('',(1.,0.));
#2772 = ( GEOMETRIC_REPRESENTATION_CONTEXT(2) 
PARAMETRIC_REPRESENTATION_CONTEXT() REPRESENTATION_CONTEXT('2D SPACE',''
  ) );
#2773 = PCURVE('',#2774,#2779);
#2774 = PLANE('',#2775);
#2775 = AXIS2_PLACEMENT_3D('',#2776,#2777,#2778);
#2776 = CARTESIAN_POINT('',(-7.594632382173,-8.434693769168,13.3));
#2777 = DIRECTION('',(0.,0.,1.));
#2778 = DIRECTION('',(-0.669130606359,-0.743144825477,0.));
#2779 = DEFINITIONAL_REPRESENTATION('',(#2780),#2784);
#2780 = CIRCLE('',#2781,11.);
#2781 = AXIS2_PLACEMENT_2D('',#2782,#2783);
#2782 = CARTESIAN_POINT('',(-11.35,-3.596421673131E-16));
#2783 = DIRECTION('',(-0.669130606359,0.743144825477));
#2784 = ( GEOMETRIC_REPRESENTATION_CONTEXT(2) 
PARAMETRIC_REPRESENTATION_CONTEXT() REPRESENTATION_CONTEXT('2D SPACE',''
  ) );
#2785 = FACE_BOUND('',#2786,.T.);
#2786 = EDGE_LOOP('',(#2787,#2815,#2844,#2865));
#2787 = ORIENTED_EDGE('',*,*,#2788,.F.);
#2788 = EDGE_CURVE('',#2789,#2791,#2793,.T.);
#2789 = VERTEX_POINT('',#2790);
#2790 = CARTESIAN_POINT('',(-4.87560328076,-9.86045093536,2.3));
#2791 = VERTEX_POINT('',#2792);
#2792 = CARTESIAN_POINT('',(-4.87560328076,-9.86045093536,13.3));
#2793 = SURFACE_CURVE('',#2794,(#2798,#2804),.PCURVE_S1.);
#2794 = LINE('',#2795,#2796);
#2795 = CARTESIAN_POINT('',(-4.87560328076,-9.86045093536,0.));
#2796 = VECTOR('',#2797,1.);
#2797 = DIRECTION('',(0.,0.,1.));
#2798 = PCURVE('',#33,#2799);
#2799 = DEFINITIONAL_REPRESENTATION('',(#2800),#2803);
#2800 = B_SPLINE_CURVE_WITH_KNOTS('',1,(#2801,#2802),.UNSPECIFIED.,.F.,
  .F.,(2,2),(2.2999994,13.3000006),.PIECEWISE_BEZIER_KNOTS.);
#2801 = CARTESIAN_POINT('',(4.253182801369,2.2999994));
#2802 = CARTESIAN_POINT('',(4.253182801369,13.3000006));
#2803 = ( GEOMETRIC_REPRESENTATION_CONTEXT(2) 
PARAMETRIC_REPRESENTATION_CONTEXT() REPRESENTATION_CONTEXT('2D SPACE',''
  ) );
#2804 = PCURVE('',#2805,#2810);
#2805 = CYLINDRICAL_SURFACE('',#2806,0.8);
#2806 = AXIS2_PLACEMENT_3D('',#2807,#2808,#2809);
#2807 = CARTESIAN_POINT('',(-5.675,-9.829388332953,2.3));
#2808 = DIRECTION('',(0.,0.,1.));
#2809 = DIRECTION('',(-0.5,-0.866025403784,0.));
#2810 = DEFINITIONAL_REPRESENTATION('',(#2811),#2814);
#2811 = B_SPLINE_CURVE_WITH_KNOTS('',1,(#2812,#2813),.UNSPECIFIED.,.F.,
  .F.,(2,2),(2.2999994,13.3000006),.PIECEWISE_BEZIER_KNOTS.);
#2812 = CARTESIAN_POINT('',(2.055557086299,-5.999999999062E-07));
#2813 = CARTESIAN_POINT('',(2.055557086299,11.0000006));
#2814 = ( GEOMETRIC_REPRESENTATION_CONTEXT(2) 
PARAMETRIC_REPRESENTATION_CONTEXT() REPRESENTATION_CONTEXT('2D SPACE',''
  ) );
#2815 = ORIENTED_EDGE('',*,*,#2816,.F.);
#2816 = EDGE_CURVE('',#2817,#2789,#2819,.T.);
#2817 = VERTEX_POINT('',#2818);
#2818 = CARTESIAN_POINT('',(-6.101599362412,-9.152621767593,2.3));
#2819 = SURFACE_CURVE('',#2820,(#2825,#2832),.PCURVE_S1.);
#2820 = CIRCLE('',#2821,11.);
#2821 = AXIS2_PLACEMENT_3D('',#2822,#2823,#2824);
#2822 = CARTESIAN_POINT('',(0.,0.,2.3));
#2823 = DIRECTION('',(0.,0.,1.));
#2824 = DIRECTION('',(1.,0.,-0.));
#2825 = PCURVE('',#33,#2826);
#2826 = DEFINITIONAL_REPRESENTATION('',(#2827),#2831);
#2827 = LINE('',#2828,#2829);
#2828 = CARTESIAN_POINT('',(0.,2.3));
#2829 = VECTOR('',#2830,1.);
#2830 = DIRECTION('',(1.,0.));
#2831 = ( GEOMETRIC_REPRESENTATION_CONTEXT(2) 
PARAMETRIC_REPRESENTATION_CONTEXT() REPRESENTATION_CONTEXT('2D SPACE',''
  ) );
#2832 = PCURVE('',#2833,#2838);
#2833 = PLANE('',#2834);
#2834 = AXIS2_PLACEMENT_3D('',#2835,#2836,#2837);
#2835 = CARTESIAN_POINT('',(-5.675,-9.829388332953,2.3));
#2836 = DIRECTION('',(0.,0.,1.));
#2837 = DIRECTION('',(-0.5,-0.866025403784,0.));
#2838 = DEFINITIONAL_REPRESENTATION('',(#2839),#2843);
#2839 = CIRCLE('',#2840,11.);
#2840 = AXIS2_PLACEMENT_2D('',#2841,#2842);
#2841 = CARTESIAN_POINT('',(-11.35,-4.358769961886E-16));
#2842 = DIRECTION('',(-0.5,0.866025403784));
#2843 = ( GEOMETRIC_REPRESENTATION_CONTEXT(2) 
PARAMETRIC_REPRESENTATION_CONTEXT() REPRESENTATION_CONTEXT('2D SPACE',''
  ) );
#2844 = ORIENTED_EDGE('',*,*,#2845,.T.);
#2845 = EDGE_CURVE('',#2817,#2846,#2848,.T.);
#2846 = VERTEX_POINT('',#2847);
#2847 = CARTESIAN_POINT('',(-6.101599362412,-9.152621767593,13.3));
#2848 = SURFACE_CURVE('',#2849,(#2853,#2859),.PCURVE_S1.);
#2849 = LINE('',#2850,#2851);
#2850 = CARTESIAN_POINT('',(-6.101599362412,-9.152621767593,0.));
#2851 = VECTOR('',#2852,1.);
#2852 = DIRECTION('',(0.,0.,1.));
#2853 = PCURVE('',#33,#2854);
#2854 = DEFINITIONAL_REPRESENTATION('',(#2855),#2858);
#2855 = B_SPLINE_CURVE_WITH_KNOTS('',1,(#2856,#2857),.UNSPECIFIED.,.F.,
  .F.,(2,2),(2.2999994,13.3000006),.PIECEWISE_BEZIER_KNOTS.);
#2856 = CARTESIAN_POINT('',(4.124397608204,2.2999994));
#2857 = CARTESIAN_POINT('',(4.124397608204,13.3000006));
#2858 = ( GEOMETRIC_REPRESENTATION_CONTEXT(2) 
PARAMETRIC_REPRESENTATION_CONTEXT() REPRESENTATION_CONTEXT('2D SPACE',''
  ) );
#2859 = PCURVE('',#2805,#2860);
#2860 = DEFINITIONAL_REPRESENTATION('',(#2861),#2864);
#2861 = B_SPLINE_CURVE_WITH_KNOTS('',1,(#2862,#2863),.UNSPECIFIED.,.F.,
  .F.,(2,2),(2.2999994,13.3000006),.PIECEWISE_BEZIER_KNOTS.);
#2862 = CARTESIAN_POINT('',(4.227628220881,-5.999999999062E-07));
#2863 = CARTESIAN_POINT('',(4.227628220881,11.0000006));
#2864 = ( GEOMETRIC_REPRESENTATION_CONTEXT(2) 
PARAMETRIC_REPRESENTATION_CONTEXT() REPRESENTATION_CONTEXT('2D SPACE',''
  ) );
#2865 = ORIENTED_EDGE('',*,*,#2866,.T.);
#2866 = EDGE_CURVE('',#2846,#2791,#2867,.T.);
#2867 = SURFACE_CURVE('',#2868,(#2873,#2880),.PCURVE_S1.);
#2868 = CIRCLE('',#2869,11.);
#2869 = AXIS2_PLACEMENT_3D('',#2870,#2871,#2872);
#2870 = CARTESIAN_POINT('',(0.,0.,13.3));
#2871 = DIRECTION('',(0.,0.,1.));
#2872 = DIRECTION('',(1.,0.,-0.));
#2873 = PCURVE('',#33,#2874);
#2874 = DEFINITIONAL_REPRESENTATION('',(#2875),#2879);
#2875 = LINE('',#2876,#2877);
#2876 = CARTESIAN_POINT('',(0.,13.3));
#2877 = VECTOR('',#2878,1.);
#2878 = DIRECTION('',(1.,0.));
#2879 = ( GEOMETRIC_REPRESENTATION_CONTEXT(2) 
PARAMETRIC_REPRESENTATION_CONTEXT() REPRESENTATION_CONTEXT('2D SPACE',''
  ) );
#2880 = PCURVE('',#2881,#2886);
#2881 = PLANE('',#2882);
#2882 = AXIS2_PLACEMENT_3D('',#2883,#2884,#2885);
#2883 = CARTESIAN_POINT('',(-5.675,-9.829388332953,13.3));
#2884 = DIRECTION('',(0.,0.,1.));
#2885 = DIRECTION('',(-0.5,-0.866025403784,0.));
#2886 = DEFINITIONAL_REPRESENTATION('',(#2887),#2891);
#2887 = CIRCLE('',#2888,11.);
#2888 = AXIS2_PLACEMENT_2D('',#2889,#2890);
#2889 = CARTESIAN_POINT('',(-11.35,-4.358769961886E-16));
#2890 = DIRECTION('',(-0.5,0.866025403784));
#2891 = ( GEOMETRIC_REPRESENTATION_CONTEXT(2) 
PARAMETRIC_REPRESENTATION_CONTEXT() REPRESENTATION_CONTEXT('2D SPACE',''
  ) );
#2892 = FACE_BOUND('',#2893,.T.);
#2893 = EDGE_LOOP('',(#2894,#2922,#2951,#2972));
#2894 = ORIENTED_EDGE('',*,*,#2895,.F.);
#2895 = EDGE_CURVE('',#2896,#2898,#2900,.T.);
#2896 = VERTEX_POINT('',#2897);
#2897 = CARTESIAN_POINT('',(-2.718956625009,-10.65867134643,2.3));
#2898 = VERTEX_POINT('',#2899);
#2899 = CARTESIAN_POINT('',(-2.718956625009,-10.65867134643,13.3));
#2900 = SURFACE_CURVE('',#2901,(#2905,#2911),.PCURVE_S1.);
#2901 = LINE('',#2902,#2903);
#2902 = CARTESIAN_POINT('',(-2.718956625009,-10.65867134643,0.));
#2903 = VECTOR('',#2904,1.);
#2904 = DIRECTION('',(0.,0.,1.));
#2905 = PCURVE('',#33,#2906);
#2906 = DEFINITIONAL_REPRESENTATION('',(#2907),#2910);
#2907 = B_SPLINE_CURVE_WITH_KNOTS('',1,(#2908,#2909),.UNSPECIFIED.,.F.,
  .F.,(2,2),(2.2999994,13.3000006),.PIECEWISE_BEZIER_KNOTS.);
#2908 = CARTESIAN_POINT('',(4.462622311608,2.2999994));
#2909 = CARTESIAN_POINT('',(4.462622311608,13.3000006));
#2910 = ( GEOMETRIC_REPRESENTATION_CONTEXT(2) 
PARAMETRIC_REPRESENTATION_CONTEXT() REPRESENTATION_CONTEXT('2D SPACE',''
  ) );
#2911 = PCURVE('',#2912,#2917);
#2912 = CYLINDRICAL_SURFACE('',#2913,0.8);
#2913 = AXIS2_PLACEMENT_3D('',#2914,#2915,#2916);
#2914 = CARTESIAN_POINT('',(-3.507342886156,-10.79449145995,2.3));
#2915 = DIRECTION('',(0.,0.,1.));
#2916 = DIRECTION('',(-0.309016994375,-0.951056516295,0.));
#2917 = DEFINITIONAL_REPRESENTATION('',(#2918),#2921);
#2918 = B_SPLINE_CURVE_WITH_KNOTS('',1,(#2919,#2920),.UNSPECIFIED.,.F.,
  .F.,(2,2),(2.2999994,13.3000006),.PIECEWISE_BEZIER_KNOTS.);
#2919 = CARTESIAN_POINT('',(2.055557086299,-5.999999999062E-07));
#2920 = CARTESIAN_POINT('',(2.055557086299,11.0000006));
#2921 = ( GEOMETRIC_REPRESENTATION_CONTEXT(2) 
PARAMETRIC_REPRESENTATION_CONTEXT() REPRESENTATION_CONTEXT('2D SPACE',''
  ) );
#2922 = ORIENTED_EDGE('',*,*,#2923,.F.);
#2923 = EDGE_CURVE('',#2924,#2896,#2926,.T.);
#2924 = VERTEX_POINT('',#2925);
#2925 = CARTESIAN_POINT('',(-4.065327709866,-10.22120886252,2.3));
#2926 = SURFACE_CURVE('',#2927,(#2932,#2939),.PCURVE_S1.);
#2927 = CIRCLE('',#2928,11.);
#2928 = AXIS2_PLACEMENT_3D('',#2929,#2930,#2931);
#2929 = CARTESIAN_POINT('',(0.,0.,2.3));
#2930 = DIRECTION('',(0.,0.,1.));
#2931 = DIRECTION('',(1.,0.,-0.));
#2932 = PCURVE('',#33,#2933);
#2933 = DEFINITIONAL_REPRESENTATION('',(#2934),#2938);
#2934 = LINE('',#2935,#2936);
#2935 = CARTESIAN_POINT('',(0.,2.3));
#2936 = VECTOR('',#2937,1.);
#2937 = DIRECTION('',(1.,0.));
#2938 = ( GEOMETRIC_REPRESENTATION_CONTEXT(2) 
PARAMETRIC_REPRESENTATION_CONTEXT() REPRESENTATION_CONTEXT('2D SPACE',''
  ) );
#2939 = PCURVE('',#2940,#2945);
#2940 = PLANE('',#2941);
#2941 = AXIS2_PLACEMENT_3D('',#2942,#2943,#2944);
#2942 = CARTESIAN_POINT('',(-3.507342886156,-10.79449145995,2.3));
#2943 = DIRECTION('',(0.,0.,1.));
#2944 = DIRECTION('',(-0.309016994375,-0.951056516295,0.));
#2945 = DEFINITIONAL_REPRESENTATION('',(#2946),#2950);
#2946 = CIRCLE('',#2947,11.);
#2947 = AXIS2_PLACEMENT_2D('',#2948,#2949);
#2948 = CARTESIAN_POINT('',(-11.35,-2.020872869788E-16));
#2949 = DIRECTION('',(-0.309016994375,0.951056516295));
#2950 = ( GEOMETRIC_REPRESENTATION_CONTEXT(2) 
PARAMETRIC_REPRESENTATION_CONTEXT() REPRESENTATION_CONTEXT('2D SPACE',''
  ) );
#2951 = ORIENTED_EDGE('',*,*,#2952,.T.);
#2952 = EDGE_CURVE('',#2924,#2953,#2955,.T.);
#2953 = VERTEX_POINT('',#2954);
#2954 = CARTESIAN_POINT('',(-4.065327709866,-10.22120886252,13.3));
#2955 = SURFACE_CURVE('',#2956,(#2960,#2966),.PCURVE_S1.);
#2956 = LINE('',#2957,#2958);
#2957 = CARTESIAN_POINT('',(-4.065327709866,-10.22120886252,0.));
#2958 = VECTOR('',#2959,1.);
#2959 = DIRECTION('',(0.,0.,1.));
#2960 = PCURVE('',#33,#2961);
#2961 = DEFINITIONAL_REPRESENTATION('',(#2962),#2965);
#2962 = B_SPLINE_CURVE_WITH_KNOTS('',1,(#2963,#2964),.UNSPECIFIED.,.F.,
  .F.,(2,2),(2.2999994,13.3000006),.PIECEWISE_BEZIER_KNOTS.);
#2963 = CARTESIAN_POINT('',(4.333837118443,2.2999994));
#2964 = CARTESIAN_POINT('',(4.333837118443,13.3000006));
#2965 = ( GEOMETRIC_REPRESENTATION_CONTEXT(2) 
PARAMETRIC_REPRESENTATION_CONTEXT() REPRESENTATION_CONTEXT('2D SPACE',''
  ) );
#2966 = PCURVE('',#2912,#2967);
#2967 = DEFINITIONAL_REPRESENTATION('',(#2968),#2971);
#2968 = B_SPLINE_CURVE_WITH_KNOTS('',1,(#2969,#2970),.UNSPECIFIED.,.F.,
  .F.,(2,2),(2.2999994,13.3000006),.PIECEWISE_BEZIER_KNOTS.);
#2969 = CARTESIAN_POINT('',(4.227628220881,-5.999999999062E-07));
#2970 = CARTESIAN_POINT('',(4.227628220881,11.0000006));
#2971 = ( GEOMETRIC_REPRESENTATION_CONTEXT(2) 
PARAMETRIC_REPRESENTATION_CONTEXT() REPRESENTATION_CONTEXT('2D SPACE',''
  ) );
#2972 = ORIENTED_EDGE('',*,*,#2973,.T.);
#2973 = EDGE_CURVE('',#2953,#2898,#2974,.T.);
#2974 = SURFACE_CURVE('',#2975,(#2980,#2987),.PCURVE_S1.);
#2975 = CIRCLE('',#2976,11.);
#2976 = AXIS2_PLACEMENT_3D('',#2977,#2978,#2979);
#2977 = CARTESIAN_POINT('',(0.,0.,13.3));
#2978 = DIRECTION('',(0.,0.,1.));
#2979 = DIRECTION('',(1.,0.,-0.));
#2980 = PCURVE('',#33,#2981);
#2981 = DEFINITIONAL_REPRESENTATION('',(#2982),#2986);
#2982 = LINE('',#2983,#2984);
#2983 = CARTESIAN_POINT('',(0.,13.3));
#2984 = VECTOR('',#2985,1.);
#2985 = DIRECTION('',(1.,0.));
#2986 = ( GEOMETRIC_REPRESENTATION_CONTEXT(2) 
PARAMETRIC_REPRESENTATION_CONTEXT() REPRESENTATION_CONTEXT('2D SPACE',''
  ) );
#2987 = PCURVE('',#2988,#2993);
#2988 = PLANE('',#2989);
#2989 = AXIS2_PLACEMENT_3D('',#2990,#2991,#2992);
#2990 = CARTESIAN_POINT('',(-3.507342886156,-10.79449145995,13.3));
#2991 = DIRECTION('',(0.,0.,1.));
#2992 = DIRECTION('',(-0.309016994375,-0.951056516295,0.));
#2993 = DEFINITIONAL_REPRESENTATION('',(#2994),#2998);
#2994 = CIRCLE('',#2995,11.);
#2995 = AXIS2_PLACEMENT_2D('',#2996,#2997);
#2996 = CARTESIAN_POINT('',(-11.35,-2.020872869788E-16));
#2997 = DIRECTION('',(-0.309016994375,0.951056516295));
#2998 = ( GEOMETRIC_REPRESENTATION_CONTEXT(2) 
PARAMETRIC_REPRESENTATION_CONTEXT() REPRESENTATION_CONTEXT('2D SPACE',''
  ) );
#2999 = FACE_BOUND('',#3000,.T.);
#3000 = EDGE_LOOP('',(#3001,#3029,#3058,#3079));
#3001 = ORIENTED_EDGE('',*,*,#3002,.F.);
#3002 = EDGE_CURVE('',#3003,#3005,#3007,.T.);
#3003 = VERTEX_POINT('',#3004);
#3004 = CARTESIAN_POINT('',(-0.443478517744,-10.99105667369,2.3));
#3005 = VERTEX_POINT('',#3006);
#3006 = CARTESIAN_POINT('',(-0.443478517744,-10.99105667369,13.3));
#3007 = SURFACE_CURVE('',#3008,(#3012,#3018),.PCURVE_S1.);
#3008 = LINE('',#3009,#3010);
#3009 = CARTESIAN_POINT('',(-0.443478517744,-10.99105667369,0.));
#3010 = VECTOR('',#3011,1.);
#3011 = DIRECTION('',(0.,0.,1.));
#3012 = PCURVE('',#33,#3013);
#3013 = DEFINITIONAL_REPRESENTATION('',(#3014),#3017);
#3014 = B_SPLINE_CURVE_WITH_KNOTS('',1,(#3015,#3016),.UNSPECIFIED.,.F.,
  .F.,(2,2),(2.2999994,13.3000006),.PIECEWISE_BEZIER_KNOTS.);
#3015 = CARTESIAN_POINT('',(4.672061821848,2.2999994));
#3016 = CARTESIAN_POINT('',(4.672061821848,13.3000006));
#3017 = ( GEOMETRIC_REPRESENTATION_CONTEXT(2) 
PARAMETRIC_REPRESENTATION_CONTEXT() REPRESENTATION_CONTEXT('2D SPACE',''
  ) );
#3018 = PCURVE('',#3019,#3024);
#3019 = CYLINDRICAL_SURFACE('',#3020,0.8);
#3020 = AXIS2_PLACEMENT_3D('',#3021,#3022,#3023);
#3021 = CARTESIAN_POINT('',(-1.186398058088,-11.28782351243,2.3));
#3022 = DIRECTION('',(0.,0.,1.));
#3023 = DIRECTION('',(-0.104528463268,-0.994521895368,0.));
#3024 = DEFINITIONAL_REPRESENTATION('',(#3025),#3028);
#3025 = B_SPLINE_CURVE_WITH_KNOTS('',1,(#3026,#3027),.UNSPECIFIED.,.F.,
  .F.,(2,2),(2.2999994,13.3000006),.PIECEWISE_BEZIER_KNOTS.);
#3026 = CARTESIAN_POINT('',(2.055557086299,-5.999999999062E-07));
#3027 = CARTESIAN_POINT('',(2.055557086299,11.0000006));
#3028 = ( GEOMETRIC_REPRESENTATION_CONTEXT(2) 
PARAMETRIC_REPRESENTATION_CONTEXT() REPRESENTATION_CONTEXT('2D SPACE',''
  ) );
#3029 = ORIENTED_EDGE('',*,*,#3030,.F.);
#3030 = EDGE_CURVE('',#3031,#3003,#3033,.T.);
#3031 = VERTEX_POINT('',#3032);
#3032 = CARTESIAN_POINT('',(-1.851381728793,-10.84308008336,2.3));
#3033 = SURFACE_CURVE('',#3034,(#3039,#3046),.PCURVE_S1.);
#3034 = CIRCLE('',#3035,11.);
#3035 = AXIS2_PLACEMENT_3D('',#3036,#3037,#3038);
#3036 = CARTESIAN_POINT('',(0.,0.,2.3));
#3037 = DIRECTION('',(0.,0.,1.));
#3038 = DIRECTION('',(1.,0.,-0.));
#3039 = PCURVE('',#33,#3040);
#3040 = DEFINITIONAL_REPRESENTATION('',(#3041),#3045);
#3041 = LINE('',#3042,#3043);
#3042 = CARTESIAN_POINT('',(0.,2.3));
#3043 = VECTOR('',#3044,1.);
#3044 = DIRECTION('',(1.,0.));
#3045 = ( GEOMETRIC_REPRESENTATION_CONTEXT(2) 
PARAMETRIC_REPRESENTATION_CONTEXT() REPRESENTATION_CONTEXT('2D SPACE',''
  ) );
#3046 = PCURVE('',#3047,#3052);
#3047 = PLANE('',#3048);
#3048 = AXIS2_PLACEMENT_3D('',#3049,#3050,#3051);
#3049 = CARTESIAN_POINT('',(-1.186398058088,-11.28782351243,2.3));
#3050 = DIRECTION('',(0.,0.,1.));
#3051 = DIRECTION('',(-0.104528463268,-0.994521895368,0.));
#3052 = DEFINITIONAL_REPRESENTATION('',(#3053),#3057);
#3053 = CIRCLE('',#3054,11.);
#3054 = AXIS2_PLACEMENT_2D('',#3055,#3056);
#3055 = CARTESIAN_POINT('',(-11.35,5.625204906374E-17));
#3056 = DIRECTION('',(-0.104528463268,0.994521895368));
#3057 = ( GEOMETRIC_REPRESENTATION_CONTEXT(2) 
PARAMETRIC_REPRESENTATION_CONTEXT() REPRESENTATION_CONTEXT('2D SPACE',''
  ) );
#3058 = ORIENTED_EDGE('',*,*,#3059,.T.);
#3059 = EDGE_CURVE('',#3031,#3060,#3062,.T.);
#3060 = VERTEX_POINT('',#3061);
#3061 = CARTESIAN_POINT('',(-1.851381728793,-10.84308008336,13.3));
#3062 = SURFACE_CURVE('',#3063,(#3067,#3073),.PCURVE_S1.);
#3063 = LINE('',#3064,#3065);
#3064 = CARTESIAN_POINT('',(-1.851381728793,-10.84308008336,0.));
#3065 = VECTOR('',#3066,1.);
#3066 = DIRECTION('',(0.,0.,1.));
#3067 = PCURVE('',#33,#3068);
#3068 = DEFINITIONAL_REPRESENTATION('',(#3069),#3072);
#3069 = B_SPLINE_CURVE_WITH_KNOTS('',1,(#3070,#3071),.UNSPECIFIED.,.F.,
  .F.,(2,2),(2.2999994,13.3000006),.PIECEWISE_BEZIER_KNOTS.);
#3070 = CARTESIAN_POINT('',(4.543276628682,2.2999994));
#3071 = CARTESIAN_POINT('',(4.543276628682,13.3000006));
#3072 = ( GEOMETRIC_REPRESENTATION_CONTEXT(2) 
PARAMETRIC_REPRESENTATION_CONTEXT() REPRESENTATION_CONTEXT('2D SPACE',''
  ) );
#3073 = PCURVE('',#3019,#3074);
#3074 = DEFINITIONAL_REPRESENTATION('',(#3075),#3078);
#3075 = B_SPLINE_CURVE_WITH_KNOTS('',1,(#3076,#3077),.UNSPECIFIED.,.F.,
  .F.,(2,2),(2.2999994,13.3000006),.PIECEWISE_BEZIER_KNOTS.);
#3076 = CARTESIAN_POINT('',(4.227628220881,-5.999999999062E-07));
#3077 = CARTESIAN_POINT('',(4.227628220881,11.0000006));
#3078 = ( GEOMETRIC_REPRESENTATION_CONTEXT(2) 
PARAMETRIC_REPRESENTATION_CONTEXT() REPRESENTATION_CONTEXT('2D SPACE',''
  ) );
#3079 = ORIENTED_EDGE('',*,*,#3080,.T.);
#3080 = EDGE_CURVE('',#3060,#3005,#3081,.T.);
#3081 = SURFACE_CURVE('',#3082,(#3087,#3094),.PCURVE_S1.);
#3082 = CIRCLE('',#3083,11.);
#3083 = AXIS2_PLACEMENT_3D('',#3084,#3085,#3086);
#3084 = CARTESIAN_POINT('',(0.,0.,13.3));
#3085 = DIRECTION('',(0.,0.,1.));
#3086 = DIRECTION('',(1.,0.,-0.));
#3087 = PCURVE('',#33,#3088);
#3088 = DEFINITIONAL_REPRESENTATION('',(#3089),#3093);
#3089 = LINE('',#3090,#3091);
#3090 = CARTESIAN_POINT('',(0.,13.3));
#3091 = VECTOR('',#3092,1.);
#3092 = DIRECTION('',(1.,0.));
#3093 = ( GEOMETRIC_REPRESENTATION_CONTEXT(2) 
PARAMETRIC_REPRESENTATION_CONTEXT() REPRESENTATION_CONTEXT('2D SPACE',''
  ) );
#3094 = PCURVE('',#3095,#3100);
#3095 = PLANE('',#3096);
#3096 = AXIS2_PLACEMENT_3D('',#3097,#3098,#3099);
#3097 = CARTESIAN_POINT('',(-1.186398058088,-11.28782351243,13.3));
#3098 = DIRECTION('',(0.,0.,1.));
#3099 = DIRECTION('',(-0.104528463268,-0.994521895368,0.));
#3100 = DEFINITIONAL_REPRESENTATION('',(#3101),#3105);
#3101 = CIRCLE('',#3102,11.);
#3102 = AXIS2_PLACEMENT_2D('',#3103,#3104);
#3103 = CARTESIAN_POINT('',(-11.35,5.625204906374E-17));
#3104 = DIRECTION('',(-0.104528463268,0.994521895368));
#3105 = ( GEOMETRIC_REPRESENTATION_CONTEXT(2) 
PARAMETRIC_REPRESENTATION_CONTEXT() REPRESENTATION_CONTEXT('2D SPACE',''
  ) );
#3106 = FACE_BOUND('',#3107,.T.);
#3107 = EDGE_LOOP('',(#3108,#3136,#3165,#3186));
#3108 = ORIENTED_EDGE('',*,*,#3109,.F.);
#3109 = EDGE_CURVE('',#3110,#3112,#3114,.T.);
#3110 = VERTEX_POINT('',#3111);
#3111 = CARTESIAN_POINT('',(1.851381728793,-10.84308008336,2.3));
#3112 = VERTEX_POINT('',#3113);
#3113 = CARTESIAN_POINT('',(1.851381728793,-10.84308008336,13.3));
#3114 = SURFACE_CURVE('',#3115,(#3119,#3125),.PCURVE_S1.);
#3115 = LINE('',#3116,#3117);
#3116 = CARTESIAN_POINT('',(1.851381728793,-10.84308008336,0.));
#3117 = VECTOR('',#3118,1.);
#3118 = DIRECTION('',(0.,0.,1.));
#3119 = PCURVE('',#33,#3120);
#3120 = DEFINITIONAL_REPRESENTATION('',(#3121),#3124);
#3121 = B_SPLINE_CURVE_WITH_KNOTS('',1,(#3122,#3123),.UNSPECIFIED.,.F.,
  .F.,(2,2),(2.2999994,13.3000006),.PIECEWISE_BEZIER_KNOTS.);
#3122 = CARTESIAN_POINT('',(4.881501332087,2.2999994));
#3123 = CARTESIAN_POINT('',(4.881501332087,13.3000006));
#3124 = ( GEOMETRIC_REPRESENTATION_CONTEXT(2) 
PARAMETRIC_REPRESENTATION_CONTEXT() REPRESENTATION_CONTEXT('2D SPACE',''
  ) );
#3125 = PCURVE('',#3126,#3131);
#3126 = CYLINDRICAL_SURFACE('',#3127,0.8);
#3127 = AXIS2_PLACEMENT_3D('',#3128,#3129,#3130);
#3128 = CARTESIAN_POINT('',(1.186398058088,-11.28782351243,2.3));
#3129 = DIRECTION('',(0.,0.,1.));
#3130 = DIRECTION('',(0.104528463268,-0.994521895368,0.));
#3131 = DEFINITIONAL_REPRESENTATION('',(#3132),#3135);
#3132 = B_SPLINE_CURVE_WITH_KNOTS('',1,(#3133,#3134),.UNSPECIFIED.,.F.,
  .F.,(2,2),(2.2999994,13.3000006),.PIECEWISE_BEZIER_KNOTS.);
#3133 = CARTESIAN_POINT('',(2.055557086299,-5.999999999062E-07));
#3134 = CARTESIAN_POINT('',(2.055557086299,11.0000006));
#3135 = ( GEOMETRIC_REPRESENTATION_CONTEXT(2) 
PARAMETRIC_REPRESENTATION_CONTEXT() REPRESENTATION_CONTEXT('2D SPACE',''
  ) );
#3136 = ORIENTED_EDGE('',*,*,#3137,.F.);
#3137 = EDGE_CURVE('',#3138,#3110,#3140,.T.);
#3138 = VERTEX_POINT('',#3139);
#3139 = CARTESIAN_POINT('',(0.443478517744,-10.99105667369,2.3));
#3140 = SURFACE_CURVE('',#3141,(#3146,#3153),.PCURVE_S1.);
#3141 = CIRCLE('',#3142,11.);
#3142 = AXIS2_PLACEMENT_3D('',#3143,#3144,#3145);
#3143 = CARTESIAN_POINT('',(0.,0.,2.3));
#3144 = DIRECTION('',(0.,0.,1.));
#3145 = DIRECTION('',(1.,0.,-0.));
#3146 = PCURVE('',#33,#3147);
#3147 = DEFINITIONAL_REPRESENTATION('',(#3148),#3152);
#3148 = LINE('',#3149,#3150);
#3149 = CARTESIAN_POINT('',(0.,2.3));
#3150 = VECTOR('',#3151,1.);
#3151 = DIRECTION('',(1.,0.));
#3152 = ( GEOMETRIC_REPRESENTATION_CONTEXT(2) 
PARAMETRIC_REPRESENTATION_CONTEXT() REPRESENTATION_CONTEXT('2D SPACE',''
  ) );
#3153 = PCURVE('',#3154,#3159);
#3154 = PLANE('',#3155);
#3155 = AXIS2_PLACEMENT_3D('',#3156,#3157,#3158);
#3156 = CARTESIAN_POINT('',(1.186398058088,-11.28782351243,2.3));
#3157 = DIRECTION('',(0.,0.,1.));
#3158 = DIRECTION('',(0.104528463268,-0.994521895368,0.));
#3159 = DEFINITIONAL_REPRESENTATION('',(#3160),#3164);
#3160 = CIRCLE('',#3161,11.);
#3161 = AXIS2_PLACEMENT_2D('',#3162,#3163);
#3162 = CARTESIAN_POINT('',(-11.35,-9.760909073919E-17));
#3163 = DIRECTION('',(0.104528463268,0.994521895368));
#3164 = ( GEOMETRIC_REPRESENTATION_CONTEXT(2) 
PARAMETRIC_REPRESENTATION_CONTEXT() REPRESENTATION_CONTEXT('2D SPACE',''
  ) );
#3165 = ORIENTED_EDGE('',*,*,#3166,.T.);
#3166 = EDGE_CURVE('',#3138,#3167,#3169,.T.);
#3167 = VERTEX_POINT('',#3168);
#3168 = CARTESIAN_POINT('',(0.443478517744,-10.99105667369,13.3));
#3169 = SURFACE_CURVE('',#3170,(#3174,#3180),.PCURVE_S1.);
#3170 = LINE('',#3171,#3172);
#3171 = CARTESIAN_POINT('',(0.443478517744,-10.99105667369,0.));
#3172 = VECTOR('',#3173,1.);
#3173 = DIRECTION('',(0.,0.,1.));
#3174 = PCURVE('',#33,#3175);
#3175 = DEFINITIONAL_REPRESENTATION('',(#3176),#3179);
#3176 = B_SPLINE_CURVE_WITH_KNOTS('',1,(#3177,#3178),.UNSPECIFIED.,.F.,
  .F.,(2,2),(2.2999994,13.3000006),.PIECEWISE_BEZIER_KNOTS.);
#3177 = CARTESIAN_POINT('',(4.752716138922,2.2999994));
#3178 = CARTESIAN_POINT('',(4.752716138922,13.3000006));
#3179 = ( GEOMETRIC_REPRESENTATION_CONTEXT(2) 
PARAMETRIC_REPRESENTATION_CONTEXT() REPRESENTATION_CONTEXT('2D SPACE',''
  ) );
#3180 = PCURVE('',#3126,#3181);
#3181 = DEFINITIONAL_REPRESENTATION('',(#3182),#3185);
#3182 = B_SPLINE_CURVE_WITH_KNOTS('',1,(#3183,#3184),.UNSPECIFIED.,.F.,
  .F.,(2,2),(2.2999994,13.3000006),.PIECEWISE_BEZIER_KNOTS.);
#3183 = CARTESIAN_POINT('',(4.227628220881,-5.999999999062E-07));
#3184 = CARTESIAN_POINT('',(4.227628220881,11.0000006));
#3185 = ( GEOMETRIC_REPRESENTATION_CONTEXT(2) 
PARAMETRIC_REPRESENTATION_CONTEXT() REPRESENTATION_CONTEXT('2D SPACE',''
  ) );
#3186 = ORIENTED_EDGE('',*,*,#3187,.T.);
#3187 = EDGE_CURVE('',#3167,#3112,#3188,.T.);
#3188 = SURFACE_CURVE('',#3189,(#3194,#3201),.PCURVE_S1.);
#3189 = CIRCLE('',#3190,11.);
#3190 = AXIS2_PLACEMENT_3D('',#3191,#3192,#3193);
#3191 = CARTESIAN_POINT('',(0.,0.,13.3));
#3192 = DIRECTION('',(0.,0.,1.));
#3193 = DIRECTION('',(1.,0.,-0.));
#3194 = PCURVE('',#33,#3195);
#3195 = DEFINITIONAL_REPRESENTATION('',(#3196),#3200);
#3196 = LINE('',#3197,#3198);
#3197 = CARTESIAN_POINT('',(0.,13.3));
#3198 = VECTOR('',#3199,1.);
#3199 = DIRECTION('',(1.,0.));
#3200 = ( GEOMETRIC_REPRESENTATION_CONTEXT(2) 
PARAMETRIC_REPRESENTATION_CONTEXT() REPRESENTATION_CONTEXT('2D SPACE',''
  ) );
#3201 = PCURVE('',#3202,#3207);
#3202 = PLANE('',#3203);
#3203 = AXIS2_PLACEMENT_3D('',#3204,#3205,#3206);
#3204 = CARTESIAN_POINT('',(1.186398058088,-11.28782351243,13.3));
#3205 = DIRECTION('',(0.,0.,1.));
#3206 = DIRECTION('',(0.104528463268,-0.994521895368,0.));
#3207 = DEFINITIONAL_REPRESENTATION('',(#3208),#3212);
#3208 = CIRCLE('',#3209,11.);
#3209 = AXIS2_PLACEMENT_2D('',#3210,#3211);
#3210 = CARTESIAN_POINT('',(-11.35,-9.760909073919E-17));
#3211 = DIRECTION('',(0.104528463268,0.994521895368));
#3212 = ( GEOMETRIC_REPRESENTATION_CONTEXT(2) 
PARAMETRIC_REPRESENTATION_CONTEXT() REPRESENTATION_CONTEXT('2D SPACE',''
  ) );
#3213 = FACE_BOUND('',#3214,.T.);
#3214 = EDGE_LOOP('',(#3215,#3243,#3272,#3293));
#3215 = ORIENTED_EDGE('',*,*,#3216,.F.);
#3216 = EDGE_CURVE('',#3217,#3219,#3221,.T.);
#3217 = VERTEX_POINT('',#3218);
#3218 = CARTESIAN_POINT('',(4.065327709866,-10.22120886252,2.3));
#3219 = VERTEX_POINT('',#3220);
#3220 = CARTESIAN_POINT('',(4.065327709866,-10.22120886252,13.3));
#3221 = SURFACE_CURVE('',#3222,(#3226,#3232),.PCURVE_S1.);
#3222 = LINE('',#3223,#3224);
#3223 = CARTESIAN_POINT('',(4.065327709866,-10.22120886252,0.));
#3224 = VECTOR('',#3225,1.);
#3225 = DIRECTION('',(0.,0.,1.));
#3226 = PCURVE('',#33,#3227);
#3227 = DEFINITIONAL_REPRESENTATION('',(#3228),#3231);
#3228 = B_SPLINE_CURVE_WITH_KNOTS('',1,(#3229,#3230),.UNSPECIFIED.,.F.,
  .F.,(2,2),(2.2999994,13.3000006),.PIECEWISE_BEZIER_KNOTS.);
#3229 = CARTESIAN_POINT('',(5.090940842326,2.2999994));
#3230 = CARTESIAN_POINT('',(5.090940842326,13.3000006));
#3231 = ( GEOMETRIC_REPRESENTATION_CONTEXT(2) 
PARAMETRIC_REPRESENTATION_CONTEXT() REPRESENTATION_CONTEXT('2D SPACE',''
  ) );
#3232 = PCURVE('',#3233,#3238);
#3233 = CYLINDRICAL_SURFACE('',#3234,0.8);
#3234 = AXIS2_PLACEMENT_3D('',#3235,#3236,#3237);
#3235 = CARTESIAN_POINT('',(3.507342886156,-10.79449145995,2.3));
#3236 = DIRECTION('',(0.,0.,1.));
#3237 = DIRECTION('',(0.309016994375,-0.951056516295,0.));
#3238 = DEFINITIONAL_REPRESENTATION('',(#3239),#3242);
#3239 = B_SPLINE_CURVE_WITH_KNOTS('',1,(#3240,#3241),.UNSPECIFIED.,.F.,
  .F.,(2,2),(2.2999994,13.3000006),.PIECEWISE_BEZIER_KNOTS.);
#3240 = CARTESIAN_POINT('',(2.055557086299,-5.999999999062E-07));
#3241 = CARTESIAN_POINT('',(2.055557086299,11.0000006));
#3242 = ( GEOMETRIC_REPRESENTATION_CONTEXT(2) 
PARAMETRIC_REPRESENTATION_CONTEXT() REPRESENTATION_CONTEXT('2D SPACE',''
  ) );
#3243 = ORIENTED_EDGE('',*,*,#3244,.F.);
#3244 = EDGE_CURVE('',#3245,#3217,#3247,.T.);
#3245 = VERTEX_POINT('',#3246);
#3246 = CARTESIAN_POINT('',(2.718956625009,-10.65867134643,2.3));
#3247 = SURFACE_CURVE('',#3248,(#3253,#3260),.PCURVE_S1.);
#3248 = CIRCLE('',#3249,11.);
#3249 = AXIS2_PLACEMENT_3D('',#3250,#3251,#3252);
#3250 = CARTESIAN_POINT('',(0.,0.,2.3));
#3251 = DIRECTION('',(0.,0.,1.));
#3252 = DIRECTION('',(1.,0.,-0.));
#3253 = PCURVE('',#33,#3254);
#3254 = DEFINITIONAL_REPRESENTATION('',(#3255),#3259);
#3255 = LINE('',#3256,#3257);
#3256 = CARTESIAN_POINT('',(0.,2.3));
#3257 = VECTOR('',#3258,1.);
#3258 = DIRECTION('',(1.,0.));
#3259 = ( GEOMETRIC_REPRESENTATION_CONTEXT(2) 
PARAMETRIC_REPRESENTATION_CONTEXT() REPRESENTATION_CONTEXT('2D SPACE',''
  ) );
#3260 = PCURVE('',#3261,#3266);
#3261 = PLANE('',#3262);
#3262 = AXIS2_PLACEMENT_3D('',#3263,#3264,#3265);
#3263 = CARTESIAN_POINT('',(3.507342886156,-10.79449145995,2.3));
#3264 = DIRECTION('',(0.,0.,1.));
#3265 = DIRECTION('',(0.309016994375,-0.951056516295,0.));
#3266 = DEFINITIONAL_REPRESENTATION('',(#3267),#3271);
#3267 = CIRCLE('',#3268,11.);
#3268 = AXIS2_PLACEMENT_2D('',#3269,#3270);
#3269 = CARTESIAN_POINT('',(-11.35,3.2086289092E-16));
#3270 = DIRECTION('',(0.309016994375,0.951056516295));
#3271 = ( GEOMETRIC_REPRESENTATION_CONTEXT(2) 
PARAMETRIC_REPRESENTATION_CONTEXT() REPRESENTATION_CONTEXT('2D SPACE',''
  ) );
#3272 = ORIENTED_EDGE('',*,*,#3273,.T.);
#3273 = EDGE_CURVE('',#3245,#3274,#3276,.T.);
#3274 = VERTEX_POINT('',#3275);
#3275 = CARTESIAN_POINT('',(2.718956625009,-10.65867134643,13.3));
#3276 = SURFACE_CURVE('',#3277,(#3281,#3287),.PCURVE_S1.);
#3277 = LINE('',#3278,#3279);
#3278 = CARTESIAN_POINT('',(2.718956625009,-10.65867134643,0.));
#3279 = VECTOR('',#3280,1.);
#3280 = DIRECTION('',(0.,0.,1.));
#3281 = PCURVE('',#33,#3282);
#3282 = DEFINITIONAL_REPRESENTATION('',(#3283),#3286);
#3283 = B_SPLINE_CURVE_WITH_KNOTS('',1,(#3284,#3285),.UNSPECIFIED.,.F.,
  .F.,(2,2),(2.2999994,13.3000006),.PIECEWISE_BEZIER_KNOTS.);
#3284 = CARTESIAN_POINT('',(4.962155649161,2.2999994));
#3285 = CARTESIAN_POINT('',(4.962155649161,13.3000006));
#3286 = ( GEOMETRIC_REPRESENTATION_CONTEXT(2) 
PARAMETRIC_REPRESENTATION_CONTEXT() REPRESENTATION_CONTEXT('2D SPACE',''
  ) );
#3287 = PCURVE('',#3233,#3288);
#3288 = DEFINITIONAL_REPRESENTATION('',(#3289),#3292);
#3289 = B_SPLINE_CURVE_WITH_KNOTS('',1,(#3290,#3291),.UNSPECIFIED.,.F.,
  .F.,(2,2),(2.2999994,13.3000006),.PIECEWISE_BEZIER_KNOTS.);
#3290 = CARTESIAN_POINT('',(4.227628220881,-5.999999999062E-07));
#3291 = CARTESIAN_POINT('',(4.227628220881,11.0000006));
#3292 = ( GEOMETRIC_REPRESENTATION_CONTEXT(2) 
PARAMETRIC_REPRESENTATION_CONTEXT() REPRESENTATION_CONTEXT('2D SPACE',''
  ) );
#3293 = ORIENTED_EDGE('',*,*,#3294,.T.);
#3294 = EDGE_CURVE('',#3274,#3219,#3295,.T.);
#3295 = SURFACE_CURVE('',#3296,(#3301,#3308),.PCURVE_S1.);
#3296 = CIRCLE('',#3297,11.);
#3297 = AXIS2_PLACEMENT_3D('',#3298,#3299,#3300);
#3298 = CARTESIAN_POINT('',(0.,0.,13.3));
#3299 = DIRECTION('',(0.,0.,1.));
#3300 = DIRECTION('',(1.,0.,-0.));
#3301 = PCURVE('',#33,#3302);
#3302 = DEFINITIONAL_REPRESENTATION('',(#3303),#3307);
#3303 = LINE('',#3304,#3305);
#3304 = CARTESIAN_POINT('',(0.,13.3));
#3305 = VECTOR('',#3306,1.);
#3306 = DIRECTION('',(1.,0.));
#3307 = ( GEOMETRIC_REPRESENTATION_CONTEXT(2) 
PARAMETRIC_REPRESENTATION_CONTEXT() REPRESENTATION_CONTEXT('2D SPACE',''
  ) );
#3308 = PCURVE('',#3309,#3314);
#3309 = PLANE('',#3310);
#3310 = AXIS2_PLACEMENT_3D('',#3311,#3312,#3313);
#3311 = CARTESIAN_POINT('',(3.507342886156,-10.79449145995,13.3));
#3312 = DIRECTION('',(0.,0.,1.));
#3313 = DIRECTION('',(0.309016994375,-0.951056516295,0.));
#3314 = DEFINITIONAL_REPRESENTATION('',(#3315),#3319);
#3315 = CIRCLE('',#3316,11.);
#3316 = AXIS2_PLACEMENT_2D('',#3317,#3318);
#3317 = CARTESIAN_POINT('',(-11.35,3.2086289092E-16));
#3318 = DIRECTION('',(0.309016994375,0.951056516295));
#3319 = ( GEOMETRIC_REPRESENTATION_CONTEXT(2) 
PARAMETRIC_REPRESENTATION_CONTEXT() REPRESENTATION_CONTEXT('2D SPACE',''
  ) );
#3320 = FACE_BOUND('',#3321,.T.);
#3321 = EDGE_LOOP('',(#3322,#3350,#3379,#3400));
#3322 = ORIENTED_EDGE('',*,*,#3323,.F.);
#3323 = EDGE_CURVE('',#3324,#3326,#3328,.T.);
#3324 = VERTEX_POINT('',#3325);
#3325 = CARTESIAN_POINT('',(6.101599362412,-9.152621767593,2.3));
#3326 = VERTEX_POINT('',#3327);
#3327 = CARTESIAN_POINT('',(6.101599362412,-9.152621767593,13.3));
#3328 = SURFACE_CURVE('',#3329,(#3333,#3339),.PCURVE_S1.);
#3329 = LINE('',#3330,#3331);
#3330 = CARTESIAN_POINT('',(6.101599362412,-9.152621767593,0.));
#3331 = VECTOR('',#3332,1.);
#3332 = DIRECTION('',(0.,0.,1.));
#3333 = PCURVE('',#33,#3334);
#3334 = DEFINITIONAL_REPRESENTATION('',(#3335),#3338);
#3335 = B_SPLINE_CURVE_WITH_KNOTS('',1,(#3336,#3337),.UNSPECIFIED.,.F.,
  .F.,(2,2),(2.2999994,13.3000006),.PIECEWISE_BEZIER_KNOTS.);
#3336 = CARTESIAN_POINT('',(5.300380352566,2.2999994));
#3337 = CARTESIAN_POINT('',(5.300380352566,13.3000006));
#3338 = ( GEOMETRIC_REPRESENTATION_CONTEXT(2) 
PARAMETRIC_REPRESENTATION_CONTEXT() REPRESENTATION_CONTEXT('2D SPACE',''
  ) );
#3339 = PCURVE('',#3340,#3345);
#3340 = CYLINDRICAL_SURFACE('',#3341,0.8);
#3341 = AXIS2_PLACEMENT_3D('',#3342,#3343,#3344);
#3342 = CARTESIAN_POINT('',(5.675,-9.829388332953,2.3));
#3343 = DIRECTION('',(0.,0.,1.));
#3344 = DIRECTION('',(0.5,-0.866025403784,0.));
#3345 = DEFINITIONAL_REPRESENTATION('',(#3346),#3349);
#3346 = B_SPLINE_CURVE_WITH_KNOTS('',1,(#3347,#3348),.UNSPECIFIED.,.F.,
  .F.,(2,2),(2.2999994,13.3000006),.PIECEWISE_BEZIER_KNOTS.);
#3347 = CARTESIAN_POINT('',(2.055557086299,-5.999999999062E-07));
#3348 = CARTESIAN_POINT('',(2.055557086299,11.0000006));
#3349 = ( GEOMETRIC_REPRESENTATION_CONTEXT(2) 
PARAMETRIC_REPRESENTATION_CONTEXT() REPRESENTATION_CONTEXT('2D SPACE',''
  ) );
#3350 = ORIENTED_EDGE('',*,*,#3351,.F.);
#3351 = EDGE_CURVE('',#3352,#3324,#3354,.T.);
#3352 = VERTEX_POINT('',#3353);
#3353 = CARTESIAN_POINT('',(4.87560328076,-9.86045093536,2.3));
#3354 = SURFACE_CURVE('',#3355,(#3360,#3367),.PCURVE_S1.);
#3355 = CIRCLE('',#3356,11.);
#3356 = AXIS2_PLACEMENT_3D('',#3357,#3358,#3359);
#3357 = CARTESIAN_POINT('',(0.,0.,2.3));
#3358 = DIRECTION('',(0.,0.,1.));
#3359 = DIRECTION('',(1.,0.,-0.));
#3360 = PCURVE('',#33,#3361);
#3361 = DEFINITIONAL_REPRESENTATION('',(#3362),#3366);
#3362 = LINE('',#3363,#3364);
#3363 = CARTESIAN_POINT('',(0.,2.3));
#3364 = VECTOR('',#3365,1.);
#3365 = DIRECTION('',(1.,0.));
#3366 = ( GEOMETRIC_REPRESENTATION_CONTEXT(2) 
PARAMETRIC_REPRESENTATION_CONTEXT() REPRESENTATION_CONTEXT('2D SPACE',''
  ) );
#3367 = PCURVE('',#3368,#3373);
#3368 = PLANE('',#3369);
#3369 = AXIS2_PLACEMENT_3D('',#3370,#3371,#3372);
#3370 = CARTESIAN_POINT('',(5.675,-9.829388332953,2.3));
#3371 = DIRECTION('',(0.,0.,1.));
#3372 = DIRECTION('',(0.5,-0.866025403784,0.));
#3373 = DEFINITIONAL_REPRESENTATION('',(#3374),#3378);
#3374 = CIRCLE('',#3375,11.);
#3375 = AXIS2_PLACEMENT_2D('',#3376,#3377);
#3376 = CARTESIAN_POINT('',(-11.35,4.560171591205E-16));
#3377 = DIRECTION('',(0.5,0.866025403784));
#3378 = ( GEOMETRIC_REPRESENTATION_CONTEXT(2) 
PARAMETRIC_REPRESENTATION_CONTEXT() REPRESENTATION_CONTEXT('2D SPACE',''
  ) );
#3379 = ORIENTED_EDGE('',*,*,#3380,.T.);
#3380 = EDGE_CURVE('',#3352,#3381,#3383,.T.);
#3381 = VERTEX_POINT('',#3382);
#3382 = CARTESIAN_POINT('',(4.87560328076,-9.86045093536,13.3));
#3383 = SURFACE_CURVE('',#3384,(#3388,#3394),.PCURVE_S1.);
#3384 = LINE('',#3385,#3386);
#3385 = CARTESIAN_POINT('',(4.87560328076,-9.86045093536,0.));
#3386 = VECTOR('',#3387,1.);
#3387 = DIRECTION('',(0.,0.,1.));
#3388 = PCURVE('',#33,#3389);
#3389 = DEFINITIONAL_REPRESENTATION('',(#3390),#3393);
#3390 = B_SPLINE_CURVE_WITH_KNOTS('',1,(#3391,#3392),.UNSPECIFIED.,.F.,
  .F.,(2,2),(2.2999994,13.3000006),.PIECEWISE_BEZIER_KNOTS.);
#3391 = CARTESIAN_POINT('',(5.1715951594,2.2999994));
#3392 = CARTESIAN_POINT('',(5.1715951594,13.3000006));
#3393 = ( GEOMETRIC_REPRESENTATION_CONTEXT(2) 
PARAMETRIC_REPRESENTATION_CONTEXT() REPRESENTATION_CONTEXT('2D SPACE',''
  ) );
#3394 = PCURVE('',#3340,#3395);
#3395 = DEFINITIONAL_REPRESENTATION('',(#3396),#3399);
#3396 = B_SPLINE_CURVE_WITH_KNOTS('',1,(#3397,#3398),.UNSPECIFIED.,.F.,
  .F.,(2,2),(2.2999994,13.3000006),.PIECEWISE_BEZIER_KNOTS.);
#3397 = CARTESIAN_POINT('',(4.227628220881,-5.999999999062E-07));
#3398 = CARTESIAN_POINT('',(4.227628220881,11.0000006));
#3399 = ( GEOMETRIC_REPRESENTATION_CONTEXT(2) 
PARAMETRIC_REPRESENTATION_CONTEXT() REPRESENTATION_CONTEXT('2D SPACE',''
  ) );
#3400 = ORIENTED_EDGE('',*,*,#3401,.T.);
#3401 = EDGE_CURVE('',#3381,#3326,#3402,.T.);
#3402 = SURFACE_CURVE('',#3403,(#3408,#3415),.PCURVE_S1.);
#3403 = CIRCLE('',#3404,11.);
#3404 = AXIS2_PLACEMENT_3D('',#3405,#3406,#3407);
#3405 = CARTESIAN_POINT('',(0.,0.,13.3));
#3406 = DIRECTION('',(0.,0.,1.));
#3407 = DIRECTION('',(1.,0.,-0.));
#3408 = PCURVE('',#33,#3409);
#3409 = DEFINITIONAL_REPRESENTATION('',(#3410),#3414);
#3410 = LINE('',#3411,#3412);
#3411 = CARTESIAN_POINT('',(0.,13.3));
#3412 = VECTOR('',#3413,1.);
#3413 = DIRECTION('',(1.,0.));
#3414 = ( GEOMETRIC_REPRESENTATION_CONTEXT(2) 
PARAMETRIC_REPRESENTATION_CONTEXT() REPRESENTATION_CONTEXT('2D SPACE',''
  ) );
#3415 = PCURVE('',#3416,#3421);
#3416 = PLANE('',#3417);
#3417 = AXIS2_PLACEMENT_3D('',#3418,#3419,#3420);
#3418 = CARTESIAN_POINT('',(5.675,-9.829388332953,13.3));
#3419 = DIRECTION('',(0.,0.,1.));
#3420 = DIRECTION('',(0.5,-0.866025403784,0.));
#3421 = DEFINITIONAL_REPRESENTATION('',(#3422),#3426);
#3422 = CIRCLE('',#3423,11.);
#3423 = AXIS2_PLACEMENT_2D('',#3424,#3425);
#3424 = CARTESIAN_POINT('',(-11.35,4.560171591205E-16));
#3425 = DIRECTION('',(0.5,0.866025403784));
#3426 = ( GEOMETRIC_REPRESENTATION_CONTEXT(2) 
PARAMETRIC_REPRESENTATION_CONTEXT() REPRESENTATION_CONTEXT('2D SPACE',''
  ) );
#3427 = FACE_BOUND('',#3428,.T.);
#3428 = EDGE_LOOP('',(#3429,#3457,#3486,#3507));
#3429 = ORIENTED_EDGE('',*,*,#3430,.F.);
#3430 = EDGE_CURVE('',#3431,#3433,#3435,.T.);
#3431 = VERTEX_POINT('',#3432);
#3432 = CARTESIAN_POINT('',(7.871201844098,-7.684021182263,2.3));
#3433 = VERTEX_POINT('',#3434);
#3434 = CARTESIAN_POINT('',(7.871201844098,-7.684021182263,13.3));
#3435 = SURFACE_CURVE('',#3436,(#3440,#3446),.PCURVE_S1.);
#3436 = LINE('',#3437,#3438);
#3437 = CARTESIAN_POINT('',(7.871201844098,-7.684021182263,0.));
#3438 = VECTOR('',#3439,1.);
#3439 = DIRECTION('',(0.,0.,1.));
#3440 = PCURVE('',#33,#3441);
#3441 = DEFINITIONAL_REPRESENTATION('',(#3442),#3445);
#3442 = B_SPLINE_CURVE_WITH_KNOTS('',1,(#3443,#3444),.UNSPECIFIED.,.F.,
  .F.,(2,2),(2.2999994,13.3000006),.PIECEWISE_BEZIER_KNOTS.);
#3443 = CARTESIAN_POINT('',(5.509819862805,2.2999994));
#3444 = CARTESIAN_POINT('',(5.509819862805,13.3000006));
#3445 = ( GEOMETRIC_REPRESENTATION_CONTEXT(2) 
PARAMETRIC_REPRESENTATION_CONTEXT() REPRESENTATION_CONTEXT('2D SPACE',''
  ) );
#3446 = PCURVE('',#3447,#3452);
#3447 = CYLINDRICAL_SURFACE('',#3448,0.8);
#3448 = AXIS2_PLACEMENT_3D('',#3449,#3450,#3451);
#3449 = CARTESIAN_POINT('',(7.594632382173,-8.434693769168,2.3));
#3450 = DIRECTION('',(0.,0.,1.));
#3451 = DIRECTION('',(0.669130606359,-0.743144825477,0.));
#3452 = DEFINITIONAL_REPRESENTATION('',(#3453),#3456);
#3453 = B_SPLINE_CURVE_WITH_KNOTS('',1,(#3454,#3455),.UNSPECIFIED.,.F.,
  .F.,(2,2),(2.2999994,13.3000006),.PIECEWISE_BEZIER_KNOTS.);
#3454 = CARTESIAN_POINT('',(2.055557086299,-5.999999999062E-07));
#3455 = CARTESIAN_POINT('',(2.055557086299,11.0000006));
#3456 = ( GEOMETRIC_REPRESENTATION_CONTEXT(2) 
PARAMETRIC_REPRESENTATION_CONTEXT() REPRESENTATION_CONTEXT('2D SPACE',''
  ) );
#3457 = ORIENTED_EDGE('',*,*,#3458,.F.);
#3458 = EDGE_CURVE('',#3459,#3431,#3461,.T.);
#3459 = VERTEX_POINT('',#3460);
#3460 = CARTESIAN_POINT('',(6.819162677401,-8.631281502716,2.3));
#3461 = SURFACE_CURVE('',#3462,(#3467,#3474),.PCURVE_S1.);
#3462 = CIRCLE('',#3463,11.);
#3463 = AXIS2_PLACEMENT_3D('',#3464,#3465,#3466);
#3464 = CARTESIAN_POINT('',(0.,0.,2.3));
#3465 = DIRECTION('',(0.,0.,1.));
#3466 = DIRECTION('',(1.,0.,-0.));
#3467 = PCURVE('',#33,#3468);
#3468 = DEFINITIONAL_REPRESENTATION('',(#3469),#3473);
#3469 = LINE('',#3470,#3471);
#3470 = CARTESIAN_POINT('',(0.,2.3));
#3471 = VECTOR('',#3472,1.);
#3472 = DIRECTION('',(1.,0.));
#3473 = ( GEOMETRIC_REPRESENTATION_CONTEXT(2) 
PARAMETRIC_REPRESENTATION_CONTEXT() REPRESENTATION_CONTEXT('2D SPACE',''
  ) );
#3474 = PCURVE('',#3475,#3480);
#3475 = PLANE('',#3476);
#3476 = AXIS2_PLACEMENT_3D('',#3477,#3478,#3479);
#3477 = CARTESIAN_POINT('',(7.594632382173,-8.434693769168,2.3));
#3478 = DIRECTION('',(0.,0.,1.));
#3479 = DIRECTION('',(0.669130606359,-0.743144825477,0.));
#3480 = DEFINITIONAL_REPRESENTATION('',(#3481),#3485);
#3481 = CIRCLE('',#3482,11.);
#3482 = AXIS2_PLACEMENT_2D('',#3483,#3484);
#3483 = CARTESIAN_POINT('',(-11.35,-6.614586135733E-18));
#3484 = DIRECTION('',(0.669130606359,0.743144825477));
#3485 = ( GEOMETRIC_REPRESENTATION_CONTEXT(2) 
PARAMETRIC_REPRESENTATION_CONTEXT() REPRESENTATION_CONTEXT('2D SPACE',''
  ) );
#3486 = ORIENTED_EDGE('',*,*,#3487,.T.);
#3487 = EDGE_CURVE('',#3459,#3488,#3490,.T.);
#3488 = VERTEX_POINT('',#3489);
#3489 = CARTESIAN_POINT('',(6.819162677401,-8.631281502716,13.3));
#3490 = SURFACE_CURVE('',#3491,(#3495,#3501),.PCURVE_S1.);
#3491 = LINE('',#3492,#3493);
#3492 = CARTESIAN_POINT('',(6.819162677401,-8.631281502716,0.));
#3493 = VECTOR('',#3494,1.);
#3494 = DIRECTION('',(0.,0.,1.));
#3495 = PCURVE('',#33,#3496);
#3496 = DEFINITIONAL_REPRESENTATION('',(#3497),#3500);
#3497 = B_SPLINE_CURVE_WITH_KNOTS('',1,(#3498,#3499),.UNSPECIFIED.,.F.,
  .F.,(2,2),(2.2999994,13.3000006),.PIECEWISE_BEZIER_KNOTS.);
#3498 = CARTESIAN_POINT('',(5.38103466964,2.2999994));
#3499 = CARTESIAN_POINT('',(5.38103466964,13.3000006));
#3500 = ( GEOMETRIC_REPRESENTATION_CONTEXT(2) 
PARAMETRIC_REPRESENTATION_CONTEXT() REPRESENTATION_CONTEXT('2D SPACE',''
  ) );
#3501 = PCURVE('',#3447,#3502);
#3502 = DEFINITIONAL_REPRESENTATION('',(#3503),#3506);
#3503 = B_SPLINE_CURVE_WITH_KNOTS('',1,(#3504,#3505),.UNSPECIFIED.,.F.,
  .F.,(2,2),(2.2999994,13.3000006),.PIECEWISE_BEZIER_KNOTS.);
#3504 = CARTESIAN_POINT('',(4.227628220881,-5.999999999062E-07));
#3505 = CARTESIAN_POINT('',(4.227628220881,11.0000006));
#3506 = ( GEOMETRIC_REPRESENTATION_CONTEXT(2) 
PARAMETRIC_REPRESENTATION_CONTEXT() REPRESENTATION_CONTEXT('2D SPACE',''
  ) );
#3507 = ORIENTED_EDGE('',*,*,#3508,.T.);
#3508 = EDGE_CURVE('',#3488,#3433,#3509,.T.);
#3509 = SURFACE_CURVE('',#3510,(#3515,#3522),.PCURVE_S1.);
#3510 = CIRCLE('',#3511,11.);
#3511 = AXIS2_PLACEMENT_3D('',#3512,#3513,#3514);
#3512 = CARTESIAN_POINT('',(0.,0.,13.3));
#3513 = DIRECTION('',(0.,0.,1.));
#3514 = DIRECTION('',(1.,0.,-0.));
#3515 = PCURVE('',#33,#3516);
#3516 = DEFINITIONAL_REPRESENTATION('',(#3517),#3521);
#3517 = LINE('',#3518,#3519);
#3518 = CARTESIAN_POINT('',(0.,13.3));
#3519 = VECTOR('',#3520,1.);
#3520 = DIRECTION('',(1.,0.));
#3521 = ( GEOMETRIC_REPRESENTATION_CONTEXT(2) 
PARAMETRIC_REPRESENTATION_CONTEXT() REPRESENTATION_CONTEXT('2D SPACE',''
  ) );
#3522 = PCURVE('',#3523,#3528);
#3523 = PLANE('',#3524);
#3524 = AXIS2_PLACEMENT_3D('',#3525,#3526,#3527);
#3525 = CARTESIAN_POINT('',(7.594632382173,-8.434693769168,13.3));
#3526 = DIRECTION('',(0.,0.,1.));
#3527 = DIRECTION('',(0.669130606359,-0.743144825477,0.));
#3528 = DEFINITIONAL_REPRESENTATION('',(#3529),#3533);
#3529 = CIRCLE('',#3530,11.);
#3530 = AXIS2_PLACEMENT_2D('',#3531,#3532);
#3531 = CARTESIAN_POINT('',(-11.35,-6.614586135733E-18));
#3532 = DIRECTION('',(0.669130606359,0.743144825477));
#3533 = ( GEOMETRIC_REPRESENTATION_CONTEXT(2) 
PARAMETRIC_REPRESENTATION_CONTEXT() REPRESENTATION_CONTEXT('2D SPACE',''
  ) );
#3534 = FACE_BOUND('',#3535,.T.);
#3535 = EDGE_LOOP('',(#3536,#3564,#3593,#3614));
#3536 = ORIENTED_EDGE('',*,*,#3537,.F.);
#3537 = EDGE_CURVE('',#3538,#3540,#3542,.T.);
#3538 = VERTEX_POINT('',#3539);
#3539 = CARTESIAN_POINT('',(9.29679503498,-5.879591999244,2.3));
#3540 = VERTEX_POINT('',#3541);
#3541 = CARTESIAN_POINT('',(9.29679503498,-5.879591999244,13.3));
#3542 = SURFACE_CURVE('',#3543,(#3547,#3553),.PCURVE_S1.);
#3543 = LINE('',#3544,#3545);
#3544 = CARTESIAN_POINT('',(9.29679503498,-5.879591999244,0.));
#3545 = VECTOR('',#3546,1.);
#3546 = DIRECTION('',(0.,0.,1.));
#3547 = PCURVE('',#33,#3548);
#3548 = DEFINITIONAL_REPRESENTATION('',(#3549),#3552);
#3549 = B_SPLINE_CURVE_WITH_KNOTS('',1,(#3550,#3551),.UNSPECIFIED.,.F.,
  .F.,(2,2),(2.2999994,13.3000006),.PIECEWISE_BEZIER_KNOTS.);
#3550 = CARTESIAN_POINT('',(5.719259373044,2.2999994));
#3551 = CARTESIAN_POINT('',(5.719259373044,13.3000006));
#3552 = ( GEOMETRIC_REPRESENTATION_CONTEXT(2) 
PARAMETRIC_REPRESENTATION_CONTEXT() REPRESENTATION_CONTEXT('2D SPACE',''
  ) );
#3553 = PCURVE('',#3554,#3559);
#3554 = CYLINDRICAL_SURFACE('',#3555,0.8);
#3555 = AXIS2_PLACEMENT_3D('',#3556,#3557,#3558);
#3556 = CARTESIAN_POINT('',(9.182342886156,-6.67136261352,2.3));
#3557 = DIRECTION('',(0.,0.,1.));
#3558 = DIRECTION('',(0.809016994375,-0.587785252292,0.));
#3559 = DEFINITIONAL_REPRESENTATION('',(#3560),#3563);
#3560 = B_SPLINE_CURVE_WITH_KNOTS('',1,(#3561,#3562),.UNSPECIFIED.,.F.,
  .F.,(2,2),(2.2999994,13.3000006),.PIECEWISE_BEZIER_KNOTS.);
#3561 = CARTESIAN_POINT('',(2.055557086299,-5.999999999062E-07));
#3562 = CARTESIAN_POINT('',(2.055557086299,11.0000006));
#3563 = ( GEOMETRIC_REPRESENTATION_CONTEXT(2) 
PARAMETRIC_REPRESENTATION_CONTEXT() REPRESENTATION_CONTEXT('2D SPACE',''
  ) );
#3564 = ORIENTED_EDGE('',*,*,#3565,.F.);
#3565 = EDGE_CURVE('',#3566,#3538,#3568,.T.);
#3566 = VERTEX_POINT('',#3567);
#3567 = CARTESIAN_POINT('',(8.464691943068,-7.02488365092,2.3));
#3568 = SURFACE_CURVE('',#3569,(#3574,#3581),.PCURVE_S1.);
#3569 = CIRCLE('',#3570,11.);
#3570 = AXIS2_PLACEMENT_3D('',#3571,#3572,#3573);
#3571 = CARTESIAN_POINT('',(0.,0.,2.3));
#3572 = DIRECTION('',(0.,0.,1.));
#3573 = DIRECTION('',(1.,0.,-0.));
#3574 = PCURVE('',#33,#3575);
#3575 = DEFINITIONAL_REPRESENTATION('',(#3576),#3580);
#3576 = LINE('',#3577,#3578);
#3577 = CARTESIAN_POINT('',(0.,2.3));
#3578 = VECTOR('',#3579,1.);
#3579 = DIRECTION('',(1.,0.));
#3580 = ( GEOMETRIC_REPRESENTATION_CONTEXT(2) 
PARAMETRIC_REPRESENTATION_CONTEXT() REPRESENTATION_CONTEXT('2D SPACE',''
  ) );
#3581 = PCURVE('',#3582,#3587);
#3582 = PLANE('',#3583);
#3583 = AXIS2_PLACEMENT_3D('',#3584,#3585,#3586);
#3584 = CARTESIAN_POINT('',(9.182342886156,-6.67136261352,2.3));
#3585 = DIRECTION('',(0.,0.,1.));
#3586 = DIRECTION('',(0.809016994375,-0.587785252292,0.));
#3587 = DEFINITIONAL_REPRESENTATION('',(#3588),#3592);
#3588 = CIRCLE('',#3589,11.);
#3589 = AXIS2_PLACEMENT_2D('',#3590,#3591);
#3590 = CARTESIAN_POINT('',(-11.35,-2.441997400365E-16));
#3591 = DIRECTION('',(0.809016994375,0.587785252292));
#3592 = ( GEOMETRIC_REPRESENTATION_CONTEXT(2) 
PARAMETRIC_REPRESENTATION_CONTEXT() REPRESENTATION_CONTEXT('2D SPACE',''
  ) );
#3593 = ORIENTED_EDGE('',*,*,#3594,.T.);
#3594 = EDGE_CURVE('',#3566,#3595,#3597,.T.);
#3595 = VERTEX_POINT('',#3596);
#3596 = CARTESIAN_POINT('',(8.464691943068,-7.02488365092,13.3));
#3597 = SURFACE_CURVE('',#3598,(#3602,#3608),.PCURVE_S1.);
#3598 = LINE('',#3599,#3600);
#3599 = CARTESIAN_POINT('',(8.464691943068,-7.02488365092,0.));
#3600 = VECTOR('',#3601,1.);
#3601 = DIRECTION('',(0.,0.,1.));
#3602 = PCURVE('',#33,#3603);
#3603 = DEFINITIONAL_REPRESENTATION('',(#3604),#3607);
#3604 = B_SPLINE_CURVE_WITH_KNOTS('',1,(#3605,#3606),.UNSPECIFIED.,.F.,
  .F.,(2,2),(2.2999994,13.3000006),.PIECEWISE_BEZIER_KNOTS.);
#3605 = CARTESIAN_POINT('',(5.590474179879,2.2999994));
#3606 = CARTESIAN_POINT('',(5.590474179879,13.3000006));
#3607 = ( GEOMETRIC_REPRESENTATION_CONTEXT(2) 
PARAMETRIC_REPRESENTATION_CONTEXT() REPRESENTATION_CONTEXT('2D SPACE',''
  ) );
#3608 = PCURVE('',#3554,#3609);
#3609 = DEFINITIONAL_REPRESENTATION('',(#3610),#3613);
#3610 = B_SPLINE_CURVE_WITH_KNOTS('',1,(#3611,#3612),.UNSPECIFIED.,.F.,
  .F.,(2,2),(2.2999994,13.3000006),.PIECEWISE_BEZIER_KNOTS.);
#3611 = CARTESIAN_POINT('',(4.227628220881,-5.999999999062E-07));
#3612 = CARTESIAN_POINT('',(4.227628220881,11.0000006));
#3613 = ( GEOMETRIC_REPRESENTATION_CONTEXT(2) 
PARAMETRIC_REPRESENTATION_CONTEXT() REPRESENTATION_CONTEXT('2D SPACE',''
  ) );
#3614 = ORIENTED_EDGE('',*,*,#3615,.T.);
#3615 = EDGE_CURVE('',#3595,#3540,#3616,.T.);
#3616 = SURFACE_CURVE('',#3617,(#3622,#3629),.PCURVE_S1.);
#3617 = CIRCLE('',#3618,11.);
#3618 = AXIS2_PLACEMENT_3D('',#3619,#3620,#3621);
#3619 = CARTESIAN_POINT('',(0.,0.,13.3));
#3620 = DIRECTION('',(0.,0.,1.));
#3621 = DIRECTION('',(1.,0.,-0.));
#3622 = PCURVE('',#33,#3623);
#3623 = DEFINITIONAL_REPRESENTATION('',(#3624),#3628);
#3624 = LINE('',#3625,#3626);
#3625 = CARTESIAN_POINT('',(0.,13.3));
#3626 = VECTOR('',#3627,1.);
#3627 = DIRECTION('',(1.,0.));
#3628 = ( GEOMETRIC_REPRESENTATION_CONTEXT(2) 
PARAMETRIC_REPRESENTATION_CONTEXT() REPRESENTATION_CONTEXT('2D SPACE',''
  ) );
#3629 = PCURVE('',#3630,#3635);
#3630 = PLANE('',#3631);
#3631 = AXIS2_PLACEMENT_3D('',#3632,#3633,#3634);
#3632 = CARTESIAN_POINT('',(9.182342886156,-6.67136261352,13.3));
#3633 = DIRECTION('',(0.,0.,1.));
#3634 = DIRECTION('',(0.809016994375,-0.587785252292,0.));
#3635 = DEFINITIONAL_REPRESENTATION('',(#3636),#3640);
#3636 = CIRCLE('',#3637,11.);
#3637 = AXIS2_PLACEMENT_2D('',#3638,#3639);
#3638 = CARTESIAN_POINT('',(-11.35,-2.441997400365E-16));
#3639 = DIRECTION('',(0.809016994375,0.587785252292));
#3640 = ( GEOMETRIC_REPRESENTATION_CONTEXT(2) 
PARAMETRIC_REPRESENTATION_CONTEXT() REPRESENTATION_CONTEXT('2D SPACE',''
  ) );
#3641 = FACE_BOUND('',#3642,.T.);
#3642 = EDGE_LOOP('',(#3643,#3671,#3700,#3721));
#3643 = ORIENTED_EDGE('',*,*,#3644,.F.);
#3644 = EDGE_CURVE('',#3645,#3647,#3649,.T.);
#3645 = VERTEX_POINT('',#3646);
#3646 = CARTESIAN_POINT('',(10.316073671861,-3.818196432446,2.3));
#3647 = VERTEX_POINT('',#3648);
#3648 = CARTESIAN_POINT('',(10.316073671861,-3.818196432446,13.3));
#3649 = SURFACE_CURVE('',#3650,(#3654,#3660),.PCURVE_S1.);
#3650 = LINE('',#3651,#3652);
#3651 = CARTESIAN_POINT('',(10.316073671861,-3.818196432446,0.));
#3652 = VECTOR('',#3653,1.);
#3653 = DIRECTION('',(0.,0.,1.));
#3654 = PCURVE('',#33,#3655);
#3655 = DEFINITIONAL_REPRESENTATION('',(#3656),#3659);
#3656 = B_SPLINE_CURVE_WITH_KNOTS('',1,(#3657,#3658),.UNSPECIFIED.,.F.,
  .F.,(2,2),(2.2999994,13.3000006),.PIECEWISE_BEZIER_KNOTS.);
#3657 = CARTESIAN_POINT('',(5.928698883284,2.2999994));
#3658 = CARTESIAN_POINT('',(5.928698883284,13.3000006));
#3659 = ( GEOMETRIC_REPRESENTATION_CONTEXT(2) 
PARAMETRIC_REPRESENTATION_CONTEXT() REPRESENTATION_CONTEXT('2D SPACE',''
  ) );
#3660 = PCURVE('',#3661,#3666);
#3661 = CYLINDRICAL_SURFACE('',#3662,0.8);
#3662 = AXIS2_PLACEMENT_3D('',#3663,#3664,#3665);
#3663 = CARTESIAN_POINT('',(10.368740944244,-4.61646089891,2.3));
#3664 = DIRECTION('',(0.,0.,1.));
#3665 = DIRECTION('',(0.913545457643,-0.406736643076,0.));
#3666 = DEFINITIONAL_REPRESENTATION('',(#3667),#3670);
#3667 = B_SPLINE_CURVE_WITH_KNOTS('',1,(#3668,#3669),.UNSPECIFIED.,.F.,
  .F.,(2,2),(2.2999994,13.3000006),.PIECEWISE_BEZIER_KNOTS.);
#3668 = CARTESIAN_POINT('',(2.055557086299,-5.999999999062E-07));
#3669 = CARTESIAN_POINT('',(2.055557086299,11.0000006));
#3670 = ( GEOMETRIC_REPRESENTATION_CONTEXT(2) 
PARAMETRIC_REPRESENTATION_CONTEXT() REPRESENTATION_CONTEXT('2D SPACE',''
  ) );
#3671 = ORIENTED_EDGE('',*,*,#3672,.F.);
#3672 = EDGE_CURVE('',#3673,#3645,#3675,.T.);
#3673 = VERTEX_POINT('',#3674);
#3674 = CARTESIAN_POINT('',(9.740273552723,-5.111464674447,2.3));
#3675 = SURFACE_CURVE('',#3676,(#3681,#3688),.PCURVE_S1.);
#3676 = CIRCLE('',#3677,11.);
#3677 = AXIS2_PLACEMENT_3D('',#3678,#3679,#3680);
#3678 = CARTESIAN_POINT('',(0.,0.,2.3));
#3679 = DIRECTION('',(0.,0.,1.));
#3680 = DIRECTION('',(1.,0.,-0.));
#3681 = PCURVE('',#33,#3682);
#3682 = DEFINITIONAL_REPRESENTATION('',(#3683),#3687);
#3683 = LINE('',#3684,#3685);
#3684 = CARTESIAN_POINT('',(0.,2.3));
#3685 = VECTOR('',#3686,1.);
#3686 = DIRECTION('',(1.,0.));
#3687 = ( GEOMETRIC_REPRESENTATION_CONTEXT(2) 
PARAMETRIC_REPRESENTATION_CONTEXT() REPRESENTATION_CONTEXT('2D SPACE',''
  ) );
#3688 = PCURVE('',#3689,#3694);
#3689 = PLANE('',#3690);
#3690 = AXIS2_PLACEMENT_3D('',#3691,#3692,#3693);
#3691 = CARTESIAN_POINT('',(10.368740944244,-4.61646089891,2.3));
#3692 = DIRECTION('',(0.,0.,1.));
#3693 = DIRECTION('',(0.913545457643,-0.406736643076,0.));
#3694 = DEFINITIONAL_REPRESENTATION('',(#3695),#3699);
#3695 = CIRCLE('',#3696,11.);
#3696 = AXIS2_PLACEMENT_2D('',#3697,#3698);
#3697 = CARTESIAN_POINT('',(-11.35,-5.201282161486E-16));
#3698 = DIRECTION('',(0.913545457643,0.406736643076));
#3699 = ( GEOMETRIC_REPRESENTATION_CONTEXT(2) 
PARAMETRIC_REPRESENTATION_CONTEXT() REPRESENTATION_CONTEXT('2D SPACE',''
  ) );
#3700 = ORIENTED_EDGE('',*,*,#3701,.T.);
#3701 = EDGE_CURVE('',#3673,#3702,#3704,.T.);
#3702 = VERTEX_POINT('',#3703);
#3703 = CARTESIAN_POINT('',(9.740273552723,-5.111464674447,13.3));
#3704 = SURFACE_CURVE('',#3705,(#3709,#3715),.PCURVE_S1.);
#3705 = LINE('',#3706,#3707);
#3706 = CARTESIAN_POINT('',(9.740273552723,-5.111464674447,0.));
#3707 = VECTOR('',#3708,1.);
#3708 = DIRECTION('',(0.,0.,1.));
#3709 = PCURVE('',#33,#3710);
#3710 = DEFINITIONAL_REPRESENTATION('',(#3711),#3714);
#3711 = B_SPLINE_CURVE_WITH_KNOTS('',1,(#3712,#3713),.UNSPECIFIED.,.F.,
  .F.,(2,2),(2.2999994,13.3000006),.PIECEWISE_BEZIER_KNOTS.);
#3712 = CARTESIAN_POINT('',(5.799913690118,2.2999994));
#3713 = CARTESIAN_POINT('',(5.799913690118,13.3000006));
#3714 = ( GEOMETRIC_REPRESENTATION_CONTEXT(2) 
PARAMETRIC_REPRESENTATION_CONTEXT() REPRESENTATION_CONTEXT('2D SPACE',''
  ) );
#3715 = PCURVE('',#3661,#3716);
#3716 = DEFINITIONAL_REPRESENTATION('',(#3717),#3720);
#3717 = B_SPLINE_CURVE_WITH_KNOTS('',1,(#3718,#3719),.UNSPECIFIED.,.F.,
  .F.,(2,2),(2.2999994,13.3000006),.PIECEWISE_BEZIER_KNOTS.);
#3718 = CARTESIAN_POINT('',(4.227628220881,-5.999999999062E-07));
#3719 = CARTESIAN_POINT('',(4.227628220881,11.0000006));
#3720 = ( GEOMETRIC_REPRESENTATION_CONTEXT(2) 
PARAMETRIC_REPRESENTATION_CONTEXT() REPRESENTATION_CONTEXT('2D SPACE',''
  ) );
#3721 = ORIENTED_EDGE('',*,*,#3722,.T.);
#3722 = EDGE_CURVE('',#3702,#3647,#3723,.T.);
#3723 = SURFACE_CURVE('',#3724,(#3729,#3736),.PCURVE_S1.);
#3724 = CIRCLE('',#3725,11.);
#3725 = AXIS2_PLACEMENT_3D('',#3726,#3727,#3728);
#3726 = CARTESIAN_POINT('',(0.,0.,13.3));
#3727 = DIRECTION('',(0.,0.,1.));
#3728 = DIRECTION('',(1.,0.,-0.));
#3729 = PCURVE('',#33,#3730);
#3730 = DEFINITIONAL_REPRESENTATION('',(#3731),#3735);
#3731 = LINE('',#3732,#3733);
#3732 = CARTESIAN_POINT('',(0.,13.3));
#3733 = VECTOR('',#3734,1.);
#3734 = DIRECTION('',(1.,0.));
#3735 = ( GEOMETRIC_REPRESENTATION_CONTEXT(2) 
PARAMETRIC_REPRESENTATION_CONTEXT() REPRESENTATION_CONTEXT('2D SPACE',''
  ) );
#3736 = PCURVE('',#3737,#3742);
#3737 = PLANE('',#3738);
#3738 = AXIS2_PLACEMENT_3D('',#3739,#3740,#3741);
#3739 = CARTESIAN_POINT('',(10.368740944244,-4.61646089891,13.3));
#3740 = DIRECTION('',(0.,0.,1.));
#3741 = DIRECTION('',(0.913545457643,-0.406736643076,0.));
#3742 = DEFINITIONAL_REPRESENTATION('',(#3743),#3747);
#3743 = CIRCLE('',#3744,11.);
#3744 = AXIS2_PLACEMENT_2D('',#3745,#3746);
#3745 = CARTESIAN_POINT('',(-11.35,-5.201282161486E-16));
#3746 = DIRECTION('',(0.913545457643,0.406736643076));
#3747 = ( GEOMETRIC_REPRESENTATION_CONTEXT(2) 
PARAMETRIC_REPRESENTATION_CONTEXT() REPRESENTATION_CONTEXT('2D SPACE',''
  ) );
#3748 = FACE_BOUND('',#3749,.T.);
#3749 = EDGE_LOOP('',(#3750,#3778,#3807,#3828));
#3750 = ORIENTED_EDGE('',*,*,#3751,.F.);
#3751 = EDGE_CURVE('',#3752,#3754,#3756,.T.);
#3752 = VERTEX_POINT('',#3753);
#3753 = CARTESIAN_POINT('',(10.884490387268,-1.58992735981,2.3));
#3754 = VERTEX_POINT('',#3755);
#3755 = CARTESIAN_POINT('',(10.884490387268,-1.58992735981,13.3));
#3756 = SURFACE_CURVE('',#3757,(#3761,#3767),.PCURVE_S1.);
#3757 = LINE('',#3758,#3759);
#3758 = CARTESIAN_POINT('',(10.884490387268,-1.58992735981,0.));
#3759 = VECTOR('',#3760,1.);
#3760 = DIRECTION('',(0.,0.,1.));
#3761 = PCURVE('',#33,#3762);
#3762 = DEFINITIONAL_REPRESENTATION('',(#3763),#3766);
#3763 = B_SPLINE_CURVE_WITH_KNOTS('',1,(#3764,#3765),.UNSPECIFIED.,.F.,
  .F.,(2,2),(2.2999994,13.3000006),.PIECEWISE_BEZIER_KNOTS.);
#3764 = CARTESIAN_POINT('',(6.138138393523,2.2999994));
#3765 = CARTESIAN_POINT('',(6.138138393523,13.3000006));
#3766 = ( GEOMETRIC_REPRESENTATION_CONTEXT(2) 
PARAMETRIC_REPRESENTATION_CONTEXT() REPRESENTATION_CONTEXT('2D SPACE',''
  ) );
#3767 = PCURVE('',#3768,#3773);
#3768 = CYLINDRICAL_SURFACE('',#3769,0.8);
#3769 = AXIS2_PLACEMENT_3D('',#3770,#3771,#3772);
#3770 = CARTESIAN_POINT('',(11.101975268329,-2.359797690782,2.3));
#3771 = DIRECTION('',(0.,0.,1.));
#3772 = DIRECTION('',(0.978147600734,-0.207911690818,0.));
#3773 = DEFINITIONAL_REPRESENTATION('',(#3774),#3777);
#3774 = B_SPLINE_CURVE_WITH_KNOTS('',1,(#3775,#3776),.UNSPECIFIED.,.F.,
  .F.,(2,2),(2.2999994,13.3000006),.PIECEWISE_BEZIER_KNOTS.);
#3775 = CARTESIAN_POINT('',(2.055557086299,-5.999999999062E-07));
#3776 = CARTESIAN_POINT('',(2.055557086299,11.0000006));
#3777 = ( GEOMETRIC_REPRESENTATION_CONTEXT(2) 
PARAMETRIC_REPRESENTATION_CONTEXT() REPRESENTATION_CONTEXT('2D SPACE',''
  ) );
#3778 = ORIENTED_EDGE('',*,*,#3779,.F.);
#3779 = EDGE_CURVE('',#3780,#3752,#3782,.T.);
#3780 = VERTEX_POINT('',#3781);
#3781 = CARTESIAN_POINT('',(10.590158469107,-2.974650164172,2.3));
#3782 = SURFACE_CURVE('',#3783,(#3788,#3795),.PCURVE_S1.);
#3783 = CIRCLE('',#3784,11.);
#3784 = AXIS2_PLACEMENT_3D('',#3785,#3786,#3787);
#3785 = CARTESIAN_POINT('',(0.,0.,2.3));
#3786 = DIRECTION('',(0.,0.,1.));
#3787 = DIRECTION('',(1.,0.,-0.));
#3788 = PCURVE('',#33,#3789);
#3789 = DEFINITIONAL_REPRESENTATION('',(#3790),#3794);
#3790 = LINE('',#3791,#3792);
#3791 = CARTESIAN_POINT('',(0.,2.3));
#3792 = VECTOR('',#3793,1.);
#3793 = DIRECTION('',(1.,0.));
#3794 = ( GEOMETRIC_REPRESENTATION_CONTEXT(2) 
PARAMETRIC_REPRESENTATION_CONTEXT() REPRESENTATION_CONTEXT('2D SPACE',''
  ) );
#3795 = PCURVE('',#3796,#3801);
#3796 = PLANE('',#3797);
#3797 = AXIS2_PLACEMENT_3D('',#3798,#3799,#3800);
#3798 = CARTESIAN_POINT('',(11.101975268329,-2.359797690782,2.3));
#3799 = DIRECTION('',(0.,0.,1.));
#3800 = DIRECTION('',(0.978147600734,-0.207911690818,0.));
#3801 = DEFINITIONAL_REPRESENTATION('',(#3802),#3806);
#3802 = CIRCLE('',#3803,11.);
#3803 = AXIS2_PLACEMENT_2D('',#3804,#3805);
#3804 = CARTESIAN_POINT('',(-11.35,-8.239891381415E-17));
#3805 = DIRECTION('',(0.978147600734,0.207911690818));
#3806 = ( GEOMETRIC_REPRESENTATION_CONTEXT(2) 
PARAMETRIC_REPRESENTATION_CONTEXT() REPRESENTATION_CONTEXT('2D SPACE',''
  ) );
#3807 = ORIENTED_EDGE('',*,*,#3808,.T.);
#3808 = EDGE_CURVE('',#3780,#3809,#3811,.T.);
#3809 = VERTEX_POINT('',#3810);
#3810 = CARTESIAN_POINT('',(10.590158469107,-2.974650164172,13.3));
#3811 = SURFACE_CURVE('',#3812,(#3816,#3822),.PCURVE_S1.);
#3812 = LINE('',#3813,#3814);
#3813 = CARTESIAN_POINT('',(10.590158469107,-2.974650164172,0.));
#3814 = VECTOR('',#3815,1.);
#3815 = DIRECTION('',(0.,0.,1.));
#3816 = PCURVE('',#33,#3817);
#3817 = DEFINITIONAL_REPRESENTATION('',(#3818),#3821);
#3818 = B_SPLINE_CURVE_WITH_KNOTS('',1,(#3819,#3820),.UNSPECIFIED.,.F.,
  .F.,(2,2),(2.2999994,13.3000006),.PIECEWISE_BEZIER_KNOTS.);
#3819 = CARTESIAN_POINT('',(6.009353200358,2.2999994));
#3820 = CARTESIAN_POINT('',(6.009353200358,13.3000006));
#3821 = ( GEOMETRIC_REPRESENTATION_CONTEXT(2) 
PARAMETRIC_REPRESENTATION_CONTEXT() REPRESENTATION_CONTEXT('2D SPACE',''
  ) );
#3822 = PCURVE('',#3768,#3823);
#3823 = DEFINITIONAL_REPRESENTATION('',(#3824),#3827);
#3824 = B_SPLINE_CURVE_WITH_KNOTS('',1,(#3825,#3826),.UNSPECIFIED.,.F.,
  .F.,(2,2),(2.2999994,13.3000006),.PIECEWISE_BEZIER_KNOTS.);
#3825 = CARTESIAN_POINT('',(4.227628220881,-5.999999999062E-07));
#3826 = CARTESIAN_POINT('',(4.227628220881,11.0000006));
#3827 = ( GEOMETRIC_REPRESENTATION_CONTEXT(2) 
PARAMETRIC_REPRESENTATION_CONTEXT() REPRESENTATION_CONTEXT('2D SPACE',''
  ) );
#3828 = ORIENTED_EDGE('',*,*,#3829,.T.);
#3829 = EDGE_CURVE('',#3809,#3754,#3830,.T.);
#3830 = SURFACE_CURVE('',#3831,(#3836,#3843),.PCURVE_S1.);
#3831 = CIRCLE('',#3832,11.);
#3832 = AXIS2_PLACEMENT_3D('',#3833,#3834,#3835);
#3833 = CARTESIAN_POINT('',(0.,0.,13.3));
#3834 = DIRECTION('',(0.,0.,1.));
#3835 = DIRECTION('',(1.,0.,-0.));
#3836 = PCURVE('',#33,#3837);
#3837 = DEFINITIONAL_REPRESENTATION('',(#3838),#3842);
#3838 = LINE('',#3839,#3840);
#3839 = CARTESIAN_POINT('',(0.,13.3));
#3840 = VECTOR('',#3841,1.);
#3841 = DIRECTION('',(1.,0.));
#3842 = ( GEOMETRIC_REPRESENTATION_CONTEXT(2) 
PARAMETRIC_REPRESENTATION_CONTEXT() REPRESENTATION_CONTEXT('2D SPACE',''
  ) );
#3843 = PCURVE('',#3844,#3849);
#3844 = PLANE('',#3845);
#3845 = AXIS2_PLACEMENT_3D('',#3846,#3847,#3848);
#3846 = CARTESIAN_POINT('',(11.101975268329,-2.359797690782,13.3));
#3847 = DIRECTION('',(0.,0.,1.));
#3848 = DIRECTION('',(0.978147600734,-0.207911690818,0.));
#3849 = DEFINITIONAL_REPRESENTATION('',(#3850),#3854);
#3850 = CIRCLE('',#3851,11.);
#3851 = AXIS2_PLACEMENT_2D('',#3852,#3853);
#3852 = CARTESIAN_POINT('',(-11.35,-8.239891381415E-17));
#3853 = DIRECTION('',(0.978147600734,0.207911690818));
#3854 = ( GEOMETRIC_REPRESENTATION_CONTEXT(2) 
PARAMETRIC_REPRESENTATION_CONTEXT() REPRESENTATION_CONTEXT('2D SPACE',''
  ) );
#3855 = ADVANCED_FACE('',(#3856),#45,.T.);
#3856 = FACE_BOUND('',#3857,.T.);
#3857 = EDGE_LOOP('',(#3858,#3859,#3881));
#3858 = ORIENTED_EDGE('',*,*,#444,.T.);
#3859 = ORIENTED_EDGE('',*,*,#3860,.T.);
#3860 = EDGE_CURVE('',#424,#22,#3861,.T.);
#3861 = SURFACE_CURVE('',#3862,(#3867,#3874),.PCURVE_S1.);
#3862 = CIRCLE('',#3863,0.8);
#3863 = AXIS2_PLACEMENT_3D('',#3864,#3865,#3866);
#3864 = CARTESIAN_POINT('',(11.35,0.,2.3));
#3865 = DIRECTION('',(0.,0.,1.));
#3866 = DIRECTION('',(1.,0.,0.));
#3867 = PCURVE('',#45,#3868);
#3868 = DEFINITIONAL_REPRESENTATION('',(#3869),#3873);
#3869 = CIRCLE('',#3870,0.8);
#3870 = AXIS2_PLACEMENT_2D('',#3871,#3872);
#3871 = CARTESIAN_POINT('',(0.,0.));
#3872 = DIRECTION('',(1.,0.));
#3873 = ( GEOMETRIC_REPRESENTATION_CONTEXT(2) 
PARAMETRIC_REPRESENTATION_CONTEXT() REPRESENTATION_CONTEXT('2D SPACE',''
  ) );
#3874 = PCURVE('',#72,#3875);
#3875 = DEFINITIONAL_REPRESENTATION('',(#3876),#3880);
#3876 = LINE('',#3877,#3878);
#3877 = CARTESIAN_POINT('',(0.,0.));
#3878 = VECTOR('',#3879,1.);
#3879 = DIRECTION('',(1.,0.));
#3880 = ( GEOMETRIC_REPRESENTATION_CONTEXT(2) 
PARAMETRIC_REPRESENTATION_CONTEXT() REPRESENTATION_CONTEXT('2D SPACE',''
  ) );
#3881 = ORIENTED_EDGE('',*,*,#21,.T.);
#3882 = ADVANCED_FACE('',(#3883,#3886),#504,.F.);
#3883 = FACE_BOUND('',#3884,.F.);
#3884 = EDGE_LOOP('',(#3885));
#3885 = ORIENTED_EDGE('',*,*,#489,.T.);
#3886 = FACE_BOUND('',#3887,.F.);
#3887 = EDGE_LOOP('',(#3888,#3916,#3942,#3971,#3992,#4018,#4047,#4068,
    #4094,#4123,#4144,#4170,#4199,#4220,#4246,#4275,#4296,#4317));
#3888 = ORIENTED_EDGE('',*,*,#3889,.T.);
#3889 = EDGE_CURVE('',#3890,#3892,#3894,.T.);
#3890 = VERTEX_POINT('',#3891);
#3891 = CARTESIAN_POINT('',(-3.494694100674,4.247012260721,0.));
#3892 = VERTEX_POINT('',#3893);
#3893 = CARTESIAN_POINT('',(-2.973353886327,5.15,0.));
#3894 = SURFACE_CURVE('',#3895,(#3899,#3905),.PCURVE_S1.);
#3895 = LINE('',#3896,#3897);
#3896 = CARTESIAN_POINT('',(-3.716692357908,3.8625,0.));
#3897 = VECTOR('',#3898,1.);
#3898 = DIRECTION('',(0.5,0.866025403784,-0.));
#3899 = PCURVE('',#504,#3900);
#3900 = DEFINITIONAL_REPRESENTATION('',(#3901),#3904);
#3901 = B_SPLINE_CURVE_WITH_KNOTS('',1,(#3902,#3903),.UNSPECIFIED.,.F.,
  .F.,(2,2),(-4.46003082949,1.486676943163),.PIECEWISE_BEZIER_KNOTS.);
#3902 = CARTESIAN_POINT('',(-5.946707772653,-2.631925828977E-17));
#3903 = CARTESIAN_POINT('',(-2.973353886327,5.15));
#3904 = ( GEOMETRIC_REPRESENTATION_CONTEXT(2) 
PARAMETRIC_REPRESENTATION_CONTEXT() REPRESENTATION_CONTEXT('2D SPACE',''
  ) );
#3905 = PCURVE('',#3906,#3911);
#3906 = PLANE('',#3907);
#3907 = AXIS2_PLACEMENT_3D('',#3908,#3909,#3910);
#3908 = CARTESIAN_POINT('',(-2.973353886327,5.15,-0.1));
#3909 = DIRECTION('',(0.866025403784,-0.5,0.));
#3910 = DIRECTION('',(-0.5,-0.866025403784,0.));
#3911 = DEFINITIONAL_REPRESENTATION('',(#3912),#3915);
#3912 = B_SPLINE_CURVE_WITH_KNOTS('',1,(#3913,#3914),.UNSPECIFIED.,.F.,
  .F.,(2,2),(-4.46003082949,1.486676943163),.PIECEWISE_BEZIER_KNOTS.);
#3913 = CARTESIAN_POINT('',(5.946707772653,-0.1));
#3914 = CARTESIAN_POINT('',(0.,-0.1));
#3915 = ( GEOMETRIC_REPRESENTATION_CONTEXT(2) 
PARAMETRIC_REPRESENTATION_CONTEXT() REPRESENTATION_CONTEXT('2D SPACE',''
  ) );
#3916 = ORIENTED_EDGE('',*,*,#3917,.T.);
#3917 = EDGE_CURVE('',#3892,#3918,#3920,.T.);
#3918 = VERTEX_POINT('',#3919);
#3919 = CARTESIAN_POINT('',(-1.930673457631,5.15,0.));
#3920 = SURFACE_CURVE('',#3921,(#3925,#3931),.PCURVE_S1.);
#3921 = LINE('',#3922,#3923);
#3922 = CARTESIAN_POINT('',(1.486676943163,5.15,0.));
#3923 = VECTOR('',#3924,1.);
#3924 = DIRECTION('',(1.,-1.49356325156E-16,0.));
#3925 = PCURVE('',#504,#3926);
#3926 = DEFINITIONAL_REPRESENTATION('',(#3927),#3930);
#3927 = B_SPLINE_CURVE_WITH_KNOTS('',1,(#3928,#3929),.UNSPECIFIED.,.F.,
  .F.,(2,2),(-4.46003082949,1.486676943163),.PIECEWISE_BEZIER_KNOTS.);
#3928 = CARTESIAN_POINT('',(-2.973353886327,5.15));
#3929 = CARTESIAN_POINT('',(2.973353886327,5.15));
#3930 = ( GEOMETRIC_REPRESENTATION_CONTEXT(2) 
PARAMETRIC_REPRESENTATION_CONTEXT() REPRESENTATION_CONTEXT('2D SPACE',''
  ) );
#3931 = PCURVE('',#3932,#3937);
#3932 = PLANE('',#3933);
#3933 = AXIS2_PLACEMENT_3D('',#3934,#3935,#3936);
#3934 = CARTESIAN_POINT('',(2.973353886327,5.15,-0.1));
#3935 = DIRECTION('',(-1.49356325156E-16,-1.,0.));
#3936 = DIRECTION('',(-1.,1.49356325156E-16,0.));
#3937 = DEFINITIONAL_REPRESENTATION('',(#3938),#3941);
#3938 = B_SPLINE_CURVE_WITH_KNOTS('',1,(#3939,#3940),.UNSPECIFIED.,.F.,
  .F.,(2,2),(-4.46003082949,1.486676943163),.PIECEWISE_BEZIER_KNOTS.);
#3939 = CARTESIAN_POINT('',(5.946707772653,-0.1));
#3940 = CARTESIAN_POINT('',(0.,-0.1));
#3941 = ( GEOMETRIC_REPRESENTATION_CONTEXT(2) 
PARAMETRIC_REPRESENTATION_CONTEXT() REPRESENTATION_CONTEXT('2D SPACE',''
  ) );
#3942 = ORIENTED_EDGE('',*,*,#3943,.F.);
#3943 = EDGE_CURVE('',#3944,#3918,#3946,.T.);
#3944 = VERTEX_POINT('',#3945);
#3945 = CARTESIAN_POINT('',(1.930673457631,5.15,0.));
#3946 = SURFACE_CURVE('',#3947,(#3952,#3959),.PCURVE_S1.);
#3947 = CIRCLE('',#3948,5.5);
#3948 = AXIS2_PLACEMENT_3D('',#3949,#3950,#3951);
#3949 = CARTESIAN_POINT('',(0.,0.,0.));
#3950 = DIRECTION('',(0.,0.,1.));
#3951 = DIRECTION('',(1.,0.,-0.));
#3952 = PCURVE('',#504,#3953);
#3953 = DEFINITIONAL_REPRESENTATION('',(#3954),#3958);
#3954 = CIRCLE('',#3955,5.5);
#3955 = AXIS2_PLACEMENT_2D('',#3956,#3957);
#3956 = CARTESIAN_POINT('',(0.,0.));
#3957 = DIRECTION('',(1.,0.));
#3958 = ( GEOMETRIC_REPRESENTATION_CONTEXT(2) 
PARAMETRIC_REPRESENTATION_CONTEXT() REPRESENTATION_CONTEXT('2D SPACE',''
  ) );
#3959 = PCURVE('',#3960,#3965);
#3960 = CYLINDRICAL_SURFACE('',#3961,5.5);
#3961 = AXIS2_PLACEMENT_3D('',#3962,#3963,#3964);
#3962 = CARTESIAN_POINT('',(0.,0.,-0.1));
#3963 = DIRECTION('',(0.,0.,1.));
#3964 = DIRECTION('',(1.,0.,-0.));
#3965 = DEFINITIONAL_REPRESENTATION('',(#3966),#3970);
#3966 = LINE('',#3967,#3968);
#3967 = CARTESIAN_POINT('',(0.,0.1));
#3968 = VECTOR('',#3969,1.);
#3969 = DIRECTION('',(1.,0.));
#3970 = ( GEOMETRIC_REPRESENTATION_CONTEXT(2) 
PARAMETRIC_REPRESENTATION_CONTEXT() REPRESENTATION_CONTEXT('2D SPACE',''
  ) );
#3971 = ORIENTED_EDGE('',*,*,#3972,.T.);
#3972 = EDGE_CURVE('',#3944,#3973,#3975,.T.);
#3973 = VERTEX_POINT('',#3974);
#3974 = CARTESIAN_POINT('',(2.973353886327,5.15,0.));
#3975 = SURFACE_CURVE('',#3976,(#3980,#3986),.PCURVE_S1.);
#3976 = LINE('',#3977,#3978);
#3977 = CARTESIAN_POINT('',(1.486676943163,5.15,0.));
#3978 = VECTOR('',#3979,1.);
#3979 = DIRECTION('',(1.,-1.49356325156E-16,0.));
#3980 = PCURVE('',#504,#3981);
#3981 = DEFINITIONAL_REPRESENTATION('',(#3982),#3985);
#3982 = B_SPLINE_CURVE_WITH_KNOTS('',1,(#3983,#3984),.UNSPECIFIED.,.F.,
  .F.,(2,2),(-4.46003082949,1.486676943163),.PIECEWISE_BEZIER_KNOTS.);
#3983 = CARTESIAN_POINT('',(-2.973353886327,5.15));
#3984 = CARTESIAN_POINT('',(2.973353886327,5.15));
#3985 = ( GEOMETRIC_REPRESENTATION_CONTEXT(2) 
PARAMETRIC_REPRESENTATION_CONTEXT() REPRESENTATION_CONTEXT('2D SPACE',''
  ) );
#3986 = PCURVE('',#3932,#3987);
#3987 = DEFINITIONAL_REPRESENTATION('',(#3988),#3991);
#3988 = B_SPLINE_CURVE_WITH_KNOTS('',1,(#3989,#3990),.UNSPECIFIED.,.F.,
  .F.,(2,2),(-4.46003082949,1.486676943163),.PIECEWISE_BEZIER_KNOTS.);
#3989 = CARTESIAN_POINT('',(5.946707772653,-0.1));
#3990 = CARTESIAN_POINT('',(0.,-0.1));
#3991 = ( GEOMETRIC_REPRESENTATION_CONTEXT(2) 
PARAMETRIC_REPRESENTATION_CONTEXT() REPRESENTATION_CONTEXT('2D SPACE',''
  ) );
#3992 = ORIENTED_EDGE('',*,*,#3993,.T.);
#3993 = EDGE_CURVE('',#3973,#3994,#3996,.T.);
#3994 = VERTEX_POINT('',#3995);
#3995 = CARTESIAN_POINT('',(3.494694100674,4.247012260721,0.));
#3996 = SURFACE_CURVE('',#3997,(#4001,#4007),.PCURVE_S1.);
#3997 = LINE('',#3998,#3999);
#3998 = CARTESIAN_POINT('',(5.203369301072,1.2875,0.));
#3999 = VECTOR('',#4000,1.);
#4000 = DIRECTION('',(0.5,-0.866025403784,0.));
#4001 = PCURVE('',#504,#4002);
#4002 = DEFINITIONAL_REPRESENTATION('',(#4003),#4006);
#4003 = B_SPLINE_CURVE_WITH_KNOTS('',1,(#4004,#4005),.UNSPECIFIED.,.F.,
  .F.,(2,2),(-4.46003082949,1.486676943163),.PIECEWISE_BEZIER_KNOTS.);
#4004 = CARTESIAN_POINT('',(2.973353886327,5.15));
#4005 = CARTESIAN_POINT('',(5.946707772653,8.256764150663E-17));
#4006 = ( GEOMETRIC_REPRESENTATION_CONTEXT(2) 
PARAMETRIC_REPRESENTATION_CONTEXT() REPRESENTATION_CONTEXT('2D SPACE',''
  ) );
#4007 = PCURVE('',#4008,#4013);
#4008 = PLANE('',#4009);
#4009 = AXIS2_PLACEMENT_3D('',#4010,#4011,#4012);
#4010 = CARTESIAN_POINT('',(5.946707772653,0.,-0.1));
#4011 = DIRECTION('',(-0.866025403784,-0.5,0.));
#4012 = DIRECTION('',(-0.5,0.866025403784,0.));
#4013 = DEFINITIONAL_REPRESENTATION('',(#4014),#4017);
#4014 = B_SPLINE_CURVE_WITH_KNOTS('',1,(#4015,#4016),.UNSPECIFIED.,.F.,
  .F.,(2,2),(-4.46003082949,1.486676943163),.PIECEWISE_BEZIER_KNOTS.);
#4015 = CARTESIAN_POINT('',(5.946707772653,-0.1));
#4016 = CARTESIAN_POINT('',(0.,-0.1));
#4017 = ( GEOMETRIC_REPRESENTATION_CONTEXT(2) 
PARAMETRIC_REPRESENTATION_CONTEXT() REPRESENTATION_CONTEXT('2D SPACE',''
  ) );
#4018 = ORIENTED_EDGE('',*,*,#4019,.F.);
#4019 = EDGE_CURVE('',#4020,#3994,#4022,.T.);
#4020 = VERTEX_POINT('',#4021);
#4021 = CARTESIAN_POINT('',(5.425367558305,0.902987739279,0.));
#4022 = SURFACE_CURVE('',#4023,(#4028,#4035),.PCURVE_S1.);
#4023 = CIRCLE('',#4024,5.5);
#4024 = AXIS2_PLACEMENT_3D('',#4025,#4026,#4027);
#4025 = CARTESIAN_POINT('',(0.,0.,0.));
#4026 = DIRECTION('',(0.,0.,1.));
#4027 = DIRECTION('',(1.,0.,-0.));
#4028 = PCURVE('',#504,#4029);
#4029 = DEFINITIONAL_REPRESENTATION('',(#4030),#4034);
#4030 = CIRCLE('',#4031,5.5);
#4031 = AXIS2_PLACEMENT_2D('',#4032,#4033);
#4032 = CARTESIAN_POINT('',(0.,0.));
#4033 = DIRECTION('',(1.,0.));
#4034 = ( GEOMETRIC_REPRESENTATION_CONTEXT(2) 
PARAMETRIC_REPRESENTATION_CONTEXT() REPRESENTATION_CONTEXT('2D SPACE',''
  ) );
#4035 = PCURVE('',#4036,#4041);
#4036 = CYLINDRICAL_SURFACE('',#4037,5.5);
#4037 = AXIS2_PLACEMENT_3D('',#4038,#4039,#4040);
#4038 = CARTESIAN_POINT('',(0.,0.,-0.1));
#4039 = DIRECTION('',(0.,0.,1.));
#4040 = DIRECTION('',(1.,0.,-0.));
#4041 = DEFINITIONAL_REPRESENTATION('',(#4042),#4046);
#4042 = LINE('',#4043,#4044);
#4043 = CARTESIAN_POINT('',(0.,0.1));
#4044 = VECTOR('',#4045,1.);
#4045 = DIRECTION('',(1.,0.));
#4046 = ( GEOMETRIC_REPRESENTATION_CONTEXT(2) 
PARAMETRIC_REPRESENTATION_CONTEXT() REPRESENTATION_CONTEXT('2D SPACE',''
  ) );
#4047 = ORIENTED_EDGE('',*,*,#4048,.T.);
#4048 = EDGE_CURVE('',#4020,#4049,#4051,.T.);
#4049 = VERTEX_POINT('',#4050);
#4050 = CARTESIAN_POINT('',(5.946707772653,0.,0.));
#4051 = SURFACE_CURVE('',#4052,(#4056,#4062),.PCURVE_S1.);
#4052 = LINE('',#4053,#4054);
#4053 = CARTESIAN_POINT('',(5.203369301072,1.2875,0.));
#4054 = VECTOR('',#4055,1.);
#4055 = DIRECTION('',(0.5,-0.866025403784,0.));
#4056 = PCURVE('',#504,#4057);
#4057 = DEFINITIONAL_REPRESENTATION('',(#4058),#4061);
#4058 = B_SPLINE_CURVE_WITH_KNOTS('',1,(#4059,#4060),.UNSPECIFIED.,.F.,
  .F.,(2,2),(-4.46003082949,1.486676943163),.PIECEWISE_BEZIER_KNOTS.);
#4059 = CARTESIAN_POINT('',(2.973353886327,5.15));
#4060 = CARTESIAN_POINT('',(5.946707772653,8.256764150663E-17));
#4061 = ( GEOMETRIC_REPRESENTATION_CONTEXT(2) 
PARAMETRIC_REPRESENTATION_CONTEXT() REPRESENTATION_CONTEXT('2D SPACE',''
  ) );
#4062 = PCURVE('',#4008,#4063);
#4063 = DEFINITIONAL_REPRESENTATION('',(#4064),#4067);
#4064 = B_SPLINE_CURVE_WITH_KNOTS('',1,(#4065,#4066),.UNSPECIFIED.,.F.,
  .F.,(2,2),(-4.46003082949,1.486676943163),.PIECEWISE_BEZIER_KNOTS.);
#4065 = CARTESIAN_POINT('',(5.946707772653,-0.1));
#4066 = CARTESIAN_POINT('',(0.,-0.1));
#4067 = ( GEOMETRIC_REPRESENTATION_CONTEXT(2) 
PARAMETRIC_REPRESENTATION_CONTEXT() REPRESENTATION_CONTEXT('2D SPACE',''
  ) );
#4068 = ORIENTED_EDGE('',*,*,#4069,.T.);
#4069 = EDGE_CURVE('',#4049,#4070,#4072,.T.);
#4070 = VERTEX_POINT('',#4071);
#4071 = CARTESIAN_POINT('',(5.425367558305,-0.902987739279,0.));
#4072 = SURFACE_CURVE('',#4073,(#4077,#4083),.PCURVE_S1.);
#4073 = LINE('',#4074,#4075);
#4074 = CARTESIAN_POINT('',(3.716692357908,-3.8625,0.));
#4075 = VECTOR('',#4076,1.);
#4076 = DIRECTION('',(-0.5,-0.866025403784,0.));
#4077 = PCURVE('',#504,#4078);
#4078 = DEFINITIONAL_REPRESENTATION('',(#4079),#4082);
#4079 = B_SPLINE_CURVE_WITH_KNOTS('',1,(#4080,#4081),.UNSPECIFIED.,.F.,
  .F.,(2,2),(-4.46003082949,1.486676943163),.PIECEWISE_BEZIER_KNOTS.);
#4080 = CARTESIAN_POINT('',(5.946707772653,1.963862853302E-16));
#4081 = CARTESIAN_POINT('',(2.973353886327,-5.15));
#4082 = ( GEOMETRIC_REPRESENTATION_CONTEXT(2) 
PARAMETRIC_REPRESENTATION_CONTEXT() REPRESENTATION_CONTEXT('2D SPACE',''
  ) );
#4083 = PCURVE('',#4084,#4089);
#4084 = PLANE('',#4085);
#4085 = AXIS2_PLACEMENT_3D('',#4086,#4087,#4088);
#4086 = CARTESIAN_POINT('',(2.973353886327,-5.15,-0.1));
#4087 = DIRECTION('',(-0.866025403784,0.5,0.));
#4088 = DIRECTION('',(0.5,0.866025403784,0.));
#4089 = DEFINITIONAL_REPRESENTATION('',(#4090),#4093);
#4090 = B_SPLINE_CURVE_WITH_KNOTS('',1,(#4091,#4092),.UNSPECIFIED.,.F.,
  .F.,(2,2),(-4.46003082949,1.486676943163),.PIECEWISE_BEZIER_KNOTS.);
#4091 = CARTESIAN_POINT('',(5.946707772653,-0.1));
#4092 = CARTESIAN_POINT('',(0.,-0.1));
#4093 = ( GEOMETRIC_REPRESENTATION_CONTEXT(2) 
PARAMETRIC_REPRESENTATION_CONTEXT() REPRESENTATION_CONTEXT('2D SPACE',''
  ) );
#4094 = ORIENTED_EDGE('',*,*,#4095,.F.);
#4095 = EDGE_CURVE('',#4096,#4070,#4098,.T.);
#4096 = VERTEX_POINT('',#4097);
#4097 = CARTESIAN_POINT('',(3.494694100674,-4.247012260721,0.));
#4098 = SURFACE_CURVE('',#4099,(#4104,#4111),.PCURVE_S1.);
#4099 = CIRCLE('',#4100,5.5);
#4100 = AXIS2_PLACEMENT_3D('',#4101,#4102,#4103);
#4101 = CARTESIAN_POINT('',(0.,0.,0.));
#4102 = DIRECTION('',(0.,0.,1.));
#4103 = DIRECTION('',(1.,0.,-0.));
#4104 = PCURVE('',#504,#4105);
#4105 = DEFINITIONAL_REPRESENTATION('',(#4106),#4110);
#4106 = CIRCLE('',#4107,5.5);
#4107 = AXIS2_PLACEMENT_2D('',#4108,#4109);
#4108 = CARTESIAN_POINT('',(0.,0.));
#4109 = DIRECTION('',(1.,0.));
#4110 = ( GEOMETRIC_REPRESENTATION_CONTEXT(2) 
PARAMETRIC_REPRESENTATION_CONTEXT() REPRESENTATION_CONTEXT('2D SPACE',''
  ) );
#4111 = PCURVE('',#4112,#4117);
#4112 = CYLINDRICAL_SURFACE('',#4113,5.5);
#4113 = AXIS2_PLACEMENT_3D('',#4114,#4115,#4116);
#4114 = CARTESIAN_POINT('',(0.,0.,-0.1));
#4115 = DIRECTION('',(0.,0.,1.));
#4116 = DIRECTION('',(1.,0.,-0.));
#4117 = DEFINITIONAL_REPRESENTATION('',(#4118),#4122);
#4118 = LINE('',#4119,#4120);
#4119 = CARTESIAN_POINT('',(0.,0.1));
#4120 = VECTOR('',#4121,1.);
#4121 = DIRECTION('',(1.,0.));
#4122 = ( GEOMETRIC_REPRESENTATION_CONTEXT(2) 
PARAMETRIC_REPRESENTATION_CONTEXT() REPRESENTATION_CONTEXT('2D SPACE',''
  ) );
#4123 = ORIENTED_EDGE('',*,*,#4124,.T.);
#4124 = EDGE_CURVE('',#4096,#4125,#4127,.T.);
#4125 = VERTEX_POINT('',#4126);
#4126 = CARTESIAN_POINT('',(2.973353886327,-5.15,0.));
#4127 = SURFACE_CURVE('',#4128,(#4132,#4138),.PCURVE_S1.);
#4128 = LINE('',#4129,#4130);
#4129 = CARTESIAN_POINT('',(3.716692357908,-3.8625,0.));
#4130 = VECTOR('',#4131,1.);
#4131 = DIRECTION('',(-0.5,-0.866025403784,0.));
#4132 = PCURVE('',#504,#4133);
#4133 = DEFINITIONAL_REPRESENTATION('',(#4134),#4137);
#4134 = B_SPLINE_CURVE_WITH_KNOTS('',1,(#4135,#4136),.UNSPECIFIED.,.F.,
  .F.,(2,2),(-4.46003082949,1.486676943163),.PIECEWISE_BEZIER_KNOTS.);
#4135 = CARTESIAN_POINT('',(5.946707772653,1.963862853302E-16));
#4136 = CARTESIAN_POINT('',(2.973353886327,-5.15));
#4137 = ( GEOMETRIC_REPRESENTATION_CONTEXT(2) 
PARAMETRIC_REPRESENTATION_CONTEXT() REPRESENTATION_CONTEXT('2D SPACE',''
  ) );
#4138 = PCURVE('',#4084,#4139);
#4139 = DEFINITIONAL_REPRESENTATION('',(#4140),#4143);
#4140 = B_SPLINE_CURVE_WITH_KNOTS('',1,(#4141,#4142),.UNSPECIFIED.,.F.,
  .F.,(2,2),(-4.46003082949,1.486676943163),.PIECEWISE_BEZIER_KNOTS.);
#4141 = CARTESIAN_POINT('',(5.946707772653,-0.1));
#4142 = CARTESIAN_POINT('',(0.,-0.1));
#4143 = ( GEOMETRIC_REPRESENTATION_CONTEXT(2) 
PARAMETRIC_REPRESENTATION_CONTEXT() REPRESENTATION_CONTEXT('2D SPACE',''
  ) );
#4144 = ORIENTED_EDGE('',*,*,#4145,.T.);
#4145 = EDGE_CURVE('',#4125,#4146,#4148,.T.);
#4146 = VERTEX_POINT('',#4147);
#4147 = CARTESIAN_POINT('',(1.930673457631,-5.15,0.));
#4148 = SURFACE_CURVE('',#4149,(#4153,#4159),.PCURVE_S1.);
#4149 = LINE('',#4150,#4151);
#4150 = CARTESIAN_POINT('',(-1.486676943163,-5.15,0.));
#4151 = VECTOR('',#4152,1.);
#4152 = DIRECTION('',(-1.,2.98712650312E-16,0.));
#4153 = PCURVE('',#504,#4154);
#4154 = DEFINITIONAL_REPRESENTATION('',(#4155),#4158);
#4155 = B_SPLINE_CURVE_WITH_KNOTS('',1,(#4156,#4157),.UNSPECIFIED.,.F.,
  .F.,(2,2),(-4.46003082949,1.486676943163),.PIECEWISE_BEZIER_KNOTS.);
#4156 = CARTESIAN_POINT('',(2.973353886327,-5.15));
#4157 = CARTESIAN_POINT('',(-2.973353886327,-5.15));
#4158 = ( GEOMETRIC_REPRESENTATION_CONTEXT(2) 
PARAMETRIC_REPRESENTATION_CONTEXT() REPRESENTATION_CONTEXT('2D SPACE',''
  ) );
#4159 = PCURVE('',#4160,#4165);
#4160 = PLANE('',#4161);
#4161 = AXIS2_PLACEMENT_3D('',#4162,#4163,#4164);
#4162 = CARTESIAN_POINT('',(-2.973353886327,-5.15,-0.1));
#4163 = DIRECTION('',(2.98712650312E-16,1.,-0.));
#4164 = DIRECTION('',(1.,-2.98712650312E-16,0.));
#4165 = DEFINITIONAL_REPRESENTATION('',(#4166),#4169);
#4166 = B_SPLINE_CURVE_WITH_KNOTS('',1,(#4167,#4168),.UNSPECIFIED.,.F.,
  .F.,(2,2),(-4.46003082949,1.486676943163),.PIECEWISE_BEZIER_KNOTS.);
#4167 = CARTESIAN_POINT('',(5.946707772653,-0.1));
#4168 = CARTESIAN_POINT('',(0.,-0.1));
#4169 = ( GEOMETRIC_REPRESENTATION_CONTEXT(2) 
PARAMETRIC_REPRESENTATION_CONTEXT() REPRESENTATION_CONTEXT('2D SPACE',''
  ) );
#4170 = ORIENTED_EDGE('',*,*,#4171,.F.);
#4171 = EDGE_CURVE('',#4172,#4146,#4174,.T.);
#4172 = VERTEX_POINT('',#4173);
#4173 = CARTESIAN_POINT('',(-1.930673457631,-5.15,0.));
#4174 = SURFACE_CURVE('',#4175,(#4180,#4187),.PCURVE_S1.);
#4175 = CIRCLE('',#4176,5.5);
#4176 = AXIS2_PLACEMENT_3D('',#4177,#4178,#4179);
#4177 = CARTESIAN_POINT('',(0.,0.,0.));
#4178 = DIRECTION('',(0.,0.,1.));
#4179 = DIRECTION('',(1.,0.,-0.));
#4180 = PCURVE('',#504,#4181);
#4181 = DEFINITIONAL_REPRESENTATION('',(#4182),#4186);
#4182 = CIRCLE('',#4183,5.5);
#4183 = AXIS2_PLACEMENT_2D('',#4184,#4185);
#4184 = CARTESIAN_POINT('',(0.,0.));
#4185 = DIRECTION('',(1.,0.));
#4186 = ( GEOMETRIC_REPRESENTATION_CONTEXT(2) 
PARAMETRIC_REPRESENTATION_CONTEXT() REPRESENTATION_CONTEXT('2D SPACE',''
  ) );
#4187 = PCURVE('',#4188,#4193);
#4188 = CYLINDRICAL_SURFACE('',#4189,5.5);
#4189 = AXIS2_PLACEMENT_3D('',#4190,#4191,#4192);
#4190 = CARTESIAN_POINT('',(0.,0.,-0.1));
#4191 = DIRECTION('',(0.,0.,1.));
#4192 = DIRECTION('',(1.,0.,-0.));
#4193 = DEFINITIONAL_REPRESENTATION('',(#4194),#4198);
#4194 = LINE('',#4195,#4196);
#4195 = CARTESIAN_POINT('',(0.,0.1));
#4196 = VECTOR('',#4197,1.);
#4197 = DIRECTION('',(1.,0.));
#4198 = ( GEOMETRIC_REPRESENTATION_CONTEXT(2) 
PARAMETRIC_REPRESENTATION_CONTEXT() REPRESENTATION_CONTEXT('2D SPACE',''
  ) );
#4199 = ORIENTED_EDGE('',*,*,#4200,.T.);
#4200 = EDGE_CURVE('',#4172,#4201,#4203,.T.);
#4201 = VERTEX_POINT('',#4202);
#4202 = CARTESIAN_POINT('',(-2.973353886327,-5.15,0.));
#4203 = SURFACE_CURVE('',#4204,(#4208,#4214),.PCURVE_S1.);
#4204 = LINE('',#4205,#4206);
#4205 = CARTESIAN_POINT('',(-1.486676943163,-5.15,0.));
#4206 = VECTOR('',#4207,1.);
#4207 = DIRECTION('',(-1.,2.98712650312E-16,0.));
#4208 = PCURVE('',#504,#4209);
#4209 = DEFINITIONAL_REPRESENTATION('',(#4210),#4213);
#4210 = B_SPLINE_CURVE_WITH_KNOTS('',1,(#4211,#4212),.UNSPECIFIED.,.F.,
  .F.,(2,2),(-4.46003082949,1.486676943163),.PIECEWISE_BEZIER_KNOTS.);
#4211 = CARTESIAN_POINT('',(2.973353886327,-5.15));
#4212 = CARTESIAN_POINT('',(-2.973353886327,-5.15));
#4213 = ( GEOMETRIC_REPRESENTATION_CONTEXT(2) 
PARAMETRIC_REPRESENTATION_CONTEXT() REPRESENTATION_CONTEXT('2D SPACE',''
  ) );
#4214 = PCURVE('',#4160,#4215);
#4215 = DEFINITIONAL_REPRESENTATION('',(#4216),#4219);
#4216 = B_SPLINE_CURVE_WITH_KNOTS('',1,(#4217,#4218),.UNSPECIFIED.,.F.,
  .F.,(2,2),(-4.46003082949,1.486676943163),.PIECEWISE_BEZIER_KNOTS.);
#4217 = CARTESIAN_POINT('',(5.946707772653,-0.1));
#4218 = CARTESIAN_POINT('',(0.,-0.1));
#4219 = ( GEOMETRIC_REPRESENTATION_CONTEXT(2) 
PARAMETRIC_REPRESENTATION_CONTEXT() REPRESENTATION_CONTEXT('2D SPACE',''
  ) );
#4220 = ORIENTED_EDGE('',*,*,#4221,.T.);
#4221 = EDGE_CURVE('',#4201,#4222,#4224,.T.);
#4222 = VERTEX_POINT('',#4223);
#4223 = CARTESIAN_POINT('',(-3.494694100674,-4.247012260721,0.));
#4224 = SURFACE_CURVE('',#4225,(#4229,#4235),.PCURVE_S1.);
#4225 = LINE('',#4226,#4227);
#4226 = CARTESIAN_POINT('',(-5.203369301072,-1.2875,0.));
#4227 = VECTOR('',#4228,1.);
#4228 = DIRECTION('',(-0.5,0.866025403784,0.));
#4229 = PCURVE('',#504,#4230);
#4230 = DEFINITIONAL_REPRESENTATION('',(#4231),#4234);
#4231 = B_SPLINE_CURVE_WITH_KNOTS('',1,(#4232,#4233),.UNSPECIFIED.,.F.,
  .F.,(2,2),(-4.46003082949,1.486676943163),.PIECEWISE_BEZIER_KNOTS.);
#4232 = CARTESIAN_POINT('',(-2.973353886327,-5.15));
#4233 = CARTESIAN_POINT('',(-5.946707772653,8.081171430897E-16));
#4234 = ( GEOMETRIC_REPRESENTATION_CONTEXT(2) 
PARAMETRIC_REPRESENTATION_CONTEXT() REPRESENTATION_CONTEXT('2D SPACE',''
  ) );
#4235 = PCURVE('',#4236,#4241);
#4236 = PLANE('',#4237);
#4237 = AXIS2_PLACEMENT_3D('',#4238,#4239,#4240);
#4238 = CARTESIAN_POINT('',(-5.946707772653,7.282616639244E-16,-0.1));
#4239 = DIRECTION('',(0.866025403784,0.5,-0.));
#4240 = DIRECTION('',(0.5,-0.866025403784,0.));
#4241 = DEFINITIONAL_REPRESENTATION('',(#4242),#4245);
#4242 = B_SPLINE_CURVE_WITH_KNOTS('',1,(#4243,#4244),.UNSPECIFIED.,.F.,
  .F.,(2,2),(-4.46003082949,1.486676943163),.PIECEWISE_BEZIER_KNOTS.);
#4243 = CARTESIAN_POINT('',(5.946707772653,-0.1));
#4244 = CARTESIAN_POINT('',(0.,-0.1));
#4245 = ( GEOMETRIC_REPRESENTATION_CONTEXT(2) 
PARAMETRIC_REPRESENTATION_CONTEXT() REPRESENTATION_CONTEXT('2D SPACE',''
  ) );
#4246 = ORIENTED_EDGE('',*,*,#4247,.F.);
#4247 = EDGE_CURVE('',#4248,#4222,#4250,.T.);
#4248 = VERTEX_POINT('',#4249);
#4249 = CARTESIAN_POINT('',(-5.425367558305,-0.902987739279,0.));
#4250 = SURFACE_CURVE('',#4251,(#4256,#4263),.PCURVE_S1.);
#4251 = CIRCLE('',#4252,5.5);
#4252 = AXIS2_PLACEMENT_3D('',#4253,#4254,#4255);
#4253 = CARTESIAN_POINT('',(0.,0.,0.));
#4254 = DIRECTION('',(0.,0.,1.));
#4255 = DIRECTION('',(1.,0.,-0.));
#4256 = PCURVE('',#504,#4257);
#4257 = DEFINITIONAL_REPRESENTATION('',(#4258),#4262);
#4258 = CIRCLE('',#4259,5.5);
#4259 = AXIS2_PLACEMENT_2D('',#4260,#4261);
#4260 = CARTESIAN_POINT('',(0.,0.));
#4261 = DIRECTION('',(1.,0.));
#4262 = ( GEOMETRIC_REPRESENTATION_CONTEXT(2) 
PARAMETRIC_REPRESENTATION_CONTEXT() REPRESENTATION_CONTEXT('2D SPACE',''
  ) );
#4263 = PCURVE('',#4264,#4269);
#4264 = CYLINDRICAL_SURFACE('',#4265,5.5);
#4265 = AXIS2_PLACEMENT_3D('',#4266,#4267,#4268);
#4266 = CARTESIAN_POINT('',(0.,0.,-0.1));
#4267 = DIRECTION('',(0.,0.,1.));
#4268 = DIRECTION('',(1.,0.,-0.));
#4269 = DEFINITIONAL_REPRESENTATION('',(#4270),#4274);
#4270 = LINE('',#4271,#4272);
#4271 = CARTESIAN_POINT('',(0.,0.1));
#4272 = VECTOR('',#4273,1.);
#4273 = DIRECTION('',(1.,0.));
#4274 = ( GEOMETRIC_REPRESENTATION_CONTEXT(2) 
PARAMETRIC_REPRESENTATION_CONTEXT() REPRESENTATION_CONTEXT('2D SPACE',''
  ) );
#4275 = ORIENTED_EDGE('',*,*,#4276,.T.);
#4276 = EDGE_CURVE('',#4248,#4277,#4279,.T.);
#4277 = VERTEX_POINT('',#4278);
#4278 = CARTESIAN_POINT('',(-5.946707772653,7.282616639244E-16,0.));
#4279 = SURFACE_CURVE('',#4280,(#4284,#4290),.PCURVE_S1.);
#4280 = LINE('',#4281,#4282);
#4281 = CARTESIAN_POINT('',(-5.203369301072,-1.2875,0.));
#4282 = VECTOR('',#4283,1.);
#4283 = DIRECTION('',(-0.5,0.866025403784,0.));
#4284 = PCURVE('',#504,#4285);
#4285 = DEFINITIONAL_REPRESENTATION('',(#4286),#4289);
#4286 = B_SPLINE_CURVE_WITH_KNOTS('',1,(#4287,#4288),.UNSPECIFIED.,.F.,
  .F.,(2,2),(-4.46003082949,1.486676943163),.PIECEWISE_BEZIER_KNOTS.);
#4287 = CARTESIAN_POINT('',(-2.973353886327,-5.15));
#4288 = CARTESIAN_POINT('',(-5.946707772653,8.081171430897E-16));
#4289 = ( GEOMETRIC_REPRESENTATION_CONTEXT(2) 
PARAMETRIC_REPRESENTATION_CONTEXT() REPRESENTATION_CONTEXT('2D SPACE',''
  ) );
#4290 = PCURVE('',#4236,#4291);
#4291 = DEFINITIONAL_REPRESENTATION('',(#4292),#4295);
#4292 = B_SPLINE_CURVE_WITH_KNOTS('',1,(#4293,#4294),.UNSPECIFIED.,.F.,
  .F.,(2,2),(-4.46003082949,1.486676943163),.PIECEWISE_BEZIER_KNOTS.);
#4293 = CARTESIAN_POINT('',(5.946707772653,-0.1));
#4294 = CARTESIAN_POINT('',(0.,-0.1));
#4295 = ( GEOMETRIC_REPRESENTATION_CONTEXT(2) 
PARAMETRIC_REPRESENTATION_CONTEXT() REPRESENTATION_CONTEXT('2D SPACE',''
  ) );
#4296 = ORIENTED_EDGE('',*,*,#4297,.T.);
#4297 = EDGE_CURVE('',#4277,#4298,#4300,.T.);
#4298 = VERTEX_POINT('',#4299);
#4299 = CARTESIAN_POINT('',(-5.425367558305,0.902987739279,0.));
#4300 = SURFACE_CURVE('',#4301,(#4305,#4311),.PCURVE_S1.);
#4301 = LINE('',#4302,#4303);
#4302 = CARTESIAN_POINT('',(-3.716692357908,3.8625,0.));
#4303 = VECTOR('',#4304,1.);
#4304 = DIRECTION('',(0.5,0.866025403784,-0.));
#4305 = PCURVE('',#504,#4306);
#4306 = DEFINITIONAL_REPRESENTATION('',(#4307),#4310);
#4307 = B_SPLINE_CURVE_WITH_KNOTS('',1,(#4308,#4309),.UNSPECIFIED.,.F.,
  .F.,(2,2),(-4.46003082949,1.486676943163),.PIECEWISE_BEZIER_KNOTS.);
#4308 = CARTESIAN_POINT('',(-5.946707772653,-2.631925828977E-17));
#4309 = CARTESIAN_POINT('',(-2.973353886327,5.15));
#4310 = ( GEOMETRIC_REPRESENTATION_CONTEXT(2) 
PARAMETRIC_REPRESENTATION_CONTEXT() REPRESENTATION_CONTEXT('2D SPACE',''
  ) );
#4311 = PCURVE('',#3906,#4312);
#4312 = DEFINITIONAL_REPRESENTATION('',(#4313),#4316);
#4313 = B_SPLINE_CURVE_WITH_KNOTS('',1,(#4314,#4315),.UNSPECIFIED.,.F.,
  .F.,(2,2),(-4.46003082949,1.486676943163),.PIECEWISE_BEZIER_KNOTS.);
#4314 = CARTESIAN_POINT('',(5.946707772653,-0.1));
#4315 = CARTESIAN_POINT('',(0.,-0.1));
#4316 = ( GEOMETRIC_REPRESENTATION_CONTEXT(2) 
PARAMETRIC_REPRESENTATION_CONTEXT() REPRESENTATION_CONTEXT('2D SPACE',''
  ) );
#4317 = ORIENTED_EDGE('',*,*,#4318,.F.);
#4318 = EDGE_CURVE('',#3890,#4298,#4319,.T.);
#4319 = SURFACE_CURVE('',#4320,(#4325,#4332),.PCURVE_S1.);
#4320 = CIRCLE('',#4321,5.5);
#4321 = AXIS2_PLACEMENT_3D('',#4322,#4323,#4324);
#4322 = CARTESIAN_POINT('',(0.,0.,0.));
#4323 = DIRECTION('',(0.,0.,1.));
#4324 = DIRECTION('',(1.,0.,-0.));
#4325 = PCURVE('',#504,#4326);
#4326 = DEFINITIONAL_REPRESENTATION('',(#4327),#4331);
#4327 = CIRCLE('',#4328,5.5);
#4328 = AXIS2_PLACEMENT_2D('',#4329,#4330);
#4329 = CARTESIAN_POINT('',(0.,0.));
#4330 = DIRECTION('',(1.,0.));
#4331 = ( GEOMETRIC_REPRESENTATION_CONTEXT(2) 
PARAMETRIC_REPRESENTATION_CONTEXT() REPRESENTATION_CONTEXT('2D SPACE',''
  ) );
#4332 = PCURVE('',#4333,#4338);
#4333 = CYLINDRICAL_SURFACE('',#4334,5.5);
#4334 = AXIS2_PLACEMENT_3D('',#4335,#4336,#4337);
#4335 = CARTESIAN_POINT('',(0.,0.,-0.1));
#4336 = DIRECTION('',(0.,0.,1.));
#4337 = DIRECTION('',(1.,0.,-0.));
#4338 = DEFINITIONAL_REPRESENTATION('',(#4339),#4343);
#4339 = LINE('',#4340,#4341);
#4340 = CARTESIAN_POINT('',(0.,0.1));
#4341 = VECTOR('',#4342,1.);
#4342 = DIRECTION('',(1.,0.));
#4343 = ( GEOMETRIC_REPRESENTATION_CONTEXT(2) 
PARAMETRIC_REPRESENTATION_CONTEXT() REPRESENTATION_CONTEXT('2D SPACE',''
  ) );
#4344 = ADVANCED_FACE('',(#4345),#72,.F.);
#4345 = FACE_BOUND('',#4346,.F.);
#4346 = EDGE_LOOP('',(#4347,#4412,#4413,#4414,#4415));
#4347 = ORIENTED_EDGE('',*,*,#4348,.T.);
#4348 = EDGE_CURVE('',#4349,#332,#4351,.T.);
#4349 = VERTEX_POINT('',#4350);
#4350 = CARTESIAN_POINT('',(10.55,-3.061616997868E-16,6.75));
#4351 = SURFACE_CURVE('',#4352,(#4370,#4391),.PCURVE_S1.);
#4352 = B_SPLINE_CURVE_WITH_KNOTS('',6,(#4353,#4354,#4355,#4356,#4357,
    #4358,#4359,#4360,#4361,#4362,#4363,#4364,#4365,#4366,#4367,#4368,
    #4369),.UNSPECIFIED.,.F.,.F.,(7,5,5,7),(0.,0.389329129378,
    0.796002158476,1.),.UNSPECIFIED.);
#4353 = CARTESIAN_POINT('',(10.55,-1.369749226E-15,6.75));
#4354 = CARTESIAN_POINT('',(10.55,5.920111797106E-02,6.75));
#4355 = CARTESIAN_POINT('',(10.555257137284,0.118248088151,
    6.753364677078));
#4356 = CARTESIAN_POINT('',(10.565720201483,0.176432328926,
    6.760060589942));
#4357 = CARTESIAN_POINT('',(10.581177393336,0.233054964157,
    6.769856267358));
#4358 = CARTESIAN_POINT('',(10.601258096344,0.287459280235,
    6.782320782133));
#4359 = CARTESIAN_POINT('',(10.650639068151,0.392985149642,
    6.812060568866));
#4360 = CARTESIAN_POINT('',(10.680333855433,0.443903081283,
    6.829539475647));
#4361 = CARTESIAN_POINT('',(10.714062953156,0.491550318258,
    6.848752784417));
#4362 = CARTESIAN_POINT('',(10.751429728632,0.535696346744,
    6.869093711102));
#4363 = CARTESIAN_POINT('',(10.792062443906,0.576140472894,
    6.889900431983));
#4364 = CARTESIAN_POINT('',(10.857445235414,0.631033365826,
    6.920769033054));
#4365 = CARTESIAN_POINT('',(10.880036228732,0.648406998053,
    6.931026393934));
#4366 = CARTESIAN_POINT('',(10.903340256577,0.664795903794,
    6.941142259784));
#4367 = CARTESIAN_POINT('',(10.927323469609,0.680178430708,
    6.951025896029));
#4368 = CARTESIAN_POINT('',(10.951954223596,0.694531405382,
    6.960583614631));
#4369 = CARTESIAN_POINT('',(10.977202643172,0.707829167767,
    6.969719519132));
#4370 = PCURVE('',#72,#4371);
#4371 = DEFINITIONAL_REPRESENTATION('',(#4372),#4390);
#4372 = B_SPLINE_CURVE_WITH_KNOTS('',6,(#4373,#4374,#4375,#4376,#4377,
    #4378,#4379,#4380,#4381,#4382,#4383,#4384,#4385,#4386,#4387,#4388,
    #4389),.UNSPECIFIED.,.F.,.F.,(7,5,5,7),(0.,0.389329129378,
    0.796002158476,1.),.UNSPECIFIED.);
#4373 = CARTESIAN_POINT('',(3.14159265359,4.45));
#4374 = CARTESIAN_POINT('',(3.067591256126,4.45));
#4375 = CARTESIAN_POINT('',(2.993782644676,4.453364677078));
#4376 = CARTESIAN_POINT('',(2.920322465263,4.460060589942));
#4377 = CARTESIAN_POINT('',(2.847375881616,4.469856267358));
#4378 = CARTESIAN_POINT('',(2.775142177123,4.482320782133));
#4379 = CARTESIAN_POINT('',(2.629506772501,4.512060568866));
#4380 = CARTESIAN_POINT('',(2.556126317624,4.529539475647));
#4381 = CARTESIAN_POINT('',(2.483571410179,4.548752784417));
#4382 = CARTESIAN_POINT('',(2.411669970606,4.569093711102));
#4383 = CARTESIAN_POINT('',(2.340264289005,4.589900431983));
#4384 = CARTESIAN_POINT('',(2.233551040649,4.620769033054));
#4385 = CARTESIAN_POINT('',(2.19795988396,4.631026393934));
#4386 = CARTESIAN_POINT('',(2.16239601411,4.641142259784));
#4387 = CARTESIAN_POINT('',(2.126829055302,4.651025896029));
#4388 = CARTESIAN_POINT('',(2.091227302682,4.660583614631));
#4389 = CARTESIAN_POINT('',(2.055557086299,4.669719519132));
#4390 = ( GEOMETRIC_REPRESENTATION_CONTEXT(2) 
PARAMETRIC_REPRESENTATION_CONTEXT() REPRESENTATION_CONTEXT('2D SPACE',''
  ) );
#4391 = PCURVE('',#145,#4392);
#4392 = DEFINITIONAL_REPRESENTATION('',(#4393),#4411);
#4393 = B_SPLINE_CURVE_WITH_KNOTS('',6,(#4394,#4395,#4396,#4397,#4398,
    #4399,#4400,#4401,#4402,#4403,#4404,#4405,#4406,#4407,#4408,#4409,
    #4410),.UNSPECIFIED.,.F.,.F.,(7,5,5,7),(0.,0.389329129378,
    0.796002158476,1.),.UNSPECIFIED.);
#4394 = CARTESIAN_POINT('',(-8.881784197001E-16,21.55));
#4395 = CARTESIAN_POINT('',(4.736089437685E-02,21.55));
#4396 = CARTESIAN_POINT('',(9.459853453142E-02,21.555257137284));
#4397 = CARTESIAN_POINT('',(0.141336881015,21.565720201483));
#4398 = CARTESIAN_POINT('',(0.18720426746,21.581177393336));
#4399 = CARTESIAN_POINT('',(0.23180079229,21.601258096344));
#4400 = CARTESIAN_POINT('',(0.31950999921,21.650639068151));
#4401 = CARTESIAN_POINT('',(0.362509924421,21.680333855433));
#4402 = CARTESIAN_POINT('',(0.403530420723,21.714062953156));
#4403 = CARTESIAN_POINT('',(0.442357349525,21.751429728632));
#4404 = CARTESIAN_POINT('',(0.478718381502,21.792062443906));
#4405 = CARTESIAN_POINT('',(0.529099966878,21.857445235414));
#4406 = CARTESIAN_POINT('',(0.545236894266,21.880036228732));
#4407 = CARTESIAN_POINT('',(0.560640289289,21.903340256577));
#4408 = CARTESIAN_POINT('',(0.575264456839,21.927323469609));
#4409 = CARTESIAN_POINT('',(0.589058268992,21.951954223596));
#4410 = CARTESIAN_POINT('',(0.601965203203,21.977202643172));
#4411 = ( GEOMETRIC_REPRESENTATION_CONTEXT(2) 
PARAMETRIC_REPRESENTATION_CONTEXT() REPRESENTATION_CONTEXT('2D SPACE',''
  ) );
#4412 = ORIENTED_EDGE('',*,*,#423,.F.);
#4413 = ORIENTED_EDGE('',*,*,#3860,.T.);
#4414 = ORIENTED_EDGE('',*,*,#57,.T.);
#4415 = ORIENTED_EDGE('',*,*,#4416,.T.);
#4416 = EDGE_CURVE('',#58,#4349,#4417,.T.);
#4417 = SURFACE_CURVE('',#4418,(#4436,#4457),.PCURVE_S1.);
#4418 = B_SPLINE_CURVE_WITH_KNOTS('',6,(#4419,#4420,#4421,#4422,#4423,
    #4424,#4425,#4426,#4427,#4428,#4429,#4430,#4431,#4432,#4433,#4434,
    #4435),.UNSPECIFIED.,.F.,.F.,(7,5,5,7),(0.,0.207023624185,
    0.610873594248,1.),.UNSPECIFIED.);
#4419 = CARTESIAN_POINT('',(10.977202643172,-0.707829167767,
    6.969719519132));
#4420 = CARTESIAN_POINT('',(10.951581143211,-0.694334912517,
    6.960448618983));
#4421 = CARTESIAN_POINT('',(10.926595756075,-0.679754061279,
    6.950743366444));
#4422 = CARTESIAN_POINT('',(10.90227766696,-0.664113421599,
    6.940703971416));
#4423 = CARTESIAN_POINT('',(10.878659931915,-0.64743715336,
    6.930428281132));
#4424 = CARTESIAN_POINT('',(10.85577794843,-0.629747798019,
    6.920010993966));
#4425 = CARTESIAN_POINT('',(10.790542847051,-0.574626464757,
    6.889122255753));
#4426 = CARTESIAN_POINT('',(10.750292233718,-0.534355767353,
    6.868475239749));
#4427 = CARTESIAN_POINT('',(10.713269522529,-0.49043838713,
    6.848301858228));
#4428 = CARTESIAN_POINT('',(10.679839905729,-0.443071826714,
    6.829249733006));
#4429 = CARTESIAN_POINT('',(10.650392416133,-0.392482957189,
    6.811912824981));
#4430 = CARTESIAN_POINT('',(10.601220603869,-0.287355111672,
    6.782297426799));
#4431 = CARTESIAN_POINT('',(10.581151677549,-0.232964799023,
    6.769840089879));
#4432 = CARTESIAN_POINT('',(10.565703347514,-0.176351449544,
    6.760049831154));
#4433 = CARTESIAN_POINT('',(10.555249378565,-0.118179872913,
    6.75335968721));
#4434 = CARTESIAN_POINT('',(10.55,-5.915738840797E-02,6.75));
#4435 = CARTESIAN_POINT('',(10.55,-1.33226762955E-15,6.75));
#4436 = PCURVE('',#72,#4437);
#4437 = DEFINITIONAL_REPRESENTATION('',(#4438),#4456);
#4438 = B_SPLINE_CURVE_WITH_KNOTS('',6,(#4439,#4440,#4441,#4442,#4443,
    #4444,#4445,#4446,#4447,#4448,#4449,#4450,#4451,#4452,#4453,#4454,
    #4455),.UNSPECIFIED.,.F.,.F.,(7,5,5,7),(0.,0.207023624185,
    0.610873594248,1.),.UNSPECIFIED.);
#4439 = CARTESIAN_POINT('',(4.227628220881,4.669719519132));
#4440 = CARTESIAN_POINT('',(4.191430927625,4.660448618983));
#4441 = CARTESIAN_POINT('',(4.155304219096,4.650743366444));
#4442 = CARTESIAN_POINT('',(4.119212869708,4.640703971416));
#4443 = CARTESIAN_POINT('',(4.083123726579,4.630428281132));
#4444 = CARTESIAN_POINT('',(4.047005017778,4.620010993966));
#4445 = CARTESIAN_POINT('',(3.940249018002,4.589122255753));
#4446 = CARTESIAN_POINT('',(3.869329275443,4.568475239749));
#4447 = CARTESIAN_POINT('',(3.797915765983,4.548301858228));
#4448 = CARTESIAN_POINT('',(3.725854993573,4.529249733006));
#4449 = CARTESIAN_POINT('',(3.652979291701,4.511912824981));
#4450 = CARTESIAN_POINT('',(3.507905328753,4.482297426799));
#4451 = CARTESIAN_POINT('',(3.435692641012,4.469840089879));
#4452 = CARTESIAN_POINT('',(3.362760110044,4.460049831154));
#4453 = CARTESIAN_POINT('',(3.289317413399,4.45335968721));
#4454 = CARTESIAN_POINT('',(3.2155393891,4.45));
#4455 = CARTESIAN_POINT('',(3.14159265359,4.45));
#4456 = ( GEOMETRIC_REPRESENTATION_CONTEXT(2) 
PARAMETRIC_REPRESENTATION_CONTEXT() REPRESENTATION_CONTEXT('2D SPACE',''
  ) );
#4457 = PCURVE('',#145,#4458);
#4458 = DEFINITIONAL_REPRESENTATION('',(#4459),#4477);
#4459 = B_SPLINE_CURVE_WITH_KNOTS('',6,(#4460,#4461,#4462,#4463,#4464,
    #4465,#4466,#4467,#4468,#4469,#4470,#4471,#4472,#4473,#4474,#4475,
    #4476),.UNSPECIFIED.,.F.,.F.,(7,5,5,7),(0.,0.207023624185,
    0.610873594248,1.),.UNSPECIFIED.);
#4460 = CARTESIAN_POINT('',(5.681220103977,21.977202643172));
#4461 = CARTESIAN_POINT('',(5.694317756025,21.951581143211));
#4462 = CARTESIAN_POINT('',(5.708328660275,21.926595756075));
#4463 = CARTESIAN_POINT('',(5.72319375507,21.90227766696));
#4464 = CARTESIAN_POINT('',(5.738859718001,21.878659931915));
#4465 = CARTESIAN_POINT('',(5.755279004117,21.85577794843));
#4466 = CARTESIAN_POINT('',(5.805827835345,21.790542847051));
#4467 = CARTESIAN_POINT('',(5.842007344603,21.750292233718));
#4468 = CARTESIAN_POINT('',(5.880613022655,21.713269522529));
#4469 = CARTESIAN_POINT('',(5.921378578118,21.679839905729));
#4470 = CARTESIAN_POINT('',(5.964094059951,21.650392416133));
#4471 = CARTESIAN_POINT('',(6.051469793744,21.601220603869));
#4472 = CARTESIAN_POINT('',(6.096054222833,21.581151677549));
#4473 = CARTESIAN_POINT('',(6.141913544572,21.565703347514));
#4474 = CARTESIAN_POINT('',(6.18864135708,21.555249378565));
#4475 = CARTESIAN_POINT('',(6.235859396453,21.55));
#4476 = CARTESIAN_POINT('',(6.28318530718,21.55));
#4477 = ( GEOMETRIC_REPRESENTATION_CONTEXT(2) 
PARAMETRIC_REPRESENTATION_CONTEXT() REPRESENTATION_CONTEXT('2D SPACE',''
  ) );
#4478 = ADVANCED_FACE('',(#4479),#145,.F.);
#4479 = FACE_BOUND('',#4480,.F.);
#4480 = EDGE_LOOP('',(#4481,#4482,#4505,#4650,#4788,#4789,#4790,#4791,
    #4905));
#4481 = ORIENTED_EDGE('',*,*,#4348,.F.);
#4482 = ORIENTED_EDGE('',*,*,#4483,.F.);
#4483 = EDGE_CURVE('',#4484,#4349,#4486,.T.);
#4484 = VERTEX_POINT('',#4485);
#4485 = CARTESIAN_POINT('',(3.25,-5.510910596163E-16,6.75));
#4486 = SEAM_CURVE('',#4487,(#4491,#4498),.PCURVE_S1.);
#4487 = LINE('',#4488,#4489);
#4488 = CARTESIAN_POINT('',(-11.,-3.061616997868E-16,6.75));
#4489 = VECTOR('',#4490,1.);
#4490 = DIRECTION('',(1.,0.,2.22044604925E-16));
#4491 = PCURVE('',#145,#4492);
#4492 = DEFINITIONAL_REPRESENTATION('',(#4493),#4497);
#4493 = LINE('',#4494,#4495);
#4494 = CARTESIAN_POINT('',(6.28318530718,-0.));
#4495 = VECTOR('',#4496,1.);
#4496 = DIRECTION('',(0.,1.));
#4497 = ( GEOMETRIC_REPRESENTATION_CONTEXT(2) 
PARAMETRIC_REPRESENTATION_CONTEXT() REPRESENTATION_CONTEXT('2D SPACE',''
  ) );
#4498 = PCURVE('',#145,#4499);
#4499 = DEFINITIONAL_REPRESENTATION('',(#4500),#4504);
#4500 = LINE('',#4501,#4502);
#4501 = CARTESIAN_POINT('',(0.,-0.));
#4502 = VECTOR('',#4503,1.);
#4503 = DIRECTION('',(0.,1.));
#4504 = ( GEOMETRIC_REPRESENTATION_CONTEXT(2) 
PARAMETRIC_REPRESENTATION_CONTEXT() REPRESENTATION_CONTEXT('2D SPACE',''
  ) );
#4505 = ORIENTED_EDGE('',*,*,#4506,.T.);
#4506 = EDGE_CURVE('',#4484,#4507,#4509,.T.);
#4507 = VERTEX_POINT('',#4508);
#4508 = CARTESIAN_POINT('',(3.25,-7.960204194458E-16,9.25));
#4509 = SURFACE_CURVE('',#4510,(#4553,#4599),.PCURVE_S1.);
#4510 = B_SPLINE_CURVE_WITH_KNOTS('',6,(#4511,#4512,#4513,#4514,#4515,
    #4516,#4517,#4518,#4519,#4520,#4521,#4522,#4523,#4524,#4525,#4526,
    #4527,#4528,#4529,#4530,#4531,#4532,#4533,#4534,#4535,#4536,#4537,
    #4538,#4539,#4540,#4541,#4542,#4543,#4544,#4545,#4546,#4547,#4548,
    #4549,#4550,#4551,#4552),.UNSPECIFIED.,.F.,.F.,(7,5,5,5,5,5,5,5,7),(
    0.,0.146363084739,0.209668158226,0.415758304954,0.499990733288,
    0.58398491085,0.790490419891,0.85507044643,1.),.UNSPECIFIED.);
#4511 = CARTESIAN_POINT('',(3.25,-1.530808498934E-16,6.75));
#4512 = CARTESIAN_POINT('',(3.25,0.108841005992,6.75));
#4513 = CARTESIAN_POINT('',(3.245625939085,0.217055646038,6.761372526614
    ));
#4514 = CARTESIAN_POINT('',(3.236972357085,0.322736965908,6.783872021192
    ));
#4515 = CARTESIAN_POINT('',(3.224598891966,0.424037593139,6.816703689988
    ));
#4516 = CARTESIAN_POINT('',(3.20949178039,0.519304184965,6.858532995296)
  );
#4517 = CARTESIAN_POINT('',(3.18553001396,0.645288930388,6.928554205464)
  );
#4518 = CARTESIAN_POINT('',(3.177971047321,0.682069254086,6.951076466308
    ));
#4519 = CARTESIAN_POINT('',(3.170158489757,0.717557495102,6.974883798937
    ));
#4520 = CARTESIAN_POINT('',(3.16216235421,0.751725544474,6.999883366218)
  );
#4521 = CARTESIAN_POINT('',(3.154050869608,0.784550656472,7.02598484928)
  );
#4522 = CARTESIAN_POINT('',(3.119319194291,0.918447700209,7.141374032525
    ));
#4523 = CARTESIAN_POINT('',(3.092201621547,1.006522462085,7.240446615142
    ));
#4524 = CARTESIAN_POINT('',(3.066681120282,1.080005750641,7.347659029528
    ));
#4525 = CARTESIAN_POINT('',(3.044539000651,1.138942409124,7.460953651218
    ));
#4526 = CARTESIAN_POINT('',(3.027062048533,1.183399533861,7.578664353419
    ));
#4527 = CARTESIAN_POINT('',(3.010109341748,1.225526552901,7.748669651456
    ));
#4528 = CARTESIAN_POINT('',(3.006102196594,1.235312046188,7.798466368837
    ));
#4529 = CARTESIAN_POINT('',(3.003060466741,1.242654986772,7.848615095016
    ));
#4530 = CARTESIAN_POINT('',(3.001020302619,1.247551618968,7.898997473529
    ));
#4531 = CARTESIAN_POINT('',(3.,1.25,7.949497195573));
#4532 = CARTESIAN_POINT('',(3.,1.25,8.050359957636));
#4533 = CARTESIAN_POINT('',(3.001014537738,1.247565449043,8.100716869226
    ));
#4534 = CARTESIAN_POINT('',(3.003043179662,1.242696474098,8.150957428074
    ));
#4535 = CARTESIAN_POINT('',(3.006067835128,1.235394997032,8.200966303611
    ));
#4536 = CARTESIAN_POINT('',(3.0100527564,1.225664734607,8.250626141398)
  );
#4537 = CARTESIAN_POINT('',(3.02697132448,1.18363088729,8.420758083981)
  );
#4538 = CARTESIAN_POINT('',(3.044466434652,1.139139050393,8.538723464727
    ));
#4539 = CARTESIAN_POINT('',(3.066649369457,1.080109546451,8.652259737685
    ));
#4540 = CARTESIAN_POINT('',(3.092226257797,1.00647470053,8.759691257467)
  );
#4541 = CARTESIAN_POINT('',(3.11940453625,0.9181891867,8.858947877842));
#4542 = CARTESIAN_POINT('',(3.154350921335,0.783371617856,8.974999882288
    ));
#4543 = CARTESIAN_POINT('',(3.162623346581,0.749838034015,9.001591055986
    ));
#4544 = CARTESIAN_POINT('',(3.170773620221,0.714907270245,9.027032685775
    ));
#4545 = CARTESIAN_POINT('',(3.178729141918,0.678603927271,9.051228571945
    ));
#4546 = CARTESIAN_POINT('',(3.186415433882,0.640958466945,9.074079875967
    ));
#4547 = CARTESIAN_POINT('',(3.210234381453,0.51459471564,9.143521228283)
  );
#4548 = CARTESIAN_POINT('',(3.225084616903,0.420039297037,9.18458511763)
  );
#4549 = CARTESIAN_POINT('',(3.237227949693,0.319606051918,9.216792535656
    ));
#4550 = CARTESIAN_POINT('',(3.245712691553,0.214911066749,9.23885302635)
  );
#4551 = CARTESIAN_POINT('',(3.25,0.10775626592,9.25));
#4552 = CARTESIAN_POINT('',(3.25,2.296212748401E-16,9.25));
#4553 = PCURVE('',#145,#4554);
#4554 = DEFINITIONAL_REPRESENTATION('',(#4555),#4598);
#4555 = B_SPLINE_CURVE_WITH_KNOTS('',6,(#4556,#4557,#4558,#4559,#4560,
    #4561,#4562,#4563,#4564,#4565,#4566,#4567,#4568,#4569,#4570,#4571,
    #4572,#4573,#4574,#4575,#4576,#4577,#4578,#4579,#4580,#4581,#4582,
    #4583,#4584,#4585,#4586,#4587,#4588,#4589,#4590,#4591,#4592,#4593,
    #4594,#4595,#4596,#4597),.UNSPECIFIED.,.F.,.F.,(7,5,5,5,5,5,5,5,7),(
    0.,0.146363084739,0.209668158226,0.415758304954,0.499990733288,
    0.58398491085,0.790490419891,0.85507044643,1.),.UNSPECIFIED.);
#4556 = CARTESIAN_POINT('',(0.,14.25));
#4557 = CARTESIAN_POINT('',(8.707280479399E-02,14.25));
#4558 = CARTESIAN_POINT('',(0.173644327286,14.245625939085));
#4559 = CARTESIAN_POINT('',(0.259378613049,14.236972357085));
#4560 = CARTESIAN_POINT('',(0.34391290878,14.224598891966));
#4561 = CARTESIAN_POINT('',(0.426785022928,14.20949178039));
#4562 = CARTESIAN_POINT('',(0.542093654911,14.18553001396));
#4563 = CARTESIAN_POINT('',(0.576565576811,14.177971047321));
#4564 = CARTESIAN_POINT('',(0.610709360594,14.170158489757));
#4565 = CARTESIAN_POINT('',(0.644537820117,14.16216235421));
#4566 = CARTESIAN_POINT('',(0.67806184382,14.154050869608));
#4567 = CARTESIAN_POINT('',(0.819467545389,14.119319194291));
#4568 = CARTESIAN_POINT('',(0.9245834539,14.092201621547));
#4569 = CARTESIAN_POINT('',(1.027382860227,14.066681120282));
#4570 = CARTESIAN_POINT('',(1.128467234618,14.044539000651));
#4571 = CARTESIAN_POINT('',(1.228426193809,14.027062048533));
#4572 = CARTESIAN_POINT('',(1.368543829173,14.010109341748));
#4573 = CARTESIAN_POINT('',(1.409094908422,14.006102196594));
#4574 = CARTESIAN_POINT('',(1.449569698596,14.003060466741));
#4575 = CARTESIAN_POINT('',(1.489994036249,14.001020302619));
#4576 = CARTESIAN_POINT('',(1.530394083253,14.));
#4577 = CARTESIAN_POINT('',(1.611084292904,14.));
#4578 = CARTESIAN_POINT('',(1.651370087619,14.001014537738));
#4579 = CARTESIAN_POINT('',(1.691679969111,14.003043179662));
#4580 = CARTESIAN_POINT('',(1.732039870289,14.006067835128));
#4581 = CARTESIAN_POINT('',(1.772475398797,14.0100527564));
#4582 = CARTESIAN_POINT('',(1.912673480855,14.02697132448));
#4583 = CARTESIAN_POINT('',(2.012828689632,14.044466434652));
#4584 = CARTESIAN_POINT('',(2.114112506278,14.066649369457));
#4585 = CARTESIAN_POINT('',(2.21711794259,14.092226257797));
#4586 = CARTESIAN_POINT('',(2.322449872378,14.11940453625));
#4587 = CARTESIAN_POINT('',(2.464759606926,14.154350921335));
#4588 = CARTESIAN_POINT('',(2.49896948717,14.162623346581));
#4589 = CARTESIAN_POINT('',(2.533496693321,14.170773620221));
#4590 = CARTESIAN_POINT('',(2.568352532236,14.178729141918));
#4591 = CARTESIAN_POINT('',(2.603550420761,14.186415433882));
#4592 = CARTESIAN_POINT('',(2.718900043194,14.210234381453));
#4593 = CARTESIAN_POINT('',(2.80101495962,14.225084616903));
#4594 = CARTESIAN_POINT('',(2.884753986612,14.237227949693));
#4595 = CARTESIAN_POINT('',(2.969663980256,14.245712691554));
#4596 = CARTESIAN_POINT('',(3.055387640854,14.25));
#4597 = CARTESIAN_POINT('',(3.14159265359,14.25));
#4598 = ( GEOMETRIC_REPRESENTATION_CONTEXT(2) 
PARAMETRIC_REPRESENTATION_CONTEXT() REPRESENTATION_CONTEXT('2D SPACE',''
  ) );
#4599 = PCURVE('',#4600,#4605);
#4600 = CYLINDRICAL_SURFACE('',#4601,3.25);
#4601 = AXIS2_PLACEMENT_3D('',#4602,#4603,#4604);
#4602 = CARTESIAN_POINT('',(0.,0.,-1.));
#4603 = DIRECTION('',(0.,0.,1.));
#4604 = DIRECTION('',(1.,0.,-0.));
#4605 = DEFINITIONAL_REPRESENTATION('',(#4606),#4649);
#4606 = B_SPLINE_CURVE_WITH_KNOTS('',6,(#4607,#4608,#4609,#4610,#4611,
    #4612,#4613,#4614,#4615,#4616,#4617,#4618,#4619,#4620,#4621,#4622,
    #4623,#4624,#4625,#4626,#4627,#4628,#4629,#4630,#4631,#4632,#4633,
    #4634,#4635,#4636,#4637,#4638,#4639,#4640,#4641,#4642,#4643,#4644,
    #4645,#4646,#4647,#4648),.UNSPECIFIED.,.F.,.F.,(7,5,5,5,5,5,5,5,7),(
    0.,0.146363084739,0.209668158226,0.415758304954,0.499990733288,
    0.58398491085,0.790490419891,0.85507044643,1.),.UNSPECIFIED.);
#4607 = CARTESIAN_POINT('',(0.,7.75));
#4608 = CARTESIAN_POINT('',(3.348954030538E-02,7.75));
#4609 = CARTESIAN_POINT('',(6.678641536367E-02,7.761372526614));
#4610 = CARTESIAN_POINT('',(9.937104016747E-02,7.783872021192));
#4611 = CARTESIAN_POINT('',(0.130740276938,7.816703689988));
#4612 = CARTESIAN_POINT('',(0.160405429312,7.858532995296));
#4613 = CARTESIAN_POINT('',(0.199864880244,7.928554205464));
#4614 = CARTESIAN_POINT('',(0.21141717325,7.951076466308));
#4615 = CARTESIAN_POINT('',(0.222596531667,7.974883798937));
#4616 = CARTESIAN_POINT('',(0.233392541807,7.999883366218));
#4617 = CARTESIAN_POINT('',(0.243795691992,8.02598484928));
#4618 = CARTESIAN_POINT('',(0.286358233616,8.141374032525));
#4619 = CARTESIAN_POINT('',(0.314684965768,8.240446615142));
#4620 = CARTESIAN_POINT('',(0.338604979337,8.347659029528));
#4621 = CARTESIAN_POINT('',(0.357973733674,8.460953651218));
#4622 = CARTESIAN_POINT('',(0.372671360669,8.578664353419));
#4623 = CARTESIAN_POINT('',(0.386643708679,8.748669651456));
#4624 = CARTESIAN_POINT('',(0.389897274221,8.798466368837));
#4625 = CARTESIAN_POINT('',(0.392342768761,8.848615095016));
#4626 = CARTESIAN_POINT('',(0.393974950398,8.898997473529));
#4627 = CARTESIAN_POINT('',(0.3947911197,8.949497195573));
#4628 = CARTESIAN_POINT('',(0.3947911197,9.050359957636));
#4629 = CARTESIAN_POINT('',(0.39397956112,9.100716869226));
#4630 = CARTESIAN_POINT('',(0.392356598078,9.150957428074));
#4631 = CARTESIAN_POINT('',(0.389924900089,9.200966303611));
#4632 = CARTESIAN_POINT('',(0.386689652067,9.250626141398));
#4633 = CARTESIAN_POINT('',(0.372747821039,9.420758083981));
#4634 = CARTESIAN_POINT('',(0.358038208795,9.538723464727));
#4635 = CARTESIAN_POINT('',(0.33863829419,9.652259737685));
#4636 = CARTESIAN_POINT('',(0.314668623479,9.759691257467));
#4637 = CARTESIAN_POINT('',(0.28627464636,9.858947877842));
#4638 = CARTESIAN_POINT('',(0.243421351334,9.974999882288));
#4639 = CARTESIAN_POINT('',(0.232794738114,10.001591055986));
#4640 = CARTESIAN_POINT('',(0.221759497423,10.027032685775));
#4641 = CARTESIAN_POINT('',(0.210325851141,10.051228571945));
#4642 = CARTESIAN_POINT('',(0.198505007398,10.074079875967));
#4643 = CARTESIAN_POINT('',(0.158939150493,10.143521228283));
#4644 = CARTESIAN_POINT('',(0.129502222375,10.18458511763));
#4645 = CARTESIAN_POINT('',(9.84056930766E-02,10.216792535656));
#4646 = CARTESIAN_POINT('',(6.612654189505E-02,10.23885302635));
#4647 = CARTESIAN_POINT('',(3.315577412912E-02,10.25));
#4648 = CARTESIAN_POINT('',(0.,10.25));
#4649 = ( GEOMETRIC_REPRESENTATION_CONTEXT(2) 
PARAMETRIC_REPRESENTATION_CONTEXT() REPRESENTATION_CONTEXT('2D SPACE',''
  ) );
#4650 = ORIENTED_EDGE('',*,*,#4651,.T.);
#4651 = EDGE_CURVE('',#4507,#4484,#4652,.T.);
#4652 = SURFACE_CURVE('',#4653,(#4696,#4742),.PCURVE_S1.);
#4653 = B_SPLINE_CURVE_WITH_KNOTS('',6,(#4654,#4655,#4656,#4657,#4658,
    #4659,#4660,#4661,#4662,#4663,#4664,#4665,#4666,#4667,#4668,#4669,
    #4670,#4671,#4672,#4673,#4674,#4675,#4676,#4677,#4678,#4679,#4680,
    #4681,#4682,#4683,#4684,#4685,#4686,#4687,#4688,#4689,#4690,#4691,
    #4692,#4693,#4694,#4695),.UNSPECIFIED.,.F.,.F.,(7,5,5,5,5,5,5,5,7),(
    0.,0.146363100779,0.209668181203,0.415758350518,0.499990783417,
    0.583984956389,0.790490442825,0.855070462294,1.),.UNSPECIFIED.);
#4654 = CARTESIAN_POINT('',(3.25,-2.22044604925E-16,9.25));
#4655 = CARTESIAN_POINT('',(3.25,-0.108841005993,9.25));
#4656 = CARTESIAN_POINT('',(3.245625939085,-0.217055646038,
    9.238627473386));
#4657 = CARTESIAN_POINT('',(3.236972357085,-0.322736965908,
    9.216127978808));
#4658 = CARTESIAN_POINT('',(3.224598891966,-0.424037593139,
    9.183296310013));
#4659 = CARTESIAN_POINT('',(3.20949178039,-0.519304184965,9.141467004704
    ));
#4660 = CARTESIAN_POINT('',(3.18553001396,-0.645288930388,9.071445794536
    ));
#4661 = CARTESIAN_POINT('',(3.177971047321,-0.682069254086,
    9.048923533692));
#4662 = CARTESIAN_POINT('',(3.170158489757,-0.717557495102,
    9.025116201063));
#4663 = CARTESIAN_POINT('',(3.16216235421,-0.751725544474,9.000116633782
    ));
#4664 = CARTESIAN_POINT('',(3.154050869608,-0.784550656472,8.97401515072
    ));
#4665 = CARTESIAN_POINT('',(3.119319194291,-0.918447700209,
    8.858625967475));
#4666 = CARTESIAN_POINT('',(3.092201621547,-1.006522462085,
    8.759553384858));
#4667 = CARTESIAN_POINT('',(3.066681120282,-1.080005750641,
    8.652340970472));
#4668 = CARTESIAN_POINT('',(3.044539000651,-1.138942409124,
    8.539046348782));
#4669 = CARTESIAN_POINT('',(3.027062048533,-1.183399533861,
    8.421335646581));
#4670 = CARTESIAN_POINT('',(3.01010934202,-1.225526552224,8.251330351276
    ));
#4671 = CARTESIAN_POINT('',(3.006102196667,-1.235312046007,
    8.201533630413));
#4672 = CARTESIAN_POINT('',(3.003060466605,-1.24265498711,8.151384902228
    ));
#4673 = CARTESIAN_POINT('',(3.001020302473,-1.247551619328,
    8.101002525745));
#4674 = CARTESIAN_POINT('',(3.,-1.25,8.05050280719));
#4675 = CARTESIAN_POINT('',(3.,-1.25,7.949640045091));
#4676 = CARTESIAN_POINT('',(3.001014537881,-1.247565448688,
    7.899283130058));
#4677 = CARTESIAN_POINT('',(3.003043179797,-1.242696473766,
    7.849042569206));
#4678 = CARTESIAN_POINT('',(3.006067835057,-1.23539499721,7.799033695648
    ));
#4679 = CARTESIAN_POINT('',(3.010052756132,-1.225664735273,
    7.749373861299));
#4680 = CARTESIAN_POINT('',(3.02697132448,-1.18363088729,7.579241916019)
  );
#4681 = CARTESIAN_POINT('',(3.044466434652,-1.139139050393,
    7.461276535274));
#4682 = CARTESIAN_POINT('',(3.066649369457,-1.08010954645,7.347740262314
    ));
#4683 = CARTESIAN_POINT('',(3.092226257797,-1.006474700531,
    7.240308742533));
#4684 = CARTESIAN_POINT('',(3.11940453625,-0.918189186699,7.141052122158
    ));
#4685 = CARTESIAN_POINT('',(3.154350921335,-0.783371617856,
    7.025000117712));
#4686 = CARTESIAN_POINT('',(3.162623346581,-0.749838034015,
    6.998408944014));
#4687 = CARTESIAN_POINT('',(3.170773620221,-0.714907270245,
    6.972967314225));
#4688 = CARTESIAN_POINT('',(3.178729141918,-0.678603927271,
    6.948771428055));
#4689 = CARTESIAN_POINT('',(3.186415433882,-0.640958466945,
    6.925920124033));
#4690 = CARTESIAN_POINT('',(3.210234381453,-0.51459471564,6.856478771717
    ));
#4691 = CARTESIAN_POINT('',(3.225084616903,-0.420039297037,6.81541488237
    ));
#4692 = CARTESIAN_POINT('',(3.237227949693,-0.319606051918,
    6.783207464344));
#4693 = CARTESIAN_POINT('',(3.245712691554,-0.214911066748,6.76114697365
    ));
#4694 = CARTESIAN_POINT('',(3.25,-0.10775626592,6.75));
#4695 = CARTESIAN_POINT('',(3.25,-4.440892098501E-16,6.75));
#4696 = PCURVE('',#145,#4697);
#4697 = DEFINITIONAL_REPRESENTATION('',(#4698),#4741);
#4698 = B_SPLINE_CURVE_WITH_KNOTS('',6,(#4699,#4700,#4701,#4702,#4703,
    #4704,#4705,#4706,#4707,#4708,#4709,#4710,#4711,#4712,#4713,#4714,
    #4715,#4716,#4717,#4718,#4719,#4720,#4721,#4722,#4723,#4724,#4725,
    #4726,#4727,#4728,#4729,#4730,#4731,#4732,#4733,#4734,#4735,#4736,
    #4737,#4738,#4739,#4740),.UNSPECIFIED.,.F.,.F.,(7,5,5,5,5,5,5,5,7),(
    0.,0.146363100779,0.209668181203,0.415758350518,0.499990783417,
    0.583984956389,0.790490442825,0.855070462294,1.),.UNSPECIFIED.);
#4699 = CARTESIAN_POINT('',(3.14159265359,14.25));
#4700 = CARTESIAN_POINT('',(3.228665458384,14.25));
#4701 = CARTESIAN_POINT('',(3.315236980876,14.245625939085));
#4702 = CARTESIAN_POINT('',(3.400971266639,14.236972357085));
#4703 = CARTESIAN_POINT('',(3.48550556237,14.224598891966));
#4704 = CARTESIAN_POINT('',(3.568377676518,14.20949178039));
#4705 = CARTESIAN_POINT('',(3.683686308501,14.18553001396));
#4706 = CARTESIAN_POINT('',(3.718158230401,14.177971047321));
#4707 = CARTESIAN_POINT('',(3.752302014184,14.170158489757));
#4708 = CARTESIAN_POINT('',(3.786130473706,14.16216235421));
#4709 = CARTESIAN_POINT('',(3.81965449741,14.154050869608));
#4710 = CARTESIAN_POINT('',(3.961060198979,14.119319194291));
#4711 = CARTESIAN_POINT('',(4.06617610749,14.092201621547));
#4712 = CARTESIAN_POINT('',(4.168975513817,14.066681120282));
#4713 = CARTESIAN_POINT('',(4.270059888208,14.044539000651));
#4714 = CARTESIAN_POINT('',(4.370018847399,14.027062048533));
#4715 = CARTESIAN_POINT('',(4.510136480511,14.01010934202));
#4716 = CARTESIAN_POINT('',(4.550687562593,14.006102196667));
#4717 = CARTESIAN_POINT('',(4.591162354421,14.003060466605));
#4718 = CARTESIAN_POINT('',(4.631586690453,14.001020302473));
#4719 = CARTESIAN_POINT('',(4.671986734633,14.));
#4720 = CARTESIAN_POINT('',(4.752676944312,14.));
#4721 = CARTESIAN_POINT('',(4.792962741814,14.001014537881));
#4722 = CARTESIAN_POINT('',(4.833272624907,14.003043179797));
#4723 = CARTESIAN_POINT('',(4.873632524453,14.006067835057));
#4724 = CARTESIAN_POINT('',(4.914068050165,14.010052756132));
#4725 = CARTESIAN_POINT('',(5.054266134445,14.02697132448));
#4726 = CARTESIAN_POINT('',(5.154421343221,14.044466434652));
#4727 = CARTESIAN_POINT('',(5.255705159868,14.066649369457));
#4728 = CARTESIAN_POINT('',(5.358710596179,14.092226257797));
#4729 = CARTESIAN_POINT('',(5.464042525968,14.11940453625));
#4730 = CARTESIAN_POINT('',(5.606352260516,14.154350921335));
#4731 = CARTESIAN_POINT('',(5.64056214076,14.162623346581));
#4732 = CARTESIAN_POINT('',(5.675089346911,14.170773620221));
#4733 = CARTESIAN_POINT('',(5.709945185826,14.178729141918));
#4734 = CARTESIAN_POINT('',(5.745143074351,14.186415433882));
#4735 = CARTESIAN_POINT('',(5.860492696784,14.210234381453));
#4736 = CARTESIAN_POINT('',(5.94260761321,14.225084616903));
#4737 = CARTESIAN_POINT('',(6.026346640202,14.237227949693));
#4738 = CARTESIAN_POINT('',(6.111256633846,14.245712691554));
#4739 = CARTESIAN_POINT('',(6.196980294444,14.25));
#4740 = CARTESIAN_POINT('',(6.28318530718,14.25));
#4741 = ( GEOMETRIC_REPRESENTATION_CONTEXT(2) 
PARAMETRIC_REPRESENTATION_CONTEXT() REPRESENTATION_CONTEXT('2D SPACE',''
  ) );
#4742 = PCURVE('',#4600,#4743);
#4743 = DEFINITIONAL_REPRESENTATION('',(#4744),#4787);
#4744 = B_SPLINE_CURVE_WITH_KNOTS('',6,(#4745,#4746,#4747,#4748,#4749,
    #4750,#4751,#4752,#4753,#4754,#4755,#4756,#4757,#4758,#4759,#4760,
    #4761,#4762,#4763,#4764,#4765,#4766,#4767,#4768,#4769,#4770,#4771,
    #4772,#4773,#4774,#4775,#4776,#4777,#4778,#4779,#4780,#4781,#4782,
    #4783,#4784,#4785,#4786),.UNSPECIFIED.,.F.,.F.,(7,5,5,5,5,5,5,5,7),(
    0.,0.146363100779,0.209668181203,0.415758350518,0.499990783417,
    0.583984956389,0.790490442825,0.855070462294,1.),.UNSPECIFIED.);
#4745 = CARTESIAN_POINT('',(6.28318530718,10.25));
#4746 = CARTESIAN_POINT('',(6.249695766874,10.25));
#4747 = CARTESIAN_POINT('',(6.216398891816,10.238627473386));
#4748 = CARTESIAN_POINT('',(6.183814267012,10.216127978808));
#4749 = CARTESIAN_POINT('',(6.152445030241,10.183296310013));
#4750 = CARTESIAN_POINT('',(6.122779877868,10.141467004704));
#4751 = CARTESIAN_POINT('',(6.083320426935,10.071445794536));
#4752 = CARTESIAN_POINT('',(6.07176813393,10.048923533692));
#4753 = CARTESIAN_POINT('',(6.060588775512,10.025116201063));
#4754 = CARTESIAN_POINT('',(6.049792765373,10.000116633782));
#4755 = CARTESIAN_POINT('',(6.039389615188,9.97401515072));
#4756 = CARTESIAN_POINT('',(5.996827073564,9.858625967475));
#4757 = CARTESIAN_POINT('',(5.968500341411,9.759553384858));
#4758 = CARTESIAN_POINT('',(5.944580327843,9.652340970472));
#4759 = CARTESIAN_POINT('',(5.925211573505,9.539046348782));
#4760 = CARTESIAN_POINT('',(5.910513946511,9.421335646581));
#4761 = CARTESIAN_POINT('',(5.896541598725,9.251330351276));
#4762 = CARTESIAN_POINT('',(5.893288033019,9.201533630413));
#4763 = CARTESIAN_POINT('',(5.890842538307,9.151384902228));
#4764 = CARTESIAN_POINT('',(5.889210356662,9.101002525745));
#4765 = CARTESIAN_POINT('',(5.88839418748,9.05050280719));
#4766 = CARTESIAN_POINT('',(5.88839418748,8.949640045091));
#4767 = CARTESIAN_POINT('',(5.889205746177,8.899283130058));
#4768 = CARTESIAN_POINT('',(5.890828709212,8.849042569206));
#4769 = CARTESIAN_POINT('',(5.893260407032,8.799033695648));
#4770 = CARTESIAN_POINT('',(5.896495654892,8.749373861299));
#4771 = CARTESIAN_POINT('',(5.910437486141,8.579241916019));
#4772 = CARTESIAN_POINT('',(5.925147098384,8.461276535274));
#4773 = CARTESIAN_POINT('',(5.944547012989,8.347740262314));
#4774 = CARTESIAN_POINT('',(5.9685166837,8.240308742533));
#4775 = CARTESIAN_POINT('',(5.99691066082,8.141052122158));
#4776 = CARTESIAN_POINT('',(6.039763955846,8.025000117712));
#4777 = CARTESIAN_POINT('',(6.050390569065,7.998408944014));
#4778 = CARTESIAN_POINT('',(6.061425809757,7.972967314225));
#4779 = CARTESIAN_POINT('',(6.072859456039,7.948771428055));
#4780 = CARTESIAN_POINT('',(6.084680299782,7.925920124033));
#4781 = CARTESIAN_POINT('',(6.124246156687,7.856478771717));
#4782 = CARTESIAN_POINT('',(6.153683084805,7.81541488237));
#4783 = CARTESIAN_POINT('',(6.184779614103,7.783207464344));
#4784 = CARTESIAN_POINT('',(6.217058765285,7.76114697365));
#4785 = CARTESIAN_POINT('',(6.25002953305,7.75));
#4786 = CARTESIAN_POINT('',(6.28318530718,7.75));
#4787 = ( GEOMETRIC_REPRESENTATION_CONTEXT(2) 
PARAMETRIC_REPRESENTATION_CONTEXT() REPRESENTATION_CONTEXT('2D SPACE',''
  ) );
#4788 = ORIENTED_EDGE('',*,*,#4483,.T.);
#4789 = ORIENTED_EDGE('',*,*,#4416,.F.);
#4790 = ORIENTED_EDGE('',*,*,#83,.F.);
#4791 = ORIENTED_EDGE('',*,*,#4792,.F.);
#4792 = EDGE_CURVE('',#311,#84,#4793,.T.);
#4793 = SURFACE_CURVE('',#4794,(#4829,#4867),.PCURVE_S1.);
#4794 = B_SPLINE_CURVE_WITH_KNOTS('',5,(#4795,#4796,#4797,#4798,#4799,
    #4800,#4801,#4802,#4803,#4804,#4805,#4806,#4807,#4808,#4809,#4810,
    #4811,#4812,#4813,#4814,#4815,#4816,#4817,#4818,#4819,#4820,#4821,
    #4822,#4823,#4824,#4825,#4826,#4827,#4828),.UNSPECIFIED.,.F.,.F.,(6,
    4,4,4,4,4,4,4,6),(0.,0.103463889531,0.305295389977,0.372458070588,
    0.498233199558,0.627898175308,0.694750641213,0.898029840334,1.),
  .UNSPECIFIED.);
#4795 = CARTESIAN_POINT('',(10.977202643172,0.707829167767,
    9.030280480868));
#4796 = CARTESIAN_POINT('',(10.946456843219,0.691636061467,
    9.041405561047));
#4797 = CARTESIAN_POINT('',(10.916665212503,0.673813061185,
    9.053182169811));
#4798 = CARTESIAN_POINT('',(10.887890121416,0.654413782012,
    9.065409887357));
#4799 = CARTESIAN_POINT('',(10.860199552912,0.633483896056,9.07789538189
    ));
#4800 = CARTESIAN_POINT('',(10.781917431249,0.567338296134,
    9.114961867749));
#4801 = CARTESIAN_POINT('',(10.734479634958,0.517864502964,9.1398062065)
  );
#4802 = CARTESIAN_POINT('',(10.692059410111,0.46301227131,9.163590077039
    ));
#4803 = CARTESIAN_POINT('',(10.655400896965,0.403190937533,
    9.185070646904));
#4804 = CARTESIAN_POINT('',(10.615350096238,0.317563538465,
    9.209192605328));
#4805 = CARTESIAN_POINT('',(10.606089666657,0.295711016193,
    9.214836251138));
#4806 = CARTESIAN_POINT('',(10.597603322297,0.273417458573,
    9.220058543784));
#4807 = CARTESIAN_POINT('',(10.589923802324,0.250723187302,
    9.224821309846));
#4808 = CARTESIAN_POINT('',(10.570269359618,0.184518193433,
    9.237085131957));
#4809 = CARTESIAN_POINT('',(10.560382736292,0.140087769369,
    9.243356180929));
#4810 = CARTESIAN_POINT('',(10.553649863429,9.477090560136E-02,
    9.247664220751));
#4811 = CARTESIAN_POINT('',(10.55018750523,4.898954908755E-02,
    9.249879997197));
#4812 = CARTESIAN_POINT('',(10.549819403942,-4.40785498535E-02,
    9.250115580934));
#4813 = CARTESIAN_POINT('',(10.553119990792,-9.130693025202E-02,
    9.248003389505));
#4814 = CARTESIAN_POINT('',(10.559901510828,-0.138063487857,
    9.24366114287));
#4815 = CARTESIAN_POINT('',(10.570039385822,-0.183887778002,
    9.237227301461));
#4816 = CARTESIAN_POINT('',(10.590114549132,-0.251289648479,
    9.224702989273));
#4817 = CARTESIAN_POINT('',(10.59777311516,-0.273869230863,
    9.219953974866));
#4818 = CARTESIAN_POINT('',(10.606230476568,-0.296051342654,
    9.214750257374));
#4819 = CARTESIAN_POINT('',(10.615454341122,-0.317796290983,
    9.209129501719));
#4820 = CARTESIAN_POINT('',(10.655684760339,-0.403767664351,
    9.184900653158));
#4821 = CARTESIAN_POINT('',(10.69265840298,-0.463970789756,9.16324045995
    ));
#4822 = CARTESIAN_POINT('',(10.735467503349,-0.519129846782,
    9.139253971207));
#4823 = CARTESIAN_POINT('',(10.783354179212,-0.568829346672,
    9.114210924272));
#4824 = CARTESIAN_POINT('',(10.861813526425,-0.63470081601,
    9.077168604213));
#4825 = CARTESIAN_POINT('',(10.889147580528,-0.655260090086,
    9.064876106519));
#4826 = CARTESIAN_POINT('',(10.917532937283,-0.674331720633,
    9.052839371982));
#4827 = CARTESIAN_POINT('',(10.9469045367,-0.691871851336,9.041243567347
    ));
#4828 = CARTESIAN_POINT('',(10.977202643172,-0.707829167767,
    9.030280480868));
#4829 = PCURVE('',#145,#4830);
#4830 = DEFINITIONAL_REPRESENTATION('',(#4831),#4866);
#4831 = B_SPLINE_CURVE_WITH_KNOTS('',5,(#4832,#4833,#4834,#4835,#4836,
    #4837,#4838,#4839,#4840,#4841,#4842,#4843,#4844,#4845,#4846,#4847,
    #4848,#4849,#4850,#4851,#4852,#4853,#4854,#4855,#4856,#4857,#4858,
    #4859,#4860,#4861,#4862,#4863,#4864,#4865),.UNSPECIFIED.,.F.,.F.,(6,
    4,4,4,4,4,4,4,6),(0.,0.103463889531,0.305295389977,0.372458070588,
    0.498233199558,0.627898175308,0.694750641213,0.898029840334,1.),
  .UNSPECIFIED.);
#4832 = CARTESIAN_POINT('',(2.539627450387,21.977202643172));
#4833 = CARTESIAN_POINT('',(2.555344632845,21.946456843219));
#4834 = CARTESIAN_POINT('',(2.572431693606,21.916665212503));
#4835 = CARTESIAN_POINT('',(2.590770509354,21.887890121416));
#4836 = CARTESIAN_POINT('',(2.610260174526,21.860199552912));
#4837 = CARTESIAN_POINT('',(2.670918772007,21.781917431249));
#4838 = CARTESIAN_POINT('',(2.715162650514,21.734479634958));
#4839 = CARTESIAN_POINT('',(2.762878087605,21.692059410111));
#4840 = CARTESIAN_POINT('',(2.813601598366,21.655400896965));
#4841 = CARTESIAN_POINT('',(2.884769772598,21.615350096238));
#4842 = CARTESIAN_POINT('',(2.902821036776,21.606089666657));
#4843 = CARTESIAN_POINT('',(2.921132325668,21.597603322297));
#4844 = CARTESIAN_POINT('',(2.939678002588,21.589923802324));
#4845 = CARTESIAN_POINT('',(2.993543034189,21.570269359618));
#4846 = CARTESIAN_POINT('',(3.029406599133,21.560382736292));
#4847 = CARTESIAN_POINT('',(3.065771468679,21.553649863429));
#4848 = CARTESIAN_POINT('',(3.102400894166,21.55018750523));
#4849 = CARTESIAN_POINT('',(3.176855611852,21.549819403942));
#4850 = CARTESIAN_POINT('',(3.214633873266,21.553119990792));
#4851 = CARTESIAN_POINT('',(3.252142834487,21.559901510828));
#4852 = CARTESIAN_POINT('',(3.289125655409,21.570039385822));
#4853 = CARTESIAN_POINT('',(3.343970136857,21.590114549132));
#4854 = CARTESIAN_POINT('',(3.362423839608,21.59777311516));
#4855 = CARTESIAN_POINT('',(3.380645026283,21.606230476568));
#4856 = CARTESIAN_POINT('',(3.398608449252,21.615454341122));
#4857 = CARTESIAN_POINT('',(3.470064680964,21.655684760339));
#4858 = CARTESIAN_POINT('',(3.52112152654,21.69265840298));
#4859 = CARTESIAN_POINT('',(3.569124622105,21.735467503349));
#4860 = CARTESIAN_POINT('',(3.613600765141,21.783354179212));
#4861 = CARTESIAN_POINT('',(3.674058665591,21.861813526425));
#4862 = CARTESIAN_POINT('',(3.693214989876,21.889147580528));
#4863 = CARTESIAN_POINT('',(3.711250898826,21.917532937283));
#4864 = CARTESIAN_POINT('',(3.728069534216,21.9469045367));
#4865 = CARTESIAN_POINT('',(3.743557856792,21.977202643172));
#4866 = ( GEOMETRIC_REPRESENTATION_CONTEXT(2) 
PARAMETRIC_REPRESENTATION_CONTEXT() REPRESENTATION_CONTEXT('2D SPACE',''
  ) );
#4867 = PCURVE('',#195,#4868);
#4868 = DEFINITIONAL_REPRESENTATION('',(#4869),#4904);
#4869 = B_SPLINE_CURVE_WITH_KNOTS('',5,(#4870,#4871,#4872,#4873,#4874,
    #4875,#4876,#4877,#4878,#4879,#4880,#4881,#4882,#4883,#4884,#4885,
    #4886,#4887,#4888,#4889,#4890,#4891,#4892,#4893,#4894,#4895,#4896,
    #4897,#4898,#4899,#4900,#4901,#4902,#4903),.UNSPECIFIED.,.F.,.F.,(6,
    4,4,4,4,4,4,4,6),(0.,0.103463889531,0.305295389977,0.372458070588,
    0.498233199558,0.627898175308,0.694750641213,0.898029840334,1.),
  .UNSPECIFIED.);
#4870 = CARTESIAN_POINT('',(2.055557086299,6.730280480868));
#4871 = CARTESIAN_POINT('',(2.098993838206,6.741405561047));
#4872 = CARTESIAN_POINT('',(2.142324713022,6.753182169811));
#4873 = CARTESIAN_POINT('',(2.185620161922,6.765409887357));
#4874 = CARTESIAN_POINT('',(2.228944417959,6.77789538189));
#4875 = CARTESIAN_POINT('',(2.357051617705,6.814961867749));
#4876 = CARTESIAN_POINT('',(2.442258238747,6.8398062065));
#4877 = CARTESIAN_POINT('',(2.528280843623,6.863590077039));
#4878 = CARTESIAN_POINT('',(2.615429253565,6.885070646904));
#4879 = CARTESIAN_POINT('',(2.733593057443,6.909192605328));
#4880 = CARTESIAN_POINT('',(2.763240156585,6.914836251138));
#4881 = CARTESIAN_POINT('',(2.793030365175,6.920058543784));
#4882 = CARTESIAN_POINT('',(2.822957025598,6.924821309846));
#4883 = CARTESIAN_POINT('',(2.909283063921,6.937085131957));
#4884 = CARTESIAN_POINT('',(2.966041528747,6.943356180929));
#4885 = CARTESIAN_POINT('',(3.023111852398,6.947664220751));
#4886 = CARTESIAN_POINT('',(3.080355258877,6.949879997197));
#4887 = CARTESIAN_POINT('',(3.196691292492,6.950115580934));
#4888 = CARTESIAN_POINT('',(3.255710050791,6.948003389505));
#4889 = CARTESIAN_POINT('',(3.314550572744,6.94366114287));
#4890 = CARTESIAN_POINT('',(3.373064975537,6.937227301461));
#4891 = CARTESIAN_POINT('',(3.460974946581,6.924702989273));
#4892 = CARTESIAN_POINT('',(3.490757730015,6.919953974866));
#4893 = CARTESIAN_POINT('',(3.520405252923,6.914750257374));
#4894 = CARTESIAN_POINT('',(3.549910994876,6.909129501719));
#4895 = CARTESIAN_POINT('',(3.668559396606,6.884900653158));
#4896 = CARTESIAN_POINT('',(3.756308786038,6.86324045995));
#4897 = CARTESIAN_POINT('',(3.842919007997,6.839253971207));
#4898 = CARTESIAN_POINT('',(3.928707993743,6.814210924272));
#4899 = CARTESIAN_POINT('',(4.056763887533,6.777168604213));
#4900 = CARTESIAN_POINT('',(4.099456192439,6.764876106519));
#4901 = CARTESIAN_POINT('',(4.142122400748,6.752839371982));
#4902 = CARTESIAN_POINT('',(4.184823957011,6.741243567347));
#4903 = CARTESIAN_POINT('',(4.227628220881,6.730280480868));
#4904 = ( GEOMETRIC_REPRESENTATION_CONTEXT(2) 
PARAMETRIC_REPRESENTATION_CONTEXT() REPRESENTATION_CONTEXT('2D SPACE',''
  ) );
#4905 = ORIENTED_EDGE('',*,*,#331,.F.);
#4906 = ADVANCED_FACE('',(#4907),#195,.F.);
#4907 = FACE_BOUND('',#4908,.F.);
#4908 = EDGE_LOOP('',(#4909,#4931,#4932,#4933));
#4909 = ORIENTED_EDGE('',*,*,#4910,.F.);
#4910 = EDGE_CURVE('',#287,#181,#4911,.T.);
#4911 = SURFACE_CURVE('',#4912,(#4917,#4924),.PCURVE_S1.);
#4912 = CIRCLE('',#4913,0.8);
#4913 = AXIS2_PLACEMENT_3D('',#4914,#4915,#4916);
#4914 = CARTESIAN_POINT('',(11.35,0.,13.3));
#4915 = DIRECTION('',(0.,0.,1.));
#4916 = DIRECTION('',(1.,0.,0.));
#4917 = PCURVE('',#195,#4918);
#4918 = DEFINITIONAL_REPRESENTATION('',(#4919),#4923);
#4919 = LINE('',#4920,#4921);
#4920 = CARTESIAN_POINT('',(0.,11.));
#4921 = VECTOR('',#4922,1.);
#4922 = DIRECTION('',(1.,0.));
#4923 = ( GEOMETRIC_REPRESENTATION_CONTEXT(2) 
PARAMETRIC_REPRESENTATION_CONTEXT() REPRESENTATION_CONTEXT('2D SPACE',''
  ) );
#4924 = PCURVE('',#223,#4925);
#4925 = DEFINITIONAL_REPRESENTATION('',(#4926),#4930);
#4926 = CIRCLE('',#4927,0.8);
#4927 = AXIS2_PLACEMENT_2D('',#4928,#4929);
#4928 = CARTESIAN_POINT('',(0.,0.));
#4929 = DIRECTION('',(1.,0.));
#4930 = ( GEOMETRIC_REPRESENTATION_CONTEXT(2) 
PARAMETRIC_REPRESENTATION_CONTEXT() REPRESENTATION_CONTEXT('2D SPACE',''
  ) );
#4931 = ORIENTED_EDGE('',*,*,#310,.F.);
#4932 = ORIENTED_EDGE('',*,*,#4792,.T.);
#4933 = ORIENTED_EDGE('',*,*,#180,.T.);
#4934 = ADVANCED_FACE('',(#4935),#223,.F.);
#4935 = FACE_BOUND('',#4936,.F.);
#4936 = EDGE_LOOP('',(#4937,#4938,#4939));
#4937 = ORIENTED_EDGE('',*,*,#286,.T.);
#4938 = ORIENTED_EDGE('',*,*,#4910,.T.);
#4939 = ORIENTED_EDGE('',*,*,#206,.T.);
#4940 = ADVANCED_FACE('',(#4941,#4944,#4975),#273,.T.);
#4941 = FACE_BOUND('',#4942,.T.);
#4942 = EDGE_LOOP('',(#4943));
#4943 = ORIENTED_EDGE('',*,*,#258,.T.);
#4944 = FACE_BOUND('',#4945,.T.);
#4945 = EDGE_LOOP('',(#4946));
#4946 = ORIENTED_EDGE('',*,*,#4947,.F.);
#4947 = EDGE_CURVE('',#4948,#4948,#4950,.T.);
#4948 = VERTEX_POINT('',#4949);
#4949 = CARTESIAN_POINT('',(1.2,-7.4,14.));
#4950 = SURFACE_CURVE('',#4951,(#4956,#4963),.PCURVE_S1.);
#4951 = CIRCLE('',#4952,1.2);
#4952 = AXIS2_PLACEMENT_3D('',#4953,#4954,#4955);
#4953 = CARTESIAN_POINT('',(0.,-7.4,14.));
#4954 = DIRECTION('',(0.,0.,1.));
#4955 = DIRECTION('',(1.,0.,-0.));
#4956 = PCURVE('',#273,#4957);
#4957 = DEFINITIONAL_REPRESENTATION('',(#4958),#4962);
#4958 = CIRCLE('',#4959,1.2);
#4959 = AXIS2_PLACEMENT_2D('',#4960,#4961);
#4960 = CARTESIAN_POINT('',(0.,-7.4));
#4961 = DIRECTION('',(1.,0.));
#4962 = ( GEOMETRIC_REPRESENTATION_CONTEXT(2) 
PARAMETRIC_REPRESENTATION_CONTEXT() REPRESENTATION_CONTEXT('2D SPACE',''
  ) );
#4963 = PCURVE('',#4964,#4969);
#4964 = CYLINDRICAL_SURFACE('',#4965,1.2);
#4965 = AXIS2_PLACEMENT_3D('',#4966,#4967,#4968);
#4966 = CARTESIAN_POINT('',(0.,-7.4,13.4));
#4967 = DIRECTION('',(0.,0.,1.));
#4968 = DIRECTION('',(1.,0.,0.));
#4969 = DEFINITIONAL_REPRESENTATION('',(#4970),#4974);
#4970 = LINE('',#4971,#4972);
#4971 = CARTESIAN_POINT('',(0.,0.6));
#4972 = VECTOR('',#4973,1.);
#4973 = DIRECTION('',(1.,0.));
#4974 = ( GEOMETRIC_REPRESENTATION_CONTEXT(2) 
PARAMETRIC_REPRESENTATION_CONTEXT() REPRESENTATION_CONTEXT('2D SPACE',''
  ) );
#4975 = FACE_BOUND('',#4976,.T.);
#4976 = EDGE_LOOP('',(#4977));
#4977 = ORIENTED_EDGE('',*,*,#4978,.F.);
#4978 = EDGE_CURVE('',#4979,#4979,#4981,.T.);
#4979 = VERTEX_POINT('',#4980);
#4980 = CARTESIAN_POINT('',(2.645751311065,3.5,14.));
#4981 = SURFACE_CURVE('',#4982,(#4987,#4994),.PCURVE_S1.);
#4982 = CIRCLE('',#4983,2.645751311065);
#4983 = AXIS2_PLACEMENT_3D('',#4984,#4985,#4986);
#4984 = CARTESIAN_POINT('',(0.,3.5,14.));
#4985 = DIRECTION('',(0.,0.,1.));
#4986 = DIRECTION('',(1.,0.,-0.));
#4987 = PCURVE('',#273,#4988);
#4988 = DEFINITIONAL_REPRESENTATION('',(#4989),#4993);
#4989 = CIRCLE('',#4990,2.645751311065);
#4990 = AXIS2_PLACEMENT_2D('',#4991,#4992);
#4991 = CARTESIAN_POINT('',(0.,3.5));
#4992 = DIRECTION('',(1.,0.));
#4993 = ( GEOMETRIC_REPRESENTATION_CONTEXT(2) 
PARAMETRIC_REPRESENTATION_CONTEXT() REPRESENTATION_CONTEXT('2D SPACE',''
  ) );
#4994 = PCURVE('',#4995,#5000);
#4995 = SPHERICAL_SURFACE('',#4996,3.2);
#4996 = AXIS2_PLACEMENT_3D('',#4997,#4998,#4999);
#4997 = CARTESIAN_POINT('',(0.,3.5,15.8));
#4998 = DIRECTION('',(0.,0.,1.));
#4999 = DIRECTION('',(1.,0.,-0.));
#5000 = DEFINITIONAL_REPRESENTATION('',(#5001),#5005);
#5001 = LINE('',#5002,#5003);
#5002 = CARTESIAN_POINT('',(0.,-0.597406416645));
#5003 = VECTOR('',#5004,1.);
#5004 = DIRECTION('',(1.,0.));
#5005 = ( GEOMETRIC_REPRESENTATION_CONTEXT(2) 
PARAMETRIC_REPRESENTATION_CONTEXT() REPRESENTATION_CONTEXT('2D SPACE',''
  ) );
#5006 = ADVANCED_FACE('',(#5007),#536,.F.);
#5007 = FACE_BOUND('',#5008,.F.);
#5008 = EDGE_LOOP('',(#5009,#5031,#5032,#5054));
#5009 = ORIENTED_EDGE('',*,*,#5010,.F.);
#5010 = EDGE_CURVE('',#522,#577,#5011,.T.);
#5011 = SURFACE_CURVE('',#5012,(#5017,#5024),.PCURVE_S1.);
#5012 = CIRCLE('',#5013,0.8);
#5013 = AXIS2_PLACEMENT_3D('',#5014,#5015,#5016);
#5014 = CARTESIAN_POINT('',(11.101975268329,2.359797690782,13.3));
#5015 = DIRECTION('',(0.,-0.,1.));
#5016 = DIRECTION('',(0.978147600734,0.207911690818,0.));
#5017 = PCURVE('',#536,#5018);
#5018 = DEFINITIONAL_REPRESENTATION('',(#5019),#5023);
#5019 = LINE('',#5020,#5021);
#5020 = CARTESIAN_POINT('',(0.,11.));
#5021 = VECTOR('',#5022,1.);
#5022 = DIRECTION('',(1.,0.));
#5023 = ( GEOMETRIC_REPRESENTATION_CONTEXT(2) 
PARAMETRIC_REPRESENTATION_CONTEXT() REPRESENTATION_CONTEXT('2D SPACE',''
  ) );
#5024 = PCURVE('',#612,#5025);
#5025 = DEFINITIONAL_REPRESENTATION('',(#5026),#5030);
#5026 = CIRCLE('',#5027,0.8);
#5027 = AXIS2_PLACEMENT_2D('',#5028,#5029);
#5028 = CARTESIAN_POINT('',(0.,0.));
#5029 = DIRECTION('',(1.,0.));
#5030 = ( GEOMETRIC_REPRESENTATION_CONTEXT(2) 
PARAMETRIC_REPRESENTATION_CONTEXT() REPRESENTATION_CONTEXT('2D SPACE',''
  ) );
#5031 = ORIENTED_EDGE('',*,*,#519,.F.);
#5032 = ORIENTED_EDGE('',*,*,#5033,.T.);
#5033 = EDGE_CURVE('',#520,#548,#5034,.T.);
#5034 = SURFACE_CURVE('',#5035,(#5040,#5047),.PCURVE_S1.);
#5035 = CIRCLE('',#5036,0.8);
#5036 = AXIS2_PLACEMENT_3D('',#5037,#5038,#5039);
#5037 = CARTESIAN_POINT('',(11.101975268329,2.359797690782,2.3));
#5038 = DIRECTION('',(0.,-0.,1.));
#5039 = DIRECTION('',(0.978147600734,0.207911690818,0.));
#5040 = PCURVE('',#536,#5041);
#5041 = DEFINITIONAL_REPRESENTATION('',(#5042),#5046);
#5042 = LINE('',#5043,#5044);
#5043 = CARTESIAN_POINT('',(0.,0.));
#5044 = VECTOR('',#5045,1.);
#5045 = DIRECTION('',(1.,0.));
#5046 = ( GEOMETRIC_REPRESENTATION_CONTEXT(2) 
PARAMETRIC_REPRESENTATION_CONTEXT() REPRESENTATION_CONTEXT('2D SPACE',''
  ) );
#5047 = PCURVE('',#564,#5048);
#5048 = DEFINITIONAL_REPRESENTATION('',(#5049),#5053);
#5049 = CIRCLE('',#5050,0.8);
#5050 = AXIS2_PLACEMENT_2D('',#5051,#5052);
#5051 = CARTESIAN_POINT('',(0.,0.));
#5052 = DIRECTION('',(1.,0.));
#5053 = ( GEOMETRIC_REPRESENTATION_CONTEXT(2) 
PARAMETRIC_REPRESENTATION_CONTEXT() REPRESENTATION_CONTEXT('2D SPACE',''
  ) );
#5054 = ORIENTED_EDGE('',*,*,#576,.T.);
#5055 = ADVANCED_FACE('',(#5056),#564,.T.);
#5056 = FACE_BOUND('',#5057,.T.);
#5057 = EDGE_LOOP('',(#5058,#5059));
#5058 = ORIENTED_EDGE('',*,*,#547,.T.);
#5059 = ORIENTED_EDGE('',*,*,#5033,.T.);
#5060 = ADVANCED_FACE('',(#5061),#612,.F.);
#5061 = FACE_BOUND('',#5062,.F.);
#5062 = EDGE_LOOP('',(#5063,#5064));
#5063 = ORIENTED_EDGE('',*,*,#597,.T.);
#5064 = ORIENTED_EDGE('',*,*,#5010,.T.);
#5065 = ADVANCED_FACE('',(#5066),#643,.F.);
#5066 = FACE_BOUND('',#5067,.F.);
#5067 = EDGE_LOOP('',(#5068,#5090,#5091,#5113));
#5068 = ORIENTED_EDGE('',*,*,#5069,.F.);
#5069 = EDGE_CURVE('',#629,#684,#5070,.T.);
#5070 = SURFACE_CURVE('',#5071,(#5076,#5083),.PCURVE_S1.);
#5071 = CIRCLE('',#5072,0.8);
#5072 = AXIS2_PLACEMENT_3D('',#5073,#5074,#5075);
#5073 = CARTESIAN_POINT('',(10.368740944244,4.61646089891,13.3));
#5074 = DIRECTION('',(0.,-0.,1.));
#5075 = DIRECTION('',(0.913545457643,0.406736643076,0.));
#5076 = PCURVE('',#643,#5077);
#5077 = DEFINITIONAL_REPRESENTATION('',(#5078),#5082);
#5078 = LINE('',#5079,#5080);
#5079 = CARTESIAN_POINT('',(0.,11.));
#5080 = VECTOR('',#5081,1.);
#5081 = DIRECTION('',(1.,0.));
#5082 = ( GEOMETRIC_REPRESENTATION_CONTEXT(2) 
PARAMETRIC_REPRESENTATION_CONTEXT() REPRESENTATION_CONTEXT('2D SPACE',''
  ) );
#5083 = PCURVE('',#719,#5084);
#5084 = DEFINITIONAL_REPRESENTATION('',(#5085),#5089);
#5085 = CIRCLE('',#5086,0.8);
#5086 = AXIS2_PLACEMENT_2D('',#5087,#5088);
#5087 = CARTESIAN_POINT('',(0.,0.));
#5088 = DIRECTION('',(1.,0.));
#5089 = ( GEOMETRIC_REPRESENTATION_CONTEXT(2) 
PARAMETRIC_REPRESENTATION_CONTEXT() REPRESENTATION_CONTEXT('2D SPACE',''
  ) );
#5090 = ORIENTED_EDGE('',*,*,#626,.F.);
#5091 = ORIENTED_EDGE('',*,*,#5092,.T.);
#5092 = EDGE_CURVE('',#627,#655,#5093,.T.);
#5093 = SURFACE_CURVE('',#5094,(#5099,#5106),.PCURVE_S1.);
#5094 = CIRCLE('',#5095,0.8);
#5095 = AXIS2_PLACEMENT_3D('',#5096,#5097,#5098);
#5096 = CARTESIAN_POINT('',(10.368740944244,4.61646089891,2.3));
#5097 = DIRECTION('',(0.,-0.,1.));
#5098 = DIRECTION('',(0.913545457643,0.406736643076,0.));
#5099 = PCURVE('',#643,#5100);
#5100 = DEFINITIONAL_REPRESENTATION('',(#5101),#5105);
#5101 = LINE('',#5102,#5103);
#5102 = CARTESIAN_POINT('',(0.,0.));
#5103 = VECTOR('',#5104,1.);
#5104 = DIRECTION('',(1.,0.));
#5105 = ( GEOMETRIC_REPRESENTATION_CONTEXT(2) 
PARAMETRIC_REPRESENTATION_CONTEXT() REPRESENTATION_CONTEXT('2D SPACE',''
  ) );
#5106 = PCURVE('',#671,#5107);
#5107 = DEFINITIONAL_REPRESENTATION('',(#5108),#5112);
#5108 = CIRCLE('',#5109,0.8);
#5109 = AXIS2_PLACEMENT_2D('',#5110,#5111);
#5110 = CARTESIAN_POINT('',(0.,0.));
#5111 = DIRECTION('',(1.,0.));
#5112 = ( GEOMETRIC_REPRESENTATION_CONTEXT(2) 
PARAMETRIC_REPRESENTATION_CONTEXT() REPRESENTATION_CONTEXT('2D SPACE',''
  ) );
#5113 = ORIENTED_EDGE('',*,*,#683,.T.);
#5114 = ADVANCED_FACE('',(#5115),#671,.T.);
#5115 = FACE_BOUND('',#5116,.T.);
#5116 = EDGE_LOOP('',(#5117,#5118));
#5117 = ORIENTED_EDGE('',*,*,#654,.T.);
#5118 = ORIENTED_EDGE('',*,*,#5092,.T.);
#5119 = ADVANCED_FACE('',(#5120),#719,.F.);
#5120 = FACE_BOUND('',#5121,.F.);
#5121 = EDGE_LOOP('',(#5122,#5123));
#5122 = ORIENTED_EDGE('',*,*,#704,.T.);
#5123 = ORIENTED_EDGE('',*,*,#5069,.T.);
#5124 = ADVANCED_FACE('',(#5125),#750,.F.);
#5125 = FACE_BOUND('',#5126,.F.);
#5126 = EDGE_LOOP('',(#5127,#5149,#5150,#5172));
#5127 = ORIENTED_EDGE('',*,*,#5128,.F.);
#5128 = EDGE_CURVE('',#736,#791,#5129,.T.);
#5129 = SURFACE_CURVE('',#5130,(#5135,#5142),.PCURVE_S1.);
#5130 = CIRCLE('',#5131,0.8);
#5131 = AXIS2_PLACEMENT_3D('',#5132,#5133,#5134);
#5132 = CARTESIAN_POINT('',(9.182342886156,6.67136261352,13.3));
#5133 = DIRECTION('',(0.,-0.,1.));
#5134 = DIRECTION('',(0.809016994375,0.587785252292,0.));
#5135 = PCURVE('',#750,#5136);
#5136 = DEFINITIONAL_REPRESENTATION('',(#5137),#5141);
#5137 = LINE('',#5138,#5139);
#5138 = CARTESIAN_POINT('',(0.,11.));
#5139 = VECTOR('',#5140,1.);
#5140 = DIRECTION('',(1.,0.));
#5141 = ( GEOMETRIC_REPRESENTATION_CONTEXT(2) 
PARAMETRIC_REPRESENTATION_CONTEXT() REPRESENTATION_CONTEXT('2D SPACE',''
  ) );
#5142 = PCURVE('',#826,#5143);
#5143 = DEFINITIONAL_REPRESENTATION('',(#5144),#5148);
#5144 = CIRCLE('',#5145,0.8);
#5145 = AXIS2_PLACEMENT_2D('',#5146,#5147);
#5146 = CARTESIAN_POINT('',(0.,0.));
#5147 = DIRECTION('',(1.,0.));
#5148 = ( GEOMETRIC_REPRESENTATION_CONTEXT(2) 
PARAMETRIC_REPRESENTATION_CONTEXT() REPRESENTATION_CONTEXT('2D SPACE',''
  ) );
#5149 = ORIENTED_EDGE('',*,*,#733,.F.);
#5150 = ORIENTED_EDGE('',*,*,#5151,.T.);
#5151 = EDGE_CURVE('',#734,#762,#5152,.T.);
#5152 = SURFACE_CURVE('',#5153,(#5158,#5165),.PCURVE_S1.);
#5153 = CIRCLE('',#5154,0.8);
#5154 = AXIS2_PLACEMENT_3D('',#5155,#5156,#5157);
#5155 = CARTESIAN_POINT('',(9.182342886156,6.67136261352,2.3));
#5156 = DIRECTION('',(0.,-0.,1.));
#5157 = DIRECTION('',(0.809016994375,0.587785252292,0.));
#5158 = PCURVE('',#750,#5159);
#5159 = DEFINITIONAL_REPRESENTATION('',(#5160),#5164);
#5160 = LINE('',#5161,#5162);
#5161 = CARTESIAN_POINT('',(0.,0.));
#5162 = VECTOR('',#5163,1.);
#5163 = DIRECTION('',(1.,0.));
#5164 = ( GEOMETRIC_REPRESENTATION_CONTEXT(2) 
PARAMETRIC_REPRESENTATION_CONTEXT() REPRESENTATION_CONTEXT('2D SPACE',''
  ) );
#5165 = PCURVE('',#778,#5166);
#5166 = DEFINITIONAL_REPRESENTATION('',(#5167),#5171);
#5167 = CIRCLE('',#5168,0.8);
#5168 = AXIS2_PLACEMENT_2D('',#5169,#5170);
#5169 = CARTESIAN_POINT('',(0.,0.));
#5170 = DIRECTION('',(1.,0.));
#5171 = ( GEOMETRIC_REPRESENTATION_CONTEXT(2) 
PARAMETRIC_REPRESENTATION_CONTEXT() REPRESENTATION_CONTEXT('2D SPACE',''
  ) );
#5172 = ORIENTED_EDGE('',*,*,#790,.T.);
#5173 = ADVANCED_FACE('',(#5174),#778,.T.);
#5174 = FACE_BOUND('',#5175,.T.);
#5175 = EDGE_LOOP('',(#5176,#5177));
#5176 = ORIENTED_EDGE('',*,*,#761,.T.);
#5177 = ORIENTED_EDGE('',*,*,#5151,.T.);
#5178 = ADVANCED_FACE('',(#5179),#826,.F.);
#5179 = FACE_BOUND('',#5180,.F.);
#5180 = EDGE_LOOP('',(#5181,#5182));
#5181 = ORIENTED_EDGE('',*,*,#811,.T.);
#5182 = ORIENTED_EDGE('',*,*,#5128,.T.);
#5183 = ADVANCED_FACE('',(#5184),#857,.F.);
#5184 = FACE_BOUND('',#5185,.F.);
#5185 = EDGE_LOOP('',(#5186,#5208,#5209,#5231));
#5186 = ORIENTED_EDGE('',*,*,#5187,.F.);
#5187 = EDGE_CURVE('',#843,#898,#5188,.T.);
#5188 = SURFACE_CURVE('',#5189,(#5194,#5201),.PCURVE_S1.);
#5189 = CIRCLE('',#5190,0.8);
#5190 = AXIS2_PLACEMENT_3D('',#5191,#5192,#5193);
#5191 = CARTESIAN_POINT('',(7.594632382173,8.434693769168,13.3));
#5192 = DIRECTION('',(0.,-0.,1.));
#5193 = DIRECTION('',(0.669130606359,0.743144825477,0.));
#5194 = PCURVE('',#857,#5195);
#5195 = DEFINITIONAL_REPRESENTATION('',(#5196),#5200);
#5196 = LINE('',#5197,#5198);
#5197 = CARTESIAN_POINT('',(0.,11.));
#5198 = VECTOR('',#5199,1.);
#5199 = DIRECTION('',(1.,0.));
#5200 = ( GEOMETRIC_REPRESENTATION_CONTEXT(2) 
PARAMETRIC_REPRESENTATION_CONTEXT() REPRESENTATION_CONTEXT('2D SPACE',''
  ) );
#5201 = PCURVE('',#933,#5202);
#5202 = DEFINITIONAL_REPRESENTATION('',(#5203),#5207);
#5203 = CIRCLE('',#5204,0.8);
#5204 = AXIS2_PLACEMENT_2D('',#5205,#5206);
#5205 = CARTESIAN_POINT('',(0.,0.));
#5206 = DIRECTION('',(1.,0.));
#5207 = ( GEOMETRIC_REPRESENTATION_CONTEXT(2) 
PARAMETRIC_REPRESENTATION_CONTEXT() REPRESENTATION_CONTEXT('2D SPACE',''
  ) );
#5208 = ORIENTED_EDGE('',*,*,#840,.F.);
#5209 = ORIENTED_EDGE('',*,*,#5210,.T.);
#5210 = EDGE_CURVE('',#841,#869,#5211,.T.);
#5211 = SURFACE_CURVE('',#5212,(#5217,#5224),.PCURVE_S1.);
#5212 = CIRCLE('',#5213,0.8);
#5213 = AXIS2_PLACEMENT_3D('',#5214,#5215,#5216);
#5214 = CARTESIAN_POINT('',(7.594632382173,8.434693769168,2.3));
#5215 = DIRECTION('',(0.,-0.,1.));
#5216 = DIRECTION('',(0.669130606359,0.743144825477,0.));
#5217 = PCURVE('',#857,#5218);
#5218 = DEFINITIONAL_REPRESENTATION('',(#5219),#5223);
#5219 = LINE('',#5220,#5221);
#5220 = CARTESIAN_POINT('',(0.,0.));
#5221 = VECTOR('',#5222,1.);
#5222 = DIRECTION('',(1.,0.));
#5223 = ( GEOMETRIC_REPRESENTATION_CONTEXT(2) 
PARAMETRIC_REPRESENTATION_CONTEXT() REPRESENTATION_CONTEXT('2D SPACE',''
  ) );
#5224 = PCURVE('',#885,#5225);
#5225 = DEFINITIONAL_REPRESENTATION('',(#5226),#5230);
#5226 = CIRCLE('',#5227,0.8);
#5227 = AXIS2_PLACEMENT_2D('',#5228,#5229);
#5228 = CARTESIAN_POINT('',(0.,0.));
#5229 = DIRECTION('',(1.,0.));
#5230 = ( GEOMETRIC_REPRESENTATION_CONTEXT(2) 
PARAMETRIC_REPRESENTATION_CONTEXT() REPRESENTATION_CONTEXT('2D SPACE',''
  ) );
#5231 = ORIENTED_EDGE('',*,*,#897,.T.);
#5232 = ADVANCED_FACE('',(#5233),#885,.T.);
#5233 = FACE_BOUND('',#5234,.T.);
#5234 = EDGE_LOOP('',(#5235,#5236));
#5235 = ORIENTED_EDGE('',*,*,#868,.T.);
#5236 = ORIENTED_EDGE('',*,*,#5210,.T.);
#5237 = ADVANCED_FACE('',(#5238),#933,.F.);
#5238 = FACE_BOUND('',#5239,.F.);
#5239 = EDGE_LOOP('',(#5240,#5241));
#5240 = ORIENTED_EDGE('',*,*,#918,.T.);
#5241 = ORIENTED_EDGE('',*,*,#5187,.T.);
#5242 = ADVANCED_FACE('',(#5243),#964,.F.);
#5243 = FACE_BOUND('',#5244,.F.);
#5244 = EDGE_LOOP('',(#5245,#5267,#5268,#5290));
#5245 = ORIENTED_EDGE('',*,*,#5246,.F.);
#5246 = EDGE_CURVE('',#950,#1005,#5247,.T.);
#5247 = SURFACE_CURVE('',#5248,(#5253,#5260),.PCURVE_S1.);
#5248 = CIRCLE('',#5249,0.8);
#5249 = AXIS2_PLACEMENT_3D('',#5250,#5251,#5252);
#5250 = CARTESIAN_POINT('',(5.675,9.829388332953,13.3));
#5251 = DIRECTION('',(0.,-0.,1.));
#5252 = DIRECTION('',(0.5,0.866025403784,0.));
#5253 = PCURVE('',#964,#5254);
#5254 = DEFINITIONAL_REPRESENTATION('',(#5255),#5259);
#5255 = LINE('',#5256,#5257);
#5256 = CARTESIAN_POINT('',(0.,11.));
#5257 = VECTOR('',#5258,1.);
#5258 = DIRECTION('',(1.,0.));
#5259 = ( GEOMETRIC_REPRESENTATION_CONTEXT(2) 
PARAMETRIC_REPRESENTATION_CONTEXT() REPRESENTATION_CONTEXT('2D SPACE',''
  ) );
#5260 = PCURVE('',#1040,#5261);
#5261 = DEFINITIONAL_REPRESENTATION('',(#5262),#5266);
#5262 = CIRCLE('',#5263,0.8);
#5263 = AXIS2_PLACEMENT_2D('',#5264,#5265);
#5264 = CARTESIAN_POINT('',(0.,0.));
#5265 = DIRECTION('',(1.,0.));
#5266 = ( GEOMETRIC_REPRESENTATION_CONTEXT(2) 
PARAMETRIC_REPRESENTATION_CONTEXT() REPRESENTATION_CONTEXT('2D SPACE',''
  ) );
#5267 = ORIENTED_EDGE('',*,*,#947,.F.);
#5268 = ORIENTED_EDGE('',*,*,#5269,.T.);
#5269 = EDGE_CURVE('',#948,#976,#5270,.T.);
#5270 = SURFACE_CURVE('',#5271,(#5276,#5283),.PCURVE_S1.);
#5271 = CIRCLE('',#5272,0.8);
#5272 = AXIS2_PLACEMENT_3D('',#5273,#5274,#5275);
#5273 = CARTESIAN_POINT('',(5.675,9.829388332953,2.3));
#5274 = DIRECTION('',(0.,-0.,1.));
#5275 = DIRECTION('',(0.5,0.866025403784,0.));
#5276 = PCURVE('',#964,#5277);
#5277 = DEFINITIONAL_REPRESENTATION('',(#5278),#5282);
#5278 = LINE('',#5279,#5280);
#5279 = CARTESIAN_POINT('',(0.,0.));
#5280 = VECTOR('',#5281,1.);
#5281 = DIRECTION('',(1.,0.));
#5282 = ( GEOMETRIC_REPRESENTATION_CONTEXT(2) 
PARAMETRIC_REPRESENTATION_CONTEXT() REPRESENTATION_CONTEXT('2D SPACE',''
  ) );
#5283 = PCURVE('',#992,#5284);
#5284 = DEFINITIONAL_REPRESENTATION('',(#5285),#5289);
#5285 = CIRCLE('',#5286,0.8);
#5286 = AXIS2_PLACEMENT_2D('',#5287,#5288);
#5287 = CARTESIAN_POINT('',(0.,0.));
#5288 = DIRECTION('',(1.,0.));
#5289 = ( GEOMETRIC_REPRESENTATION_CONTEXT(2) 
PARAMETRIC_REPRESENTATION_CONTEXT() REPRESENTATION_CONTEXT('2D SPACE',''
  ) );
#5290 = ORIENTED_EDGE('',*,*,#1004,.T.);
#5291 = ADVANCED_FACE('',(#5292),#992,.T.);
#5292 = FACE_BOUND('',#5293,.T.);
#5293 = EDGE_LOOP('',(#5294,#5295));
#5294 = ORIENTED_EDGE('',*,*,#975,.T.);
#5295 = ORIENTED_EDGE('',*,*,#5269,.T.);
#5296 = ADVANCED_FACE('',(#5297),#1040,.F.);
#5297 = FACE_BOUND('',#5298,.F.);
#5298 = EDGE_LOOP('',(#5299,#5300));
#5299 = ORIENTED_EDGE('',*,*,#1025,.T.);
#5300 = ORIENTED_EDGE('',*,*,#5246,.T.);
#5301 = ADVANCED_FACE('',(#5302),#1071,.F.);
#5302 = FACE_BOUND('',#5303,.F.);
#5303 = EDGE_LOOP('',(#5304,#5326,#5327,#5349));
#5304 = ORIENTED_EDGE('',*,*,#5305,.F.);
#5305 = EDGE_CURVE('',#1057,#1112,#5306,.T.);
#5306 = SURFACE_CURVE('',#5307,(#5312,#5319),.PCURVE_S1.);
#5307 = CIRCLE('',#5308,0.8);
#5308 = AXIS2_PLACEMENT_3D('',#5309,#5310,#5311);
#5309 = CARTESIAN_POINT('',(3.507342886156,10.79449145995,13.3));
#5310 = DIRECTION('',(0.,-0.,1.));
#5311 = DIRECTION('',(0.309016994375,0.951056516295,0.));
#5312 = PCURVE('',#1071,#5313);
#5313 = DEFINITIONAL_REPRESENTATION('',(#5314),#5318);
#5314 = LINE('',#5315,#5316);
#5315 = CARTESIAN_POINT('',(0.,11.));
#5316 = VECTOR('',#5317,1.);
#5317 = DIRECTION('',(1.,0.));
#5318 = ( GEOMETRIC_REPRESENTATION_CONTEXT(2) 
PARAMETRIC_REPRESENTATION_CONTEXT() REPRESENTATION_CONTEXT('2D SPACE',''
  ) );
#5319 = PCURVE('',#1147,#5320);
#5320 = DEFINITIONAL_REPRESENTATION('',(#5321),#5325);
#5321 = CIRCLE('',#5322,0.8);
#5322 = AXIS2_PLACEMENT_2D('',#5323,#5324);
#5323 = CARTESIAN_POINT('',(0.,0.));
#5324 = DIRECTION('',(1.,0.));
#5325 = ( GEOMETRIC_REPRESENTATION_CONTEXT(2) 
PARAMETRIC_REPRESENTATION_CONTEXT() REPRESENTATION_CONTEXT('2D SPACE',''
  ) );
#5326 = ORIENTED_EDGE('',*,*,#1054,.F.);
#5327 = ORIENTED_EDGE('',*,*,#5328,.T.);
#5328 = EDGE_CURVE('',#1055,#1083,#5329,.T.);
#5329 = SURFACE_CURVE('',#5330,(#5335,#5342),.PCURVE_S1.);
#5330 = CIRCLE('',#5331,0.8);
#5331 = AXIS2_PLACEMENT_3D('',#5332,#5333,#5334);
#5332 = CARTESIAN_POINT('',(3.507342886156,10.79449145995,2.3));
#5333 = DIRECTION('',(0.,-0.,1.));
#5334 = DIRECTION('',(0.309016994375,0.951056516295,0.));
#5335 = PCURVE('',#1071,#5336);
#5336 = DEFINITIONAL_REPRESENTATION('',(#5337),#5341);
#5337 = LINE('',#5338,#5339);
#5338 = CARTESIAN_POINT('',(0.,0.));
#5339 = VECTOR('',#5340,1.);
#5340 = DIRECTION('',(1.,0.));
#5341 = ( GEOMETRIC_REPRESENTATION_CONTEXT(2) 
PARAMETRIC_REPRESENTATION_CONTEXT() REPRESENTATION_CONTEXT('2D SPACE',''
  ) );
#5342 = PCURVE('',#1099,#5343);
#5343 = DEFINITIONAL_REPRESENTATION('',(#5344),#5348);
#5344 = CIRCLE('',#5345,0.8);
#5345 = AXIS2_PLACEMENT_2D('',#5346,#5347);
#5346 = CARTESIAN_POINT('',(0.,0.));
#5347 = DIRECTION('',(1.,0.));
#5348 = ( GEOMETRIC_REPRESENTATION_CONTEXT(2) 
PARAMETRIC_REPRESENTATION_CONTEXT() REPRESENTATION_CONTEXT('2D SPACE',''
  ) );
#5349 = ORIENTED_EDGE('',*,*,#1111,.T.);
#5350 = ADVANCED_FACE('',(#5351),#1099,.T.);
#5351 = FACE_BOUND('',#5352,.T.);
#5352 = EDGE_LOOP('',(#5353,#5354));
#5353 = ORIENTED_EDGE('',*,*,#1082,.T.);
#5354 = ORIENTED_EDGE('',*,*,#5328,.T.);
#5355 = ADVANCED_FACE('',(#5356),#1147,.F.);
#5356 = FACE_BOUND('',#5357,.F.);
#5357 = EDGE_LOOP('',(#5358,#5359));
#5358 = ORIENTED_EDGE('',*,*,#1132,.T.);
#5359 = ORIENTED_EDGE('',*,*,#5305,.T.);
#5360 = ADVANCED_FACE('',(#5361),#1178,.F.);
#5361 = FACE_BOUND('',#5362,.F.);
#5362 = EDGE_LOOP('',(#5363,#5385,#5386,#5408));
#5363 = ORIENTED_EDGE('',*,*,#5364,.F.);
#5364 = EDGE_CURVE('',#1164,#1219,#5365,.T.);
#5365 = SURFACE_CURVE('',#5366,(#5371,#5378),.PCURVE_S1.);
#5366 = CIRCLE('',#5367,0.8);
#5367 = AXIS2_PLACEMENT_3D('',#5368,#5369,#5370);
#5368 = CARTESIAN_POINT('',(1.186398058088,11.28782351243,13.3));
#5369 = DIRECTION('',(0.,-0.,1.));
#5370 = DIRECTION('',(0.104528463268,0.994521895368,0.));
#5371 = PCURVE('',#1178,#5372);
#5372 = DEFINITIONAL_REPRESENTATION('',(#5373),#5377);
#5373 = LINE('',#5374,#5375);
#5374 = CARTESIAN_POINT('',(0.,11.));
#5375 = VECTOR('',#5376,1.);
#5376 = DIRECTION('',(1.,0.));
#5377 = ( GEOMETRIC_REPRESENTATION_CONTEXT(2) 
PARAMETRIC_REPRESENTATION_CONTEXT() REPRESENTATION_CONTEXT('2D SPACE',''
  ) );
#5378 = PCURVE('',#1254,#5379);
#5379 = DEFINITIONAL_REPRESENTATION('',(#5380),#5384);
#5380 = CIRCLE('',#5381,0.8);
#5381 = AXIS2_PLACEMENT_2D('',#5382,#5383);
#5382 = CARTESIAN_POINT('',(0.,0.));
#5383 = DIRECTION('',(1.,0.));
#5384 = ( GEOMETRIC_REPRESENTATION_CONTEXT(2) 
PARAMETRIC_REPRESENTATION_CONTEXT() REPRESENTATION_CONTEXT('2D SPACE',''
  ) );
#5385 = ORIENTED_EDGE('',*,*,#1161,.F.);
#5386 = ORIENTED_EDGE('',*,*,#5387,.T.);
#5387 = EDGE_CURVE('',#1162,#1190,#5388,.T.);
#5388 = SURFACE_CURVE('',#5389,(#5394,#5401),.PCURVE_S1.);
#5389 = CIRCLE('',#5390,0.8);
#5390 = AXIS2_PLACEMENT_3D('',#5391,#5392,#5393);
#5391 = CARTESIAN_POINT('',(1.186398058088,11.28782351243,2.3));
#5392 = DIRECTION('',(0.,-0.,1.));
#5393 = DIRECTION('',(0.104528463268,0.994521895368,0.));
#5394 = PCURVE('',#1178,#5395);
#5395 = DEFINITIONAL_REPRESENTATION('',(#5396),#5400);
#5396 = LINE('',#5397,#5398);
#5397 = CARTESIAN_POINT('',(0.,0.));
#5398 = VECTOR('',#5399,1.);
#5399 = DIRECTION('',(1.,0.));
#5400 = ( GEOMETRIC_REPRESENTATION_CONTEXT(2) 
PARAMETRIC_REPRESENTATION_CONTEXT() REPRESENTATION_CONTEXT('2D SPACE',''
  ) );
#5401 = PCURVE('',#1206,#5402);
#5402 = DEFINITIONAL_REPRESENTATION('',(#5403),#5407);
#5403 = CIRCLE('',#5404,0.8);
#5404 = AXIS2_PLACEMENT_2D('',#5405,#5406);
#5405 = CARTESIAN_POINT('',(0.,0.));
#5406 = DIRECTION('',(1.,0.));
#5407 = ( GEOMETRIC_REPRESENTATION_CONTEXT(2) 
PARAMETRIC_REPRESENTATION_CONTEXT() REPRESENTATION_CONTEXT('2D SPACE',''
  ) );
#5408 = ORIENTED_EDGE('',*,*,#1218,.T.);
#5409 = ADVANCED_FACE('',(#5410),#1206,.T.);
#5410 = FACE_BOUND('',#5411,.T.);
#5411 = EDGE_LOOP('',(#5412,#5413));
#5412 = ORIENTED_EDGE('',*,*,#1189,.T.);
#5413 = ORIENTED_EDGE('',*,*,#5387,.T.);
#5414 = ADVANCED_FACE('',(#5415),#1254,.F.);
#5415 = FACE_BOUND('',#5416,.F.);
#5416 = EDGE_LOOP('',(#5417,#5418));
#5417 = ORIENTED_EDGE('',*,*,#1239,.T.);
#5418 = ORIENTED_EDGE('',*,*,#5364,.T.);
#5419 = ADVANCED_FACE('',(#5420),#1285,.F.);
#5420 = FACE_BOUND('',#5421,.F.);
#5421 = EDGE_LOOP('',(#5422,#5444,#5445,#5467));
#5422 = ORIENTED_EDGE('',*,*,#5423,.F.);
#5423 = EDGE_CURVE('',#1271,#1326,#5424,.T.);
#5424 = SURFACE_CURVE('',#5425,(#5430,#5437),.PCURVE_S1.);
#5425 = CIRCLE('',#5426,0.8);
#5426 = AXIS2_PLACEMENT_3D('',#5427,#5428,#5429);
#5427 = CARTESIAN_POINT('',(-1.186398058088,11.28782351243,13.3));
#5428 = DIRECTION('',(0.,0.,1.));
#5429 = DIRECTION('',(-0.104528463268,0.994521895368,0.));
#5430 = PCURVE('',#1285,#5431);
#5431 = DEFINITIONAL_REPRESENTATION('',(#5432),#5436);
#5432 = LINE('',#5433,#5434);
#5433 = CARTESIAN_POINT('',(0.,11.));
#5434 = VECTOR('',#5435,1.);
#5435 = DIRECTION('',(1.,0.));
#5436 = ( GEOMETRIC_REPRESENTATION_CONTEXT(2) 
PARAMETRIC_REPRESENTATION_CONTEXT() REPRESENTATION_CONTEXT('2D SPACE',''
  ) );
#5437 = PCURVE('',#1361,#5438);
#5438 = DEFINITIONAL_REPRESENTATION('',(#5439),#5443);
#5439 = CIRCLE('',#5440,0.8);
#5440 = AXIS2_PLACEMENT_2D('',#5441,#5442);
#5441 = CARTESIAN_POINT('',(0.,0.));
#5442 = DIRECTION('',(1.,0.));
#5443 = ( GEOMETRIC_REPRESENTATION_CONTEXT(2) 
PARAMETRIC_REPRESENTATION_CONTEXT() REPRESENTATION_CONTEXT('2D SPACE',''
  ) );
#5444 = ORIENTED_EDGE('',*,*,#1268,.F.);
#5445 = ORIENTED_EDGE('',*,*,#5446,.T.);
#5446 = EDGE_CURVE('',#1269,#1297,#5447,.T.);
#5447 = SURFACE_CURVE('',#5448,(#5453,#5460),.PCURVE_S1.);
#5448 = CIRCLE('',#5449,0.8);
#5449 = AXIS2_PLACEMENT_3D('',#5450,#5451,#5452);
#5450 = CARTESIAN_POINT('',(-1.186398058088,11.28782351243,2.3));
#5451 = DIRECTION('',(0.,0.,1.));
#5452 = DIRECTION('',(-0.104528463268,0.994521895368,0.));
#5453 = PCURVE('',#1285,#5454);
#5454 = DEFINITIONAL_REPRESENTATION('',(#5455),#5459);
#5455 = LINE('',#5456,#5457);
#5456 = CARTESIAN_POINT('',(0.,0.));
#5457 = VECTOR('',#5458,1.);
#5458 = DIRECTION('',(1.,0.));
#5459 = ( GEOMETRIC_REPRESENTATION_CONTEXT(2) 
PARAMETRIC_REPRESENTATION_CONTEXT() REPRESENTATION_CONTEXT('2D SPACE',''
  ) );
#5460 = PCURVE('',#1313,#5461);
#5461 = DEFINITIONAL_REPRESENTATION('',(#5462),#5466);
#5462 = CIRCLE('',#5463,0.8);
#5463 = AXIS2_PLACEMENT_2D('',#5464,#5465);
#5464 = CARTESIAN_POINT('',(0.,0.));
#5465 = DIRECTION('',(1.,0.));
#5466 = ( GEOMETRIC_REPRESENTATION_CONTEXT(2) 
PARAMETRIC_REPRESENTATION_CONTEXT() REPRESENTATION_CONTEXT('2D SPACE',''
  ) );
#5467 = ORIENTED_EDGE('',*,*,#1325,.T.);
#5468 = ADVANCED_FACE('',(#5469),#1313,.T.);
#5469 = FACE_BOUND('',#5470,.T.);
#5470 = EDGE_LOOP('',(#5471,#5472));
#5471 = ORIENTED_EDGE('',*,*,#1296,.T.);
#5472 = ORIENTED_EDGE('',*,*,#5446,.T.);
#5473 = ADVANCED_FACE('',(#5474),#1361,.F.);
#5474 = FACE_BOUND('',#5475,.F.);
#5475 = EDGE_LOOP('',(#5476,#5477));
#5476 = ORIENTED_EDGE('',*,*,#1346,.T.);
#5477 = ORIENTED_EDGE('',*,*,#5423,.T.);
#5478 = ADVANCED_FACE('',(#5479),#1392,.F.);
#5479 = FACE_BOUND('',#5480,.F.);
#5480 = EDGE_LOOP('',(#5481,#5503,#5504,#5526));
#5481 = ORIENTED_EDGE('',*,*,#5482,.F.);
#5482 = EDGE_CURVE('',#1378,#1433,#5483,.T.);
#5483 = SURFACE_CURVE('',#5484,(#5489,#5496),.PCURVE_S1.);
#5484 = CIRCLE('',#5485,0.8);
#5485 = AXIS2_PLACEMENT_3D('',#5486,#5487,#5488);
#5486 = CARTESIAN_POINT('',(-3.507342886156,10.79449145995,13.3));
#5487 = DIRECTION('',(0.,0.,1.));
#5488 = DIRECTION('',(-0.309016994375,0.951056516295,0.));
#5489 = PCURVE('',#1392,#5490);
#5490 = DEFINITIONAL_REPRESENTATION('',(#5491),#5495);
#5491 = LINE('',#5492,#5493);
#5492 = CARTESIAN_POINT('',(0.,11.));
#5493 = VECTOR('',#5494,1.);
#5494 = DIRECTION('',(1.,0.));
#5495 = ( GEOMETRIC_REPRESENTATION_CONTEXT(2) 
PARAMETRIC_REPRESENTATION_CONTEXT() REPRESENTATION_CONTEXT('2D SPACE',''
  ) );
#5496 = PCURVE('',#1468,#5497);
#5497 = DEFINITIONAL_REPRESENTATION('',(#5498),#5502);
#5498 = CIRCLE('',#5499,0.8);
#5499 = AXIS2_PLACEMENT_2D('',#5500,#5501);
#5500 = CARTESIAN_POINT('',(0.,0.));
#5501 = DIRECTION('',(1.,0.));
#5502 = ( GEOMETRIC_REPRESENTATION_CONTEXT(2) 
PARAMETRIC_REPRESENTATION_CONTEXT() REPRESENTATION_CONTEXT('2D SPACE',''
  ) );
#5503 = ORIENTED_EDGE('',*,*,#1375,.F.);
#5504 = ORIENTED_EDGE('',*,*,#5505,.T.);
#5505 = EDGE_CURVE('',#1376,#1404,#5506,.T.);
#5506 = SURFACE_CURVE('',#5507,(#5512,#5519),.PCURVE_S1.);
#5507 = CIRCLE('',#5508,0.8);
#5508 = AXIS2_PLACEMENT_3D('',#5509,#5510,#5511);
#5509 = CARTESIAN_POINT('',(-3.507342886156,10.79449145995,2.3));
#5510 = DIRECTION('',(0.,0.,1.));
#5511 = DIRECTION('',(-0.309016994375,0.951056516295,0.));
#5512 = PCURVE('',#1392,#5513);
#5513 = DEFINITIONAL_REPRESENTATION('',(#5514),#5518);
#5514 = LINE('',#5515,#5516);
#5515 = CARTESIAN_POINT('',(0.,0.));
#5516 = VECTOR('',#5517,1.);
#5517 = DIRECTION('',(1.,0.));
#5518 = ( GEOMETRIC_REPRESENTATION_CONTEXT(2) 
PARAMETRIC_REPRESENTATION_CONTEXT() REPRESENTATION_CONTEXT('2D SPACE',''
  ) );
#5519 = PCURVE('',#1420,#5520);
#5520 = DEFINITIONAL_REPRESENTATION('',(#5521),#5525);
#5521 = CIRCLE('',#5522,0.8);
#5522 = AXIS2_PLACEMENT_2D('',#5523,#5524);
#5523 = CARTESIAN_POINT('',(0.,0.));
#5524 = DIRECTION('',(1.,0.));
#5525 = ( GEOMETRIC_REPRESENTATION_CONTEXT(2) 
PARAMETRIC_REPRESENTATION_CONTEXT() REPRESENTATION_CONTEXT('2D SPACE',''
  ) );
#5526 = ORIENTED_EDGE('',*,*,#1432,.T.);
#5527 = ADVANCED_FACE('',(#5528),#1420,.T.);
#5528 = FACE_BOUND('',#5529,.T.);
#5529 = EDGE_LOOP('',(#5530,#5531));
#5530 = ORIENTED_EDGE('',*,*,#1403,.T.);
#5531 = ORIENTED_EDGE('',*,*,#5505,.T.);
#5532 = ADVANCED_FACE('',(#5533),#1468,.F.);
#5533 = FACE_BOUND('',#5534,.F.);
#5534 = EDGE_LOOP('',(#5535,#5536));
#5535 = ORIENTED_EDGE('',*,*,#1453,.T.);
#5536 = ORIENTED_EDGE('',*,*,#5482,.T.);
#5537 = ADVANCED_FACE('',(#5538),#1499,.F.);
#5538 = FACE_BOUND('',#5539,.F.);
#5539 = EDGE_LOOP('',(#5540,#5562,#5563,#5585));
#5540 = ORIENTED_EDGE('',*,*,#5541,.F.);
#5541 = EDGE_CURVE('',#1485,#1540,#5542,.T.);
#5542 = SURFACE_CURVE('',#5543,(#5548,#5555),.PCURVE_S1.);
#5543 = CIRCLE('',#5544,0.8);
#5544 = AXIS2_PLACEMENT_3D('',#5545,#5546,#5547);
#5545 = CARTESIAN_POINT('',(-5.675,9.829388332953,13.3));
#5546 = DIRECTION('',(0.,0.,1.));
#5547 = DIRECTION('',(-0.5,0.866025403784,0.));
#5548 = PCURVE('',#1499,#5549);
#5549 = DEFINITIONAL_REPRESENTATION('',(#5550),#5554);
#5550 = LINE('',#5551,#5552);
#5551 = CARTESIAN_POINT('',(0.,11.));
#5552 = VECTOR('',#5553,1.);
#5553 = DIRECTION('',(1.,0.));
#5554 = ( GEOMETRIC_REPRESENTATION_CONTEXT(2) 
PARAMETRIC_REPRESENTATION_CONTEXT() REPRESENTATION_CONTEXT('2D SPACE',''
  ) );
#5555 = PCURVE('',#1575,#5556);
#5556 = DEFINITIONAL_REPRESENTATION('',(#5557),#5561);
#5557 = CIRCLE('',#5558,0.8);
#5558 = AXIS2_PLACEMENT_2D('',#5559,#5560);
#5559 = CARTESIAN_POINT('',(0.,0.));
#5560 = DIRECTION('',(1.,0.));
#5561 = ( GEOMETRIC_REPRESENTATION_CONTEXT(2) 
PARAMETRIC_REPRESENTATION_CONTEXT() REPRESENTATION_CONTEXT('2D SPACE',''
  ) );
#5562 = ORIENTED_EDGE('',*,*,#1482,.F.);
#5563 = ORIENTED_EDGE('',*,*,#5564,.T.);
#5564 = EDGE_CURVE('',#1483,#1511,#5565,.T.);
#5565 = SURFACE_CURVE('',#5566,(#5571,#5578),.PCURVE_S1.);
#5566 = CIRCLE('',#5567,0.8);
#5567 = AXIS2_PLACEMENT_3D('',#5568,#5569,#5570);
#5568 = CARTESIAN_POINT('',(-5.675,9.829388332953,2.3));
#5569 = DIRECTION('',(0.,0.,1.));
#5570 = DIRECTION('',(-0.5,0.866025403784,0.));
#5571 = PCURVE('',#1499,#5572);
#5572 = DEFINITIONAL_REPRESENTATION('',(#5573),#5577);
#5573 = LINE('',#5574,#5575);
#5574 = CARTESIAN_POINT('',(0.,0.));
#5575 = VECTOR('',#5576,1.);
#5576 = DIRECTION('',(1.,0.));
#5577 = ( GEOMETRIC_REPRESENTATION_CONTEXT(2) 
PARAMETRIC_REPRESENTATION_CONTEXT() REPRESENTATION_CONTEXT('2D SPACE',''
  ) );
#5578 = PCURVE('',#1527,#5579);
#5579 = DEFINITIONAL_REPRESENTATION('',(#5580),#5584);
#5580 = CIRCLE('',#5581,0.8);
#5581 = AXIS2_PLACEMENT_2D('',#5582,#5583);
#5582 = CARTESIAN_POINT('',(0.,0.));
#5583 = DIRECTION('',(1.,0.));
#5584 = ( GEOMETRIC_REPRESENTATION_CONTEXT(2) 
PARAMETRIC_REPRESENTATION_CONTEXT() REPRESENTATION_CONTEXT('2D SPACE',''
  ) );
#5585 = ORIENTED_EDGE('',*,*,#1539,.T.);
#5586 = ADVANCED_FACE('',(#5587),#1527,.T.);
#5587 = FACE_BOUND('',#5588,.T.);
#5588 = EDGE_LOOP('',(#5589,#5590));
#5589 = ORIENTED_EDGE('',*,*,#1510,.T.);
#5590 = ORIENTED_EDGE('',*,*,#5564,.T.);
#5591 = ADVANCED_FACE('',(#5592),#1575,.F.);
#5592 = FACE_BOUND('',#5593,.F.);
#5593 = EDGE_LOOP('',(#5594,#5595));
#5594 = ORIENTED_EDGE('',*,*,#1560,.T.);
#5595 = ORIENTED_EDGE('',*,*,#5541,.T.);
#5596 = ADVANCED_FACE('',(#5597),#1606,.F.);
#5597 = FACE_BOUND('',#5598,.F.);
#5598 = EDGE_LOOP('',(#5599,#5621,#5622,#5644));
#5599 = ORIENTED_EDGE('',*,*,#5600,.F.);
#5600 = EDGE_CURVE('',#1592,#1647,#5601,.T.);
#5601 = SURFACE_CURVE('',#5602,(#5607,#5614),.PCURVE_S1.);
#5602 = CIRCLE('',#5603,0.8);
#5603 = AXIS2_PLACEMENT_3D('',#5604,#5605,#5606);
#5604 = CARTESIAN_POINT('',(-7.594632382173,8.434693769168,13.3));
#5605 = DIRECTION('',(0.,0.,1.));
#5606 = DIRECTION('',(-0.669130606359,0.743144825477,0.));
#5607 = PCURVE('',#1606,#5608);
#5608 = DEFINITIONAL_REPRESENTATION('',(#5609),#5613);
#5609 = LINE('',#5610,#5611);
#5610 = CARTESIAN_POINT('',(0.,11.));
#5611 = VECTOR('',#5612,1.);
#5612 = DIRECTION('',(1.,0.));
#5613 = ( GEOMETRIC_REPRESENTATION_CONTEXT(2) 
PARAMETRIC_REPRESENTATION_CONTEXT() REPRESENTATION_CONTEXT('2D SPACE',''
  ) );
#5614 = PCURVE('',#1682,#5615);
#5615 = DEFINITIONAL_REPRESENTATION('',(#5616),#5620);
#5616 = CIRCLE('',#5617,0.8);
#5617 = AXIS2_PLACEMENT_2D('',#5618,#5619);
#5618 = CARTESIAN_POINT('',(0.,0.));
#5619 = DIRECTION('',(1.,0.));
#5620 = ( GEOMETRIC_REPRESENTATION_CONTEXT(2) 
PARAMETRIC_REPRESENTATION_CONTEXT() REPRESENTATION_CONTEXT('2D SPACE',''
  ) );
#5621 = ORIENTED_EDGE('',*,*,#1589,.F.);
#5622 = ORIENTED_EDGE('',*,*,#5623,.T.);
#5623 = EDGE_CURVE('',#1590,#1618,#5624,.T.);
#5624 = SURFACE_CURVE('',#5625,(#5630,#5637),.PCURVE_S1.);
#5625 = CIRCLE('',#5626,0.8);
#5626 = AXIS2_PLACEMENT_3D('',#5627,#5628,#5629);
#5627 = CARTESIAN_POINT('',(-7.594632382173,8.434693769168,2.3));
#5628 = DIRECTION('',(0.,0.,1.));
#5629 = DIRECTION('',(-0.669130606359,0.743144825477,0.));
#5630 = PCURVE('',#1606,#5631);
#5631 = DEFINITIONAL_REPRESENTATION('',(#5632),#5636);
#5632 = LINE('',#5633,#5634);
#5633 = CARTESIAN_POINT('',(0.,0.));
#5634 = VECTOR('',#5635,1.);
#5635 = DIRECTION('',(1.,0.));
#5636 = ( GEOMETRIC_REPRESENTATION_CONTEXT(2) 
PARAMETRIC_REPRESENTATION_CONTEXT() REPRESENTATION_CONTEXT('2D SPACE',''
  ) );
#5637 = PCURVE('',#1634,#5638);
#5638 = DEFINITIONAL_REPRESENTATION('',(#5639),#5643);
#5639 = CIRCLE('',#5640,0.8);
#5640 = AXIS2_PLACEMENT_2D('',#5641,#5642);
#5641 = CARTESIAN_POINT('',(0.,0.));
#5642 = DIRECTION('',(1.,0.));
#5643 = ( GEOMETRIC_REPRESENTATION_CONTEXT(2) 
PARAMETRIC_REPRESENTATION_CONTEXT() REPRESENTATION_CONTEXT('2D SPACE',''
  ) );
#5644 = ORIENTED_EDGE('',*,*,#1646,.T.);
#5645 = ADVANCED_FACE('',(#5646),#1634,.T.);
#5646 = FACE_BOUND('',#5647,.T.);
#5647 = EDGE_LOOP('',(#5648,#5649));
#5648 = ORIENTED_EDGE('',*,*,#1617,.T.);
#5649 = ORIENTED_EDGE('',*,*,#5623,.T.);
#5650 = ADVANCED_FACE('',(#5651),#1682,.F.);
#5651 = FACE_BOUND('',#5652,.F.);
#5652 = EDGE_LOOP('',(#5653,#5654));
#5653 = ORIENTED_EDGE('',*,*,#1667,.T.);
#5654 = ORIENTED_EDGE('',*,*,#5600,.T.);
#5655 = ADVANCED_FACE('',(#5656),#1713,.F.);
#5656 = FACE_BOUND('',#5657,.F.);
#5657 = EDGE_LOOP('',(#5658,#5680,#5681,#5703));
#5658 = ORIENTED_EDGE('',*,*,#5659,.F.);
#5659 = EDGE_CURVE('',#1699,#1754,#5660,.T.);
#5660 = SURFACE_CURVE('',#5661,(#5666,#5673),.PCURVE_S1.);
#5661 = CIRCLE('',#5662,0.8);
#5662 = AXIS2_PLACEMENT_3D('',#5663,#5664,#5665);
#5663 = CARTESIAN_POINT('',(-9.182342886156,6.67136261352,13.3));
#5664 = DIRECTION('',(0.,0.,1.));
#5665 = DIRECTION('',(-0.809016994375,0.587785252292,0.));
#5666 = PCURVE('',#1713,#5667);
#5667 = DEFINITIONAL_REPRESENTATION('',(#5668),#5672);
#5668 = LINE('',#5669,#5670);
#5669 = CARTESIAN_POINT('',(0.,11.));
#5670 = VECTOR('',#5671,1.);
#5671 = DIRECTION('',(1.,0.));
#5672 = ( GEOMETRIC_REPRESENTATION_CONTEXT(2) 
PARAMETRIC_REPRESENTATION_CONTEXT() REPRESENTATION_CONTEXT('2D SPACE',''
  ) );
#5673 = PCURVE('',#1789,#5674);
#5674 = DEFINITIONAL_REPRESENTATION('',(#5675),#5679);
#5675 = CIRCLE('',#5676,0.8);
#5676 = AXIS2_PLACEMENT_2D('',#5677,#5678);
#5677 = CARTESIAN_POINT('',(0.,0.));
#5678 = DIRECTION('',(1.,0.));
#5679 = ( GEOMETRIC_REPRESENTATION_CONTEXT(2) 
PARAMETRIC_REPRESENTATION_CONTEXT() REPRESENTATION_CONTEXT('2D SPACE',''
  ) );
#5680 = ORIENTED_EDGE('',*,*,#1696,.F.);
#5681 = ORIENTED_EDGE('',*,*,#5682,.T.);
#5682 = EDGE_CURVE('',#1697,#1725,#5683,.T.);
#5683 = SURFACE_CURVE('',#5684,(#5689,#5696),.PCURVE_S1.);
#5684 = CIRCLE('',#5685,0.8);
#5685 = AXIS2_PLACEMENT_3D('',#5686,#5687,#5688);
#5686 = CARTESIAN_POINT('',(-9.182342886156,6.67136261352,2.3));
#5687 = DIRECTION('',(0.,0.,1.));
#5688 = DIRECTION('',(-0.809016994375,0.587785252292,0.));
#5689 = PCURVE('',#1713,#5690);
#5690 = DEFINITIONAL_REPRESENTATION('',(#5691),#5695);
#5691 = LINE('',#5692,#5693);
#5692 = CARTESIAN_POINT('',(0.,0.));
#5693 = VECTOR('',#5694,1.);
#5694 = DIRECTION('',(1.,0.));
#5695 = ( GEOMETRIC_REPRESENTATION_CONTEXT(2) 
PARAMETRIC_REPRESENTATION_CONTEXT() REPRESENTATION_CONTEXT('2D SPACE',''
  ) );
#5696 = PCURVE('',#1741,#5697);
#5697 = DEFINITIONAL_REPRESENTATION('',(#5698),#5702);
#5698 = CIRCLE('',#5699,0.8);
#5699 = AXIS2_PLACEMENT_2D('',#5700,#5701);
#5700 = CARTESIAN_POINT('',(0.,0.));
#5701 = DIRECTION('',(1.,0.));
#5702 = ( GEOMETRIC_REPRESENTATION_CONTEXT(2) 
PARAMETRIC_REPRESENTATION_CONTEXT() REPRESENTATION_CONTEXT('2D SPACE',''
  ) );
#5703 = ORIENTED_EDGE('',*,*,#1753,.T.);
#5704 = ADVANCED_FACE('',(#5705),#1741,.T.);
#5705 = FACE_BOUND('',#5706,.T.);
#5706 = EDGE_LOOP('',(#5707,#5708));
#5707 = ORIENTED_EDGE('',*,*,#1724,.T.);
#5708 = ORIENTED_EDGE('',*,*,#5682,.T.);
#5709 = ADVANCED_FACE('',(#5710),#1789,.F.);
#5710 = FACE_BOUND('',#5711,.F.);
#5711 = EDGE_LOOP('',(#5712,#5713));
#5712 = ORIENTED_EDGE('',*,*,#1774,.T.);
#5713 = ORIENTED_EDGE('',*,*,#5659,.T.);
#5714 = ADVANCED_FACE('',(#5715),#1820,.F.);
#5715 = FACE_BOUND('',#5716,.F.);
#5716 = EDGE_LOOP('',(#5717,#5739,#5740,#5762));
#5717 = ORIENTED_EDGE('',*,*,#5718,.F.);
#5718 = EDGE_CURVE('',#1806,#1861,#5719,.T.);
#5719 = SURFACE_CURVE('',#5720,(#5725,#5732),.PCURVE_S1.);
#5720 = CIRCLE('',#5721,0.8);
#5721 = AXIS2_PLACEMENT_3D('',#5722,#5723,#5724);
#5722 = CARTESIAN_POINT('',(-10.36874094424,4.61646089891,13.3));
#5723 = DIRECTION('',(0.,0.,1.));
#5724 = DIRECTION('',(-0.913545457643,0.406736643076,0.));
#5725 = PCURVE('',#1820,#5726);
#5726 = DEFINITIONAL_REPRESENTATION('',(#5727),#5731);
#5727 = LINE('',#5728,#5729);
#5728 = CARTESIAN_POINT('',(0.,11.));
#5729 = VECTOR('',#5730,1.);
#5730 = DIRECTION('',(1.,0.));
#5731 = ( GEOMETRIC_REPRESENTATION_CONTEXT(2) 
PARAMETRIC_REPRESENTATION_CONTEXT() REPRESENTATION_CONTEXT('2D SPACE',''
  ) );
#5732 = PCURVE('',#1896,#5733);
#5733 = DEFINITIONAL_REPRESENTATION('',(#5734),#5738);
#5734 = CIRCLE('',#5735,0.8);
#5735 = AXIS2_PLACEMENT_2D('',#5736,#5737);
#5736 = CARTESIAN_POINT('',(0.,0.));
#5737 = DIRECTION('',(1.,0.));
#5738 = ( GEOMETRIC_REPRESENTATION_CONTEXT(2) 
PARAMETRIC_REPRESENTATION_CONTEXT() REPRESENTATION_CONTEXT('2D SPACE',''
  ) );
#5739 = ORIENTED_EDGE('',*,*,#1803,.F.);
#5740 = ORIENTED_EDGE('',*,*,#5741,.T.);
#5741 = EDGE_CURVE('',#1804,#1832,#5742,.T.);
#5742 = SURFACE_CURVE('',#5743,(#5748,#5755),.PCURVE_S1.);
#5743 = CIRCLE('',#5744,0.8);
#5744 = AXIS2_PLACEMENT_3D('',#5745,#5746,#5747);
#5745 = CARTESIAN_POINT('',(-10.36874094424,4.61646089891,2.3));
#5746 = DIRECTION('',(0.,0.,1.));
#5747 = DIRECTION('',(-0.913545457643,0.406736643076,0.));
#5748 = PCURVE('',#1820,#5749);
#5749 = DEFINITIONAL_REPRESENTATION('',(#5750),#5754);
#5750 = LINE('',#5751,#5752);
#5751 = CARTESIAN_POINT('',(0.,0.));
#5752 = VECTOR('',#5753,1.);
#5753 = DIRECTION('',(1.,0.));
#5754 = ( GEOMETRIC_REPRESENTATION_CONTEXT(2) 
PARAMETRIC_REPRESENTATION_CONTEXT() REPRESENTATION_CONTEXT('2D SPACE',''
  ) );
#5755 = PCURVE('',#1848,#5756);
#5756 = DEFINITIONAL_REPRESENTATION('',(#5757),#5761);
#5757 = CIRCLE('',#5758,0.8);
#5758 = AXIS2_PLACEMENT_2D('',#5759,#5760);
#5759 = CARTESIAN_POINT('',(0.,0.));
#5760 = DIRECTION('',(1.,0.));
#5761 = ( GEOMETRIC_REPRESENTATION_CONTEXT(2) 
PARAMETRIC_REPRESENTATION_CONTEXT() REPRESENTATION_CONTEXT('2D SPACE',''
  ) );
#5762 = ORIENTED_EDGE('',*,*,#1860,.T.);
#5763 = ADVANCED_FACE('',(#5764),#1848,.T.);
#5764 = FACE_BOUND('',#5765,.T.);
#5765 = EDGE_LOOP('',(#5766,#5767));
#5766 = ORIENTED_EDGE('',*,*,#1831,.T.);
#5767 = ORIENTED_EDGE('',*,*,#5741,.T.);
#5768 = ADVANCED_FACE('',(#5769),#1896,.F.);
#5769 = FACE_BOUND('',#5770,.F.);
#5770 = EDGE_LOOP('',(#5771,#5772));
#5771 = ORIENTED_EDGE('',*,*,#1881,.T.);
#5772 = ORIENTED_EDGE('',*,*,#5718,.T.);
#5773 = ADVANCED_FACE('',(#5774),#1927,.F.);
#5774 = FACE_BOUND('',#5775,.F.);
#5775 = EDGE_LOOP('',(#5776,#5798,#5799,#5821));
#5776 = ORIENTED_EDGE('',*,*,#5777,.F.);
#5777 = EDGE_CURVE('',#1913,#1968,#5778,.T.);
#5778 = SURFACE_CURVE('',#5779,(#5784,#5791),.PCURVE_S1.);
#5779 = CIRCLE('',#5780,0.8);
#5780 = AXIS2_PLACEMENT_3D('',#5781,#5782,#5783);
#5781 = CARTESIAN_POINT('',(-11.10197526832,2.359797690782,13.3));
#5782 = DIRECTION('',(0.,0.,1.));
#5783 = DIRECTION('',(-0.978147600734,0.207911690818,0.));
#5784 = PCURVE('',#1927,#5785);
#5785 = DEFINITIONAL_REPRESENTATION('',(#5786),#5790);
#5786 = LINE('',#5787,#5788);
#5787 = CARTESIAN_POINT('',(0.,11.));
#5788 = VECTOR('',#5789,1.);
#5789 = DIRECTION('',(1.,0.));
#5790 = ( GEOMETRIC_REPRESENTATION_CONTEXT(2) 
PARAMETRIC_REPRESENTATION_CONTEXT() REPRESENTATION_CONTEXT('2D SPACE',''
  ) );
#5791 = PCURVE('',#2003,#5792);
#5792 = DEFINITIONAL_REPRESENTATION('',(#5793),#5797);
#5793 = CIRCLE('',#5794,0.8);
#5794 = AXIS2_PLACEMENT_2D('',#5795,#5796);
#5795 = CARTESIAN_POINT('',(0.,0.));
#5796 = DIRECTION('',(1.,0.));
#5797 = ( GEOMETRIC_REPRESENTATION_CONTEXT(2) 
PARAMETRIC_REPRESENTATION_CONTEXT() REPRESENTATION_CONTEXT('2D SPACE',''
  ) );
#5798 = ORIENTED_EDGE('',*,*,#1910,.F.);
#5799 = ORIENTED_EDGE('',*,*,#5800,.T.);
#5800 = EDGE_CURVE('',#1911,#1939,#5801,.T.);
#5801 = SURFACE_CURVE('',#5802,(#5807,#5814),.PCURVE_S1.);
#5802 = CIRCLE('',#5803,0.8);
#5803 = AXIS2_PLACEMENT_3D('',#5804,#5805,#5806);
#5804 = CARTESIAN_POINT('',(-11.10197526832,2.359797690782,2.3));
#5805 = DIRECTION('',(0.,0.,1.));
#5806 = DIRECTION('',(-0.978147600734,0.207911690818,0.));
#5807 = PCURVE('',#1927,#5808);
#5808 = DEFINITIONAL_REPRESENTATION('',(#5809),#5813);
#5809 = LINE('',#5810,#5811);
#5810 = CARTESIAN_POINT('',(0.,0.));
#5811 = VECTOR('',#5812,1.);
#5812 = DIRECTION('',(1.,0.));
#5813 = ( GEOMETRIC_REPRESENTATION_CONTEXT(2) 
PARAMETRIC_REPRESENTATION_CONTEXT() REPRESENTATION_CONTEXT('2D SPACE',''
  ) );
#5814 = PCURVE('',#1955,#5815);
#5815 = DEFINITIONAL_REPRESENTATION('',(#5816),#5820);
#5816 = CIRCLE('',#5817,0.8);
#5817 = AXIS2_PLACEMENT_2D('',#5818,#5819);
#5818 = CARTESIAN_POINT('',(0.,0.));
#5819 = DIRECTION('',(1.,0.));
#5820 = ( GEOMETRIC_REPRESENTATION_CONTEXT(2) 
PARAMETRIC_REPRESENTATION_CONTEXT() REPRESENTATION_CONTEXT('2D SPACE',''
  ) );
#5821 = ORIENTED_EDGE('',*,*,#1967,.T.);
#5822 = ADVANCED_FACE('',(#5823),#1955,.T.);
#5823 = FACE_BOUND('',#5824,.T.);
#5824 = EDGE_LOOP('',(#5825,#5826));
#5825 = ORIENTED_EDGE('',*,*,#1938,.T.);
#5826 = ORIENTED_EDGE('',*,*,#5800,.T.);
#5827 = ADVANCED_FACE('',(#5828),#2003,.F.);
#5828 = FACE_BOUND('',#5829,.F.);
#5829 = EDGE_LOOP('',(#5830,#5831));
#5830 = ORIENTED_EDGE('',*,*,#1988,.T.);
#5831 = ORIENTED_EDGE('',*,*,#5777,.T.);
#5832 = ADVANCED_FACE('',(#5833),#2034,.F.);
#5833 = FACE_BOUND('',#5834,.F.);
#5834 = EDGE_LOOP('',(#5835,#5900,#5901,#5923,#5924));
#5835 = ORIENTED_EDGE('',*,*,#5836,.F.);
#5836 = EDGE_CURVE('',#2020,#5837,#5839,.T.);
#5837 = VERTEX_POINT('',#5838);
#5838 = CARTESIAN_POINT('',(-10.55,-3.061616997868E-16,6.75));
#5839 = SURFACE_CURVE('',#5840,(#5858,#5879),.PCURVE_S1.);
#5840 = B_SPLINE_CURVE_WITH_KNOTS('',6,(#5841,#5842,#5843,#5844,#5845,
    #5846,#5847,#5848,#5849,#5850,#5851,#5852,#5853,#5854,#5855,#5856,
    #5857),.UNSPECIFIED.,.F.,.F.,(7,5,5,7),(0.,0.207023624146,
    0.610873594202,1.),.UNSPECIFIED.);
#5841 = CARTESIAN_POINT('',(-10.97720264317,-0.707829167767,
    6.969719519132));
#5842 = CARTESIAN_POINT('',(-10.95158114321,-0.694334912517,
    6.960448618983));
#5843 = CARTESIAN_POINT('',(-10.92659575607,-0.679754061279,
    6.950743366444));
#5844 = CARTESIAN_POINT('',(-10.90227766696,-0.664113421599,
    6.940703971416));
#5845 = CARTESIAN_POINT('',(-10.87865993191,-0.64743715336,
    6.930428281132));
#5846 = CARTESIAN_POINT('',(-10.85577794843,-0.629747798019,
    6.920010993966));
#5847 = CARTESIAN_POINT('',(-10.79054284704,-0.574626464751,
    6.889122255749));
#5848 = CARTESIAN_POINT('',(-10.75029223372,-0.534355767354,
    6.86847523975));
#5849 = CARTESIAN_POINT('',(-10.71326952253,-0.490438387137,
    6.848301858231));
#5850 = CARTESIAN_POINT('',(-10.67983990572,-0.443071826717,
    6.829249733006));
#5851 = CARTESIAN_POINT('',(-10.65039241612,-0.392482957181,
    6.811912824979));
#5852 = CARTESIAN_POINT('',(-10.60122060386,-0.287355111672,
    6.782297426799));
#5853 = CARTESIAN_POINT('',(-10.58115167754,-0.232964799023,
    6.769840089879));
#5854 = CARTESIAN_POINT('',(-10.56570334751,-0.176351449544,
    6.760049831154));
#5855 = CARTESIAN_POINT('',(-10.55524937856,-0.118179872913,
    6.75335968721));
#5856 = CARTESIAN_POINT('',(-10.55,-5.915738840788E-02,6.75));
#5857 = CARTESIAN_POINT('',(-10.55,-2.22044604925E-16,6.75));
#5858 = PCURVE('',#2034,#5859);
#5859 = DEFINITIONAL_REPRESENTATION('',(#5860),#5878);
#5860 = B_SPLINE_CURVE_WITH_KNOTS('',6,(#5861,#5862,#5863,#5864,#5865,
    #5866,#5867,#5868,#5869,#5870,#5871,#5872,#5873,#5874,#5875,#5876,
    #5877),.UNSPECIFIED.,.F.,.F.,(7,5,5,7),(0.,0.207023624146,
    0.610873594202,1.),.UNSPECIFIED.);
#5861 = CARTESIAN_POINT('',(2.055557086299,4.669719519132));
#5862 = CARTESIAN_POINT('',(2.091754379555,4.660448618983));
#5863 = CARTESIAN_POINT('',(2.127881088083,4.650743366444));
#5864 = CARTESIAN_POINT('',(2.163972437472,4.640703971416));
#5865 = CARTESIAN_POINT('',(2.200061580601,4.630428281132));
#5866 = CARTESIAN_POINT('',(2.236180289401,4.620010993966));
#5867 = CARTESIAN_POINT('',(2.34293628919,4.589122255749));
#5868 = CARTESIAN_POINT('',(2.413856031733,4.56847523975));
#5869 = CARTESIAN_POINT('',(2.485269541185,4.548301858231));
#5870 = CARTESIAN_POINT('',(2.557330313604,4.529249733006));
#5871 = CARTESIAN_POINT('',(2.630206015489,4.511912824979));
#5872 = CARTESIAN_POINT('',(2.775279978427,4.482297426799));
#5873 = CARTESIAN_POINT('',(2.847492666168,4.469840089879));
#5874 = CARTESIAN_POINT('',(2.920425197136,4.460049831154));
#5875 = CARTESIAN_POINT('',(2.993867893781,4.45335968721));
#5876 = CARTESIAN_POINT('',(3.06764591808,4.45));
#5877 = CARTESIAN_POINT('',(3.14159265359,4.45));
#5878 = ( GEOMETRIC_REPRESENTATION_CONTEXT(2) 
PARAMETRIC_REPRESENTATION_CONTEXT() REPRESENTATION_CONTEXT('2D SPACE',''
  ) );
#5879 = PCURVE('',#2157,#5880);
#5880 = DEFINITIONAL_REPRESENTATION('',(#5881),#5899);
#5881 = B_SPLINE_CURVE_WITH_KNOTS('',6,(#5882,#5883,#5884,#5885,#5886,
    #5887,#5888,#5889,#5890,#5891,#5892,#5893,#5894,#5895,#5896,#5897,
    #5898),.UNSPECIFIED.,.F.,.F.,(7,5,5,7),(0.,0.207023624146,
    0.610873594202,1.),.UNSPECIFIED.);
#5882 = CARTESIAN_POINT('',(5.681220103977,2.279735682819E-02));
#5883 = CARTESIAN_POINT('',(5.694317756025,4.841885678882E-02));
#5884 = CARTESIAN_POINT('',(5.708328660275,7.340424392488E-02));
#5885 = CARTESIAN_POINT('',(5.72319375507,9.772233304035E-02));
#5886 = CARTESIAN_POINT('',(5.738859718001,0.121340068085));
#5887 = CARTESIAN_POINT('',(5.755279004117,0.14422205157));
#5888 = CARTESIAN_POINT('',(5.805827835351,0.209457152956));
#5889 = CARTESIAN_POINT('',(5.842007344602,0.249707766278));
#5890 = CARTESIAN_POINT('',(5.880613022649,0.286730477466));
#5891 = CARTESIAN_POINT('',(5.921378578115,0.320160094271));
#5892 = CARTESIAN_POINT('',(5.964094059957,0.349607583871));
#5893 = CARTESIAN_POINT('',(6.051469793745,0.398779396131));
#5894 = CARTESIAN_POINT('',(6.096054222833,0.418848322452));
#5895 = CARTESIAN_POINT('',(6.141913544572,0.434296652486));
#5896 = CARTESIAN_POINT('',(6.18864135708,0.444750621435));
#5897 = CARTESIAN_POINT('',(6.235859396453,0.45));
#5898 = CARTESIAN_POINT('',(6.28318530718,0.45));
#5899 = ( GEOMETRIC_REPRESENTATION_CONTEXT(2) 
PARAMETRIC_REPRESENTATION_CONTEXT() REPRESENTATION_CONTEXT('2D SPACE',''
  ) );
#5900 = ORIENTED_EDGE('',*,*,#2017,.F.);
#5901 = ORIENTED_EDGE('',*,*,#5902,.T.);
#5902 = EDGE_CURVE('',#2018,#2046,#5903,.T.);
#5903 = SURFACE_CURVE('',#5904,(#5909,#5916),.PCURVE_S1.);
#5904 = CIRCLE('',#5905,0.8);
#5905 = AXIS2_PLACEMENT_3D('',#5906,#5907,#5908);
#5906 = CARTESIAN_POINT('',(-11.35,1.389974117032E-15,2.3));
#5907 = DIRECTION('',(0.,0.,1.));
#5908 = DIRECTION('',(-1.,1.224646799147E-16,0.));
#5909 = PCURVE('',#2034,#5910);
#5910 = DEFINITIONAL_REPRESENTATION('',(#5911),#5915);
#5911 = LINE('',#5912,#5913);
#5912 = CARTESIAN_POINT('',(0.,0.));
#5913 = VECTOR('',#5914,1.);
#5914 = DIRECTION('',(1.,0.));
#5915 = ( GEOMETRIC_REPRESENTATION_CONTEXT(2) 
PARAMETRIC_REPRESENTATION_CONTEXT() REPRESENTATION_CONTEXT('2D SPACE',''
  ) );
#5916 = PCURVE('',#2062,#5917);
#5917 = DEFINITIONAL_REPRESENTATION('',(#5918),#5922);
#5918 = CIRCLE('',#5919,0.8);
#5919 = AXIS2_PLACEMENT_2D('',#5920,#5921);
#5920 = CARTESIAN_POINT('',(0.,0.));
#5921 = DIRECTION('',(1.,0.));
#5922 = ( GEOMETRIC_REPRESENTATION_CONTEXT(2) 
PARAMETRIC_REPRESENTATION_CONTEXT() REPRESENTATION_CONTEXT('2D SPACE',''
  ) );
#5923 = ORIENTED_EDGE('',*,*,#2074,.T.);
#5924 = ORIENTED_EDGE('',*,*,#5925,.F.);
#5925 = EDGE_CURVE('',#5837,#2075,#5926,.T.);
#5926 = SURFACE_CURVE('',#5927,(#5945,#5966),.PCURVE_S1.);
#5927 = B_SPLINE_CURVE_WITH_KNOTS('',6,(#5928,#5929,#5930,#5931,#5932,
    #5933,#5934,#5935,#5936,#5937,#5938,#5939,#5940,#5941,#5942,#5943,
    #5944),.UNSPECIFIED.,.F.,.F.,(7,5,5,7),(0.,0.389329129533,
    0.796002158605,1.),.UNSPECIFIED.);
#5928 = CARTESIAN_POINT('',(-10.55,-2.666082710692E-16,6.75));
#5929 = CARTESIAN_POINT('',(-10.55,5.920111797109E-02,6.75));
#5930 = CARTESIAN_POINT('',(-10.55525713728,0.118248088151,
    6.753364677078));
#5931 = CARTESIAN_POINT('',(-10.56572020148,0.176432328926,
    6.760060589942));
#5932 = CARTESIAN_POINT('',(-10.58117739333,0.233054964157,
    6.769856267358));
#5933 = CARTESIAN_POINT('',(-10.60125809634,0.287459280235,
    6.782320782133));
#5934 = CARTESIAN_POINT('',(-10.65063906814,0.392985149617,
    6.812060568859));
#5935 = CARTESIAN_POINT('',(-10.68033385543,0.443903081294,
    6.829539475648));
#5936 = CARTESIAN_POINT('',(-10.71406295317,0.491550318283,
    6.848752784427));
#5937 = CARTESIAN_POINT('',(-10.75142972864,0.535696346747,
    6.869093711107));
#5938 = CARTESIAN_POINT('',(-10.79206244388,0.576140472873,
    6.889900431972));
#5939 = CARTESIAN_POINT('',(-10.85744523541,0.631033365826,
    6.920769033054));
#5940 = CARTESIAN_POINT('',(-10.88003622873,0.648406998053,
    6.931026393934));
#5941 = CARTESIAN_POINT('',(-10.90334025657,0.664795903794,
    6.941142259785));
#5942 = CARTESIAN_POINT('',(-10.9273234696,0.680178430708,6.951025896029
    ));
#5943 = CARTESIAN_POINT('',(-10.95195422359,0.694531405382,
    6.960583614631));
#5944 = CARTESIAN_POINT('',(-10.97720264317,0.707829167767,
    6.969719519132));
#5945 = PCURVE('',#2034,#5946);
#5946 = DEFINITIONAL_REPRESENTATION('',(#5947),#5965);
#5947 = B_SPLINE_CURVE_WITH_KNOTS('',6,(#5948,#5949,#5950,#5951,#5952,
    #5953,#5954,#5955,#5956,#5957,#5958,#5959,#5960,#5961,#5962,#5963,
    #5964),.UNSPECIFIED.,.F.,.F.,(7,5,5,7),(0.,0.389329129533,
    0.796002158605,1.),.UNSPECIFIED.);
#5948 = CARTESIAN_POINT('',(3.14159265359,4.45));
#5949 = CARTESIAN_POINT('',(3.215594051054,4.45));
#5950 = CARTESIAN_POINT('',(3.289402662504,4.453364677078));
#5951 = CARTESIAN_POINT('',(3.362862841917,4.460060589942));
#5952 = CARTESIAN_POINT('',(3.435809425564,4.469856267358));
#5953 = CARTESIAN_POINT('',(3.508043130057,4.482320782133));
#5954 = CARTESIAN_POINT('',(3.653678534644,4.512060568859));
#5955 = CARTESIAN_POINT('',(3.727058989567,4.529539475648));
#5956 = CARTESIAN_POINT('',(3.79961389704,4.548752784427));
#5957 = CARTESIAN_POINT('',(3.871515336587,4.569093711107));
#5958 = CARTESIAN_POINT('',(3.942921018134,4.589900431972));
#5959 = CARTESIAN_POINT('',(4.049634266531,4.620769033054));
#5960 = CARTESIAN_POINT('',(4.08522542322,4.631026393934));
#5961 = CARTESIAN_POINT('',(4.120789293069,4.641142259785));
#5962 = CARTESIAN_POINT('',(4.156356251877,4.651025896029));
#5963 = CARTESIAN_POINT('',(4.191958004498,4.660583614631));
#5964 = CARTESIAN_POINT('',(4.227628220881,4.669719519132));
#5965 = ( GEOMETRIC_REPRESENTATION_CONTEXT(2) 
PARAMETRIC_REPRESENTATION_CONTEXT() REPRESENTATION_CONTEXT('2D SPACE',''
  ) );
#5966 = PCURVE('',#2157,#5967);
#5967 = DEFINITIONAL_REPRESENTATION('',(#5968),#5986);
#5968 = B_SPLINE_CURVE_WITH_KNOTS('',6,(#5969,#5970,#5971,#5972,#5973,
    #5974,#5975,#5976,#5977,#5978,#5979,#5980,#5981,#5982,#5983,#5984,
    #5985),.UNSPECIFIED.,.F.,.F.,(7,5,5,7),(0.,0.389329129533,
    0.796002158605,1.),.UNSPECIFIED.);
#5969 = CARTESIAN_POINT('',(0.,0.45));
#5970 = CARTESIAN_POINT('',(4.736089437687E-02,0.45));
#5971 = CARTESIAN_POINT('',(9.459853453141E-02,0.444742862716));
#5972 = CARTESIAN_POINT('',(0.141336881015,0.434279798517));
#5973 = CARTESIAN_POINT('',(0.18720426746,0.418822606664));
#5974 = CARTESIAN_POINT('',(0.23180079229,0.398741903656));
#5975 = CARTESIAN_POINT('',(0.31950999919,0.34936093186));
#5976 = CARTESIAN_POINT('',(0.36250992443,0.319666144567));
#5977 = CARTESIAN_POINT('',(0.403530420745,0.285937046824));
#5978 = CARTESIAN_POINT('',(0.44235734953,0.248570271357));
#5979 = CARTESIAN_POINT('',(0.478718381483,0.207937556118));
#5980 = CARTESIAN_POINT('',(0.529099966878,0.142554764586));
#5981 = CARTESIAN_POINT('',(0.545236894266,0.119963771268));
#5982 = CARTESIAN_POINT('',(0.560640289289,9.66597434233E-02));
#5983 = CARTESIAN_POINT('',(0.575264456839,7.267653039143E-02));
#5984 = CARTESIAN_POINT('',(0.589058268992,4.804577640438E-02));
#5985 = CARTESIAN_POINT('',(0.601965203203,2.279735682819E-02));
#5986 = ( GEOMETRIC_REPRESENTATION_CONTEXT(2) 
PARAMETRIC_REPRESENTATION_CONTEXT() REPRESENTATION_CONTEXT('2D SPACE',''
  ) );
#5987 = ADVANCED_FACE('',(#5988),#2157,.F.);
#5988 = FACE_BOUND('',#5989,.F.);
#5989 = EDGE_LOOP('',(#5990,#6265,#6286,#6287,#6288,#6402,#6403,#6404));
#5990 = ORIENTED_EDGE('',*,*,#5991,.F.);
#5991 = EDGE_CURVE('',#5992,#5992,#5994,.T.);
#5992 = VERTEX_POINT('',#5993);
#5993 = CARTESIAN_POINT('',(-3.25,-3.061616997868E-16,6.75));
#5994 = SURFACE_CURVE('',#5995,(#6083,#6174),.PCURVE_S1.);
#5995 = B_SPLINE_CURVE_WITH_KNOTS('',6,(#5996,#5997,#5998,#5999,#6000,
    #6001,#6002,#6003,#6004,#6005,#6006,#6007,#6008,#6009,#6010,#6011,
    #6012,#6013,#6014,#6015,#6016,#6017,#6018,#6019,#6020,#6021,#6022,
    #6023,#6024,#6025,#6026,#6027,#6028,#6029,#6030,#6031,#6032,#6033,
    #6034,#6035,#6036,#6037,#6038,#6039,#6040,#6041,#6042,#6043,#6044,
    #6045,#6046,#6047,#6048,#6049,#6050,#6051,#6052,#6053,#6054,#6055,
    #6056,#6057,#6058,#6059,#6060,#6061,#6062,#6063,#6064,#6065,#6066,
    #6067,#6068,#6069,#6070,#6071,#6072,#6073,#6074,#6075,#6076,#6077,
    #6078,#6079,#6080,#6081,#6082),.UNSPECIFIED.,.T.,.F.,(7,5,5,5,5,5,5,
    5,5,5,5,5,5,5,5,5,5,7),(0.,7.310586643292E-02,0.104725671762,
    0.20766418776,0.249736850181,0.291690510402,0.394836492796,
    0.427093115447,0.454221988418,0.499648088251,0.546598614945,
    0.604606865735,0.707711195974,0.749851627065,0.791872861974,
    0.895184981424,0.927493559761,1.),.UNSPECIFIED.);
#5996 = CARTESIAN_POINT('',(-3.25,0.,6.75));
#5997 = CARTESIAN_POINT('',(-3.25,0.108841005992,6.75));
#5998 = CARTESIAN_POINT('',(-3.245625939085,0.217055646038,
    6.761372526614));
#5999 = CARTESIAN_POINT('',(-3.236972357085,0.322736965908,
    6.783872021192));
#6000 = CARTESIAN_POINT('',(-3.224598891966,0.424037593139,
    6.816703689988));
#6001 = CARTESIAN_POINT('',(-3.20949178039,0.519304184965,6.858532995296
    ));
#6002 = CARTESIAN_POINT('',(-3.18553001396,0.645288930388,6.928554205464
    ));
#6003 = CARTESIAN_POINT('',(-3.177971047321,0.682069254086,
    6.951076466308));
#6004 = CARTESIAN_POINT('',(-3.170158489757,0.717557495102,
    6.974883798937));
#6005 = CARTESIAN_POINT('',(-3.16216235421,0.751725544474,6.999883366218
    ));
#6006 = CARTESIAN_POINT('',(-3.154050869608,0.784550656472,7.02598484928
    ));
#6007 = CARTESIAN_POINT('',(-3.119319194291,0.918447700209,
    7.141374032525));
#6008 = CARTESIAN_POINT('',(-3.092201621547,1.006522462084,
    7.240446615142));
#6009 = CARTESIAN_POINT('',(-3.066681120282,1.080005750641,
    7.347659029528));
#6010 = CARTESIAN_POINT('',(-3.044539000651,1.138942409124,
    7.460953651218));
#6011 = CARTESIAN_POINT('',(-3.027062048533,1.183399533861,
    7.578664353419));
#6012 = CARTESIAN_POINT('',(-3.010109341748,1.225526552901,
    7.748669651456));
#6013 = CARTESIAN_POINT('',(-3.006102196594,1.235312046188,
    7.798466368837));
#6014 = CARTESIAN_POINT('',(-3.003060466741,1.242654986772,
    7.848615095016));
#6015 = CARTESIAN_POINT('',(-3.001020302619,1.247551618968,
    7.898997473529));
#6016 = CARTESIAN_POINT('',(-3.,1.25,7.949497195573));
#6017 = CARTESIAN_POINT('',(-3.,1.25,8.050359957636));
#6018 = CARTESIAN_POINT('',(-3.001014537738,1.247565449043,
    8.100716869226));
#6019 = CARTESIAN_POINT('',(-3.003043179662,1.242696474098,
    8.150957428074));
#6020 = CARTESIAN_POINT('',(-3.006067835128,1.235394997032,
    8.200966303611));
#6021 = CARTESIAN_POINT('',(-3.0100527564,1.225664734607,8.250626141398)
  );
#6022 = CARTESIAN_POINT('',(-3.02697132448,1.18363088729,8.420758083981)
  );
#6023 = CARTESIAN_POINT('',(-3.044466434652,1.139139050393,
    8.538723464726));
#6024 = CARTESIAN_POINT('',(-3.066649369457,1.08010954645,8.652259737686
    ));
#6025 = CARTESIAN_POINT('',(-3.092226257797,1.006474700531,
    8.759691257467));
#6026 = CARTESIAN_POINT('',(-3.11940453625,0.918189186699,8.858947877842
    ));
#6027 = CARTESIAN_POINT('',(-3.154350921335,0.783371617856,
    8.974999882288));
#6028 = CARTESIAN_POINT('',(-3.162623346581,0.749838034015,
    9.001591055986));
#6029 = CARTESIAN_POINT('',(-3.170773620221,0.714907270245,
    9.027032685775));
#6030 = CARTESIAN_POINT('',(-3.178729141918,0.678603927271,
    9.051228571945));
#6031 = CARTESIAN_POINT('',(-3.186415433882,0.640958466945,
    9.074079875967));
#6032 = CARTESIAN_POINT('',(-3.199932374094,0.569248696131,
    9.113486932248));
#6033 = CARTESIAN_POINT('',(-3.205864388959,0.535564267746,9.13046710671
    ));
#6034 = CARTESIAN_POINT('',(-3.211504098037,0.500997775464,
    9.146352689232));
#6035 = CARTESIAN_POINT('',(-3.216804485866,0.465597024385,
    9.161075149247));
#6036 = CARTESIAN_POINT('',(-3.221720944579,0.429414189702,
    9.174570001204));
#6037 = CARTESIAN_POINT('',(-3.233730132072,0.330704375903,9.20721655777
    ));
#6038 = CARTESIAN_POINT('',(-3.240063095596,0.266802913411,
    9.224066191974));
#6039 = CARTESIAN_POINT('',(-3.244983457617,0.201267859118,
    9.236958768115));
#6040 = CARTESIAN_POINT('',(-3.248326149129,0.134603282755,
    9.245647001649));
#6041 = CARTESIAN_POINT('',(-3.25,6.733588690327E-02,9.25));
#6042 = CARTESIAN_POINT('',(-3.25,-6.959557098543E-02,9.25));
#6043 = CARTESIAN_POINT('',(-3.248211957269,-0.139110739566,
    9.245349908703));
#6044 = CARTESIAN_POINT('',(-3.244641974294,-0.207959980873,
    9.236071260807));
#6045 = CARTESIAN_POINT('',(-3.239393938358,-0.275566780081,
    9.222312517096));
#6046 = CARTESIAN_POINT('',(-3.232654760174,-0.341381087347,
    9.204352978231));
#6047 = CARTESIAN_POINT('',(-3.214826168959,-0.483371585859,
    9.155738764664));
#6048 = CARTESIAN_POINT('',(-3.203088288971,-0.558315010864,
    9.123098440043));
#6049 = CARTESIAN_POINT('',(-3.189876666243,-0.629330797165,
    9.08528603913));
#6050 = CARTESIAN_POINT('',(-3.175641703141,-0.696101120949,
    9.042903734388));
#6051 = CARTESIAN_POINT('',(-3.160838073817,-0.758384726654,
    8.996564306297));
#6052 = CARTESIAN_POINT('',(-3.119319194291,-0.918447700209,
    8.858625967475));
#6053 = CARTESIAN_POINT('',(-3.092201621547,-1.006522462085,
    8.759553384858));
#6054 = CARTESIAN_POINT('',(-3.066681120282,-1.080005750641,
    8.652340970472));
#6055 = CARTESIAN_POINT('',(-3.044539000651,-1.138942409124,
    8.539046348782));
#6056 = CARTESIAN_POINT('',(-3.027062048533,-1.183399533861,
    8.421335646581));
#6057 = CARTESIAN_POINT('',(-3.01010934202,-1.225526552224,
    8.251330351276));
#6058 = CARTESIAN_POINT('',(-3.006102196667,-1.235312046007,
    8.201533630413));
#6059 = CARTESIAN_POINT('',(-3.003060466605,-1.24265498711,
    8.151384902228));
#6060 = CARTESIAN_POINT('',(-3.001020302473,-1.247551619328,
    8.101002525744));
#6061 = CARTESIAN_POINT('',(-3.,-1.25,8.05050280719));
#6062 = CARTESIAN_POINT('',(-3.,-1.25,7.949640042364));
#6063 = CARTESIAN_POINT('',(-3.001014537738,-1.247565449043,
    7.899283130774));
#6064 = CARTESIAN_POINT('',(-3.003043179662,-1.242696474098,
    7.849042571926));
#6065 = CARTESIAN_POINT('',(-3.006067835128,-1.235394997032,
    7.799033696389));
#6066 = CARTESIAN_POINT('',(-3.0100527564,-1.225664734607,7.749373858602
    ));
#6067 = CARTESIAN_POINT('',(-3.02697132448,-1.18363088729,7.579241916019
    ));
#6068 = CARTESIAN_POINT('',(-3.044466434652,-1.139139050393,
    7.461276535273));
#6069 = CARTESIAN_POINT('',(-3.066649369457,-1.080109546451,
    7.347740262315));
#6070 = CARTESIAN_POINT('',(-3.092226257797,-1.00647470053,
    7.240308742532));
#6071 = CARTESIAN_POINT('',(-3.11940453625,-0.918189186699,
    7.141052122158));
#6072 = CARTESIAN_POINT('',(-3.154350921335,-0.783371617856,
    7.025000117712));
#6073 = CARTESIAN_POINT('',(-3.162623346581,-0.749838034015,
    6.998408944014));
#6074 = CARTESIAN_POINT('',(-3.170773620221,-0.714907270245,
    6.972967314225));
#6075 = CARTESIAN_POINT('',(-3.178729141918,-0.678603927271,
    6.948771428055));
#6076 = CARTESIAN_POINT('',(-3.186415433882,-0.640958466945,
    6.925920124033));
#6077 = CARTESIAN_POINT('',(-3.210234381453,-0.51459471564,
    6.856478771717));
#6078 = CARTESIAN_POINT('',(-3.225084616903,-0.420039297037,
    6.81541488237));
#6079 = CARTESIAN_POINT('',(-3.237227949693,-0.319606051918,
    6.783207464344));
#6080 = CARTESIAN_POINT('',(-3.245712691554,-0.214911066748,
    6.76114697365));
#6081 = CARTESIAN_POINT('',(-3.25,-0.10775626592,6.75));
#6082 = CARTESIAN_POINT('',(-3.25,0.,6.75));
#6083 = PCURVE('',#2157,#6084);
#6084 = DEFINITIONAL_REPRESENTATION('',(#6085),#6173);
#6085 = B_SPLINE_CURVE_WITH_KNOTS('',6,(#6086,#6087,#6088,#6089,#6090,
    #6091,#6092,#6093,#6094,#6095,#6096,#6097,#6098,#6099,#6100,#6101,
    #6102,#6103,#6104,#6105,#6106,#6107,#6108,#6109,#6110,#6111,#6112,
    #6113,#6114,#6115,#6116,#6117,#6118,#6119,#6120,#6121,#6122,#6123,
    #6124,#6125,#6126,#6127,#6128,#6129,#6130,#6131,#6132,#6133,#6134,
    #6135,#6136,#6137,#6138,#6139,#6140,#6141,#6142,#6143,#6144,#6145,
    #6146,#6147,#6148,#6149,#6150,#6151,#6152,#6153,#6154,#6155,#6156,
    #6157,#6158,#6159,#6160,#6161,#6162,#6163,#6164,#6165,#6166,#6167,
    #6168,#6169,#6170,#6171,#6172),.UNSPECIFIED.,.F.,.F.,(7,5,5,5,5,5,5,
    5,5,5,5,5,5,5,5,5,5,7),(0.,7.310586643292E-02,0.104725671762,
    0.20766418776,0.249736850181,0.291690510402,0.394836492796,
    0.427093115447,0.454221988418,0.499648088251,0.546598614945,
    0.604606865735,0.707711195974,0.749851627065,0.791872861974,
    0.895184981424,0.927493559761,1.),.UNSPECIFIED.);
#6086 = CARTESIAN_POINT('',(0.,7.75));
#6087 = CARTESIAN_POINT('',(8.707280479398E-02,7.75));
#6088 = CARTESIAN_POINT('',(0.173644327286,7.754374060915));
#6089 = CARTESIAN_POINT('',(0.259378613049,7.763027642915));
#6090 = CARTESIAN_POINT('',(0.34391290878,7.775401108034));
#6091 = CARTESIAN_POINT('',(0.426785022928,7.79050821961));
#6092 = CARTESIAN_POINT('',(0.542093654911,7.81446998604));
#6093 = CARTESIAN_POINT('',(0.576565576811,7.822028952679));
#6094 = CARTESIAN_POINT('',(0.610709360594,7.829841510243));
#6095 = CARTESIAN_POINT('',(0.644537820117,7.83783764579));
#6096 = CARTESIAN_POINT('',(0.67806184382,7.845949130392));
#6097 = CARTESIAN_POINT('',(0.819467545389,7.880680805709));
#6098 = CARTESIAN_POINT('',(0.9245834539,7.907798378453));
#6099 = CARTESIAN_POINT('',(1.027382860227,7.933318879718));
#6100 = CARTESIAN_POINT('',(1.128467234618,7.955460999349));
#6101 = CARTESIAN_POINT('',(1.228426193809,7.972937951467));
#6102 = CARTESIAN_POINT('',(1.368543829173,7.989890658252));
#6103 = CARTESIAN_POINT('',(1.409094908422,7.993897803406));
#6104 = CARTESIAN_POINT('',(1.449569698596,7.996939533259));
#6105 = CARTESIAN_POINT('',(1.489994036249,7.998979697381));
#6106 = CARTESIAN_POINT('',(1.530394083253,8.));
#6107 = CARTESIAN_POINT('',(1.611084292904,8.));
#6108 = CARTESIAN_POINT('',(1.651370087619,7.998985462262));
#6109 = CARTESIAN_POINT('',(1.691679969111,7.996956820338));
#6110 = CARTESIAN_POINT('',(1.732039870289,7.993932164872));
#6111 = CARTESIAN_POINT('',(1.772475398797,7.9899472436));
#6112 = CARTESIAN_POINT('',(1.912673480855,7.97302867552));
#6113 = CARTESIAN_POINT('',(2.012828689631,7.955533565348));
#6114 = CARTESIAN_POINT('',(2.114112506278,7.933350630543));
#6115 = CARTESIAN_POINT('',(2.21711794259,7.907773742203));
#6116 = CARTESIAN_POINT('',(2.322449872378,7.88059546375));
#6117 = CARTESIAN_POINT('',(2.464759606926,7.845649078665));
#6118 = CARTESIAN_POINT('',(2.49896948717,7.837376653419));
#6119 = CARTESIAN_POINT('',(2.533496693321,7.829226379779));
#6120 = CARTESIAN_POINT('',(2.568352532236,7.821270858082));
#6121 = CARTESIAN_POINT('',(2.603550420761,7.813584566118));
#6122 = CARTESIAN_POINT('',(2.669009817959,7.800067625906));
#6123 = CARTESIAN_POINT('',(2.699168427799,7.794135611041));
#6124 = CARTESIAN_POINT('',(2.729572058737,7.788495901963));
#6125 = CARTESIAN_POINT('',(2.760212810425,7.783195514134));
#6126 = CARTESIAN_POINT('',(2.791084878248,7.778279055421));
#6127 = CARTESIAN_POINT('',(2.874259585926,7.766269867928));
#6128 = CARTESIAN_POINT('',(2.927027765905,7.759936904404));
#6129 = CARTESIAN_POINT('',(2.980297090831,7.755016542383));
#6130 = CARTESIAN_POINT('',(3.033909953407,7.751673850871));
#6131 = CARTESIAN_POINT('',(3.087723944067,7.75));
#6132 = CARTESIAN_POINT('',(3.197269110378,7.75));
#6133 = CARTESIAN_POINT('',(3.25288133757,7.751788042731));
#6134 = CARTESIAN_POINT('',(3.308271177847,7.755358025706));
#6135 = CARTESIAN_POINT('',(3.363285044732,7.760606061642));
#6136 = CARTESIAN_POINT('',(3.417751675186,7.767345239826));
#6137 = CARTESIAN_POINT('',(3.537817373011,7.785173831041));
#6138 = CARTESIAN_POINT('',(3.602998274677,7.796911711029));
#6139 = CARTESIAN_POINT('',(3.667071237652,7.810123333757));
#6140 = CARTESIAN_POINT('',(3.730075936967,7.824358296859));
#6141 = CARTESIAN_POINT('',(3.792021238603,7.839161926183));
#6142 = CARTESIAN_POINT('',(3.961060198979,7.880680805709));
#6143 = CARTESIAN_POINT('',(4.06617610749,7.907798378453));
#6144 = CARTESIAN_POINT('',(4.168975513817,7.933318879718));
#6145 = CARTESIAN_POINT('',(4.270059888208,7.955460999349));
#6146 = CARTESIAN_POINT('',(4.370018847399,7.972937951467));
#6147 = CARTESIAN_POINT('',(4.510136480511,7.98989065798));
#6148 = CARTESIAN_POINT('',(4.550687562593,7.993897803333));
#6149 = CARTESIAN_POINT('',(4.591162354421,7.996939533395));
#6150 = CARTESIAN_POINT('',(4.631586690453,7.998979697527));
#6151 = CARTESIAN_POINT('',(4.671986734633,8.));
#6152 = CARTESIAN_POINT('',(4.752676946493,8.));
#6153 = CARTESIAN_POINT('',(4.792962741208,7.998985462262));
#6154 = CARTESIAN_POINT('',(4.833272622701,7.996956820338));
#6155 = CARTESIAN_POINT('',(4.873632523879,7.993932164872));
#6156 = CARTESIAN_POINT('',(4.914068052387,7.9899472436));
#6157 = CARTESIAN_POINT('',(5.054266134445,7.97302867552));
#6158 = CARTESIAN_POINT('',(5.154421343222,7.955533565348));
#6159 = CARTESIAN_POINT('',(5.255705159867,7.933350630543));
#6160 = CARTESIAN_POINT('',(5.35871059618,7.907773742203));
#6161 = CARTESIAN_POINT('',(5.464042525968,7.88059546375));
#6162 = CARTESIAN_POINT('',(5.606352260516,7.845649078665));
#6163 = CARTESIAN_POINT('',(5.640562140761,7.837376653419));
#6164 = CARTESIAN_POINT('',(5.675089346911,7.829226379779));
#6165 = CARTESIAN_POINT('',(5.709945185826,7.821270858082));
#6166 = CARTESIAN_POINT('',(5.745143074351,7.813584566118));
#6167 = CARTESIAN_POINT('',(5.860492696784,7.789765618547));
#6168 = CARTESIAN_POINT('',(5.94260761321,7.774915383097));
#6169 = CARTESIAN_POINT('',(6.026346640202,7.762772050307));
#6170 = CARTESIAN_POINT('',(6.111256633846,7.754287308446));
#6171 = CARTESIAN_POINT('',(6.196980294444,7.75));
#6172 = CARTESIAN_POINT('',(6.28318530718,7.75));
#6173 = ( GEOMETRIC_REPRESENTATION_CONTEXT(2) 
PARAMETRIC_REPRESENTATION_CONTEXT() REPRESENTATION_CONTEXT('2D SPACE',''
  ) );
#6174 = PCURVE('',#4600,#6175);
#6175 = DEFINITIONAL_REPRESENTATION('',(#6176),#6264);
#6176 = B_SPLINE_CURVE_WITH_KNOTS('',6,(#6177,#6178,#6179,#6180,#6181,
    #6182,#6183,#6184,#6185,#6186,#6187,#6188,#6189,#6190,#6191,#6192,
    #6193,#6194,#6195,#6196,#6197,#6198,#6199,#6200,#6201,#6202,#6203,
    #6204,#6205,#6206,#6207,#6208,#6209,#6210,#6211,#6212,#6213,#6214,
    #6215,#6216,#6217,#6218,#6219,#6220,#6221,#6222,#6223,#6224,#6225,
    #6226,#6227,#6228,#6229,#6230,#6231,#6232,#6233,#6234,#6235,#6236,
    #6237,#6238,#6239,#6240,#6241,#6242,#6243,#6244,#6245,#6246,#6247,
    #6248,#6249,#6250,#6251,#6252,#6253,#6254,#6255,#6256,#6257,#6258,
    #6259,#6260,#6261,#6262,#6263),.UNSPECIFIED.,.T.,.F.,(7,5,5,5,5,5,5,
    5,5,5,5,5,5,5,5,5,5,7),(0.,7.310586643292E-02,0.104725671762,
    0.20766418776,0.249736850181,0.291690510402,0.394836492796,
    0.427093115447,0.454221988418,0.499648088251,0.546598614945,
    0.604606865735,0.707711195974,0.749851627065,0.791872861974,
    0.895184981424,0.927493559761,1.),.UNSPECIFIED.);
#6177 = CARTESIAN_POINT('',(3.14159265359,7.75));
#6178 = CARTESIAN_POINT('',(3.108103113284,7.75));
#6179 = CARTESIAN_POINT('',(3.074806238226,7.761372526614));
#6180 = CARTESIAN_POINT('',(3.042221613422,7.783872021192));
#6181 = CARTESIAN_POINT('',(3.010852376652,7.816703689988));
#6182 = CARTESIAN_POINT('',(2.981187224278,7.858532995296));
#6183 = CARTESIAN_POINT('',(2.941727773345,7.928554205464));
#6184 = CARTESIAN_POINT('',(2.93017548034,7.951076466308));
#6185 = CARTESIAN_POINT('',(2.918996121922,7.974883798937));
#6186 = CARTESIAN_POINT('',(2.908200111783,7.999883366218));
#6187 = CARTESIAN_POINT('',(2.897796961598,8.02598484928));
#6188 = CARTESIAN_POINT('',(2.855234419974,8.141374032525));
#6189 = CARTESIAN_POINT('',(2.826907687821,8.240446615142));
#6190 = CARTESIAN_POINT('',(2.802987674253,8.347659029528));
#6191 = CARTESIAN_POINT('',(2.783618919915,8.460953651218));
#6192 = CARTESIAN_POINT('',(2.768921292921,8.578664353419));
#6193 = CARTESIAN_POINT('',(2.754948944911,8.748669651456));
#6194 = CARTESIAN_POINT('',(2.751695379369,8.798466368837));
#6195 = CARTESIAN_POINT('',(2.749249884829,8.848615095016));
#6196 = CARTESIAN_POINT('',(2.747617703192,8.898997473529));
#6197 = CARTESIAN_POINT('',(2.74680153389,8.949497195573));
#6198 = CARTESIAN_POINT('',(2.74680153389,9.050359957636));
#6199 = CARTESIAN_POINT('',(2.74761309247,9.100716869226));
#6200 = CARTESIAN_POINT('',(2.749236055512,9.150957428074));
#6201 = CARTESIAN_POINT('',(2.751667753501,9.200966303611));
#6202 = CARTESIAN_POINT('',(2.754903001523,9.250626141398));
#6203 = CARTESIAN_POINT('',(2.768844832551,9.420758083981));
#6204 = CARTESIAN_POINT('',(2.783554444795,9.538723464726));
#6205 = CARTESIAN_POINT('',(2.802954359399,9.652259737686));
#6206 = CARTESIAN_POINT('',(2.82692403011,9.759691257467));
#6207 = CARTESIAN_POINT('',(2.85531800723,9.858947877842));
#6208 = CARTESIAN_POINT('',(2.898171302256,9.974999882288));
#6209 = CARTESIAN_POINT('',(2.908797915476,10.001591055986));
#6210 = CARTESIAN_POINT('',(2.919833156167,10.027032685775));
#6211 = CARTESIAN_POINT('',(2.931266802449,10.051228571945));
#6212 = CARTESIAN_POINT('',(2.943087646192,10.074079875967));
#6213 = CARTESIAN_POINT('',(2.965540750831,10.113486932248));
#6214 = CARTESIAN_POINT('',(2.976063915108,10.13046710671));
#6215 = CARTESIAN_POINT('',(2.986839084508,10.146352689232));
#6216 = CARTESIAN_POINT('',(2.997851562906,10.161075149247));
#6217 = CARTESIAN_POINT('',(3.009085942158,10.174570001204));
#6218 = CARTESIAN_POINT('',(3.039682144768,10.20721655777));
#6219 = CARTESIAN_POINT('',(3.059435578974,10.224066191974));
#6220 = CARTESIAN_POINT('',(3.079648021401,10.236958768115));
#6221 = CARTESIAN_POINT('',(3.100176291419,10.245647001649));
#6222 = CARTESIAN_POINT('',(3.120873919158,10.25));
#6223 = CARTESIAN_POINT('',(3.163006675431,10.25));
#6224 = CARTESIAN_POINT('',(3.184395917717,10.245349908703));
#6225 = CARTESIAN_POINT('',(3.205598078971,10.236071260807));
#6226 = CARTESIAN_POINT('',(3.226452925884,10.222312517096));
#6227 = CARTESIAN_POINT('',(3.246804083707,10.204352978231));
#6228 = CARTESIAN_POINT('',(3.290836519661,10.155738764664));
#6229 = CARTESIAN_POINT('',(3.314166250006,10.123098440043));
#6230 = CARTESIAN_POINT('',(3.336379644954,10.08528603913));
#6231 = CARTESIAN_POINT('',(3.357376828138,10.042903734388));
#6232 = CARTESIAN_POINT('',(3.377070846957,9.996564306297));
#6233 = CARTESIAN_POINT('',(3.427950887206,9.858625967475));
#6234 = CARTESIAN_POINT('',(3.456277619358,9.759553384858));
#6235 = CARTESIAN_POINT('',(3.480197632926,9.652340970472));
#6236 = CARTESIAN_POINT('',(3.499566387264,9.539046348782));
#6237 = CARTESIAN_POINT('',(3.514264014259,9.421335646581));
#6238 = CARTESIAN_POINT('',(3.528236362045,9.251330351276));
#6239 = CARTESIAN_POINT('',(3.531489927751,9.201533630413));
#6240 = CARTESIAN_POINT('',(3.533935422463,9.151384902228));
#6241 = CARTESIAN_POINT('',(3.535567604107,9.101002525744));
#6242 = CARTESIAN_POINT('',(3.53638377329,9.05050280719));
#6243 = CARTESIAN_POINT('',(3.53638377329,8.949640042364));
#6244 = CARTESIAN_POINT('',(3.53557221471,8.899283130774));
#6245 = CARTESIAN_POINT('',(3.533949251668,8.849042571926));
#6246 = CARTESIAN_POINT('',(3.531517553679,8.799033696389));
#6247 = CARTESIAN_POINT('',(3.528282305657,8.749373858602));
#6248 = CARTESIAN_POINT('',(3.514340474629,8.579241916019));
#6249 = CARTESIAN_POINT('',(3.499630862385,8.461276535273));
#6250 = CARTESIAN_POINT('',(3.48023094778,8.347740262315));
#6251 = CARTESIAN_POINT('',(3.456261277069,8.240308742532));
#6252 = CARTESIAN_POINT('',(3.42786729995,8.141052122158));
#6253 = CARTESIAN_POINT('',(3.385014004923,8.025000117712));
#6254 = CARTESIAN_POINT('',(3.374387391704,7.998408944014));
#6255 = CARTESIAN_POINT('',(3.363352151013,7.972967314225));
#6256 = CARTESIAN_POINT('',(3.351918504731,7.948771428055));
#6257 = CARTESIAN_POINT('',(3.340097660988,7.925920124033));
#6258 = CARTESIAN_POINT('',(3.300531804083,7.856478771717));
#6259 = CARTESIAN_POINT('',(3.271094875965,7.81541488237));
#6260 = CARTESIAN_POINT('',(3.239998346666,7.783207464344));
#6261 = CARTESIAN_POINT('',(3.207719195485,7.76114697365));
#6262 = CARTESIAN_POINT('',(3.174748427719,7.75));
#6263 = CARTESIAN_POINT('',(3.14159265359,7.75));
#6264 = ( GEOMETRIC_REPRESENTATION_CONTEXT(2) 
PARAMETRIC_REPRESENTATION_CONTEXT() REPRESENTATION_CONTEXT('2D SPACE',''
  ) );
#6265 = ORIENTED_EDGE('',*,*,#6266,.F.);
#6266 = EDGE_CURVE('',#5837,#5992,#6267,.T.);
#6267 = SEAM_CURVE('',#6268,(#6272,#6279),.PCURVE_S1.);
#6268 = LINE('',#6269,#6270);
#6269 = CARTESIAN_POINT('',(-11.,-3.061616997868E-16,6.75));
#6270 = VECTOR('',#6271,1.);
#6271 = DIRECTION('',(1.,0.,2.22044604925E-16));
#6272 = PCURVE('',#2157,#6273);
#6273 = DEFINITIONAL_REPRESENTATION('',(#6274),#6278);
#6274 = LINE('',#6275,#6276);
#6275 = CARTESIAN_POINT('',(6.28318530718,-0.));
#6276 = VECTOR('',#6277,1.);
#6277 = DIRECTION('',(0.,1.));
#6278 = ( GEOMETRIC_REPRESENTATION_CONTEXT(2) 
PARAMETRIC_REPRESENTATION_CONTEXT() REPRESENTATION_CONTEXT('2D SPACE',''
  ) );
#6279 = PCURVE('',#2157,#6280);
#6280 = DEFINITIONAL_REPRESENTATION('',(#6281),#6285);
#6281 = LINE('',#6282,#6283);
#6282 = CARTESIAN_POINT('',(0.,-0.));
#6283 = VECTOR('',#6284,1.);
#6284 = DIRECTION('',(0.,1.));
#6285 = ( GEOMETRIC_REPRESENTATION_CONTEXT(2) 
PARAMETRIC_REPRESENTATION_CONTEXT() REPRESENTATION_CONTEXT('2D SPACE',''
  ) );
#6286 = ORIENTED_EDGE('',*,*,#5925,.T.);
#6287 = ORIENTED_EDGE('',*,*,#2095,.T.);
#6288 = ORIENTED_EDGE('',*,*,#6289,.T.);
#6289 = EDGE_CURVE('',#2096,#2248,#6290,.T.);
#6290 = SURFACE_CURVE('',#6291,(#6326,#6364),.PCURVE_S1.);
#6291 = B_SPLINE_CURVE_WITH_KNOTS('',5,(#6292,#6293,#6294,#6295,#6296,
    #6297,#6298,#6299,#6300,#6301,#6302,#6303,#6304,#6305,#6306,#6307,
    #6308,#6309,#6310,#6311,#6312,#6313,#6314,#6315,#6316,#6317,#6318,
    #6319,#6320,#6321,#6322,#6323,#6324,#6325),.UNSPECIFIED.,.F.,.F.,(6,
    4,4,4,4,4,4,4,6),(0.,0.10346388848,0.305295386893,0.372458066832,
    0.498233194542,0.627898168995,0.694750634231,0.898029831263,1.),
  .UNSPECIFIED.);
#6292 = CARTESIAN_POINT('',(-10.97720264317,0.707829167767,
    9.030280480868));
#6293 = CARTESIAN_POINT('',(-10.94645684321,0.691636061467,
    9.041405561047));
#6294 = CARTESIAN_POINT('',(-10.9166652125,0.673813061185,9.053182169811
    ));
#6295 = CARTESIAN_POINT('',(-10.88789012141,0.654413782012,
    9.065409887357));
#6296 = CARTESIAN_POINT('',(-10.86019955291,0.633483896056,9.07789538189
    ));
#6297 = CARTESIAN_POINT('',(-10.78191743124,0.56733829613,9.114961867751
    ));
#6298 = CARTESIAN_POINT('',(-10.73447963496,0.517864502966,
    9.139806206498));
#6299 = CARTESIAN_POINT('',(-10.69205941011,0.463012271314,
    9.163590077038));
#6300 = CARTESIAN_POINT('',(-10.65540089696,0.403190937529,
    9.185070646906));
#6301 = CARTESIAN_POINT('',(-10.61535009623,0.317563538464,
    9.209192605328));
#6302 = CARTESIAN_POINT('',(-10.60608966665,0.295711016192,
    9.214836251138));
#6303 = CARTESIAN_POINT('',(-10.59760332229,0.273417458572,
    9.220058543784));
#6304 = CARTESIAN_POINT('',(-10.58992380232,0.250723187301,
    9.224821309846));
#6305 = CARTESIAN_POINT('',(-10.57026935961,0.184518193433,
    9.237085131957));
#6306 = CARTESIAN_POINT('',(-10.56038273629,0.140087769369,
    9.243356180929));
#6307 = CARTESIAN_POINT('',(-10.55364986342,9.4770905601E-02,
    9.247664220751));
#6308 = CARTESIAN_POINT('',(-10.55018750523,4.898954908735E-02,
    9.249879997197));
#6309 = CARTESIAN_POINT('',(-10.54981940394,-4.407854985352E-02,
    9.250115580934));
#6310 = CARTESIAN_POINT('',(-10.55311999079,-9.130693025205E-02,
    9.248003389505));
#6311 = CARTESIAN_POINT('',(-10.55990151082,-0.138063487857,
    9.24366114287));
#6312 = CARTESIAN_POINT('',(-10.57003938582,-0.183887778002,
    9.237227301461));
#6313 = CARTESIAN_POINT('',(-10.59011454913,-0.25128964848,
    9.224702989273));
#6314 = CARTESIAN_POINT('',(-10.59777311516,-0.273869230863,
    9.219953974866));
#6315 = CARTESIAN_POINT('',(-10.60623047656,-0.296051342654,
    9.214750257374));
#6316 = CARTESIAN_POINT('',(-10.61545434112,-0.317796290983,
    9.209129501719));
#6317 = CARTESIAN_POINT('',(-10.65568476033,-0.403767664334,
    9.184900653163));
#6318 = CARTESIAN_POINT('',(-10.69265840298,-0.463970789774,
    9.163240459946));
#6319 = CARTESIAN_POINT('',(-10.73546750336,-0.519129846792,
    9.139253971199));
#6320 = CARTESIAN_POINT('',(-10.78335417919,-0.568829346658,
    9.11421092428));
#6321 = CARTESIAN_POINT('',(-10.86181352903,-0.634700818201,
    9.077168602981));
#6322 = CARTESIAN_POINT('',(-10.88914757858,-0.655260087979,
    9.064876107608));
#6323 = CARTESIAN_POINT('',(-10.91753293457,-0.674331719609,
    9.052839372823));
#6324 = CARTESIAN_POINT('',(-10.94690453968,-0.691871852905,
    9.041243566269));
#6325 = CARTESIAN_POINT('',(-10.97720264317,-0.707829167767,
    9.030280480868));
#6326 = PCURVE('',#2157,#6327);
#6327 = DEFINITIONAL_REPRESENTATION('',(#6328),#6363);
#6328 = B_SPLINE_CURVE_WITH_KNOTS('',5,(#6329,#6330,#6331,#6332,#6333,
    #6334,#6335,#6336,#6337,#6338,#6339,#6340,#6341,#6342,#6343,#6344,
    #6345,#6346,#6347,#6348,#6349,#6350,#6351,#6352,#6353,#6354,#6355,
    #6356,#6357,#6358,#6359,#6360,#6361,#6362),.UNSPECIFIED.,.F.,.F.,(6,
    4,4,4,4,4,4,4,6),(0.,0.10346388848,0.305295386893,0.372458066832,
    0.498233194542,0.627898168995,0.694750634231,0.898029831263,1.),
  .UNSPECIFIED.);
#6329 = CARTESIAN_POINT('',(2.539627450387,2.279735682819E-02));
#6330 = CARTESIAN_POINT('',(2.555344632845,5.354315678092E-02));
#6331 = CARTESIAN_POINT('',(2.572431693606,8.333478749682E-02));
#6332 = CARTESIAN_POINT('',(2.590770509354,0.112109878584));
#6333 = CARTESIAN_POINT('',(2.610260174527,0.139800447088));
#6334 = CARTESIAN_POINT('',(2.670918772011,0.218082568755));
#6335 = CARTESIAN_POINT('',(2.715162650511,0.265520365037));
#6336 = CARTESIAN_POINT('',(2.762878087602,0.307940589888));
#6337 = CARTESIAN_POINT('',(2.81360159837,0.344599103037));
#6338 = CARTESIAN_POINT('',(2.884769772599,0.384649903762));
#6339 = CARTESIAN_POINT('',(2.902821036776,0.393910333343));
#6340 = CARTESIAN_POINT('',(2.921132325669,0.402396677704));
#6341 = CARTESIAN_POINT('',(2.939678002589,0.410076197676));
#6342 = CARTESIAN_POINT('',(2.99354303419,0.429730640382));
#6343 = CARTESIAN_POINT('',(3.029406599133,0.439617263708));
#6344 = CARTESIAN_POINT('',(3.065771468679,0.446350136571));
#6345 = CARTESIAN_POINT('',(3.102400894166,0.44981249477));
#6346 = CARTESIAN_POINT('',(3.176855611852,0.450180596058));
#6347 = CARTESIAN_POINT('',(3.214633873266,0.446880009208));
#6348 = CARTESIAN_POINT('',(3.252142834487,0.440098489172));
#6349 = CARTESIAN_POINT('',(3.289125655409,0.429960614178));
#6350 = CARTESIAN_POINT('',(3.343970136857,0.409885450868));
#6351 = CARTESIAN_POINT('',(3.362423839609,0.40222688484));
#6352 = CARTESIAN_POINT('',(3.380645026283,0.393769523432));
#6353 = CARTESIAN_POINT('',(3.398608449252,0.384545658878));
#6354 = CARTESIAN_POINT('',(3.47006468095,0.344315239669));
#6355 = CARTESIAN_POINT('',(3.521121526554,0.307341597016));
#6356 = CARTESIAN_POINT('',(3.569124622115,0.264532496633));
#6357 = CARTESIAN_POINT('',(3.613600765128,0.216645820805));
#6358 = CARTESIAN_POINT('',(3.674058667602,0.138186470966));
#6359 = CARTESIAN_POINT('',(3.693214987983,0.110852421419));
#6360 = CARTESIAN_POINT('',(3.711250897774,8.246706542732E-02));
#6361 = CARTESIAN_POINT('',(3.72806953574,5.309546031958E-02));
#6362 = CARTESIAN_POINT('',(3.743557856792,2.279735682819E-02));
#6363 = ( GEOMETRIC_REPRESENTATION_CONTEXT(2) 
PARAMETRIC_REPRESENTATION_CONTEXT() REPRESENTATION_CONTEXT('2D SPACE',''
  ) );
#6364 = PCURVE('',#2207,#6365);
#6365 = DEFINITIONAL_REPRESENTATION('',(#6366),#6401);
#6366 = B_SPLINE_CURVE_WITH_KNOTS('',5,(#6367,#6368,#6369,#6370,#6371,
    #6372,#6373,#6374,#6375,#6376,#6377,#6378,#6379,#6380,#6381,#6382,
    #6383,#6384,#6385,#6386,#6387,#6388,#6389,#6390,#6391,#6392,#6393,
    #6394,#6395,#6396,#6397,#6398,#6399,#6400),.UNSPECIFIED.,.F.,.F.,(6,
    4,4,4,4,4,4,4,6),(0.,0.10346388848,0.305295386893,0.372458066832,
    0.498233194542,0.627898168995,0.694750634231,0.898029831263,1.),
  .UNSPECIFIED.);
#6367 = CARTESIAN_POINT('',(4.227628220881,6.730280480868));
#6368 = CARTESIAN_POINT('',(4.184191468974,6.741405561047));
#6369 = CARTESIAN_POINT('',(4.140860594158,6.753182169811));
#6370 = CARTESIAN_POINT('',(4.097565145258,6.765409887357));
#6371 = CARTESIAN_POINT('',(4.05424088922,6.77789538189));
#6372 = CARTESIAN_POINT('',(3.926133689467,6.814961867751));
#6373 = CARTESIAN_POINT('',(3.840927068439,6.839806206498));
#6374 = CARTESIAN_POINT('',(3.754904463562,6.863590077038));
#6375 = CARTESIAN_POINT('',(3.667756053608,6.885070646906));
#6376 = CARTESIAN_POINT('',(3.549592249736,6.909192605328));
#6377 = CARTESIAN_POINT('',(3.519945150594,6.914836251138));
#6378 = CARTESIAN_POINT('',(3.490154942004,6.920058543784));
#6379 = CARTESIAN_POINT('',(3.460228281581,6.924821309846));
#6380 = CARTESIAN_POINT('',(3.373902243258,6.937085131957));
#6381 = CARTESIAN_POINT('',(3.317143778432,6.943356180929));
#6382 = CARTESIAN_POINT('',(3.260073454781,6.947664220751));
#6383 = CARTESIAN_POINT('',(3.202830048302,6.949879997197));
#6384 = CARTESIAN_POINT('',(3.086494014687,6.950115580934));
#6385 = CARTESIAN_POINT('',(3.027475256389,6.948003389505));
#6386 = CARTESIAN_POINT('',(2.968634734435,6.94366114287));
#6387 = CARTESIAN_POINT('',(2.910120331642,6.937227301461));
#6388 = CARTESIAN_POINT('',(2.822210360598,6.924702989273));
#6389 = CARTESIAN_POINT('',(2.792427577164,6.919953974866));
#6390 = CARTESIAN_POINT('',(2.762780054257,6.914750257374));
#6391 = CARTESIAN_POINT('',(2.733274312304,6.909129501719));
#6392 = CARTESIAN_POINT('',(2.614625910598,6.884900653163));
#6393 = CARTESIAN_POINT('',(2.526876521121,6.863240459946));
#6394 = CARTESIAN_POINT('',(2.440266299158,6.839253971199));
#6395 = CARTESIAN_POINT('',(2.354477313464,6.81421092428));
#6396 = CARTESIAN_POINT('',(2.226421415388,6.777168602981));
#6397 = CARTESIAN_POINT('',(2.183729118246,6.764876107608));
#6398 = CARTESIAN_POINT('',(2.141062909974,6.752839372823));
#6399 = CARTESIAN_POINT('',(2.098361345958,6.741243566269));
#6400 = CARTESIAN_POINT('',(2.055557086299,6.730280480868));
#6401 = ( GEOMETRIC_REPRESENTATION_CONTEXT(2) 
PARAMETRIC_REPRESENTATION_CONTEXT() REPRESENTATION_CONTEXT('2D SPACE',''
  ) );
#6402 = ORIENTED_EDGE('',*,*,#2268,.T.);
#6403 = ORIENTED_EDGE('',*,*,#5836,.T.);
#6404 = ORIENTED_EDGE('',*,*,#6266,.T.);
#6405 = ADVANCED_FACE('',(#6406),#2207,.F.);
#6406 = FACE_BOUND('',#6407,.F.);
#6407 = EDGE_LOOP('',(#6408,#6430,#6431,#6432));
#6408 = ORIENTED_EDGE('',*,*,#6409,.F.);
#6409 = EDGE_CURVE('',#2219,#2193,#6410,.T.);
#6410 = SURFACE_CURVE('',#6411,(#6416,#6423),.PCURVE_S1.);
#6411 = CIRCLE('',#6412,0.8);
#6412 = AXIS2_PLACEMENT_3D('',#6413,#6414,#6415);
#6413 = CARTESIAN_POINT('',(-11.35,1.389974117032E-15,13.3));
#6414 = DIRECTION('',(0.,0.,1.));
#6415 = DIRECTION('',(-1.,1.224646799147E-16,0.));
#6416 = PCURVE('',#2207,#6417);
#6417 = DEFINITIONAL_REPRESENTATION('',(#6418),#6422);
#6418 = LINE('',#6419,#6420);
#6419 = CARTESIAN_POINT('',(0.,11.));
#6420 = VECTOR('',#6421,1.);
#6421 = DIRECTION('',(1.,0.));
#6422 = ( GEOMETRIC_REPRESENTATION_CONTEXT(2) 
PARAMETRIC_REPRESENTATION_CONTEXT() REPRESENTATION_CONTEXT('2D SPACE',''
  ) );
#6423 = PCURVE('',#2235,#6424);
#6424 = DEFINITIONAL_REPRESENTATION('',(#6425),#6429);
#6425 = CIRCLE('',#6426,0.8);
#6426 = AXIS2_PLACEMENT_2D('',#6427,#6428);
#6427 = CARTESIAN_POINT('',(0.,0.));
#6428 = DIRECTION('',(1.,0.));
#6429 = ( GEOMETRIC_REPRESENTATION_CONTEXT(2) 
PARAMETRIC_REPRESENTATION_CONTEXT() REPRESENTATION_CONTEXT('2D SPACE',''
  ) );
#6430 = ORIENTED_EDGE('',*,*,#2247,.F.);
#6431 = ORIENTED_EDGE('',*,*,#6289,.F.);
#6432 = ORIENTED_EDGE('',*,*,#2192,.T.);
#6433 = ADVANCED_FACE('',(#6434),#2235,.F.);
#6434 = FACE_BOUND('',#6435,.F.);
#6435 = EDGE_LOOP('',(#6436,#6437));
#6436 = ORIENTED_EDGE('',*,*,#2218,.T.);
#6437 = ORIENTED_EDGE('',*,*,#6409,.T.);
#6438 = ADVANCED_FACE('',(#6439),#2062,.T.);
#6439 = FACE_BOUND('',#6440,.T.);
#6440 = EDGE_LOOP('',(#6441,#6442));
#6441 = ORIENTED_EDGE('',*,*,#2045,.T.);
#6442 = ORIENTED_EDGE('',*,*,#5902,.T.);
#6443 = ADVANCED_FACE('',(#6444),#2377,.F.);
#6444 = FACE_BOUND('',#6445,.F.);
#6445 = EDGE_LOOP('',(#6446,#6468,#6469,#6491));
#6446 = ORIENTED_EDGE('',*,*,#6447,.F.);
#6447 = EDGE_CURVE('',#2363,#2418,#6448,.T.);
#6448 = SURFACE_CURVE('',#6449,(#6454,#6461),.PCURVE_S1.);
#6449 = CIRCLE('',#6450,0.8);
#6450 = AXIS2_PLACEMENT_3D('',#6451,#6452,#6453);
#6451 = CARTESIAN_POINT('',(-11.10197526832,-2.359797690782,13.3));
#6452 = DIRECTION('',(0.,0.,1.));
#6453 = DIRECTION('',(-0.978147600734,-0.207911690818,0.));
#6454 = PCURVE('',#2377,#6455);
#6455 = DEFINITIONAL_REPRESENTATION('',(#6456),#6460);
#6456 = LINE('',#6457,#6458);
#6457 = CARTESIAN_POINT('',(0.,11.));
#6458 = VECTOR('',#6459,1.);
#6459 = DIRECTION('',(1.,0.));
#6460 = ( GEOMETRIC_REPRESENTATION_CONTEXT(2) 
PARAMETRIC_REPRESENTATION_CONTEXT() REPRESENTATION_CONTEXT('2D SPACE',''
  ) );
#6461 = PCURVE('',#2453,#6462);
#6462 = DEFINITIONAL_REPRESENTATION('',(#6463),#6467);
#6463 = CIRCLE('',#6464,0.8);
#6464 = AXIS2_PLACEMENT_2D('',#6465,#6466);
#6465 = CARTESIAN_POINT('',(0.,0.));
#6466 = DIRECTION('',(1.,0.));
#6467 = ( GEOMETRIC_REPRESENTATION_CONTEXT(2) 
PARAMETRIC_REPRESENTATION_CONTEXT() REPRESENTATION_CONTEXT('2D SPACE',''
  ) );
#6468 = ORIENTED_EDGE('',*,*,#2360,.F.);
#6469 = ORIENTED_EDGE('',*,*,#6470,.T.);
#6470 = EDGE_CURVE('',#2361,#2389,#6471,.T.);
#6471 = SURFACE_CURVE('',#6472,(#6477,#6484),.PCURVE_S1.);
#6472 = CIRCLE('',#6473,0.8);
#6473 = AXIS2_PLACEMENT_3D('',#6474,#6475,#6476);
#6474 = CARTESIAN_POINT('',(-11.10197526832,-2.359797690782,2.3));
#6475 = DIRECTION('',(0.,0.,1.));
#6476 = DIRECTION('',(-0.978147600734,-0.207911690818,0.));
#6477 = PCURVE('',#2377,#6478);
#6478 = DEFINITIONAL_REPRESENTATION('',(#6479),#6483);
#6479 = LINE('',#6480,#6481);
#6480 = CARTESIAN_POINT('',(0.,0.));
#6481 = VECTOR('',#6482,1.);
#6482 = DIRECTION('',(1.,0.));
#6483 = ( GEOMETRIC_REPRESENTATION_CONTEXT(2) 
PARAMETRIC_REPRESENTATION_CONTEXT() REPRESENTATION_CONTEXT('2D SPACE',''
  ) );
#6484 = PCURVE('',#2405,#6485);
#6485 = DEFINITIONAL_REPRESENTATION('',(#6486),#6490);
#6486 = CIRCLE('',#6487,0.8);
#6487 = AXIS2_PLACEMENT_2D('',#6488,#6489);
#6488 = CARTESIAN_POINT('',(0.,0.));
#6489 = DIRECTION('',(1.,0.));
#6490 = ( GEOMETRIC_REPRESENTATION_CONTEXT(2) 
PARAMETRIC_REPRESENTATION_CONTEXT() REPRESENTATION_CONTEXT('2D SPACE',''
  ) );
#6491 = ORIENTED_EDGE('',*,*,#2417,.T.);
#6492 = ADVANCED_FACE('',(#6493),#2405,.T.);
#6493 = FACE_BOUND('',#6494,.T.);
#6494 = EDGE_LOOP('',(#6495,#6496));
#6495 = ORIENTED_EDGE('',*,*,#2388,.T.);
#6496 = ORIENTED_EDGE('',*,*,#6470,.T.);
#6497 = ADVANCED_FACE('',(#6498),#2453,.F.);
#6498 = FACE_BOUND('',#6499,.F.);
#6499 = EDGE_LOOP('',(#6500,#6501));
#6500 = ORIENTED_EDGE('',*,*,#2438,.T.);
#6501 = ORIENTED_EDGE('',*,*,#6447,.T.);
#6502 = ADVANCED_FACE('',(#6503),#2484,.F.);
#6503 = FACE_BOUND('',#6504,.F.);
#6504 = EDGE_LOOP('',(#6505,#6527,#6528,#6550));
#6505 = ORIENTED_EDGE('',*,*,#6506,.F.);
#6506 = EDGE_CURVE('',#2470,#2525,#6507,.T.);
#6507 = SURFACE_CURVE('',#6508,(#6513,#6520),.PCURVE_S1.);
#6508 = CIRCLE('',#6509,0.8);
#6509 = AXIS2_PLACEMENT_3D('',#6510,#6511,#6512);
#6510 = CARTESIAN_POINT('',(-10.36874094424,-4.61646089891,13.3));
#6511 = DIRECTION('',(0.,0.,1.));
#6512 = DIRECTION('',(-0.913545457643,-0.406736643076,0.));
#6513 = PCURVE('',#2484,#6514);
#6514 = DEFINITIONAL_REPRESENTATION('',(#6515),#6519);
#6515 = LINE('',#6516,#6517);
#6516 = CARTESIAN_POINT('',(0.,11.));
#6517 = VECTOR('',#6518,1.);
#6518 = DIRECTION('',(1.,0.));
#6519 = ( GEOMETRIC_REPRESENTATION_CONTEXT(2) 
PARAMETRIC_REPRESENTATION_CONTEXT() REPRESENTATION_CONTEXT('2D SPACE',''
  ) );
#6520 = PCURVE('',#2560,#6521);
#6521 = DEFINITIONAL_REPRESENTATION('',(#6522),#6526);
#6522 = CIRCLE('',#6523,0.8);
#6523 = AXIS2_PLACEMENT_2D('',#6524,#6525);
#6524 = CARTESIAN_POINT('',(0.,0.));
#6525 = DIRECTION('',(1.,0.));
#6526 = ( GEOMETRIC_REPRESENTATION_CONTEXT(2) 
PARAMETRIC_REPRESENTATION_CONTEXT() REPRESENTATION_CONTEXT('2D SPACE',''
  ) );
#6527 = ORIENTED_EDGE('',*,*,#2467,.F.);
#6528 = ORIENTED_EDGE('',*,*,#6529,.T.);
#6529 = EDGE_CURVE('',#2468,#2496,#6530,.T.);
#6530 = SURFACE_CURVE('',#6531,(#6536,#6543),.PCURVE_S1.);
#6531 = CIRCLE('',#6532,0.8);
#6532 = AXIS2_PLACEMENT_3D('',#6533,#6534,#6535);
#6533 = CARTESIAN_POINT('',(-10.36874094424,-4.61646089891,2.3));
#6534 = DIRECTION('',(0.,0.,1.));
#6535 = DIRECTION('',(-0.913545457643,-0.406736643076,0.));
#6536 = PCURVE('',#2484,#6537);
#6537 = DEFINITIONAL_REPRESENTATION('',(#6538),#6542);
#6538 = LINE('',#6539,#6540);
#6539 = CARTESIAN_POINT('',(0.,0.));
#6540 = VECTOR('',#6541,1.);
#6541 = DIRECTION('',(1.,0.));
#6542 = ( GEOMETRIC_REPRESENTATION_CONTEXT(2) 
PARAMETRIC_REPRESENTATION_CONTEXT() REPRESENTATION_CONTEXT('2D SPACE',''
  ) );
#6543 = PCURVE('',#2512,#6544);
#6544 = DEFINITIONAL_REPRESENTATION('',(#6545),#6549);
#6545 = CIRCLE('',#6546,0.8);
#6546 = AXIS2_PLACEMENT_2D('',#6547,#6548);
#6547 = CARTESIAN_POINT('',(0.,0.));
#6548 = DIRECTION('',(1.,0.));
#6549 = ( GEOMETRIC_REPRESENTATION_CONTEXT(2) 
PARAMETRIC_REPRESENTATION_CONTEXT() REPRESENTATION_CONTEXT('2D SPACE',''
  ) );
#6550 = ORIENTED_EDGE('',*,*,#2524,.T.);
#6551 = ADVANCED_FACE('',(#6552),#2512,.T.);
#6552 = FACE_BOUND('',#6553,.T.);
#6553 = EDGE_LOOP('',(#6554,#6555));
#6554 = ORIENTED_EDGE('',*,*,#2495,.T.);
#6555 = ORIENTED_EDGE('',*,*,#6529,.T.);
#6556 = ADVANCED_FACE('',(#6557),#2560,.F.);
#6557 = FACE_BOUND('',#6558,.F.);
#6558 = EDGE_LOOP('',(#6559,#6560));
#6559 = ORIENTED_EDGE('',*,*,#2545,.T.);
#6560 = ORIENTED_EDGE('',*,*,#6506,.T.);
#6561 = ADVANCED_FACE('',(#6562),#2591,.F.);
#6562 = FACE_BOUND('',#6563,.F.);
#6563 = EDGE_LOOP('',(#6564,#6586,#6587,#6609));
#6564 = ORIENTED_EDGE('',*,*,#6565,.F.);
#6565 = EDGE_CURVE('',#2577,#2632,#6566,.T.);
#6566 = SURFACE_CURVE('',#6567,(#6572,#6579),.PCURVE_S1.);
#6567 = CIRCLE('',#6568,0.8);
#6568 = AXIS2_PLACEMENT_3D('',#6569,#6570,#6571);
#6569 = CARTESIAN_POINT('',(-9.182342886156,-6.67136261352,13.3));
#6570 = DIRECTION('',(0.,0.,1.));
#6571 = DIRECTION('',(-0.809016994375,-0.587785252292,0.));
#6572 = PCURVE('',#2591,#6573);
#6573 = DEFINITIONAL_REPRESENTATION('',(#6574),#6578);
#6574 = LINE('',#6575,#6576);
#6575 = CARTESIAN_POINT('',(0.,11.));
#6576 = VECTOR('',#6577,1.);
#6577 = DIRECTION('',(1.,0.));
#6578 = ( GEOMETRIC_REPRESENTATION_CONTEXT(2) 
PARAMETRIC_REPRESENTATION_CONTEXT() REPRESENTATION_CONTEXT('2D SPACE',''
  ) );
#6579 = PCURVE('',#2667,#6580);
#6580 = DEFINITIONAL_REPRESENTATION('',(#6581),#6585);
#6581 = CIRCLE('',#6582,0.8);
#6582 = AXIS2_PLACEMENT_2D('',#6583,#6584);
#6583 = CARTESIAN_POINT('',(0.,0.));
#6584 = DIRECTION('',(1.,0.));
#6585 = ( GEOMETRIC_REPRESENTATION_CONTEXT(2) 
PARAMETRIC_REPRESENTATION_CONTEXT() REPRESENTATION_CONTEXT('2D SPACE',''
  ) );
#6586 = ORIENTED_EDGE('',*,*,#2574,.F.);
#6587 = ORIENTED_EDGE('',*,*,#6588,.T.);
#6588 = EDGE_CURVE('',#2575,#2603,#6589,.T.);
#6589 = SURFACE_CURVE('',#6590,(#6595,#6602),.PCURVE_S1.);
#6590 = CIRCLE('',#6591,0.8);
#6591 = AXIS2_PLACEMENT_3D('',#6592,#6593,#6594);
#6592 = CARTESIAN_POINT('',(-9.182342886156,-6.67136261352,2.3));
#6593 = DIRECTION('',(0.,0.,1.));
#6594 = DIRECTION('',(-0.809016994375,-0.587785252292,0.));
#6595 = PCURVE('',#2591,#6596);
#6596 = DEFINITIONAL_REPRESENTATION('',(#6597),#6601);
#6597 = LINE('',#6598,#6599);
#6598 = CARTESIAN_POINT('',(0.,0.));
#6599 = VECTOR('',#6600,1.);
#6600 = DIRECTION('',(1.,0.));
#6601 = ( GEOMETRIC_REPRESENTATION_CONTEXT(2) 
PARAMETRIC_REPRESENTATION_CONTEXT() REPRESENTATION_CONTEXT('2D SPACE',''
  ) );
#6602 = PCURVE('',#2619,#6603);
#6603 = DEFINITIONAL_REPRESENTATION('',(#6604),#6608);
#6604 = CIRCLE('',#6605,0.8);
#6605 = AXIS2_PLACEMENT_2D('',#6606,#6607);
#6606 = CARTESIAN_POINT('',(0.,0.));
#6607 = DIRECTION('',(1.,0.));
#6608 = ( GEOMETRIC_REPRESENTATION_CONTEXT(2) 
PARAMETRIC_REPRESENTATION_CONTEXT() REPRESENTATION_CONTEXT('2D SPACE',''
  ) );
#6609 = ORIENTED_EDGE('',*,*,#2631,.T.);
#6610 = ADVANCED_FACE('',(#6611),#2619,.T.);
#6611 = FACE_BOUND('',#6612,.T.);
#6612 = EDGE_LOOP('',(#6613,#6614));
#6613 = ORIENTED_EDGE('',*,*,#2602,.T.);
#6614 = ORIENTED_EDGE('',*,*,#6588,.T.);
#6615 = ADVANCED_FACE('',(#6616),#2667,.F.);
#6616 = FACE_BOUND('',#6617,.F.);
#6617 = EDGE_LOOP('',(#6618,#6619));
#6618 = ORIENTED_EDGE('',*,*,#2652,.T.);
#6619 = ORIENTED_EDGE('',*,*,#6565,.T.);
#6620 = ADVANCED_FACE('',(#6621),#2698,.F.);
#6621 = FACE_BOUND('',#6622,.F.);
#6622 = EDGE_LOOP('',(#6623,#6645,#6646,#6668));
#6623 = ORIENTED_EDGE('',*,*,#6624,.F.);
#6624 = EDGE_CURVE('',#2684,#2739,#6625,.T.);
#6625 = SURFACE_CURVE('',#6626,(#6631,#6638),.PCURVE_S1.);
#6626 = CIRCLE('',#6627,0.8);
#6627 = AXIS2_PLACEMENT_3D('',#6628,#6629,#6630);
#6628 = CARTESIAN_POINT('',(-7.594632382173,-8.434693769168,13.3));
#6629 = DIRECTION('',(0.,0.,1.));
#6630 = DIRECTION('',(-0.669130606359,-0.743144825477,0.));
#6631 = PCURVE('',#2698,#6632);
#6632 = DEFINITIONAL_REPRESENTATION('',(#6633),#6637);
#6633 = LINE('',#6634,#6635);
#6634 = CARTESIAN_POINT('',(0.,11.));
#6635 = VECTOR('',#6636,1.);
#6636 = DIRECTION('',(1.,0.));
#6637 = ( GEOMETRIC_REPRESENTATION_CONTEXT(2) 
PARAMETRIC_REPRESENTATION_CONTEXT() REPRESENTATION_CONTEXT('2D SPACE',''
  ) );
#6638 = PCURVE('',#2774,#6639);
#6639 = DEFINITIONAL_REPRESENTATION('',(#6640),#6644);
#6640 = CIRCLE('',#6641,0.8);
#6641 = AXIS2_PLACEMENT_2D('',#6642,#6643);
#6642 = CARTESIAN_POINT('',(0.,0.));
#6643 = DIRECTION('',(1.,0.));
#6644 = ( GEOMETRIC_REPRESENTATION_CONTEXT(2) 
PARAMETRIC_REPRESENTATION_CONTEXT() REPRESENTATION_CONTEXT('2D SPACE',''
  ) );
#6645 = ORIENTED_EDGE('',*,*,#2681,.F.);
#6646 = ORIENTED_EDGE('',*,*,#6647,.T.);
#6647 = EDGE_CURVE('',#2682,#2710,#6648,.T.);
#6648 = SURFACE_CURVE('',#6649,(#6654,#6661),.PCURVE_S1.);
#6649 = CIRCLE('',#6650,0.8);
#6650 = AXIS2_PLACEMENT_3D('',#6651,#6652,#6653);
#6651 = CARTESIAN_POINT('',(-7.594632382173,-8.434693769168,2.3));
#6652 = DIRECTION('',(0.,0.,1.));
#6653 = DIRECTION('',(-0.669130606359,-0.743144825477,0.));
#6654 = PCURVE('',#2698,#6655);
#6655 = DEFINITIONAL_REPRESENTATION('',(#6656),#6660);
#6656 = LINE('',#6657,#6658);
#6657 = CARTESIAN_POINT('',(0.,0.));
#6658 = VECTOR('',#6659,1.);
#6659 = DIRECTION('',(1.,0.));
#6660 = ( GEOMETRIC_REPRESENTATION_CONTEXT(2) 
PARAMETRIC_REPRESENTATION_CONTEXT() REPRESENTATION_CONTEXT('2D SPACE',''
  ) );
#6661 = PCURVE('',#2726,#6662);
#6662 = DEFINITIONAL_REPRESENTATION('',(#6663),#6667);
#6663 = CIRCLE('',#6664,0.8);
#6664 = AXIS2_PLACEMENT_2D('',#6665,#6666);
#6665 = CARTESIAN_POINT('',(0.,0.));
#6666 = DIRECTION('',(1.,0.));
#6667 = ( GEOMETRIC_REPRESENTATION_CONTEXT(2) 
PARAMETRIC_REPRESENTATION_CONTEXT() REPRESENTATION_CONTEXT('2D SPACE',''
  ) );
#6668 = ORIENTED_EDGE('',*,*,#2738,.T.);
#6669 = ADVANCED_FACE('',(#6670),#2726,.T.);
#6670 = FACE_BOUND('',#6671,.T.);
#6671 = EDGE_LOOP('',(#6672,#6673));
#6672 = ORIENTED_EDGE('',*,*,#2709,.T.);
#6673 = ORIENTED_EDGE('',*,*,#6647,.T.);
#6674 = ADVANCED_FACE('',(#6675),#2774,.F.);
#6675 = FACE_BOUND('',#6676,.F.);
#6676 = EDGE_LOOP('',(#6677,#6678));
#6677 = ORIENTED_EDGE('',*,*,#2759,.T.);
#6678 = ORIENTED_EDGE('',*,*,#6624,.T.);
#6679 = ADVANCED_FACE('',(#6680),#2805,.F.);
#6680 = FACE_BOUND('',#6681,.F.);
#6681 = EDGE_LOOP('',(#6682,#6704,#6705,#6727));
#6682 = ORIENTED_EDGE('',*,*,#6683,.F.);
#6683 = EDGE_CURVE('',#2791,#2846,#6684,.T.);
#6684 = SURFACE_CURVE('',#6685,(#6690,#6697),.PCURVE_S1.);
#6685 = CIRCLE('',#6686,0.8);
#6686 = AXIS2_PLACEMENT_3D('',#6687,#6688,#6689);
#6687 = CARTESIAN_POINT('',(-5.675,-9.829388332953,13.3));
#6688 = DIRECTION('',(0.,0.,1.));
#6689 = DIRECTION('',(-0.5,-0.866025403784,0.));
#6690 = PCURVE('',#2805,#6691);
#6691 = DEFINITIONAL_REPRESENTATION('',(#6692),#6696);
#6692 = LINE('',#6693,#6694);
#6693 = CARTESIAN_POINT('',(0.,11.));
#6694 = VECTOR('',#6695,1.);
#6695 = DIRECTION('',(1.,0.));
#6696 = ( GEOMETRIC_REPRESENTATION_CONTEXT(2) 
PARAMETRIC_REPRESENTATION_CONTEXT() REPRESENTATION_CONTEXT('2D SPACE',''
  ) );
#6697 = PCURVE('',#2881,#6698);
#6698 = DEFINITIONAL_REPRESENTATION('',(#6699),#6703);
#6699 = CIRCLE('',#6700,0.8);
#6700 = AXIS2_PLACEMENT_2D('',#6701,#6702);
#6701 = CARTESIAN_POINT('',(0.,0.));
#6702 = DIRECTION('',(1.,0.));
#6703 = ( GEOMETRIC_REPRESENTATION_CONTEXT(2) 
PARAMETRIC_REPRESENTATION_CONTEXT() REPRESENTATION_CONTEXT('2D SPACE',''
  ) );
#6704 = ORIENTED_EDGE('',*,*,#2788,.F.);
#6705 = ORIENTED_EDGE('',*,*,#6706,.T.);
#6706 = EDGE_CURVE('',#2789,#2817,#6707,.T.);
#6707 = SURFACE_CURVE('',#6708,(#6713,#6720),.PCURVE_S1.);
#6708 = CIRCLE('',#6709,0.8);
#6709 = AXIS2_PLACEMENT_3D('',#6710,#6711,#6712);
#6710 = CARTESIAN_POINT('',(-5.675,-9.829388332953,2.3));
#6711 = DIRECTION('',(0.,0.,1.));
#6712 = DIRECTION('',(-0.5,-0.866025403784,0.));
#6713 = PCURVE('',#2805,#6714);
#6714 = DEFINITIONAL_REPRESENTATION('',(#6715),#6719);
#6715 = LINE('',#6716,#6717);
#6716 = CARTESIAN_POINT('',(0.,0.));
#6717 = VECTOR('',#6718,1.);
#6718 = DIRECTION('',(1.,0.));
#6719 = ( GEOMETRIC_REPRESENTATION_CONTEXT(2) 
PARAMETRIC_REPRESENTATION_CONTEXT() REPRESENTATION_CONTEXT('2D SPACE',''
  ) );
#6720 = PCURVE('',#2833,#6721);
#6721 = DEFINITIONAL_REPRESENTATION('',(#6722),#6726);
#6722 = CIRCLE('',#6723,0.8);
#6723 = AXIS2_PLACEMENT_2D('',#6724,#6725);
#6724 = CARTESIAN_POINT('',(0.,0.));
#6725 = DIRECTION('',(1.,0.));
#6726 = ( GEOMETRIC_REPRESENTATION_CONTEXT(2) 
PARAMETRIC_REPRESENTATION_CONTEXT() REPRESENTATION_CONTEXT('2D SPACE',''
  ) );
#6727 = ORIENTED_EDGE('',*,*,#2845,.T.);
#6728 = ADVANCED_FACE('',(#6729),#2833,.T.);
#6729 = FACE_BOUND('',#6730,.T.);
#6730 = EDGE_LOOP('',(#6731,#6732));
#6731 = ORIENTED_EDGE('',*,*,#2816,.T.);
#6732 = ORIENTED_EDGE('',*,*,#6706,.T.);
#6733 = ADVANCED_FACE('',(#6734),#2881,.F.);
#6734 = FACE_BOUND('',#6735,.F.);
#6735 = EDGE_LOOP('',(#6736,#6737));
#6736 = ORIENTED_EDGE('',*,*,#2866,.T.);
#6737 = ORIENTED_EDGE('',*,*,#6683,.T.);
#6738 = ADVANCED_FACE('',(#6739),#2912,.F.);
#6739 = FACE_BOUND('',#6740,.F.);
#6740 = EDGE_LOOP('',(#6741,#6763,#6764,#6786));
#6741 = ORIENTED_EDGE('',*,*,#6742,.F.);
#6742 = EDGE_CURVE('',#2898,#2953,#6743,.T.);
#6743 = SURFACE_CURVE('',#6744,(#6749,#6756),.PCURVE_S1.);
#6744 = CIRCLE('',#6745,0.8);
#6745 = AXIS2_PLACEMENT_3D('',#6746,#6747,#6748);
#6746 = CARTESIAN_POINT('',(-3.507342886156,-10.79449145995,13.3));
#6747 = DIRECTION('',(0.,0.,1.));
#6748 = DIRECTION('',(-0.309016994375,-0.951056516295,0.));
#6749 = PCURVE('',#2912,#6750);
#6750 = DEFINITIONAL_REPRESENTATION('',(#6751),#6755);
#6751 = LINE('',#6752,#6753);
#6752 = CARTESIAN_POINT('',(0.,11.));
#6753 = VECTOR('',#6754,1.);
#6754 = DIRECTION('',(1.,0.));
#6755 = ( GEOMETRIC_REPRESENTATION_CONTEXT(2) 
PARAMETRIC_REPRESENTATION_CONTEXT() REPRESENTATION_CONTEXT('2D SPACE',''
  ) );
#6756 = PCURVE('',#2988,#6757);
#6757 = DEFINITIONAL_REPRESENTATION('',(#6758),#6762);
#6758 = CIRCLE('',#6759,0.8);
#6759 = AXIS2_PLACEMENT_2D('',#6760,#6761);
#6760 = CARTESIAN_POINT('',(0.,0.));
#6761 = DIRECTION('',(1.,0.));
#6762 = ( GEOMETRIC_REPRESENTATION_CONTEXT(2) 
PARAMETRIC_REPRESENTATION_CONTEXT() REPRESENTATION_CONTEXT('2D SPACE',''
  ) );
#6763 = ORIENTED_EDGE('',*,*,#2895,.F.);
#6764 = ORIENTED_EDGE('',*,*,#6765,.T.);
#6765 = EDGE_CURVE('',#2896,#2924,#6766,.T.);
#6766 = SURFACE_CURVE('',#6767,(#6772,#6779),.PCURVE_S1.);
#6767 = CIRCLE('',#6768,0.8);
#6768 = AXIS2_PLACEMENT_3D('',#6769,#6770,#6771);
#6769 = CARTESIAN_POINT('',(-3.507342886156,-10.79449145995,2.3));
#6770 = DIRECTION('',(0.,0.,1.));
#6771 = DIRECTION('',(-0.309016994375,-0.951056516295,0.));
#6772 = PCURVE('',#2912,#6773);
#6773 = DEFINITIONAL_REPRESENTATION('',(#6774),#6778);
#6774 = LINE('',#6775,#6776);
#6775 = CARTESIAN_POINT('',(0.,0.));
#6776 = VECTOR('',#6777,1.);
#6777 = DIRECTION('',(1.,0.));
#6778 = ( GEOMETRIC_REPRESENTATION_CONTEXT(2) 
PARAMETRIC_REPRESENTATION_CONTEXT() REPRESENTATION_CONTEXT('2D SPACE',''
  ) );
#6779 = PCURVE('',#2940,#6780);
#6780 = DEFINITIONAL_REPRESENTATION('',(#6781),#6785);
#6781 = CIRCLE('',#6782,0.8);
#6782 = AXIS2_PLACEMENT_2D('',#6783,#6784);
#6783 = CARTESIAN_POINT('',(0.,0.));
#6784 = DIRECTION('',(1.,0.));
#6785 = ( GEOMETRIC_REPRESENTATION_CONTEXT(2) 
PARAMETRIC_REPRESENTATION_CONTEXT() REPRESENTATION_CONTEXT('2D SPACE',''
  ) );
#6786 = ORIENTED_EDGE('',*,*,#2952,.T.);
#6787 = ADVANCED_FACE('',(#6788),#2940,.T.);
#6788 = FACE_BOUND('',#6789,.T.);
#6789 = EDGE_LOOP('',(#6790,#6791));
#6790 = ORIENTED_EDGE('',*,*,#2923,.T.);
#6791 = ORIENTED_EDGE('',*,*,#6765,.T.);
#6792 = ADVANCED_FACE('',(#6793),#2988,.F.);
#6793 = FACE_BOUND('',#6794,.F.);
#6794 = EDGE_LOOP('',(#6795,#6796));
#6795 = ORIENTED_EDGE('',*,*,#2973,.T.);
#6796 = ORIENTED_EDGE('',*,*,#6742,.T.);
#6797 = ADVANCED_FACE('',(#6798),#3019,.F.);
#6798 = FACE_BOUND('',#6799,.F.);
#6799 = EDGE_LOOP('',(#6800,#6822,#6823,#6845));
#6800 = ORIENTED_EDGE('',*,*,#6801,.F.);
#6801 = EDGE_CURVE('',#3005,#3060,#6802,.T.);
#6802 = SURFACE_CURVE('',#6803,(#6808,#6815),.PCURVE_S1.);
#6803 = CIRCLE('',#6804,0.8);
#6804 = AXIS2_PLACEMENT_3D('',#6805,#6806,#6807);
#6805 = CARTESIAN_POINT('',(-1.186398058088,-11.28782351243,13.3));
#6806 = DIRECTION('',(0.,0.,1.));
#6807 = DIRECTION('',(-0.104528463268,-0.994521895368,0.));
#6808 = PCURVE('',#3019,#6809);
#6809 = DEFINITIONAL_REPRESENTATION('',(#6810),#6814);
#6810 = LINE('',#6811,#6812);
#6811 = CARTESIAN_POINT('',(0.,11.));
#6812 = VECTOR('',#6813,1.);
#6813 = DIRECTION('',(1.,0.));
#6814 = ( GEOMETRIC_REPRESENTATION_CONTEXT(2) 
PARAMETRIC_REPRESENTATION_CONTEXT() REPRESENTATION_CONTEXT('2D SPACE',''
  ) );
#6815 = PCURVE('',#3095,#6816);
#6816 = DEFINITIONAL_REPRESENTATION('',(#6817),#6821);
#6817 = CIRCLE('',#6818,0.8);
#6818 = AXIS2_PLACEMENT_2D('',#6819,#6820);
#6819 = CARTESIAN_POINT('',(0.,0.));
#6820 = DIRECTION('',(1.,0.));
#6821 = ( GEOMETRIC_REPRESENTATION_CONTEXT(2) 
PARAMETRIC_REPRESENTATION_CONTEXT() REPRESENTATION_CONTEXT('2D SPACE',''
  ) );
#6822 = ORIENTED_EDGE('',*,*,#3002,.F.);
#6823 = ORIENTED_EDGE('',*,*,#6824,.T.);
#6824 = EDGE_CURVE('',#3003,#3031,#6825,.T.);
#6825 = SURFACE_CURVE('',#6826,(#6831,#6838),.PCURVE_S1.);
#6826 = CIRCLE('',#6827,0.8);
#6827 = AXIS2_PLACEMENT_3D('',#6828,#6829,#6830);
#6828 = CARTESIAN_POINT('',(-1.186398058088,-11.28782351243,2.3));
#6829 = DIRECTION('',(0.,0.,1.));
#6830 = DIRECTION('',(-0.104528463268,-0.994521895368,0.));
#6831 = PCURVE('',#3019,#6832);
#6832 = DEFINITIONAL_REPRESENTATION('',(#6833),#6837);
#6833 = LINE('',#6834,#6835);
#6834 = CARTESIAN_POINT('',(0.,0.));
#6835 = VECTOR('',#6836,1.);
#6836 = DIRECTION('',(1.,0.));
#6837 = ( GEOMETRIC_REPRESENTATION_CONTEXT(2) 
PARAMETRIC_REPRESENTATION_CONTEXT() REPRESENTATION_CONTEXT('2D SPACE',''
  ) );
#6838 = PCURVE('',#3047,#6839);
#6839 = DEFINITIONAL_REPRESENTATION('',(#6840),#6844);
#6840 = CIRCLE('',#6841,0.8);
#6841 = AXIS2_PLACEMENT_2D('',#6842,#6843);
#6842 = CARTESIAN_POINT('',(0.,0.));
#6843 = DIRECTION('',(1.,0.));
#6844 = ( GEOMETRIC_REPRESENTATION_CONTEXT(2) 
PARAMETRIC_REPRESENTATION_CONTEXT() REPRESENTATION_CONTEXT('2D SPACE',''
  ) );
#6845 = ORIENTED_EDGE('',*,*,#3059,.T.);
#6846 = ADVANCED_FACE('',(#6847),#3047,.T.);
#6847 = FACE_BOUND('',#6848,.T.);
#6848 = EDGE_LOOP('',(#6849,#6850));
#6849 = ORIENTED_EDGE('',*,*,#3030,.T.);
#6850 = ORIENTED_EDGE('',*,*,#6824,.T.);
#6851 = ADVANCED_FACE('',(#6852),#3095,.F.);
#6852 = FACE_BOUND('',#6853,.F.);
#6853 = EDGE_LOOP('',(#6854,#6855));
#6854 = ORIENTED_EDGE('',*,*,#3080,.T.);
#6855 = ORIENTED_EDGE('',*,*,#6801,.T.);
#6856 = ADVANCED_FACE('',(#6857),#3126,.F.);
#6857 = FACE_BOUND('',#6858,.F.);
#6858 = EDGE_LOOP('',(#6859,#6881,#6882,#6904));
#6859 = ORIENTED_EDGE('',*,*,#6860,.F.);
#6860 = EDGE_CURVE('',#3112,#3167,#6861,.T.);
#6861 = SURFACE_CURVE('',#6862,(#6867,#6874),.PCURVE_S1.);
#6862 = CIRCLE('',#6863,0.8);
#6863 = AXIS2_PLACEMENT_3D('',#6864,#6865,#6866);
#6864 = CARTESIAN_POINT('',(1.186398058088,-11.28782351243,13.3));
#6865 = DIRECTION('',(-0.,0.,1.));
#6866 = DIRECTION('',(0.104528463268,-0.994521895368,0.));
#6867 = PCURVE('',#3126,#6868);
#6868 = DEFINITIONAL_REPRESENTATION('',(#6869),#6873);
#6869 = LINE('',#6870,#6871);
#6870 = CARTESIAN_POINT('',(0.,11.));
#6871 = VECTOR('',#6872,1.);
#6872 = DIRECTION('',(1.,0.));
#6873 = ( GEOMETRIC_REPRESENTATION_CONTEXT(2) 
PARAMETRIC_REPRESENTATION_CONTEXT() REPRESENTATION_CONTEXT('2D SPACE',''
  ) );
#6874 = PCURVE('',#3202,#6875);
#6875 = DEFINITIONAL_REPRESENTATION('',(#6876),#6880);
#6876 = CIRCLE('',#6877,0.8);
#6877 = AXIS2_PLACEMENT_2D('',#6878,#6879);
#6878 = CARTESIAN_POINT('',(0.,0.));
#6879 = DIRECTION('',(1.,0.));
#6880 = ( GEOMETRIC_REPRESENTATION_CONTEXT(2) 
PARAMETRIC_REPRESENTATION_CONTEXT() REPRESENTATION_CONTEXT('2D SPACE',''
  ) );
#6881 = ORIENTED_EDGE('',*,*,#3109,.F.);
#6882 = ORIENTED_EDGE('',*,*,#6883,.T.);
#6883 = EDGE_CURVE('',#3110,#3138,#6884,.T.);
#6884 = SURFACE_CURVE('',#6885,(#6890,#6897),.PCURVE_S1.);
#6885 = CIRCLE('',#6886,0.8);
#6886 = AXIS2_PLACEMENT_3D('',#6887,#6888,#6889);
#6887 = CARTESIAN_POINT('',(1.186398058088,-11.28782351243,2.3));
#6888 = DIRECTION('',(-0.,0.,1.));
#6889 = DIRECTION('',(0.104528463268,-0.994521895368,0.));
#6890 = PCURVE('',#3126,#6891);
#6891 = DEFINITIONAL_REPRESENTATION('',(#6892),#6896);
#6892 = LINE('',#6893,#6894);
#6893 = CARTESIAN_POINT('',(0.,0.));
#6894 = VECTOR('',#6895,1.);
#6895 = DIRECTION('',(1.,0.));
#6896 = ( GEOMETRIC_REPRESENTATION_CONTEXT(2) 
PARAMETRIC_REPRESENTATION_CONTEXT() REPRESENTATION_CONTEXT('2D SPACE',''
  ) );
#6897 = PCURVE('',#3154,#6898);
#6898 = DEFINITIONAL_REPRESENTATION('',(#6899),#6903);
#6899 = CIRCLE('',#6900,0.8);
#6900 = AXIS2_PLACEMENT_2D('',#6901,#6902);
#6901 = CARTESIAN_POINT('',(0.,0.));
#6902 = DIRECTION('',(1.,0.));
#6903 = ( GEOMETRIC_REPRESENTATION_CONTEXT(2) 
PARAMETRIC_REPRESENTATION_CONTEXT() REPRESENTATION_CONTEXT('2D SPACE',''
  ) );
#6904 = ORIENTED_EDGE('',*,*,#3166,.T.);
#6905 = ADVANCED_FACE('',(#6906),#3154,.T.);
#6906 = FACE_BOUND('',#6907,.T.);
#6907 = EDGE_LOOP('',(#6908,#6909));
#6908 = ORIENTED_EDGE('',*,*,#3137,.T.);
#6909 = ORIENTED_EDGE('',*,*,#6883,.T.);
#6910 = ADVANCED_FACE('',(#6911),#3202,.F.);
#6911 = FACE_BOUND('',#6912,.F.);
#6912 = EDGE_LOOP('',(#6913,#6914));
#6913 = ORIENTED_EDGE('',*,*,#3187,.T.);
#6914 = ORIENTED_EDGE('',*,*,#6860,.T.);
#6915 = ADVANCED_FACE('',(#6916),#3233,.F.);
#6916 = FACE_BOUND('',#6917,.F.);
#6917 = EDGE_LOOP('',(#6918,#6940,#6941,#6963));
#6918 = ORIENTED_EDGE('',*,*,#6919,.F.);
#6919 = EDGE_CURVE('',#3219,#3274,#6920,.T.);
#6920 = SURFACE_CURVE('',#6921,(#6926,#6933),.PCURVE_S1.);
#6921 = CIRCLE('',#6922,0.8);
#6922 = AXIS2_PLACEMENT_3D('',#6923,#6924,#6925);
#6923 = CARTESIAN_POINT('',(3.507342886156,-10.79449145995,13.3));
#6924 = DIRECTION('',(-0.,0.,1.));
#6925 = DIRECTION('',(0.309016994375,-0.951056516295,0.));
#6926 = PCURVE('',#3233,#6927);
#6927 = DEFINITIONAL_REPRESENTATION('',(#6928),#6932);
#6928 = LINE('',#6929,#6930);
#6929 = CARTESIAN_POINT('',(0.,11.));
#6930 = VECTOR('',#6931,1.);
#6931 = DIRECTION('',(1.,0.));
#6932 = ( GEOMETRIC_REPRESENTATION_CONTEXT(2) 
PARAMETRIC_REPRESENTATION_CONTEXT() REPRESENTATION_CONTEXT('2D SPACE',''
  ) );
#6933 = PCURVE('',#3309,#6934);
#6934 = DEFINITIONAL_REPRESENTATION('',(#6935),#6939);
#6935 = CIRCLE('',#6936,0.8);
#6936 = AXIS2_PLACEMENT_2D('',#6937,#6938);
#6937 = CARTESIAN_POINT('',(0.,0.));
#6938 = DIRECTION('',(1.,0.));
#6939 = ( GEOMETRIC_REPRESENTATION_CONTEXT(2) 
PARAMETRIC_REPRESENTATION_CONTEXT() REPRESENTATION_CONTEXT('2D SPACE',''
  ) );
#6940 = ORIENTED_EDGE('',*,*,#3216,.F.);
#6941 = ORIENTED_EDGE('',*,*,#6942,.T.);
#6942 = EDGE_CURVE('',#3217,#3245,#6943,.T.);
#6943 = SURFACE_CURVE('',#6944,(#6949,#6956),.PCURVE_S1.);
#6944 = CIRCLE('',#6945,0.8);
#6945 = AXIS2_PLACEMENT_3D('',#6946,#6947,#6948);
#6946 = CARTESIAN_POINT('',(3.507342886156,-10.79449145995,2.3));
#6947 = DIRECTION('',(-0.,0.,1.));
#6948 = DIRECTION('',(0.309016994375,-0.951056516295,0.));
#6949 = PCURVE('',#3233,#6950);
#6950 = DEFINITIONAL_REPRESENTATION('',(#6951),#6955);
#6951 = LINE('',#6952,#6953);
#6952 = CARTESIAN_POINT('',(0.,0.));
#6953 = VECTOR('',#6954,1.);
#6954 = DIRECTION('',(1.,0.));
#6955 = ( GEOMETRIC_REPRESENTATION_CONTEXT(2) 
PARAMETRIC_REPRESENTATION_CONTEXT() REPRESENTATION_CONTEXT('2D SPACE',''
  ) );
#6956 = PCURVE('',#3261,#6957);
#6957 = DEFINITIONAL_REPRESENTATION('',(#6958),#6962);
#6958 = CIRCLE('',#6959,0.8);
#6959 = AXIS2_PLACEMENT_2D('',#6960,#6961);
#6960 = CARTESIAN_POINT('',(0.,0.));
#6961 = DIRECTION('',(1.,0.));
#6962 = ( GEOMETRIC_REPRESENTATION_CONTEXT(2) 
PARAMETRIC_REPRESENTATION_CONTEXT() REPRESENTATION_CONTEXT('2D SPACE',''
  ) );
#6963 = ORIENTED_EDGE('',*,*,#3273,.T.);
#6964 = ADVANCED_FACE('',(#6965),#3261,.T.);
#6965 = FACE_BOUND('',#6966,.T.);
#6966 = EDGE_LOOP('',(#6967,#6968));
#6967 = ORIENTED_EDGE('',*,*,#3244,.T.);
#6968 = ORIENTED_EDGE('',*,*,#6942,.T.);
#6969 = ADVANCED_FACE('',(#6970),#3309,.F.);
#6970 = FACE_BOUND('',#6971,.F.);
#6971 = EDGE_LOOP('',(#6972,#6973));
#6972 = ORIENTED_EDGE('',*,*,#3294,.T.);
#6973 = ORIENTED_EDGE('',*,*,#6919,.T.);
#6974 = ADVANCED_FACE('',(#6975),#3340,.F.);
#6975 = FACE_BOUND('',#6976,.F.);
#6976 = EDGE_LOOP('',(#6977,#6999,#7000,#7022));
#6977 = ORIENTED_EDGE('',*,*,#6978,.F.);
#6978 = EDGE_CURVE('',#3326,#3381,#6979,.T.);
#6979 = SURFACE_CURVE('',#6980,(#6985,#6992),.PCURVE_S1.);
#6980 = CIRCLE('',#6981,0.8);
#6981 = AXIS2_PLACEMENT_3D('',#6982,#6983,#6984);
#6982 = CARTESIAN_POINT('',(5.675,-9.829388332953,13.3));
#6983 = DIRECTION('',(-0.,0.,1.));
#6984 = DIRECTION('',(0.5,-0.866025403784,0.));
#6985 = PCURVE('',#3340,#6986);
#6986 = DEFINITIONAL_REPRESENTATION('',(#6987),#6991);
#6987 = LINE('',#6988,#6989);
#6988 = CARTESIAN_POINT('',(0.,11.));
#6989 = VECTOR('',#6990,1.);
#6990 = DIRECTION('',(1.,0.));
#6991 = ( GEOMETRIC_REPRESENTATION_CONTEXT(2) 
PARAMETRIC_REPRESENTATION_CONTEXT() REPRESENTATION_CONTEXT('2D SPACE',''
  ) );
#6992 = PCURVE('',#3416,#6993);
#6993 = DEFINITIONAL_REPRESENTATION('',(#6994),#6998);
#6994 = CIRCLE('',#6995,0.8);
#6995 = AXIS2_PLACEMENT_2D('',#6996,#6997);
#6996 = CARTESIAN_POINT('',(0.,0.));
#6997 = DIRECTION('',(1.,0.));
#6998 = ( GEOMETRIC_REPRESENTATION_CONTEXT(2) 
PARAMETRIC_REPRESENTATION_CONTEXT() REPRESENTATION_CONTEXT('2D SPACE',''
  ) );
#6999 = ORIENTED_EDGE('',*,*,#3323,.F.);
#7000 = ORIENTED_EDGE('',*,*,#7001,.T.);
#7001 = EDGE_CURVE('',#3324,#3352,#7002,.T.);
#7002 = SURFACE_CURVE('',#7003,(#7008,#7015),.PCURVE_S1.);
#7003 = CIRCLE('',#7004,0.8);
#7004 = AXIS2_PLACEMENT_3D('',#7005,#7006,#7007);
#7005 = CARTESIAN_POINT('',(5.675,-9.829388332953,2.3));
#7006 = DIRECTION('',(-0.,0.,1.));
#7007 = DIRECTION('',(0.5,-0.866025403784,0.));
#7008 = PCURVE('',#3340,#7009);
#7009 = DEFINITIONAL_REPRESENTATION('',(#7010),#7014);
#7010 = LINE('',#7011,#7012);
#7011 = CARTESIAN_POINT('',(0.,0.));
#7012 = VECTOR('',#7013,1.);
#7013 = DIRECTION('',(1.,0.));
#7014 = ( GEOMETRIC_REPRESENTATION_CONTEXT(2) 
PARAMETRIC_REPRESENTATION_CONTEXT() REPRESENTATION_CONTEXT('2D SPACE',''
  ) );
#7015 = PCURVE('',#3368,#7016);
#7016 = DEFINITIONAL_REPRESENTATION('',(#7017),#7021);
#7017 = CIRCLE('',#7018,0.8);
#7018 = AXIS2_PLACEMENT_2D('',#7019,#7020);
#7019 = CARTESIAN_POINT('',(0.,0.));
#7020 = DIRECTION('',(1.,0.));
#7021 = ( GEOMETRIC_REPRESENTATION_CONTEXT(2) 
PARAMETRIC_REPRESENTATION_CONTEXT() REPRESENTATION_CONTEXT('2D SPACE',''
  ) );
#7022 = ORIENTED_EDGE('',*,*,#3380,.T.);
#7023 = ADVANCED_FACE('',(#7024),#3368,.T.);
#7024 = FACE_BOUND('',#7025,.T.);
#7025 = EDGE_LOOP('',(#7026,#7027));
#7026 = ORIENTED_EDGE('',*,*,#3351,.T.);
#7027 = ORIENTED_EDGE('',*,*,#7001,.T.);
#7028 = ADVANCED_FACE('',(#7029),#3416,.F.);
#7029 = FACE_BOUND('',#7030,.F.);
#7030 = EDGE_LOOP('',(#7031,#7032));
#7031 = ORIENTED_EDGE('',*,*,#3401,.T.);
#7032 = ORIENTED_EDGE('',*,*,#6978,.T.);
#7033 = ADVANCED_FACE('',(#7034),#3447,.F.);
#7034 = FACE_BOUND('',#7035,.F.);
#7035 = EDGE_LOOP('',(#7036,#7058,#7059,#7081));
#7036 = ORIENTED_EDGE('',*,*,#7037,.F.);
#7037 = EDGE_CURVE('',#3433,#3488,#7038,.T.);
#7038 = SURFACE_CURVE('',#7039,(#7044,#7051),.PCURVE_S1.);
#7039 = CIRCLE('',#7040,0.8);
#7040 = AXIS2_PLACEMENT_3D('',#7041,#7042,#7043);
#7041 = CARTESIAN_POINT('',(7.594632382173,-8.434693769168,13.3));
#7042 = DIRECTION('',(-0.,0.,1.));
#7043 = DIRECTION('',(0.669130606359,-0.743144825477,0.));
#7044 = PCURVE('',#3447,#7045);
#7045 = DEFINITIONAL_REPRESENTATION('',(#7046),#7050);
#7046 = LINE('',#7047,#7048);
#7047 = CARTESIAN_POINT('',(0.,11.));
#7048 = VECTOR('',#7049,1.);
#7049 = DIRECTION('',(1.,0.));
#7050 = ( GEOMETRIC_REPRESENTATION_CONTEXT(2) 
PARAMETRIC_REPRESENTATION_CONTEXT() REPRESENTATION_CONTEXT('2D SPACE',''
  ) );
#7051 = PCURVE('',#3523,#7052);
#7052 = DEFINITIONAL_REPRESENTATION('',(#7053),#7057);
#7053 = CIRCLE('',#7054,0.8);
#7054 = AXIS2_PLACEMENT_2D('',#7055,#7056);
#7055 = CARTESIAN_POINT('',(0.,0.));
#7056 = DIRECTION('',(1.,0.));
#7057 = ( GEOMETRIC_REPRESENTATION_CONTEXT(2) 
PARAMETRIC_REPRESENTATION_CONTEXT() REPRESENTATION_CONTEXT('2D SPACE',''
  ) );
#7058 = ORIENTED_EDGE('',*,*,#3430,.F.);
#7059 = ORIENTED_EDGE('',*,*,#7060,.T.);
#7060 = EDGE_CURVE('',#3431,#3459,#7061,.T.);
#7061 = SURFACE_CURVE('',#7062,(#7067,#7074),.PCURVE_S1.);
#7062 = CIRCLE('',#7063,0.8);
#7063 = AXIS2_PLACEMENT_3D('',#7064,#7065,#7066);
#7064 = CARTESIAN_POINT('',(7.594632382173,-8.434693769168,2.3));
#7065 = DIRECTION('',(-0.,0.,1.));
#7066 = DIRECTION('',(0.669130606359,-0.743144825477,0.));
#7067 = PCURVE('',#3447,#7068);
#7068 = DEFINITIONAL_REPRESENTATION('',(#7069),#7073);
#7069 = LINE('',#7070,#7071);
#7070 = CARTESIAN_POINT('',(0.,0.));
#7071 = VECTOR('',#7072,1.);
#7072 = DIRECTION('',(1.,0.));
#7073 = ( GEOMETRIC_REPRESENTATION_CONTEXT(2) 
PARAMETRIC_REPRESENTATION_CONTEXT() REPRESENTATION_CONTEXT('2D SPACE',''
  ) );
#7074 = PCURVE('',#3475,#7075);
#7075 = DEFINITIONAL_REPRESENTATION('',(#7076),#7080);
#7076 = CIRCLE('',#7077,0.8);
#7077 = AXIS2_PLACEMENT_2D('',#7078,#7079);
#7078 = CARTESIAN_POINT('',(0.,0.));
#7079 = DIRECTION('',(1.,0.));
#7080 = ( GEOMETRIC_REPRESENTATION_CONTEXT(2) 
PARAMETRIC_REPRESENTATION_CONTEXT() REPRESENTATION_CONTEXT('2D SPACE',''
  ) );
#7081 = ORIENTED_EDGE('',*,*,#3487,.T.);
#7082 = ADVANCED_FACE('',(#7083),#3475,.T.);
#7083 = FACE_BOUND('',#7084,.T.);
#7084 = EDGE_LOOP('',(#7085,#7086));
#7085 = ORIENTED_EDGE('',*,*,#3458,.T.);
#7086 = ORIENTED_EDGE('',*,*,#7060,.T.);
#7087 = ADVANCED_FACE('',(#7088),#3523,.F.);
#7088 = FACE_BOUND('',#7089,.F.);
#7089 = EDGE_LOOP('',(#7090,#7091));
#7090 = ORIENTED_EDGE('',*,*,#3508,.T.);
#7091 = ORIENTED_EDGE('',*,*,#7037,.T.);
#7092 = ADVANCED_FACE('',(#7093),#3554,.F.);
#7093 = FACE_BOUND('',#7094,.F.);
#7094 = EDGE_LOOP('',(#7095,#7117,#7118,#7140));
#7095 = ORIENTED_EDGE('',*,*,#7096,.F.);
#7096 = EDGE_CURVE('',#3540,#3595,#7097,.T.);
#7097 = SURFACE_CURVE('',#7098,(#7103,#7110),.PCURVE_S1.);
#7098 = CIRCLE('',#7099,0.8);
#7099 = AXIS2_PLACEMENT_3D('',#7100,#7101,#7102);
#7100 = CARTESIAN_POINT('',(9.182342886156,-6.67136261352,13.3));
#7101 = DIRECTION('',(-0.,0.,1.));
#7102 = DIRECTION('',(0.809016994375,-0.587785252292,0.));
#7103 = PCURVE('',#3554,#7104);
#7104 = DEFINITIONAL_REPRESENTATION('',(#7105),#7109);
#7105 = LINE('',#7106,#7107);
#7106 = CARTESIAN_POINT('',(0.,11.));
#7107 = VECTOR('',#7108,1.);
#7108 = DIRECTION('',(1.,0.));
#7109 = ( GEOMETRIC_REPRESENTATION_CONTEXT(2) 
PARAMETRIC_REPRESENTATION_CONTEXT() REPRESENTATION_CONTEXT('2D SPACE',''
  ) );
#7110 = PCURVE('',#3630,#7111);
#7111 = DEFINITIONAL_REPRESENTATION('',(#7112),#7116);
#7112 = CIRCLE('',#7113,0.8);
#7113 = AXIS2_PLACEMENT_2D('',#7114,#7115);
#7114 = CARTESIAN_POINT('',(0.,0.));
#7115 = DIRECTION('',(1.,0.));
#7116 = ( GEOMETRIC_REPRESENTATION_CONTEXT(2) 
PARAMETRIC_REPRESENTATION_CONTEXT() REPRESENTATION_CONTEXT('2D SPACE',''
  ) );
#7117 = ORIENTED_EDGE('',*,*,#3537,.F.);
#7118 = ORIENTED_EDGE('',*,*,#7119,.T.);
#7119 = EDGE_CURVE('',#3538,#3566,#7120,.T.);
#7120 = SURFACE_CURVE('',#7121,(#7126,#7133),.PCURVE_S1.);
#7121 = CIRCLE('',#7122,0.8);
#7122 = AXIS2_PLACEMENT_3D('',#7123,#7124,#7125);
#7123 = CARTESIAN_POINT('',(9.182342886156,-6.67136261352,2.3));
#7124 = DIRECTION('',(-0.,0.,1.));
#7125 = DIRECTION('',(0.809016994375,-0.587785252292,0.));
#7126 = PCURVE('',#3554,#7127);
#7127 = DEFINITIONAL_REPRESENTATION('',(#7128),#7132);
#7128 = LINE('',#7129,#7130);
#7129 = CARTESIAN_POINT('',(0.,0.));
#7130 = VECTOR('',#7131,1.);
#7131 = DIRECTION('',(1.,0.));
#7132 = ( GEOMETRIC_REPRESENTATION_CONTEXT(2) 
PARAMETRIC_REPRESENTATION_CONTEXT() REPRESENTATION_CONTEXT('2D SPACE',''
  ) );
#7133 = PCURVE('',#3582,#7134);
#7134 = DEFINITIONAL_REPRESENTATION('',(#7135),#7139);
#7135 = CIRCLE('',#7136,0.8);
#7136 = AXIS2_PLACEMENT_2D('',#7137,#7138);
#7137 = CARTESIAN_POINT('',(0.,0.));
#7138 = DIRECTION('',(1.,0.));
#7139 = ( GEOMETRIC_REPRESENTATION_CONTEXT(2) 
PARAMETRIC_REPRESENTATION_CONTEXT() REPRESENTATION_CONTEXT('2D SPACE',''
  ) );
#7140 = ORIENTED_EDGE('',*,*,#3594,.T.);
#7141 = ADVANCED_FACE('',(#7142),#3582,.T.);
#7142 = FACE_BOUND('',#7143,.T.);
#7143 = EDGE_LOOP('',(#7144,#7145));
#7144 = ORIENTED_EDGE('',*,*,#3565,.T.);
#7145 = ORIENTED_EDGE('',*,*,#7119,.T.);
#7146 = ADVANCED_FACE('',(#7147),#3630,.F.);
#7147 = FACE_BOUND('',#7148,.F.);
#7148 = EDGE_LOOP('',(#7149,#7150));
#7149 = ORIENTED_EDGE('',*,*,#3615,.T.);
#7150 = ORIENTED_EDGE('',*,*,#7096,.T.);
#7151 = ADVANCED_FACE('',(#7152),#3661,.F.);
#7152 = FACE_BOUND('',#7153,.F.);
#7153 = EDGE_LOOP('',(#7154,#7176,#7177,#7199));
#7154 = ORIENTED_EDGE('',*,*,#7155,.F.);
#7155 = EDGE_CURVE('',#3647,#3702,#7156,.T.);
#7156 = SURFACE_CURVE('',#7157,(#7162,#7169),.PCURVE_S1.);
#7157 = CIRCLE('',#7158,0.8);
#7158 = AXIS2_PLACEMENT_3D('',#7159,#7160,#7161);
#7159 = CARTESIAN_POINT('',(10.368740944244,-4.61646089891,13.3));
#7160 = DIRECTION('',(-0.,0.,1.));
#7161 = DIRECTION('',(0.913545457643,-0.406736643076,0.));
#7162 = PCURVE('',#3661,#7163);
#7163 = DEFINITIONAL_REPRESENTATION('',(#7164),#7168);
#7164 = LINE('',#7165,#7166);
#7165 = CARTESIAN_POINT('',(0.,11.));
#7166 = VECTOR('',#7167,1.);
#7167 = DIRECTION('',(1.,0.));
#7168 = ( GEOMETRIC_REPRESENTATION_CONTEXT(2) 
PARAMETRIC_REPRESENTATION_CONTEXT() REPRESENTATION_CONTEXT('2D SPACE',''
  ) );
#7169 = PCURVE('',#3737,#7170);
#7170 = DEFINITIONAL_REPRESENTATION('',(#7171),#7175);
#7171 = CIRCLE('',#7172,0.8);
#7172 = AXIS2_PLACEMENT_2D('',#7173,#7174);
#7173 = CARTESIAN_POINT('',(0.,0.));
#7174 = DIRECTION('',(1.,0.));
#7175 = ( GEOMETRIC_REPRESENTATION_CONTEXT(2) 
PARAMETRIC_REPRESENTATION_CONTEXT() REPRESENTATION_CONTEXT('2D SPACE',''
  ) );
#7176 = ORIENTED_EDGE('',*,*,#3644,.F.);
#7177 = ORIENTED_EDGE('',*,*,#7178,.T.);
#7178 = EDGE_CURVE('',#3645,#3673,#7179,.T.);
#7179 = SURFACE_CURVE('',#7180,(#7185,#7192),.PCURVE_S1.);
#7180 = CIRCLE('',#7181,0.8);
#7181 = AXIS2_PLACEMENT_3D('',#7182,#7183,#7184);
#7182 = CARTESIAN_POINT('',(10.368740944244,-4.61646089891,2.3));
#7183 = DIRECTION('',(-0.,0.,1.));
#7184 = DIRECTION('',(0.913545457643,-0.406736643076,0.));
#7185 = PCURVE('',#3661,#7186);
#7186 = DEFINITIONAL_REPRESENTATION('',(#7187),#7191);
#7187 = LINE('',#7188,#7189);
#7188 = CARTESIAN_POINT('',(0.,0.));
#7189 = VECTOR('',#7190,1.);
#7190 = DIRECTION('',(1.,0.));
#7191 = ( GEOMETRIC_REPRESENTATION_CONTEXT(2) 
PARAMETRIC_REPRESENTATION_CONTEXT() REPRESENTATION_CONTEXT('2D SPACE',''
  ) );
#7192 = PCURVE('',#3689,#7193);
#7193 = DEFINITIONAL_REPRESENTATION('',(#7194),#7198);
#7194 = CIRCLE('',#7195,0.8);
#7195 = AXIS2_PLACEMENT_2D('',#7196,#7197);
#7196 = CARTESIAN_POINT('',(0.,0.));
#7197 = DIRECTION('',(1.,0.));
#7198 = ( GEOMETRIC_REPRESENTATION_CONTEXT(2) 
PARAMETRIC_REPRESENTATION_CONTEXT() REPRESENTATION_CONTEXT('2D SPACE',''
  ) );
#7199 = ORIENTED_EDGE('',*,*,#3701,.T.);
#7200 = ADVANCED_FACE('',(#7201),#3689,.T.);
#7201 = FACE_BOUND('',#7202,.T.);
#7202 = EDGE_LOOP('',(#7203,#7204));
#7203 = ORIENTED_EDGE('',*,*,#3672,.T.);
#7204 = ORIENTED_EDGE('',*,*,#7178,.T.);
#7205 = ADVANCED_FACE('',(#7206),#3737,.F.);
#7206 = FACE_BOUND('',#7207,.F.);
#7207 = EDGE_LOOP('',(#7208,#7209));
#7208 = ORIENTED_EDGE('',*,*,#3722,.T.);
#7209 = ORIENTED_EDGE('',*,*,#7155,.T.);
#7210 = ADVANCED_FACE('',(#7211),#3768,.F.);
#7211 = FACE_BOUND('',#7212,.F.);
#7212 = EDGE_LOOP('',(#7213,#7235,#7236,#7258));
#7213 = ORIENTED_EDGE('',*,*,#7214,.F.);
#7214 = EDGE_CURVE('',#3754,#3809,#7215,.T.);
#7215 = SURFACE_CURVE('',#7216,(#7221,#7228),.PCURVE_S1.);
#7216 = CIRCLE('',#7217,0.8);
#7217 = AXIS2_PLACEMENT_3D('',#7218,#7219,#7220);
#7218 = CARTESIAN_POINT('',(11.101975268329,-2.359797690782,13.3));
#7219 = DIRECTION('',(-0.,0.,1.));
#7220 = DIRECTION('',(0.978147600734,-0.207911690818,0.));
#7221 = PCURVE('',#3768,#7222);
#7222 = DEFINITIONAL_REPRESENTATION('',(#7223),#7227);
#7223 = LINE('',#7224,#7225);
#7224 = CARTESIAN_POINT('',(0.,11.));
#7225 = VECTOR('',#7226,1.);
#7226 = DIRECTION('',(1.,0.));
#7227 = ( GEOMETRIC_REPRESENTATION_CONTEXT(2) 
PARAMETRIC_REPRESENTATION_CONTEXT() REPRESENTATION_CONTEXT('2D SPACE',''
  ) );
#7228 = PCURVE('',#3844,#7229);
#7229 = DEFINITIONAL_REPRESENTATION('',(#7230),#7234);
#7230 = CIRCLE('',#7231,0.8);
#7231 = AXIS2_PLACEMENT_2D('',#7232,#7233);
#7232 = CARTESIAN_POINT('',(0.,0.));
#7233 = DIRECTION('',(1.,0.));
#7234 = ( GEOMETRIC_REPRESENTATION_CONTEXT(2) 
PARAMETRIC_REPRESENTATION_CONTEXT() REPRESENTATION_CONTEXT('2D SPACE',''
  ) );
#7235 = ORIENTED_EDGE('',*,*,#3751,.F.);
#7236 = ORIENTED_EDGE('',*,*,#7237,.T.);
#7237 = EDGE_CURVE('',#3752,#3780,#7238,.T.);
#7238 = SURFACE_CURVE('',#7239,(#7244,#7251),.PCURVE_S1.);
#7239 = CIRCLE('',#7240,0.8);
#7240 = AXIS2_PLACEMENT_3D('',#7241,#7242,#7243);
#7241 = CARTESIAN_POINT('',(11.101975268329,-2.359797690782,2.3));
#7242 = DIRECTION('',(-0.,0.,1.));
#7243 = DIRECTION('',(0.978147600734,-0.207911690818,0.));
#7244 = PCURVE('',#3768,#7245);
#7245 = DEFINITIONAL_REPRESENTATION('',(#7246),#7250);
#7246 = LINE('',#7247,#7248);
#7247 = CARTESIAN_POINT('',(0.,0.));
#7248 = VECTOR('',#7249,1.);
#7249 = DIRECTION('',(1.,0.));
#7250 = ( GEOMETRIC_REPRESENTATION_CONTEXT(2) 
PARAMETRIC_REPRESENTATION_CONTEXT() REPRESENTATION_CONTEXT('2D SPACE',''
  ) );
#7251 = PCURVE('',#3796,#7252);
#7252 = DEFINITIONAL_REPRESENTATION('',(#7253),#7257);
#7253 = CIRCLE('',#7254,0.8);
#7254 = AXIS2_PLACEMENT_2D('',#7255,#7256);
#7255 = CARTESIAN_POINT('',(0.,0.));
#7256 = DIRECTION('',(1.,0.));
#7257 = ( GEOMETRIC_REPRESENTATION_CONTEXT(2) 
PARAMETRIC_REPRESENTATION_CONTEXT() REPRESENTATION_CONTEXT('2D SPACE',''
  ) );
#7258 = ORIENTED_EDGE('',*,*,#3808,.T.);
#7259 = ADVANCED_FACE('',(#7260),#3796,.T.);
#7260 = FACE_BOUND('',#7261,.T.);
#7261 = EDGE_LOOP('',(#7262,#7263));
#7262 = ORIENTED_EDGE('',*,*,#3779,.T.);
#7263 = ORIENTED_EDGE('',*,*,#7237,.T.);
#7264 = ADVANCED_FACE('',(#7265),#3844,.F.);
#7265 = FACE_BOUND('',#7266,.F.);
#7266 = EDGE_LOOP('',(#7267,#7268));
#7267 = ORIENTED_EDGE('',*,*,#3829,.T.);
#7268 = ORIENTED_EDGE('',*,*,#7214,.T.);
#7269 = ADVANCED_FACE('',(#7270),#3906,.T.);
#7270 = FACE_BOUND('',#7271,.T.);
#7271 = EDGE_LOOP('',(#7272,#7295,#7296,#7317,#7343,#7362,#7363,#7386));
#7272 = ORIENTED_EDGE('',*,*,#7273,.F.);
#7273 = EDGE_CURVE('',#4277,#7274,#7276,.T.);
#7274 = VERTEX_POINT('',#7275);
#7275 = CARTESIAN_POINT('',(-5.946707772653,7.282616639244E-16,5.2));
#7276 = SURFACE_CURVE('',#7277,(#7281,#7288),.PCURVE_S1.);
#7277 = LINE('',#7278,#7279);
#7278 = CARTESIAN_POINT('',(-5.946707772653,7.282616639244E-16,-0.1));
#7279 = VECTOR('',#7280,1.);
#7280 = DIRECTION('',(0.,0.,1.));
#7281 = PCURVE('',#3906,#7282);
#7282 = DEFINITIONAL_REPRESENTATION('',(#7283),#7287);
#7283 = LINE('',#7284,#7285);
#7284 = CARTESIAN_POINT('',(5.946707772653,0.));
#7285 = VECTOR('',#7286,1.);
#7286 = DIRECTION('',(0.,-1.));
#7287 = ( GEOMETRIC_REPRESENTATION_CONTEXT(2) 
PARAMETRIC_REPRESENTATION_CONTEXT() REPRESENTATION_CONTEXT('2D SPACE',''
  ) );
#7288 = PCURVE('',#4236,#7289);
#7289 = DEFINITIONAL_REPRESENTATION('',(#7290),#7294);
#7290 = LINE('',#7291,#7292);
#7291 = CARTESIAN_POINT('',(0.,0.));
#7292 = VECTOR('',#7293,1.);
#7293 = DIRECTION('',(0.,-1.));
#7294 = ( GEOMETRIC_REPRESENTATION_CONTEXT(2) 
PARAMETRIC_REPRESENTATION_CONTEXT() REPRESENTATION_CONTEXT('2D SPACE',''
  ) );
#7295 = ORIENTED_EDGE('',*,*,#4297,.T.);
#7296 = ORIENTED_EDGE('',*,*,#7297,.T.);
#7297 = EDGE_CURVE('',#4298,#7298,#7300,.T.);
#7298 = VERTEX_POINT('',#7299);
#7299 = CARTESIAN_POINT('',(-5.425367558305,0.902987739279,0.9));
#7300 = SURFACE_CURVE('',#7301,(#7305,#7311),.PCURVE_S1.);
#7301 = LINE('',#7302,#7303);
#7302 = CARTESIAN_POINT('',(-5.425367558305,0.902987739279,-0.1));
#7303 = VECTOR('',#7304,1.);
#7304 = DIRECTION('',(0.,0.,1.));
#7305 = PCURVE('',#3906,#7306);
#7306 = DEFINITIONAL_REPRESENTATION('',(#7307),#7310);
#7307 = B_SPLINE_CURVE_WITH_KNOTS('',1,(#7308,#7309),.UNSPECIFIED.,.F.,
  .F.,(2,2),(-6.000000000034E-07,1.0000006),.PIECEWISE_BEZIER_KNOTS.);
#7308 = CARTESIAN_POINT('',(4.904027343957,6.000000000034E-07));
#7309 = CARTESIAN_POINT('',(4.904027343957,-1.0000006));
#7310 = ( GEOMETRIC_REPRESENTATION_CONTEXT(2) 
PARAMETRIC_REPRESENTATION_CONTEXT() REPRESENTATION_CONTEXT('2D SPACE',''
  ) );
#7311 = PCURVE('',#4333,#7312);
#7312 = DEFINITIONAL_REPRESENTATION('',(#7313),#7316);
#7313 = B_SPLINE_CURVE_WITH_KNOTS('',1,(#7314,#7315),.UNSPECIFIED.,.F.,
  .F.,(2,2),(-6.000000000034E-07,1.0000006),.PIECEWISE_BEZIER_KNOTS.);
#7314 = CARTESIAN_POINT('',(2.976666396727,-6.000000000034E-07));
#7315 = CARTESIAN_POINT('',(2.976666396727,1.0000006));
#7316 = ( GEOMETRIC_REPRESENTATION_CONTEXT(2) 
PARAMETRIC_REPRESENTATION_CONTEXT() REPRESENTATION_CONTEXT('2D SPACE',''
  ) );
#7317 = ORIENTED_EDGE('',*,*,#7318,.F.);
#7318 = EDGE_CURVE('',#7319,#7298,#7321,.T.);
#7319 = VERTEX_POINT('',#7320);
#7320 = CARTESIAN_POINT('',(-3.494694100674,4.247012260721,0.9));
#7321 = SURFACE_CURVE('',#7322,(#7326,#7332),.PCURVE_S1.);
#7322 = LINE('',#7323,#7324);
#7323 = CARTESIAN_POINT('',(-3.716692357908,3.8625,0.9));
#7324 = VECTOR('',#7325,1.);
#7325 = DIRECTION('',(-0.5,-0.866025403784,0.));
#7326 = PCURVE('',#3906,#7327);
#7327 = DEFINITIONAL_REPRESENTATION('',(#7328),#7331);
#7328 = B_SPLINE_CURVE_WITH_KNOTS('',1,(#7329,#7330),.UNSPECIFIED.,.F.,
  .F.,(2,2),(-1.486676943163,3.566615284184),.PIECEWISE_BEZIER_KNOTS.);
#7329 = CARTESIAN_POINT('',(0.,-1.));
#7330 = CARTESIAN_POINT('',(5.053292227347,-1.));
#7331 = ( GEOMETRIC_REPRESENTATION_CONTEXT(2) 
PARAMETRIC_REPRESENTATION_CONTEXT() REPRESENTATION_CONTEXT('2D SPACE',''
  ) );
#7332 = PCURVE('',#7333,#7338);
#7333 = PLANE('',#7334);
#7334 = AXIS2_PLACEMENT_3D('',#7335,#7336,#7337);
#7335 = CARTESIAN_POINT('',(0.,0.,0.9));
#7336 = DIRECTION('',(0.,0.,1.));
#7337 = DIRECTION('',(1.,0.,-0.));
#7338 = DEFINITIONAL_REPRESENTATION('',(#7339),#7342);
#7339 = B_SPLINE_CURVE_WITH_KNOTS('',1,(#7340,#7341),.UNSPECIFIED.,.F.,
  .F.,(2,2),(-1.486676943163,3.566615284184),.PIECEWISE_BEZIER_KNOTS.);
#7340 = CARTESIAN_POINT('',(-2.973353886327,5.15));
#7341 = CARTESIAN_POINT('',(-5.5,0.773720558371));
#7342 = ( GEOMETRIC_REPRESENTATION_CONTEXT(2) 
PARAMETRIC_REPRESENTATION_CONTEXT() REPRESENTATION_CONTEXT('2D SPACE',''
  ) );
#7343 = ORIENTED_EDGE('',*,*,#7344,.F.);
#7344 = EDGE_CURVE('',#3890,#7319,#7345,.T.);
#7345 = SURFACE_CURVE('',#7346,(#7350,#7356),.PCURVE_S1.);
#7346 = LINE('',#7347,#7348);
#7347 = CARTESIAN_POINT('',(-3.494694100674,4.247012260721,-0.1));
#7348 = VECTOR('',#7349,1.);
#7349 = DIRECTION('',(0.,0.,1.));
#7350 = PCURVE('',#3906,#7351);
#7351 = DEFINITIONAL_REPRESENTATION('',(#7352),#7355);
#7352 = B_SPLINE_CURVE_WITH_KNOTS('',1,(#7353,#7354),.UNSPECIFIED.,.F.,
  .F.,(2,2),(-6.000000000034E-07,1.0000006),.PIECEWISE_BEZIER_KNOTS.);
#7353 = CARTESIAN_POINT('',(1.042680428696,6.000000000034E-07));
#7354 = CARTESIAN_POINT('',(1.042680428696,-1.0000006));
#7355 = ( GEOMETRIC_REPRESENTATION_CONTEXT(2) 
PARAMETRIC_REPRESENTATION_CONTEXT() REPRESENTATION_CONTEXT('2D SPACE',''
  ) );
#7356 = PCURVE('',#4333,#7357);
#7357 = DEFINITIONAL_REPRESENTATION('',(#7358),#7361);
#7358 = B_SPLINE_CURVE_WITH_KNOTS('',1,(#7359,#7360),.UNSPECIFIED.,.F.,
  .F.,(2,2),(-6.000000000034E-07,1.0000006),.PIECEWISE_BEZIER_KNOTS.);
#7359 = CARTESIAN_POINT('',(2.259321359256,-6.000000000034E-07));
#7360 = CARTESIAN_POINT('',(2.259321359256,1.0000006));
#7361 = ( GEOMETRIC_REPRESENTATION_CONTEXT(2) 
PARAMETRIC_REPRESENTATION_CONTEXT() REPRESENTATION_CONTEXT('2D SPACE',''
  ) );
#7362 = ORIENTED_EDGE('',*,*,#3889,.T.);
#7363 = ORIENTED_EDGE('',*,*,#7364,.T.);
#7364 = EDGE_CURVE('',#3892,#7365,#7367,.T.);
#7365 = VERTEX_POINT('',#7366);
#7366 = CARTESIAN_POINT('',(-2.973353886327,5.15,5.2));
#7367 = SURFACE_CURVE('',#7368,(#7372,#7379),.PCURVE_S1.);
#7368 = LINE('',#7369,#7370);
#7369 = CARTESIAN_POINT('',(-2.973353886327,5.15,-0.1));
#7370 = VECTOR('',#7371,1.);
#7371 = DIRECTION('',(0.,0.,1.));
#7372 = PCURVE('',#3906,#7373);
#7373 = DEFINITIONAL_REPRESENTATION('',(#7374),#7378);
#7374 = LINE('',#7375,#7376);
#7375 = CARTESIAN_POINT('',(0.,0.));
#7376 = VECTOR('',#7377,1.);
#7377 = DIRECTION('',(0.,-1.));
#7378 = ( GEOMETRIC_REPRESENTATION_CONTEXT(2) 
PARAMETRIC_REPRESENTATION_CONTEXT() REPRESENTATION_CONTEXT('2D SPACE',''
  ) );
#7379 = PCURVE('',#3932,#7380);
#7380 = DEFINITIONAL_REPRESENTATION('',(#7381),#7385);
#7381 = LINE('',#7382,#7383);
#7382 = CARTESIAN_POINT('',(5.946707772653,0.));
#7383 = VECTOR('',#7384,1.);
#7384 = DIRECTION('',(0.,-1.));
#7385 = ( GEOMETRIC_REPRESENTATION_CONTEXT(2) 
PARAMETRIC_REPRESENTATION_CONTEXT() REPRESENTATION_CONTEXT('2D SPACE',''
  ) );
#7386 = ORIENTED_EDGE('',*,*,#7387,.T.);
#7387 = EDGE_CURVE('',#7365,#7274,#7388,.T.);
#7388 = SURFACE_CURVE('',#7389,(#7393,#7400),.PCURVE_S1.);
#7389 = LINE('',#7390,#7391);
#7390 = CARTESIAN_POINT('',(-2.973353886327,5.15,5.2));
#7391 = VECTOR('',#7392,1.);
#7392 = DIRECTION('',(-0.5,-0.866025403784,0.));
#7393 = PCURVE('',#3906,#7394);
#7394 = DEFINITIONAL_REPRESENTATION('',(#7395),#7399);
#7395 = LINE('',#7396,#7397);
#7396 = CARTESIAN_POINT('',(0.,-5.3));
#7397 = VECTOR('',#7398,1.);
#7398 = DIRECTION('',(1.,0.));
#7399 = ( GEOMETRIC_REPRESENTATION_CONTEXT(2) 
PARAMETRIC_REPRESENTATION_CONTEXT() REPRESENTATION_CONTEXT('2D SPACE',''
  ) );
#7400 = PCURVE('',#7401,#7406);
#7401 = PLANE('',#7402);
#7402 = AXIS2_PLACEMENT_3D('',#7403,#7404,#7405);
#7403 = CARTESIAN_POINT('',(9.957088343734E-17,8.196444836402E-17,5.2));
#7404 = DIRECTION('',(0.,0.,1.));
#7405 = DIRECTION('',(1.,0.,-0.));
#7406 = DEFINITIONAL_REPRESENTATION('',(#7407),#7411);
#7407 = LINE('',#7408,#7409);
#7408 = CARTESIAN_POINT('',(-2.973353886327,5.15));
#7409 = VECTOR('',#7410,1.);
#7410 = DIRECTION('',(-0.5,-0.866025403784));
#7411 = ( GEOMETRIC_REPRESENTATION_CONTEXT(2) 
PARAMETRIC_REPRESENTATION_CONTEXT() REPRESENTATION_CONTEXT('2D SPACE',''
  ) );
#7412 = ADVANCED_FACE('',(#7413),#4333,.F.);
#7413 = FACE_BOUND('',#7414,.F.);
#7414 = EDGE_LOOP('',(#7415,#7437,#7438,#7439));
#7415 = ORIENTED_EDGE('',*,*,#7416,.F.);
#7416 = EDGE_CURVE('',#7319,#7298,#7417,.T.);
#7417 = SURFACE_CURVE('',#7418,(#7423,#7430),.PCURVE_S1.);
#7418 = CIRCLE('',#7419,5.5);
#7419 = AXIS2_PLACEMENT_3D('',#7420,#7421,#7422);
#7420 = CARTESIAN_POINT('',(0.,0.,0.9));
#7421 = DIRECTION('',(0.,0.,1.));
#7422 = DIRECTION('',(1.,0.,-0.));
#7423 = PCURVE('',#4333,#7424);
#7424 = DEFINITIONAL_REPRESENTATION('',(#7425),#7429);
#7425 = LINE('',#7426,#7427);
#7426 = CARTESIAN_POINT('',(0.,1.));
#7427 = VECTOR('',#7428,1.);
#7428 = DIRECTION('',(1.,0.));
#7429 = ( GEOMETRIC_REPRESENTATION_CONTEXT(2) 
PARAMETRIC_REPRESENTATION_CONTEXT() REPRESENTATION_CONTEXT('2D SPACE',''
  ) );
#7430 = PCURVE('',#7333,#7431);
#7431 = DEFINITIONAL_REPRESENTATION('',(#7432),#7436);
#7432 = CIRCLE('',#7433,5.5);
#7433 = AXIS2_PLACEMENT_2D('',#7434,#7435);
#7434 = CARTESIAN_POINT('',(0.,0.));
#7435 = DIRECTION('',(1.,0.));
#7436 = ( GEOMETRIC_REPRESENTATION_CONTEXT(2) 
PARAMETRIC_REPRESENTATION_CONTEXT() REPRESENTATION_CONTEXT('2D SPACE',''
  ) );
#7437 = ORIENTED_EDGE('',*,*,#7344,.F.);
#7438 = ORIENTED_EDGE('',*,*,#4318,.T.);
#7439 = ORIENTED_EDGE('',*,*,#7297,.T.);
#7440 = ADVANCED_FACE('',(#7441),#4236,.T.);
#7441 = FACE_BOUND('',#7442,.T.);
#7442 = EDGE_LOOP('',(#7443,#7466,#7467,#7488,#7514,#7533,#7534,#7535));
#7443 = ORIENTED_EDGE('',*,*,#7444,.F.);
#7444 = EDGE_CURVE('',#4201,#7445,#7447,.T.);
#7445 = VERTEX_POINT('',#7446);
#7446 = CARTESIAN_POINT('',(-2.973353886327,-5.15,5.2));
#7447 = SURFACE_CURVE('',#7448,(#7452,#7459),.PCURVE_S1.);
#7448 = LINE('',#7449,#7450);
#7449 = CARTESIAN_POINT('',(-2.973353886327,-5.15,-0.1));
#7450 = VECTOR('',#7451,1.);
#7451 = DIRECTION('',(0.,0.,1.));
#7452 = PCURVE('',#4236,#7453);
#7453 = DEFINITIONAL_REPRESENTATION('',(#7454),#7458);
#7454 = LINE('',#7455,#7456);
#7455 = CARTESIAN_POINT('',(5.946707772653,0.));
#7456 = VECTOR('',#7457,1.);
#7457 = DIRECTION('',(0.,-1.));
#7458 = ( GEOMETRIC_REPRESENTATION_CONTEXT(2) 
PARAMETRIC_REPRESENTATION_CONTEXT() REPRESENTATION_CONTEXT('2D SPACE',''
  ) );
#7459 = PCURVE('',#4160,#7460);
#7460 = DEFINITIONAL_REPRESENTATION('',(#7461),#7465);
#7461 = LINE('',#7462,#7463);
#7462 = CARTESIAN_POINT('',(0.,0.));
#7463 = VECTOR('',#7464,1.);
#7464 = DIRECTION('',(0.,-1.));
#7465 = ( GEOMETRIC_REPRESENTATION_CONTEXT(2) 
PARAMETRIC_REPRESENTATION_CONTEXT() REPRESENTATION_CONTEXT('2D SPACE',''
  ) );
#7466 = ORIENTED_EDGE('',*,*,#4221,.T.);
#7467 = ORIENTED_EDGE('',*,*,#7468,.T.);
#7468 = EDGE_CURVE('',#4222,#7469,#7471,.T.);
#7469 = VERTEX_POINT('',#7470);
#7470 = CARTESIAN_POINT('',(-3.494694100674,-4.247012260721,0.9));
#7471 = SURFACE_CURVE('',#7472,(#7476,#7482),.PCURVE_S1.);
#7472 = LINE('',#7473,#7474);
#7473 = CARTESIAN_POINT('',(-3.494694100674,-4.247012260721,-0.1));
#7474 = VECTOR('',#7475,1.);
#7475 = DIRECTION('',(0.,0.,1.));
#7476 = PCURVE('',#4236,#7477);
#7477 = DEFINITIONAL_REPRESENTATION('',(#7478),#7481);
#7478 = B_SPLINE_CURVE_WITH_KNOTS('',1,(#7479,#7480),.UNSPECIFIED.,.F.,
  .F.,(2,2),(-6.000000000034E-07,1.0000006),.PIECEWISE_BEZIER_KNOTS.);
#7479 = CARTESIAN_POINT('',(4.904027343957,6.000000000034E-07));
#7480 = CARTESIAN_POINT('',(4.904027343957,-1.0000006));
#7481 = ( GEOMETRIC_REPRESENTATION_CONTEXT(2) 
PARAMETRIC_REPRESENTATION_CONTEXT() REPRESENTATION_CONTEXT('2D SPACE',''
  ) );
#7482 = PCURVE('',#4264,#7483);
#7483 = DEFINITIONAL_REPRESENTATION('',(#7484),#7487);
#7484 = B_SPLINE_CURVE_WITH_KNOTS('',1,(#7485,#7486),.UNSPECIFIED.,.F.,
  .F.,(2,2),(-6.000000000034E-07,1.0000006),.PIECEWISE_BEZIER_KNOTS.);
#7485 = CARTESIAN_POINT('',(4.023863947924,-6.000000000034E-07));
#7486 = CARTESIAN_POINT('',(4.023863947924,1.0000006));
#7487 = ( GEOMETRIC_REPRESENTATION_CONTEXT(2) 
PARAMETRIC_REPRESENTATION_CONTEXT() REPRESENTATION_CONTEXT('2D SPACE',''
  ) );
#7488 = ORIENTED_EDGE('',*,*,#7489,.F.);
#7489 = EDGE_CURVE('',#7490,#7469,#7492,.T.);
#7490 = VERTEX_POINT('',#7491);
#7491 = CARTESIAN_POINT('',(-5.425367558305,-0.902987739279,0.9));
#7492 = SURFACE_CURVE('',#7493,(#7497,#7503),.PCURVE_S1.);
#7493 = LINE('',#7494,#7495);
#7494 = CARTESIAN_POINT('',(-5.203369301072,-1.2875,0.9));
#7495 = VECTOR('',#7496,1.);
#7496 = DIRECTION('',(0.5,-0.866025403784,0.));
#7497 = PCURVE('',#4236,#7498);
#7498 = DEFINITIONAL_REPRESENTATION('',(#7499),#7502);
#7499 = B_SPLINE_CURVE_WITH_KNOTS('',1,(#7500,#7501),.UNSPECIFIED.,.F.,
  .F.,(2,2),(-0.593261397857,4.46003082949),.PIECEWISE_BEZIER_KNOTS.);
#7500 = CARTESIAN_POINT('',(0.893415545306,-1.));
#7501 = CARTESIAN_POINT('',(5.946707772653,-1.));
#7502 = ( GEOMETRIC_REPRESENTATION_CONTEXT(2) 
PARAMETRIC_REPRESENTATION_CONTEXT() REPRESENTATION_CONTEXT('2D SPACE',''
  ) );
#7503 = PCURVE('',#7504,#7509);
#7504 = PLANE('',#7505);
#7505 = AXIS2_PLACEMENT_3D('',#7506,#7507,#7508);
#7506 = CARTESIAN_POINT('',(0.,0.,0.9));
#7507 = DIRECTION('',(0.,0.,1.));
#7508 = DIRECTION('',(1.,0.,-0.));
#7509 = DEFINITIONAL_REPRESENTATION('',(#7510),#7513);
#7510 = B_SPLINE_CURVE_WITH_KNOTS('',1,(#7511,#7512),.UNSPECIFIED.,.F.,
  .F.,(2,2),(-0.593261397857,4.46003082949),.PIECEWISE_BEZIER_KNOTS.);
#7511 = CARTESIAN_POINT('',(-5.5,-0.773720558371));
#7512 = CARTESIAN_POINT('',(-2.973353886327,-5.15));
#7513 = ( GEOMETRIC_REPRESENTATION_CONTEXT(2) 
PARAMETRIC_REPRESENTATION_CONTEXT() REPRESENTATION_CONTEXT('2D SPACE',''
  ) );
#7514 = ORIENTED_EDGE('',*,*,#7515,.F.);
#7515 = EDGE_CURVE('',#4248,#7490,#7516,.T.);
#7516 = SURFACE_CURVE('',#7517,(#7521,#7527),.PCURVE_S1.);
#7517 = LINE('',#7518,#7519);
#7518 = CARTESIAN_POINT('',(-5.425367558305,-0.902987739279,-0.1));
#7519 = VECTOR('',#7520,1.);
#7520 = DIRECTION('',(0.,0.,1.));
#7521 = PCURVE('',#4236,#7522);
#7522 = DEFINITIONAL_REPRESENTATION('',(#7523),#7526);
#7523 = B_SPLINE_CURVE_WITH_KNOTS('',1,(#7524,#7525),.UNSPECIFIED.,.F.,
  .F.,(2,2),(-6.000000000034E-07,1.0000006),.PIECEWISE_BEZIER_KNOTS.);
#7524 = CARTESIAN_POINT('',(1.042680428696,6.000000000034E-07));
#7525 = CARTESIAN_POINT('',(1.042680428696,-1.0000006));
#7526 = ( GEOMETRIC_REPRESENTATION_CONTEXT(2) 
PARAMETRIC_REPRESENTATION_CONTEXT() REPRESENTATION_CONTEXT('2D SPACE',''
  ) );
#7527 = PCURVE('',#4264,#7528);
#7528 = DEFINITIONAL_REPRESENTATION('',(#7529),#7532);
#7529 = B_SPLINE_CURVE_WITH_KNOTS('',1,(#7530,#7531),.UNSPECIFIED.,.F.,
  .F.,(2,2),(-6.000000000034E-07,1.0000006),.PIECEWISE_BEZIER_KNOTS.);
#7530 = CARTESIAN_POINT('',(3.306518910453,-6.000000000034E-07));
#7531 = CARTESIAN_POINT('',(3.306518910453,1.0000006));
#7532 = ( GEOMETRIC_REPRESENTATION_CONTEXT(2) 
PARAMETRIC_REPRESENTATION_CONTEXT() REPRESENTATION_CONTEXT('2D SPACE',''
  ) );
#7533 = ORIENTED_EDGE('',*,*,#4276,.T.);
#7534 = ORIENTED_EDGE('',*,*,#7273,.T.);
#7535 = ORIENTED_EDGE('',*,*,#7536,.T.);
#7536 = EDGE_CURVE('',#7274,#7445,#7537,.T.);
#7537 = SURFACE_CURVE('',#7538,(#7542,#7549),.PCURVE_S1.);
#7538 = LINE('',#7539,#7540);
#7539 = CARTESIAN_POINT('',(-5.946707772653,7.282616639244E-16,5.2));
#7540 = VECTOR('',#7541,1.);
#7541 = DIRECTION('',(0.5,-0.866025403784,0.));
#7542 = PCURVE('',#4236,#7543);
#7543 = DEFINITIONAL_REPRESENTATION('',(#7544),#7548);
#7544 = LINE('',#7545,#7546);
#7545 = CARTESIAN_POINT('',(0.,-5.3));
#7546 = VECTOR('',#7547,1.);
#7547 = DIRECTION('',(1.,0.));
#7548 = ( GEOMETRIC_REPRESENTATION_CONTEXT(2) 
PARAMETRIC_REPRESENTATION_CONTEXT() REPRESENTATION_CONTEXT('2D SPACE',''
  ) );
#7549 = PCURVE('',#7401,#7550);
#7550 = DEFINITIONAL_REPRESENTATION('',(#7551),#7555);
#7551 = LINE('',#7552,#7553);
#7552 = CARTESIAN_POINT('',(-5.946707772653,6.462972155604E-16));
#7553 = VECTOR('',#7554,1.);
#7554 = DIRECTION('',(0.5,-0.866025403784));
#7555 = ( GEOMETRIC_REPRESENTATION_CONTEXT(2) 
PARAMETRIC_REPRESENTATION_CONTEXT() REPRESENTATION_CONTEXT('2D SPACE',''
  ) );
#7556 = ADVANCED_FACE('',(#7557),#4264,.F.);
#7557 = FACE_BOUND('',#7558,.F.);
#7558 = EDGE_LOOP('',(#7559,#7560,#7582,#7583));
#7559 = ORIENTED_EDGE('',*,*,#7468,.T.);
#7560 = ORIENTED_EDGE('',*,*,#7561,.F.);
#7561 = EDGE_CURVE('',#7490,#7469,#7562,.T.);
#7562 = SURFACE_CURVE('',#7563,(#7568,#7575),.PCURVE_S1.);
#7563 = CIRCLE('',#7564,5.5);
#7564 = AXIS2_PLACEMENT_3D('',#7565,#7566,#7567);
#7565 = CARTESIAN_POINT('',(0.,0.,0.9));
#7566 = DIRECTION('',(0.,0.,1.));
#7567 = DIRECTION('',(1.,0.,-0.));
#7568 = PCURVE('',#4264,#7569);
#7569 = DEFINITIONAL_REPRESENTATION('',(#7570),#7574);
#7570 = LINE('',#7571,#7572);
#7571 = CARTESIAN_POINT('',(0.,1.));
#7572 = VECTOR('',#7573,1.);
#7573 = DIRECTION('',(1.,0.));
#7574 = ( GEOMETRIC_REPRESENTATION_CONTEXT(2) 
PARAMETRIC_REPRESENTATION_CONTEXT() REPRESENTATION_CONTEXT('2D SPACE',''
  ) );
#7575 = PCURVE('',#7504,#7576);
#7576 = DEFINITIONAL_REPRESENTATION('',(#7577),#7581);
#7577 = CIRCLE('',#7578,5.5);
#7578 = AXIS2_PLACEMENT_2D('',#7579,#7580);
#7579 = CARTESIAN_POINT('',(0.,0.));
#7580 = DIRECTION('',(1.,0.));
#7581 = ( GEOMETRIC_REPRESENTATION_CONTEXT(2) 
PARAMETRIC_REPRESENTATION_CONTEXT() REPRESENTATION_CONTEXT('2D SPACE',''
  ) );
#7582 = ORIENTED_EDGE('',*,*,#7515,.F.);
#7583 = ORIENTED_EDGE('',*,*,#4247,.T.);
#7584 = ADVANCED_FACE('',(#7585),#4160,.T.);
#7585 = FACE_BOUND('',#7586,.T.);
#7586 = EDGE_LOOP('',(#7587,#7610,#7611,#7632,#7658,#7677,#7678,#7679));
#7587 = ORIENTED_EDGE('',*,*,#7588,.F.);
#7588 = EDGE_CURVE('',#4125,#7589,#7591,.T.);
#7589 = VERTEX_POINT('',#7590);
#7590 = CARTESIAN_POINT('',(2.973353886327,-5.15,5.2));
#7591 = SURFACE_CURVE('',#7592,(#7596,#7603),.PCURVE_S1.);
#7592 = LINE('',#7593,#7594);
#7593 = CARTESIAN_POINT('',(2.973353886327,-5.15,-0.1));
#7594 = VECTOR('',#7595,1.);
#7595 = DIRECTION('',(0.,0.,1.));
#7596 = PCURVE('',#4160,#7597);
#7597 = DEFINITIONAL_REPRESENTATION('',(#7598),#7602);
#7598 = LINE('',#7599,#7600);
#7599 = CARTESIAN_POINT('',(5.946707772653,0.));
#7600 = VECTOR('',#7601,1.);
#7601 = DIRECTION('',(0.,-1.));
#7602 = ( GEOMETRIC_REPRESENTATION_CONTEXT(2) 
PARAMETRIC_REPRESENTATION_CONTEXT() REPRESENTATION_CONTEXT('2D SPACE',''
  ) );
#7603 = PCURVE('',#4084,#7604);
#7604 = DEFINITIONAL_REPRESENTATION('',(#7605),#7609);
#7605 = LINE('',#7606,#7607);
#7606 = CARTESIAN_POINT('',(0.,0.));
#7607 = VECTOR('',#7608,1.);
#7608 = DIRECTION('',(0.,-1.));
#7609 = ( GEOMETRIC_REPRESENTATION_CONTEXT(2) 
PARAMETRIC_REPRESENTATION_CONTEXT() REPRESENTATION_CONTEXT('2D SPACE',''
  ) );
#7610 = ORIENTED_EDGE('',*,*,#4145,.T.);
#7611 = ORIENTED_EDGE('',*,*,#7612,.T.);
#7612 = EDGE_CURVE('',#4146,#7613,#7615,.T.);
#7613 = VERTEX_POINT('',#7614);
#7614 = CARTESIAN_POINT('',(1.930673457631,-5.15,0.9));
#7615 = SURFACE_CURVE('',#7616,(#7620,#7626),.PCURVE_S1.);
#7616 = LINE('',#7617,#7618);
#7617 = CARTESIAN_POINT('',(1.930673457631,-5.15,-0.1));
#7618 = VECTOR('',#7619,1.);
#7619 = DIRECTION('',(0.,0.,1.));
#7620 = PCURVE('',#4160,#7621);
#7621 = DEFINITIONAL_REPRESENTATION('',(#7622),#7625);
#7622 = B_SPLINE_CURVE_WITH_KNOTS('',1,(#7623,#7624),.UNSPECIFIED.,.F.,
  .F.,(2,2),(-6.000000000034E-07,1.0000006),.PIECEWISE_BEZIER_KNOTS.);
#7623 = CARTESIAN_POINT('',(4.904027343957,6.000000000034E-07));
#7624 = CARTESIAN_POINT('',(4.904027343957,-1.0000006));
#7625 = ( GEOMETRIC_REPRESENTATION_CONTEXT(2) 
PARAMETRIC_REPRESENTATION_CONTEXT() REPRESENTATION_CONTEXT('2D SPACE',''
  ) );
#7626 = PCURVE('',#4188,#7627);
#7627 = DEFINITIONAL_REPRESENTATION('',(#7628),#7631);
#7628 = B_SPLINE_CURVE_WITH_KNOTS('',1,(#7629,#7630),.UNSPECIFIED.,.F.,
  .F.,(2,2),(-6.000000000034E-07,1.0000006),.PIECEWISE_BEZIER_KNOTS.);
#7629 = CARTESIAN_POINT('',(5.07106149912,-6.000000000034E-07));
#7630 = CARTESIAN_POINT('',(5.07106149912,1.0000006));
#7631 = ( GEOMETRIC_REPRESENTATION_CONTEXT(2) 
PARAMETRIC_REPRESENTATION_CONTEXT() REPRESENTATION_CONTEXT('2D SPACE',''
  ) );
#7632 = ORIENTED_EDGE('',*,*,#7633,.F.);
#7633 = EDGE_CURVE('',#7634,#7613,#7636,.T.);
#7634 = VERTEX_POINT('',#7635);
#7635 = CARTESIAN_POINT('',(-1.930673457631,-5.15,0.9));
#7636 = SURFACE_CURVE('',#7637,(#7641,#7647),.PCURVE_S1.);
#7637 = LINE('',#7638,#7639);
#7638 = CARTESIAN_POINT('',(-1.486676943163,-5.15,0.9));
#7639 = VECTOR('',#7640,1.);
#7640 = DIRECTION('',(1.,-2.98712650312E-16,0.));
#7641 = PCURVE('',#4160,#7642);
#7642 = DEFINITIONAL_REPRESENTATION('',(#7643),#7646);
#7643 = B_SPLINE_CURVE_WITH_KNOTS('',1,(#7644,#7645),.UNSPECIFIED.,.F.,
  .F.,(2,2),(-1.486676943163,4.46003082949),.PIECEWISE_BEZIER_KNOTS.);
#7644 = CARTESIAN_POINT('',(0.,-1.));
#7645 = CARTESIAN_POINT('',(5.946707772653,-1.));
#7646 = ( GEOMETRIC_REPRESENTATION_CONTEXT(2) 
PARAMETRIC_REPRESENTATION_CONTEXT() REPRESENTATION_CONTEXT('2D SPACE',''
  ) );
#7647 = PCURVE('',#7648,#7653);
#7648 = PLANE('',#7649);
#7649 = AXIS2_PLACEMENT_3D('',#7650,#7651,#7652);
#7650 = CARTESIAN_POINT('',(0.,0.,0.9));
#7651 = DIRECTION('',(0.,0.,1.));
#7652 = DIRECTION('',(1.,0.,-0.));
#7653 = DEFINITIONAL_REPRESENTATION('',(#7654),#7657);
#7654 = B_SPLINE_CURVE_WITH_KNOTS('',1,(#7655,#7656),.UNSPECIFIED.,.F.,
  .F.,(2,2),(-1.486676943163,4.46003082949),.PIECEWISE_BEZIER_KNOTS.);
#7655 = CARTESIAN_POINT('',(-2.973353886327,-5.15));
#7656 = CARTESIAN_POINT('',(2.973353886327,-5.15));
#7657 = ( GEOMETRIC_REPRESENTATION_CONTEXT(2) 
PARAMETRIC_REPRESENTATION_CONTEXT() REPRESENTATION_CONTEXT('2D SPACE',''
  ) );
#7658 = ORIENTED_EDGE('',*,*,#7659,.F.);
#7659 = EDGE_CURVE('',#4172,#7634,#7660,.T.);
#7660 = SURFACE_CURVE('',#7661,(#7665,#7671),.PCURVE_S1.);
#7661 = LINE('',#7662,#7663);
#7662 = CARTESIAN_POINT('',(-1.930673457631,-5.15,-0.1));
#7663 = VECTOR('',#7664,1.);
#7664 = DIRECTION('',(0.,0.,1.));
#7665 = PCURVE('',#4160,#7666);
#7666 = DEFINITIONAL_REPRESENTATION('',(#7667),#7670);
#7667 = B_SPLINE_CURVE_WITH_KNOTS('',1,(#7668,#7669),.UNSPECIFIED.,.F.,
  .F.,(2,2),(-6.000000000034E-07,1.0000006),.PIECEWISE_BEZIER_KNOTS.);
#7668 = CARTESIAN_POINT('',(1.042680428696,6.000000000034E-07));
#7669 = CARTESIAN_POINT('',(1.042680428696,-1.0000006));
#7670 = ( GEOMETRIC_REPRESENTATION_CONTEXT(2) 
PARAMETRIC_REPRESENTATION_CONTEXT() REPRESENTATION_CONTEXT('2D SPACE',''
  ) );
#7671 = PCURVE('',#4188,#7672);
#7672 = DEFINITIONAL_REPRESENTATION('',(#7673),#7676);
#7673 = B_SPLINE_CURVE_WITH_KNOTS('',1,(#7674,#7675),.UNSPECIFIED.,.F.,
  .F.,(2,2),(-6.000000000034E-07,1.0000006),.PIECEWISE_BEZIER_KNOTS.);
#7674 = CARTESIAN_POINT('',(4.353716461649,-6.000000000034E-07));
#7675 = CARTESIAN_POINT('',(4.353716461649,1.0000006));
#7676 = ( GEOMETRIC_REPRESENTATION_CONTEXT(2) 
PARAMETRIC_REPRESENTATION_CONTEXT() REPRESENTATION_CONTEXT('2D SPACE',''
  ) );
#7677 = ORIENTED_EDGE('',*,*,#4200,.T.);
#7678 = ORIENTED_EDGE('',*,*,#7444,.T.);
#7679 = ORIENTED_EDGE('',*,*,#7680,.T.);
#7680 = EDGE_CURVE('',#7445,#7589,#7681,.T.);
#7681 = SURFACE_CURVE('',#7682,(#7686,#7693),.PCURVE_S1.);
#7682 = LINE('',#7683,#7684);
#7683 = CARTESIAN_POINT('',(-2.973353886327,-5.15,5.2));
#7684 = VECTOR('',#7685,1.);
#7685 = DIRECTION('',(1.,-2.98712650312E-16,0.));
#7686 = PCURVE('',#4160,#7687);
#7687 = DEFINITIONAL_REPRESENTATION('',(#7688),#7692);
#7688 = LINE('',#7689,#7690);
#7689 = CARTESIAN_POINT('',(0.,-5.3));
#7690 = VECTOR('',#7691,1.);
#7691 = DIRECTION('',(1.,0.));
#7692 = ( GEOMETRIC_REPRESENTATION_CONTEXT(2) 
PARAMETRIC_REPRESENTATION_CONTEXT() REPRESENTATION_CONTEXT('2D SPACE',''
  ) );
#7693 = PCURVE('',#7401,#7694);
#7694 = DEFINITIONAL_REPRESENTATION('',(#7695),#7699);
#7695 = LINE('',#7696,#7697);
#7696 = CARTESIAN_POINT('',(-2.973353886327,-5.15));
#7697 = VECTOR('',#7698,1.);
#7698 = DIRECTION('',(1.,-2.98712650312E-16));
#7699 = ( GEOMETRIC_REPRESENTATION_CONTEXT(2) 
PARAMETRIC_REPRESENTATION_CONTEXT() REPRESENTATION_CONTEXT('2D SPACE',''
  ) );
#7700 = ADVANCED_FACE('',(#7701),#4188,.F.);
#7701 = FACE_BOUND('',#7702,.F.);
#7702 = EDGE_LOOP('',(#7703,#7704,#7726,#7727));
#7703 = ORIENTED_EDGE('',*,*,#7612,.T.);
#7704 = ORIENTED_EDGE('',*,*,#7705,.F.);
#7705 = EDGE_CURVE('',#7634,#7613,#7706,.T.);
#7706 = SURFACE_CURVE('',#7707,(#7712,#7719),.PCURVE_S1.);
#7707 = CIRCLE('',#7708,5.5);
#7708 = AXIS2_PLACEMENT_3D('',#7709,#7710,#7711);
#7709 = CARTESIAN_POINT('',(0.,0.,0.9));
#7710 = DIRECTION('',(0.,0.,1.));
#7711 = DIRECTION('',(1.,0.,-0.));
#7712 = PCURVE('',#4188,#7713);
#7713 = DEFINITIONAL_REPRESENTATION('',(#7714),#7718);
#7714 = LINE('',#7715,#7716);
#7715 = CARTESIAN_POINT('',(0.,1.));
#7716 = VECTOR('',#7717,1.);
#7717 = DIRECTION('',(1.,0.));
#7718 = ( GEOMETRIC_REPRESENTATION_CONTEXT(2) 
PARAMETRIC_REPRESENTATION_CONTEXT() REPRESENTATION_CONTEXT('2D SPACE',''
  ) );
#7719 = PCURVE('',#7648,#7720);
#7720 = DEFINITIONAL_REPRESENTATION('',(#7721),#7725);
#7721 = CIRCLE('',#7722,5.5);
#7722 = AXIS2_PLACEMENT_2D('',#7723,#7724);
#7723 = CARTESIAN_POINT('',(0.,0.));
#7724 = DIRECTION('',(1.,0.));
#7725 = ( GEOMETRIC_REPRESENTATION_CONTEXT(2) 
PARAMETRIC_REPRESENTATION_CONTEXT() REPRESENTATION_CONTEXT('2D SPACE',''
  ) );
#7726 = ORIENTED_EDGE('',*,*,#7659,.F.);
#7727 = ORIENTED_EDGE('',*,*,#4171,.T.);
#7728 = ADVANCED_FACE('',(#7729),#4084,.T.);
#7729 = FACE_BOUND('',#7730,.T.);
#7730 = EDGE_LOOP('',(#7731,#7754,#7755,#7776,#7802,#7821,#7822,#7823));
#7731 = ORIENTED_EDGE('',*,*,#7732,.F.);
#7732 = EDGE_CURVE('',#4049,#7733,#7735,.T.);
#7733 = VERTEX_POINT('',#7734);
#7734 = CARTESIAN_POINT('',(5.946707772653,0.,5.2));
#7735 = SURFACE_CURVE('',#7736,(#7740,#7747),.PCURVE_S1.);
#7736 = LINE('',#7737,#7738);
#7737 = CARTESIAN_POINT('',(5.946707772653,0.,-0.1));
#7738 = VECTOR('',#7739,1.);
#7739 = DIRECTION('',(0.,0.,1.));
#7740 = PCURVE('',#4084,#7741);
#7741 = DEFINITIONAL_REPRESENTATION('',(#7742),#7746);
#7742 = LINE('',#7743,#7744);
#7743 = CARTESIAN_POINT('',(5.946707772653,0.));
#7744 = VECTOR('',#7745,1.);
#7745 = DIRECTION('',(0.,-1.));
#7746 = ( GEOMETRIC_REPRESENTATION_CONTEXT(2) 
PARAMETRIC_REPRESENTATION_CONTEXT() REPRESENTATION_CONTEXT('2D SPACE',''
  ) );
#7747 = PCURVE('',#4008,#7748);
#7748 = DEFINITIONAL_REPRESENTATION('',(#7749),#7753);
#7749 = LINE('',#7750,#7751);
#7750 = CARTESIAN_POINT('',(0.,0.));
#7751 = VECTOR('',#7752,1.);
#7752 = DIRECTION('',(0.,-1.));
#7753 = ( GEOMETRIC_REPRESENTATION_CONTEXT(2) 
PARAMETRIC_REPRESENTATION_CONTEXT() REPRESENTATION_CONTEXT('2D SPACE',''
  ) );
#7754 = ORIENTED_EDGE('',*,*,#4069,.T.);
#7755 = ORIENTED_EDGE('',*,*,#7756,.T.);
#7756 = EDGE_CURVE('',#4070,#7757,#7759,.T.);
#7757 = VERTEX_POINT('',#7758);
#7758 = CARTESIAN_POINT('',(5.425367558305,-0.902987739279,0.9));
#7759 = SURFACE_CURVE('',#7760,(#7764,#7770),.PCURVE_S1.);
#7760 = LINE('',#7761,#7762);
#7761 = CARTESIAN_POINT('',(5.425367558305,-0.902987739279,-0.1));
#7762 = VECTOR('',#7763,1.);
#7763 = DIRECTION('',(0.,0.,1.));
#7764 = PCURVE('',#4084,#7765);
#7765 = DEFINITIONAL_REPRESENTATION('',(#7766),#7769);
#7766 = B_SPLINE_CURVE_WITH_KNOTS('',1,(#7767,#7768),.UNSPECIFIED.,.F.,
  .F.,(2,2),(-6.000000000034E-07,1.0000006),.PIECEWISE_BEZIER_KNOTS.);
#7767 = CARTESIAN_POINT('',(4.904027343957,6.000000000034E-07));
#7768 = CARTESIAN_POINT('',(4.904027343957,-1.0000006));
#7769 = ( GEOMETRIC_REPRESENTATION_CONTEXT(2) 
PARAMETRIC_REPRESENTATION_CONTEXT() REPRESENTATION_CONTEXT('2D SPACE',''
  ) );
#7770 = PCURVE('',#4112,#7771);
#7771 = DEFINITIONAL_REPRESENTATION('',(#7772),#7775);
#7772 = B_SPLINE_CURVE_WITH_KNOTS('',1,(#7773,#7774),.UNSPECIFIED.,.F.,
  .F.,(2,2),(-6.000000000034E-07,1.0000006),.PIECEWISE_BEZIER_KNOTS.);
#7773 = CARTESIAN_POINT('',(6.118259050317,-6.000000000034E-07));
#7774 = CARTESIAN_POINT('',(6.118259050317,1.0000006));
#7775 = ( GEOMETRIC_REPRESENTATION_CONTEXT(2) 
PARAMETRIC_REPRESENTATION_CONTEXT() REPRESENTATION_CONTEXT('2D SPACE',''
  ) );
#7776 = ORIENTED_EDGE('',*,*,#7777,.F.);
#7777 = EDGE_CURVE('',#7778,#7757,#7780,.T.);
#7778 = VERTEX_POINT('',#7779);
#7779 = CARTESIAN_POINT('',(3.494694100674,-4.247012260721,0.9));
#7780 = SURFACE_CURVE('',#7781,(#7785,#7791),.PCURVE_S1.);
#7781 = LINE('',#7782,#7783);
#7782 = CARTESIAN_POINT('',(3.716692357908,-3.8625,0.9));
#7783 = VECTOR('',#7784,1.);
#7784 = DIRECTION('',(0.5,0.866025403784,-0.));
#7785 = PCURVE('',#4084,#7786);
#7786 = DEFINITIONAL_REPRESENTATION('',(#7787),#7790);
#7787 = B_SPLINE_CURVE_WITH_KNOTS('',1,(#7788,#7789),.UNSPECIFIED.,.F.,
  .F.,(2,2),(-1.486676943163,3.566615284184),.PIECEWISE_BEZIER_KNOTS.);
#7788 = CARTESIAN_POINT('',(0.,-1.));
#7789 = CARTESIAN_POINT('',(5.053292227347,-1.));
#7790 = ( GEOMETRIC_REPRESENTATION_CONTEXT(2) 
PARAMETRIC_REPRESENTATION_CONTEXT() REPRESENTATION_CONTEXT('2D SPACE',''
  ) );
#7791 = PCURVE('',#7792,#7797);
#7792 = PLANE('',#7793);
#7793 = AXIS2_PLACEMENT_3D('',#7794,#7795,#7796);
#7794 = CARTESIAN_POINT('',(0.,0.,0.9));
#7795 = DIRECTION('',(0.,0.,1.));
#7796 = DIRECTION('',(1.,0.,-0.));
#7797 = DEFINITIONAL_REPRESENTATION('',(#7798),#7801);
#7798 = B_SPLINE_CURVE_WITH_KNOTS('',1,(#7799,#7800),.UNSPECIFIED.,.F.,
  .F.,(2,2),(-1.486676943163,3.566615284184),.PIECEWISE_BEZIER_KNOTS.);
#7799 = CARTESIAN_POINT('',(2.973353886327,-5.15));
#7800 = CARTESIAN_POINT('',(5.5,-0.773720558371));
#7801 = ( GEOMETRIC_REPRESENTATION_CONTEXT(2) 
PARAMETRIC_REPRESENTATION_CONTEXT() REPRESENTATION_CONTEXT('2D SPACE',''
  ) );
#7802 = ORIENTED_EDGE('',*,*,#7803,.F.);
#7803 = EDGE_CURVE('',#4096,#7778,#7804,.T.);
#7804 = SURFACE_CURVE('',#7805,(#7809,#7815),.PCURVE_S1.);
#7805 = LINE('',#7806,#7807);
#7806 = CARTESIAN_POINT('',(3.494694100674,-4.247012260721,-0.1));
#7807 = VECTOR('',#7808,1.);
#7808 = DIRECTION('',(0.,0.,1.));
#7809 = PCURVE('',#4084,#7810);
#7810 = DEFINITIONAL_REPRESENTATION('',(#7811),#7814);
#7811 = B_SPLINE_CURVE_WITH_KNOTS('',1,(#7812,#7813),.UNSPECIFIED.,.F.,
  .F.,(2,2),(-6.000000000034E-07,1.0000006),.PIECEWISE_BEZIER_KNOTS.);
#7812 = CARTESIAN_POINT('',(1.042680428696,6.000000000034E-07));
#7813 = CARTESIAN_POINT('',(1.042680428696,-1.0000006));
#7814 = ( GEOMETRIC_REPRESENTATION_CONTEXT(2) 
PARAMETRIC_REPRESENTATION_CONTEXT() REPRESENTATION_CONTEXT('2D SPACE',''
  ) );
#7815 = PCURVE('',#4112,#7816);
#7816 = DEFINITIONAL_REPRESENTATION('',(#7817),#7820);
#7817 = B_SPLINE_CURVE_WITH_KNOTS('',1,(#7818,#7819),.UNSPECIFIED.,.F.,
  .F.,(2,2),(-6.000000000034E-07,1.0000006),.PIECEWISE_BEZIER_KNOTS.);
#7818 = CARTESIAN_POINT('',(5.400914012846,-6.000000000034E-07));
#7819 = CARTESIAN_POINT('',(5.400914012846,1.0000006));
#7820 = ( GEOMETRIC_REPRESENTATION_CONTEXT(2) 
PARAMETRIC_REPRESENTATION_CONTEXT() REPRESENTATION_CONTEXT('2D SPACE',''
  ) );
#7821 = ORIENTED_EDGE('',*,*,#4124,.T.);
#7822 = ORIENTED_EDGE('',*,*,#7588,.T.);
#7823 = ORIENTED_EDGE('',*,*,#7824,.T.);
#7824 = EDGE_CURVE('',#7589,#7733,#7825,.T.);
#7825 = SURFACE_CURVE('',#7826,(#7830,#7837),.PCURVE_S1.);
#7826 = LINE('',#7827,#7828);
#7827 = CARTESIAN_POINT('',(2.973353886327,-5.15,5.2));
#7828 = VECTOR('',#7829,1.);
#7829 = DIRECTION('',(0.5,0.866025403784,0.));
#7830 = PCURVE('',#4084,#7831);
#7831 = DEFINITIONAL_REPRESENTATION('',(#7832),#7836);
#7832 = LINE('',#7833,#7834);
#7833 = CARTESIAN_POINT('',(0.,-5.3));
#7834 = VECTOR('',#7835,1.);
#7835 = DIRECTION('',(1.,0.));
#7836 = ( GEOMETRIC_REPRESENTATION_CONTEXT(2) 
PARAMETRIC_REPRESENTATION_CONTEXT() REPRESENTATION_CONTEXT('2D SPACE',''
  ) );
#7837 = PCURVE('',#7401,#7838);
#7838 = DEFINITIONAL_REPRESENTATION('',(#7839),#7843);
#7839 = LINE('',#7840,#7841);
#7840 = CARTESIAN_POINT('',(2.973353886327,-5.15));
#7841 = VECTOR('',#7842,1.);
#7842 = DIRECTION('',(0.5,0.866025403784));
#7843 = ( GEOMETRIC_REPRESENTATION_CONTEXT(2) 
PARAMETRIC_REPRESENTATION_CONTEXT() REPRESENTATION_CONTEXT('2D SPACE',''
  ) );
#7844 = ADVANCED_FACE('',(#7845),#4112,.F.);
#7845 = FACE_BOUND('',#7846,.F.);
#7846 = EDGE_LOOP('',(#7847,#7848,#7870,#7871));
#7847 = ORIENTED_EDGE('',*,*,#7756,.T.);
#7848 = ORIENTED_EDGE('',*,*,#7849,.F.);
#7849 = EDGE_CURVE('',#7778,#7757,#7850,.T.);
#7850 = SURFACE_CURVE('',#7851,(#7856,#7863),.PCURVE_S1.);
#7851 = CIRCLE('',#7852,5.5);
#7852 = AXIS2_PLACEMENT_3D('',#7853,#7854,#7855);
#7853 = CARTESIAN_POINT('',(0.,0.,0.9));
#7854 = DIRECTION('',(0.,0.,1.));
#7855 = DIRECTION('',(1.,0.,-0.));
#7856 = PCURVE('',#4112,#7857);
#7857 = DEFINITIONAL_REPRESENTATION('',(#7858),#7862);
#7858 = LINE('',#7859,#7860);
#7859 = CARTESIAN_POINT('',(0.,1.));
#7860 = VECTOR('',#7861,1.);
#7861 = DIRECTION('',(1.,0.));
#7862 = ( GEOMETRIC_REPRESENTATION_CONTEXT(2) 
PARAMETRIC_REPRESENTATION_CONTEXT() REPRESENTATION_CONTEXT('2D SPACE',''
  ) );
#7863 = PCURVE('',#7792,#7864);
#7864 = DEFINITIONAL_REPRESENTATION('',(#7865),#7869);
#7865 = CIRCLE('',#7866,5.5);
#7866 = AXIS2_PLACEMENT_2D('',#7867,#7868);
#7867 = CARTESIAN_POINT('',(0.,0.));
#7868 = DIRECTION('',(1.,0.));
#7869 = ( GEOMETRIC_REPRESENTATION_CONTEXT(2) 
PARAMETRIC_REPRESENTATION_CONTEXT() REPRESENTATION_CONTEXT('2D SPACE',''
  ) );
#7870 = ORIENTED_EDGE('',*,*,#7803,.F.);
#7871 = ORIENTED_EDGE('',*,*,#4095,.T.);
#7872 = ADVANCED_FACE('',(#7873),#4008,.T.);
#7873 = FACE_BOUND('',#7874,.T.);
#7874 = EDGE_LOOP('',(#7875,#7898,#7899,#7920,#7946,#7965,#7966,#7967));
#7875 = ORIENTED_EDGE('',*,*,#7876,.F.);
#7876 = EDGE_CURVE('',#3973,#7877,#7879,.T.);
#7877 = VERTEX_POINT('',#7878);
#7878 = CARTESIAN_POINT('',(2.973353886327,5.15,5.2));
#7879 = SURFACE_CURVE('',#7880,(#7884,#7891),.PCURVE_S1.);
#7880 = LINE('',#7881,#7882);
#7881 = CARTESIAN_POINT('',(2.973353886327,5.15,-0.1));
#7882 = VECTOR('',#7883,1.);
#7883 = DIRECTION('',(0.,0.,1.));
#7884 = PCURVE('',#4008,#7885);
#7885 = DEFINITIONAL_REPRESENTATION('',(#7886),#7890);
#7886 = LINE('',#7887,#7888);
#7887 = CARTESIAN_POINT('',(5.946707772653,0.));
#7888 = VECTOR('',#7889,1.);
#7889 = DIRECTION('',(0.,-1.));
#7890 = ( GEOMETRIC_REPRESENTATION_CONTEXT(2) 
PARAMETRIC_REPRESENTATION_CONTEXT() REPRESENTATION_CONTEXT('2D SPACE',''
  ) );
#7891 = PCURVE('',#3932,#7892);
#7892 = DEFINITIONAL_REPRESENTATION('',(#7893),#7897);
#7893 = LINE('',#7894,#7895);
#7894 = CARTESIAN_POINT('',(0.,0.));
#7895 = VECTOR('',#7896,1.);
#7896 = DIRECTION('',(0.,-1.));
#7897 = ( GEOMETRIC_REPRESENTATION_CONTEXT(2) 
PARAMETRIC_REPRESENTATION_CONTEXT() REPRESENTATION_CONTEXT('2D SPACE',''
  ) );
#7898 = ORIENTED_EDGE('',*,*,#3993,.T.);
#7899 = ORIENTED_EDGE('',*,*,#7900,.T.);
#7900 = EDGE_CURVE('',#3994,#7901,#7903,.T.);
#7901 = VERTEX_POINT('',#7902);
#7902 = CARTESIAN_POINT('',(3.494694100674,4.247012260721,0.9));
#7903 = SURFACE_CURVE('',#7904,(#7908,#7914),.PCURVE_S1.);
#7904 = LINE('',#7905,#7906);
#7905 = CARTESIAN_POINT('',(3.494694100674,4.247012260721,-0.1));
#7906 = VECTOR('',#7907,1.);
#7907 = DIRECTION('',(0.,0.,1.));
#7908 = PCURVE('',#4008,#7909);
#7909 = DEFINITIONAL_REPRESENTATION('',(#7910),#7913);
#7910 = B_SPLINE_CURVE_WITH_KNOTS('',1,(#7911,#7912),.UNSPECIFIED.,.F.,
  .F.,(2,2),(-6.000000000034E-07,1.0000006),.PIECEWISE_BEZIER_KNOTS.);
#7911 = CARTESIAN_POINT('',(4.904027343957,6.000000000034E-07));
#7912 = CARTESIAN_POINT('',(4.904027343957,-1.0000006));
#7913 = ( GEOMETRIC_REPRESENTATION_CONTEXT(2) 
PARAMETRIC_REPRESENTATION_CONTEXT() REPRESENTATION_CONTEXT('2D SPACE',''
  ) );
#7914 = PCURVE('',#4036,#7915);
#7915 = DEFINITIONAL_REPRESENTATION('',(#7916),#7919);
#7916 = B_SPLINE_CURVE_WITH_KNOTS('',1,(#7917,#7918),.UNSPECIFIED.,.F.,
  .F.,(2,2),(-6.000000000034E-07,1.0000006),.PIECEWISE_BEZIER_KNOTS.);
#7917 = CARTESIAN_POINT('',(0.882271294334,-6.000000000034E-07));
#7918 = CARTESIAN_POINT('',(0.882271294334,1.0000006));
#7919 = ( GEOMETRIC_REPRESENTATION_CONTEXT(2) 
PARAMETRIC_REPRESENTATION_CONTEXT() REPRESENTATION_CONTEXT('2D SPACE',''
  ) );
#7920 = ORIENTED_EDGE('',*,*,#7921,.F.);
#7921 = EDGE_CURVE('',#7922,#7901,#7924,.T.);
#7922 = VERTEX_POINT('',#7923);
#7923 = CARTESIAN_POINT('',(5.425367558305,0.902987739279,0.9));
#7924 = SURFACE_CURVE('',#7925,(#7929,#7935),.PCURVE_S1.);
#7925 = LINE('',#7926,#7927);
#7926 = CARTESIAN_POINT('',(5.203369301072,1.2875,0.9));
#7927 = VECTOR('',#7928,1.);
#7928 = DIRECTION('',(-0.5,0.866025403784,0.));
#7929 = PCURVE('',#4008,#7930);
#7930 = DEFINITIONAL_REPRESENTATION('',(#7931),#7934);
#7931 = B_SPLINE_CURVE_WITH_KNOTS('',1,(#7932,#7933),.UNSPECIFIED.,.F.,
  .F.,(2,2),(-0.593261397857,4.46003082949),.PIECEWISE_BEZIER_KNOTS.);
#7932 = CARTESIAN_POINT('',(0.893415545306,-1.));
#7933 = CARTESIAN_POINT('',(5.946707772653,-1.));
#7934 = ( GEOMETRIC_REPRESENTATION_CONTEXT(2) 
PARAMETRIC_REPRESENTATION_CONTEXT() REPRESENTATION_CONTEXT('2D SPACE',''
  ) );
#7935 = PCURVE('',#7936,#7941);
#7936 = PLANE('',#7937);
#7937 = AXIS2_PLACEMENT_3D('',#7938,#7939,#7940);
#7938 = CARTESIAN_POINT('',(0.,0.,0.9));
#7939 = DIRECTION('',(0.,0.,1.));
#7940 = DIRECTION('',(1.,0.,-0.));
#7941 = DEFINITIONAL_REPRESENTATION('',(#7942),#7945);
#7942 = B_SPLINE_CURVE_WITH_KNOTS('',1,(#7943,#7944),.UNSPECIFIED.,.F.,
  .F.,(2,2),(-0.593261397857,4.46003082949),.PIECEWISE_BEZIER_KNOTS.);
#7943 = CARTESIAN_POINT('',(5.5,0.773720558371));
#7944 = CARTESIAN_POINT('',(2.973353886327,5.15));
#7945 = ( GEOMETRIC_REPRESENTATION_CONTEXT(2) 
PARAMETRIC_REPRESENTATION_CONTEXT() REPRESENTATION_CONTEXT('2D SPACE',''
  ) );
#7946 = ORIENTED_EDGE('',*,*,#7947,.F.);
#7947 = EDGE_CURVE('',#4020,#7922,#7948,.T.);
#7948 = SURFACE_CURVE('',#7949,(#7953,#7959),.PCURVE_S1.);
#7949 = LINE('',#7950,#7951);
#7950 = CARTESIAN_POINT('',(5.425367558305,0.902987739279,-0.1));
#7951 = VECTOR('',#7952,1.);
#7952 = DIRECTION('',(0.,0.,1.));
#7953 = PCURVE('',#4008,#7954);
#7954 = DEFINITIONAL_REPRESENTATION('',(#7955),#7958);
#7955 = B_SPLINE_CURVE_WITH_KNOTS('',1,(#7956,#7957),.UNSPECIFIED.,.F.,
  .F.,(2,2),(-6.000000000034E-07,1.0000006),.PIECEWISE_BEZIER_KNOTS.);
#7956 = CARTESIAN_POINT('',(1.042680428696,6.000000000034E-07));
#7957 = CARTESIAN_POINT('',(1.042680428696,-1.0000006));
#7958 = ( GEOMETRIC_REPRESENTATION_CONTEXT(2) 
PARAMETRIC_REPRESENTATION_CONTEXT() REPRESENTATION_CONTEXT('2D SPACE',''
  ) );
#7959 = PCURVE('',#4036,#7960);
#7960 = DEFINITIONAL_REPRESENTATION('',(#7961),#7964);
#7961 = B_SPLINE_CURVE_WITH_KNOTS('',1,(#7962,#7963),.UNSPECIFIED.,.F.,
  .F.,(2,2),(-6.000000000034E-07,1.0000006),.PIECEWISE_BEZIER_KNOTS.);
#7962 = CARTESIAN_POINT('',(0.164926256863,-6.000000000034E-07));
#7963 = CARTESIAN_POINT('',(0.164926256863,1.0000006));
#7964 = ( GEOMETRIC_REPRESENTATION_CONTEXT(2) 
PARAMETRIC_REPRESENTATION_CONTEXT() REPRESENTATION_CONTEXT('2D SPACE',''
  ) );
#7965 = ORIENTED_EDGE('',*,*,#4048,.T.);
#7966 = ORIENTED_EDGE('',*,*,#7732,.T.);
#7967 = ORIENTED_EDGE('',*,*,#7968,.T.);
#7968 = EDGE_CURVE('',#7733,#7877,#7969,.T.);
#7969 = SURFACE_CURVE('',#7970,(#7974,#7981),.PCURVE_S1.);
#7970 = LINE('',#7971,#7972);
#7971 = CARTESIAN_POINT('',(5.946707772653,0.,5.2));
#7972 = VECTOR('',#7973,1.);
#7973 = DIRECTION('',(-0.5,0.866025403784,0.));
#7974 = PCURVE('',#4008,#7975);
#7975 = DEFINITIONAL_REPRESENTATION('',(#7976),#7980);
#7976 = LINE('',#7977,#7978);
#7977 = CARTESIAN_POINT('',(0.,-5.3));
#7978 = VECTOR('',#7979,1.);
#7979 = DIRECTION('',(1.,0.));
#7980 = ( GEOMETRIC_REPRESENTATION_CONTEXT(2) 
PARAMETRIC_REPRESENTATION_CONTEXT() REPRESENTATION_CONTEXT('2D SPACE',''
  ) );
#7981 = PCURVE('',#7401,#7982);
#7982 = DEFINITIONAL_REPRESENTATION('',(#7983),#7987);
#7983 = LINE('',#7984,#7985);
#7984 = CARTESIAN_POINT('',(5.946707772653,-8.196444836402E-17));
#7985 = VECTOR('',#7986,1.);
#7986 = DIRECTION('',(-0.5,0.866025403784));
#7987 = ( GEOMETRIC_REPRESENTATION_CONTEXT(2) 
PARAMETRIC_REPRESENTATION_CONTEXT() REPRESENTATION_CONTEXT('2D SPACE',''
  ) );
#7988 = ADVANCED_FACE('',(#7989),#4036,.F.);
#7989 = FACE_BOUND('',#7990,.F.);
#7990 = EDGE_LOOP('',(#7991,#8013,#8014,#8015));
#7991 = ORIENTED_EDGE('',*,*,#7992,.F.);
#7992 = EDGE_CURVE('',#7922,#7901,#7993,.T.);
#7993 = SURFACE_CURVE('',#7994,(#7999,#8006),.PCURVE_S1.);
#7994 = CIRCLE('',#7995,5.5);
#7995 = AXIS2_PLACEMENT_3D('',#7996,#7997,#7998);
#7996 = CARTESIAN_POINT('',(0.,0.,0.9));
#7997 = DIRECTION('',(0.,0.,1.));
#7998 = DIRECTION('',(1.,0.,-0.));
#7999 = PCURVE('',#4036,#8000);
#8000 = DEFINITIONAL_REPRESENTATION('',(#8001),#8005);
#8001 = LINE('',#8002,#8003);
#8002 = CARTESIAN_POINT('',(0.,1.));
#8003 = VECTOR('',#8004,1.);
#8004 = DIRECTION('',(1.,0.));
#8005 = ( GEOMETRIC_REPRESENTATION_CONTEXT(2) 
PARAMETRIC_REPRESENTATION_CONTEXT() REPRESENTATION_CONTEXT('2D SPACE',''
  ) );
#8006 = PCURVE('',#7936,#8007);
#8007 = DEFINITIONAL_REPRESENTATION('',(#8008),#8012);
#8008 = CIRCLE('',#8009,5.5);
#8009 = AXIS2_PLACEMENT_2D('',#8010,#8011);
#8010 = CARTESIAN_POINT('',(0.,0.));
#8011 = DIRECTION('',(1.,0.));
#8012 = ( GEOMETRIC_REPRESENTATION_CONTEXT(2) 
PARAMETRIC_REPRESENTATION_CONTEXT() REPRESENTATION_CONTEXT('2D SPACE',''
  ) );
#8013 = ORIENTED_EDGE('',*,*,#7947,.F.);
#8014 = ORIENTED_EDGE('',*,*,#4019,.T.);
#8015 = ORIENTED_EDGE('',*,*,#7900,.T.);
#8016 = ADVANCED_FACE('',(#8017),#3932,.T.);
#8017 = FACE_BOUND('',#8018,.T.);
#8018 = EDGE_LOOP('',(#8019,#8020,#8021,#8042,#8068,#8087,#8088,#8089));
#8019 = ORIENTED_EDGE('',*,*,#7364,.F.);
#8020 = ORIENTED_EDGE('',*,*,#3917,.T.);
#8021 = ORIENTED_EDGE('',*,*,#8022,.T.);
#8022 = EDGE_CURVE('',#3918,#8023,#8025,.T.);
#8023 = VERTEX_POINT('',#8024);
#8024 = CARTESIAN_POINT('',(-1.930673457631,5.15,0.9));
#8025 = SURFACE_CURVE('',#8026,(#8030,#8036),.PCURVE_S1.);
#8026 = LINE('',#8027,#8028);
#8027 = CARTESIAN_POINT('',(-1.930673457631,5.15,-0.1));
#8028 = VECTOR('',#8029,1.);
#8029 = DIRECTION('',(0.,0.,1.));
#8030 = PCURVE('',#3932,#8031);
#8031 = DEFINITIONAL_REPRESENTATION('',(#8032),#8035);
#8032 = B_SPLINE_CURVE_WITH_KNOTS('',1,(#8033,#8034),.UNSPECIFIED.,.F.,
  .F.,(2,2),(-6.000000000034E-07,1.0000006),.PIECEWISE_BEZIER_KNOTS.);
#8033 = CARTESIAN_POINT('',(4.904027343957,6.000000000034E-07));
#8034 = CARTESIAN_POINT('',(4.904027343957,-1.0000006));
#8035 = ( GEOMETRIC_REPRESENTATION_CONTEXT(2) 
PARAMETRIC_REPRESENTATION_CONTEXT() REPRESENTATION_CONTEXT('2D SPACE',''
  ) );
#8036 = PCURVE('',#3960,#8037);
#8037 = DEFINITIONAL_REPRESENTATION('',(#8038),#8041);
#8038 = B_SPLINE_CURVE_WITH_KNOTS('',1,(#8039,#8040),.UNSPECIFIED.,.F.,
  .F.,(2,2),(-6.000000000034E-07,1.0000006),.PIECEWISE_BEZIER_KNOTS.);
#8039 = CARTESIAN_POINT('',(1.92946884553,-6.000000000034E-07));
#8040 = CARTESIAN_POINT('',(1.92946884553,1.0000006));
#8041 = ( GEOMETRIC_REPRESENTATION_CONTEXT(2) 
PARAMETRIC_REPRESENTATION_CONTEXT() REPRESENTATION_CONTEXT('2D SPACE',''
  ) );
#8042 = ORIENTED_EDGE('',*,*,#8043,.F.);
#8043 = EDGE_CURVE('',#8044,#8023,#8046,.T.);
#8044 = VERTEX_POINT('',#8045);
#8045 = CARTESIAN_POINT('',(1.930673457631,5.15,0.9));
#8046 = SURFACE_CURVE('',#8047,(#8051,#8057),.PCURVE_S1.);
#8047 = LINE('',#8048,#8049);
#8048 = CARTESIAN_POINT('',(1.486676943163,5.15,0.9));
#8049 = VECTOR('',#8050,1.);
#8050 = DIRECTION('',(-1.,1.49356325156E-16,0.));
#8051 = PCURVE('',#3932,#8052);
#8052 = DEFINITIONAL_REPRESENTATION('',(#8053),#8056);
#8053 = B_SPLINE_CURVE_WITH_KNOTS('',1,(#8054,#8055),.UNSPECIFIED.,.F.,
  .F.,(2,2),(-1.486676943163,4.46003082949),.PIECEWISE_BEZIER_KNOTS.);
#8054 = CARTESIAN_POINT('',(0.,-1.));
#8055 = CARTESIAN_POINT('',(5.946707772653,-1.));
#8056 = ( GEOMETRIC_REPRESENTATION_CONTEXT(2) 
PARAMETRIC_REPRESENTATION_CONTEXT() REPRESENTATION_CONTEXT('2D SPACE',''
  ) );
#8057 = PCURVE('',#8058,#8063);
#8058 = PLANE('',#8059);
#8059 = AXIS2_PLACEMENT_3D('',#8060,#8061,#8062);
#8060 = CARTESIAN_POINT('',(0.,0.,0.9));
#8061 = DIRECTION('',(0.,0.,1.));
#8062 = DIRECTION('',(1.,0.,-0.));
#8063 = DEFINITIONAL_REPRESENTATION('',(#8064),#8067);
#8064 = B_SPLINE_CURVE_WITH_KNOTS('',1,(#8065,#8066),.UNSPECIFIED.,.F.,
  .F.,(2,2),(-1.486676943163,4.46003082949),.PIECEWISE_BEZIER_KNOTS.);
#8065 = CARTESIAN_POINT('',(2.973353886327,5.15));
#8066 = CARTESIAN_POINT('',(-2.973353886327,5.15));
#8067 = ( GEOMETRIC_REPRESENTATION_CONTEXT(2) 
PARAMETRIC_REPRESENTATION_CONTEXT() REPRESENTATION_CONTEXT('2D SPACE',''
  ) );
#8068 = ORIENTED_EDGE('',*,*,#8069,.F.);
#8069 = EDGE_CURVE('',#3944,#8044,#8070,.T.);
#8070 = SURFACE_CURVE('',#8071,(#8075,#8081),.PCURVE_S1.);
#8071 = LINE('',#8072,#8073);
#8072 = CARTESIAN_POINT('',(1.930673457631,5.15,-0.1));
#8073 = VECTOR('',#8074,1.);
#8074 = DIRECTION('',(0.,0.,1.));
#8075 = PCURVE('',#3932,#8076);
#8076 = DEFINITIONAL_REPRESENTATION('',(#8077),#8080);
#8077 = B_SPLINE_CURVE_WITH_KNOTS('',1,(#8078,#8079),.UNSPECIFIED.,.F.,
  .F.,(2,2),(-6.000000000034E-07,1.0000006),.PIECEWISE_BEZIER_KNOTS.);
#8078 = CARTESIAN_POINT('',(1.042680428696,6.000000000034E-07));
#8079 = CARTESIAN_POINT('',(1.042680428696,-1.0000006));
#8080 = ( GEOMETRIC_REPRESENTATION_CONTEXT(2) 
PARAMETRIC_REPRESENTATION_CONTEXT() REPRESENTATION_CONTEXT('2D SPACE',''
  ) );
#8081 = PCURVE('',#3960,#8082);
#8082 = DEFINITIONAL_REPRESENTATION('',(#8083),#8086);
#8083 = B_SPLINE_CURVE_WITH_KNOTS('',1,(#8084,#8085),.UNSPECIFIED.,.F.,
  .F.,(2,2),(-6.000000000034E-07,1.0000006),.PIECEWISE_BEZIER_KNOTS.);
#8084 = CARTESIAN_POINT('',(1.212123808059,-6.000000000034E-07));
#8085 = CARTESIAN_POINT('',(1.212123808059,1.0000006));
#8086 = ( GEOMETRIC_REPRESENTATION_CONTEXT(2) 
PARAMETRIC_REPRESENTATION_CONTEXT() REPRESENTATION_CONTEXT('2D SPACE',''
  ) );
#8087 = ORIENTED_EDGE('',*,*,#3972,.T.);
#8088 = ORIENTED_EDGE('',*,*,#7876,.T.);
#8089 = ORIENTED_EDGE('',*,*,#8090,.T.);
#8090 = EDGE_CURVE('',#7877,#7365,#8091,.T.);
#8091 = SURFACE_CURVE('',#8092,(#8096,#8103),.PCURVE_S1.);
#8092 = LINE('',#8093,#8094);
#8093 = CARTESIAN_POINT('',(2.973353886327,5.15,5.2));
#8094 = VECTOR('',#8095,1.);
#8095 = DIRECTION('',(-1.,1.49356325156E-16,0.));
#8096 = PCURVE('',#3932,#8097);
#8097 = DEFINITIONAL_REPRESENTATION('',(#8098),#8102);
#8098 = LINE('',#8099,#8100);
#8099 = CARTESIAN_POINT('',(0.,-5.3));
#8100 = VECTOR('',#8101,1.);
#8101 = DIRECTION('',(1.,0.));
#8102 = ( GEOMETRIC_REPRESENTATION_CONTEXT(2) 
PARAMETRIC_REPRESENTATION_CONTEXT() REPRESENTATION_CONTEXT('2D SPACE',''
  ) );
#8103 = PCURVE('',#7401,#8104);
#8104 = DEFINITIONAL_REPRESENTATION('',(#8105),#8109);
#8105 = LINE('',#8106,#8107);
#8106 = CARTESIAN_POINT('',(2.973353886327,5.15));
#8107 = VECTOR('',#8108,1.);
#8108 = DIRECTION('',(-1.,1.49356325156E-16));
#8109 = ( GEOMETRIC_REPRESENTATION_CONTEXT(2) 
PARAMETRIC_REPRESENTATION_CONTEXT() REPRESENTATION_CONTEXT('2D SPACE',''
  ) );
#8110 = ADVANCED_FACE('',(#8111),#3960,.F.);
#8111 = FACE_BOUND('',#8112,.F.);
#8112 = EDGE_LOOP('',(#8113,#8135,#8136,#8137));
#8113 = ORIENTED_EDGE('',*,*,#8114,.F.);
#8114 = EDGE_CURVE('',#8044,#8023,#8115,.T.);
#8115 = SURFACE_CURVE('',#8116,(#8121,#8128),.PCURVE_S1.);
#8116 = CIRCLE('',#8117,5.5);
#8117 = AXIS2_PLACEMENT_3D('',#8118,#8119,#8120);
#8118 = CARTESIAN_POINT('',(0.,0.,0.9));
#8119 = DIRECTION('',(0.,0.,1.));
#8120 = DIRECTION('',(1.,0.,-0.));
#8121 = PCURVE('',#3960,#8122);
#8122 = DEFINITIONAL_REPRESENTATION('',(#8123),#8127);
#8123 = LINE('',#8124,#8125);
#8124 = CARTESIAN_POINT('',(0.,1.));
#8125 = VECTOR('',#8126,1.);
#8126 = DIRECTION('',(1.,0.));
#8127 = ( GEOMETRIC_REPRESENTATION_CONTEXT(2) 
PARAMETRIC_REPRESENTATION_CONTEXT() REPRESENTATION_CONTEXT('2D SPACE',''
  ) );
#8128 = PCURVE('',#8058,#8129);
#8129 = DEFINITIONAL_REPRESENTATION('',(#8130),#8134);
#8130 = CIRCLE('',#8131,5.5);
#8131 = AXIS2_PLACEMENT_2D('',#8132,#8133);
#8132 = CARTESIAN_POINT('',(0.,0.));
#8133 = DIRECTION('',(1.,0.));
#8134 = ( GEOMETRIC_REPRESENTATION_CONTEXT(2) 
PARAMETRIC_REPRESENTATION_CONTEXT() REPRESENTATION_CONTEXT('2D SPACE',''
  ) );
#8135 = ORIENTED_EDGE('',*,*,#8069,.F.);
#8136 = ORIENTED_EDGE('',*,*,#3943,.T.);
#8137 = ORIENTED_EDGE('',*,*,#8022,.T.);
#8138 = ADVANCED_FACE('',(#8139,#8240),#4600,.F.);
#8139 = FACE_BOUND('',#8140,.F.);
#8140 = EDGE_LOOP('',(#8141,#8165,#8186,#8187,#8210,#8237,#8238,#8239));
#8141 = ORIENTED_EDGE('',*,*,#8142,.T.);
#8142 = EDGE_CURVE('',#8143,#8143,#8145,.T.);
#8143 = VERTEX_POINT('',#8144);
#8144 = CARTESIAN_POINT('',(3.25,-7.960204194458E-16,5.2));
#8145 = SURFACE_CURVE('',#8146,(#8151,#8158),.PCURVE_S1.);
#8146 = CIRCLE('',#8147,3.25);
#8147 = AXIS2_PLACEMENT_3D('',#8148,#8149,#8150);
#8148 = CARTESIAN_POINT('',(0.,0.,5.2));
#8149 = DIRECTION('',(0.,0.,1.));
#8150 = DIRECTION('',(1.,0.,-0.));
#8151 = PCURVE('',#4600,#8152);
#8152 = DEFINITIONAL_REPRESENTATION('',(#8153),#8157);
#8153 = LINE('',#8154,#8155);
#8154 = CARTESIAN_POINT('',(0.,6.2));
#8155 = VECTOR('',#8156,1.);
#8156 = DIRECTION('',(1.,0.));
#8157 = ( GEOMETRIC_REPRESENTATION_CONTEXT(2) 
PARAMETRIC_REPRESENTATION_CONTEXT() REPRESENTATION_CONTEXT('2D SPACE',''
  ) );
#8158 = PCURVE('',#7401,#8159);
#8159 = DEFINITIONAL_REPRESENTATION('',(#8160),#8164);
#8160 = CIRCLE('',#8161,3.25);
#8161 = AXIS2_PLACEMENT_2D('',#8162,#8163);
#8162 = CARTESIAN_POINT('',(-9.957088343734E-17,-8.196444836402E-17));
#8163 = DIRECTION('',(1.,0.));
#8164 = ( GEOMETRIC_REPRESENTATION_CONTEXT(2) 
PARAMETRIC_REPRESENTATION_CONTEXT() REPRESENTATION_CONTEXT('2D SPACE',''
  ) );
#8165 = ORIENTED_EDGE('',*,*,#8166,.T.);
#8166 = EDGE_CURVE('',#8143,#4484,#8167,.T.);
#8167 = SEAM_CURVE('',#8168,(#8172,#8179),.PCURVE_S1.);
#8168 = LINE('',#8169,#8170);
#8169 = CARTESIAN_POINT('',(3.25,-7.960204194458E-16,-1.));
#8170 = VECTOR('',#8171,1.);
#8171 = DIRECTION('',(0.,0.,1.));
#8172 = PCURVE('',#4600,#8173);
#8173 = DEFINITIONAL_REPRESENTATION('',(#8174),#8178);
#8174 = LINE('',#8175,#8176);
#8175 = CARTESIAN_POINT('',(0.,-0.));
#8176 = VECTOR('',#8177,1.);
#8177 = DIRECTION('',(0.,1.));
#8178 = ( GEOMETRIC_REPRESENTATION_CONTEXT(2) 
PARAMETRIC_REPRESENTATION_CONTEXT() REPRESENTATION_CONTEXT('2D SPACE',''
  ) );
#8179 = PCURVE('',#4600,#8180);
#8180 = DEFINITIONAL_REPRESENTATION('',(#8181),#8185);
#8181 = LINE('',#8182,#8183);
#8182 = CARTESIAN_POINT('',(6.28318530718,-0.));
#8183 = VECTOR('',#8184,1.);
#8184 = DIRECTION('',(0.,1.));
#8185 = ( GEOMETRIC_REPRESENTATION_CONTEXT(2) 
PARAMETRIC_REPRESENTATION_CONTEXT() REPRESENTATION_CONTEXT('2D SPACE',''
  ) );
#8186 = ORIENTED_EDGE('',*,*,#4651,.F.);
#8187 = ORIENTED_EDGE('',*,*,#8188,.T.);
#8188 = EDGE_CURVE('',#4507,#8189,#8191,.T.);
#8189 = VERTEX_POINT('',#8190);
#8190 = CARTESIAN_POINT('',(3.25,-7.960204194458E-16,12.5));
#8191 = SEAM_CURVE('',#8192,(#8196,#8203),.PCURVE_S1.);
#8192 = LINE('',#8193,#8194);
#8193 = CARTESIAN_POINT('',(3.25,-7.960204194458E-16,-1.));
#8194 = VECTOR('',#8195,1.);
#8195 = DIRECTION('',(0.,0.,1.));
#8196 = PCURVE('',#4600,#8197);
#8197 = DEFINITIONAL_REPRESENTATION('',(#8198),#8202);
#8198 = LINE('',#8199,#8200);
#8199 = CARTESIAN_POINT('',(0.,-0.));
#8200 = VECTOR('',#8201,1.);
#8201 = DIRECTION('',(0.,1.));
#8202 = ( GEOMETRIC_REPRESENTATION_CONTEXT(2) 
PARAMETRIC_REPRESENTATION_CONTEXT() REPRESENTATION_CONTEXT('2D SPACE',''
  ) );
#8203 = PCURVE('',#4600,#8204);
#8204 = DEFINITIONAL_REPRESENTATION('',(#8205),#8209);
#8205 = LINE('',#8206,#8207);
#8206 = CARTESIAN_POINT('',(6.28318530718,-0.));
#8207 = VECTOR('',#8208,1.);
#8208 = DIRECTION('',(0.,1.));
#8209 = ( GEOMETRIC_REPRESENTATION_CONTEXT(2) 
PARAMETRIC_REPRESENTATION_CONTEXT() REPRESENTATION_CONTEXT('2D SPACE',''
  ) );
#8210 = ORIENTED_EDGE('',*,*,#8211,.F.);
#8211 = EDGE_CURVE('',#8189,#8189,#8212,.T.);
#8212 = SURFACE_CURVE('',#8213,(#8218,#8225),.PCURVE_S1.);
#8213 = CIRCLE('',#8214,3.25);
#8214 = AXIS2_PLACEMENT_3D('',#8215,#8216,#8217);
#8215 = CARTESIAN_POINT('',(0.,0.,12.5));
#8216 = DIRECTION('',(0.,0.,1.));
#8217 = DIRECTION('',(1.,0.,-0.));
#8218 = PCURVE('',#4600,#8219);
#8219 = DEFINITIONAL_REPRESENTATION('',(#8220),#8224);
#8220 = LINE('',#8221,#8222);
#8221 = CARTESIAN_POINT('',(0.,13.5));
#8222 = VECTOR('',#8223,1.);
#8223 = DIRECTION('',(1.,0.));
#8224 = ( GEOMETRIC_REPRESENTATION_CONTEXT(2) 
PARAMETRIC_REPRESENTATION_CONTEXT() REPRESENTATION_CONTEXT('2D SPACE',''
  ) );
#8225 = PCURVE('',#8226,#8231);
#8226 = PLANE('',#8227);
#8227 = AXIS2_PLACEMENT_3D('',#8228,#8229,#8230);
#8228 = CARTESIAN_POINT('',(0.,0.,12.5));
#8229 = DIRECTION('',(0.,0.,1.));
#8230 = DIRECTION('',(1.,0.,-0.));
#8231 = DEFINITIONAL_REPRESENTATION('',(#8232),#8236);
#8232 = CIRCLE('',#8233,3.25);
#8233 = AXIS2_PLACEMENT_2D('',#8234,#8235);
#8234 = CARTESIAN_POINT('',(0.,0.));
#8235 = DIRECTION('',(1.,0.));
#8236 = ( GEOMETRIC_REPRESENTATION_CONTEXT(2) 
PARAMETRIC_REPRESENTATION_CONTEXT() REPRESENTATION_CONTEXT('2D SPACE',''
  ) );
#8237 = ORIENTED_EDGE('',*,*,#8188,.F.);
#8238 = ORIENTED_EDGE('',*,*,#4506,.F.);
#8239 = ORIENTED_EDGE('',*,*,#8166,.F.);
#8240 = FACE_BOUND('',#8241,.F.);
#8241 = EDGE_LOOP('',(#8242));
#8242 = ORIENTED_EDGE('',*,*,#5991,.T.);
#8243 = ADVANCED_FACE('',(#8244),#4964,.F.);
#8244 = FACE_BOUND('',#8245,.F.);
#8245 = EDGE_LOOP('',(#8246,#8247,#8270,#8297));
#8246 = ORIENTED_EDGE('',*,*,#4947,.F.);
#8247 = ORIENTED_EDGE('',*,*,#8248,.F.);
#8248 = EDGE_CURVE('',#8249,#4948,#8251,.T.);
#8249 = VERTEX_POINT('',#8250);
#8250 = CARTESIAN_POINT('',(1.2,-7.4,13.4));
#8251 = SEAM_CURVE('',#8252,(#8256,#8263),.PCURVE_S1.);
#8252 = LINE('',#8253,#8254);
#8253 = CARTESIAN_POINT('',(1.2,-7.4,13.4));
#8254 = VECTOR('',#8255,1.);
#8255 = DIRECTION('',(0.,0.,1.));
#8256 = PCURVE('',#4964,#8257);
#8257 = DEFINITIONAL_REPRESENTATION('',(#8258),#8262);
#8258 = LINE('',#8259,#8260);
#8259 = CARTESIAN_POINT('',(6.28318530718,-0.));
#8260 = VECTOR('',#8261,1.);
#8261 = DIRECTION('',(0.,1.));
#8262 = ( GEOMETRIC_REPRESENTATION_CONTEXT(2) 
PARAMETRIC_REPRESENTATION_CONTEXT() REPRESENTATION_CONTEXT('2D SPACE',''
  ) );
#8263 = PCURVE('',#4964,#8264);
#8264 = DEFINITIONAL_REPRESENTATION('',(#8265),#8269);
#8265 = LINE('',#8266,#8267);
#8266 = CARTESIAN_POINT('',(0.,-0.));
#8267 = VECTOR('',#8268,1.);
#8268 = DIRECTION('',(0.,1.));
#8269 = ( GEOMETRIC_REPRESENTATION_CONTEXT(2) 
PARAMETRIC_REPRESENTATION_CONTEXT() REPRESENTATION_CONTEXT('2D SPACE',''
  ) );
#8270 = ORIENTED_EDGE('',*,*,#8271,.T.);
#8271 = EDGE_CURVE('',#8249,#8249,#8272,.T.);
#8272 = SURFACE_CURVE('',#8273,(#8278,#8285),.PCURVE_S1.);
#8273 = CIRCLE('',#8274,1.2);
#8274 = AXIS2_PLACEMENT_3D('',#8275,#8276,#8277);
#8275 = CARTESIAN_POINT('',(0.,-7.4,13.4));
#8276 = DIRECTION('',(0.,0.,1.));
#8277 = DIRECTION('',(1.,0.,0.));
#8278 = PCURVE('',#4964,#8279);
#8279 = DEFINITIONAL_REPRESENTATION('',(#8280),#8284);
#8280 = LINE('',#8281,#8282);
#8281 = CARTESIAN_POINT('',(0.,0.));
#8282 = VECTOR('',#8283,1.);
#8283 = DIRECTION('',(1.,0.));
#8284 = ( GEOMETRIC_REPRESENTATION_CONTEXT(2) 
PARAMETRIC_REPRESENTATION_CONTEXT() REPRESENTATION_CONTEXT('2D SPACE',''
  ) );
#8285 = PCURVE('',#8286,#8291);
#8286 = PLANE('',#8287);
#8287 = AXIS2_PLACEMENT_3D('',#8288,#8289,#8290);
#8288 = CARTESIAN_POINT('',(0.,-7.4,13.4));
#8289 = DIRECTION('',(0.,0.,1.));
#8290 = DIRECTION('',(1.,0.,0.));
#8291 = DEFINITIONAL_REPRESENTATION('',(#8292),#8296);
#8292 = CIRCLE('',#8293,1.2);
#8293 = AXIS2_PLACEMENT_2D('',#8294,#8295);
#8294 = CARTESIAN_POINT('',(0.,0.));
#8295 = DIRECTION('',(1.,0.));
#8296 = ( GEOMETRIC_REPRESENTATION_CONTEXT(2) 
PARAMETRIC_REPRESENTATION_CONTEXT() REPRESENTATION_CONTEXT('2D SPACE',''
  ) );
#8297 = ORIENTED_EDGE('',*,*,#8248,.T.);
#8298 = ADVANCED_FACE('',(#8299),#4995,.F.);
#8299 = FACE_BOUND('',#8300,.F.);
#8300 = EDGE_LOOP('',(#8301,#8302,#8326));
#8301 = ORIENTED_EDGE('',*,*,#4978,.F.);
#8302 = ORIENTED_EDGE('',*,*,#8303,.F.);
#8303 = EDGE_CURVE('',#8304,#4979,#8306,.T.);
#8304 = VERTEX_POINT('',#8305);
#8305 = CARTESIAN_POINT('',(1.959434878636E-16,3.5,12.6));
#8306 = SEAM_CURVE('',#8307,(#8312,#8319),.PCURVE_S1.);
#8307 = CIRCLE('',#8308,3.2);
#8308 = AXIS2_PLACEMENT_3D('',#8309,#8310,#8311);
#8309 = CARTESIAN_POINT('',(0.,3.5,15.8));
#8310 = DIRECTION('',(-2.449293598295E-16,-1.,0.));
#8311 = DIRECTION('',(1.,-2.449293598295E-16,0.));
#8312 = PCURVE('',#4995,#8313);
#8313 = DEFINITIONAL_REPRESENTATION('',(#8314),#8318);
#8314 = LINE('',#8315,#8316);
#8315 = CARTESIAN_POINT('',(6.28318530718,-6.28318530718));
#8316 = VECTOR('',#8317,1.);
#8317 = DIRECTION('',(0.,1.));
#8318 = ( GEOMETRIC_REPRESENTATION_CONTEXT(2) 
PARAMETRIC_REPRESENTATION_CONTEXT() REPRESENTATION_CONTEXT('2D SPACE',''
  ) );
#8319 = PCURVE('',#4995,#8320);
#8320 = DEFINITIONAL_REPRESENTATION('',(#8321),#8325);
#8321 = LINE('',#8322,#8323);
#8322 = CARTESIAN_POINT('',(0.,-6.28318530718));
#8323 = VECTOR('',#8324,1.);
#8324 = DIRECTION('',(0.,1.));
#8325 = ( GEOMETRIC_REPRESENTATION_CONTEXT(2) 
PARAMETRIC_REPRESENTATION_CONTEXT() REPRESENTATION_CONTEXT('2D SPACE',''
  ) );
#8326 = ORIENTED_EDGE('',*,*,#8303,.T.);
#8327 = ADVANCED_FACE('',(#8328,#8336),#7401,.F.);
#8328 = FACE_BOUND('',#8329,.F.);
#8329 = EDGE_LOOP('',(#8330,#8331,#8332,#8333,#8334,#8335));
#8330 = ORIENTED_EDGE('',*,*,#7968,.T.);
#8331 = ORIENTED_EDGE('',*,*,#8090,.T.);
#8332 = ORIENTED_EDGE('',*,*,#7387,.T.);
#8333 = ORIENTED_EDGE('',*,*,#7536,.T.);
#8334 = ORIENTED_EDGE('',*,*,#7680,.T.);
#8335 = ORIENTED_EDGE('',*,*,#7824,.T.);
#8336 = FACE_BOUND('',#8337,.F.);
#8337 = EDGE_LOOP('',(#8338));
#8338 = ORIENTED_EDGE('',*,*,#8142,.F.);
#8339 = ADVANCED_FACE('',(#8340),#7333,.F.);
#8340 = FACE_BOUND('',#8341,.F.);
#8341 = EDGE_LOOP('',(#8342,#8343));
#8342 = ORIENTED_EDGE('',*,*,#7318,.F.);
#8343 = ORIENTED_EDGE('',*,*,#7416,.T.);
#8344 = ADVANCED_FACE('',(#8345),#7504,.F.);
#8345 = FACE_BOUND('',#8346,.F.);
#8346 = EDGE_LOOP('',(#8347,#8348));
#8347 = ORIENTED_EDGE('',*,*,#7561,.T.);
#8348 = ORIENTED_EDGE('',*,*,#7489,.F.);
#8349 = ADVANCED_FACE('',(#8350),#7648,.F.);
#8350 = FACE_BOUND('',#8351,.F.);
#8351 = EDGE_LOOP('',(#8352,#8353));
#8352 = ORIENTED_EDGE('',*,*,#7705,.T.);
#8353 = ORIENTED_EDGE('',*,*,#7633,.F.);
#8354 = ADVANCED_FACE('',(#8355),#7792,.F.);
#8355 = FACE_BOUND('',#8356,.F.);
#8356 = EDGE_LOOP('',(#8357,#8358));
#8357 = ORIENTED_EDGE('',*,*,#7849,.T.);
#8358 = ORIENTED_EDGE('',*,*,#7777,.F.);
#8359 = ADVANCED_FACE('',(#8360),#7936,.F.);
#8360 = FACE_BOUND('',#8361,.F.);
#8361 = EDGE_LOOP('',(#8362,#8363));
#8362 = ORIENTED_EDGE('',*,*,#7921,.F.);
#8363 = ORIENTED_EDGE('',*,*,#7992,.T.);
#8364 = ADVANCED_FACE('',(#8365),#8058,.F.);
#8365 = FACE_BOUND('',#8366,.F.);
#8366 = EDGE_LOOP('',(#8367,#8368));
#8367 = ORIENTED_EDGE('',*,*,#8043,.F.);
#8368 = ORIENTED_EDGE('',*,*,#8114,.T.);
#8369 = ADVANCED_FACE('',(#8370),#8226,.F.);
#8370 = FACE_BOUND('',#8371,.F.);
#8371 = EDGE_LOOP('',(#8372));
#8372 = ORIENTED_EDGE('',*,*,#8211,.T.);
#8373 = ADVANCED_FACE('',(#8374),#8286,.T.);
#8374 = FACE_BOUND('',#8375,.F.);
#8375 = EDGE_LOOP('',(#8376));
#8376 = ORIENTED_EDGE('',*,*,#8271,.F.);
#8377 = ( GEOMETRIC_REPRESENTATION_CONTEXT(3) 
GLOBAL_UNCERTAINTY_ASSIGNED_CONTEXT((#8381)) 
GLOBAL_UNIT_ASSIGNED_CONTEXT((#8378,#8379,#8380)) REPRESENTATION_CONTEXT
('Context #1','3D Context with UNIT and UNCERTAINTY') );
#8378 = ( LENGTH_UNIT() NAMED_UNIT(*) SI_UNIT(.MILLI.,.METRE.) );
#8379 = ( NAMED_UNIT(*) PLANE_ANGLE_UNIT() SI_UNIT($,.RADIAN.) );
#8380 = ( NAMED_UNIT(*) SI_UNIT($,.STERADIAN.) SOLID_ANGLE_UNIT() );
#8381 = UNCERTAINTY_MEASURE_WITH_UNIT(LENGTH_MEASURE(1.E-07),#8378,
  'distance_accuracy_value','confusion accuracy');
#8382 = PRODUCT_RELATED_PRODUCT_CATEGORY('part',$,(#7));
ENDSEC;
END-ISO-10303-21;
