ISO-10303-21;
HEADER;
FILE_DESCRIPTION(('Open CASCADE Model'),'2;1');
FILE_NAME('Open CASCADE Shape Model','2026-09-28T03:21:12',('Author'),(
    'Open CASCADE'),'Open CASCADE STEP processor 8.0','build123d',
  'Unknown');
FILE_SCHEMA(('AUTOMOTIVE_DESIGN { 1 0 10303 214 1 1 1 1 }'));
ENDSEC;
DATA;
#1 = APPLICATION_PROTOCOL_DEFINITION('international standard',
  'automotive_design',2000,#2);
#2 = APPLICATION_CONTEXT(
  'core data for automotive mechanical design processes');
#3 = SHAPE_DEFINITION_REPRESENTATION(#4,#10);
#4 = PRODUCT_DEFINITION_SHAPE('','',#5);
#5 = PRODUCT_DEFINITION('design','',#6,#9);
#6 = PRODUCT_DEFINITION_FORMATION('','',#7);
#7 = PRODUCT('COMPOUND','COMPOUND','',(#8));
#8 = PRODUCT_CONTEXT('',#2,'mechanical');
#9 = PRODUCT_DEFINITION_CONTEXT('part definition',#2,'design');
#10 = ADVANCED_BREP_SHAPE_REPRESENTATION('',(#11,#15),#8914);
#11 = AXIS2_PLACEMENT_3D('',#12,#13,#14);
#12 = CARTESIAN_POINT('',(0.,0.,0.));
#13 = DIRECTION('',(0.,0.,1.));
#14 = DIRECTION('',(1.,0.,-0.));
#15 = MANIFOLD_SOLID_BREP('',#16);
#16 = CLOSED_SHELL('',(#17,#114,#392,#526,#660,#766,#844,#870,#994,#1021
    ,#1074,#1156,#1209,#1287,#2495,#2521,#2604,#2652,#2678,#3492,#3518,
    #3594,#3620,#3669,#3722,#3907,#3933,#4039,#4087,#4209,#4263,#4295,
    #4350,#4423,#4494,#4560,#4737,#4867,#4924,#4981,#5052,#5123,#5171,
    #5219,#5285,#5351,#5502,#5655,#5712,#5769,#5840,#5906,#5934,#6010,
    #6059,#6108,#6135,#6161,#6210,#6236,#6285,#6339,#6436,#6484,#6510,
    #6538,#6593,#6648,#6703,#6758,#6813,#6868,#6923,#6978,#7033,#7088,
    #7143,#7198,#7253,#7308,#7363,#7418,#7473,#7528,#7555,#7625,#7726,
    #7732,#7758,#7785,#7813,#7817,#7845,#8062,#8089,#8116,#8123,#8130,
    #8157,#8184,#8191,#8304,#8311,#8315,#8319,#8323,#8327,#8331,#8335,
    #8339,#8343,#8347,#8351,#8355,#8359,#8363,#8367,#8402,#8406,#8410,
    #8414,#8469,#8545,#8594,#8643,#8670,#8720,#8727,#8796,#8851,#8906,
    #8910));
#17 = ADVANCED_FACE('',(#18),#33,.T.);
#18 = FACE_BOUND('',#19,.F.);
#19 = EDGE_LOOP('',(#20,#59,#88));
#20 = ORIENTED_EDGE('',*,*,#21,.F.);
#21 = EDGE_CURVE('',#22,#24,#26,.T.);
#22 = VERTEX_POINT('',#23);
#23 = CARTESIAN_POINT('',(-73.97470323899,-65.67431578065,37.1));
#24 = VERTEX_POINT('',#25);
#25 = CARTESIAN_POINT('',(-74.,-65.,38.267949192431));
#26 = SURFACE_CURVE('',#27,(#32,#47),.PCURVE_S1.);
#27 = ELLIPSE('',#28,18.,9.);
#28 = AXIS2_PLACEMENT_3D('',#29,#30,#31);
#29 = CARTESIAN_POINT('',(-65.,-65.,38.267949192431));
#30 = DIRECTION('',(0.,0.866025403784,-0.5));
#31 = DIRECTION('',(0.,0.5,0.866025403784));
#32 = PCURVE('',#33,#38);
#33 = CYLINDRICAL_SURFACE('',#34,9.);
#34 = AXIS2_PLACEMENT_3D('',#35,#36,#37);
#35 = CARTESIAN_POINT('',(-65.,-65.,36.1));
#36 = DIRECTION('',(0.,0.,1.));
#37 = DIRECTION('',(0.,-1.,0.));
#38 = DEFINITIONAL_REPRESENTATION('',(#39),#46);
#39 = B_SPLINE_CURVE_WITH_KNOTS('',5,(#40,#41,#42,#43,#44,#45),
  .UNSPECIFIED.,.F.,.F.,(6,6),(4.637394689588,4.712388980385),
  .PIECEWISE_BEZIER_KNOTS.);
#40 = CARTESIAN_POINT('',(-1.495802035998,0.9999994));
#41 = CARTESIAN_POINT('',(-1.510800894158,1.233151279711));
#42 = CARTESIAN_POINT('',(-1.525799752317,1.466631595289));
#43 = CARTESIAN_POINT('',(-1.540798610476,1.700331073454));
#44 = CARTESIAN_POINT('',(-1.555797468636,1.934140132944));
#45 = CARTESIAN_POINT('',(-1.570796326795,2.167949192431));
#46 = ( GEOMETRIC_REPRESENTATION_CONTEXT(2) 
PARAMETRIC_REPRESENTATION_CONTEXT() REPRESENTATION_CONTEXT('2D SPACE',''
  ) );
#47 = PCURVE('',#48,#53);
#48 = PLANE('',#49);
#49 = AXIS2_PLACEMENT_3D('',#50,#51,#52);
#50 = CARTESIAN_POINT('',(-75.,-63.94226497308,40.1));
#51 = DIRECTION('',(0.,0.866025403784,-0.5));
#52 = DIRECTION('',(0.,-0.5,-0.866025403784));
#53 = DEFINITIONAL_REPRESENTATION('',(#54),#58);
#54 = ELLIPSE('',#55,18.,9.);
#55 = AXIS2_PLACEMENT_2D('',#56,#57);
#56 = CARTESIAN_POINT('',(2.115470053838,-10.));
#57 = DIRECTION('',(-1.,0.));
#58 = ( GEOMETRIC_REPRESENTATION_CONTEXT(2) 
PARAMETRIC_REPRESENTATION_CONTEXT() REPRESENTATION_CONTEXT('2D SPACE',''
  ) );
#59 = ORIENTED_EDGE('',*,*,#60,.F.);
#60 = EDGE_CURVE('',#61,#22,#63,.T.);
#61 = VERTEX_POINT('',#62);
#62 = CARTESIAN_POINT('',(-74.,-65.,37.1));
#63 = SURFACE_CURVE('',#64,(#69,#76),.PCURVE_S1.);
#64 = CIRCLE('',#65,9.);
#65 = AXIS2_PLACEMENT_3D('',#66,#67,#68);
#66 = CARTESIAN_POINT('',(-65.,-65.,37.1));
#67 = DIRECTION('',(0.,0.,1.));
#68 = DIRECTION('',(-1.,0.,0.));
#69 = PCURVE('',#33,#70);
#70 = DEFINITIONAL_REPRESENTATION('',(#71),#75);
#71 = LINE('',#72,#73);
#72 = CARTESIAN_POINT('',(-1.570796326795,1.));
#73 = VECTOR('',#74,1.);
#74 = DIRECTION('',(1.,-0.));
#75 = ( GEOMETRIC_REPRESENTATION_CONTEXT(2) 
PARAMETRIC_REPRESENTATION_CONTEXT() REPRESENTATION_CONTEXT('2D SPACE',''
  ) );
#76 = PCURVE('',#77,#82);
#77 = TOROIDAL_SURFACE('',#78,8.,1.);
#78 = AXIS2_PLACEMENT_3D('',#79,#80,#81);
#79 = CARTESIAN_POINT('',(-65.,-65.,37.1));
#80 = DIRECTION('',(-0.,-0.,-1.));
#81 = DIRECTION('',(-1.,0.,0.));
#82 = DEFINITIONAL_REPRESENTATION('',(#83),#87);
#83 = LINE('',#84,#85);
#84 = CARTESIAN_POINT('',(-0.,0.));
#85 = VECTOR('',#86,1.);
#86 = DIRECTION('',(-1.,0.));
#87 = ( GEOMETRIC_REPRESENTATION_CONTEXT(2) 
PARAMETRIC_REPRESENTATION_CONTEXT() REPRESENTATION_CONTEXT('2D SPACE',''
  ) );
#88 = ORIENTED_EDGE('',*,*,#89,.T.);
#89 = EDGE_CURVE('',#61,#24,#90,.T.);
#90 = SURFACE_CURVE('',#91,(#95,#102),.PCURVE_S1.);
#91 = LINE('',#92,#93);
#92 = CARTESIAN_POINT('',(-74.,-65.,36.1));
#93 = VECTOR('',#94,1.);
#94 = DIRECTION('',(0.,0.,1.));
#95 = PCURVE('',#33,#96);
#96 = DEFINITIONAL_REPRESENTATION('',(#97),#101);
#97 = LINE('',#98,#99);
#98 = CARTESIAN_POINT('',(-1.570796326795,0.));
#99 = VECTOR('',#100,1.);
#100 = DIRECTION('',(-0.,1.));
#101 = ( GEOMETRIC_REPRESENTATION_CONTEXT(2) 
PARAMETRIC_REPRESENTATION_CONTEXT() REPRESENTATION_CONTEXT('2D SPACE',''
  ) );
#102 = PCURVE('',#103,#108);
#103 = PLANE('',#104);
#104 = AXIS2_PLACEMENT_3D('',#105,#106,#107);
#105 = CARTESIAN_POINT('',(-74.,41.,36.1));
#106 = DIRECTION('',(1.,0.,-0.));
#107 = DIRECTION('',(0.,-1.,0.));
#108 = DEFINITIONAL_REPRESENTATION('',(#109),#113);
#109 = LINE('',#110,#111);
#110 = CARTESIAN_POINT('',(106.,0.));
#111 = VECTOR('',#112,1.);
#112 = DIRECTION('',(0.,-1.));
#113 = ( GEOMETRIC_REPRESENTATION_CONTEXT(2) 
PARAMETRIC_REPRESENTATION_CONTEXT() REPRESENTATION_CONTEXT('2D SPACE',''
  ) );
#114 = ADVANCED_FACE('',(#115),#48,.F.);
#115 = FACE_BOUND('',#116,.F.);
#116 = EDGE_LOOP('',(#117,#138,#166,#192,#224,#297,#325,#391));
#117 = ORIENTED_EDGE('',*,*,#118,.T.);
#118 = EDGE_CURVE('',#24,#119,#121,.T.);
#119 = VERTEX_POINT('',#120);
#120 = CARTESIAN_POINT('',(-74.,-63.94226497308,40.1));
#121 = SURFACE_CURVE('',#122,(#126,#132),.PCURVE_S1.);
#122 = LINE('',#123,#124);
#123 = CARTESIAN_POINT('',(-74.,-51.69050725523,61.320666849342));
#124 = VECTOR('',#125,1.);
#125 = DIRECTION('',(0.,0.5,0.866025403784));
#126 = PCURVE('',#48,#127);
#127 = DEFINITIONAL_REPRESENTATION('',(#128),#131);
#128 = B_SPLINE_CURVE_WITH_KNOTS('',1,(#129,#130),.UNSPECIFIED.,.F.,.F.,
  (2,2),(-26.61898548953,-24.5035154357),.PIECEWISE_BEZIER_KNOTS.);
#129 = CARTESIAN_POINT('',(2.115470053838,-1.));
#130 = CARTESIAN_POINT('',(0.,-1.));
#131 = ( GEOMETRIC_REPRESENTATION_CONTEXT(2) 
PARAMETRIC_REPRESENTATION_CONTEXT() REPRESENTATION_CONTEXT('2D SPACE',''
  ) );
#132 = PCURVE('',#103,#133);
#133 = DEFINITIONAL_REPRESENTATION('',(#134),#137);
#134 = B_SPLINE_CURVE_WITH_KNOTS('',1,(#135,#136),.UNSPECIFIED.,.F.,.F.,
  (2,2),(-26.61898548953,-24.5035154357),.PIECEWISE_BEZIER_KNOTS.);
#135 = CARTESIAN_POINT('',(106.,-2.167949192431));
#136 = CARTESIAN_POINT('',(104.94226497308,-4.));
#137 = ( GEOMETRIC_REPRESENTATION_CONTEXT(2) 
PARAMETRIC_REPRESENTATION_CONTEXT() REPRESENTATION_CONTEXT('2D SPACE',''
  ) );
#138 = ORIENTED_EDGE('',*,*,#139,.T.);
#139 = EDGE_CURVE('',#119,#140,#142,.T.);
#140 = VERTEX_POINT('',#141);
#141 = CARTESIAN_POINT('',(74.,-63.94226497308,40.1));
#142 = SURFACE_CURVE('',#143,(#147,#154),.PCURVE_S1.);
#143 = LINE('',#144,#145);
#144 = CARTESIAN_POINT('',(-75.,-63.94226497308,40.1));
#145 = VECTOR('',#146,1.);
#146 = DIRECTION('',(1.,0.,0.));
#147 = PCURVE('',#48,#148);
#148 = DEFINITIONAL_REPRESENTATION('',(#149),#153);
#149 = LINE('',#150,#151);
#150 = CARTESIAN_POINT('',(0.,0.));
#151 = VECTOR('',#152,1.);
#152 = DIRECTION('',(0.,-1.));
#153 = ( GEOMETRIC_REPRESENTATION_CONTEXT(2) 
PARAMETRIC_REPRESENTATION_CONTEXT() REPRESENTATION_CONTEXT('2D SPACE',''
  ) );
#154 = PCURVE('',#155,#160);
#155 = PLANE('',#156);
#156 = AXIS2_PLACEMENT_3D('',#157,#158,#159);
#157 = CARTESIAN_POINT('',(-75.,-63.7,40.1));
#158 = DIRECTION('',(0.,0.,-1.));
#159 = DIRECTION('',(0.,-1.,0.));
#160 = DEFINITIONAL_REPRESENTATION('',(#161),#165);
#161 = LINE('',#162,#163);
#162 = CARTESIAN_POINT('',(0.242264973081,0.));
#163 = VECTOR('',#164,1.);
#164 = DIRECTION('',(0.,-1.));
#165 = ( GEOMETRIC_REPRESENTATION_CONTEXT(2) 
PARAMETRIC_REPRESENTATION_CONTEXT() REPRESENTATION_CONTEXT('2D SPACE',''
  ) );
#166 = ORIENTED_EDGE('',*,*,#167,.T.);
#167 = EDGE_CURVE('',#140,#168,#170,.T.);
#168 = VERTEX_POINT('',#169);
#169 = CARTESIAN_POINT('',(74.,-65.,38.267949192431));
#170 = SURFACE_CURVE('',#171,(#175,#181),.PCURVE_S1.);
#171 = LINE('',#172,#173);
#172 = CARTESIAN_POINT('',(74.,-66.06550725523,36.422436490539));
#173 = VECTOR('',#174,1.);
#174 = DIRECTION('',(-0.,-0.5,-0.866025403784));
#175 = PCURVE('',#48,#176);
#176 = DEFINITIONAL_REPRESENTATION('',(#177),#180);
#177 = B_SPLINE_CURVE_WITH_KNOTS('',1,(#178,#179),.UNSPECIFIED.,.F.,.F.,
  (2,2),(-4.246484564299,-2.131014510461),.PIECEWISE_BEZIER_KNOTS.);
#178 = CARTESIAN_POINT('',(0.,-149.));
#179 = CARTESIAN_POINT('',(2.115470053838,-149.));
#180 = ( GEOMETRIC_REPRESENTATION_CONTEXT(2) 
PARAMETRIC_REPRESENTATION_CONTEXT() REPRESENTATION_CONTEXT('2D SPACE',''
  ) );
#181 = PCURVE('',#182,#187);
#182 = PLANE('',#183);
#183 = AXIS2_PLACEMENT_3D('',#184,#185,#186);
#184 = CARTESIAN_POINT('',(74.,-74.,36.1));
#185 = DIRECTION('',(-1.,0.,0.));
#186 = DIRECTION('',(0.,1.,0.));
#187 = DEFINITIONAL_REPRESENTATION('',(#188),#191);
#188 = B_SPLINE_CURVE_WITH_KNOTS('',1,(#189,#190),.UNSPECIFIED.,.F.,.F.,
  (2,2),(-4.246484564299,-2.131014510461),.PIECEWISE_BEZIER_KNOTS.);
#189 = CARTESIAN_POINT('',(10.057735026919,-4.));
#190 = CARTESIAN_POINT('',(9.,-2.167949192431));
#191 = ( GEOMETRIC_REPRESENTATION_CONTEXT(2) 
PARAMETRIC_REPRESENTATION_CONTEXT() REPRESENTATION_CONTEXT('2D SPACE',''
  ) );
#192 = ORIENTED_EDGE('',*,*,#193,.T.);
#193 = EDGE_CURVE('',#168,#194,#196,.T.);
#194 = VERTEX_POINT('',#195);
#195 = CARTESIAN_POINT('',(73.974703238992,-65.67431578065,37.1));
#196 = SURFACE_CURVE('',#197,(#202,#209),.PCURVE_S1.);
#197 = ELLIPSE('',#198,18.,9.);
#198 = AXIS2_PLACEMENT_3D('',#199,#200,#201);
#199 = CARTESIAN_POINT('',(65.,-65.,38.267949192431));
#200 = DIRECTION('',(0.,0.866025403784,-0.5));
#201 = DIRECTION('',(0.,0.5,0.866025403784));
#202 = PCURVE('',#48,#203);
#203 = DEFINITIONAL_REPRESENTATION('',(#204),#208);
#204 = ELLIPSE('',#205,18.,9.);
#205 = AXIS2_PLACEMENT_2D('',#206,#207);
#206 = CARTESIAN_POINT('',(2.115470053838,-140.));
#207 = DIRECTION('',(-1.,0.));
#208 = ( GEOMETRIC_REPRESENTATION_CONTEXT(2) 
PARAMETRIC_REPRESENTATION_CONTEXT() REPRESENTATION_CONTEXT('2D SPACE',''
  ) );
#209 = PCURVE('',#210,#215);
#210 = CYLINDRICAL_SURFACE('',#211,9.);
#211 = AXIS2_PLACEMENT_3D('',#212,#213,#214);
#212 = CARTESIAN_POINT('',(65.,-65.,36.1));
#213 = DIRECTION('',(0.,0.,1.));
#214 = DIRECTION('',(0.,-1.,0.));
#215 = DEFINITIONAL_REPRESENTATION('',(#216),#223);
#216 = B_SPLINE_CURVE_WITH_KNOTS('',5,(#217,#218,#219,#220,#221,#222),
  .UNSPECIFIED.,.F.,.F.,(6,6),(1.570796326795,1.645790617592),
  .PIECEWISE_BEZIER_KNOTS.);
#217 = CARTESIAN_POINT('',(1.570796326795,2.167949192431));
#218 = CARTESIAN_POINT('',(1.555797468636,1.934140132944));
#219 = CARTESIAN_POINT('',(1.540798610476,1.700331073454));
#220 = CARTESIAN_POINT('',(1.525799752317,1.466631595289));
#221 = CARTESIAN_POINT('',(1.510800894158,1.233151279711));
#222 = CARTESIAN_POINT('',(1.495802035998,0.9999994));
#223 = ( GEOMETRIC_REPRESENTATION_CONTEXT(2) 
PARAMETRIC_REPRESENTATION_CONTEXT() REPRESENTATION_CONTEXT('2D SPACE',''
  ) );
#224 = ORIENTED_EDGE('',*,*,#225,.T.);
#225 = EDGE_CURVE('',#194,#226,#228,.T.);
#226 = VERTEX_POINT('',#227);
#227 = CARTESIAN_POINT('',(73.740601727055,-66.02072594216,36.5));
#228 = SURFACE_CURVE('',#229,(#248,#270),.PCURVE_S1.);
#229 = B_SPLINE_CURVE_WITH_KNOTS('',5,(#230,#231,#232,#233,#234,#235,
    #236,#237,#238,#239,#240,#241,#242,#243,#244,#245,#246,#247),
  .UNSPECIFIED.,.F.,.F.,(6,4,4,4,6),(0.,0.13663064727,0.55938848607,
    0.733079949691,1.),.UNSPECIFIED.);
#230 = CARTESIAN_POINT('',(73.974703238992,-65.67431578065,37.1));
#231 = CARTESIAN_POINT('',(73.973202460048,-65.69429016955,
    37.065403343568));
#232 = CARTESIAN_POINT('',(73.970146677135,-65.71424767581,
    37.030835928734));
#233 = CARTESIAN_POINT('',(73.965543220682,-65.73414404806,
    36.996374401113));
#234 = CARTESIAN_POINT('',(73.95940419669,-65.75393557156,
    36.962094476854));
#235 = CARTESIAN_POINT('',(73.928052264578,-65.83435929833,
    36.822796495945));
#236 = CARTESIAN_POINT('',(73.889818975838,-65.89371948555,
    36.719981635732));
#237 = CARTESIAN_POINT('',(73.83754664898,-65.95039017446,
    36.621825123239));
#238 = CARTESIAN_POINT('',(73.772153656665,-66.00310974503,
    36.530512148468));
#239 = CARTESIAN_POINT('',(73.663463870256,-66.07018526425,
    36.41433394123));
#240 = CARTESIAN_POINT('',(73.629848061417,-66.0888438325,
    36.382016353028));
#241 = CARTESIAN_POINT('',(73.594371150347,-66.10654199558,
    36.351362235379));
#242 = CARTESIAN_POINT('',(73.557156208212,-66.12319562816,
    36.322517297615));
#243 = CARTESIAN_POINT('',(73.458704799227,-66.16258326998,
    36.25429590079));
#244 = CARTESIAN_POINT('',(73.395295958631,-66.1837835577,
    36.217575925314));
#245 = CARTESIAN_POINT('',(73.328643254893,-66.20202608167,
    36.185978946953));
#246 = CARTESIAN_POINT('',(73.259395786501,-66.21702856121,
    36.159993890152));
#247 = CARTESIAN_POINT('',(73.188346032308,-66.22857203907,36.14));
#248 = PCURVE('',#48,#249);
#249 = DEFINITIONAL_REPRESENTATION('',(#250),#269);
#250 = B_SPLINE_CURVE_WITH_KNOTS('',5,(#251,#252,#253,#254,#255,#256,
    #257,#258,#259,#260,#261,#262,#263,#264,#265,#266,#267,#268),
  .UNSPECIFIED.,.F.,.F.,(6,4,4,4,6),(0.,0.13663064727,0.55938848607,
    0.733079949691,1.),.UNSPECIFIED.);
#251 = CARTESIAN_POINT('',(3.464101615138,-148.9747032389));
#252 = CARTESIAN_POINT('',(3.504050392945,-148.97320246));
#253 = CARTESIAN_POINT('',(3.543965405465,-148.9701466771));
#254 = CARTESIAN_POINT('',(3.583758149962,-148.9655432206));
#255 = CARTESIAN_POINT('',(3.62334119696,-148.9594041966));
#256 = CARTESIAN_POINT('',(3.784188650511,-148.9280522645));
#257 = CARTESIAN_POINT('',(3.902909024952,-148.8898189758));
#258 = CARTESIAN_POINT('',(4.016250402773,-148.8375466489));
#259 = CARTESIAN_POINT('',(4.121689543902,-148.7721536566));
#260 = CARTESIAN_POINT('',(4.255840582348,-148.6634638702));
#261 = CARTESIAN_POINT('',(4.293157718844,-148.6298480614));
#262 = CARTESIAN_POINT('',(4.328554044997,-148.5943711503));
#263 = CARTESIAN_POINT('',(4.361861310162,-148.5571562082));
#264 = CARTESIAN_POINT('',(4.440636593805,-148.4587047992));
#265 = CARTESIAN_POINT('',(4.483037169256,-148.3952959586));
#266 = CARTESIAN_POINT('',(4.519522217181,-148.3286432548));
#267 = CARTESIAN_POINT('',(4.549527176259,-148.2593957865));
#268 = CARTESIAN_POINT('',(4.572614131982,-148.1883460323));
#269 = ( GEOMETRIC_REPRESENTATION_CONTEXT(2) 
PARAMETRIC_REPRESENTATION_CONTEXT() REPRESENTATION_CONTEXT('2D SPACE',''
  ) );
#270 = PCURVE('',#271,#276);
#271 = TOROIDAL_SURFACE('',#272,8.,1.);
#272 = AXIS2_PLACEMENT_3D('',#273,#274,#275);
#273 = CARTESIAN_POINT('',(65.,-65.,37.1));
#274 = DIRECTION('',(-0.,-0.,-1.));
#275 = DIRECTION('',(0.,-1.,0.));
#276 = DEFINITIONAL_REPRESENTATION('',(#277),#296);
#277 = B_SPLINE_CURVE_WITH_KNOTS('',5,(#278,#279,#280,#281,#282,#283,
    #284,#285,#286,#287,#288,#289,#290,#291,#292,#293,#294,#295),
  .UNSPECIFIED.,.F.,.F.,(6,4,4,4,6),(0.,0.13663064727,0.55938848607,
    0.733079949691,1.),.UNSPECIFIED.);
#278 = CARTESIAN_POINT('',(-1.495802074597,0.));
#279 = CARTESIAN_POINT('',(-1.493576442353,3.45966564315E-02));
#280 = CARTESIAN_POINT('',(-1.491339739381,6.916408052617E-02));
#281 = CARTESIAN_POINT('',(-1.489095041064,0.103711860537));
#282 = CARTESIAN_POINT('',(-1.486845416841,0.13824972693));
#283 = CARTESIAN_POINT('',(-1.477627457877,0.279653301286));
#284 = CARTESIAN_POINT('',(-1.470643486145,0.386514442899));
#285 = CARTESIAN_POINT('',(-1.463732351456,0.493676643865));
#286 = CARTESIAN_POINT('',(-1.45699103783,0.601416044423));
#287 = CARTESIAN_POINT('',(-1.447899204433,0.754612333589));
#288 = CARTESIAN_POINT('',(-1.445301835326,0.799365356894));
#289 = CARTESIAN_POINT('',(-1.442763612524,0.844276128679));
#290 = CARTESIAN_POINT('',(-1.44029446476,0.889358709714));
#291 = CARTESIAN_POINT('',(-1.434233904177,1.004186225374));
#292 = CARTESIAN_POINT('',(-1.430751460623,1.074181494187));
#293 = CARTESIAN_POINT('',(-1.427497949039,1.144645371195));
#294 = CARTESIAN_POINT('',(-1.424520068357,1.215595467044));
#295 = CARTESIAN_POINT('',(-1.421868143391,1.287002217587));
#296 = ( GEOMETRIC_REPRESENTATION_CONTEXT(2) 
PARAMETRIC_REPRESENTATION_CONTEXT() REPRESENTATION_CONTEXT('2D SPACE',''
  ) );
#297 = ORIENTED_EDGE('',*,*,#298,.F.);
#298 = EDGE_CURVE('',#299,#226,#301,.T.);
#299 = VERTEX_POINT('',#300);
#300 = CARTESIAN_POINT('',(-73.74060172705,-66.02072594216,36.5));
#301 = SURFACE_CURVE('',#302,(#306,#313),.PCURVE_S1.);
#302 = LINE('',#303,#304);
#303 = CARTESIAN_POINT('',(-75.,-66.02072594216,36.5));
#304 = VECTOR('',#305,1.);
#305 = DIRECTION('',(1.,0.,0.));
#306 = PCURVE('',#48,#307);
#307 = DEFINITIONAL_REPRESENTATION('',(#308),#312);
#308 = LINE('',#309,#310);
#309 = CARTESIAN_POINT('',(4.156921938165,0.));
#310 = VECTOR('',#311,1.);
#311 = DIRECTION('',(0.,-1.));
#312 = ( GEOMETRIC_REPRESENTATION_CONTEXT(2) 
PARAMETRIC_REPRESENTATION_CONTEXT() REPRESENTATION_CONTEXT('2D SPACE',''
  ) );
#313 = PCURVE('',#314,#319);
#314 = PLANE('',#315);
#315 = AXIS2_PLACEMENT_3D('',#316,#317,#318);
#316 = CARTESIAN_POINT('',(-75.,-66.02072594216,36.5));
#317 = DIRECTION('',(-0.,0.921108392915,0.389306214313));
#318 = DIRECTION('',(0.,0.389306214313,-0.921108392915));
#319 = DEFINITIONAL_REPRESENTATION('',(#320),#324);
#320 = LINE('',#321,#322);
#321 = CARTESIAN_POINT('',(0.,0.));
#322 = VECTOR('',#323,1.);
#323 = DIRECTION('',(0.,-1.));
#324 = ( GEOMETRIC_REPRESENTATION_CONTEXT(2) 
PARAMETRIC_REPRESENTATION_CONTEXT() REPRESENTATION_CONTEXT('2D SPACE',''
  ) );
#325 = ORIENTED_EDGE('',*,*,#326,.F.);
#326 = EDGE_CURVE('',#22,#299,#327,.T.);
#327 = SURFACE_CURVE('',#328,(#347,#369),.PCURVE_S1.);
#328 = B_SPLINE_CURVE_WITH_KNOTS('',5,(#329,#330,#331,#332,#333,#334,
    #335,#336,#337,#338,#339,#340,#341,#342,#343,#344,#345,#346),
  .UNSPECIFIED.,.F.,.F.,(6,4,4,4,6),(0.,0.13663064727,0.55938848607,
    0.733079949692,1.),.UNSPECIFIED.);
#329 = CARTESIAN_POINT('',(-73.97470323899,-65.67431578065,37.1));
#330 = CARTESIAN_POINT('',(-73.97320246004,-65.69429016955,
    37.065403343568));
#331 = CARTESIAN_POINT('',(-73.97014667713,-65.71424767581,
    37.030835928734));
#332 = CARTESIAN_POINT('',(-73.96554322068,-65.73414404806,
    36.996374401113));
#333 = CARTESIAN_POINT('',(-73.95940419669,-65.75393557156,
    36.962094476854));
#334 = CARTESIAN_POINT('',(-73.92805226457,-65.83435929833,
    36.822796495945));
#335 = CARTESIAN_POINT('',(-73.88981897583,-65.89371948555,
    36.719981635732));
#336 = CARTESIAN_POINT('',(-73.83754664898,-65.95039017446,
    36.621825123239));
#337 = CARTESIAN_POINT('',(-73.77215365666,-66.00310974503,
    36.530512148468));
#338 = CARTESIAN_POINT('',(-73.66346387025,-66.07018526425,
    36.41433394123));
#339 = CARTESIAN_POINT('',(-73.62984806141,-66.0888438325,
    36.382016353028));
#340 = CARTESIAN_POINT('',(-73.59437115034,-66.10654199558,
    36.351362235379));
#341 = CARTESIAN_POINT('',(-73.55715620821,-66.12319562816,
    36.322517297615));
#342 = CARTESIAN_POINT('',(-73.45870479922,-66.16258326998,
    36.25429590079));
#343 = CARTESIAN_POINT('',(-73.39529595863,-66.1837835577,
    36.217575925314));
#344 = CARTESIAN_POINT('',(-73.32864325489,-66.20202608167,
    36.185978946953));
#345 = CARTESIAN_POINT('',(-73.2593957865,-66.21702856121,
    36.159993890152));
#346 = CARTESIAN_POINT('',(-73.1883460323,-66.22857203907,36.14));
#347 = PCURVE('',#48,#348);
#348 = DEFINITIONAL_REPRESENTATION('',(#349),#368);
#349 = B_SPLINE_CURVE_WITH_KNOTS('',5,(#350,#351,#352,#353,#354,#355,
    #356,#357,#358,#359,#360,#361,#362,#363,#364,#365,#366,#367),
  .UNSPECIFIED.,.F.,.F.,(6,4,4,4,6),(0.,0.13663064727,0.55938848607,
    0.733079949692,1.),.UNSPECIFIED.);
#350 = CARTESIAN_POINT('',(3.464101615138,-1.025296761008));
#351 = CARTESIAN_POINT('',(3.504050392945,-1.026797539952));
#352 = CARTESIAN_POINT('',(3.543965405465,-1.029853322865));
#353 = CARTESIAN_POINT('',(3.583758149962,-1.034456779318));
#354 = CARTESIAN_POINT('',(3.62334119696,-1.04059580331));
#355 = CARTESIAN_POINT('',(3.784188650511,-1.071947735422));
#356 = CARTESIAN_POINT('',(3.902909024952,-1.110181024162));
#357 = CARTESIAN_POINT('',(4.016250402773,-1.16245335102));
#358 = CARTESIAN_POINT('',(4.121689543902,-1.227846343335));
#359 = CARTESIAN_POINT('',(4.255840582348,-1.336536129744));
#360 = CARTESIAN_POINT('',(4.293157718844,-1.370151938583));
#361 = CARTESIAN_POINT('',(4.328554044997,-1.405628849653));
#362 = CARTESIAN_POINT('',(4.361861310162,-1.442843791788));
#363 = CARTESIAN_POINT('',(4.440636593805,-1.541295200773));
#364 = CARTESIAN_POINT('',(4.483037169256,-1.604704041369));
#365 = CARTESIAN_POINT('',(4.519522217181,-1.671356745107));
#366 = CARTESIAN_POINT('',(4.549527176259,-1.740604213499));
#367 = CARTESIAN_POINT('',(4.572614131982,-1.811653967692));
#368 = ( GEOMETRIC_REPRESENTATION_CONTEXT(2) 
PARAMETRIC_REPRESENTATION_CONTEXT() REPRESENTATION_CONTEXT('2D SPACE',''
  ) );
#369 = PCURVE('',#77,#370);
#370 = DEFINITIONAL_REPRESENTATION('',(#371),#390);
#371 = B_SPLINE_CURVE_WITH_KNOTS('',5,(#372,#373,#374,#375,#376,#377,
    #378,#379,#380,#381,#382,#383,#384,#385,#386,#387,#388,#389),
  .UNSPECIFIED.,.F.,.F.,(6,4,4,4,6),(0.,0.13663064727,0.55938848607,
    0.733079949692,1.),.UNSPECIFIED.);
#372 = CARTESIAN_POINT('',(-7.499425219815E-02,0.));
#373 = CARTESIAN_POINT('',(-7.721988444156E-02,3.45966564315E-02));
#374 = CARTESIAN_POINT('',(-7.945658741352E-02,6.916408052618E-02));
#375 = CARTESIAN_POINT('',(-8.17012857308E-02,0.103711860537));
#376 = CARTESIAN_POINT('',(-8.395090995418E-02,0.13824972693));
#377 = CARTESIAN_POINT('',(-9.316886891777E-02,0.279653301286));
#378 = CARTESIAN_POINT('',(-0.10015284065,0.386514442899));
#379 = CARTESIAN_POINT('',(-0.107063975339,0.493676643865));
#380 = CARTESIAN_POINT('',(-0.113805288965,0.601416044423));
#381 = CARTESIAN_POINT('',(-0.122897122362,0.754612333589));
#382 = CARTESIAN_POINT('',(-0.125494491469,0.799365356894));
#383 = CARTESIAN_POINT('',(-0.128032714271,0.844276128679));
#384 = CARTESIAN_POINT('',(-0.130501862034,0.889358709714));
#385 = CARTESIAN_POINT('',(-0.136562422618,1.004186225374));
#386 = CARTESIAN_POINT('',(-0.140044866172,1.074181494188));
#387 = CARTESIAN_POINT('',(-0.143298377756,1.144645371195));
#388 = CARTESIAN_POINT('',(-0.146276258438,1.215595467044));
#389 = CARTESIAN_POINT('',(-0.148928183403,1.287002217587));
#390 = ( GEOMETRIC_REPRESENTATION_CONTEXT(2) 
PARAMETRIC_REPRESENTATION_CONTEXT() REPRESENTATION_CONTEXT('2D SPACE',''
  ) );
#391 = ORIENTED_EDGE('',*,*,#21,.T.);
#392 = ADVANCED_FACE('',(#393),#103,.F.);
#393 = FACE_BOUND('',#394,.F.);
#394 = EDGE_LOOP('',(#395,#423,#451,#479,#505,#524,#525));
#395 = ORIENTED_EDGE('',*,*,#396,.F.);
#396 = EDGE_CURVE('',#397,#61,#399,.T.);
#397 = VERTEX_POINT('',#398);
#398 = CARTESIAN_POINT('',(-74.,32.,37.1));
#399 = SURFACE_CURVE('',#400,(#404,#411),.PCURVE_S1.);
#400 = LINE('',#401,#402);
#401 = CARTESIAN_POINT('',(-74.,32.,37.1));
#402 = VECTOR('',#403,1.);
#403 = DIRECTION('',(0.,-1.,0.));
#404 = PCURVE('',#103,#405);
#405 = DEFINITIONAL_REPRESENTATION('',(#406),#410);
#406 = LINE('',#407,#408);
#407 = CARTESIAN_POINT('',(9.,-1.));
#408 = VECTOR('',#409,1.);
#409 = DIRECTION('',(1.,0.));
#410 = ( GEOMETRIC_REPRESENTATION_CONTEXT(2) 
PARAMETRIC_REPRESENTATION_CONTEXT() REPRESENTATION_CONTEXT('2D SPACE',''
  ) );
#411 = PCURVE('',#412,#417);
#412 = CYLINDRICAL_SURFACE('',#413,1.);
#413 = AXIS2_PLACEMENT_3D('',#414,#415,#416);
#414 = CARTESIAN_POINT('',(-73.,32.,37.1));
#415 = DIRECTION('',(0.,-1.,0.));
#416 = DIRECTION('',(-1.,-0.,0.));
#417 = DEFINITIONAL_REPRESENTATION('',(#418),#422);
#418 = LINE('',#419,#420);
#419 = CARTESIAN_POINT('',(0.,0.));
#420 = VECTOR('',#421,1.);
#421 = DIRECTION('',(0.,1.));
#422 = ( GEOMETRIC_REPRESENTATION_CONTEXT(2) 
PARAMETRIC_REPRESENTATION_CONTEXT() REPRESENTATION_CONTEXT('2D SPACE',''
  ) );
#423 = ORIENTED_EDGE('',*,*,#424,.T.);
#424 = EDGE_CURVE('',#397,#425,#427,.T.);
#425 = VERTEX_POINT('',#426);
#426 = CARTESIAN_POINT('',(-74.,32.,42.5));
#427 = SURFACE_CURVE('',#428,(#432,#439),.PCURVE_S1.);
#428 = LINE('',#429,#430);
#429 = CARTESIAN_POINT('',(-74.,32.,36.1));
#430 = VECTOR('',#431,1.);
#431 = DIRECTION('',(0.,0.,1.));
#432 = PCURVE('',#103,#433);
#433 = DEFINITIONAL_REPRESENTATION('',(#434),#438);
#434 = LINE('',#435,#436);
#435 = CARTESIAN_POINT('',(9.,0.));
#436 = VECTOR('',#437,1.);
#437 = DIRECTION('',(0.,-1.));
#438 = ( GEOMETRIC_REPRESENTATION_CONTEXT(2) 
PARAMETRIC_REPRESENTATION_CONTEXT() REPRESENTATION_CONTEXT('2D SPACE',''
  ) );
#439 = PCURVE('',#440,#445);
#440 = CYLINDRICAL_SURFACE('',#441,9.);
#441 = AXIS2_PLACEMENT_3D('',#442,#443,#444);
#442 = CARTESIAN_POINT('',(-65.,32.,36.1));
#443 = DIRECTION('',(0.,0.,1.));
#444 = DIRECTION('',(-0.,1.,0.));
#445 = DEFINITIONAL_REPRESENTATION('',(#446),#450);
#446 = LINE('',#447,#448);
#447 = CARTESIAN_POINT('',(1.570796326795,0.));
#448 = VECTOR('',#449,1.);
#449 = DIRECTION('',(0.,1.));
#450 = ( GEOMETRIC_REPRESENTATION_CONTEXT(2) 
PARAMETRIC_REPRESENTATION_CONTEXT() REPRESENTATION_CONTEXT('2D SPACE',''
  ) );
#451 = ORIENTED_EDGE('',*,*,#452,.T.);
#452 = EDGE_CURVE('',#425,#453,#455,.T.);
#453 = VERTEX_POINT('',#454);
#454 = CARTESIAN_POINT('',(-74.,-63.7,42.5));
#455 = SURFACE_CURVE('',#456,(#460,#467),.PCURVE_S1.);
#456 = LINE('',#457,#458);
#457 = CARTESIAN_POINT('',(-74.,32.,42.5));
#458 = VECTOR('',#459,1.);
#459 = DIRECTION('',(0.,-1.,0.));
#460 = PCURVE('',#103,#461);
#461 = DEFINITIONAL_REPRESENTATION('',(#462),#466);
#462 = LINE('',#463,#464);
#463 = CARTESIAN_POINT('',(9.,-6.4));
#464 = VECTOR('',#465,1.);
#465 = DIRECTION('',(1.,0.));
#466 = ( GEOMETRIC_REPRESENTATION_CONTEXT(2) 
PARAMETRIC_REPRESENTATION_CONTEXT() REPRESENTATION_CONTEXT('2D SPACE',''
  ) );
#467 = PCURVE('',#468,#473);
#468 = CYLINDRICAL_SURFACE('',#469,1.);
#469 = AXIS2_PLACEMENT_3D('',#470,#471,#472);
#470 = CARTESIAN_POINT('',(-73.,32.,42.5));
#471 = DIRECTION('',(0.,-1.,0.));
#472 = DIRECTION('',(-1.,-0.,0.));
#473 = DEFINITIONAL_REPRESENTATION('',(#474),#478);
#474 = LINE('',#475,#476);
#475 = CARTESIAN_POINT('',(-0.,0.));
#476 = VECTOR('',#477,1.);
#477 = DIRECTION('',(-0.,1.));
#478 = ( GEOMETRIC_REPRESENTATION_CONTEXT(2) 
PARAMETRIC_REPRESENTATION_CONTEXT() REPRESENTATION_CONTEXT('2D SPACE',''
  ) );
#479 = ORIENTED_EDGE('',*,*,#480,.F.);
#480 = EDGE_CURVE('',#481,#453,#483,.T.);
#481 = VERTEX_POINT('',#482);
#482 = CARTESIAN_POINT('',(-74.,-63.7,40.1));
#483 = SURFACE_CURVE('',#484,(#488,#494),.PCURVE_S1.);
#484 = LINE('',#485,#486);
#485 = CARTESIAN_POINT('',(-74.,-63.7,40.8));
#486 = VECTOR('',#487,1.);
#487 = DIRECTION('',(0.,0.,1.));
#488 = PCURVE('',#103,#489);
#489 = DEFINITIONAL_REPRESENTATION('',(#490),#493);
#490 = B_SPLINE_CURVE_WITH_KNOTS('',1,(#491,#492),.UNSPECIFIED.,.F.,.F.,
  (2,2),(-0.7,1.7),.PIECEWISE_BEZIER_KNOTS.);
#491 = CARTESIAN_POINT('',(104.7,-4.));
#492 = CARTESIAN_POINT('',(104.7,-6.4));
#493 = ( GEOMETRIC_REPRESENTATION_CONTEXT(2) 
PARAMETRIC_REPRESENTATION_CONTEXT() REPRESENTATION_CONTEXT('2D SPACE',''
  ) );
#494 = PCURVE('',#495,#500);
#495 = PLANE('',#496);
#496 = AXIS2_PLACEMENT_3D('',#497,#498,#499);
#497 = CARTESIAN_POINT('',(-75.,-63.7,45.5));
#498 = DIRECTION('',(-0.,1.,0.));
#499 = DIRECTION('',(0.,0.,-1.));
#500 = DEFINITIONAL_REPRESENTATION('',(#501),#504);
#501 = B_SPLINE_CURVE_WITH_KNOTS('',1,(#502,#503),.UNSPECIFIED.,.F.,.F.,
  (2,2),(-0.7,1.7),.PIECEWISE_BEZIER_KNOTS.);
#502 = CARTESIAN_POINT('',(5.4,-1.));
#503 = CARTESIAN_POINT('',(3.,-1.));
#504 = ( GEOMETRIC_REPRESENTATION_CONTEXT(2) 
PARAMETRIC_REPRESENTATION_CONTEXT() REPRESENTATION_CONTEXT('2D SPACE',''
  ) );
#505 = ORIENTED_EDGE('',*,*,#506,.F.);
#506 = EDGE_CURVE('',#119,#481,#507,.T.);
#507 = SURFACE_CURVE('',#508,(#512,#518),.PCURVE_S1.);
#508 = LINE('',#509,#510);
#509 = CARTESIAN_POINT('',(-74.,-11.35,40.1));
#510 = VECTOR('',#511,1.);
#511 = DIRECTION('',(0.,1.,0.));
#512 = PCURVE('',#103,#513);
#513 = DEFINITIONAL_REPRESENTATION('',(#514),#517);
#514 = B_SPLINE_CURVE_WITH_KNOTS('',1,(#515,#516),.UNSPECIFIED.,.F.,.F.,
  (2,2),(-52.59226497308,-52.35),.PIECEWISE_BEZIER_KNOTS.);
#515 = CARTESIAN_POINT('',(104.94226497308,-4.));
#516 = CARTESIAN_POINT('',(104.7,-4.));
#517 = ( GEOMETRIC_REPRESENTATION_CONTEXT(2) 
PARAMETRIC_REPRESENTATION_CONTEXT() REPRESENTATION_CONTEXT('2D SPACE',''
  ) );
#518 = PCURVE('',#155,#519);
#519 = DEFINITIONAL_REPRESENTATION('',(#520),#523);
#520 = B_SPLINE_CURVE_WITH_KNOTS('',1,(#521,#522),.UNSPECIFIED.,.F.,.F.,
  (2,2),(-52.59226497308,-52.35),.PIECEWISE_BEZIER_KNOTS.);
#521 = CARTESIAN_POINT('',(0.242264973081,-1.));
#522 = CARTESIAN_POINT('',(0.,-1.));
#523 = ( GEOMETRIC_REPRESENTATION_CONTEXT(2) 
PARAMETRIC_REPRESENTATION_CONTEXT() REPRESENTATION_CONTEXT('2D SPACE',''
  ) );
#524 = ORIENTED_EDGE('',*,*,#118,.F.);
#525 = ORIENTED_EDGE('',*,*,#89,.F.);
#526 = ADVANCED_FACE('',(#527),#77,.T.);
#527 = FACE_BOUND('',#528,.F.);
#528 = EDGE_LOOP('',(#529,#609,#638,#658,#659));
#529 = ORIENTED_EDGE('',*,*,#530,.T.);
#530 = EDGE_CURVE('',#299,#531,#533,.T.);
#531 = VERTEX_POINT('',#532);
#532 = CARTESIAN_POINT('',(-72.95453738061,-65.85166604984,36.1));
#533 = SURFACE_CURVE('',#534,(#557,#583),.PCURVE_S1.);
#534 = B_SPLINE_CURVE_WITH_KNOTS('',6,(#535,#536,#537,#538,#539,#540,
    #541,#542,#543,#544,#545,#546,#547,#548,#549,#550,#551,#552,#553,
    #554,#555,#556),.UNSPECIFIED.,.F.,.F.,(7,5,5,5,7),(0.,
    1.760077609414E-02,0.267035744535,0.754859509471,1.),.UNSPECIFIED.);
#535 = CARTESIAN_POINT('',(-73.76730298828,-66.03763193139,36.54));
#536 = CARTESIAN_POINT('',(-73.76652049017,-66.03710749307,
    36.538759165607));
#537 = CARTESIAN_POINT('',(-73.76497570437,-66.03607396953,
    36.536313822653));
#538 = CARTESIAN_POINT('',(-73.76337432112,-66.03501546134,
    36.533809365393));
#539 = CARTESIAN_POINT('',(-73.76202347293,-66.03413230367,
    36.531719791917));
#540 = CARTESIAN_POINT('',(-73.7608392286,-66.03335818145,36.52988819906
    ));
#541 = CARTESIAN_POINT('',(-73.73784218784,-66.0184768775,
    36.494678655886));
#542 = CARTESIAN_POINT('',(-73.71464852372,-66.00501383322,
    36.462824751112));
#543 = CARTESIAN_POINT('',(-73.68979582085,-65.99203272216,
    36.432111112561));
#544 = CARTESIAN_POINT('',(-73.66334747291,-65.97957687176,
    36.402640254094));
#545 = CARTESIAN_POINT('',(-73.63537742746,-65.96768783773,
    36.374510497557));
#546 = CARTESIAN_POINT('',(-73.54845952848,-65.93433848057,
    36.295605071319));
#547 = CARTESIAN_POINT('',(-73.48544277221,-65.91458599702,
    36.248870193455));
#548 = CARTESIAN_POINT('',(-73.41757030646,-65.89744878377,
    36.208323111548));
#549 = CARTESIAN_POINT('',(-73.34562900541,-65.88317390966,
    36.174548396755));
#550 = CARTESIAN_POINT('',(-73.27051945281,-65.87194984921,36.1479919846
    ));
#551 = CARTESIAN_POINT('',(-73.15441549233,-65.85982422275,
    36.119302444369));
#552 = CARTESIAN_POINT('',(-73.11503470849,-65.85656490458,
    36.111590814788));
#553 = CARTESIAN_POINT('',(-73.07522989667,-65.85411469604,
    36.105793559129));
#554 = CARTESIAN_POINT('',(-73.03512736003,-65.85248108596,
    36.101928396172));
#555 = CARTESIAN_POINT('',(-72.99485401286,-65.85166604984,36.1));
#556 = CARTESIAN_POINT('',(-72.95453738061,-65.85166604984,36.1));
#557 = PCURVE('',#77,#558);
#558 = DEFINITIONAL_REPRESENTATION('',(#559),#582);
#559 = B_SPLINE_CURVE_WITH_KNOTS('',6,(#560,#561,#562,#563,#564,#565,
    #566,#567,#568,#569,#570,#571,#572,#573,#574,#575,#576,#577,#578,
    #579,#580,#581),.UNSPECIFIED.,.F.,.F.,(7,5,5,5,7),(0.,
    1.760077609414E-02,0.267035744535,0.754859509471,1.),.UNSPECIFIED.);
#560 = CARTESIAN_POINT('',(-0.117804468441,0.594385999759));
#561 = CARTESIAN_POINT('',(-0.117755894488,0.595883701187));
#562 = CARTESIAN_POINT('',(-0.117660177828,0.598835772236));
#563 = CARTESIAN_POINT('',(-0.117562385563,0.601872406323));
#564 = CARTESIAN_POINT('',(-0.117480895605,0.604411844595));
#565 = CARTESIAN_POINT('',(-0.117409491822,0.606639144359));
#566 = CARTESIAN_POINT('',(-0.116039053378,0.649580134004));
#567 = CARTESIAN_POINT('',(-0.114822922865,0.689776498738));
#568 = CARTESIAN_POINT('',(-0.113674755239,0.730056927609));
#569 = CARTESIAN_POINT('',(-0.112598598137,0.770419192026));
#570 = CARTESIAN_POINT('',(-0.111598518105,0.810859625235));
#571 = CARTESIAN_POINT('',(-0.108879368359,0.930603521589));
#572 = CARTESIAN_POINT('',(-0.10738627612,1.010125443263));
#573 = CARTESIAN_POINT('',(-0.10623022325,1.089870238384));
#574 = CARTESIAN_POINT('',(-0.105439663067,1.169784008059));
#575 = CARTESIAN_POINT('',(-0.105040544989,1.249801828993));
#576 = CARTESIAN_POINT('',(-0.10505456478,1.370010966885));
#577 = CARTESIAN_POINT('',(-0.105162376516,1.410214848273));
#578 = CARTESIAN_POINT('',(-0.105375555614,1.450406796253));
#579 = CARTESIAN_POINT('',(-0.105695722257,1.49057523963));
#580 = CARTESIAN_POINT('',(-0.106123872255,1.530708807009));
#581 = CARTESIAN_POINT('',(-0.106660377051,1.570796326795));
#582 = ( GEOMETRIC_REPRESENTATION_CONTEXT(2) 
PARAMETRIC_REPRESENTATION_CONTEXT() REPRESENTATION_CONTEXT('2D SPACE',''
  ) );
#583 = PCURVE('',#314,#584);
#584 = DEFINITIONAL_REPRESENTATION('',(#585),#608);
#585 = B_SPLINE_CURVE_WITH_KNOTS('',6,(#586,#587,#588,#589,#590,#591,
    #592,#593,#594,#595,#596,#597,#598,#599,#600,#601,#602,#603,#604,
    #605,#606,#607),.UNSPECIFIED.,.F.,.F.,(7,5,5,5,7),(0.,
    1.760077609414E-02,0.267035744535,0.754859509471,1.),.UNSPECIFIED.);
#586 = CARTESIAN_POINT('',(-4.342594238386E-02,-1.232697011717));
#587 = CARTESIAN_POINT('',(-4.207883231207E-02,-1.233479509822));
#588 = CARTESIAN_POINT('',(-3.942404925632E-02,-1.235024295623));
#589 = CARTESIAN_POINT('',(-3.670508883929E-02,-1.236625678876));
#590 = CARTESIAN_POINT('',(-3.443654640571E-02,-1.237976527067));
#591 = CARTESIAN_POINT('',(-3.244808025804E-02,-1.239160771399));
#592 = CARTESIAN_POINT('',(5.777109572765E-03,-1.262157812156));
#593 = CARTESIAN_POINT('',(4.035925540774E-02,-1.285351476278));
#594 = CARTESIAN_POINT('',(7.370347286057E-02,-1.310204179148));
#595 = CARTESIAN_POINT('',(0.105698467906,-1.336652527082));
#596 = CARTESIAN_POINT('',(0.136237497572,-1.364622572536));
#597 = CARTESIAN_POINT('',(0.221901059911,-1.451540471515));
#598 = CARTESIAN_POINT('',(0.272638712747,-1.514557227789));
#599 = CARTESIAN_POINT('',(0.316658593816,-1.582429693535));
#600 = CARTESIAN_POINT('',(0.353326064281,-1.654370994582));
#601 = CARTESIAN_POINT('',(0.382156994885,-1.72948054719));
#602 = CARTESIAN_POINT('',(0.413303752912,-1.845584507667));
#603 = CARTESIAN_POINT('',(0.42167587246,-1.88496529151));
#604 = CARTESIAN_POINT('',(0.427969654715,-1.924770103326));
#605 = CARTESIAN_POINT('',(0.432165863312,-1.964872639968));
#606 = CARTESIAN_POINT('',(0.434259423839,-2.005145987139));
#607 = CARTESIAN_POINT('',(0.434259423839,-2.045462619388));
#608 = ( GEOMETRIC_REPRESENTATION_CONTEXT(2) 
PARAMETRIC_REPRESENTATION_CONTEXT() REPRESENTATION_CONTEXT('2D SPACE',''
  ) );
#609 = ORIENTED_EDGE('',*,*,#610,.F.);
#610 = EDGE_CURVE('',#611,#531,#613,.T.);
#611 = VERTEX_POINT('',#612);
#612 = CARTESIAN_POINT('',(-73.,-65.,36.1));
#613 = SURFACE_CURVE('',#614,(#619,#626),.PCURVE_S1.);
#614 = CIRCLE('',#615,8.);
#615 = AXIS2_PLACEMENT_3D('',#616,#617,#618);
#616 = CARTESIAN_POINT('',(-65.,-65.,36.1));
#617 = DIRECTION('',(0.,0.,1.));
#618 = DIRECTION('',(-1.,0.,0.));
#619 = PCURVE('',#77,#620);
#620 = DEFINITIONAL_REPRESENTATION('',(#621),#625);
#621 = LINE('',#622,#623);
#622 = CARTESIAN_POINT('',(-0.,1.570796326795));
#623 = VECTOR('',#624,1.);
#624 = DIRECTION('',(-1.,0.));
#625 = ( GEOMETRIC_REPRESENTATION_CONTEXT(2) 
PARAMETRIC_REPRESENTATION_CONTEXT() REPRESENTATION_CONTEXT('2D SPACE',''
  ) );
#626 = PCURVE('',#627,#632);
#627 = PLANE('',#628);
#628 = AXIS2_PLACEMENT_3D('',#629,#630,#631);
#629 = CARTESIAN_POINT('',(0.,-3.010135135135,36.1));
#630 = DIRECTION('',(0.,0.,1.));
#631 = DIRECTION('',(1.,0.,-0.));
#632 = DEFINITIONAL_REPRESENTATION('',(#633),#637);
#633 = CIRCLE('',#634,8.);
#634 = AXIS2_PLACEMENT_2D('',#635,#636);
#635 = CARTESIAN_POINT('',(-65.,-61.98986486486));
#636 = DIRECTION('',(-1.,0.));
#637 = ( GEOMETRIC_REPRESENTATION_CONTEXT(2) 
PARAMETRIC_REPRESENTATION_CONTEXT() REPRESENTATION_CONTEXT('2D SPACE',''
  ) );
#638 = ORIENTED_EDGE('',*,*,#639,.F.);
#639 = EDGE_CURVE('',#61,#611,#640,.T.);
#640 = SURFACE_CURVE('',#641,(#646,#652),.PCURVE_S1.);
#641 = CIRCLE('',#642,1.);
#642 = AXIS2_PLACEMENT_3D('',#643,#644,#645);
#643 = CARTESIAN_POINT('',(-73.,-65.,37.1));
#644 = DIRECTION('',(0.,-1.,0.));
#645 = DIRECTION('',(-1.,0.,0.));
#646 = PCURVE('',#77,#647);
#647 = DEFINITIONAL_REPRESENTATION('',(#648),#651);
#648 = B_SPLINE_CURVE_WITH_KNOTS('',1,(#649,#650),.UNSPECIFIED.,.F.,.F.,
  (2,2),(0.,1.570796326795),.PIECEWISE_BEZIER_KNOTS.);
#649 = CARTESIAN_POINT('',(0.,0.));
#650 = CARTESIAN_POINT('',(0.,1.570796326795));
#651 = ( GEOMETRIC_REPRESENTATION_CONTEXT(2) 
PARAMETRIC_REPRESENTATION_CONTEXT() REPRESENTATION_CONTEXT('2D SPACE',''
  ) );
#652 = PCURVE('',#412,#653);
#653 = DEFINITIONAL_REPRESENTATION('',(#654),#657);
#654 = B_SPLINE_CURVE_WITH_KNOTS('',1,(#655,#656),.UNSPECIFIED.,.F.,.F.,
  (2,2),(0.,1.570796326795),.PIECEWISE_BEZIER_KNOTS.);
#655 = CARTESIAN_POINT('',(0.,97.));
#656 = CARTESIAN_POINT('',(1.570796326795,97.));
#657 = ( GEOMETRIC_REPRESENTATION_CONTEXT(2) 
PARAMETRIC_REPRESENTATION_CONTEXT() REPRESENTATION_CONTEXT('2D SPACE',''
  ) );
#658 = ORIENTED_EDGE('',*,*,#60,.T.);
#659 = ORIENTED_EDGE('',*,*,#326,.T.);
#660 = ADVANCED_FACE('',(#661),#314,.F.);
#661 = FACE_BOUND('',#662,.F.);
#662 = EDGE_LOOP('',(#663,#664,#665,#745));
#663 = ORIENTED_EDGE('',*,*,#530,.F.);
#664 = ORIENTED_EDGE('',*,*,#298,.T.);
#665 = ORIENTED_EDGE('',*,*,#666,.T.);
#666 = EDGE_CURVE('',#226,#667,#669,.T.);
#667 = VERTEX_POINT('',#668);
#668 = CARTESIAN_POINT('',(72.954537380612,-65.85166604984,36.1));
#669 = SURFACE_CURVE('',#670,(#693,#719),.PCURVE_S1.);
#670 = B_SPLINE_CURVE_WITH_KNOTS('',6,(#671,#672,#673,#674,#675,#676,
    #677,#678,#679,#680,#681,#682,#683,#684,#685,#686,#687,#688,#689,
    #690,#691,#692),.UNSPECIFIED.,.F.,.F.,(7,5,5,5,7),(0.,
    1.760077609415E-02,0.267035744535,0.75485950947,1.),.UNSPECIFIED.);
#671 = CARTESIAN_POINT('',(73.767302988283,-66.03763193139,36.54));
#672 = CARTESIAN_POINT('',(73.766520490178,-66.03710749307,
    36.538759165607));
#673 = CARTESIAN_POINT('',(73.764975704377,-66.03607396953,
    36.536313822653));
#674 = CARTESIAN_POINT('',(73.763374321124,-66.03501546134,
    36.533809365393));
#675 = CARTESIAN_POINT('',(73.762023472933,-66.03413230367,
    36.531719791917));
#676 = CARTESIAN_POINT('',(73.760839228601,-66.03335818145,
    36.52988819906));
#677 = CARTESIAN_POINT('',(73.737842187844,-66.0184768775,
    36.494678655886));
#678 = CARTESIAN_POINT('',(73.714648523722,-66.00501383322,
    36.462824751112));
#679 = CARTESIAN_POINT('',(73.689795820852,-65.99203272216,
    36.432111112561));
#680 = CARTESIAN_POINT('',(73.663347472918,-65.97957687176,
    36.402640254094));
#681 = CARTESIAN_POINT('',(73.635377427464,-65.96768783773,
    36.374510497557));
#682 = CARTESIAN_POINT('',(73.548459528485,-65.93433848057,
    36.295605071319));
#683 = CARTESIAN_POINT('',(73.485442772211,-65.91458599702,
    36.248870193455));
#684 = CARTESIAN_POINT('',(73.417570306466,-65.89744878377,
    36.208323111548));
#685 = CARTESIAN_POINT('',(73.345629005419,-65.88317390966,
    36.174548396755));
#686 = CARTESIAN_POINT('',(73.27051945281,-65.87194984921,
    36.147991984601));
#687 = CARTESIAN_POINT('',(73.154415492334,-65.85982422275,
    36.11930244437));
#688 = CARTESIAN_POINT('',(73.115034708491,-65.85656490458,
    36.111590814788));
#689 = CARTESIAN_POINT('',(73.075229896675,-65.85411469604,
    36.105793559129));
#690 = CARTESIAN_POINT('',(73.035127360032,-65.85248108596,
    36.101928396172));
#691 = CARTESIAN_POINT('',(72.994854012861,-65.85166604984,36.1));
#692 = CARTESIAN_POINT('',(72.954537380612,-65.85166604984,36.1));
#693 = PCURVE('',#314,#694);
#694 = DEFINITIONAL_REPRESENTATION('',(#695),#718);
#695 = B_SPLINE_CURVE_WITH_KNOTS('',6,(#696,#697,#698,#699,#700,#701,
    #702,#703,#704,#705,#706,#707,#708,#709,#710,#711,#712,#713,#714,
    #715,#716,#717),.UNSPECIFIED.,.F.,.F.,(7,5,5,5,7),(0.,
    1.760077609415E-02,0.267035744535,0.75485950947,1.),.UNSPECIFIED.);
#696 = CARTESIAN_POINT('',(-4.342594238386E-02,-148.7673029882));
#697 = CARTESIAN_POINT('',(-4.207883231207E-02,-148.7665204901));
#698 = CARTESIAN_POINT('',(-3.942404925632E-02,-148.7649757043));
#699 = CARTESIAN_POINT('',(-3.670508883929E-02,-148.7633743211));
#700 = CARTESIAN_POINT('',(-3.443654640571E-02,-148.7620234729));
#701 = CARTESIAN_POINT('',(-3.244808025804E-02,-148.7608392286));
#702 = CARTESIAN_POINT('',(5.777109572763E-03,-148.7378421878));
#703 = CARTESIAN_POINT('',(4.035925540774E-02,-148.7146485237));
#704 = CARTESIAN_POINT('',(7.370347286057E-02,-148.6897958208));
#705 = CARTESIAN_POINT('',(0.105698467906,-148.6633474729));
#706 = CARTESIAN_POINT('',(0.136237497572,-148.6353774274));
#707 = CARTESIAN_POINT('',(0.221901059911,-148.5484595284));
#708 = CARTESIAN_POINT('',(0.272638712747,-148.4854427722));
#709 = CARTESIAN_POINT('',(0.316658593816,-148.4175703064));
#710 = CARTESIAN_POINT('',(0.353326064281,-148.3456290054));
#711 = CARTESIAN_POINT('',(0.382156994885,-148.2705194528));
#712 = CARTESIAN_POINT('',(0.413303752912,-148.1544154923));
#713 = CARTESIAN_POINT('',(0.42167587246,-148.1150347084));
#714 = CARTESIAN_POINT('',(0.427969654715,-148.0752298966));
#715 = CARTESIAN_POINT('',(0.432165863312,-148.03512736));
#716 = CARTESIAN_POINT('',(0.434259423839,-147.9948540128));
#717 = CARTESIAN_POINT('',(0.434259423839,-147.9545373806));
#718 = ( GEOMETRIC_REPRESENTATION_CONTEXT(2) 
PARAMETRIC_REPRESENTATION_CONTEXT() REPRESENTATION_CONTEXT('2D SPACE',''
  ) );
#719 = PCURVE('',#271,#720);
#720 = DEFINITIONAL_REPRESENTATION('',(#721),#744);
#721 = B_SPLINE_CURVE_WITH_KNOTS('',6,(#722,#723,#724,#725,#726,#727,
    #728,#729,#730,#731,#732,#733,#734,#735,#736,#737,#738,#739,#740,
    #741,#742,#743),.UNSPECIFIED.,.F.,.F.,(7,5,5,5,7),(0.,
    1.760077609415E-02,0.267035744535,0.75485950947,1.),.UNSPECIFIED.);
#722 = CARTESIAN_POINT('',(-1.452991858354,0.594385999759));
#723 = CARTESIAN_POINT('',(-1.453040432307,0.595883701187));
#724 = CARTESIAN_POINT('',(-1.453136148967,0.598835772236));
#725 = CARTESIAN_POINT('',(-1.453233941231,0.601872406323));
#726 = CARTESIAN_POINT('',(-1.45331543119,0.604411844595));
#727 = CARTESIAN_POINT('',(-1.453386834973,0.606639144359));
#728 = CARTESIAN_POINT('',(-1.454757273417,0.649580134004));
#729 = CARTESIAN_POINT('',(-1.45597340393,0.689776498738));
#730 = CARTESIAN_POINT('',(-1.457121571556,0.730056927609));
#731 = CARTESIAN_POINT('',(-1.458197728658,0.770419192026));
#732 = CARTESIAN_POINT('',(-1.45919780869,0.810859625235));
#733 = CARTESIAN_POINT('',(-1.461916958436,0.930603521588));
#734 = CARTESIAN_POINT('',(-1.463410050675,1.010125443262));
#735 = CARTESIAN_POINT('',(-1.464566103545,1.089870238384));
#736 = CARTESIAN_POINT('',(-1.465356663727,1.169784008059));
#737 = CARTESIAN_POINT('',(-1.465755781805,1.249801828993));
#738 = CARTESIAN_POINT('',(-1.465741762015,1.370010966884));
#739 = CARTESIAN_POINT('',(-1.465633950278,1.410214848272));
#740 = CARTESIAN_POINT('',(-1.46542077118,1.450406796253));
#741 = CARTESIAN_POINT('',(-1.465100604538,1.49057523963));
#742 = CARTESIAN_POINT('',(-1.46467245454,1.530708807009));
#743 = CARTESIAN_POINT('',(-1.464135949744,1.570796326795));
#744 = ( GEOMETRIC_REPRESENTATION_CONTEXT(2) 
PARAMETRIC_REPRESENTATION_CONTEXT() REPRESENTATION_CONTEXT('2D SPACE',''
  ) );
#745 = ORIENTED_EDGE('',*,*,#746,.F.);
#746 = EDGE_CURVE('',#531,#667,#747,.T.);
#747 = SURFACE_CURVE('',#748,(#752,#759),.PCURVE_S1.);
#748 = LINE('',#749,#750);
#749 = CARTESIAN_POINT('',(-75.,-65.85166604984,36.1));
#750 = VECTOR('',#751,1.);
#751 = DIRECTION('',(1.,0.,0.));
#752 = PCURVE('',#314,#753);
#753 = DEFINITIONAL_REPRESENTATION('',(#754),#758);
#754 = LINE('',#755,#756);
#755 = CARTESIAN_POINT('',(0.434259423839,0.));
#756 = VECTOR('',#757,1.);
#757 = DIRECTION('',(0.,-1.));
#758 = ( GEOMETRIC_REPRESENTATION_CONTEXT(2) 
PARAMETRIC_REPRESENTATION_CONTEXT() REPRESENTATION_CONTEXT('2D SPACE',''
  ) );
#759 = PCURVE('',#627,#760);
#760 = DEFINITIONAL_REPRESENTATION('',(#761),#765);
#761 = LINE('',#762,#763);
#762 = CARTESIAN_POINT('',(-75.,-62.8415309147));
#763 = VECTOR('',#764,1.);
#764 = DIRECTION('',(1.,0.));
#765 = ( GEOMETRIC_REPRESENTATION_CONTEXT(2) 
PARAMETRIC_REPRESENTATION_CONTEXT() REPRESENTATION_CONTEXT('2D SPACE',''
  ) );
#766 = ADVANCED_FACE('',(#767),#271,.T.);
#767 = FACE_BOUND('',#768,.F.);
#768 = EDGE_LOOP('',(#769,#770,#794,#821,#843));
#769 = ORIENTED_EDGE('',*,*,#225,.F.);
#770 = ORIENTED_EDGE('',*,*,#771,.T.);
#771 = EDGE_CURVE('',#194,#772,#774,.T.);
#772 = VERTEX_POINT('',#773);
#773 = CARTESIAN_POINT('',(74.,-65.,37.1));
#774 = SURFACE_CURVE('',#775,(#780,#787),.PCURVE_S1.);
#775 = CIRCLE('',#776,9.);
#776 = AXIS2_PLACEMENT_3D('',#777,#778,#779);
#777 = CARTESIAN_POINT('',(65.,-65.,37.1));
#778 = DIRECTION('',(0.,0.,1.));
#779 = DIRECTION('',(0.,-1.,0.));
#780 = PCURVE('',#271,#781);
#781 = DEFINITIONAL_REPRESENTATION('',(#782),#786);
#782 = LINE('',#783,#784);
#783 = CARTESIAN_POINT('',(-0.,0.));
#784 = VECTOR('',#785,1.);
#785 = DIRECTION('',(-1.,0.));
#786 = ( GEOMETRIC_REPRESENTATION_CONTEXT(2) 
PARAMETRIC_REPRESENTATION_CONTEXT() REPRESENTATION_CONTEXT('2D SPACE',''
  ) );
#787 = PCURVE('',#210,#788);
#788 = DEFINITIONAL_REPRESENTATION('',(#789),#793);
#789 = LINE('',#790,#791);
#790 = CARTESIAN_POINT('',(0.,1.));
#791 = VECTOR('',#792,1.);
#792 = DIRECTION('',(1.,0.));
#793 = ( GEOMETRIC_REPRESENTATION_CONTEXT(2) 
PARAMETRIC_REPRESENTATION_CONTEXT() REPRESENTATION_CONTEXT('2D SPACE',''
  ) );
#794 = ORIENTED_EDGE('',*,*,#795,.T.);
#795 = EDGE_CURVE('',#772,#796,#798,.T.);
#796 = VERTEX_POINT('',#797);
#797 = CARTESIAN_POINT('',(73.,-65.,36.1));
#798 = SURFACE_CURVE('',#799,(#804,#810),.PCURVE_S1.);
#799 = CIRCLE('',#800,1.);
#800 = AXIS2_PLACEMENT_3D('',#801,#802,#803);
#801 = CARTESIAN_POINT('',(73.,-65.,37.1));
#802 = DIRECTION('',(6.123233995737E-17,1.,0.));
#803 = DIRECTION('',(1.,-6.123233995737E-17,0.));
#804 = PCURVE('',#271,#805);
#805 = DEFINITIONAL_REPRESENTATION('',(#806),#809);
#806 = B_SPLINE_CURVE_WITH_KNOTS('',1,(#807,#808),.UNSPECIFIED.,.F.,.F.,
  (2,2),(0.,1.570796326795),.PIECEWISE_BEZIER_KNOTS.);
#807 = CARTESIAN_POINT('',(-1.570796326795,0.));
#808 = CARTESIAN_POINT('',(-1.570796326795,1.570796326795));
#809 = ( GEOMETRIC_REPRESENTATION_CONTEXT(2) 
PARAMETRIC_REPRESENTATION_CONTEXT() REPRESENTATION_CONTEXT('2D SPACE',''
  ) );
#810 = PCURVE('',#811,#816);
#811 = CYLINDRICAL_SURFACE('',#812,1.);
#812 = AXIS2_PLACEMENT_3D('',#813,#814,#815);
#813 = CARTESIAN_POINT('',(73.,-65.,37.1));
#814 = DIRECTION('',(0.,1.,0.));
#815 = DIRECTION('',(1.,0.,-0.));
#816 = DEFINITIONAL_REPRESENTATION('',(#817),#820);
#817 = B_SPLINE_CURVE_WITH_KNOTS('',1,(#818,#819),.UNSPECIFIED.,.F.,.F.,
  (2,2),(0.,1.570796326795),.PIECEWISE_BEZIER_KNOTS.);
#818 = CARTESIAN_POINT('',(0.,0.));
#819 = CARTESIAN_POINT('',(1.570796326795,0.));
#820 = ( GEOMETRIC_REPRESENTATION_CONTEXT(2) 
PARAMETRIC_REPRESENTATION_CONTEXT() REPRESENTATION_CONTEXT('2D SPACE',''
  ) );
#821 = ORIENTED_EDGE('',*,*,#822,.F.);
#822 = EDGE_CURVE('',#667,#796,#823,.T.);
#823 = SURFACE_CURVE('',#824,(#829,#836),.PCURVE_S1.);
#824 = CIRCLE('',#825,8.);
#825 = AXIS2_PLACEMENT_3D('',#826,#827,#828);
#826 = CARTESIAN_POINT('',(65.,-65.,36.1));
#827 = DIRECTION('',(0.,0.,1.));
#828 = DIRECTION('',(0.,-1.,0.));
#829 = PCURVE('',#271,#830);
#830 = DEFINITIONAL_REPRESENTATION('',(#831),#835);
#831 = LINE('',#832,#833);
#832 = CARTESIAN_POINT('',(-0.,1.570796326795));
#833 = VECTOR('',#834,1.);
#834 = DIRECTION('',(-1.,0.));
#835 = ( GEOMETRIC_REPRESENTATION_CONTEXT(2) 
PARAMETRIC_REPRESENTATION_CONTEXT() REPRESENTATION_CONTEXT('2D SPACE',''
  ) );
#836 = PCURVE('',#627,#837);
#837 = DEFINITIONAL_REPRESENTATION('',(#838),#842);
#838 = CIRCLE('',#839,8.);
#839 = AXIS2_PLACEMENT_2D('',#840,#841);
#840 = CARTESIAN_POINT('',(65.,-61.98986486486));
#841 = DIRECTION('',(0.,-1.));
#842 = ( GEOMETRIC_REPRESENTATION_CONTEXT(2) 
PARAMETRIC_REPRESENTATION_CONTEXT() REPRESENTATION_CONTEXT('2D SPACE',''
  ) );
#843 = ORIENTED_EDGE('',*,*,#666,.F.);
#844 = ADVANCED_FACE('',(#845),#210,.T.);
#845 = FACE_BOUND('',#846,.T.);
#846 = EDGE_LOOP('',(#847,#848,#849));
#847 = ORIENTED_EDGE('',*,*,#193,.T.);
#848 = ORIENTED_EDGE('',*,*,#771,.T.);
#849 = ORIENTED_EDGE('',*,*,#850,.T.);
#850 = EDGE_CURVE('',#772,#168,#851,.T.);
#851 = SURFACE_CURVE('',#852,(#856,#863),.PCURVE_S1.);
#852 = LINE('',#853,#854);
#853 = CARTESIAN_POINT('',(74.,-65.,36.1));
#854 = VECTOR('',#855,1.);
#855 = DIRECTION('',(0.,0.,1.));
#856 = PCURVE('',#210,#857);
#857 = DEFINITIONAL_REPRESENTATION('',(#858),#862);
#858 = LINE('',#859,#860);
#859 = CARTESIAN_POINT('',(1.570796326795,0.));
#860 = VECTOR('',#861,1.);
#861 = DIRECTION('',(0.,1.));
#862 = ( GEOMETRIC_REPRESENTATION_CONTEXT(2) 
PARAMETRIC_REPRESENTATION_CONTEXT() REPRESENTATION_CONTEXT('2D SPACE',''
  ) );
#863 = PCURVE('',#182,#864);
#864 = DEFINITIONAL_REPRESENTATION('',(#865),#869);
#865 = LINE('',#866,#867);
#866 = CARTESIAN_POINT('',(9.,0.));
#867 = VECTOR('',#868,1.);
#868 = DIRECTION('',(0.,-1.));
#869 = ( GEOMETRIC_REPRESENTATION_CONTEXT(2) 
PARAMETRIC_REPRESENTATION_CONTEXT() REPRESENTATION_CONTEXT('2D SPACE',''
  ) );
#870 = ADVANCED_FACE('',(#871),#182,.F.);
#871 = FACE_BOUND('',#872,.F.);
#872 = EDGE_LOOP('',(#873,#896,#897,#898,#919,#940,#968));
#873 = ORIENTED_EDGE('',*,*,#874,.F.);
#874 = EDGE_CURVE('',#772,#875,#877,.T.);
#875 = VERTEX_POINT('',#876);
#876 = CARTESIAN_POINT('',(74.,32.,37.1));
#877 = SURFACE_CURVE('',#878,(#882,#889),.PCURVE_S1.);
#878 = LINE('',#879,#880);
#879 = CARTESIAN_POINT('',(74.,-65.,37.1));
#880 = VECTOR('',#881,1.);
#881 = DIRECTION('',(0.,1.,0.));
#882 = PCURVE('',#182,#883);
#883 = DEFINITIONAL_REPRESENTATION('',(#884),#888);
#884 = LINE('',#885,#886);
#885 = CARTESIAN_POINT('',(9.,-1.));
#886 = VECTOR('',#887,1.);
#887 = DIRECTION('',(1.,0.));
#888 = ( GEOMETRIC_REPRESENTATION_CONTEXT(2) 
PARAMETRIC_REPRESENTATION_CONTEXT() REPRESENTATION_CONTEXT('2D SPACE',''
  ) );
#889 = PCURVE('',#811,#890);
#890 = DEFINITIONAL_REPRESENTATION('',(#891),#895);
#891 = LINE('',#892,#893);
#892 = CARTESIAN_POINT('',(0.,0.));
#893 = VECTOR('',#894,1.);
#894 = DIRECTION('',(0.,1.));
#895 = ( GEOMETRIC_REPRESENTATION_CONTEXT(2) 
PARAMETRIC_REPRESENTATION_CONTEXT() REPRESENTATION_CONTEXT('2D SPACE',''
  ) );
#896 = ORIENTED_EDGE('',*,*,#850,.T.);
#897 = ORIENTED_EDGE('',*,*,#167,.F.);
#898 = ORIENTED_EDGE('',*,*,#899,.F.);
#899 = EDGE_CURVE('',#900,#140,#902,.T.);
#900 = VERTEX_POINT('',#901);
#901 = CARTESIAN_POINT('',(74.,-63.7,40.1));
#902 = SURFACE_CURVE('',#903,(#907,#913),.PCURVE_S1.);
#903 = LINE('',#904,#905);
#904 = CARTESIAN_POINT('',(74.,-68.85,40.1));
#905 = VECTOR('',#906,1.);
#906 = DIRECTION('',(-0.,-1.,-0.));
#907 = PCURVE('',#182,#908);
#908 = DEFINITIONAL_REPRESENTATION('',(#909),#912);
#909 = B_SPLINE_CURVE_WITH_KNOTS('',1,(#910,#911),.UNSPECIFIED.,.F.,.F.,
  (2,2),(-5.15,-4.907735026919),.PIECEWISE_BEZIER_KNOTS.);
#910 = CARTESIAN_POINT('',(10.3,-4.));
#911 = CARTESIAN_POINT('',(10.057735026919,-4.));
#912 = ( GEOMETRIC_REPRESENTATION_CONTEXT(2) 
PARAMETRIC_REPRESENTATION_CONTEXT() REPRESENTATION_CONTEXT('2D SPACE',''
  ) );
#913 = PCURVE('',#155,#914);
#914 = DEFINITIONAL_REPRESENTATION('',(#915),#918);
#915 = B_SPLINE_CURVE_WITH_KNOTS('',1,(#916,#917),.UNSPECIFIED.,.F.,.F.,
  (2,2),(-5.15,-4.907735026919),.PIECEWISE_BEZIER_KNOTS.);
#916 = CARTESIAN_POINT('',(0.,-149.));
#917 = CARTESIAN_POINT('',(0.242264973081,-149.));
#918 = ( GEOMETRIC_REPRESENTATION_CONTEXT(2) 
PARAMETRIC_REPRESENTATION_CONTEXT() REPRESENTATION_CONTEXT('2D SPACE',''
  ) );
#919 = ORIENTED_EDGE('',*,*,#920,.F.);
#920 = EDGE_CURVE('',#921,#900,#923,.T.);
#921 = VERTEX_POINT('',#922);
#922 = CARTESIAN_POINT('',(74.,-63.7,42.5));
#923 = SURFACE_CURVE('',#924,(#928,#934),.PCURVE_S1.);
#924 = LINE('',#925,#926);
#925 = CARTESIAN_POINT('',(74.,-63.7,40.8));
#926 = VECTOR('',#927,1.);
#927 = DIRECTION('',(0.,0.,-1.));
#928 = PCURVE('',#182,#929);
#929 = DEFINITIONAL_REPRESENTATION('',(#930),#933);
#930 = B_SPLINE_CURVE_WITH_KNOTS('',1,(#931,#932),.UNSPECIFIED.,.F.,.F.,
  (2,2),(-1.7,0.7),.PIECEWISE_BEZIER_KNOTS.);
#931 = CARTESIAN_POINT('',(10.3,-6.4));
#932 = CARTESIAN_POINT('',(10.3,-4.));
#933 = ( GEOMETRIC_REPRESENTATION_CONTEXT(2) 
PARAMETRIC_REPRESENTATION_CONTEXT() REPRESENTATION_CONTEXT('2D SPACE',''
  ) );
#934 = PCURVE('',#495,#935);
#935 = DEFINITIONAL_REPRESENTATION('',(#936),#939);
#936 = B_SPLINE_CURVE_WITH_KNOTS('',1,(#937,#938),.UNSPECIFIED.,.F.,.F.,
  (2,2),(-1.7,0.7),.PIECEWISE_BEZIER_KNOTS.);
#937 = CARTESIAN_POINT('',(3.,-149.));
#938 = CARTESIAN_POINT('',(5.4,-149.));
#939 = ( GEOMETRIC_REPRESENTATION_CONTEXT(2) 
PARAMETRIC_REPRESENTATION_CONTEXT() REPRESENTATION_CONTEXT('2D SPACE',''
  ) );
#940 = ORIENTED_EDGE('',*,*,#941,.T.);
#941 = EDGE_CURVE('',#921,#942,#944,.T.);
#942 = VERTEX_POINT('',#943);
#943 = CARTESIAN_POINT('',(74.,32.,42.5));
#944 = SURFACE_CURVE('',#945,(#949,#956),.PCURVE_S1.);
#945 = LINE('',#946,#947);
#946 = CARTESIAN_POINT('',(74.,-65.,42.5));
#947 = VECTOR('',#948,1.);
#948 = DIRECTION('',(0.,1.,0.));
#949 = PCURVE('',#182,#950);
#950 = DEFINITIONAL_REPRESENTATION('',(#951),#955);
#951 = LINE('',#952,#953);
#952 = CARTESIAN_POINT('',(9.,-6.4));
#953 = VECTOR('',#954,1.);
#954 = DIRECTION('',(1.,0.));
#955 = ( GEOMETRIC_REPRESENTATION_CONTEXT(2) 
PARAMETRIC_REPRESENTATION_CONTEXT() REPRESENTATION_CONTEXT('2D SPACE',''
  ) );
#956 = PCURVE('',#957,#962);
#957 = CYLINDRICAL_SURFACE('',#958,1.);
#958 = AXIS2_PLACEMENT_3D('',#959,#960,#961);
#959 = CARTESIAN_POINT('',(73.,-65.,42.5));
#960 = DIRECTION('',(0.,1.,0.));
#961 = DIRECTION('',(1.,0.,-0.));
#962 = DEFINITIONAL_REPRESENTATION('',(#963),#967);
#963 = LINE('',#964,#965);
#964 = CARTESIAN_POINT('',(-0.,0.));
#965 = VECTOR('',#966,1.);
#966 = DIRECTION('',(-0.,1.));
#967 = ( GEOMETRIC_REPRESENTATION_CONTEXT(2) 
PARAMETRIC_REPRESENTATION_CONTEXT() REPRESENTATION_CONTEXT('2D SPACE',''
  ) );
#968 = ORIENTED_EDGE('',*,*,#969,.F.);
#969 = EDGE_CURVE('',#875,#942,#970,.T.);
#970 = SURFACE_CURVE('',#971,(#975,#982),.PCURVE_S1.);
#971 = LINE('',#972,#973);
#972 = CARTESIAN_POINT('',(74.,32.,36.1));
#973 = VECTOR('',#974,1.);
#974 = DIRECTION('',(0.,0.,1.));
#975 = PCURVE('',#182,#976);
#976 = DEFINITIONAL_REPRESENTATION('',(#977),#981);
#977 = LINE('',#978,#979);
#978 = CARTESIAN_POINT('',(106.,0.));
#979 = VECTOR('',#980,1.);
#980 = DIRECTION('',(0.,-1.));
#981 = ( GEOMETRIC_REPRESENTATION_CONTEXT(2) 
PARAMETRIC_REPRESENTATION_CONTEXT() REPRESENTATION_CONTEXT('2D SPACE',''
  ) );
#982 = PCURVE('',#983,#988);
#983 = CYLINDRICAL_SURFACE('',#984,9.);
#984 = AXIS2_PLACEMENT_3D('',#985,#986,#987);
#985 = CARTESIAN_POINT('',(65.,32.,36.1));
#986 = DIRECTION('',(0.,0.,1.));
#987 = DIRECTION('',(1.,0.,-0.));
#988 = DEFINITIONAL_REPRESENTATION('',(#989),#993);
#989 = LINE('',#990,#991);
#990 = CARTESIAN_POINT('',(0.,0.));
#991 = VECTOR('',#992,1.);
#992 = DIRECTION('',(0.,1.));
#993 = ( GEOMETRIC_REPRESENTATION_CONTEXT(2) 
PARAMETRIC_REPRESENTATION_CONTEXT() REPRESENTATION_CONTEXT('2D SPACE',''
  ) );
#994 = ADVANCED_FACE('',(#995),#155,.F.);
#995 = FACE_BOUND('',#996,.F.);
#996 = EDGE_LOOP('',(#997,#998,#1019,#1020));
#997 = ORIENTED_EDGE('',*,*,#506,.T.);
#998 = ORIENTED_EDGE('',*,*,#999,.T.);
#999 = EDGE_CURVE('',#481,#900,#1000,.T.);
#1000 = SURFACE_CURVE('',#1001,(#1005,#1012),.PCURVE_S1.);
#1001 = LINE('',#1002,#1003);
#1002 = CARTESIAN_POINT('',(-75.,-63.7,40.1));
#1003 = VECTOR('',#1004,1.);
#1004 = DIRECTION('',(1.,0.,0.));
#1005 = PCURVE('',#155,#1006);
#1006 = DEFINITIONAL_REPRESENTATION('',(#1007),#1011);
#1007 = LINE('',#1008,#1009);
#1008 = CARTESIAN_POINT('',(0.,-0.));
#1009 = VECTOR('',#1010,1.);
#1010 = DIRECTION('',(0.,-1.));
#1011 = ( GEOMETRIC_REPRESENTATION_CONTEXT(2) 
PARAMETRIC_REPRESENTATION_CONTEXT() REPRESENTATION_CONTEXT('2D SPACE',''
  ) );
#1012 = PCURVE('',#495,#1013);
#1013 = DEFINITIONAL_REPRESENTATION('',(#1014),#1018);
#1014 = LINE('',#1015,#1016);
#1015 = CARTESIAN_POINT('',(5.4,0.));
#1016 = VECTOR('',#1017,1.);
#1017 = DIRECTION('',(0.,-1.));
#1018 = ( GEOMETRIC_REPRESENTATION_CONTEXT(2) 
PARAMETRIC_REPRESENTATION_CONTEXT() REPRESENTATION_CONTEXT('2D SPACE',''
  ) );
#1019 = ORIENTED_EDGE('',*,*,#899,.T.);
#1020 = ORIENTED_EDGE('',*,*,#139,.F.);
#1021 = ADVANCED_FACE('',(#1022),#412,.T.);
#1022 = FACE_BOUND('',#1023,.T.);
#1023 = EDGE_LOOP('',(#1024,#1051,#1072,#1073));
#1024 = ORIENTED_EDGE('',*,*,#1025,.T.);
#1025 = EDGE_CURVE('',#397,#1026,#1028,.T.);
#1026 = VERTEX_POINT('',#1027);
#1027 = CARTESIAN_POINT('',(-73.,32.,36.1));
#1028 = SURFACE_CURVE('',#1029,(#1034,#1040),.PCURVE_S1.);
#1029 = CIRCLE('',#1030,1.);
#1030 = AXIS2_PLACEMENT_3D('',#1031,#1032,#1033);
#1031 = CARTESIAN_POINT('',(-73.,32.,37.1));
#1032 = DIRECTION('',(-6.123233995737E-17,-1.,0.));
#1033 = DIRECTION('',(-1.,6.123233995737E-17,0.));
#1034 = PCURVE('',#412,#1035);
#1035 = DEFINITIONAL_REPRESENTATION('',(#1036),#1039);
#1036 = B_SPLINE_CURVE_WITH_KNOTS('',1,(#1037,#1038),.UNSPECIFIED.,.F.,
  .F.,(2,2),(0.,1.570796326795),.PIECEWISE_BEZIER_KNOTS.);
#1037 = CARTESIAN_POINT('',(0.,0.));
#1038 = CARTESIAN_POINT('',(1.570796326795,0.));
#1039 = ( GEOMETRIC_REPRESENTATION_CONTEXT(2) 
PARAMETRIC_REPRESENTATION_CONTEXT() REPRESENTATION_CONTEXT('2D SPACE',''
  ) );
#1040 = PCURVE('',#1041,#1046);
#1041 = TOROIDAL_SURFACE('',#1042,8.,1.);
#1042 = AXIS2_PLACEMENT_3D('',#1043,#1044,#1045);
#1043 = CARTESIAN_POINT('',(-65.,32.,37.1));
#1044 = DIRECTION('',(-0.,-0.,-1.));
#1045 = DIRECTION('',(0.,1.,-0.));
#1046 = DEFINITIONAL_REPRESENTATION('',(#1047),#1050);
#1047 = B_SPLINE_CURVE_WITH_KNOTS('',1,(#1048,#1049),.UNSPECIFIED.,.F.,
  .F.,(2,2),(0.,1.570796326795),.PIECEWISE_BEZIER_KNOTS.);
#1048 = CARTESIAN_POINT('',(-1.570796326795,0.));
#1049 = CARTESIAN_POINT('',(-1.570796326795,1.570796326795));
#1050 = ( GEOMETRIC_REPRESENTATION_CONTEXT(2) 
PARAMETRIC_REPRESENTATION_CONTEXT() REPRESENTATION_CONTEXT('2D SPACE',''
  ) );
#1051 = ORIENTED_EDGE('',*,*,#1052,.T.);
#1052 = EDGE_CURVE('',#1026,#611,#1053,.T.);
#1053 = SURFACE_CURVE('',#1054,(#1058,#1065),.PCURVE_S1.);
#1054 = LINE('',#1055,#1056);
#1055 = CARTESIAN_POINT('',(-73.,32.,36.1));
#1056 = VECTOR('',#1057,1.);
#1057 = DIRECTION('',(0.,-1.,0.));
#1058 = PCURVE('',#412,#1059);
#1059 = DEFINITIONAL_REPRESENTATION('',(#1060),#1064);
#1060 = LINE('',#1061,#1062);
#1061 = CARTESIAN_POINT('',(1.570796326795,0.));
#1062 = VECTOR('',#1063,1.);
#1063 = DIRECTION('',(0.,1.));
#1064 = ( GEOMETRIC_REPRESENTATION_CONTEXT(2) 
PARAMETRIC_REPRESENTATION_CONTEXT() REPRESENTATION_CONTEXT('2D SPACE',''
  ) );
#1065 = PCURVE('',#627,#1066);
#1066 = DEFINITIONAL_REPRESENTATION('',(#1067),#1071);
#1067 = LINE('',#1068,#1069);
#1068 = CARTESIAN_POINT('',(-73.,35.010135135135));
#1069 = VECTOR('',#1070,1.);
#1070 = DIRECTION('',(0.,-1.));
#1071 = ( GEOMETRIC_REPRESENTATION_CONTEXT(2) 
PARAMETRIC_REPRESENTATION_CONTEXT() REPRESENTATION_CONTEXT('2D SPACE',''
  ) );
#1072 = ORIENTED_EDGE('',*,*,#639,.F.);
#1073 = ORIENTED_EDGE('',*,*,#396,.F.);
#1074 = ADVANCED_FACE('',(#1075),#495,.F.);
#1075 = FACE_BOUND('',#1076,.F.);
#1076 = EDGE_LOOP('',(#1077,#1078,#1079,#1107,#1133,#1155));
#1077 = ORIENTED_EDGE('',*,*,#999,.F.);
#1078 = ORIENTED_EDGE('',*,*,#480,.T.);
#1079 = ORIENTED_EDGE('',*,*,#1080,.F.);
#1080 = EDGE_CURVE('',#1081,#453,#1083,.T.);
#1081 = VERTEX_POINT('',#1082);
#1082 = CARTESIAN_POINT('',(-73.,-63.7,43.5));
#1083 = SURFACE_CURVE('',#1084,(#1089,#1100),.PCURVE_S1.);
#1084 = CIRCLE('',#1085,1.);
#1085 = AXIS2_PLACEMENT_3D('',#1086,#1087,#1088);
#1086 = CARTESIAN_POINT('',(-73.,-63.7,42.5));
#1087 = DIRECTION('',(0.,-1.,0.));
#1088 = DIRECTION('',(-1.,0.,0.));
#1089 = PCURVE('',#495,#1090);
#1090 = DEFINITIONAL_REPRESENTATION('',(#1091),#1099);
#1091 = ( BOUNDED_CURVE() B_SPLINE_CURVE(2,(#1092,#1093,#1094,#1095,
#1096,#1097,#1098),.UNSPECIFIED.,.T.,.F.) B_SPLINE_CURVE_WITH_KNOTS((1,2
    ,2,2,2,1),(-2.094395102393,0.,2.094395102393,4.188790204786,
6.28318530718,8.377580409573),.UNSPECIFIED.) CURVE() 
GEOMETRIC_REPRESENTATION_ITEM() RATIONAL_B_SPLINE_CURVE((1.,0.5,1.,0.5,
1.,0.5,1.)) REPRESENTATION_ITEM('') );
#1092 = CARTESIAN_POINT('',(3.,-1.));
#1093 = CARTESIAN_POINT('',(4.732050807569,-1.));
#1094 = CARTESIAN_POINT('',(3.866025403784,-2.5));
#1095 = CARTESIAN_POINT('',(3.,-4.));
#1096 = CARTESIAN_POINT('',(2.133974596216,-2.5));
#1097 = CARTESIAN_POINT('',(1.267949192431,-1.));
#1098 = CARTESIAN_POINT('',(3.,-1.));
#1099 = ( GEOMETRIC_REPRESENTATION_CONTEXT(2) 
PARAMETRIC_REPRESENTATION_CONTEXT() REPRESENTATION_CONTEXT('2D SPACE',''
  ) );
#1100 = PCURVE('',#468,#1101);
#1101 = DEFINITIONAL_REPRESENTATION('',(#1102),#1106);
#1102 = LINE('',#1103,#1104);
#1103 = CARTESIAN_POINT('',(-6.28318530718,95.7));
#1104 = VECTOR('',#1105,1.);
#1105 = DIRECTION('',(1.,-0.));
#1106 = ( GEOMETRIC_REPRESENTATION_CONTEXT(2) 
PARAMETRIC_REPRESENTATION_CONTEXT() REPRESENTATION_CONTEXT('2D SPACE',''
  ) );
#1107 = ORIENTED_EDGE('',*,*,#1108,.F.);
#1108 = EDGE_CURVE('',#1109,#1081,#1111,.T.);
#1109 = VERTEX_POINT('',#1110);
#1110 = CARTESIAN_POINT('',(73.,-63.7,43.5));
#1111 = SURFACE_CURVE('',#1112,(#1116,#1122),.PCURVE_S1.);
#1112 = LINE('',#1113,#1114);
#1113 = CARTESIAN_POINT('',(-37.5,-63.7,43.5));
#1114 = VECTOR('',#1115,1.);
#1115 = DIRECTION('',(-1.,-0.,0.));
#1116 = PCURVE('',#495,#1117);
#1117 = DEFINITIONAL_REPRESENTATION('',(#1118),#1121);
#1118 = B_SPLINE_CURVE_WITH_KNOTS('',1,(#1119,#1120),.UNSPECIFIED.,.F.,
  .F.,(2,2),(-110.5,35.5),.PIECEWISE_BEZIER_KNOTS.);
#1119 = CARTESIAN_POINT('',(2.,-148.));
#1120 = CARTESIAN_POINT('',(2.,-2.));
#1121 = ( GEOMETRIC_REPRESENTATION_CONTEXT(2) 
PARAMETRIC_REPRESENTATION_CONTEXT() REPRESENTATION_CONTEXT('2D SPACE',''
  ) );
#1122 = PCURVE('',#1123,#1128);
#1123 = PLANE('',#1124);
#1124 = AXIS2_PLACEMENT_3D('',#1125,#1126,#1127);
#1125 = CARTESIAN_POINT('',(0.,-3.010135135135,43.5));
#1126 = DIRECTION('',(0.,0.,1.));
#1127 = DIRECTION('',(1.,0.,-0.));
#1128 = DEFINITIONAL_REPRESENTATION('',(#1129),#1132);
#1129 = B_SPLINE_CURVE_WITH_KNOTS('',1,(#1130,#1131),.UNSPECIFIED.,.F.,
  .F.,(2,2),(-110.5,35.5),.PIECEWISE_BEZIER_KNOTS.);
#1130 = CARTESIAN_POINT('',(73.,-60.68986486486));
#1131 = CARTESIAN_POINT('',(-73.,-60.68986486486));
#1132 = ( GEOMETRIC_REPRESENTATION_CONTEXT(2) 
PARAMETRIC_REPRESENTATION_CONTEXT() REPRESENTATION_CONTEXT('2D SPACE',''
  ) );
#1133 = ORIENTED_EDGE('',*,*,#1134,.T.);
#1134 = EDGE_CURVE('',#1109,#921,#1135,.T.);
#1135 = SURFACE_CURVE('',#1136,(#1141,#1148),.PCURVE_S1.);
#1136 = CIRCLE('',#1137,1.);
#1137 = AXIS2_PLACEMENT_3D('',#1138,#1139,#1140);
#1138 = CARTESIAN_POINT('',(73.,-63.7,42.5));
#1139 = DIRECTION('',(0.,1.,0.));
#1140 = DIRECTION('',(1.,0.,-0.));
#1141 = PCURVE('',#495,#1142);
#1142 = DEFINITIONAL_REPRESENTATION('',(#1143),#1147);
#1143 = CIRCLE('',#1144,1.);
#1144 = AXIS2_PLACEMENT_2D('',#1145,#1146);
#1145 = CARTESIAN_POINT('',(3.,-148.));
#1146 = DIRECTION('',(0.,-1.));
#1147 = ( GEOMETRIC_REPRESENTATION_CONTEXT(2) 
PARAMETRIC_REPRESENTATION_CONTEXT() REPRESENTATION_CONTEXT('2D SPACE',''
  ) );
#1148 = PCURVE('',#957,#1149);
#1149 = DEFINITIONAL_REPRESENTATION('',(#1150),#1154);
#1150 = LINE('',#1151,#1152);
#1151 = CARTESIAN_POINT('',(-6.28318530718,1.3));
#1152 = VECTOR('',#1153,1.);
#1153 = DIRECTION('',(1.,-0.));
#1154 = ( GEOMETRIC_REPRESENTATION_CONTEXT(2) 
PARAMETRIC_REPRESENTATION_CONTEXT() REPRESENTATION_CONTEXT('2D SPACE',''
  ) );
#1155 = ORIENTED_EDGE('',*,*,#920,.T.);
#1156 = ADVANCED_FACE('',(#1157),#468,.T.);
#1157 = FACE_BOUND('',#1158,.F.);
#1158 = EDGE_LOOP('',(#1159,#1160,#1187,#1208));
#1159 = ORIENTED_EDGE('',*,*,#452,.F.);
#1160 = ORIENTED_EDGE('',*,*,#1161,.T.);
#1161 = EDGE_CURVE('',#425,#1162,#1164,.T.);
#1162 = VERTEX_POINT('',#1163);
#1163 = CARTESIAN_POINT('',(-73.,32.,43.5));
#1164 = SURFACE_CURVE('',#1165,(#1170,#1176),.PCURVE_S1.);
#1165 = CIRCLE('',#1166,1.);
#1166 = AXIS2_PLACEMENT_3D('',#1167,#1168,#1169);
#1167 = CARTESIAN_POINT('',(-73.,32.,42.5));
#1168 = DIRECTION('',(6.123233995737E-17,1.,-0.));
#1169 = DIRECTION('',(-1.,6.123233995737E-17,0.));
#1170 = PCURVE('',#468,#1171);
#1171 = DEFINITIONAL_REPRESENTATION('',(#1172),#1175);
#1172 = B_SPLINE_CURVE_WITH_KNOTS('',1,(#1173,#1174),.UNSPECIFIED.,.F.,
  .F.,(2,2),(0.,1.570796326795),.PIECEWISE_BEZIER_KNOTS.);
#1173 = CARTESIAN_POINT('',(0.,0.));
#1174 = CARTESIAN_POINT('',(-1.570796326795,0.));
#1175 = ( GEOMETRIC_REPRESENTATION_CONTEXT(2) 
PARAMETRIC_REPRESENTATION_CONTEXT() REPRESENTATION_CONTEXT('2D SPACE',''
  ) );
#1176 = PCURVE('',#1177,#1182);
#1177 = TOROIDAL_SURFACE('',#1178,8.,1.);
#1178 = AXIS2_PLACEMENT_3D('',#1179,#1180,#1181);
#1179 = CARTESIAN_POINT('',(-65.,32.,42.5));
#1180 = DIRECTION('',(0.,0.,1.));
#1181 = DIRECTION('',(0.,1.,-0.));
#1182 = DEFINITIONAL_REPRESENTATION('',(#1183),#1186);
#1183 = B_SPLINE_CURVE_WITH_KNOTS('',1,(#1184,#1185),.UNSPECIFIED.,.F.,
  .F.,(2,2),(0.,1.570796326795),.PIECEWISE_BEZIER_KNOTS.);
#1184 = CARTESIAN_POINT('',(1.570796326795,0.));
#1185 = CARTESIAN_POINT('',(1.570796326795,1.570796326795));
#1186 = ( GEOMETRIC_REPRESENTATION_CONTEXT(2) 
PARAMETRIC_REPRESENTATION_CONTEXT() REPRESENTATION_CONTEXT('2D SPACE',''
  ) );
#1187 = ORIENTED_EDGE('',*,*,#1188,.T.);
#1188 = EDGE_CURVE('',#1162,#1081,#1189,.T.);
#1189 = SURFACE_CURVE('',#1190,(#1194,#1201),.PCURVE_S1.);
#1190 = LINE('',#1191,#1192);
#1191 = CARTESIAN_POINT('',(-73.,32.,43.5));
#1192 = VECTOR('',#1193,1.);
#1193 = DIRECTION('',(0.,-1.,0.));
#1194 = PCURVE('',#468,#1195);
#1195 = DEFINITIONAL_REPRESENTATION('',(#1196),#1200);
#1196 = LINE('',#1197,#1198);
#1197 = CARTESIAN_POINT('',(-1.570796326795,0.));
#1198 = VECTOR('',#1199,1.);
#1199 = DIRECTION('',(-0.,1.));
#1200 = ( GEOMETRIC_REPRESENTATION_CONTEXT(2) 
PARAMETRIC_REPRESENTATION_CONTEXT() REPRESENTATION_CONTEXT('2D SPACE',''
  ) );
#1201 = PCURVE('',#1123,#1202);
#1202 = DEFINITIONAL_REPRESENTATION('',(#1203),#1207);
#1203 = LINE('',#1204,#1205);
#1204 = CARTESIAN_POINT('',(-73.,35.010135135135));
#1205 = VECTOR('',#1206,1.);
#1206 = DIRECTION('',(0.,-1.));
#1207 = ( GEOMETRIC_REPRESENTATION_CONTEXT(2) 
PARAMETRIC_REPRESENTATION_CONTEXT() REPRESENTATION_CONTEXT('2D SPACE',''
  ) );
#1208 = ORIENTED_EDGE('',*,*,#1080,.T.);
#1209 = ADVANCED_FACE('',(#1210),#440,.T.);
#1210 = FACE_BOUND('',#1211,.T.);
#1211 = EDGE_LOOP('',(#1212,#1242,#1264,#1265));
#1212 = ORIENTED_EDGE('',*,*,#1213,.F.);
#1213 = EDGE_CURVE('',#1214,#1216,#1218,.T.);
#1214 = VERTEX_POINT('',#1215);
#1215 = CARTESIAN_POINT('',(-65.,41.,37.1));
#1216 = VERTEX_POINT('',#1217);
#1217 = CARTESIAN_POINT('',(-65.,41.,42.5));
#1218 = SURFACE_CURVE('',#1219,(#1223,#1230),.PCURVE_S1.);
#1219 = LINE('',#1220,#1221);
#1220 = CARTESIAN_POINT('',(-65.,41.,36.1));
#1221 = VECTOR('',#1222,1.);
#1222 = DIRECTION('',(0.,0.,1.));
#1223 = PCURVE('',#440,#1224);
#1224 = DEFINITIONAL_REPRESENTATION('',(#1225),#1229);
#1225 = LINE('',#1226,#1227);
#1226 = CARTESIAN_POINT('',(0.,0.));
#1227 = VECTOR('',#1228,1.);
#1228 = DIRECTION('',(0.,1.));
#1229 = ( GEOMETRIC_REPRESENTATION_CONTEXT(2) 
PARAMETRIC_REPRESENTATION_CONTEXT() REPRESENTATION_CONTEXT('2D SPACE',''
  ) );
#1230 = PCURVE('',#1231,#1236);
#1231 = PLANE('',#1232);
#1232 = AXIS2_PLACEMENT_3D('',#1233,#1234,#1235);
#1233 = CARTESIAN_POINT('',(-47.,41.,36.1));
#1234 = DIRECTION('',(0.,-1.,0.));
#1235 = DIRECTION('',(-1.,0.,0.));
#1236 = DEFINITIONAL_REPRESENTATION('',(#1237),#1241);
#1237 = LINE('',#1238,#1239);
#1238 = CARTESIAN_POINT('',(18.,0.));
#1239 = VECTOR('',#1240,1.);
#1240 = DIRECTION('',(0.,-1.));
#1241 = ( GEOMETRIC_REPRESENTATION_CONTEXT(2) 
PARAMETRIC_REPRESENTATION_CONTEXT() REPRESENTATION_CONTEXT('2D SPACE',''
  ) );
#1242 = ORIENTED_EDGE('',*,*,#1243,.T.);
#1243 = EDGE_CURVE('',#1214,#397,#1244,.T.);
#1244 = SURFACE_CURVE('',#1245,(#1250,#1257),.PCURVE_S1.);
#1245 = CIRCLE('',#1246,9.);
#1246 = AXIS2_PLACEMENT_3D('',#1247,#1248,#1249);
#1247 = CARTESIAN_POINT('',(-65.,32.,37.1));
#1248 = DIRECTION('',(0.,0.,1.));
#1249 = DIRECTION('',(0.,1.,-0.));
#1250 = PCURVE('',#440,#1251);
#1251 = DEFINITIONAL_REPRESENTATION('',(#1252),#1256);
#1252 = LINE('',#1253,#1254);
#1253 = CARTESIAN_POINT('',(0.,1.));
#1254 = VECTOR('',#1255,1.);
#1255 = DIRECTION('',(1.,0.));
#1256 = ( GEOMETRIC_REPRESENTATION_CONTEXT(2) 
PARAMETRIC_REPRESENTATION_CONTEXT() REPRESENTATION_CONTEXT('2D SPACE',''
  ) );
#1257 = PCURVE('',#1041,#1258);
#1258 = DEFINITIONAL_REPRESENTATION('',(#1259),#1263);
#1259 = LINE('',#1260,#1261);
#1260 = CARTESIAN_POINT('',(-0.,0.));
#1261 = VECTOR('',#1262,1.);
#1262 = DIRECTION('',(-1.,0.));
#1263 = ( GEOMETRIC_REPRESENTATION_CONTEXT(2) 
PARAMETRIC_REPRESENTATION_CONTEXT() REPRESENTATION_CONTEXT('2D SPACE',''
  ) );
#1264 = ORIENTED_EDGE('',*,*,#424,.T.);
#1265 = ORIENTED_EDGE('',*,*,#1266,.F.);
#1266 = EDGE_CURVE('',#1216,#425,#1267,.T.);
#1267 = SURFACE_CURVE('',#1268,(#1273,#1280),.PCURVE_S1.);
#1268 = CIRCLE('',#1269,9.);
#1269 = AXIS2_PLACEMENT_3D('',#1270,#1271,#1272);
#1270 = CARTESIAN_POINT('',(-65.,32.,42.5));
#1271 = DIRECTION('',(0.,0.,1.));
#1272 = DIRECTION('',(0.,1.,-0.));
#1273 = PCURVE('',#440,#1274);
#1274 = DEFINITIONAL_REPRESENTATION('',(#1275),#1279);
#1275 = LINE('',#1276,#1277);
#1276 = CARTESIAN_POINT('',(0.,6.4));
#1277 = VECTOR('',#1278,1.);
#1278 = DIRECTION('',(1.,0.));
#1279 = ( GEOMETRIC_REPRESENTATION_CONTEXT(2) 
PARAMETRIC_REPRESENTATION_CONTEXT() REPRESENTATION_CONTEXT('2D SPACE',''
  ) );
#1280 = PCURVE('',#1177,#1281);
#1281 = DEFINITIONAL_REPRESENTATION('',(#1282),#1286);
#1282 = LINE('',#1283,#1284);
#1283 = CARTESIAN_POINT('',(0.,0.));
#1284 = VECTOR('',#1285,1.);
#1285 = DIRECTION('',(1.,0.));
#1286 = ( GEOMETRIC_REPRESENTATION_CONTEXT(2) 
PARAMETRIC_REPRESENTATION_CONTEXT() REPRESENTATION_CONTEXT('2D SPACE',''
  ) );
#1287 = ADVANCED_FACE('',(#1288,#1632,#1663,#2389),#627,.F.);
#1288 = FACE_BOUND('',#1289,.F.);
#1289 = EDGE_LOOP('',(#1290,#1291,#1292,#1293,#1294,#1317,#1346,#1374,
    #1407,#1435,#1464,#1492,#1521,#1549,#1582,#1610));
#1290 = ORIENTED_EDGE('',*,*,#1052,.T.);
#1291 = ORIENTED_EDGE('',*,*,#610,.T.);
#1292 = ORIENTED_EDGE('',*,*,#746,.T.);
#1293 = ORIENTED_EDGE('',*,*,#822,.T.);
#1294 = ORIENTED_EDGE('',*,*,#1295,.T.);
#1295 = EDGE_CURVE('',#796,#1296,#1298,.T.);
#1296 = VERTEX_POINT('',#1297);
#1297 = CARTESIAN_POINT('',(73.,32.,36.1));
#1298 = SURFACE_CURVE('',#1299,(#1303,#1310),.PCURVE_S1.);
#1299 = LINE('',#1300,#1301);
#1300 = CARTESIAN_POINT('',(73.,-65.,36.1));
#1301 = VECTOR('',#1302,1.);
#1302 = DIRECTION('',(0.,1.,0.));
#1303 = PCURVE('',#627,#1304);
#1304 = DEFINITIONAL_REPRESENTATION('',(#1305),#1309);
#1305 = LINE('',#1306,#1307);
#1306 = CARTESIAN_POINT('',(73.,-61.98986486486));
#1307 = VECTOR('',#1308,1.);
#1308 = DIRECTION('',(0.,1.));
#1309 = ( GEOMETRIC_REPRESENTATION_CONTEXT(2) 
PARAMETRIC_REPRESENTATION_CONTEXT() REPRESENTATION_CONTEXT('2D SPACE',''
  ) );
#1310 = PCURVE('',#811,#1311);
#1311 = DEFINITIONAL_REPRESENTATION('',(#1312),#1316);
#1312 = LINE('',#1313,#1314);
#1313 = CARTESIAN_POINT('',(1.570796326795,0.));
#1314 = VECTOR('',#1315,1.);
#1315 = DIRECTION('',(0.,1.));
#1316 = ( GEOMETRIC_REPRESENTATION_CONTEXT(2) 
PARAMETRIC_REPRESENTATION_CONTEXT() REPRESENTATION_CONTEXT('2D SPACE',''
  ) );
#1317 = ORIENTED_EDGE('',*,*,#1318,.T.);
#1318 = EDGE_CURVE('',#1296,#1319,#1321,.T.);
#1319 = VERTEX_POINT('',#1320);
#1320 = CARTESIAN_POINT('',(65.,40.,36.1));
#1321 = SURFACE_CURVE('',#1322,(#1327,#1334),.PCURVE_S1.);
#1322 = CIRCLE('',#1323,8.);
#1323 = AXIS2_PLACEMENT_3D('',#1324,#1325,#1326);
#1324 = CARTESIAN_POINT('',(65.,32.,36.1));
#1325 = DIRECTION('',(0.,0.,1.));
#1326 = DIRECTION('',(1.,0.,-0.));
#1327 = PCURVE('',#627,#1328);
#1328 = DEFINITIONAL_REPRESENTATION('',(#1329),#1333);
#1329 = CIRCLE('',#1330,8.);
#1330 = AXIS2_PLACEMENT_2D('',#1331,#1332);
#1331 = CARTESIAN_POINT('',(65.,35.010135135135));
#1332 = DIRECTION('',(1.,0.));
#1333 = ( GEOMETRIC_REPRESENTATION_CONTEXT(2) 
PARAMETRIC_REPRESENTATION_CONTEXT() REPRESENTATION_CONTEXT('2D SPACE',''
  ) );
#1334 = PCURVE('',#1335,#1340);
#1335 = TOROIDAL_SURFACE('',#1336,8.,1.);
#1336 = AXIS2_PLACEMENT_3D('',#1337,#1338,#1339);
#1337 = CARTESIAN_POINT('',(65.,32.,37.1));
#1338 = DIRECTION('',(-0.,-0.,-1.));
#1339 = DIRECTION('',(1.,0.,-0.));
#1340 = DEFINITIONAL_REPRESENTATION('',(#1341),#1345);
#1341 = LINE('',#1342,#1343);
#1342 = CARTESIAN_POINT('',(-0.,1.570796326795));
#1343 = VECTOR('',#1344,1.);
#1344 = DIRECTION('',(-1.,0.));
#1345 = ( GEOMETRIC_REPRESENTATION_CONTEXT(2) 
PARAMETRIC_REPRESENTATION_CONTEXT() REPRESENTATION_CONTEXT('2D SPACE',''
  ) );
#1346 = ORIENTED_EDGE('',*,*,#1347,.T.);
#1347 = EDGE_CURVE('',#1319,#1348,#1350,.T.);
#1348 = VERTEX_POINT('',#1349);
#1349 = CARTESIAN_POINT('',(56.,40.,36.1));
#1350 = SURFACE_CURVE('',#1351,(#1355,#1362),.PCURVE_S1.);
#1351 = LINE('',#1352,#1353);
#1352 = CARTESIAN_POINT('',(65.,40.,36.1));
#1353 = VECTOR('',#1354,1.);
#1354 = DIRECTION('',(-1.,0.,0.));
#1355 = PCURVE('',#627,#1356);
#1356 = DEFINITIONAL_REPRESENTATION('',(#1357),#1361);
#1357 = LINE('',#1358,#1359);
#1358 = CARTESIAN_POINT('',(65.,43.010135135135));
#1359 = VECTOR('',#1360,1.);
#1360 = DIRECTION('',(-1.,0.));
#1361 = ( GEOMETRIC_REPRESENTATION_CONTEXT(2) 
PARAMETRIC_REPRESENTATION_CONTEXT() REPRESENTATION_CONTEXT('2D SPACE',''
  ) );
#1362 = PCURVE('',#1363,#1368);
#1363 = CYLINDRICAL_SURFACE('',#1364,1.);
#1364 = AXIS2_PLACEMENT_3D('',#1365,#1366,#1367);
#1365 = CARTESIAN_POINT('',(65.,40.,37.1));
#1366 = DIRECTION('',(-1.,0.,0.));
#1367 = DIRECTION('',(0.,1.,-0.));
#1368 = DEFINITIONAL_REPRESENTATION('',(#1369),#1373);
#1369 = LINE('',#1370,#1371);
#1370 = CARTESIAN_POINT('',(1.570796326795,0.));
#1371 = VECTOR('',#1372,1.);
#1372 = DIRECTION('',(0.,1.));
#1373 = ( GEOMETRIC_REPRESENTATION_CONTEXT(2) 
PARAMETRIC_REPRESENTATION_CONTEXT() REPRESENTATION_CONTEXT('2D SPACE',''
  ) );
#1374 = ORIENTED_EDGE('',*,*,#1375,.T.);
#1375 = EDGE_CURVE('',#1348,#1376,#1378,.T.);
#1376 = VERTEX_POINT('',#1377);
#1377 = CARTESIAN_POINT('',(46.,50.,36.1));
#1378 = SURFACE_CURVE('',#1379,(#1384,#1395),.PCURVE_S1.);
#1379 = CIRCLE('',#1380,10.);
#1380 = AXIS2_PLACEMENT_3D('',#1381,#1382,#1383);
#1381 = CARTESIAN_POINT('',(56.,50.,36.1));
#1382 = DIRECTION('',(-0.,-0.,-1.));
#1383 = DIRECTION('',(0.,-1.,0.));
#1384 = PCURVE('',#627,#1385);
#1385 = DEFINITIONAL_REPRESENTATION('',(#1386),#1394);
#1386 = ( BOUNDED_CURVE() B_SPLINE_CURVE(2,(#1387,#1388,#1389,#1390,
#1391,#1392,#1393),.UNSPECIFIED.,.T.,.F.) B_SPLINE_CURVE_WITH_KNOTS((1,2
    ,2,2,2,1),(-2.094395102393,0.,2.094395102393,4.188790204786,
6.28318530718,8.377580409573),.UNSPECIFIED.) CURVE() 
GEOMETRIC_REPRESENTATION_ITEM() RATIONAL_B_SPLINE_CURVE((1.,0.5,1.,0.5,
1.,0.5,1.)) REPRESENTATION_ITEM('') );
#1387 = CARTESIAN_POINT('',(56.,43.010135135135));
#1388 = CARTESIAN_POINT('',(38.679491924311,43.010135135135));
#1389 = CARTESIAN_POINT('',(47.339745962156,58.010135135135));
#1390 = CARTESIAN_POINT('',(56.,73.010135135135));
#1391 = CARTESIAN_POINT('',(64.660254037844,58.010135135135));
#1392 = CARTESIAN_POINT('',(73.320508075689,43.010135135135));
#1393 = CARTESIAN_POINT('',(56.,43.010135135135));
#1394 = ( GEOMETRIC_REPRESENTATION_CONTEXT(2) 
PARAMETRIC_REPRESENTATION_CONTEXT() REPRESENTATION_CONTEXT('2D SPACE',''
  ) );
#1395 = PCURVE('',#1396,#1401);
#1396 = TOROIDAL_SURFACE('',#1397,10.,1.);
#1397 = AXIS2_PLACEMENT_3D('',#1398,#1399,#1400);
#1398 = CARTESIAN_POINT('',(56.,50.,37.1));
#1399 = DIRECTION('',(0.,0.,1.));
#1400 = DIRECTION('',(0.,-1.,0.));
#1401 = DEFINITIONAL_REPRESENTATION('',(#1402),#1406);
#1402 = LINE('',#1403,#1404);
#1403 = CARTESIAN_POINT('',(-0.,4.712388980385));
#1404 = VECTOR('',#1405,1.);
#1405 = DIRECTION('',(-1.,0.));
#1406 = ( GEOMETRIC_REPRESENTATION_CONTEXT(2) 
PARAMETRIC_REPRESENTATION_CONTEXT() REPRESENTATION_CONTEXT('2D SPACE',''
  ) );
#1407 = ORIENTED_EDGE('',*,*,#1408,.T.);
#1408 = EDGE_CURVE('',#1376,#1409,#1411,.T.);
#1409 = VERTEX_POINT('',#1410);
#1410 = CARTESIAN_POINT('',(46.,65.,36.1));
#1411 = SURFACE_CURVE('',#1412,(#1416,#1423),.PCURVE_S1.);
#1412 = LINE('',#1413,#1414);
#1413 = CARTESIAN_POINT('',(46.,50.,36.1));
#1414 = VECTOR('',#1415,1.);
#1415 = DIRECTION('',(0.,1.,0.));
#1416 = PCURVE('',#627,#1417);
#1417 = DEFINITIONAL_REPRESENTATION('',(#1418),#1422);
#1418 = LINE('',#1419,#1420);
#1419 = CARTESIAN_POINT('',(46.,53.010135135135));
#1420 = VECTOR('',#1421,1.);
#1421 = DIRECTION('',(0.,1.));
#1422 = ( GEOMETRIC_REPRESENTATION_CONTEXT(2) 
PARAMETRIC_REPRESENTATION_CONTEXT() REPRESENTATION_CONTEXT('2D SPACE',''
  ) );
#1423 = PCURVE('',#1424,#1429);
#1424 = CYLINDRICAL_SURFACE('',#1425,1.);
#1425 = AXIS2_PLACEMENT_3D('',#1426,#1427,#1428);
#1426 = CARTESIAN_POINT('',(46.,50.,37.1));
#1427 = DIRECTION('',(0.,1.,0.));
#1428 = DIRECTION('',(1.,0.,-0.));
#1429 = DEFINITIONAL_REPRESENTATION('',(#1430),#1434);
#1430 = LINE('',#1431,#1432);
#1431 = CARTESIAN_POINT('',(1.570796326795,0.));
#1432 = VECTOR('',#1433,1.);
#1433 = DIRECTION('',(0.,1.));
#1434 = ( GEOMETRIC_REPRESENTATION_CONTEXT(2) 
PARAMETRIC_REPRESENTATION_CONTEXT() REPRESENTATION_CONTEXT('2D SPACE',''
  ) );
#1435 = ORIENTED_EDGE('',*,*,#1436,.T.);
#1436 = EDGE_CURVE('',#1409,#1437,#1439,.T.);
#1437 = VERTEX_POINT('',#1438);
#1438 = CARTESIAN_POINT('',(45.954537380612,65.85166604984,36.1));
#1439 = SURFACE_CURVE('',#1440,(#1445,#1452),.PCURVE_S1.);
#1440 = CIRCLE('',#1441,8.);
#1441 = AXIS2_PLACEMENT_3D('',#1442,#1443,#1444);
#1442 = CARTESIAN_POINT('',(38.,65.,36.1));
#1443 = DIRECTION('',(0.,0.,1.));
#1444 = DIRECTION('',(1.,0.,-0.));
#1445 = PCURVE('',#627,#1446);
#1446 = DEFINITIONAL_REPRESENTATION('',(#1447),#1451);
#1447 = CIRCLE('',#1448,8.);
#1448 = AXIS2_PLACEMENT_2D('',#1449,#1450);
#1449 = CARTESIAN_POINT('',(38.,68.010135135135));
#1450 = DIRECTION('',(1.,0.));
#1451 = ( GEOMETRIC_REPRESENTATION_CONTEXT(2) 
PARAMETRIC_REPRESENTATION_CONTEXT() REPRESENTATION_CONTEXT('2D SPACE',''
  ) );
#1452 = PCURVE('',#1453,#1458);
#1453 = TOROIDAL_SURFACE('',#1454,8.,1.);
#1454 = AXIS2_PLACEMENT_3D('',#1455,#1456,#1457);
#1455 = CARTESIAN_POINT('',(38.,65.,37.1));
#1456 = DIRECTION('',(-0.,-0.,-1.));
#1457 = DIRECTION('',(1.,0.,-0.));
#1458 = DEFINITIONAL_REPRESENTATION('',(#1459),#1463);
#1459 = LINE('',#1460,#1461);
#1460 = CARTESIAN_POINT('',(-0.,1.570796326795));
#1461 = VECTOR('',#1462,1.);
#1462 = DIRECTION('',(-1.,0.));
#1463 = ( GEOMETRIC_REPRESENTATION_CONTEXT(2) 
PARAMETRIC_REPRESENTATION_CONTEXT() REPRESENTATION_CONTEXT('2D SPACE',''
  ) );
#1464 = ORIENTED_EDGE('',*,*,#1465,.F.);
#1465 = EDGE_CURVE('',#1466,#1437,#1468,.T.);
#1466 = VERTEX_POINT('',#1467);
#1467 = CARTESIAN_POINT('',(-45.95453738061,65.85166604984,36.1));
#1468 = SURFACE_CURVE('',#1469,(#1473,#1480),.PCURVE_S1.);
#1469 = LINE('',#1470,#1471);
#1470 = CARTESIAN_POINT('',(-75.,65.85166604984,36.1));
#1471 = VECTOR('',#1472,1.);
#1472 = DIRECTION('',(1.,0.,0.));
#1473 = PCURVE('',#627,#1474);
#1474 = DEFINITIONAL_REPRESENTATION('',(#1475),#1479);
#1475 = LINE('',#1476,#1477);
#1476 = CARTESIAN_POINT('',(-75.,68.861801184975));
#1477 = VECTOR('',#1478,1.);
#1478 = DIRECTION('',(1.,0.));
#1479 = ( GEOMETRIC_REPRESENTATION_CONTEXT(2) 
PARAMETRIC_REPRESENTATION_CONTEXT() REPRESENTATION_CONTEXT('2D SPACE',''
  ) );
#1480 = PCURVE('',#1481,#1486);
#1481 = PLANE('',#1482);
#1482 = AXIS2_PLACEMENT_3D('',#1483,#1484,#1485);
#1483 = CARTESIAN_POINT('',(-75.,66.020725942164,36.5));
#1484 = DIRECTION('',(0.,0.921108392915,-0.389306214313));
#1485 = DIRECTION('',(0.,-0.389306214313,-0.921108392915));
#1486 = DEFINITIONAL_REPRESENTATION('',(#1487),#1491);
#1487 = LINE('',#1488,#1489);
#1488 = CARTESIAN_POINT('',(0.434259423839,0.));
#1489 = VECTOR('',#1490,1.);
#1490 = DIRECTION('',(0.,-1.));
#1491 = ( GEOMETRIC_REPRESENTATION_CONTEXT(2) 
PARAMETRIC_REPRESENTATION_CONTEXT() REPRESENTATION_CONTEXT('2D SPACE',''
  ) );
#1492 = ORIENTED_EDGE('',*,*,#1493,.T.);
#1493 = EDGE_CURVE('',#1466,#1494,#1496,.T.);
#1494 = VERTEX_POINT('',#1495);
#1495 = CARTESIAN_POINT('',(-46.,65.,36.1));
#1496 = SURFACE_CURVE('',#1497,(#1502,#1509),.PCURVE_S1.);
#1497 = CIRCLE('',#1498,8.);
#1498 = AXIS2_PLACEMENT_3D('',#1499,#1500,#1501);
#1499 = CARTESIAN_POINT('',(-38.,65.,36.1));
#1500 = DIRECTION('',(0.,0.,1.));
#1501 = DIRECTION('',(0.,1.,-0.));
#1502 = PCURVE('',#627,#1503);
#1503 = DEFINITIONAL_REPRESENTATION('',(#1504),#1508);
#1504 = CIRCLE('',#1505,8.);
#1505 = AXIS2_PLACEMENT_2D('',#1506,#1507);
#1506 = CARTESIAN_POINT('',(-38.,68.010135135135));
#1507 = DIRECTION('',(0.,1.));
#1508 = ( GEOMETRIC_REPRESENTATION_CONTEXT(2) 
PARAMETRIC_REPRESENTATION_CONTEXT() REPRESENTATION_CONTEXT('2D SPACE',''
  ) );
#1509 = PCURVE('',#1510,#1515);
#1510 = TOROIDAL_SURFACE('',#1511,8.,1.);
#1511 = AXIS2_PLACEMENT_3D('',#1512,#1513,#1514);
#1512 = CARTESIAN_POINT('',(-38.,65.,37.1));
#1513 = DIRECTION('',(-0.,-0.,-1.));
#1514 = DIRECTION('',(0.,1.,-0.));
#1515 = DEFINITIONAL_REPRESENTATION('',(#1516),#1520);
#1516 = LINE('',#1517,#1518);
#1517 = CARTESIAN_POINT('',(-0.,1.570796326795));
#1518 = VECTOR('',#1519,1.);
#1519 = DIRECTION('',(-1.,0.));
#1520 = ( GEOMETRIC_REPRESENTATION_CONTEXT(2) 
PARAMETRIC_REPRESENTATION_CONTEXT() REPRESENTATION_CONTEXT('2D SPACE',''
  ) );
#1521 = ORIENTED_EDGE('',*,*,#1522,.T.);
#1522 = EDGE_CURVE('',#1494,#1523,#1525,.T.);
#1523 = VERTEX_POINT('',#1524);
#1524 = CARTESIAN_POINT('',(-46.,50.,36.1));
#1525 = SURFACE_CURVE('',#1526,(#1530,#1537),.PCURVE_S1.);
#1526 = LINE('',#1527,#1528);
#1527 = CARTESIAN_POINT('',(-46.,65.,36.1));
#1528 = VECTOR('',#1529,1.);
#1529 = DIRECTION('',(0.,-1.,0.));
#1530 = PCURVE('',#627,#1531);
#1531 = DEFINITIONAL_REPRESENTATION('',(#1532),#1536);
#1532 = LINE('',#1533,#1534);
#1533 = CARTESIAN_POINT('',(-46.,68.010135135135));
#1534 = VECTOR('',#1535,1.);
#1535 = DIRECTION('',(0.,-1.));
#1536 = ( GEOMETRIC_REPRESENTATION_CONTEXT(2) 
PARAMETRIC_REPRESENTATION_CONTEXT() REPRESENTATION_CONTEXT('2D SPACE',''
  ) );
#1537 = PCURVE('',#1538,#1543);
#1538 = CYLINDRICAL_SURFACE('',#1539,1.);
#1539 = AXIS2_PLACEMENT_3D('',#1540,#1541,#1542);
#1540 = CARTESIAN_POINT('',(-46.,65.,37.1));
#1541 = DIRECTION('',(0.,-1.,0.));
#1542 = DIRECTION('',(-1.,-0.,0.));
#1543 = DEFINITIONAL_REPRESENTATION('',(#1544),#1548);
#1544 = LINE('',#1545,#1546);
#1545 = CARTESIAN_POINT('',(1.570796326795,0.));
#1546 = VECTOR('',#1547,1.);
#1547 = DIRECTION('',(0.,1.));
#1548 = ( GEOMETRIC_REPRESENTATION_CONTEXT(2) 
PARAMETRIC_REPRESENTATION_CONTEXT() REPRESENTATION_CONTEXT('2D SPACE',''
  ) );
#1549 = ORIENTED_EDGE('',*,*,#1550,.T.);
#1550 = EDGE_CURVE('',#1523,#1551,#1553,.T.);
#1551 = VERTEX_POINT('',#1552);
#1552 = CARTESIAN_POINT('',(-56.,40.,36.1));
#1553 = SURFACE_CURVE('',#1554,(#1559,#1570),.PCURVE_S1.);
#1554 = CIRCLE('',#1555,10.);
#1555 = AXIS2_PLACEMENT_3D('',#1556,#1557,#1558);
#1556 = CARTESIAN_POINT('',(-56.,50.,36.1));
#1557 = DIRECTION('',(0.,-0.,-1.));
#1558 = DIRECTION('',(1.,0.,-0.));
#1559 = PCURVE('',#627,#1560);
#1560 = DEFINITIONAL_REPRESENTATION('',(#1561),#1569);
#1561 = ( BOUNDED_CURVE() B_SPLINE_CURVE(2,(#1562,#1563,#1564,#1565,
#1566,#1567,#1568),.UNSPECIFIED.,.T.,.F.) B_SPLINE_CURVE_WITH_KNOTS((1,2
    ,2,2,2,1),(-2.094395102393,0.,2.094395102393,4.188790204786,
6.28318530718,8.377580409573),.UNSPECIFIED.) CURVE() 
GEOMETRIC_REPRESENTATION_ITEM() RATIONAL_B_SPLINE_CURVE((1.,0.5,1.,0.5,
1.,0.5,1.)) REPRESENTATION_ITEM('') );
#1562 = CARTESIAN_POINT('',(-46.,53.010135135135));
#1563 = CARTESIAN_POINT('',(-46.,35.689627059446));
#1564 = CARTESIAN_POINT('',(-61.,44.349881097291));
#1565 = CARTESIAN_POINT('',(-76.,53.010135135135));
#1566 = CARTESIAN_POINT('',(-61.,61.67038917298));
#1567 = CARTESIAN_POINT('',(-46.,70.330643210824));
#1568 = CARTESIAN_POINT('',(-46.,53.010135135135));
#1569 = ( GEOMETRIC_REPRESENTATION_CONTEXT(2) 
PARAMETRIC_REPRESENTATION_CONTEXT() REPRESENTATION_CONTEXT('2D SPACE',''
  ) );
#1570 = PCURVE('',#1571,#1576);
#1571 = TOROIDAL_SURFACE('',#1572,10.,1.);
#1572 = AXIS2_PLACEMENT_3D('',#1573,#1574,#1575);
#1573 = CARTESIAN_POINT('',(-56.,50.,37.1));
#1574 = DIRECTION('',(0.,0.,1.));
#1575 = DIRECTION('',(1.,0.,-0.));
#1576 = DEFINITIONAL_REPRESENTATION('',(#1577),#1581);
#1577 = LINE('',#1578,#1579);
#1578 = CARTESIAN_POINT('',(-0.,4.712388980385));
#1579 = VECTOR('',#1580,1.);
#1580 = DIRECTION('',(-1.,0.));
#1581 = ( GEOMETRIC_REPRESENTATION_CONTEXT(2) 
PARAMETRIC_REPRESENTATION_CONTEXT() REPRESENTATION_CONTEXT('2D SPACE',''
  ) );
#1582 = ORIENTED_EDGE('',*,*,#1583,.T.);
#1583 = EDGE_CURVE('',#1551,#1584,#1586,.T.);
#1584 = VERTEX_POINT('',#1585);
#1585 = CARTESIAN_POINT('',(-65.,40.,36.1));
#1586 = SURFACE_CURVE('',#1587,(#1591,#1598),.PCURVE_S1.);
#1587 = LINE('',#1588,#1589);
#1588 = CARTESIAN_POINT('',(-56.,40.,36.1));
#1589 = VECTOR('',#1590,1.);
#1590 = DIRECTION('',(-1.,0.,0.));
#1591 = PCURVE('',#627,#1592);
#1592 = DEFINITIONAL_REPRESENTATION('',(#1593),#1597);
#1593 = LINE('',#1594,#1595);
#1594 = CARTESIAN_POINT('',(-56.,43.010135135135));
#1595 = VECTOR('',#1596,1.);
#1596 = DIRECTION('',(-1.,0.));
#1597 = ( GEOMETRIC_REPRESENTATION_CONTEXT(2) 
PARAMETRIC_REPRESENTATION_CONTEXT() REPRESENTATION_CONTEXT('2D SPACE',''
  ) );
#1598 = PCURVE('',#1599,#1604);
#1599 = CYLINDRICAL_SURFACE('',#1600,1.);
#1600 = AXIS2_PLACEMENT_3D('',#1601,#1602,#1603);
#1601 = CARTESIAN_POINT('',(-56.,40.,37.1));
#1602 = DIRECTION('',(-1.,0.,0.));
#1603 = DIRECTION('',(0.,1.,-0.));
#1604 = DEFINITIONAL_REPRESENTATION('',(#1605),#1609);
#1605 = LINE('',#1606,#1607);
#1606 = CARTESIAN_POINT('',(1.570796326795,0.));
#1607 = VECTOR('',#1608,1.);
#1608 = DIRECTION('',(0.,1.));
#1609 = ( GEOMETRIC_REPRESENTATION_CONTEXT(2) 
PARAMETRIC_REPRESENTATION_CONTEXT() REPRESENTATION_CONTEXT('2D SPACE',''
  ) );
#1610 = ORIENTED_EDGE('',*,*,#1611,.T.);
#1611 = EDGE_CURVE('',#1584,#1026,#1612,.T.);
#1612 = SURFACE_CURVE('',#1613,(#1618,#1625),.PCURVE_S1.);
#1613 = CIRCLE('',#1614,8.);
#1614 = AXIS2_PLACEMENT_3D('',#1615,#1616,#1617);
#1615 = CARTESIAN_POINT('',(-65.,32.,36.1));
#1616 = DIRECTION('',(0.,0.,1.));
#1617 = DIRECTION('',(0.,1.,-0.));
#1618 = PCURVE('',#627,#1619);
#1619 = DEFINITIONAL_REPRESENTATION('',(#1620),#1624);
#1620 = CIRCLE('',#1621,8.);
#1621 = AXIS2_PLACEMENT_2D('',#1622,#1623);
#1622 = CARTESIAN_POINT('',(-65.,35.010135135135));
#1623 = DIRECTION('',(0.,1.));
#1624 = ( GEOMETRIC_REPRESENTATION_CONTEXT(2) 
PARAMETRIC_REPRESENTATION_CONTEXT() REPRESENTATION_CONTEXT('2D SPACE',''
  ) );
#1625 = PCURVE('',#1041,#1626);
#1626 = DEFINITIONAL_REPRESENTATION('',(#1627),#1631);
#1627 = LINE('',#1628,#1629);
#1628 = CARTESIAN_POINT('',(-0.,1.570796326795));
#1629 = VECTOR('',#1630,1.);
#1630 = DIRECTION('',(-1.,0.));
#1631 = ( GEOMETRIC_REPRESENTATION_CONTEXT(2) 
PARAMETRIC_REPRESENTATION_CONTEXT() REPRESENTATION_CONTEXT('2D SPACE',''
  ) );
#1632 = FACE_BOUND('',#1633,.F.);
#1633 = EDGE_LOOP('',(#1634));
#1634 = ORIENTED_EDGE('',*,*,#1635,.F.);
#1635 = EDGE_CURVE('',#1636,#1636,#1638,.T.);
#1636 = VERTEX_POINT('',#1637);
#1637 = CARTESIAN_POINT('',(-49.11756756756,-52.,36.1));
#1638 = SURFACE_CURVE('',#1639,(#1644,#1651),.PCURVE_S1.);
#1639 = CIRCLE('',#1640,0.882432432432);
#1640 = AXIS2_PLACEMENT_3D('',#1641,#1642,#1643);
#1641 = CARTESIAN_POINT('',(-50.,-52.,36.1));
#1642 = DIRECTION('',(0.,0.,1.));
#1643 = DIRECTION('',(1.,0.,-0.));
#1644 = PCURVE('',#627,#1645);
#1645 = DEFINITIONAL_REPRESENTATION('',(#1646),#1650);
#1646 = CIRCLE('',#1647,0.882432432432);
#1647 = AXIS2_PLACEMENT_2D('',#1648,#1649);
#1648 = CARTESIAN_POINT('',(-50.,-48.98986486486));
#1649 = DIRECTION('',(1.,0.));
#1650 = ( GEOMETRIC_REPRESENTATION_CONTEXT(2) 
PARAMETRIC_REPRESENTATION_CONTEXT() REPRESENTATION_CONTEXT('2D SPACE',''
  ) );
#1651 = PCURVE('',#1652,#1657);
#1652 = CONICAL_SURFACE('',#1653,0.9,1.053308585821);
#1653 = AXIS2_PLACEMENT_3D('',#1654,#1655,#1656);
#1654 = CARTESIAN_POINT('',(-50.,-52.,36.09));
#1655 = DIRECTION('',(-0.,-0.,-1.));
#1656 = DIRECTION('',(1.,0.,-0.));
#1657 = DEFINITIONAL_REPRESENTATION('',(#1658),#1662);
#1658 = LINE('',#1659,#1660);
#1659 = CARTESIAN_POINT('',(-0.,-9.999999999998E-03));
#1660 = VECTOR('',#1661,1.);
#1661 = DIRECTION('',(-1.,-0.));
#1662 = ( GEOMETRIC_REPRESENTATION_CONTEXT(2) 
PARAMETRIC_REPRESENTATION_CONTEXT() REPRESENTATION_CONTEXT('2D SPACE',''
  ) );
#1663 = FACE_BOUND('',#1664,.F.);
#1664 = EDGE_LOOP('',(#1665,#1696,#1722,#1751,#1780,#1804,#1828,#1854,
    #1883,#1909,#1938,#1967,#1991,#2015,#2041,#2070,#2096,#2125,#2154,
    #2178,#2204,#2233,#2259,#2288,#2317,#2341,#2365));
#1665 = ORIENTED_EDGE('',*,*,#1666,.F.);
#1666 = EDGE_CURVE('',#1667,#1669,#1671,.T.);
#1667 = VERTEX_POINT('',#1668);
#1668 = CARTESIAN_POINT('',(36.201405719417,9.700137427389,36.1));
#1669 = VERTEX_POINT('',#1670);
#1670 = CARTESIAN_POINT('',(9.700137427389,36.201405719417,36.1));
#1671 = SURFACE_CURVE('',#1672,(#1677,#1684),.PCURVE_S1.);
#1672 = CIRCLE('',#1673,37.478453038674);
#1673 = AXIS2_PLACEMENT_3D('',#1674,#1675,#1676);
#1674 = CARTESIAN_POINT('',(0.,0.,36.1));
#1675 = DIRECTION('',(0.,0.,1.));
#1676 = DIRECTION('',(1.,0.,-0.));
#1677 = PCURVE('',#627,#1678);
#1678 = DEFINITIONAL_REPRESENTATION('',(#1679),#1683);
#1679 = CIRCLE('',#1680,37.478453038674);
#1680 = AXIS2_PLACEMENT_2D('',#1681,#1682);
#1681 = CARTESIAN_POINT('',(0.,3.010135135135));
#1682 = DIRECTION('',(1.,0.));
#1683 = ( GEOMETRIC_REPRESENTATION_CONTEXT(2) 
PARAMETRIC_REPRESENTATION_CONTEXT() REPRESENTATION_CONTEXT('2D SPACE',''
  ) );
#1684 = PCURVE('',#1685,#1690);
#1685 = CONICAL_SURFACE('',#1686,37.5,1.13627679348);
#1686 = AXIS2_PLACEMENT_3D('',#1687,#1688,#1689);
#1687 = CARTESIAN_POINT('',(0.,0.,36.09));
#1688 = DIRECTION('',(-0.,-0.,-1.));
#1689 = DIRECTION('',(1.,0.,-0.));
#1690 = DEFINITIONAL_REPRESENTATION('',(#1691),#1695);
#1691 = LINE('',#1692,#1693);
#1692 = CARTESIAN_POINT('',(-0.,-9.999999999998E-03));
#1693 = VECTOR('',#1694,1.);
#1694 = DIRECTION('',(-1.,-0.));
#1695 = ( GEOMETRIC_REPRESENTATION_CONTEXT(2) 
PARAMETRIC_REPRESENTATION_CONTEXT() REPRESENTATION_CONTEXT('2D SPACE',''
  ) );
#1696 = ORIENTED_EDGE('',*,*,#1697,.T.);
#1697 = EDGE_CURVE('',#1667,#1698,#1700,.T.);
#1698 = VERTEX_POINT('',#1699);
#1699 = CARTESIAN_POINT('',(30.426663528106,8.152799920729,36.1));
#1700 = SURFACE_CURVE('',#1701,(#1705,#1711),.PCURVE_S1.);
#1701 = LINE('',#1702,#1703);
#1702 = CARTESIAN_POINT('',(-0.376266891892,-0.100820409821,36.1));
#1703 = VECTOR('',#1704,1.);
#1704 = DIRECTION('',(-0.965925826289,-0.258819045103,0.));
#1705 = PCURVE('',#627,#1706);
#1706 = DEFINITIONAL_REPRESENTATION('',(#1707),#1710);
#1707 = B_SPLINE_CURVE_WITH_KNOTS('',1,(#1708,#1709),.UNSPECIFIED.,.F.,
  .F.,(2,2),(-37.88954015065,-0.389540150653),.PIECEWISE_BEZIER_KNOTS.);
#1708 = CARTESIAN_POINT('',(36.22221848584,12.71584932648));
#1709 = CARTESIAN_POINT('',(1.523751868873E-17,3.010135135135));
#1710 = ( GEOMETRIC_REPRESENTATION_CONTEXT(2) 
PARAMETRIC_REPRESENTATION_CONTEXT() REPRESENTATION_CONTEXT('2D SPACE',''
  ) );
#1711 = PCURVE('',#1712,#1717);
#1712 = PLANE('',#1713);
#1713 = AXIS2_PLACEMENT_3D('',#1714,#1715,#1716);
#1714 = CARTESIAN_POINT('',(0.,0.,31.1));
#1715 = DIRECTION('',(-0.258819045103,0.965925826289,0.));
#1716 = DIRECTION('',(0.965925826289,0.258819045103,0.));
#1717 = DEFINITIONAL_REPRESENTATION('',(#1718),#1721);
#1718 = B_SPLINE_CURVE_WITH_KNOTS('',1,(#1719,#1720),.UNSPECIFIED.,.F.,
  .F.,(2,2),(-37.88954015065,-0.389540150653),.PIECEWISE_BEZIER_KNOTS.);
#1719 = CARTESIAN_POINT('',(37.5,-5.));
#1720 = CARTESIAN_POINT('',(0.,-5.));
#1721 = ( GEOMETRIC_REPRESENTATION_CONTEXT(2) 
PARAMETRIC_REPRESENTATION_CONTEXT() REPRESENTATION_CONTEXT('2D SPACE',''
  ) );
#1722 = ORIENTED_EDGE('',*,*,#1723,.F.);
#1723 = EDGE_CURVE('',#1724,#1698,#1726,.T.);
#1724 = VERTEX_POINT('',#1725);
#1725 = CARTESIAN_POINT('',(31.458933333333,1.607953211038,36.1));
#1726 = SURFACE_CURVE('',#1727,(#1732,#1739),.PCURVE_S1.);
#1727 = CIRCLE('',#1728,31.5);
#1728 = AXIS2_PLACEMENT_3D('',#1729,#1730,#1731);
#1729 = CARTESIAN_POINT('',(0.,0.,36.1));
#1730 = DIRECTION('',(0.,-0.,1.));
#1731 = DIRECTION('',(0.258819045103,0.965925826289,0.));
#1732 = PCURVE('',#627,#1733);
#1733 = DEFINITIONAL_REPRESENTATION('',(#1734),#1738);
#1734 = CIRCLE('',#1735,31.5);
#1735 = AXIS2_PLACEMENT_2D('',#1736,#1737);
#1736 = CARTESIAN_POINT('',(0.,3.010135135135));
#1737 = DIRECTION('',(0.258819045103,0.965925826289));
#1738 = ( GEOMETRIC_REPRESENTATION_CONTEXT(2) 
PARAMETRIC_REPRESENTATION_CONTEXT() REPRESENTATION_CONTEXT('2D SPACE',''
  ) );
#1739 = PCURVE('',#1740,#1745);
#1740 = CYLINDRICAL_SURFACE('',#1741,31.5);
#1741 = AXIS2_PLACEMENT_3D('',#1742,#1743,#1744);
#1742 = CARTESIAN_POINT('',(0.,0.,35.1));
#1743 = DIRECTION('',(0.,0.,1.));
#1744 = DIRECTION('',(1.,0.,-0.));
#1745 = DEFINITIONAL_REPRESENTATION('',(#1746),#1750);
#1746 = LINE('',#1747,#1748);
#1747 = CARTESIAN_POINT('',(1.308996938996,1.));
#1748 = VECTOR('',#1749,1.);
#1749 = DIRECTION('',(1.,0.));
#1750 = ( GEOMETRIC_REPRESENTATION_CONTEXT(2) 
PARAMETRIC_REPRESENTATION_CONTEXT() REPRESENTATION_CONTEXT('2D SPACE',''
  ) );
#1751 = ORIENTED_EDGE('',*,*,#1752,.F.);
#1752 = EDGE_CURVE('',#1753,#1724,#1755,.T.);
#1753 = VERTEX_POINT('',#1754);
#1754 = CARTESIAN_POINT('',(37.94,-8.425569978134E-16,36.1));
#1755 = SURFACE_CURVE('',#1756,(#1761,#1768),.PCURVE_S1.);
#1756 = CIRCLE('',#1757,3.44);
#1757 = AXIS2_PLACEMENT_3D('',#1758,#1759,#1760);
#1758 = CARTESIAN_POINT('',(34.5,0.,36.1));
#1759 = DIRECTION('',(0.,0.,1.));
#1760 = DIRECTION('',(1.,0.,-0.));
#1761 = PCURVE('',#627,#1762);
#1762 = DEFINITIONAL_REPRESENTATION('',(#1763),#1767);
#1763 = CIRCLE('',#1764,3.44);
#1764 = AXIS2_PLACEMENT_2D('',#1765,#1766);
#1765 = CARTESIAN_POINT('',(34.5,3.010135135135));
#1766 = DIRECTION('',(1.,0.));
#1767 = ( GEOMETRIC_REPRESENTATION_CONTEXT(2) 
PARAMETRIC_REPRESENTATION_CONTEXT() REPRESENTATION_CONTEXT('2D SPACE',''
  ) );
#1768 = PCURVE('',#1769,#1774);
#1769 = CONICAL_SURFACE('',#1770,3.45,0.785398163397);
#1770 = AXIS2_PLACEMENT_3D('',#1771,#1772,#1773);
#1771 = CARTESIAN_POINT('',(34.5,0.,36.09));
#1772 = DIRECTION('',(-0.,-0.,-1.));
#1773 = DIRECTION('',(1.,0.,-0.));
#1774 = DEFINITIONAL_REPRESENTATION('',(#1775),#1779);
#1775 = LINE('',#1776,#1777);
#1776 = CARTESIAN_POINT('',(-0.,-9.999999999998E-03));
#1777 = VECTOR('',#1778,1.);
#1778 = DIRECTION('',(-1.,-0.));
#1779 = ( GEOMETRIC_REPRESENTATION_CONTEXT(2) 
PARAMETRIC_REPRESENTATION_CONTEXT() REPRESENTATION_CONTEXT('2D SPACE',''
  ) );
#1780 = ORIENTED_EDGE('',*,*,#1781,.F.);
#1781 = EDGE_CURVE('',#1782,#1753,#1784,.T.);
#1782 = VERTEX_POINT('',#1783);
#1783 = CARTESIAN_POINT('',(31.458933333333,-1.607953211038,36.1));
#1784 = SURFACE_CURVE('',#1785,(#1790,#1797),.PCURVE_S1.);
#1785 = CIRCLE('',#1786,3.44);
#1786 = AXIS2_PLACEMENT_3D('',#1787,#1788,#1789);
#1787 = CARTESIAN_POINT('',(34.5,0.,36.1));
#1788 = DIRECTION('',(0.,0.,1.));
#1789 = DIRECTION('',(1.,0.,-0.));
#1790 = PCURVE('',#627,#1791);
#1791 = DEFINITIONAL_REPRESENTATION('',(#1792),#1796);
#1792 = CIRCLE('',#1793,3.44);
#1793 = AXIS2_PLACEMENT_2D('',#1794,#1795);
#1794 = CARTESIAN_POINT('',(34.5,3.010135135135));
#1795 = DIRECTION('',(1.,0.));
#1796 = ( GEOMETRIC_REPRESENTATION_CONTEXT(2) 
PARAMETRIC_REPRESENTATION_CONTEXT() REPRESENTATION_CONTEXT('2D SPACE',''
  ) );
#1797 = PCURVE('',#1769,#1798);
#1798 = DEFINITIONAL_REPRESENTATION('',(#1799),#1803);
#1799 = LINE('',#1800,#1801);
#1800 = CARTESIAN_POINT('',(-0.,-9.999999999998E-03));
#1801 = VECTOR('',#1802,1.);
#1802 = DIRECTION('',(-1.,-0.));
#1803 = ( GEOMETRIC_REPRESENTATION_CONTEXT(2) 
PARAMETRIC_REPRESENTATION_CONTEXT() REPRESENTATION_CONTEXT('2D SPACE',''
  ) );
#1804 = ORIENTED_EDGE('',*,*,#1805,.F.);
#1805 = EDGE_CURVE('',#1806,#1782,#1808,.T.);
#1806 = VERTEX_POINT('',#1807);
#1807 = CARTESIAN_POINT('',(30.426663528106,-8.152799920729,36.1));
#1808 = SURFACE_CURVE('',#1809,(#1814,#1821),.PCURVE_S1.);
#1809 = CIRCLE('',#1810,31.5);
#1810 = AXIS2_PLACEMENT_3D('',#1811,#1812,#1813);
#1811 = CARTESIAN_POINT('',(0.,0.,36.1));
#1812 = DIRECTION('',(0.,-0.,1.));
#1813 = DIRECTION('',(0.258819045103,0.965925826289,0.));
#1814 = PCURVE('',#627,#1815);
#1815 = DEFINITIONAL_REPRESENTATION('',(#1816),#1820);
#1816 = CIRCLE('',#1817,31.5);
#1817 = AXIS2_PLACEMENT_2D('',#1818,#1819);
#1818 = CARTESIAN_POINT('',(0.,3.010135135135));
#1819 = DIRECTION('',(0.258819045103,0.965925826289));
#1820 = ( GEOMETRIC_REPRESENTATION_CONTEXT(2) 
PARAMETRIC_REPRESENTATION_CONTEXT() REPRESENTATION_CONTEXT('2D SPACE',''
  ) );
#1821 = PCURVE('',#1740,#1822);
#1822 = DEFINITIONAL_REPRESENTATION('',(#1823),#1827);
#1823 = LINE('',#1824,#1825);
#1824 = CARTESIAN_POINT('',(1.308996938996,1.));
#1825 = VECTOR('',#1826,1.);
#1826 = DIRECTION('',(1.,0.));
#1827 = ( GEOMETRIC_REPRESENTATION_CONTEXT(2) 
PARAMETRIC_REPRESENTATION_CONTEXT() REPRESENTATION_CONTEXT('2D SPACE',''
  ) );
#1828 = ORIENTED_EDGE('',*,*,#1829,.T.);
#1829 = EDGE_CURVE('',#1806,#1830,#1832,.T.);
#1830 = VERTEX_POINT('',#1831);
#1831 = CARTESIAN_POINT('',(36.201405719417,-9.700137427389,36.1));
#1832 = SURFACE_CURVE('',#1833,(#1837,#1843),.PCURVE_S1.);
#1833 = LINE('',#1834,#1835);
#1834 = CARTESIAN_POINT('',(29.354041680564,-7.865391762897,36.1));
#1835 = VECTOR('',#1836,1.);
#1836 = DIRECTION('',(0.965925826289,-0.258819045103,0.));
#1837 = PCURVE('',#627,#1838);
#1838 = DEFINITIONAL_REPRESENTATION('',(#1839),#1842);
#1839 = B_SPLINE_CURVE_WITH_KNOTS('',1,(#1840,#1841),.UNSPECIFIED.,.F.,
  .F.,(2,2),(-30.38954015065,7.110459849347),.PIECEWISE_BEZIER_KNOTS.);
#1840 = CARTESIAN_POINT('',(-9.259776571312E-15,3.010135135135));
#1841 = CARTESIAN_POINT('',(36.22221848584,-6.695579056209));
#1842 = ( GEOMETRIC_REPRESENTATION_CONTEXT(2) 
PARAMETRIC_REPRESENTATION_CONTEXT() REPRESENTATION_CONTEXT('2D SPACE',''
  ) );
#1843 = PCURVE('',#1844,#1849);
#1844 = PLANE('',#1845);
#1845 = AXIS2_PLACEMENT_3D('',#1846,#1847,#1848);
#1846 = CARTESIAN_POINT('',(57.955549577344,-15.52914270615,31.1));
#1847 = DIRECTION('',(-0.258819045103,-0.965925826289,0.));
#1848 = DIRECTION('',(-0.965925826289,0.258819045103,0.));
#1849 = DEFINITIONAL_REPRESENTATION('',(#1850),#1853);
#1850 = B_SPLINE_CURVE_WITH_KNOTS('',1,(#1851,#1852),.UNSPECIFIED.,.F.,
  .F.,(2,2),(-30.38954015065,7.110459849347),.PIECEWISE_BEZIER_KNOTS.);
#1851 = CARTESIAN_POINT('',(60.,-5.));
#1852 = CARTESIAN_POINT('',(22.5,-5.));
#1853 = ( GEOMETRIC_REPRESENTATION_CONTEXT(2) 
PARAMETRIC_REPRESENTATION_CONTEXT() REPRESENTATION_CONTEXT('2D SPACE',''
  ) );
#1854 = ORIENTED_EDGE('',*,*,#1855,.F.);
#1855 = EDGE_CURVE('',#1856,#1830,#1858,.T.);
#1856 = VERTEX_POINT('',#1857);
#1857 = CARTESIAN_POINT('',(9.700137427389,-36.20140571941,36.1));
#1858 = SURFACE_CURVE('',#1859,(#1864,#1871),.PCURVE_S1.);
#1859 = CIRCLE('',#1860,37.478453038674);
#1860 = AXIS2_PLACEMENT_3D('',#1861,#1862,#1863);
#1861 = CARTESIAN_POINT('',(0.,0.,36.1));
#1862 = DIRECTION('',(0.,0.,1.));
#1863 = DIRECTION('',(1.,0.,-0.));
#1864 = PCURVE('',#627,#1865);
#1865 = DEFINITIONAL_REPRESENTATION('',(#1866),#1870);
#1866 = CIRCLE('',#1867,37.478453038674);
#1867 = AXIS2_PLACEMENT_2D('',#1868,#1869);
#1868 = CARTESIAN_POINT('',(0.,3.010135135135));
#1869 = DIRECTION('',(1.,0.));
#1870 = ( GEOMETRIC_REPRESENTATION_CONTEXT(2) 
PARAMETRIC_REPRESENTATION_CONTEXT() REPRESENTATION_CONTEXT('2D SPACE',''
  ) );
#1871 = PCURVE('',#1872,#1877);
#1872 = CONICAL_SURFACE('',#1873,37.5,1.13627679348);
#1873 = AXIS2_PLACEMENT_3D('',#1874,#1875,#1876);
#1874 = CARTESIAN_POINT('',(0.,0.,36.09));
#1875 = DIRECTION('',(-0.,-0.,-1.));
#1876 = DIRECTION('',(1.,0.,-0.));
#1877 = DEFINITIONAL_REPRESENTATION('',(#1878),#1882);
#1878 = LINE('',#1879,#1880);
#1879 = CARTESIAN_POINT('',(-0.,-9.999999999998E-03));
#1880 = VECTOR('',#1881,1.);
#1881 = DIRECTION('',(-1.,-0.));
#1882 = ( GEOMETRIC_REPRESENTATION_CONTEXT(2) 
PARAMETRIC_REPRESENTATION_CONTEXT() REPRESENTATION_CONTEXT('2D SPACE',''
  ) );
#1883 = ORIENTED_EDGE('',*,*,#1884,.T.);
#1884 = EDGE_CURVE('',#1856,#1885,#1887,.T.);
#1885 = VERTEX_POINT('',#1886);
#1886 = CARTESIAN_POINT('',(8.152799920729,-30.4266635281,36.1));
#1887 = SURFACE_CURVE('',#1888,(#1892,#1898),.PCURVE_S1.);
#1888 = LINE('',#1889,#1890);
#1889 = CARTESIAN_POINT('',(0.376266891892,-1.404247157747,36.1));
#1890 = VECTOR('',#1891,1.);
#1891 = DIRECTION('',(-0.258819045103,0.965925826289,0.));
#1892 = PCURVE('',#627,#1893);
#1893 = DEFINITIONAL_REPRESENTATION('',(#1894),#1897);
#1894 = B_SPLINE_CURVE_WITH_KNOTS('',1,(#1895,#1896),.UNSPECIFIED.,.F.,
  .F.,(2,2),(-36.04621636617,1.453783633824),.PIECEWISE_BEZIER_KNOTS.);
#1895 = CARTESIAN_POINT('',(9.705714191345,-33.2120833507));
#1896 = CARTESIAN_POINT('',(4.80699018944E-18,3.010135135135));
#1897 = ( GEOMETRIC_REPRESENTATION_CONTEXT(2) 
PARAMETRIC_REPRESENTATION_CONTEXT() REPRESENTATION_CONTEXT('2D SPACE',''
  ) );
#1898 = PCURVE('',#1899,#1904);
#1899 = PLANE('',#1900);
#1900 = AXIS2_PLACEMENT_3D('',#1901,#1902,#1903);
#1901 = CARTESIAN_POINT('',(0.,0.,31.1));
#1902 = DIRECTION('',(0.965925826289,0.258819045103,0.));
#1903 = DIRECTION('',(0.258819045103,-0.965925826289,0.));
#1904 = DEFINITIONAL_REPRESENTATION('',(#1905),#1908);
#1905 = B_SPLINE_CURVE_WITH_KNOTS('',1,(#1906,#1907),.UNSPECIFIED.,.F.,
  .F.,(2,2),(-36.04621636617,1.453783633824),.PIECEWISE_BEZIER_KNOTS.);
#1906 = CARTESIAN_POINT('',(37.5,-5.));
#1907 = CARTESIAN_POINT('',(0.,-5.));
#1908 = ( GEOMETRIC_REPRESENTATION_CONTEXT(2) 
PARAMETRIC_REPRESENTATION_CONTEXT() REPRESENTATION_CONTEXT('2D SPACE',''
  ) );
#1909 = ORIENTED_EDGE('',*,*,#1910,.F.);
#1910 = EDGE_CURVE('',#1911,#1885,#1913,.T.);
#1911 = VERTEX_POINT('',#1912);
#1912 = CARTESIAN_POINT('',(1.607953211038,-31.45893333333,36.1));
#1913 = SURFACE_CURVE('',#1914,(#1919,#1926),.PCURVE_S1.);
#1914 = CIRCLE('',#1915,31.5);
#1915 = AXIS2_PLACEMENT_3D('',#1916,#1917,#1918);
#1916 = CARTESIAN_POINT('',(0.,0.,36.1));
#1917 = DIRECTION('',(0.,-0.,1.));
#1918 = DIRECTION('',(0.258819045103,0.965925826289,0.));
#1919 = PCURVE('',#627,#1920);
#1920 = DEFINITIONAL_REPRESENTATION('',(#1921),#1925);
#1921 = CIRCLE('',#1922,31.5);
#1922 = AXIS2_PLACEMENT_2D('',#1923,#1924);
#1923 = CARTESIAN_POINT('',(0.,3.010135135135));
#1924 = DIRECTION('',(0.258819045103,0.965925826289));
#1925 = ( GEOMETRIC_REPRESENTATION_CONTEXT(2) 
PARAMETRIC_REPRESENTATION_CONTEXT() REPRESENTATION_CONTEXT('2D SPACE',''
  ) );
#1926 = PCURVE('',#1927,#1932);
#1927 = CYLINDRICAL_SURFACE('',#1928,31.5);
#1928 = AXIS2_PLACEMENT_3D('',#1929,#1930,#1931);
#1929 = CARTESIAN_POINT('',(0.,0.,35.1));
#1930 = DIRECTION('',(0.,0.,1.));
#1931 = DIRECTION('',(1.,0.,-0.));
#1932 = DEFINITIONAL_REPRESENTATION('',(#1933),#1937);
#1933 = LINE('',#1934,#1935);
#1934 = CARTESIAN_POINT('',(1.308996938996,1.));
#1935 = VECTOR('',#1936,1.);
#1936 = DIRECTION('',(1.,0.));
#1937 = ( GEOMETRIC_REPRESENTATION_CONTEXT(2) 
PARAMETRIC_REPRESENTATION_CONTEXT() REPRESENTATION_CONTEXT('2D SPACE',''
  ) );
#1938 = ORIENTED_EDGE('',*,*,#1939,.F.);
#1939 = EDGE_CURVE('',#1940,#1911,#1942,.T.);
#1940 = VERTEX_POINT('',#1941);
#1941 = CARTESIAN_POINT('',(3.44,-34.5,36.1));
#1942 = SURFACE_CURVE('',#1943,(#1948,#1955),.PCURVE_S1.);
#1943 = CIRCLE('',#1944,3.44);
#1944 = AXIS2_PLACEMENT_3D('',#1945,#1946,#1947);
#1945 = CARTESIAN_POINT('',(-6.337547185588E-15,-34.5,36.1));
#1946 = DIRECTION('',(0.,0.,1.));
#1947 = DIRECTION('',(1.,0.,-0.));
#1948 = PCURVE('',#627,#1949);
#1949 = DEFINITIONAL_REPRESENTATION('',(#1950),#1954);
#1950 = CIRCLE('',#1951,3.44);
#1951 = AXIS2_PLACEMENT_2D('',#1952,#1953);
#1952 = CARTESIAN_POINT('',(-6.337547185588E-15,-31.48986486486));
#1953 = DIRECTION('',(1.,0.));
#1954 = ( GEOMETRIC_REPRESENTATION_CONTEXT(2) 
PARAMETRIC_REPRESENTATION_CONTEXT() REPRESENTATION_CONTEXT('2D SPACE',''
  ) );
#1955 = PCURVE('',#1956,#1961);
#1956 = CONICAL_SURFACE('',#1957,3.45,0.785398163397);
#1957 = AXIS2_PLACEMENT_3D('',#1958,#1959,#1960);
#1958 = CARTESIAN_POINT('',(-6.337547185588E-15,-34.5,36.09));
#1959 = DIRECTION('',(-0.,-0.,-1.));
#1960 = DIRECTION('',(1.,0.,-0.));
#1961 = DEFINITIONAL_REPRESENTATION('',(#1962),#1966);
#1962 = LINE('',#1963,#1964);
#1963 = CARTESIAN_POINT('',(-0.,-9.999999999998E-03));
#1964 = VECTOR('',#1965,1.);
#1965 = DIRECTION('',(-1.,-0.));
#1966 = ( GEOMETRIC_REPRESENTATION_CONTEXT(2) 
PARAMETRIC_REPRESENTATION_CONTEXT() REPRESENTATION_CONTEXT('2D SPACE',''
  ) );
#1967 = ORIENTED_EDGE('',*,*,#1968,.F.);
#1968 = EDGE_CURVE('',#1969,#1940,#1971,.T.);
#1969 = VERTEX_POINT('',#1970);
#1970 = CARTESIAN_POINT('',(-1.607953211038,-31.45893333333,36.1));
#1971 = SURFACE_CURVE('',#1972,(#1977,#1984),.PCURVE_S1.);
#1972 = CIRCLE('',#1973,3.44);
#1973 = AXIS2_PLACEMENT_3D('',#1974,#1975,#1976);
#1974 = CARTESIAN_POINT('',(-6.337547185588E-15,-34.5,36.1));
#1975 = DIRECTION('',(0.,0.,1.));
#1976 = DIRECTION('',(1.,0.,-0.));
#1977 = PCURVE('',#627,#1978);
#1978 = DEFINITIONAL_REPRESENTATION('',(#1979),#1983);
#1979 = CIRCLE('',#1980,3.44);
#1980 = AXIS2_PLACEMENT_2D('',#1981,#1982);
#1981 = CARTESIAN_POINT('',(-6.337547185588E-15,-31.48986486486));
#1982 = DIRECTION('',(1.,0.));
#1983 = ( GEOMETRIC_REPRESENTATION_CONTEXT(2) 
PARAMETRIC_REPRESENTATION_CONTEXT() REPRESENTATION_CONTEXT('2D SPACE',''
  ) );
#1984 = PCURVE('',#1956,#1985);
#1985 = DEFINITIONAL_REPRESENTATION('',(#1986),#1990);
#1986 = LINE('',#1987,#1988);
#1987 = CARTESIAN_POINT('',(-0.,-9.999999999998E-03));
#1988 = VECTOR('',#1989,1.);
#1989 = DIRECTION('',(-1.,-0.));
#1990 = ( GEOMETRIC_REPRESENTATION_CONTEXT(2) 
PARAMETRIC_REPRESENTATION_CONTEXT() REPRESENTATION_CONTEXT('2D SPACE',''
  ) );
#1991 = ORIENTED_EDGE('',*,*,#1992,.F.);
#1992 = EDGE_CURVE('',#1993,#1969,#1995,.T.);
#1993 = VERTEX_POINT('',#1994);
#1994 = CARTESIAN_POINT('',(-8.152799920729,-30.4266635281,36.1));
#1995 = SURFACE_CURVE('',#1996,(#2001,#2008),.PCURVE_S1.);
#1996 = CIRCLE('',#1997,31.5);
#1997 = AXIS2_PLACEMENT_3D('',#1998,#1999,#2000);
#1998 = CARTESIAN_POINT('',(0.,0.,36.1));
#1999 = DIRECTION('',(0.,-0.,1.));
#2000 = DIRECTION('',(0.258819045103,0.965925826289,0.));
#2001 = PCURVE('',#627,#2002);
#2002 = DEFINITIONAL_REPRESENTATION('',(#2003),#2007);
#2003 = CIRCLE('',#2004,31.5);
#2004 = AXIS2_PLACEMENT_2D('',#2005,#2006);
#2005 = CARTESIAN_POINT('',(0.,3.010135135135));
#2006 = DIRECTION('',(0.258819045103,0.965925826289));
#2007 = ( GEOMETRIC_REPRESENTATION_CONTEXT(2) 
PARAMETRIC_REPRESENTATION_CONTEXT() REPRESENTATION_CONTEXT('2D SPACE',''
  ) );
#2008 = PCURVE('',#1927,#2009);
#2009 = DEFINITIONAL_REPRESENTATION('',(#2010),#2014);
#2010 = LINE('',#2011,#2012);
#2011 = CARTESIAN_POINT('',(1.308996938996,1.));
#2012 = VECTOR('',#2013,1.);
#2013 = DIRECTION('',(1.,0.));
#2014 = ( GEOMETRIC_REPRESENTATION_CONTEXT(2) 
PARAMETRIC_REPRESENTATION_CONTEXT() REPRESENTATION_CONTEXT('2D SPACE',''
  ) );
#2015 = ORIENTED_EDGE('',*,*,#2016,.T.);
#2016 = EDGE_CURVE('',#1993,#2017,#2019,.T.);
#2017 = VERTEX_POINT('',#2018);
#2018 = CARTESIAN_POINT('',(-9.700137427389,-36.20140571941,36.1));
#2019 = SURFACE_CURVE('',#2020,(#2024,#2030),.PCURVE_S1.);
#2020 = LINE('',#2021,#2022);
#2021 = CARTESIAN_POINT('',(-8.140838244968,-30.38202194641,36.1));
#2022 = VECTOR('',#2023,1.);
#2023 = DIRECTION('',(-0.258819045103,-0.965925826289,0.));
#2024 = PCURVE('',#627,#2025);
#2025 = DEFINITIONAL_REPRESENTATION('',(#2026),#2029);
#2026 = B_SPLINE_CURVE_WITH_KNOTS('',1,(#2027,#2028),.UNSPECIFIED.,.F.,
  .F.,(2,2),(-31.45378363382,6.046216366176),.PIECEWISE_BEZIER_KNOTS.);
#2027 = CARTESIAN_POINT('',(-1.652097605469E-15,3.010135135135));
#2028 = CARTESIAN_POINT('',(-9.705714191345,-33.2120833507));
#2029 = ( GEOMETRIC_REPRESENTATION_CONTEXT(2) 
PARAMETRIC_REPRESENTATION_CONTEXT() REPRESENTATION_CONTEXT('2D SPACE',''
  ) );
#2030 = PCURVE('',#2031,#2036);
#2031 = PLANE('',#2032);
#2032 = AXIS2_PLACEMENT_3D('',#2033,#2034,#2035);
#2033 = CARTESIAN_POINT('',(-15.52914270615,-57.95554957734,31.1));
#2034 = DIRECTION('',(-0.965925826289,0.258819045103,0.));
#2035 = DIRECTION('',(0.258819045103,0.965925826289,0.));
#2036 = DEFINITIONAL_REPRESENTATION('',(#2037),#2040);
#2037 = B_SPLINE_CURVE_WITH_KNOTS('',1,(#2038,#2039),.UNSPECIFIED.,.F.,
  .F.,(2,2),(-31.45378363382,6.046216366176),.PIECEWISE_BEZIER_KNOTS.);
#2038 = CARTESIAN_POINT('',(60.,-5.));
#2039 = CARTESIAN_POINT('',(22.5,-5.));
#2040 = ( GEOMETRIC_REPRESENTATION_CONTEXT(2) 
PARAMETRIC_REPRESENTATION_CONTEXT() REPRESENTATION_CONTEXT('2D SPACE',''
  ) );
#2041 = ORIENTED_EDGE('',*,*,#2042,.F.);
#2042 = EDGE_CURVE('',#2043,#2017,#2045,.T.);
#2043 = VERTEX_POINT('',#2044);
#2044 = CARTESIAN_POINT('',(-36.20140571941,-9.700137427389,36.1));
#2045 = SURFACE_CURVE('',#2046,(#2051,#2058),.PCURVE_S1.);
#2046 = CIRCLE('',#2047,37.478453038674);
#2047 = AXIS2_PLACEMENT_3D('',#2048,#2049,#2050);
#2048 = CARTESIAN_POINT('',(0.,0.,36.1));
#2049 = DIRECTION('',(0.,0.,1.));
#2050 = DIRECTION('',(1.,0.,-0.));
#2051 = PCURVE('',#627,#2052);
#2052 = DEFINITIONAL_REPRESENTATION('',(#2053),#2057);
#2053 = CIRCLE('',#2054,37.478453038674);
#2054 = AXIS2_PLACEMENT_2D('',#2055,#2056);
#2055 = CARTESIAN_POINT('',(0.,3.010135135135));
#2056 = DIRECTION('',(1.,0.));
#2057 = ( GEOMETRIC_REPRESENTATION_CONTEXT(2) 
PARAMETRIC_REPRESENTATION_CONTEXT() REPRESENTATION_CONTEXT('2D SPACE',''
  ) );
#2058 = PCURVE('',#2059,#2064);
#2059 = CONICAL_SURFACE('',#2060,37.5,1.13627679348);
#2060 = AXIS2_PLACEMENT_3D('',#2061,#2062,#2063);
#2061 = CARTESIAN_POINT('',(0.,0.,36.09));
#2062 = DIRECTION('',(-0.,-0.,-1.));
#2063 = DIRECTION('',(1.,0.,-0.));
#2064 = DEFINITIONAL_REPRESENTATION('',(#2065),#2069);
#2065 = LINE('',#2066,#2067);
#2066 = CARTESIAN_POINT('',(-0.,-9.999999999998E-03));
#2067 = VECTOR('',#2068,1.);
#2068 = DIRECTION('',(-1.,-0.));
#2069 = ( GEOMETRIC_REPRESENTATION_CONTEXT(2) 
PARAMETRIC_REPRESENTATION_CONTEXT() REPRESENTATION_CONTEXT('2D SPACE',''
  ) );
#2070 = ORIENTED_EDGE('',*,*,#2071,.T.);
#2071 = EDGE_CURVE('',#2043,#2072,#2074,.T.);
#2072 = VERTEX_POINT('',#2073);
#2073 = CARTESIAN_POINT('',(-30.4266635281,-8.152799920729,36.1));
#2074 = SURFACE_CURVE('',#2075,(#2079,#2085),.PCURVE_S1.);
#2075 = LINE('',#2076,#2077);
#2076 = CARTESIAN_POINT('',(-0.376266891892,-0.100820409821,36.1));
#2077 = VECTOR('',#2078,1.);
#2078 = DIRECTION('',(0.965925826289,0.258819045103,-0.));
#2079 = PCURVE('',#627,#2080);
#2080 = DEFINITIONAL_REPRESENTATION('',(#2081),#2084);
#2081 = B_SPLINE_CURVE_WITH_KNOTS('',1,(#2082,#2083),.UNSPECIFIED.,.F.,
  .F.,(2,2),(-37.11045984934,0.389540150653),.PIECEWISE_BEZIER_KNOTS.);
#2082 = CARTESIAN_POINT('',(-36.22221848584,-6.695579056209));
#2083 = CARTESIAN_POINT('',(1.999748137405E-17,3.010135135135));
#2084 = ( GEOMETRIC_REPRESENTATION_CONTEXT(2) 
PARAMETRIC_REPRESENTATION_CONTEXT() REPRESENTATION_CONTEXT('2D SPACE',''
  ) );
#2085 = PCURVE('',#2086,#2091);
#2086 = PLANE('',#2087);
#2087 = AXIS2_PLACEMENT_3D('',#2088,#2089,#2090);
#2088 = CARTESIAN_POINT('',(0.,0.,31.1));
#2089 = DIRECTION('',(0.258819045103,-0.965925826289,0.));
#2090 = DIRECTION('',(-0.965925826289,-0.258819045103,0.));
#2091 = DEFINITIONAL_REPRESENTATION('',(#2092),#2095);
#2092 = B_SPLINE_CURVE_WITH_KNOTS('',1,(#2093,#2094),.UNSPECIFIED.,.F.,
  .F.,(2,2),(-37.11045984934,0.389540150653),.PIECEWISE_BEZIER_KNOTS.);
#2093 = CARTESIAN_POINT('',(37.5,-5.));
#2094 = CARTESIAN_POINT('',(0.,-5.));
#2095 = ( GEOMETRIC_REPRESENTATION_CONTEXT(2) 
PARAMETRIC_REPRESENTATION_CONTEXT() REPRESENTATION_CONTEXT('2D SPACE',''
  ) );
#2096 = ORIENTED_EDGE('',*,*,#2097,.F.);
#2097 = EDGE_CURVE('',#2098,#2072,#2100,.T.);
#2098 = VERTEX_POINT('',#2099);
#2099 = CARTESIAN_POINT('',(-31.45893333333,-1.607953211038,36.1));
#2100 = SURFACE_CURVE('',#2101,(#2106,#2113),.PCURVE_S1.);
#2101 = CIRCLE('',#2102,31.5);
#2102 = AXIS2_PLACEMENT_3D('',#2103,#2104,#2105);
#2103 = CARTESIAN_POINT('',(0.,0.,36.1));
#2104 = DIRECTION('',(0.,-0.,1.));
#2105 = DIRECTION('',(0.258819045103,0.965925826289,0.));
#2106 = PCURVE('',#627,#2107);
#2107 = DEFINITIONAL_REPRESENTATION('',(#2108),#2112);
#2108 = CIRCLE('',#2109,31.5);
#2109 = AXIS2_PLACEMENT_2D('',#2110,#2111);
#2110 = CARTESIAN_POINT('',(0.,3.010135135135));
#2111 = DIRECTION('',(0.258819045103,0.965925826289));
#2112 = ( GEOMETRIC_REPRESENTATION_CONTEXT(2) 
PARAMETRIC_REPRESENTATION_CONTEXT() REPRESENTATION_CONTEXT('2D SPACE',''
  ) );
#2113 = PCURVE('',#2114,#2119);
#2114 = CYLINDRICAL_SURFACE('',#2115,31.5);
#2115 = AXIS2_PLACEMENT_3D('',#2116,#2117,#2118);
#2116 = CARTESIAN_POINT('',(0.,0.,35.1));
#2117 = DIRECTION('',(0.,0.,1.));
#2118 = DIRECTION('',(1.,0.,-0.));
#2119 = DEFINITIONAL_REPRESENTATION('',(#2120),#2124);
#2120 = LINE('',#2121,#2122);
#2121 = CARTESIAN_POINT('',(1.308996938996,1.));
#2122 = VECTOR('',#2123,1.);
#2123 = DIRECTION('',(1.,0.));
#2124 = ( GEOMETRIC_REPRESENTATION_CONTEXT(2) 
PARAMETRIC_REPRESENTATION_CONTEXT() REPRESENTATION_CONTEXT('2D SPACE',''
  ) );
#2125 = ORIENTED_EDGE('',*,*,#2126,.F.);
#2126 = EDGE_CURVE('',#2127,#2098,#2129,.T.);
#2127 = VERTEX_POINT('',#2128);
#2128 = CARTESIAN_POINT('',(-31.45893333333,1.607953211038,36.1));
#2129 = SURFACE_CURVE('',#2130,(#2135,#2142),.PCURVE_S1.);
#2130 = CIRCLE('',#2131,3.44);
#2131 = AXIS2_PLACEMENT_3D('',#2132,#2133,#2134);
#2132 = CARTESIAN_POINT('',(-34.5,4.225031457058E-15,36.1));
#2133 = DIRECTION('',(0.,0.,1.));
#2134 = DIRECTION('',(1.,0.,-0.));
#2135 = PCURVE('',#627,#2136);
#2136 = DEFINITIONAL_REPRESENTATION('',(#2137),#2141);
#2137 = CIRCLE('',#2138,3.44);
#2138 = AXIS2_PLACEMENT_2D('',#2139,#2140);
#2139 = CARTESIAN_POINT('',(-34.5,3.010135135135));
#2140 = DIRECTION('',(1.,0.));
#2141 = ( GEOMETRIC_REPRESENTATION_CONTEXT(2) 
PARAMETRIC_REPRESENTATION_CONTEXT() REPRESENTATION_CONTEXT('2D SPACE',''
  ) );
#2142 = PCURVE('',#2143,#2148);
#2143 = CONICAL_SURFACE('',#2144,3.45,0.785398163397);
#2144 = AXIS2_PLACEMENT_3D('',#2145,#2146,#2147);
#2145 = CARTESIAN_POINT('',(-34.5,4.225031457058E-15,36.09));
#2146 = DIRECTION('',(-0.,-0.,-1.));
#2147 = DIRECTION('',(1.,0.,-0.));
#2148 = DEFINITIONAL_REPRESENTATION('',(#2149),#2153);
#2149 = LINE('',#2150,#2151);
#2150 = CARTESIAN_POINT('',(-0.,-9.999999999998E-03));
#2151 = VECTOR('',#2152,1.);
#2152 = DIRECTION('',(-1.,-0.));
#2153 = ( GEOMETRIC_REPRESENTATION_CONTEXT(2) 
PARAMETRIC_REPRESENTATION_CONTEXT() REPRESENTATION_CONTEXT('2D SPACE',''
  ) );
#2154 = ORIENTED_EDGE('',*,*,#2155,.F.);
#2155 = EDGE_CURVE('',#2156,#2127,#2158,.T.);
#2156 = VERTEX_POINT('',#2157);
#2157 = CARTESIAN_POINT('',(-30.4266635281,8.152799920729,36.1));
#2158 = SURFACE_CURVE('',#2159,(#2164,#2171),.PCURVE_S1.);
#2159 = CIRCLE('',#2160,31.5);
#2160 = AXIS2_PLACEMENT_3D('',#2161,#2162,#2163);
#2161 = CARTESIAN_POINT('',(0.,0.,36.1));
#2162 = DIRECTION('',(0.,-0.,1.));
#2163 = DIRECTION('',(0.258819045103,0.965925826289,0.));
#2164 = PCURVE('',#627,#2165);
#2165 = DEFINITIONAL_REPRESENTATION('',(#2166),#2170);
#2166 = CIRCLE('',#2167,31.5);
#2167 = AXIS2_PLACEMENT_2D('',#2168,#2169);
#2168 = CARTESIAN_POINT('',(0.,3.010135135135));
#2169 = DIRECTION('',(0.258819045103,0.965925826289));
#2170 = ( GEOMETRIC_REPRESENTATION_CONTEXT(2) 
PARAMETRIC_REPRESENTATION_CONTEXT() REPRESENTATION_CONTEXT('2D SPACE',''
  ) );
#2171 = PCURVE('',#2114,#2172);
#2172 = DEFINITIONAL_REPRESENTATION('',(#2173),#2177);
#2173 = LINE('',#2174,#2175);
#2174 = CARTESIAN_POINT('',(1.308996938996,1.));
#2175 = VECTOR('',#2176,1.);
#2176 = DIRECTION('',(1.,0.));
#2177 = ( GEOMETRIC_REPRESENTATION_CONTEXT(2) 
PARAMETRIC_REPRESENTATION_CONTEXT() REPRESENTATION_CONTEXT('2D SPACE',''
  ) );
#2178 = ORIENTED_EDGE('',*,*,#2179,.T.);
#2179 = EDGE_CURVE('',#2156,#2180,#2182,.T.);
#2180 = VERTEX_POINT('',#2181);
#2181 = CARTESIAN_POINT('',(-36.20140571941,9.700137427389,36.1));
#2182 = SURFACE_CURVE('',#2183,(#2187,#2193),.PCURVE_S1.);
#2183 = LINE('',#2184,#2185);
#2184 = CARTESIAN_POINT('',(-28.60150789678,7.663750943255,36.1));
#2185 = VECTOR('',#2186,1.);
#2186 = DIRECTION('',(-0.965925826289,0.258819045103,0.));
#2187 = PCURVE('',#627,#2188);
#2188 = DEFINITIONAL_REPRESENTATION('',(#2189),#2192);
#2189 = B_SPLINE_CURVE_WITH_KNOTS('',1,(#2190,#2191),.UNSPECIFIED.,.F.,
  .F.,(2,2),(-29.61045984934,7.889540150653),.PIECEWISE_BEZIER_KNOTS.);
#2190 = CARTESIAN_POINT('',(-8.220815841611E-16,3.010135135135));
#2191 = CARTESIAN_POINT('',(-36.22221848584,12.71584932648));
#2192 = ( GEOMETRIC_REPRESENTATION_CONTEXT(2) 
PARAMETRIC_REPRESENTATION_CONTEXT() REPRESENTATION_CONTEXT('2D SPACE',''
  ) );
#2193 = PCURVE('',#2194,#2199);
#2194 = PLANE('',#2195);
#2195 = AXIS2_PLACEMENT_3D('',#2196,#2197,#2198);
#2196 = CARTESIAN_POINT('',(-57.95554957734,15.529142706151,31.1));
#2197 = DIRECTION('',(0.258819045103,0.965925826289,0.));
#2198 = DIRECTION('',(0.965925826289,-0.258819045103,0.));
#2199 = DEFINITIONAL_REPRESENTATION('',(#2200),#2203);
#2200 = B_SPLINE_CURVE_WITH_KNOTS('',1,(#2201,#2202),.UNSPECIFIED.,.F.,
  .F.,(2,2),(-29.61045984934,7.889540150653),.PIECEWISE_BEZIER_KNOTS.);
#2201 = CARTESIAN_POINT('',(60.,-5.));
#2202 = CARTESIAN_POINT('',(22.5,-5.));
#2203 = ( GEOMETRIC_REPRESENTATION_CONTEXT(2) 
PARAMETRIC_REPRESENTATION_CONTEXT() REPRESENTATION_CONTEXT('2D SPACE',''
  ) );
#2204 = ORIENTED_EDGE('',*,*,#2205,.F.);
#2205 = EDGE_CURVE('',#2206,#2180,#2208,.T.);
#2206 = VERTEX_POINT('',#2207);
#2207 = CARTESIAN_POINT('',(-9.700137427389,36.201405719417,36.1));
#2208 = SURFACE_CURVE('',#2209,(#2214,#2221),.PCURVE_S1.);
#2209 = CIRCLE('',#2210,37.478453038674);
#2210 = AXIS2_PLACEMENT_3D('',#2211,#2212,#2213);
#2211 = CARTESIAN_POINT('',(0.,0.,36.1));
#2212 = DIRECTION('',(0.,0.,1.));
#2213 = DIRECTION('',(1.,0.,-0.));
#2214 = PCURVE('',#627,#2215);
#2215 = DEFINITIONAL_REPRESENTATION('',(#2216),#2220);
#2216 = CIRCLE('',#2217,37.478453038674);
#2217 = AXIS2_PLACEMENT_2D('',#2218,#2219);
#2218 = CARTESIAN_POINT('',(0.,3.010135135135));
#2219 = DIRECTION('',(1.,0.));
#2220 = ( GEOMETRIC_REPRESENTATION_CONTEXT(2) 
PARAMETRIC_REPRESENTATION_CONTEXT() REPRESENTATION_CONTEXT('2D SPACE',''
  ) );
#2221 = PCURVE('',#2222,#2227);
#2222 = CONICAL_SURFACE('',#2223,37.5,1.13627679348);
#2223 = AXIS2_PLACEMENT_3D('',#2224,#2225,#2226);
#2224 = CARTESIAN_POINT('',(0.,0.,36.09));
#2225 = DIRECTION('',(-0.,-0.,-1.));
#2226 = DIRECTION('',(1.,0.,-0.));
#2227 = DEFINITIONAL_REPRESENTATION('',(#2228),#2232);
#2228 = LINE('',#2229,#2230);
#2229 = CARTESIAN_POINT('',(-0.,-9.999999999998E-03));
#2230 = VECTOR('',#2231,1.);
#2231 = DIRECTION('',(-1.,-0.));
#2232 = ( GEOMETRIC_REPRESENTATION_CONTEXT(2) 
PARAMETRIC_REPRESENTATION_CONTEXT() REPRESENTATION_CONTEXT('2D SPACE',''
  ) );
#2233 = ORIENTED_EDGE('',*,*,#2234,.T.);
#2234 = EDGE_CURVE('',#2206,#2235,#2237,.T.);
#2235 = VERTEX_POINT('',#2236);
#2236 = CARTESIAN_POINT('',(-8.152799920729,30.426663528106,36.1));
#2237 = SURFACE_CURVE('',#2238,(#2242,#2248),.PCURVE_S1.);
#2238 = LINE('',#2239,#2240);
#2239 = CARTESIAN_POINT('',(0.376266891892,-1.404247157747,36.1));
#2240 = VECTOR('',#2241,1.);
#2241 = DIRECTION('',(0.258819045103,-0.965925826289,0.));
#2242 = PCURVE('',#627,#2243);
#2243 = DEFINITIONAL_REPRESENTATION('',(#2244),#2247);
#2244 = B_SPLINE_CURVE_WITH_KNOTS('',1,(#2245,#2246),.UNSPECIFIED.,.F.,
  .F.,(2,2),(-38.95378363382,-1.453783633824),.PIECEWISE_BEZIER_KNOTS.);
#2245 = CARTESIAN_POINT('',(-9.705714191345,39.232353620975));
#2246 = CARTESIAN_POINT('',(-5.266238242742E-17,3.010135135135));
#2247 = ( GEOMETRIC_REPRESENTATION_CONTEXT(2) 
PARAMETRIC_REPRESENTATION_CONTEXT() REPRESENTATION_CONTEXT('2D SPACE',''
  ) );
#2248 = PCURVE('',#2249,#2254);
#2249 = PLANE('',#2250);
#2250 = AXIS2_PLACEMENT_3D('',#2251,#2252,#2253);
#2251 = CARTESIAN_POINT('',(0.,0.,31.1));
#2252 = DIRECTION('',(-0.965925826289,-0.258819045103,0.));
#2253 = DIRECTION('',(-0.258819045103,0.965925826289,0.));
#2254 = DEFINITIONAL_REPRESENTATION('',(#2255),#2258);
#2255 = B_SPLINE_CURVE_WITH_KNOTS('',1,(#2256,#2257),.UNSPECIFIED.,.F.,
  .F.,(2,2),(-38.95378363382,-1.453783633824),.PIECEWISE_BEZIER_KNOTS.);
#2256 = CARTESIAN_POINT('',(37.5,-5.));
#2257 = CARTESIAN_POINT('',(0.,-5.));
#2258 = ( GEOMETRIC_REPRESENTATION_CONTEXT(2) 
PARAMETRIC_REPRESENTATION_CONTEXT() REPRESENTATION_CONTEXT('2D SPACE',''
  ) );
#2259 = ORIENTED_EDGE('',*,*,#2260,.F.);
#2260 = EDGE_CURVE('',#2261,#2235,#2263,.T.);
#2261 = VERTEX_POINT('',#2262);
#2262 = CARTESIAN_POINT('',(-1.607953211038,31.458933333333,36.1));
#2263 = SURFACE_CURVE('',#2264,(#2269,#2276),.PCURVE_S1.);
#2264 = CIRCLE('',#2265,31.5);
#2265 = AXIS2_PLACEMENT_3D('',#2266,#2267,#2268);
#2266 = CARTESIAN_POINT('',(0.,0.,36.1));
#2267 = DIRECTION('',(0.,-0.,1.));
#2268 = DIRECTION('',(0.258819045103,0.965925826289,0.));
#2269 = PCURVE('',#627,#2270);
#2270 = DEFINITIONAL_REPRESENTATION('',(#2271),#2275);
#2271 = CIRCLE('',#2272,31.5);
#2272 = AXIS2_PLACEMENT_2D('',#2273,#2274);
#2273 = CARTESIAN_POINT('',(0.,3.010135135135));
#2274 = DIRECTION('',(0.258819045103,0.965925826289));
#2275 = ( GEOMETRIC_REPRESENTATION_CONTEXT(2) 
PARAMETRIC_REPRESENTATION_CONTEXT() REPRESENTATION_CONTEXT('2D SPACE',''
  ) );
#2276 = PCURVE('',#2277,#2282);
#2277 = CYLINDRICAL_SURFACE('',#2278,31.5);
#2278 = AXIS2_PLACEMENT_3D('',#2279,#2280,#2281);
#2279 = CARTESIAN_POINT('',(0.,0.,35.1));
#2280 = DIRECTION('',(0.,0.,1.));
#2281 = DIRECTION('',(1.,0.,-0.));
#2282 = DEFINITIONAL_REPRESENTATION('',(#2283),#2287);
#2283 = LINE('',#2284,#2285);
#2284 = CARTESIAN_POINT('',(1.308996938996,1.));
#2285 = VECTOR('',#2286,1.);
#2286 = DIRECTION('',(1.,0.));
#2287 = ( GEOMETRIC_REPRESENTATION_CONTEXT(2) 
PARAMETRIC_REPRESENTATION_CONTEXT() REPRESENTATION_CONTEXT('2D SPACE',''
  ) );
#2288 = ORIENTED_EDGE('',*,*,#2289,.F.);
#2289 = EDGE_CURVE('',#2290,#2261,#2292,.T.);
#2290 = VERTEX_POINT('',#2291);
#2291 = CARTESIAN_POINT('',(3.44,34.5,36.1));
#2292 = SURFACE_CURVE('',#2293,(#2298,#2305),.PCURVE_S1.);
#2293 = CIRCLE('',#2294,3.44);
#2294 = AXIS2_PLACEMENT_3D('',#2295,#2296,#2297);
#2295 = CARTESIAN_POINT('',(2.112515728529E-15,34.5,36.1));
#2296 = DIRECTION('',(0.,0.,1.));
#2297 = DIRECTION('',(1.,0.,-0.));
#2298 = PCURVE('',#627,#2299);
#2299 = DEFINITIONAL_REPRESENTATION('',(#2300),#2304);
#2300 = CIRCLE('',#2301,3.44);
#2301 = AXIS2_PLACEMENT_2D('',#2302,#2303);
#2302 = CARTESIAN_POINT('',(2.112515728529E-15,37.510135135135));
#2303 = DIRECTION('',(1.,0.));
#2304 = ( GEOMETRIC_REPRESENTATION_CONTEXT(2) 
PARAMETRIC_REPRESENTATION_CONTEXT() REPRESENTATION_CONTEXT('2D SPACE',''
  ) );
#2305 = PCURVE('',#2306,#2311);
#2306 = CONICAL_SURFACE('',#2307,3.45,0.785398163397);
#2307 = AXIS2_PLACEMENT_3D('',#2308,#2309,#2310);
#2308 = CARTESIAN_POINT('',(2.112515728529E-15,34.5,36.09));
#2309 = DIRECTION('',(-0.,-0.,-1.));
#2310 = DIRECTION('',(1.,0.,-0.));
#2311 = DEFINITIONAL_REPRESENTATION('',(#2312),#2316);
#2312 = LINE('',#2313,#2314);
#2313 = CARTESIAN_POINT('',(-0.,-9.999999999998E-03));
#2314 = VECTOR('',#2315,1.);
#2315 = DIRECTION('',(-1.,-0.));
#2316 = ( GEOMETRIC_REPRESENTATION_CONTEXT(2) 
PARAMETRIC_REPRESENTATION_CONTEXT() REPRESENTATION_CONTEXT('2D SPACE',''
  ) );
#2317 = ORIENTED_EDGE('',*,*,#2318,.F.);
#2318 = EDGE_CURVE('',#2319,#2290,#2321,.T.);
#2319 = VERTEX_POINT('',#2320);
#2320 = CARTESIAN_POINT('',(1.607953211038,31.458933333333,36.1));
#2321 = SURFACE_CURVE('',#2322,(#2327,#2334),.PCURVE_S1.);
#2322 = CIRCLE('',#2323,3.44);
#2323 = AXIS2_PLACEMENT_3D('',#2324,#2325,#2326);
#2324 = CARTESIAN_POINT('',(2.112515728529E-15,34.5,36.1));
#2325 = DIRECTION('',(0.,0.,1.));
#2326 = DIRECTION('',(1.,0.,-0.));
#2327 = PCURVE('',#627,#2328);
#2328 = DEFINITIONAL_REPRESENTATION('',(#2329),#2333);
#2329 = CIRCLE('',#2330,3.44);
#2330 = AXIS2_PLACEMENT_2D('',#2331,#2332);
#2331 = CARTESIAN_POINT('',(2.112515728529E-15,37.510135135135));
#2332 = DIRECTION('',(1.,0.));
#2333 = ( GEOMETRIC_REPRESENTATION_CONTEXT(2) 
PARAMETRIC_REPRESENTATION_CONTEXT() REPRESENTATION_CONTEXT('2D SPACE',''
  ) );
#2334 = PCURVE('',#2306,#2335);
#2335 = DEFINITIONAL_REPRESENTATION('',(#2336),#2340);
#2336 = LINE('',#2337,#2338);
#2337 = CARTESIAN_POINT('',(-0.,-9.999999999998E-03));
#2338 = VECTOR('',#2339,1.);
#2339 = DIRECTION('',(-1.,-0.));
#2340 = ( GEOMETRIC_REPRESENTATION_CONTEXT(2) 
PARAMETRIC_REPRESENTATION_CONTEXT() REPRESENTATION_CONTEXT('2D SPACE',''
  ) );
#2341 = ORIENTED_EDGE('',*,*,#2342,.F.);
#2342 = EDGE_CURVE('',#2343,#2319,#2345,.T.);
#2343 = VERTEX_POINT('',#2344);
#2344 = CARTESIAN_POINT('',(8.152799920729,30.426663528106,36.1));
#2345 = SURFACE_CURVE('',#2346,(#2351,#2358),.PCURVE_S1.);
#2346 = CIRCLE('',#2347,31.5);
#2347 = AXIS2_PLACEMENT_3D('',#2348,#2349,#2350);
#2348 = CARTESIAN_POINT('',(0.,0.,36.1));
#2349 = DIRECTION('',(0.,-0.,1.));
#2350 = DIRECTION('',(0.258819045103,0.965925826289,0.));
#2351 = PCURVE('',#627,#2352);
#2352 = DEFINITIONAL_REPRESENTATION('',(#2353),#2357);
#2353 = CIRCLE('',#2354,31.5);
#2354 = AXIS2_PLACEMENT_2D('',#2355,#2356);
#2355 = CARTESIAN_POINT('',(0.,3.010135135135));
#2356 = DIRECTION('',(0.258819045103,0.965925826289));
#2357 = ( GEOMETRIC_REPRESENTATION_CONTEXT(2) 
PARAMETRIC_REPRESENTATION_CONTEXT() REPRESENTATION_CONTEXT('2D SPACE',''
  ) );
#2358 = PCURVE('',#2277,#2359);
#2359 = DEFINITIONAL_REPRESENTATION('',(#2360),#2364);
#2360 = LINE('',#2361,#2362);
#2361 = CARTESIAN_POINT('',(1.308996938996,1.));
#2362 = VECTOR('',#2363,1.);
#2363 = DIRECTION('',(1.,0.));
#2364 = ( GEOMETRIC_REPRESENTATION_CONTEXT(2) 
PARAMETRIC_REPRESENTATION_CONTEXT() REPRESENTATION_CONTEXT('2D SPACE',''
  ) );
#2365 = ORIENTED_EDGE('',*,*,#2366,.T.);
#2366 = EDGE_CURVE('',#2343,#1669,#2367,.T.);
#2367 = SURFACE_CURVE('',#2368,(#2372,#2378),.PCURVE_S1.);
#2368 = LINE('',#2369,#2370);
#2369 = CARTESIAN_POINT('',(7.388304461184,27.573527630925,36.1));
#2370 = VECTOR('',#2371,1.);
#2371 = DIRECTION('',(0.258819045103,0.965925826289,-0.));
#2372 = PCURVE('',#627,#2373);
#2373 = DEFINITIONAL_REPRESENTATION('',(#2374),#2377);
#2374 = B_SPLINE_CURVE_WITH_KNOTS('',1,(#2375,#2376),.UNSPECIFIED.,.F.,
  .F.,(2,2),(-28.54621636617,8.953783633824),.PIECEWISE_BEZIER_KNOTS.);
#2375 = CARTESIAN_POINT('',(3.126368356865E-15,3.010135135135));
#2376 = CARTESIAN_POINT('',(9.705714191345,39.232353620975));
#2377 = ( GEOMETRIC_REPRESENTATION_CONTEXT(2) 
PARAMETRIC_REPRESENTATION_CONTEXT() REPRESENTATION_CONTEXT('2D SPACE',''
  ) );
#2378 = PCURVE('',#2379,#2384);
#2379 = PLANE('',#2380);
#2380 = AXIS2_PLACEMENT_3D('',#2381,#2382,#2383);
#2381 = CARTESIAN_POINT('',(15.529142706151,57.955549577344,31.1));
#2382 = DIRECTION('',(0.965925826289,-0.258819045103,0.));
#2383 = DIRECTION('',(-0.258819045103,-0.965925826289,0.));
#2384 = DEFINITIONAL_REPRESENTATION('',(#2385),#2388);
#2385 = B_SPLINE_CURVE_WITH_KNOTS('',1,(#2386,#2387),.UNSPECIFIED.,.F.,
  .F.,(2,2),(-28.54621636617,8.953783633824),.PIECEWISE_BEZIER_KNOTS.);
#2386 = CARTESIAN_POINT('',(60.,-5.));
#2387 = CARTESIAN_POINT('',(22.5,-5.));
#2388 = ( GEOMETRIC_REPRESENTATION_CONTEXT(2) 
PARAMETRIC_REPRESENTATION_CONTEXT() REPRESENTATION_CONTEXT('2D SPACE',''
  ) );
#2389 = FACE_BOUND('',#2390,.F.);
#2390 = EDGE_LOOP('',(#2391,#2419,#2445,#2471));
#2391 = ORIENTED_EDGE('',*,*,#2392,.T.);
#2392 = EDGE_CURVE('',#2393,#2395,#2397,.T.);
#2393 = VERTEX_POINT('',#2394);
#2394 = CARTESIAN_POINT('',(9.45,46.55,36.1));
#2395 = VERTEX_POINT('',#2396);
#2396 = CARTESIAN_POINT('',(-9.45,46.55,36.1));
#2397 = SURFACE_CURVE('',#2398,(#2402,#2408),.PCURVE_S1.);
#2398 = LINE('',#2399,#2400);
#2399 = CARTESIAN_POINT('',(-4.725,46.55,36.1));
#2400 = VECTOR('',#2401,1.);
#2401 = DIRECTION('',(-1.,-0.,0.));
#2402 = PCURVE('',#627,#2403);
#2403 = DEFINITIONAL_REPRESENTATION('',(#2404),#2407);
#2404 = B_SPLINE_CURVE_WITH_KNOTS('',1,(#2405,#2406),.UNSPECIFIED.,.F.,
  .F.,(2,2),(-14.175,4.725),.PIECEWISE_BEZIER_KNOTS.);
#2405 = CARTESIAN_POINT('',(9.45,49.560135135135));
#2406 = CARTESIAN_POINT('',(-9.45,49.560135135135));
#2407 = ( GEOMETRIC_REPRESENTATION_CONTEXT(2) 
PARAMETRIC_REPRESENTATION_CONTEXT() REPRESENTATION_CONTEXT('2D SPACE',''
  ) );
#2408 = PCURVE('',#2409,#2414);
#2409 = PLANE('',#2410);
#2410 = AXIS2_PLACEMENT_3D('',#2411,#2412,#2413);
#2411 = CARTESIAN_POINT('',(-9.45,46.55,35.1));
#2412 = DIRECTION('',(-0.,1.,0.));
#2413 = DIRECTION('',(0.,0.,1.));
#2414 = DEFINITIONAL_REPRESENTATION('',(#2415),#2418);
#2415 = B_SPLINE_CURVE_WITH_KNOTS('',1,(#2416,#2417),.UNSPECIFIED.,.F.,
  .F.,(2,2),(-14.175,4.725),.PIECEWISE_BEZIER_KNOTS.);
#2416 = CARTESIAN_POINT('',(1.,18.9));
#2417 = CARTESIAN_POINT('',(1.,0.));
#2418 = ( GEOMETRIC_REPRESENTATION_CONTEXT(2) 
PARAMETRIC_REPRESENTATION_CONTEXT() REPRESENTATION_CONTEXT('2D SPACE',''
  ) );
#2419 = ORIENTED_EDGE('',*,*,#2420,.T.);
#2420 = EDGE_CURVE('',#2395,#2421,#2423,.T.);
#2421 = VERTEX_POINT('',#2422);
#2422 = CARTESIAN_POINT('',(-9.45,61.45,36.1));
#2423 = SURFACE_CURVE('',#2424,(#2428,#2434),.PCURVE_S1.);
#2424 = LINE('',#2425,#2426);
#2425 = CARTESIAN_POINT('',(-9.45,21.769932432432,36.1));
#2426 = VECTOR('',#2427,1.);
#2427 = DIRECTION('',(-0.,1.,0.));
#2428 = PCURVE('',#627,#2429);
#2429 = DEFINITIONAL_REPRESENTATION('',(#2430),#2433);
#2430 = B_SPLINE_CURVE_WITH_KNOTS('',1,(#2431,#2432),.UNSPECIFIED.,.F.,
  .F.,(2,2),(24.780067567568,39.680067567568),.PIECEWISE_BEZIER_KNOTS.);
#2431 = CARTESIAN_POINT('',(-9.45,49.560135135135));
#2432 = CARTESIAN_POINT('',(-9.45,64.460135135135));
#2433 = ( GEOMETRIC_REPRESENTATION_CONTEXT(2) 
PARAMETRIC_REPRESENTATION_CONTEXT() REPRESENTATION_CONTEXT('2D SPACE',''
  ) );
#2434 = PCURVE('',#2435,#2440);
#2435 = PLANE('',#2436);
#2436 = AXIS2_PLACEMENT_3D('',#2437,#2438,#2439);
#2437 = CARTESIAN_POINT('',(-9.45,46.55,35.1));
#2438 = DIRECTION('',(1.,0.,-0.));
#2439 = DIRECTION('',(0.,0.,1.));
#2440 = DEFINITIONAL_REPRESENTATION('',(#2441),#2444);
#2441 = B_SPLINE_CURVE_WITH_KNOTS('',1,(#2442,#2443),.UNSPECIFIED.,.F.,
  .F.,(2,2),(24.780067567568,39.680067567568),.PIECEWISE_BEZIER_KNOTS.);
#2442 = CARTESIAN_POINT('',(1.,0.));
#2443 = CARTESIAN_POINT('',(1.,-14.9));
#2444 = ( GEOMETRIC_REPRESENTATION_CONTEXT(2) 
PARAMETRIC_REPRESENTATION_CONTEXT() REPRESENTATION_CONTEXT('2D SPACE',''
  ) );
#2445 = ORIENTED_EDGE('',*,*,#2446,.F.);
#2446 = EDGE_CURVE('',#2447,#2421,#2449,.T.);
#2447 = VERTEX_POINT('',#2448);
#2448 = CARTESIAN_POINT('',(9.45,61.45,36.1));
#2449 = SURFACE_CURVE('',#2450,(#2454,#2460),.PCURVE_S1.);
#2450 = LINE('',#2451,#2452);
#2451 = CARTESIAN_POINT('',(-4.725,61.45,36.1));
#2452 = VECTOR('',#2453,1.);
#2453 = DIRECTION('',(-1.,-0.,0.));
#2454 = PCURVE('',#627,#2455);
#2455 = DEFINITIONAL_REPRESENTATION('',(#2456),#2459);
#2456 = B_SPLINE_CURVE_WITH_KNOTS('',1,(#2457,#2458),.UNSPECIFIED.,.F.,
  .F.,(2,2),(-14.175,4.725),.PIECEWISE_BEZIER_KNOTS.);
#2457 = CARTESIAN_POINT('',(9.45,64.460135135135));
#2458 = CARTESIAN_POINT('',(-9.45,64.460135135135));
#2459 = ( GEOMETRIC_REPRESENTATION_CONTEXT(2) 
PARAMETRIC_REPRESENTATION_CONTEXT() REPRESENTATION_CONTEXT('2D SPACE',''
  ) );
#2460 = PCURVE('',#2461,#2466);
#2461 = PLANE('',#2462);
#2462 = AXIS2_PLACEMENT_3D('',#2463,#2464,#2465);
#2463 = CARTESIAN_POINT('',(-9.45,61.45,35.1));
#2464 = DIRECTION('',(-0.,1.,0.));
#2465 = DIRECTION('',(0.,0.,1.));
#2466 = DEFINITIONAL_REPRESENTATION('',(#2467),#2470);
#2467 = B_SPLINE_CURVE_WITH_KNOTS('',1,(#2468,#2469),.UNSPECIFIED.,.F.,
  .F.,(2,2),(-14.175,4.725),.PIECEWISE_BEZIER_KNOTS.);
#2468 = CARTESIAN_POINT('',(1.,18.9));
#2469 = CARTESIAN_POINT('',(1.,0.));
#2470 = ( GEOMETRIC_REPRESENTATION_CONTEXT(2) 
PARAMETRIC_REPRESENTATION_CONTEXT() REPRESENTATION_CONTEXT('2D SPACE',''
  ) );
#2471 = ORIENTED_EDGE('',*,*,#2472,.F.);
#2472 = EDGE_CURVE('',#2393,#2447,#2473,.T.);
#2473 = SURFACE_CURVE('',#2474,(#2478,#2484),.PCURVE_S1.);
#2474 = LINE('',#2475,#2476);
#2475 = CARTESIAN_POINT('',(9.45,21.769932432432,36.1));
#2476 = VECTOR('',#2477,1.);
#2477 = DIRECTION('',(-0.,1.,0.));
#2478 = PCURVE('',#627,#2479);
#2479 = DEFINITIONAL_REPRESENTATION('',(#2480),#2483);
#2480 = B_SPLINE_CURVE_WITH_KNOTS('',1,(#2481,#2482),.UNSPECIFIED.,.F.,
  .F.,(2,2),(24.780067567568,39.680067567568),.PIECEWISE_BEZIER_KNOTS.);
#2481 = CARTESIAN_POINT('',(9.45,49.560135135135));
#2482 = CARTESIAN_POINT('',(9.45,64.460135135135));
#2483 = ( GEOMETRIC_REPRESENTATION_CONTEXT(2) 
PARAMETRIC_REPRESENTATION_CONTEXT() REPRESENTATION_CONTEXT('2D SPACE',''
  ) );
#2484 = PCURVE('',#2485,#2490);
#2485 = PLANE('',#2486);
#2486 = AXIS2_PLACEMENT_3D('',#2487,#2488,#2489);
#2487 = CARTESIAN_POINT('',(9.45,46.55,35.1));
#2488 = DIRECTION('',(1.,0.,-0.));
#2489 = DIRECTION('',(0.,0.,1.));
#2490 = DEFINITIONAL_REPRESENTATION('',(#2491),#2494);
#2491 = B_SPLINE_CURVE_WITH_KNOTS('',1,(#2492,#2493),.UNSPECIFIED.,.F.,
  .F.,(2,2),(24.780067567568,39.680067567568),.PIECEWISE_BEZIER_KNOTS.);
#2492 = CARTESIAN_POINT('',(1.,0.));
#2493 = CARTESIAN_POINT('',(1.,-14.9));
#2494 = ( GEOMETRIC_REPRESENTATION_CONTEXT(2) 
PARAMETRIC_REPRESENTATION_CONTEXT() REPRESENTATION_CONTEXT('2D SPACE',''
  ) );
#2495 = ADVANCED_FACE('',(#2496),#811,.T.);
#2496 = FACE_BOUND('',#2497,.T.);
#2497 = EDGE_LOOP('',(#2498,#2499,#2500,#2520));
#2498 = ORIENTED_EDGE('',*,*,#795,.T.);
#2499 = ORIENTED_EDGE('',*,*,#1295,.T.);
#2500 = ORIENTED_EDGE('',*,*,#2501,.F.);
#2501 = EDGE_CURVE('',#875,#1296,#2502,.T.);
#2502 = SURFACE_CURVE('',#2503,(#2508,#2514),.PCURVE_S1.);
#2503 = CIRCLE('',#2504,1.);
#2504 = AXIS2_PLACEMENT_3D('',#2505,#2506,#2507);
#2505 = CARTESIAN_POINT('',(73.,32.,37.1));
#2506 = DIRECTION('',(0.,1.,0.));
#2507 = DIRECTION('',(1.,0.,-0.));
#2508 = PCURVE('',#811,#2509);
#2509 = DEFINITIONAL_REPRESENTATION('',(#2510),#2513);
#2510 = B_SPLINE_CURVE_WITH_KNOTS('',1,(#2511,#2512),.UNSPECIFIED.,.F.,
  .F.,(2,2),(0.,1.570796326795),.PIECEWISE_BEZIER_KNOTS.);
#2511 = CARTESIAN_POINT('',(0.,97.));
#2512 = CARTESIAN_POINT('',(1.570796326795,97.));
#2513 = ( GEOMETRIC_REPRESENTATION_CONTEXT(2) 
PARAMETRIC_REPRESENTATION_CONTEXT() REPRESENTATION_CONTEXT('2D SPACE',''
  ) );
#2514 = PCURVE('',#1335,#2515);
#2515 = DEFINITIONAL_REPRESENTATION('',(#2516),#2519);
#2516 = B_SPLINE_CURVE_WITH_KNOTS('',1,(#2517,#2518),.UNSPECIFIED.,.F.,
  .F.,(2,2),(0.,1.570796326795),.PIECEWISE_BEZIER_KNOTS.);
#2517 = CARTESIAN_POINT('',(0.,0.));
#2518 = CARTESIAN_POINT('',(0.,1.570796326795));
#2519 = ( GEOMETRIC_REPRESENTATION_CONTEXT(2) 
PARAMETRIC_REPRESENTATION_CONTEXT() REPRESENTATION_CONTEXT('2D SPACE',''
  ) );
#2520 = ORIENTED_EDGE('',*,*,#874,.F.);
#2521 = ADVANCED_FACE('',(#2522),#983,.T.);
#2522 = FACE_BOUND('',#2523,.T.);
#2523 = EDGE_LOOP('',(#2524,#2525,#2549,#2577));
#2524 = ORIENTED_EDGE('',*,*,#969,.F.);
#2525 = ORIENTED_EDGE('',*,*,#2526,.T.);
#2526 = EDGE_CURVE('',#875,#2527,#2529,.T.);
#2527 = VERTEX_POINT('',#2528);
#2528 = CARTESIAN_POINT('',(65.,41.,37.1));
#2529 = SURFACE_CURVE('',#2530,(#2535,#2542),.PCURVE_S1.);
#2530 = CIRCLE('',#2531,9.);
#2531 = AXIS2_PLACEMENT_3D('',#2532,#2533,#2534);
#2532 = CARTESIAN_POINT('',(65.,32.,37.1));
#2533 = DIRECTION('',(0.,0.,1.));
#2534 = DIRECTION('',(1.,0.,-0.));
#2535 = PCURVE('',#983,#2536);
#2536 = DEFINITIONAL_REPRESENTATION('',(#2537),#2541);
#2537 = LINE('',#2538,#2539);
#2538 = CARTESIAN_POINT('',(0.,1.));
#2539 = VECTOR('',#2540,1.);
#2540 = DIRECTION('',(1.,0.));
#2541 = ( GEOMETRIC_REPRESENTATION_CONTEXT(2) 
PARAMETRIC_REPRESENTATION_CONTEXT() REPRESENTATION_CONTEXT('2D SPACE',''
  ) );
#2542 = PCURVE('',#1335,#2543);
#2543 = DEFINITIONAL_REPRESENTATION('',(#2544),#2548);
#2544 = LINE('',#2545,#2546);
#2545 = CARTESIAN_POINT('',(-0.,0.));
#2546 = VECTOR('',#2547,1.);
#2547 = DIRECTION('',(-1.,0.));
#2548 = ( GEOMETRIC_REPRESENTATION_CONTEXT(2) 
PARAMETRIC_REPRESENTATION_CONTEXT() REPRESENTATION_CONTEXT('2D SPACE',''
  ) );
#2549 = ORIENTED_EDGE('',*,*,#2550,.T.);
#2550 = EDGE_CURVE('',#2527,#2551,#2553,.T.);
#2551 = VERTEX_POINT('',#2552);
#2552 = CARTESIAN_POINT('',(65.,41.,42.5));
#2553 = SURFACE_CURVE('',#2554,(#2558,#2565),.PCURVE_S1.);
#2554 = LINE('',#2555,#2556);
#2555 = CARTESIAN_POINT('',(65.,41.,36.1));
#2556 = VECTOR('',#2557,1.);
#2557 = DIRECTION('',(0.,0.,1.));
#2558 = PCURVE('',#983,#2559);
#2559 = DEFINITIONAL_REPRESENTATION('',(#2560),#2564);
#2560 = LINE('',#2561,#2562);
#2561 = CARTESIAN_POINT('',(1.570796326795,0.));
#2562 = VECTOR('',#2563,1.);
#2563 = DIRECTION('',(0.,1.));
#2564 = ( GEOMETRIC_REPRESENTATION_CONTEXT(2) 
PARAMETRIC_REPRESENTATION_CONTEXT() REPRESENTATION_CONTEXT('2D SPACE',''
  ) );
#2565 = PCURVE('',#2566,#2571);
#2566 = PLANE('',#2567);
#2567 = AXIS2_PLACEMENT_3D('',#2568,#2569,#2570);
#2568 = CARTESIAN_POINT('',(74.,41.,36.1));
#2569 = DIRECTION('',(0.,-1.,0.));
#2570 = DIRECTION('',(-1.,0.,0.));
#2571 = DEFINITIONAL_REPRESENTATION('',(#2572),#2576);
#2572 = LINE('',#2573,#2574);
#2573 = CARTESIAN_POINT('',(9.,0.));
#2574 = VECTOR('',#2575,1.);
#2575 = DIRECTION('',(0.,-1.));
#2576 = ( GEOMETRIC_REPRESENTATION_CONTEXT(2) 
PARAMETRIC_REPRESENTATION_CONTEXT() REPRESENTATION_CONTEXT('2D SPACE',''
  ) );
#2577 = ORIENTED_EDGE('',*,*,#2578,.F.);
#2578 = EDGE_CURVE('',#942,#2551,#2579,.T.);
#2579 = SURFACE_CURVE('',#2580,(#2585,#2592),.PCURVE_S1.);
#2580 = CIRCLE('',#2581,9.);
#2581 = AXIS2_PLACEMENT_3D('',#2582,#2583,#2584);
#2582 = CARTESIAN_POINT('',(65.,32.,42.5));
#2583 = DIRECTION('',(0.,0.,1.));
#2584 = DIRECTION('',(1.,0.,-0.));
#2585 = PCURVE('',#983,#2586);
#2586 = DEFINITIONAL_REPRESENTATION('',(#2587),#2591);
#2587 = LINE('',#2588,#2589);
#2588 = CARTESIAN_POINT('',(0.,6.4));
#2589 = VECTOR('',#2590,1.);
#2590 = DIRECTION('',(1.,0.));
#2591 = ( GEOMETRIC_REPRESENTATION_CONTEXT(2) 
PARAMETRIC_REPRESENTATION_CONTEXT() REPRESENTATION_CONTEXT('2D SPACE',''
  ) );
#2592 = PCURVE('',#2593,#2598);
#2593 = TOROIDAL_SURFACE('',#2594,8.,1.);
#2594 = AXIS2_PLACEMENT_3D('',#2595,#2596,#2597);
#2595 = CARTESIAN_POINT('',(65.,32.,42.5));
#2596 = DIRECTION('',(0.,0.,1.));
#2597 = DIRECTION('',(1.,0.,-0.));
#2598 = DEFINITIONAL_REPRESENTATION('',(#2599),#2603);
#2599 = LINE('',#2600,#2601);
#2600 = CARTESIAN_POINT('',(0.,0.));
#2601 = VECTOR('',#2602,1.);
#2602 = DIRECTION('',(1.,0.));
#2603 = ( GEOMETRIC_REPRESENTATION_CONTEXT(2) 
PARAMETRIC_REPRESENTATION_CONTEXT() REPRESENTATION_CONTEXT('2D SPACE',''
  ) );
#2604 = ADVANCED_FACE('',(#2605),#957,.T.);
#2605 = FACE_BOUND('',#2606,.F.);
#2606 = EDGE_LOOP('',(#2607,#2608,#2609,#2632));
#2607 = ORIENTED_EDGE('',*,*,#941,.F.);
#2608 = ORIENTED_EDGE('',*,*,#1134,.F.);
#2609 = ORIENTED_EDGE('',*,*,#2610,.T.);
#2610 = EDGE_CURVE('',#1109,#2611,#2613,.T.);
#2611 = VERTEX_POINT('',#2612);
#2612 = CARTESIAN_POINT('',(73.,32.,43.5));
#2613 = SURFACE_CURVE('',#2614,(#2618,#2625),.PCURVE_S1.);
#2614 = LINE('',#2615,#2616);
#2615 = CARTESIAN_POINT('',(73.,-65.,43.5));
#2616 = VECTOR('',#2617,1.);
#2617 = DIRECTION('',(0.,1.,0.));
#2618 = PCURVE('',#957,#2619);
#2619 = DEFINITIONAL_REPRESENTATION('',(#2620),#2624);
#2620 = LINE('',#2621,#2622);
#2621 = CARTESIAN_POINT('',(-1.570796326795,0.));
#2622 = VECTOR('',#2623,1.);
#2623 = DIRECTION('',(-0.,1.));
#2624 = ( GEOMETRIC_REPRESENTATION_CONTEXT(2) 
PARAMETRIC_REPRESENTATION_CONTEXT() REPRESENTATION_CONTEXT('2D SPACE',''
  ) );
#2625 = PCURVE('',#1123,#2626);
#2626 = DEFINITIONAL_REPRESENTATION('',(#2627),#2631);
#2627 = LINE('',#2628,#2629);
#2628 = CARTESIAN_POINT('',(73.,-61.98986486486));
#2629 = VECTOR('',#2630,1.);
#2630 = DIRECTION('',(0.,1.));
#2631 = ( GEOMETRIC_REPRESENTATION_CONTEXT(2) 
PARAMETRIC_REPRESENTATION_CONTEXT() REPRESENTATION_CONTEXT('2D SPACE',''
  ) );
#2632 = ORIENTED_EDGE('',*,*,#2633,.F.);
#2633 = EDGE_CURVE('',#942,#2611,#2634,.T.);
#2634 = SURFACE_CURVE('',#2635,(#2640,#2646),.PCURVE_S1.);
#2635 = CIRCLE('',#2636,1.);
#2636 = AXIS2_PLACEMENT_3D('',#2637,#2638,#2639);
#2637 = CARTESIAN_POINT('',(73.,32.,42.5));
#2638 = DIRECTION('',(0.,-1.,-0.));
#2639 = DIRECTION('',(1.,0.,-0.));
#2640 = PCURVE('',#957,#2641);
#2641 = DEFINITIONAL_REPRESENTATION('',(#2642),#2645);
#2642 = B_SPLINE_CURVE_WITH_KNOTS('',1,(#2643,#2644),.UNSPECIFIED.,.F.,
  .F.,(2,2),(0.,1.570796326795),.PIECEWISE_BEZIER_KNOTS.);
#2643 = CARTESIAN_POINT('',(0.,97.));
#2644 = CARTESIAN_POINT('',(-1.570796326795,97.));
#2645 = ( GEOMETRIC_REPRESENTATION_CONTEXT(2) 
PARAMETRIC_REPRESENTATION_CONTEXT() REPRESENTATION_CONTEXT('2D SPACE',''
  ) );
#2646 = PCURVE('',#2593,#2647);
#2647 = DEFINITIONAL_REPRESENTATION('',(#2648),#2651);
#2648 = B_SPLINE_CURVE_WITH_KNOTS('',1,(#2649,#2650),.UNSPECIFIED.,.F.,
  .F.,(2,2),(0.,1.570796326795),.PIECEWISE_BEZIER_KNOTS.);
#2649 = CARTESIAN_POINT('',(0.,0.));
#2650 = CARTESIAN_POINT('',(0.,1.570796326795));
#2651 = ( GEOMETRIC_REPRESENTATION_CONTEXT(2) 
PARAMETRIC_REPRESENTATION_CONTEXT() REPRESENTATION_CONTEXT('2D SPACE',''
  ) );
#2652 = ADVANCED_FACE('',(#2653),#1041,.T.);
#2653 = FACE_BOUND('',#2654,.F.);
#2654 = EDGE_LOOP('',(#2655,#2675,#2676,#2677));
#2655 = ORIENTED_EDGE('',*,*,#2656,.F.);
#2656 = EDGE_CURVE('',#1214,#1584,#2657,.T.);
#2657 = SURFACE_CURVE('',#2658,(#2663,#2669),.PCURVE_S1.);
#2658 = CIRCLE('',#2659,1.);
#2659 = AXIS2_PLACEMENT_3D('',#2660,#2661,#2662);
#2660 = CARTESIAN_POINT('',(-65.,40.,37.1));
#2661 = DIRECTION('',(-1.,0.,0.));
#2662 = DIRECTION('',(0.,1.,-0.));
#2663 = PCURVE('',#1041,#2664);
#2664 = DEFINITIONAL_REPRESENTATION('',(#2665),#2668);
#2665 = B_SPLINE_CURVE_WITH_KNOTS('',1,(#2666,#2667),.UNSPECIFIED.,.F.,
  .F.,(2,2),(0.,1.570796326795),.PIECEWISE_BEZIER_KNOTS.);
#2666 = CARTESIAN_POINT('',(0.,0.));
#2667 = CARTESIAN_POINT('',(0.,1.570796326795));
#2668 = ( GEOMETRIC_REPRESENTATION_CONTEXT(2) 
PARAMETRIC_REPRESENTATION_CONTEXT() REPRESENTATION_CONTEXT('2D SPACE',''
  ) );
#2669 = PCURVE('',#1599,#2670);
#2670 = DEFINITIONAL_REPRESENTATION('',(#2671),#2674);
#2671 = B_SPLINE_CURVE_WITH_KNOTS('',1,(#2672,#2673),.UNSPECIFIED.,.F.,
  .F.,(2,2),(0.,1.570796326795),.PIECEWISE_BEZIER_KNOTS.);
#2672 = CARTESIAN_POINT('',(0.,9.));
#2673 = CARTESIAN_POINT('',(1.570796326795,9.));
#2674 = ( GEOMETRIC_REPRESENTATION_CONTEXT(2) 
PARAMETRIC_REPRESENTATION_CONTEXT() REPRESENTATION_CONTEXT('2D SPACE',''
  ) );
#2675 = ORIENTED_EDGE('',*,*,#1243,.T.);
#2676 = ORIENTED_EDGE('',*,*,#1025,.T.);
#2677 = ORIENTED_EDGE('',*,*,#1611,.F.);
#2678 = ADVANCED_FACE('',(#2679,#2934,#2965,#2996,#3027,#3058,#3089,
    #3120,#3151,#3182,#3213,#3244,#3275,#3306,#3337,#3368,#3399,#3430,
    #3461),#1123,.T.);
#2679 = FACE_BOUND('',#2680,.T.);
#2680 = EDGE_LOOP('',(#2681,#2705,#2706,#2707,#2708,#2732,#2760,#2793,
    #2821,#2847,#2875,#2908));
#2681 = ORIENTED_EDGE('',*,*,#2682,.T.);
#2682 = EDGE_CURVE('',#2683,#1162,#2685,.T.);
#2683 = VERTEX_POINT('',#2684);
#2684 = CARTESIAN_POINT('',(-65.,40.,43.5));
#2685 = SURFACE_CURVE('',#2686,(#2691,#2698),.PCURVE_S1.);
#2686 = CIRCLE('',#2687,8.);
#2687 = AXIS2_PLACEMENT_3D('',#2688,#2689,#2690);
#2688 = CARTESIAN_POINT('',(-65.,32.,43.5));
#2689 = DIRECTION('',(0.,0.,1.));
#2690 = DIRECTION('',(0.,1.,-0.));
#2691 = PCURVE('',#1123,#2692);
#2692 = DEFINITIONAL_REPRESENTATION('',(#2693),#2697);
#2693 = CIRCLE('',#2694,8.);
#2694 = AXIS2_PLACEMENT_2D('',#2695,#2696);
#2695 = CARTESIAN_POINT('',(-65.,35.010135135135));
#2696 = DIRECTION('',(0.,1.));
#2697 = ( GEOMETRIC_REPRESENTATION_CONTEXT(2) 
PARAMETRIC_REPRESENTATION_CONTEXT() REPRESENTATION_CONTEXT('2D SPACE',''
  ) );
#2698 = PCURVE('',#1177,#2699);
#2699 = DEFINITIONAL_REPRESENTATION('',(#2700),#2704);
#2700 = LINE('',#2701,#2702);
#2701 = CARTESIAN_POINT('',(0.,1.570796326795));
#2702 = VECTOR('',#2703,1.);
#2703 = DIRECTION('',(1.,0.));
#2704 = ( GEOMETRIC_REPRESENTATION_CONTEXT(2) 
PARAMETRIC_REPRESENTATION_CONTEXT() REPRESENTATION_CONTEXT('2D SPACE',''
  ) );
#2705 = ORIENTED_EDGE('',*,*,#1188,.T.);
#2706 = ORIENTED_EDGE('',*,*,#1108,.F.);
#2707 = ORIENTED_EDGE('',*,*,#2610,.T.);
#2708 = ORIENTED_EDGE('',*,*,#2709,.T.);
#2709 = EDGE_CURVE('',#2611,#2710,#2712,.T.);
#2710 = VERTEX_POINT('',#2711);
#2711 = CARTESIAN_POINT('',(65.,40.,43.5));
#2712 = SURFACE_CURVE('',#2713,(#2718,#2725),.PCURVE_S1.);
#2713 = CIRCLE('',#2714,8.);
#2714 = AXIS2_PLACEMENT_3D('',#2715,#2716,#2717);
#2715 = CARTESIAN_POINT('',(65.,32.,43.5));
#2716 = DIRECTION('',(0.,0.,1.));
#2717 = DIRECTION('',(1.,0.,-0.));
#2718 = PCURVE('',#1123,#2719);
#2719 = DEFINITIONAL_REPRESENTATION('',(#2720),#2724);
#2720 = CIRCLE('',#2721,8.);
#2721 = AXIS2_PLACEMENT_2D('',#2722,#2723);
#2722 = CARTESIAN_POINT('',(65.,35.010135135135));
#2723 = DIRECTION('',(1.,0.));
#2724 = ( GEOMETRIC_REPRESENTATION_CONTEXT(2) 
PARAMETRIC_REPRESENTATION_CONTEXT() REPRESENTATION_CONTEXT('2D SPACE',''
  ) );
#2725 = PCURVE('',#2593,#2726);
#2726 = DEFINITIONAL_REPRESENTATION('',(#2727),#2731);
#2727 = LINE('',#2728,#2729);
#2728 = CARTESIAN_POINT('',(0.,1.570796326795));
#2729 = VECTOR('',#2730,1.);
#2730 = DIRECTION('',(1.,0.));
#2731 = ( GEOMETRIC_REPRESENTATION_CONTEXT(2) 
PARAMETRIC_REPRESENTATION_CONTEXT() REPRESENTATION_CONTEXT('2D SPACE',''
  ) );
#2732 = ORIENTED_EDGE('',*,*,#2733,.T.);
#2733 = EDGE_CURVE('',#2710,#2734,#2736,.T.);
#2734 = VERTEX_POINT('',#2735);
#2735 = CARTESIAN_POINT('',(56.,40.,43.5));
#2736 = SURFACE_CURVE('',#2737,(#2741,#2748),.PCURVE_S1.);
#2737 = LINE('',#2738,#2739);
#2738 = CARTESIAN_POINT('',(65.,40.,43.5));
#2739 = VECTOR('',#2740,1.);
#2740 = DIRECTION('',(-1.,0.,0.));
#2741 = PCURVE('',#1123,#2742);
#2742 = DEFINITIONAL_REPRESENTATION('',(#2743),#2747);
#2743 = LINE('',#2744,#2745);
#2744 = CARTESIAN_POINT('',(65.,43.010135135135));
#2745 = VECTOR('',#2746,1.);
#2746 = DIRECTION('',(-1.,0.));
#2747 = ( GEOMETRIC_REPRESENTATION_CONTEXT(2) 
PARAMETRIC_REPRESENTATION_CONTEXT() REPRESENTATION_CONTEXT('2D SPACE',''
  ) );
#2748 = PCURVE('',#2749,#2754);
#2749 = CYLINDRICAL_SURFACE('',#2750,1.);
#2750 = AXIS2_PLACEMENT_3D('',#2751,#2752,#2753);
#2751 = CARTESIAN_POINT('',(65.,40.,42.5));
#2752 = DIRECTION('',(-1.,0.,0.));
#2753 = DIRECTION('',(0.,1.,-0.));
#2754 = DEFINITIONAL_REPRESENTATION('',(#2755),#2759);
#2755 = LINE('',#2756,#2757);
#2756 = CARTESIAN_POINT('',(-1.570796326795,0.));
#2757 = VECTOR('',#2758,1.);
#2758 = DIRECTION('',(-0.,1.));
#2759 = ( GEOMETRIC_REPRESENTATION_CONTEXT(2) 
PARAMETRIC_REPRESENTATION_CONTEXT() REPRESENTATION_CONTEXT('2D SPACE',''
  ) );
#2760 = ORIENTED_EDGE('',*,*,#2761,.T.);
#2761 = EDGE_CURVE('',#2734,#2762,#2764,.T.);
#2762 = VERTEX_POINT('',#2763);
#2763 = CARTESIAN_POINT('',(46.,50.,43.5));
#2764 = SURFACE_CURVE('',#2765,(#2770,#2781),.PCURVE_S1.);
#2765 = CIRCLE('',#2766,10.);
#2766 = AXIS2_PLACEMENT_3D('',#2767,#2768,#2769);
#2767 = CARTESIAN_POINT('',(56.,50.,43.5));
#2768 = DIRECTION('',(-0.,-0.,-1.));
#2769 = DIRECTION('',(0.,-1.,0.));
#2770 = PCURVE('',#1123,#2771);
#2771 = DEFINITIONAL_REPRESENTATION('',(#2772),#2780);
#2772 = ( BOUNDED_CURVE() B_SPLINE_CURVE(2,(#2773,#2774,#2775,#2776,
#2777,#2778,#2779),.UNSPECIFIED.,.T.,.F.) B_SPLINE_CURVE_WITH_KNOTS((1,2
    ,2,2,2,1),(-2.094395102393,0.,2.094395102393,4.188790204786,
6.28318530718,8.377580409573),.UNSPECIFIED.) CURVE() 
GEOMETRIC_REPRESENTATION_ITEM() RATIONAL_B_SPLINE_CURVE((1.,0.5,1.,0.5,
1.,0.5,1.)) REPRESENTATION_ITEM('') );
#2773 = CARTESIAN_POINT('',(56.,43.010135135135));
#2774 = CARTESIAN_POINT('',(38.679491924311,43.010135135135));
#2775 = CARTESIAN_POINT('',(47.339745962156,58.010135135135));
#2776 = CARTESIAN_POINT('',(56.,73.010135135135));
#2777 = CARTESIAN_POINT('',(64.660254037844,58.010135135135));
#2778 = CARTESIAN_POINT('',(73.320508075689,43.010135135135));
#2779 = CARTESIAN_POINT('',(56.,43.010135135135));
#2780 = ( GEOMETRIC_REPRESENTATION_CONTEXT(2) 
PARAMETRIC_REPRESENTATION_CONTEXT() REPRESENTATION_CONTEXT('2D SPACE',''
  ) );
#2781 = PCURVE('',#2782,#2787);
#2782 = TOROIDAL_SURFACE('',#2783,10.,1.);
#2783 = AXIS2_PLACEMENT_3D('',#2784,#2785,#2786);
#2784 = CARTESIAN_POINT('',(56.,50.,42.5));
#2785 = DIRECTION('',(-0.,-0.,-1.));
#2786 = DIRECTION('',(0.,-1.,0.));
#2787 = DEFINITIONAL_REPRESENTATION('',(#2788),#2792);
#2788 = LINE('',#2789,#2790);
#2789 = CARTESIAN_POINT('',(0.,4.712388980385));
#2790 = VECTOR('',#2791,1.);
#2791 = DIRECTION('',(1.,0.));
#2792 = ( GEOMETRIC_REPRESENTATION_CONTEXT(2) 
PARAMETRIC_REPRESENTATION_CONTEXT() REPRESENTATION_CONTEXT('2D SPACE',''
  ) );
#2793 = ORIENTED_EDGE('',*,*,#2794,.T.);
#2794 = EDGE_CURVE('',#2762,#2795,#2797,.T.);
#2795 = VERTEX_POINT('',#2796);
#2796 = CARTESIAN_POINT('',(46.,63.7,43.5));
#2797 = SURFACE_CURVE('',#2798,(#2802,#2809),.PCURVE_S1.);
#2798 = LINE('',#2799,#2800);
#2799 = CARTESIAN_POINT('',(46.,50.,43.5));
#2800 = VECTOR('',#2801,1.);
#2801 = DIRECTION('',(0.,1.,0.));
#2802 = PCURVE('',#1123,#2803);
#2803 = DEFINITIONAL_REPRESENTATION('',(#2804),#2808);
#2804 = LINE('',#2805,#2806);
#2805 = CARTESIAN_POINT('',(46.,53.010135135135));
#2806 = VECTOR('',#2807,1.);
#2807 = DIRECTION('',(0.,1.));
#2808 = ( GEOMETRIC_REPRESENTATION_CONTEXT(2) 
PARAMETRIC_REPRESENTATION_CONTEXT() REPRESENTATION_CONTEXT('2D SPACE',''
  ) );
#2809 = PCURVE('',#2810,#2815);
#2810 = CYLINDRICAL_SURFACE('',#2811,1.);
#2811 = AXIS2_PLACEMENT_3D('',#2812,#2813,#2814);
#2812 = CARTESIAN_POINT('',(46.,50.,42.5));
#2813 = DIRECTION('',(0.,1.,0.));
#2814 = DIRECTION('',(1.,0.,-0.));
#2815 = DEFINITIONAL_REPRESENTATION('',(#2816),#2820);
#2816 = LINE('',#2817,#2818);
#2817 = CARTESIAN_POINT('',(-1.570796326795,0.));
#2818 = VECTOR('',#2819,1.);
#2819 = DIRECTION('',(-0.,1.));
#2820 = ( GEOMETRIC_REPRESENTATION_CONTEXT(2) 
PARAMETRIC_REPRESENTATION_CONTEXT() REPRESENTATION_CONTEXT('2D SPACE',''
  ) );
#2821 = ORIENTED_EDGE('',*,*,#2822,.T.);
#2822 = EDGE_CURVE('',#2795,#2823,#2825,.T.);
#2823 = VERTEX_POINT('',#2824);
#2824 = CARTESIAN_POINT('',(-46.,63.7,43.5));
#2825 = SURFACE_CURVE('',#2826,(#2830,#2836),.PCURVE_S1.);
#2826 = LINE('',#2827,#2828);
#2827 = CARTESIAN_POINT('',(-37.5,63.7,43.5));
#2828 = VECTOR('',#2829,1.);
#2829 = DIRECTION('',(-1.,-0.,0.));
#2830 = PCURVE('',#1123,#2831);
#2831 = DEFINITIONAL_REPRESENTATION('',(#2832),#2835);
#2832 = B_SPLINE_CURVE_WITH_KNOTS('',1,(#2833,#2834),.UNSPECIFIED.,.F.,
  .F.,(2,2),(-110.5,35.5),.PIECEWISE_BEZIER_KNOTS.);
#2833 = CARTESIAN_POINT('',(73.,66.710135135135));
#2834 = CARTESIAN_POINT('',(-73.,66.710135135135));
#2835 = ( GEOMETRIC_REPRESENTATION_CONTEXT(2) 
PARAMETRIC_REPRESENTATION_CONTEXT() REPRESENTATION_CONTEXT('2D SPACE',''
  ) );
#2836 = PCURVE('',#2837,#2842);
#2837 = PLANE('',#2838);
#2838 = AXIS2_PLACEMENT_3D('',#2839,#2840,#2841);
#2839 = CARTESIAN_POINT('',(-75.,63.7,45.5));
#2840 = DIRECTION('',(-0.,1.,0.));
#2841 = DIRECTION('',(0.,0.,-1.));
#2842 = DEFINITIONAL_REPRESENTATION('',(#2843),#2846);
#2843 = B_SPLINE_CURVE_WITH_KNOTS('',1,(#2844,#2845),.UNSPECIFIED.,.F.,
  .F.,(2,2),(-110.5,35.5),.PIECEWISE_BEZIER_KNOTS.);
#2844 = CARTESIAN_POINT('',(2.,-148.));
#2845 = CARTESIAN_POINT('',(2.,-2.));
#2846 = ( GEOMETRIC_REPRESENTATION_CONTEXT(2) 
PARAMETRIC_REPRESENTATION_CONTEXT() REPRESENTATION_CONTEXT('2D SPACE',''
  ) );
#2847 = ORIENTED_EDGE('',*,*,#2848,.T.);
#2848 = EDGE_CURVE('',#2823,#2849,#2851,.T.);
#2849 = VERTEX_POINT('',#2850);
#2850 = CARTESIAN_POINT('',(-46.,50.,43.5));
#2851 = SURFACE_CURVE('',#2852,(#2856,#2863),.PCURVE_S1.);
#2852 = LINE('',#2853,#2854);
#2853 = CARTESIAN_POINT('',(-46.,65.,43.5));
#2854 = VECTOR('',#2855,1.);
#2855 = DIRECTION('',(0.,-1.,0.));
#2856 = PCURVE('',#1123,#2857);
#2857 = DEFINITIONAL_REPRESENTATION('',(#2858),#2862);
#2858 = LINE('',#2859,#2860);
#2859 = CARTESIAN_POINT('',(-46.,68.010135135135));
#2860 = VECTOR('',#2861,1.);
#2861 = DIRECTION('',(0.,-1.));
#2862 = ( GEOMETRIC_REPRESENTATION_CONTEXT(2) 
PARAMETRIC_REPRESENTATION_CONTEXT() REPRESENTATION_CONTEXT('2D SPACE',''
  ) );
#2863 = PCURVE('',#2864,#2869);
#2864 = CYLINDRICAL_SURFACE('',#2865,1.);
#2865 = AXIS2_PLACEMENT_3D('',#2866,#2867,#2868);
#2866 = CARTESIAN_POINT('',(-46.,65.,42.5));
#2867 = DIRECTION('',(0.,-1.,0.));
#2868 = DIRECTION('',(-1.,-0.,0.));
#2869 = DEFINITIONAL_REPRESENTATION('',(#2870),#2874);
#2870 = LINE('',#2871,#2872);
#2871 = CARTESIAN_POINT('',(-1.570796326795,0.));
#2872 = VECTOR('',#2873,1.);
#2873 = DIRECTION('',(-0.,1.));
#2874 = ( GEOMETRIC_REPRESENTATION_CONTEXT(2) 
PARAMETRIC_REPRESENTATION_CONTEXT() REPRESENTATION_CONTEXT('2D SPACE',''
  ) );
#2875 = ORIENTED_EDGE('',*,*,#2876,.T.);
#2876 = EDGE_CURVE('',#2849,#2877,#2879,.T.);
#2877 = VERTEX_POINT('',#2878);
#2878 = CARTESIAN_POINT('',(-56.,40.,43.5));
#2879 = SURFACE_CURVE('',#2880,(#2885,#2896),.PCURVE_S1.);
#2880 = CIRCLE('',#2881,10.);
#2881 = AXIS2_PLACEMENT_3D('',#2882,#2883,#2884);
#2882 = CARTESIAN_POINT('',(-56.,50.,43.5));
#2883 = DIRECTION('',(0.,0.,-1.));
#2884 = DIRECTION('',(1.,0.,0.));
#2885 = PCURVE('',#1123,#2886);
#2886 = DEFINITIONAL_REPRESENTATION('',(#2887),#2895);
#2887 = ( BOUNDED_CURVE() B_SPLINE_CURVE(2,(#2888,#2889,#2890,#2891,
#2892,#2893,#2894),.UNSPECIFIED.,.T.,.F.) B_SPLINE_CURVE_WITH_KNOTS((1,2
    ,2,2,2,1),(-2.094395102393,0.,2.094395102393,4.188790204786,
6.28318530718,8.377580409573),.UNSPECIFIED.) CURVE() 
GEOMETRIC_REPRESENTATION_ITEM() RATIONAL_B_SPLINE_CURVE((1.,0.5,1.,0.5,
1.,0.5,1.)) REPRESENTATION_ITEM('') );
#2888 = CARTESIAN_POINT('',(-46.,53.010135135135));
#2889 = CARTESIAN_POINT('',(-46.,35.689627059446));
#2890 = CARTESIAN_POINT('',(-61.,44.349881097291));
#2891 = CARTESIAN_POINT('',(-76.,53.010135135135));
#2892 = CARTESIAN_POINT('',(-61.,61.67038917298));
#2893 = CARTESIAN_POINT('',(-46.,70.330643210824));
#2894 = CARTESIAN_POINT('',(-46.,53.010135135135));
#2895 = ( GEOMETRIC_REPRESENTATION_CONTEXT(2) 
PARAMETRIC_REPRESENTATION_CONTEXT() REPRESENTATION_CONTEXT('2D SPACE',''
  ) );
#2896 = PCURVE('',#2897,#2902);
#2897 = TOROIDAL_SURFACE('',#2898,10.,1.);
#2898 = AXIS2_PLACEMENT_3D('',#2899,#2900,#2901);
#2899 = CARTESIAN_POINT('',(-56.,50.,42.5));
#2900 = DIRECTION('',(-0.,-0.,-1.));
#2901 = DIRECTION('',(1.,0.,0.));
#2902 = DEFINITIONAL_REPRESENTATION('',(#2903),#2907);
#2903 = LINE('',#2904,#2905);
#2904 = CARTESIAN_POINT('',(0.,4.712388980385));
#2905 = VECTOR('',#2906,1.);
#2906 = DIRECTION('',(1.,0.));
#2907 = ( GEOMETRIC_REPRESENTATION_CONTEXT(2) 
PARAMETRIC_REPRESENTATION_CONTEXT() REPRESENTATION_CONTEXT('2D SPACE',''
  ) );
#2908 = ORIENTED_EDGE('',*,*,#2909,.T.);
#2909 = EDGE_CURVE('',#2877,#2683,#2910,.T.);
#2910 = SURFACE_CURVE('',#2911,(#2915,#2922),.PCURVE_S1.);
#2911 = LINE('',#2912,#2913);
#2912 = CARTESIAN_POINT('',(-56.,40.,43.5));
#2913 = VECTOR('',#2914,1.);
#2914 = DIRECTION('',(-1.,0.,0.));
#2915 = PCURVE('',#1123,#2916);
#2916 = DEFINITIONAL_REPRESENTATION('',(#2917),#2921);
#2917 = LINE('',#2918,#2919);
#2918 = CARTESIAN_POINT('',(-56.,43.010135135135));
#2919 = VECTOR('',#2920,1.);
#2920 = DIRECTION('',(-1.,0.));
#2921 = ( GEOMETRIC_REPRESENTATION_CONTEXT(2) 
PARAMETRIC_REPRESENTATION_CONTEXT() REPRESENTATION_CONTEXT('2D SPACE',''
  ) );
#2922 = PCURVE('',#2923,#2928);
#2923 = CYLINDRICAL_SURFACE('',#2924,1.);
#2924 = AXIS2_PLACEMENT_3D('',#2925,#2926,#2927);
#2925 = CARTESIAN_POINT('',(-56.,40.,42.5));
#2926 = DIRECTION('',(-1.,0.,0.));
#2927 = DIRECTION('',(0.,1.,-0.));
#2928 = DEFINITIONAL_REPRESENTATION('',(#2929),#2933);
#2929 = LINE('',#2930,#2931);
#2930 = CARTESIAN_POINT('',(-1.570796326795,0.));
#2931 = VECTOR('',#2932,1.);
#2932 = DIRECTION('',(-0.,1.));
#2933 = ( GEOMETRIC_REPRESENTATION_CONTEXT(2) 
PARAMETRIC_REPRESENTATION_CONTEXT() REPRESENTATION_CONTEXT('2D SPACE',''
  ) );
#2934 = FACE_BOUND('',#2935,.T.);
#2935 = EDGE_LOOP('',(#2936));
#2936 = ORIENTED_EDGE('',*,*,#2937,.F.);
#2937 = EDGE_CURVE('',#2938,#2938,#2940,.T.);
#2938 = VERTEX_POINT('',#2939);
#2939 = CARTESIAN_POINT('',(-24.,-61.,43.5));
#2940 = SURFACE_CURVE('',#2941,(#2946,#2953),.PCURVE_S1.);
#2941 = CIRCLE('',#2942,1.);
#2942 = AXIS2_PLACEMENT_3D('',#2943,#2944,#2945);
#2943 = CARTESIAN_POINT('',(-25.,-61.,43.5));
#2944 = DIRECTION('',(0.,0.,1.));
#2945 = DIRECTION('',(1.,0.,-0.));
#2946 = PCURVE('',#1123,#2947);
#2947 = DEFINITIONAL_REPRESENTATION('',(#2948),#2952);
#2948 = CIRCLE('',#2949,1.);
#2949 = AXIS2_PLACEMENT_2D('',#2950,#2951);
#2950 = CARTESIAN_POINT('',(-25.,-57.98986486486));
#2951 = DIRECTION('',(1.,0.));
#2952 = ( GEOMETRIC_REPRESENTATION_CONTEXT(2) 
PARAMETRIC_REPRESENTATION_CONTEXT() REPRESENTATION_CONTEXT('2D SPACE',''
  ) );
#2953 = PCURVE('',#2954,#2959);
#2954 = CYLINDRICAL_SURFACE('',#2955,1.);
#2955 = AXIS2_PLACEMENT_3D('',#2956,#2957,#2958);
#2956 = CARTESIAN_POINT('',(-25.,-61.,42.9));
#2957 = DIRECTION('',(0.,0.,1.));
#2958 = DIRECTION('',(1.,0.,0.));
#2959 = DEFINITIONAL_REPRESENTATION('',(#2960),#2964);
#2960 = LINE('',#2961,#2962);
#2961 = CARTESIAN_POINT('',(0.,0.6));
#2962 = VECTOR('',#2963,1.);
#2963 = DIRECTION('',(1.,0.));
#2964 = ( GEOMETRIC_REPRESENTATION_CONTEXT(2) 
PARAMETRIC_REPRESENTATION_CONTEXT() REPRESENTATION_CONTEXT('2D SPACE',''
  ) );
#2965 = FACE_BOUND('',#2966,.T.);
#2966 = EDGE_LOOP('',(#2967));
#2967 = ORIENTED_EDGE('',*,*,#2968,.F.);
#2968 = EDGE_CURVE('',#2969,#2969,#2971,.T.);
#2969 = VERTEX_POINT('',#2970);
#2970 = CARTESIAN_POINT('',(-19.,-61.,43.5));
#2971 = SURFACE_CURVE('',#2972,(#2977,#2984),.PCURVE_S1.);
#2972 = CIRCLE('',#2973,1.);
#2973 = AXIS2_PLACEMENT_3D('',#2974,#2975,#2976);
#2974 = CARTESIAN_POINT('',(-20.,-61.,43.5));
#2975 = DIRECTION('',(0.,0.,1.));
#2976 = DIRECTION('',(1.,0.,-0.));
#2977 = PCURVE('',#1123,#2978);
#2978 = DEFINITIONAL_REPRESENTATION('',(#2979),#2983);
#2979 = CIRCLE('',#2980,1.);
#2980 = AXIS2_PLACEMENT_2D('',#2981,#2982);
#2981 = CARTESIAN_POINT('',(-20.,-57.98986486486));
#2982 = DIRECTION('',(1.,0.));
#2983 = ( GEOMETRIC_REPRESENTATION_CONTEXT(2) 
PARAMETRIC_REPRESENTATION_CONTEXT() REPRESENTATION_CONTEXT('2D SPACE',''
  ) );
#2984 = PCURVE('',#2985,#2990);
#2985 = CYLINDRICAL_SURFACE('',#2986,1.);
#2986 = AXIS2_PLACEMENT_3D('',#2987,#2988,#2989);
#2987 = CARTESIAN_POINT('',(-20.,-61.,42.9));
#2988 = DIRECTION('',(0.,0.,1.));
#2989 = DIRECTION('',(1.,0.,0.));
#2990 = DEFINITIONAL_REPRESENTATION('',(#2991),#2995);
#2991 = LINE('',#2992,#2993);
#2992 = CARTESIAN_POINT('',(0.,0.6));
#2993 = VECTOR('',#2994,1.);
#2994 = DIRECTION('',(1.,0.));
#2995 = ( GEOMETRIC_REPRESENTATION_CONTEXT(2) 
PARAMETRIC_REPRESENTATION_CONTEXT() REPRESENTATION_CONTEXT('2D SPACE',''
  ) );
#2996 = FACE_BOUND('',#2997,.T.);
#2997 = EDGE_LOOP('',(#2998));
#2998 = ORIENTED_EDGE('',*,*,#2999,.F.);
#2999 = EDGE_CURVE('',#3000,#3000,#3002,.T.);
#3000 = VERTEX_POINT('',#3001);
#3001 = CARTESIAN_POINT('',(-34.6195526217,-36.7695526217,43.5));
#3002 = SURFACE_CURVE('',#3003,(#3008,#3015),.PCURVE_S1.);
#3003 = CIRCLE('',#3004,2.15);
#3004 = AXIS2_PLACEMENT_3D('',#3005,#3006,#3007);
#3005 = CARTESIAN_POINT('',(-36.7695526217,-36.7695526217,43.5));
#3006 = DIRECTION('',(0.,0.,1.));
#3007 = DIRECTION('',(1.,0.,-0.));
#3008 = PCURVE('',#1123,#3009);
#3009 = DEFINITIONAL_REPRESENTATION('',(#3010),#3014);
#3010 = CIRCLE('',#3011,2.15);
#3011 = AXIS2_PLACEMENT_2D('',#3012,#3013);
#3012 = CARTESIAN_POINT('',(-36.7695526217,-33.75941748656));
#3013 = DIRECTION('',(1.,0.));
#3014 = ( GEOMETRIC_REPRESENTATION_CONTEXT(2) 
PARAMETRIC_REPRESENTATION_CONTEXT() REPRESENTATION_CONTEXT('2D SPACE',''
  ) );
#3015 = PCURVE('',#3016,#3021);
#3016 = CYLINDRICAL_SURFACE('',#3017,2.15);
#3017 = AXIS2_PLACEMENT_3D('',#3018,#3019,#3020);
#3018 = CARTESIAN_POINT('',(-36.7695526217,-36.7695526217,38.));
#3019 = DIRECTION('',(0.,0.,1.));
#3020 = DIRECTION('',(1.,0.,0.));
#3021 = DEFINITIONAL_REPRESENTATION('',(#3022),#3026);
#3022 = LINE('',#3023,#3024);
#3023 = CARTESIAN_POINT('',(0.,5.5));
#3024 = VECTOR('',#3025,1.);
#3025 = DIRECTION('',(1.,0.));
#3026 = ( GEOMETRIC_REPRESENTATION_CONTEXT(2) 
PARAMETRIC_REPRESENTATION_CONTEXT() REPRESENTATION_CONTEXT('2D SPACE',''
  ) );
#3027 = FACE_BOUND('',#3028,.T.);
#3028 = EDGE_LOOP('',(#3029));
#3029 = ORIENTED_EDGE('',*,*,#3030,.F.);
#3030 = EDGE_CURVE('',#3031,#3031,#3033,.T.);
#3031 = VERTEX_POINT('',#3032);
#3032 = CARTESIAN_POINT('',(-14.,-61.,43.5));
#3033 = SURFACE_CURVE('',#3034,(#3039,#3046),.PCURVE_S1.);
#3034 = CIRCLE('',#3035,1.);
#3035 = AXIS2_PLACEMENT_3D('',#3036,#3037,#3038);
#3036 = CARTESIAN_POINT('',(-15.,-61.,43.5));
#3037 = DIRECTION('',(0.,0.,1.));
#3038 = DIRECTION('',(1.,0.,-0.));
#3039 = PCURVE('',#1123,#3040);
#3040 = DEFINITIONAL_REPRESENTATION('',(#3041),#3045);
#3041 = CIRCLE('',#3042,1.);
#3042 = AXIS2_PLACEMENT_2D('',#3043,#3044);
#3043 = CARTESIAN_POINT('',(-15.,-57.98986486486));
#3044 = DIRECTION('',(1.,0.));
#3045 = ( GEOMETRIC_REPRESENTATION_CONTEXT(2) 
PARAMETRIC_REPRESENTATION_CONTEXT() REPRESENTATION_CONTEXT('2D SPACE',''
  ) );
#3046 = PCURVE('',#3047,#3052);
#3047 = CYLINDRICAL_SURFACE('',#3048,1.);
#3048 = AXIS2_PLACEMENT_3D('',#3049,#3050,#3051);
#3049 = CARTESIAN_POINT('',(-15.,-61.,42.9));
#3050 = DIRECTION('',(0.,0.,1.));
#3051 = DIRECTION('',(1.,0.,0.));
#3052 = DEFINITIONAL_REPRESENTATION('',(#3053),#3057);
#3053 = LINE('',#3054,#3055);
#3054 = CARTESIAN_POINT('',(0.,0.6));
#3055 = VECTOR('',#3056,1.);
#3056 = DIRECTION('',(1.,0.));
#3057 = ( GEOMETRIC_REPRESENTATION_CONTEXT(2) 
PARAMETRIC_REPRESENTATION_CONTEXT() REPRESENTATION_CONTEXT('2D SPACE',''
  ) );
#3058 = FACE_BOUND('',#3059,.T.);
#3059 = EDGE_LOOP('',(#3060));
#3060 = ORIENTED_EDGE('',*,*,#3061,.F.);
#3061 = EDGE_CURVE('',#3062,#3062,#3064,.T.);
#3062 = VERTEX_POINT('',#3063);
#3063 = CARTESIAN_POINT('',(-9.,-61.,43.5));
#3064 = SURFACE_CURVE('',#3065,(#3070,#3077),.PCURVE_S1.);
#3065 = CIRCLE('',#3066,1.);
#3066 = AXIS2_PLACEMENT_3D('',#3067,#3068,#3069);
#3067 = CARTESIAN_POINT('',(-10.,-61.,43.5));
#3068 = DIRECTION('',(0.,0.,1.));
#3069 = DIRECTION('',(1.,0.,-0.));
#3070 = PCURVE('',#1123,#3071);
#3071 = DEFINITIONAL_REPRESENTATION('',(#3072),#3076);
#3072 = CIRCLE('',#3073,1.);
#3073 = AXIS2_PLACEMENT_2D('',#3074,#3075);
#3074 = CARTESIAN_POINT('',(-10.,-57.98986486486));
#3075 = DIRECTION('',(1.,0.));
#3076 = ( GEOMETRIC_REPRESENTATION_CONTEXT(2) 
PARAMETRIC_REPRESENTATION_CONTEXT() REPRESENTATION_CONTEXT('2D SPACE',''
  ) );
#3077 = PCURVE('',#3078,#3083);
#3078 = CYLINDRICAL_SURFACE('',#3079,1.);
#3079 = AXIS2_PLACEMENT_3D('',#3080,#3081,#3082);
#3080 = CARTESIAN_POINT('',(-10.,-61.,42.9));
#3081 = DIRECTION('',(0.,0.,1.));
#3082 = DIRECTION('',(1.,0.,0.));
#3083 = DEFINITIONAL_REPRESENTATION('',(#3084),#3088);
#3084 = LINE('',#3085,#3086);
#3085 = CARTESIAN_POINT('',(0.,0.6));
#3086 = VECTOR('',#3087,1.);
#3087 = DIRECTION('',(1.,0.));
#3088 = ( GEOMETRIC_REPRESENTATION_CONTEXT(2) 
PARAMETRIC_REPRESENTATION_CONTEXT() REPRESENTATION_CONTEXT('2D SPACE',''
  ) );
#3089 = FACE_BOUND('',#3090,.T.);
#3090 = EDGE_LOOP('',(#3091));
#3091 = ORIENTED_EDGE('',*,*,#3092,.F.);
#3092 = EDGE_CURVE('',#3093,#3093,#3095,.T.);
#3093 = VERTEX_POINT('',#3094);
#3094 = CARTESIAN_POINT('',(-4.,-61.,43.5));
#3095 = SURFACE_CURVE('',#3096,(#3101,#3108),.PCURVE_S1.);
#3096 = CIRCLE('',#3097,1.);
#3097 = AXIS2_PLACEMENT_3D('',#3098,#3099,#3100);
#3098 = CARTESIAN_POINT('',(-5.,-61.,43.5));
#3099 = DIRECTION('',(0.,0.,1.));
#3100 = DIRECTION('',(1.,0.,-0.));
#3101 = PCURVE('',#1123,#3102);
#3102 = DEFINITIONAL_REPRESENTATION('',(#3103),#3107);
#3103 = CIRCLE('',#3104,1.);
#3104 = AXIS2_PLACEMENT_2D('',#3105,#3106);
#3105 = CARTESIAN_POINT('',(-5.,-57.98986486486));
#3106 = DIRECTION('',(1.,0.));
#3107 = ( GEOMETRIC_REPRESENTATION_CONTEXT(2) 
PARAMETRIC_REPRESENTATION_CONTEXT() REPRESENTATION_CONTEXT('2D SPACE',''
  ) );
#3108 = PCURVE('',#3109,#3114);
#3109 = CYLINDRICAL_SURFACE('',#3110,1.);
#3110 = AXIS2_PLACEMENT_3D('',#3111,#3112,#3113);
#3111 = CARTESIAN_POINT('',(-5.,-61.,42.9));
#3112 = DIRECTION('',(0.,0.,1.));
#3113 = DIRECTION('',(1.,0.,0.));
#3114 = DEFINITIONAL_REPRESENTATION('',(#3115),#3119);
#3115 = LINE('',#3116,#3117);
#3116 = CARTESIAN_POINT('',(0.,0.6));
#3117 = VECTOR('',#3118,1.);
#3118 = DIRECTION('',(1.,0.));
#3119 = ( GEOMETRIC_REPRESENTATION_CONTEXT(2) 
PARAMETRIC_REPRESENTATION_CONTEXT() REPRESENTATION_CONTEXT('2D SPACE',''
  ) );
#3120 = FACE_BOUND('',#3121,.T.);
#3121 = EDGE_LOOP('',(#3122));
#3122 = ORIENTED_EDGE('',*,*,#3123,.F.);
#3123 = EDGE_CURVE('',#3124,#3124,#3126,.T.);
#3124 = VERTEX_POINT('',#3125);
#3125 = CARTESIAN_POINT('',(1.6,-61.,43.5));
#3126 = SURFACE_CURVE('',#3127,(#3132,#3139),.PCURVE_S1.);
#3127 = CIRCLE('',#3128,1.6);
#3128 = AXIS2_PLACEMENT_3D('',#3129,#3130,#3131);
#3129 = CARTESIAN_POINT('',(0.,-61.,43.5));
#3130 = DIRECTION('',(0.,0.,1.));
#3131 = DIRECTION('',(1.,0.,-0.));
#3132 = PCURVE('',#1123,#3133);
#3133 = DEFINITIONAL_REPRESENTATION('',(#3134),#3138);
#3134 = CIRCLE('',#3135,1.6);
#3135 = AXIS2_PLACEMENT_2D('',#3136,#3137);
#3136 = CARTESIAN_POINT('',(0.,-57.98986486486));
#3137 = DIRECTION('',(1.,0.));
#3138 = ( GEOMETRIC_REPRESENTATION_CONTEXT(2) 
PARAMETRIC_REPRESENTATION_CONTEXT() REPRESENTATION_CONTEXT('2D SPACE',''
  ) );
#3139 = PCURVE('',#3140,#3145);
#3140 = CYLINDRICAL_SURFACE('',#3141,1.6);
#3141 = AXIS2_PLACEMENT_3D('',#3142,#3143,#3144);
#3142 = CARTESIAN_POINT('',(0.,-61.,42.9));
#3143 = DIRECTION('',(0.,0.,1.));
#3144 = DIRECTION('',(1.,0.,0.));
#3145 = DEFINITIONAL_REPRESENTATION('',(#3146),#3150);
#3146 = LINE('',#3147,#3148);
#3147 = CARTESIAN_POINT('',(0.,0.6));
#3148 = VECTOR('',#3149,1.);
#3149 = DIRECTION('',(1.,0.));
#3150 = ( GEOMETRIC_REPRESENTATION_CONTEXT(2) 
PARAMETRIC_REPRESENTATION_CONTEXT() REPRESENTATION_CONTEXT('2D SPACE',''
  ) );
#3151 = FACE_BOUND('',#3152,.T.);
#3152 = EDGE_LOOP('',(#3153));
#3153 = ORIENTED_EDGE('',*,*,#3154,.F.);
#3154 = EDGE_CURVE('',#3155,#3155,#3157,.T.);
#3155 = VERTEX_POINT('',#3156);
#3156 = CARTESIAN_POINT('',(6.,-61.,43.5));
#3157 = SURFACE_CURVE('',#3158,(#3163,#3170),.PCURVE_S1.);
#3158 = CIRCLE('',#3159,1.);
#3159 = AXIS2_PLACEMENT_3D('',#3160,#3161,#3162);
#3160 = CARTESIAN_POINT('',(5.,-61.,43.5));
#3161 = DIRECTION('',(0.,0.,1.));
#3162 = DIRECTION('',(1.,0.,-0.));
#3163 = PCURVE('',#1123,#3164);
#3164 = DEFINITIONAL_REPRESENTATION('',(#3165),#3169);
#3165 = CIRCLE('',#3166,1.);
#3166 = AXIS2_PLACEMENT_2D('',#3167,#3168);
#3167 = CARTESIAN_POINT('',(5.,-57.98986486486));
#3168 = DIRECTION('',(1.,0.));
#3169 = ( GEOMETRIC_REPRESENTATION_CONTEXT(2) 
PARAMETRIC_REPRESENTATION_CONTEXT() REPRESENTATION_CONTEXT('2D SPACE',''
  ) );
#3170 = PCURVE('',#3171,#3176);
#3171 = CYLINDRICAL_SURFACE('',#3172,1.);
#3172 = AXIS2_PLACEMENT_3D('',#3173,#3174,#3175);
#3173 = CARTESIAN_POINT('',(5.,-61.,42.9));
#3174 = DIRECTION('',(0.,0.,1.));
#3175 = DIRECTION('',(1.,0.,0.));
#3176 = DEFINITIONAL_REPRESENTATION('',(#3177),#3181);
#3177 = LINE('',#3178,#3179);
#3178 = CARTESIAN_POINT('',(0.,0.6));
#3179 = VECTOR('',#3180,1.);
#3180 = DIRECTION('',(1.,0.));
#3181 = ( GEOMETRIC_REPRESENTATION_CONTEXT(2) 
PARAMETRIC_REPRESENTATION_CONTEXT() REPRESENTATION_CONTEXT('2D SPACE',''
  ) );
#3182 = FACE_BOUND('',#3183,.T.);
#3183 = EDGE_LOOP('',(#3184));
#3184 = ORIENTED_EDGE('',*,*,#3185,.F.);
#3185 = EDGE_CURVE('',#3186,#3186,#3188,.T.);
#3186 = VERTEX_POINT('',#3187);
#3187 = CARTESIAN_POINT('',(11.,-61.,43.5));
#3188 = SURFACE_CURVE('',#3189,(#3194,#3201),.PCURVE_S1.);
#3189 = CIRCLE('',#3190,1.);
#3190 = AXIS2_PLACEMENT_3D('',#3191,#3192,#3193);
#3191 = CARTESIAN_POINT('',(10.,-61.,43.5));
#3192 = DIRECTION('',(0.,0.,1.));
#3193 = DIRECTION('',(1.,0.,-0.));
#3194 = PCURVE('',#1123,#3195);
#3195 = DEFINITIONAL_REPRESENTATION('',(#3196),#3200);
#3196 = CIRCLE('',#3197,1.);
#3197 = AXIS2_PLACEMENT_2D('',#3198,#3199);
#3198 = CARTESIAN_POINT('',(10.,-57.98986486486));
#3199 = DIRECTION('',(1.,0.));
#3200 = ( GEOMETRIC_REPRESENTATION_CONTEXT(2) 
PARAMETRIC_REPRESENTATION_CONTEXT() REPRESENTATION_CONTEXT('2D SPACE',''
  ) );
#3201 = PCURVE('',#3202,#3207);
#3202 = CYLINDRICAL_SURFACE('',#3203,1.);
#3203 = AXIS2_PLACEMENT_3D('',#3204,#3205,#3206);
#3204 = CARTESIAN_POINT('',(10.,-61.,42.9));
#3205 = DIRECTION('',(0.,0.,1.));
#3206 = DIRECTION('',(1.,0.,0.));
#3207 = DEFINITIONAL_REPRESENTATION('',(#3208),#3212);
#3208 = LINE('',#3209,#3210);
#3209 = CARTESIAN_POINT('',(0.,0.6));
#3210 = VECTOR('',#3211,1.);
#3211 = DIRECTION('',(1.,0.));
#3212 = ( GEOMETRIC_REPRESENTATION_CONTEXT(2) 
PARAMETRIC_REPRESENTATION_CONTEXT() REPRESENTATION_CONTEXT('2D SPACE',''
  ) );
#3213 = FACE_BOUND('',#3214,.T.);
#3214 = EDGE_LOOP('',(#3215));
#3215 = ORIENTED_EDGE('',*,*,#3216,.F.);
#3216 = EDGE_CURVE('',#3217,#3217,#3219,.T.);
#3217 = VERTEX_POINT('',#3218);
#3218 = CARTESIAN_POINT('',(16.,-61.,43.5));
#3219 = SURFACE_CURVE('',#3220,(#3225,#3232),.PCURVE_S1.);
#3220 = CIRCLE('',#3221,1.);
#3221 = AXIS2_PLACEMENT_3D('',#3222,#3223,#3224);
#3222 = CARTESIAN_POINT('',(15.,-61.,43.5));
#3223 = DIRECTION('',(0.,0.,1.));
#3224 = DIRECTION('',(1.,0.,-0.));
#3225 = PCURVE('',#1123,#3226);
#3226 = DEFINITIONAL_REPRESENTATION('',(#3227),#3231);
#3227 = CIRCLE('',#3228,1.);
#3228 = AXIS2_PLACEMENT_2D('',#3229,#3230);
#3229 = CARTESIAN_POINT('',(15.,-57.98986486486));
#3230 = DIRECTION('',(1.,0.));
#3231 = ( GEOMETRIC_REPRESENTATION_CONTEXT(2) 
PARAMETRIC_REPRESENTATION_CONTEXT() REPRESENTATION_CONTEXT('2D SPACE',''
  ) );
#3232 = PCURVE('',#3233,#3238);
#3233 = CYLINDRICAL_SURFACE('',#3234,1.);
#3234 = AXIS2_PLACEMENT_3D('',#3235,#3236,#3237);
#3235 = CARTESIAN_POINT('',(15.,-61.,42.9));
#3236 = DIRECTION('',(0.,0.,1.));
#3237 = DIRECTION('',(1.,0.,0.));
#3238 = DEFINITIONAL_REPRESENTATION('',(#3239),#3243);
#3239 = LINE('',#3240,#3241);
#3240 = CARTESIAN_POINT('',(0.,0.6));
#3241 = VECTOR('',#3242,1.);
#3242 = DIRECTION('',(1.,0.));
#3243 = ( GEOMETRIC_REPRESENTATION_CONTEXT(2) 
PARAMETRIC_REPRESENTATION_CONTEXT() REPRESENTATION_CONTEXT('2D SPACE',''
  ) );
#3244 = FACE_BOUND('',#3245,.T.);
#3245 = EDGE_LOOP('',(#3246));
#3246 = ORIENTED_EDGE('',*,*,#3247,.F.);
#3247 = EDGE_CURVE('',#3248,#3248,#3250,.T.);
#3248 = VERTEX_POINT('',#3249);
#3249 = CARTESIAN_POINT('',(21.,-61.,43.5));
#3250 = SURFACE_CURVE('',#3251,(#3256,#3263),.PCURVE_S1.);
#3251 = CIRCLE('',#3252,1.);
#3252 = AXIS2_PLACEMENT_3D('',#3253,#3254,#3255);
#3253 = CARTESIAN_POINT('',(20.,-61.,43.5));
#3254 = DIRECTION('',(0.,0.,1.));
#3255 = DIRECTION('',(1.,0.,-0.));
#3256 = PCURVE('',#1123,#3257);
#3257 = DEFINITIONAL_REPRESENTATION('',(#3258),#3262);
#3258 = CIRCLE('',#3259,1.);
#3259 = AXIS2_PLACEMENT_2D('',#3260,#3261);
#3260 = CARTESIAN_POINT('',(20.,-57.98986486486));
#3261 = DIRECTION('',(1.,0.));
#3262 = ( GEOMETRIC_REPRESENTATION_CONTEXT(2) 
PARAMETRIC_REPRESENTATION_CONTEXT() REPRESENTATION_CONTEXT('2D SPACE',''
  ) );
#3263 = PCURVE('',#3264,#3269);
#3264 = CYLINDRICAL_SURFACE('',#3265,1.);
#3265 = AXIS2_PLACEMENT_3D('',#3266,#3267,#3268);
#3266 = CARTESIAN_POINT('',(20.,-61.,42.9));
#3267 = DIRECTION('',(0.,0.,1.));
#3268 = DIRECTION('',(1.,0.,0.));
#3269 = DEFINITIONAL_REPRESENTATION('',(#3270),#3274);
#3270 = LINE('',#3271,#3272);
#3271 = CARTESIAN_POINT('',(0.,0.6));
#3272 = VECTOR('',#3273,1.);
#3273 = DIRECTION('',(1.,0.));
#3274 = ( GEOMETRIC_REPRESENTATION_CONTEXT(2) 
PARAMETRIC_REPRESENTATION_CONTEXT() REPRESENTATION_CONTEXT('2D SPACE',''
  ) );
#3275 = FACE_BOUND('',#3276,.T.);
#3276 = EDGE_LOOP('',(#3277));
#3277 = ORIENTED_EDGE('',*,*,#3278,.F.);
#3278 = EDGE_CURVE('',#3279,#3279,#3281,.T.);
#3279 = VERTEX_POINT('',#3280);
#3280 = CARTESIAN_POINT('',(26.,-61.,43.5));
#3281 = SURFACE_CURVE('',#3282,(#3287,#3294),.PCURVE_S1.);
#3282 = CIRCLE('',#3283,1.);
#3283 = AXIS2_PLACEMENT_3D('',#3284,#3285,#3286);
#3284 = CARTESIAN_POINT('',(25.,-61.,43.5));
#3285 = DIRECTION('',(0.,0.,1.));
#3286 = DIRECTION('',(1.,0.,-0.));
#3287 = PCURVE('',#1123,#3288);
#3288 = DEFINITIONAL_REPRESENTATION('',(#3289),#3293);
#3289 = CIRCLE('',#3290,1.);
#3290 = AXIS2_PLACEMENT_2D('',#3291,#3292);
#3291 = CARTESIAN_POINT('',(25.,-57.98986486486));
#3292 = DIRECTION('',(1.,0.));
#3293 = ( GEOMETRIC_REPRESENTATION_CONTEXT(2) 
PARAMETRIC_REPRESENTATION_CONTEXT() REPRESENTATION_CONTEXT('2D SPACE',''
  ) );
#3294 = PCURVE('',#3295,#3300);
#3295 = CYLINDRICAL_SURFACE('',#3296,1.);
#3296 = AXIS2_PLACEMENT_3D('',#3297,#3298,#3299);
#3297 = CARTESIAN_POINT('',(25.,-61.,42.9));
#3298 = DIRECTION('',(0.,0.,1.));
#3299 = DIRECTION('',(1.,0.,0.));
#3300 = DEFINITIONAL_REPRESENTATION('',(#3301),#3305);
#3301 = LINE('',#3302,#3303);
#3302 = CARTESIAN_POINT('',(0.,0.6));
#3303 = VECTOR('',#3304,1.);
#3304 = DIRECTION('',(1.,0.));
#3305 = ( GEOMETRIC_REPRESENTATION_CONTEXT(2) 
PARAMETRIC_REPRESENTATION_CONTEXT() REPRESENTATION_CONTEXT('2D SPACE',''
  ) );
#3306 = FACE_BOUND('',#3307,.T.);
#3307 = EDGE_LOOP('',(#3308));
#3308 = ORIENTED_EDGE('',*,*,#3309,.F.);
#3309 = EDGE_CURVE('',#3310,#3310,#3312,.T.);
#3310 = VERTEX_POINT('',#3311);
#3311 = CARTESIAN_POINT('',(-28.52301414856,53.029875201447,43.5));
#3312 = SURFACE_CURVE('',#3313,(#3318,#3325),.PCURVE_S1.);
#3313 = CIRCLE('',#3314,1.3);
#3314 = AXIS2_PLACEMENT_3D('',#3315,#3316,#3317);
#3315 = CARTESIAN_POINT('',(-29.65434884236,52.389498897542,43.5));
#3316 = DIRECTION('',(0.,0.,1.));
#3317 = DIRECTION('',(0.87025745677,0.49259715685,-0.));
#3318 = PCURVE('',#1123,#3319);
#3319 = DEFINITIONAL_REPRESENTATION('',(#3320),#3324);
#3320 = CIRCLE('',#3321,1.3);
#3321 = AXIS2_PLACEMENT_2D('',#3322,#3323);
#3322 = CARTESIAN_POINT('',(-29.65434884236,55.399634032677));
#3323 = DIRECTION('',(0.87025745677,0.49259715685));
#3324 = ( GEOMETRIC_REPRESENTATION_CONTEXT(2) 
PARAMETRIC_REPRESENTATION_CONTEXT() REPRESENTATION_CONTEXT('2D SPACE',''
  ) );
#3325 = PCURVE('',#3326,#3331);
#3326 = CYLINDRICAL_SURFACE('',#3327,1.3);
#3327 = AXIS2_PLACEMENT_3D('',#3328,#3329,#3330);
#3328 = CARTESIAN_POINT('',(-29.65434884236,52.389498897542,42.9));
#3329 = DIRECTION('',(0.,0.,1.));
#3330 = DIRECTION('',(0.87025745677,0.49259715685,0.));
#3331 = DEFINITIONAL_REPRESENTATION('',(#3332),#3336);
#3332 = LINE('',#3333,#3334);
#3333 = CARTESIAN_POINT('',(2.10803948212E-17,0.6));
#3334 = VECTOR('',#3335,1.);
#3335 = DIRECTION('',(1.,0.));
#3336 = ( GEOMETRIC_REPRESENTATION_CONTEXT(2) 
PARAMETRIC_REPRESENTATION_CONTEXT() REPRESENTATION_CONTEXT('2D SPACE',''
  ) );
#3337 = FACE_BOUND('',#3338,.T.);
#3338 = EDGE_LOOP('',(#3339));
#3339 = ORIENTED_EDGE('',*,*,#3340,.F.);
#3340 = EDGE_CURVE('',#3341,#3341,#3343,.T.);
#3341 = VERTEX_POINT('',#3342);
#3342 = CARTESIAN_POINT('',(-14.46252479672,58.443865174235,43.5));
#3343 = SURFACE_CURVE('',#3344,(#3349,#3356),.PCURVE_S1.);
#3344 = CIRCLE('',#3345,0.9);
#3345 = AXIS2_PLACEMENT_3D('',#3346,#3347,#3348);
#3346 = CARTESIAN_POINT('',(-15.3328432844,58.214636620149,43.5));
#3347 = DIRECTION('',(0.,0.,1.));
#3348 = DIRECTION('',(0.967020541863,0.254698393429,-0.));
#3349 = PCURVE('',#1123,#3350);
#3350 = DEFINITIONAL_REPRESENTATION('',(#3351),#3355);
#3351 = CIRCLE('',#3352,0.9);
#3352 = AXIS2_PLACEMENT_2D('',#3353,#3354);
#3353 = CARTESIAN_POINT('',(-15.3328432844,61.224771755284));
#3354 = DIRECTION('',(0.967020541863,0.254698393429));
#3355 = ( GEOMETRIC_REPRESENTATION_CONTEXT(2) 
PARAMETRIC_REPRESENTATION_CONTEXT() REPRESENTATION_CONTEXT('2D SPACE',''
  ) );
#3356 = PCURVE('',#3357,#3362);
#3357 = CYLINDRICAL_SURFACE('',#3358,0.9);
#3358 = AXIS2_PLACEMENT_3D('',#3359,#3360,#3361);
#3359 = CARTESIAN_POINT('',(-15.3328432844,58.214636620149,42.9));
#3360 = DIRECTION('',(0.,0.,1.));
#3361 = DIRECTION('',(0.967020541863,0.254698393429,0.));
#3362 = DEFINITIONAL_REPRESENTATION('',(#3363),#3367);
#3363 = LINE('',#3364,#3365);
#3364 = CARTESIAN_POINT('',(0.,0.6));
#3365 = VECTOR('',#3366,1.);
#3366 = DIRECTION('',(1.,0.));
#3367 = ( GEOMETRIC_REPRESENTATION_CONTEXT(2) 
PARAMETRIC_REPRESENTATION_CONTEXT() REPRESENTATION_CONTEXT('2D SPACE',''
  ) );
#3368 = FACE_BOUND('',#3369,.T.);
#3369 = EDGE_LOOP('',(#3370));
#3370 = ORIENTED_EDGE('',*,*,#3371,.F.);
#3371 = EDGE_CURVE('',#3372,#3372,#3374,.T.);
#3372 = VERTEX_POINT('',#3373);
#3373 = CARTESIAN_POINT('',(39.8,-9.748188521213E-15,43.5));
#3374 = SURFACE_CURVE('',#3375,(#3380,#3387),.PCURVE_S1.);
#3375 = CIRCLE('',#3376,39.8);
#3376 = AXIS2_PLACEMENT_3D('',#3377,#3378,#3379);
#3377 = CARTESIAN_POINT('',(0.,0.,43.5));
#3378 = DIRECTION('',(0.,0.,1.));
#3379 = DIRECTION('',(1.,0.,-0.));
#3380 = PCURVE('',#1123,#3381);
#3381 = DEFINITIONAL_REPRESENTATION('',(#3382),#3386);
#3382 = CIRCLE('',#3383,39.8);
#3383 = AXIS2_PLACEMENT_2D('',#3384,#3385);
#3384 = CARTESIAN_POINT('',(0.,3.010135135135));
#3385 = DIRECTION('',(1.,0.));
#3386 = ( GEOMETRIC_REPRESENTATION_CONTEXT(2) 
PARAMETRIC_REPRESENTATION_CONTEXT() REPRESENTATION_CONTEXT('2D SPACE',''
  ) );
#3387 = PCURVE('',#3388,#3393);
#3388 = CYLINDRICAL_SURFACE('',#3389,39.8);
#3389 = AXIS2_PLACEMENT_3D('',#3390,#3391,#3392);
#3390 = CARTESIAN_POINT('',(0.,0.,38.5));
#3391 = DIRECTION('',(0.,0.,1.));
#3392 = DIRECTION('',(1.,0.,-0.));
#3393 = DEFINITIONAL_REPRESENTATION('',(#3394),#3398);
#3394 = LINE('',#3395,#3396);
#3395 = CARTESIAN_POINT('',(0.,5.));
#3396 = VECTOR('',#3397,1.);
#3397 = DIRECTION('',(1.,0.));
#3398 = ( GEOMETRIC_REPRESENTATION_CONTEXT(2) 
PARAMETRIC_REPRESENTATION_CONTEXT() REPRESENTATION_CONTEXT('2D SPACE',''
  ) );
#3399 = FACE_BOUND('',#3400,.T.);
#3400 = EDGE_LOOP('',(#3401));
#3401 = ORIENTED_EDGE('',*,*,#3402,.F.);
#3402 = EDGE_CURVE('',#3403,#3403,#3405,.T.);
#3403 = VERTEX_POINT('',#3404);
#3404 = CARTESIAN_POINT('',(1.7,60.2,43.5));
#3405 = SURFACE_CURVE('',#3406,(#3411,#3418),.PCURVE_S1.);
#3406 = CIRCLE('',#3407,1.7);
#3407 = AXIS2_PLACEMENT_3D('',#3408,#3409,#3410);
#3408 = CARTESIAN_POINT('',(0.,60.2,43.5));
#3409 = DIRECTION('',(0.,0.,1.));
#3410 = DIRECTION('',(1.,0.,-0.));
#3411 = PCURVE('',#1123,#3412);
#3412 = DEFINITIONAL_REPRESENTATION('',(#3413),#3417);
#3413 = CIRCLE('',#3414,1.7);
#3414 = AXIS2_PLACEMENT_2D('',#3415,#3416);
#3415 = CARTESIAN_POINT('',(0.,63.210135135135));
#3416 = DIRECTION('',(1.,0.));
#3417 = ( GEOMETRIC_REPRESENTATION_CONTEXT(2) 
PARAMETRIC_REPRESENTATION_CONTEXT() REPRESENTATION_CONTEXT('2D SPACE',''
  ) );
#3418 = PCURVE('',#3419,#3424);
#3419 = CYLINDRICAL_SURFACE('',#3420,1.7);
#3420 = AXIS2_PLACEMENT_3D('',#3421,#3422,#3423);
#3421 = CARTESIAN_POINT('',(0.,60.2,42.9));
#3422 = DIRECTION('',(0.,0.,1.));
#3423 = DIRECTION('',(1.,0.,0.));
#3424 = DEFINITIONAL_REPRESENTATION('',(#3425),#3429);
#3425 = LINE('',#3426,#3427);
#3426 = CARTESIAN_POINT('',(0.,0.6));
#3427 = VECTOR('',#3428,1.);
#3428 = DIRECTION('',(1.,0.));
#3429 = ( GEOMETRIC_REPRESENTATION_CONTEXT(2) 
PARAMETRIC_REPRESENTATION_CONTEXT() REPRESENTATION_CONTEXT('2D SPACE',''
  ) );
#3430 = FACE_BOUND('',#3431,.T.);
#3431 = EDGE_LOOP('',(#3432));
#3432 = ORIENTED_EDGE('',*,*,#3433,.F.);
#3433 = EDGE_CURVE('',#3434,#3434,#3436,.T.);
#3434 = VERTEX_POINT('',#3435);
#3435 = CARTESIAN_POINT('',(16.203161772077,57.985408066063,43.5));
#3436 = SURFACE_CURVE('',#3437,(#3442,#3449),.PCURVE_S1.);
#3437 = CIRCLE('',#3438,0.9);
#3438 = AXIS2_PLACEMENT_3D('',#3439,#3440,#3441);
#3439 = CARTESIAN_POINT('',(15.332843284401,58.214636620149,43.5));
#3440 = DIRECTION('',(0.,0.,1.));
#3441 = DIRECTION('',(0.967020541863,-0.254698393429,0.));
#3442 = PCURVE('',#1123,#3443);
#3443 = DEFINITIONAL_REPRESENTATION('',(#3444),#3448);
#3444 = CIRCLE('',#3445,0.9);
#3445 = AXIS2_PLACEMENT_2D('',#3446,#3447);
#3446 = CARTESIAN_POINT('',(15.332843284401,61.224771755284));
#3447 = DIRECTION('',(0.967020541863,-0.254698393429));
#3448 = ( GEOMETRIC_REPRESENTATION_CONTEXT(2) 
PARAMETRIC_REPRESENTATION_CONTEXT() REPRESENTATION_CONTEXT('2D SPACE',''
  ) );
#3449 = PCURVE('',#3450,#3455);
#3450 = CYLINDRICAL_SURFACE('',#3451,0.9);
#3451 = AXIS2_PLACEMENT_3D('',#3452,#3453,#3454);
#3452 = CARTESIAN_POINT('',(15.332843284401,58.214636620149,42.9));
#3453 = DIRECTION('',(0.,0.,1.));
#3454 = DIRECTION('',(0.967020541863,-0.254698393429,0.));
#3455 = DEFINITIONAL_REPRESENTATION('',(#3456),#3460);
#3456 = LINE('',#3457,#3458);
#3457 = CARTESIAN_POINT('',(8.248500350141E-18,0.6));
#3458 = VECTOR('',#3459,1.);
#3459 = DIRECTION('',(1.,0.));
#3460 = ( GEOMETRIC_REPRESENTATION_CONTEXT(2) 
PARAMETRIC_REPRESENTATION_CONTEXT() REPRESENTATION_CONTEXT('2D SPACE',''
  ) );
#3461 = FACE_BOUND('',#3462,.T.);
#3462 = EDGE_LOOP('',(#3463));
#3463 = ORIENTED_EDGE('',*,*,#3464,.F.);
#3464 = EDGE_CURVE('',#3465,#3465,#3467,.T.);
#3465 = VERTEX_POINT('',#3466);
#3466 = CARTESIAN_POINT('',(30.785683536162,51.749122593637,43.5));
#3467 = SURFACE_CURVE('',#3468,(#3473,#3480),.PCURVE_S1.);
#3468 = CIRCLE('',#3469,1.3);
#3469 = AXIS2_PLACEMENT_3D('',#3470,#3471,#3472);
#3470 = CARTESIAN_POINT('',(29.654348842362,52.389498897542,43.5));
#3471 = DIRECTION('',(0.,0.,1.));
#3472 = DIRECTION('',(0.87025745677,-0.49259715685,0.));
#3473 = PCURVE('',#1123,#3474);
#3474 = DEFINITIONAL_REPRESENTATION('',(#3475),#3479);
#3475 = CIRCLE('',#3476,1.3);
#3476 = AXIS2_PLACEMENT_2D('',#3477,#3478);
#3477 = CARTESIAN_POINT('',(29.654348842362,55.399634032677));
#3478 = DIRECTION('',(0.87025745677,-0.49259715685));
#3479 = ( GEOMETRIC_REPRESENTATION_CONTEXT(2) 
PARAMETRIC_REPRESENTATION_CONTEXT() REPRESENTATION_CONTEXT('2D SPACE',''
  ) );
#3480 = PCURVE('',#3481,#3486);
#3481 = CYLINDRICAL_SURFACE('',#3482,1.3);
#3482 = AXIS2_PLACEMENT_3D('',#3483,#3484,#3485);
#3483 = CARTESIAN_POINT('',(29.654348842362,52.389498897542,42.9));
#3484 = DIRECTION('',(0.,0.,1.));
#3485 = DIRECTION('',(0.87025745677,-0.49259715685,0.));
#3486 = DEFINITIONAL_REPRESENTATION('',(#3487),#3491);
#3487 = LINE('',#3488,#3489);
#3488 = CARTESIAN_POINT('',(0.,0.6));
#3489 = VECTOR('',#3490,1.);
#3490 = DIRECTION('',(1.,0.));
#3491 = ( GEOMETRIC_REPRESENTATION_CONTEXT(2) 
PARAMETRIC_REPRESENTATION_CONTEXT() REPRESENTATION_CONTEXT('2D SPACE',''
  ) );
#3492 = ADVANCED_FACE('',(#3493),#1177,.T.);
#3493 = FACE_BOUND('',#3494,.T.);
#3494 = EDGE_LOOP('',(#3495,#3515,#3516,#3517));
#3495 = ORIENTED_EDGE('',*,*,#3496,.F.);
#3496 = EDGE_CURVE('',#1216,#2683,#3497,.T.);
#3497 = SURFACE_CURVE('',#3498,(#3503,#3509),.PCURVE_S1.);
#3498 = CIRCLE('',#3499,1.);
#3499 = AXIS2_PLACEMENT_3D('',#3500,#3501,#3502);
#3500 = CARTESIAN_POINT('',(-65.,40.,42.5));
#3501 = DIRECTION('',(1.,0.,-0.));
#3502 = DIRECTION('',(0.,1.,0.));
#3503 = PCURVE('',#1177,#3504);
#3504 = DEFINITIONAL_REPRESENTATION('',(#3505),#3508);
#3505 = B_SPLINE_CURVE_WITH_KNOTS('',1,(#3506,#3507),.UNSPECIFIED.,.F.,
  .F.,(2,2),(0.,1.570796326795),.PIECEWISE_BEZIER_KNOTS.);
#3506 = CARTESIAN_POINT('',(0.,0.));
#3507 = CARTESIAN_POINT('',(0.,1.570796326795));
#3508 = ( GEOMETRIC_REPRESENTATION_CONTEXT(2) 
PARAMETRIC_REPRESENTATION_CONTEXT() REPRESENTATION_CONTEXT('2D SPACE',''
  ) );
#3509 = PCURVE('',#2923,#3510);
#3510 = DEFINITIONAL_REPRESENTATION('',(#3511),#3514);
#3511 = B_SPLINE_CURVE_WITH_KNOTS('',1,(#3512,#3513),.UNSPECIFIED.,.F.,
  .F.,(2,2),(0.,1.570796326795),.PIECEWISE_BEZIER_KNOTS.);
#3512 = CARTESIAN_POINT('',(0.,9.));
#3513 = CARTESIAN_POINT('',(-1.570796326795,9.));
#3514 = ( GEOMETRIC_REPRESENTATION_CONTEXT(2) 
PARAMETRIC_REPRESENTATION_CONTEXT() REPRESENTATION_CONTEXT('2D SPACE',''
  ) );
#3515 = ORIENTED_EDGE('',*,*,#1266,.T.);
#3516 = ORIENTED_EDGE('',*,*,#1161,.T.);
#3517 = ORIENTED_EDGE('',*,*,#2682,.F.);
#3518 = ADVANCED_FACE('',(#3519),#1231,.F.);
#3519 = FACE_BOUND('',#3520,.F.);
#3520 = EDGE_LOOP('',(#3521,#3551,#3572,#3573));
#3521 = ORIENTED_EDGE('',*,*,#3522,.T.);
#3522 = EDGE_CURVE('',#3523,#3525,#3527,.T.);
#3523 = VERTEX_POINT('',#3524);
#3524 = CARTESIAN_POINT('',(-56.,41.,37.1));
#3525 = VERTEX_POINT('',#3526);
#3526 = CARTESIAN_POINT('',(-56.,41.,42.5));
#3527 = SURFACE_CURVE('',#3528,(#3532,#3539),.PCURVE_S1.);
#3528 = LINE('',#3529,#3530);
#3529 = CARTESIAN_POINT('',(-56.,41.,36.1));
#3530 = VECTOR('',#3531,1.);
#3531 = DIRECTION('',(0.,0.,1.));
#3532 = PCURVE('',#1231,#3533);
#3533 = DEFINITIONAL_REPRESENTATION('',(#3534),#3538);
#3534 = LINE('',#3535,#3536);
#3535 = CARTESIAN_POINT('',(9.,0.));
#3536 = VECTOR('',#3537,1.);
#3537 = DIRECTION('',(0.,-1.));
#3538 = ( GEOMETRIC_REPRESENTATION_CONTEXT(2) 
PARAMETRIC_REPRESENTATION_CONTEXT() REPRESENTATION_CONTEXT('2D SPACE',''
  ) );
#3539 = PCURVE('',#3540,#3545);
#3540 = CYLINDRICAL_SURFACE('',#3541,9.);
#3541 = AXIS2_PLACEMENT_3D('',#3542,#3543,#3544);
#3542 = CARTESIAN_POINT('',(-56.,50.,36.1));
#3543 = DIRECTION('',(0.,0.,1.));
#3544 = DIRECTION('',(1.,0.,-0.));
#3545 = DEFINITIONAL_REPRESENTATION('',(#3546),#3550);
#3546 = LINE('',#3547,#3548);
#3547 = CARTESIAN_POINT('',(-1.570796326795,0.));
#3548 = VECTOR('',#3549,1.);
#3549 = DIRECTION('',(-0.,1.));
#3550 = ( GEOMETRIC_REPRESENTATION_CONTEXT(2) 
PARAMETRIC_REPRESENTATION_CONTEXT() REPRESENTATION_CONTEXT('2D SPACE',''
  ) );
#3551 = ORIENTED_EDGE('',*,*,#3552,.T.);
#3552 = EDGE_CURVE('',#3525,#1216,#3553,.T.);
#3553 = SURFACE_CURVE('',#3554,(#3558,#3565),.PCURVE_S1.);
#3554 = LINE('',#3555,#3556);
#3555 = CARTESIAN_POINT('',(-56.,41.,42.5));
#3556 = VECTOR('',#3557,1.);
#3557 = DIRECTION('',(-1.,0.,0.));
#3558 = PCURVE('',#1231,#3559);
#3559 = DEFINITIONAL_REPRESENTATION('',(#3560),#3564);
#3560 = LINE('',#3561,#3562);
#3561 = CARTESIAN_POINT('',(9.,-6.4));
#3562 = VECTOR('',#3563,1.);
#3563 = DIRECTION('',(1.,0.));
#3564 = ( GEOMETRIC_REPRESENTATION_CONTEXT(2) 
PARAMETRIC_REPRESENTATION_CONTEXT() REPRESENTATION_CONTEXT('2D SPACE',''
  ) );
#3565 = PCURVE('',#2923,#3566);
#3566 = DEFINITIONAL_REPRESENTATION('',(#3567),#3571);
#3567 = LINE('',#3568,#3569);
#3568 = CARTESIAN_POINT('',(-0.,0.));
#3569 = VECTOR('',#3570,1.);
#3570 = DIRECTION('',(-0.,1.));
#3571 = ( GEOMETRIC_REPRESENTATION_CONTEXT(2) 
PARAMETRIC_REPRESENTATION_CONTEXT() REPRESENTATION_CONTEXT('2D SPACE',''
  ) );
#3572 = ORIENTED_EDGE('',*,*,#1213,.F.);
#3573 = ORIENTED_EDGE('',*,*,#3574,.F.);
#3574 = EDGE_CURVE('',#3523,#1214,#3575,.T.);
#3575 = SURFACE_CURVE('',#3576,(#3580,#3587),.PCURVE_S1.);
#3576 = LINE('',#3577,#3578);
#3577 = CARTESIAN_POINT('',(-56.,41.,37.1));
#3578 = VECTOR('',#3579,1.);
#3579 = DIRECTION('',(-1.,0.,0.));
#3580 = PCURVE('',#1231,#3581);
#3581 = DEFINITIONAL_REPRESENTATION('',(#3582),#3586);
#3582 = LINE('',#3583,#3584);
#3583 = CARTESIAN_POINT('',(9.,-1.));
#3584 = VECTOR('',#3585,1.);
#3585 = DIRECTION('',(1.,0.));
#3586 = ( GEOMETRIC_REPRESENTATION_CONTEXT(2) 
PARAMETRIC_REPRESENTATION_CONTEXT() REPRESENTATION_CONTEXT('2D SPACE',''
  ) );
#3587 = PCURVE('',#1599,#3588);
#3588 = DEFINITIONAL_REPRESENTATION('',(#3589),#3593);
#3589 = LINE('',#3590,#3591);
#3590 = CARTESIAN_POINT('',(0.,0.));
#3591 = VECTOR('',#3592,1.);
#3592 = DIRECTION('',(0.,1.));
#3593 = ( GEOMETRIC_REPRESENTATION_CONTEXT(2) 
PARAMETRIC_REPRESENTATION_CONTEXT() REPRESENTATION_CONTEXT('2D SPACE',''
  ) );
#3594 = ADVANCED_FACE('',(#3595),#1599,.T.);
#3595 = FACE_BOUND('',#3596,.T.);
#3596 = EDGE_LOOP('',(#3597,#3617,#3618,#3619));
#3597 = ORIENTED_EDGE('',*,*,#3598,.T.);
#3598 = EDGE_CURVE('',#3523,#1551,#3599,.T.);
#3599 = SURFACE_CURVE('',#3600,(#3605,#3611),.PCURVE_S1.);
#3600 = CIRCLE('',#3601,1.);
#3601 = AXIS2_PLACEMENT_3D('',#3602,#3603,#3604);
#3602 = CARTESIAN_POINT('',(-56.,40.,37.1));
#3603 = DIRECTION('',(-1.,-6.123233995737E-17,0.));
#3604 = DIRECTION('',(6.123233995737E-17,-1.,-0.));
#3605 = PCURVE('',#1599,#3606);
#3606 = DEFINITIONAL_REPRESENTATION('',(#3607),#3610);
#3607 = B_SPLINE_CURVE_WITH_KNOTS('',1,(#3608,#3609),.UNSPECIFIED.,.F.,
  .F.,(2,2),(3.14159265359,4.712388980385),.PIECEWISE_BEZIER_KNOTS.);
#3608 = CARTESIAN_POINT('',(0.,0.));
#3609 = CARTESIAN_POINT('',(1.570796326795,0.));
#3610 = ( GEOMETRIC_REPRESENTATION_CONTEXT(2) 
PARAMETRIC_REPRESENTATION_CONTEXT() REPRESENTATION_CONTEXT('2D SPACE',''
  ) );
#3611 = PCURVE('',#1571,#3612);
#3612 = DEFINITIONAL_REPRESENTATION('',(#3613),#3616);
#3613 = B_SPLINE_CURVE_WITH_KNOTS('',1,(#3614,#3615),.UNSPECIFIED.,.F.,
  .F.,(2,2),(3.14159265359,4.712388980385),.PIECEWISE_BEZIER_KNOTS.);
#3614 = CARTESIAN_POINT('',(-1.570796326795,3.14159265359));
#3615 = CARTESIAN_POINT('',(-1.570796326795,4.712388980385));
#3616 = ( GEOMETRIC_REPRESENTATION_CONTEXT(2) 
PARAMETRIC_REPRESENTATION_CONTEXT() REPRESENTATION_CONTEXT('2D SPACE',''
  ) );
#3617 = ORIENTED_EDGE('',*,*,#1583,.T.);
#3618 = ORIENTED_EDGE('',*,*,#2656,.F.);
#3619 = ORIENTED_EDGE('',*,*,#3574,.F.);
#3620 = ADVANCED_FACE('',(#3621),#1571,.T.);
#3621 = FACE_BOUND('',#3622,.F.);
#3622 = EDGE_LOOP('',(#3623,#3645,#3667,#3668));
#3623 = ORIENTED_EDGE('',*,*,#3624,.F.);
#3624 = EDGE_CURVE('',#3625,#1523,#3627,.T.);
#3625 = VERTEX_POINT('',#3626);
#3626 = CARTESIAN_POINT('',(-47.,50.,37.1));
#3627 = SURFACE_CURVE('',#3628,(#3633,#3639),.PCURVE_S1.);
#3628 = CIRCLE('',#3629,1.);
#3629 = AXIS2_PLACEMENT_3D('',#3630,#3631,#3632);
#3630 = CARTESIAN_POINT('',(-46.,50.,37.1));
#3631 = DIRECTION('',(0.,-1.,0.));
#3632 = DIRECTION('',(-1.,0.,0.));
#3633 = PCURVE('',#1571,#3634);
#3634 = DEFINITIONAL_REPRESENTATION('',(#3635),#3638);
#3635 = B_SPLINE_CURVE_WITH_KNOTS('',1,(#3636,#3637),.UNSPECIFIED.,.F.,
  .F.,(2,2),(0.,1.570796326795),.PIECEWISE_BEZIER_KNOTS.);
#3636 = CARTESIAN_POINT('',(0.,3.14159265359));
#3637 = CARTESIAN_POINT('',(0.,4.712388980385));
#3638 = ( GEOMETRIC_REPRESENTATION_CONTEXT(2) 
PARAMETRIC_REPRESENTATION_CONTEXT() REPRESENTATION_CONTEXT('2D SPACE',''
  ) );
#3639 = PCURVE('',#1538,#3640);
#3640 = DEFINITIONAL_REPRESENTATION('',(#3641),#3644);
#3641 = B_SPLINE_CURVE_WITH_KNOTS('',1,(#3642,#3643),.UNSPECIFIED.,.F.,
  .F.,(2,2),(0.,1.570796326795),.PIECEWISE_BEZIER_KNOTS.);
#3642 = CARTESIAN_POINT('',(0.,15.));
#3643 = CARTESIAN_POINT('',(1.570796326795,15.));
#3644 = ( GEOMETRIC_REPRESENTATION_CONTEXT(2) 
PARAMETRIC_REPRESENTATION_CONTEXT() REPRESENTATION_CONTEXT('2D SPACE',''
  ) );
#3645 = ORIENTED_EDGE('',*,*,#3646,.T.);
#3646 = EDGE_CURVE('',#3625,#3523,#3647,.T.);
#3647 = SURFACE_CURVE('',#3648,(#3653,#3660),.PCURVE_S1.);
#3648 = CIRCLE('',#3649,9.);
#3649 = AXIS2_PLACEMENT_3D('',#3650,#3651,#3652);
#3650 = CARTESIAN_POINT('',(-56.,50.,37.1));
#3651 = DIRECTION('',(0.,-0.,-1.));
#3652 = DIRECTION('',(1.,0.,-0.));
#3653 = PCURVE('',#1571,#3654);
#3654 = DEFINITIONAL_REPRESENTATION('',(#3655),#3659);
#3655 = LINE('',#3656,#3657);
#3656 = CARTESIAN_POINT('',(-0.,3.14159265359));
#3657 = VECTOR('',#3658,1.);
#3658 = DIRECTION('',(-1.,0.));
#3659 = ( GEOMETRIC_REPRESENTATION_CONTEXT(2) 
PARAMETRIC_REPRESENTATION_CONTEXT() REPRESENTATION_CONTEXT('2D SPACE',''
  ) );
#3660 = PCURVE('',#3540,#3661);
#3661 = DEFINITIONAL_REPRESENTATION('',(#3662),#3666);
#3662 = LINE('',#3663,#3664);
#3663 = CARTESIAN_POINT('',(-0.,1.));
#3664 = VECTOR('',#3665,1.);
#3665 = DIRECTION('',(-1.,0.));
#3666 = ( GEOMETRIC_REPRESENTATION_CONTEXT(2) 
PARAMETRIC_REPRESENTATION_CONTEXT() REPRESENTATION_CONTEXT('2D SPACE',''
  ) );
#3667 = ORIENTED_EDGE('',*,*,#3598,.T.);
#3668 = ORIENTED_EDGE('',*,*,#1550,.F.);
#3669 = ADVANCED_FACE('',(#3670),#1538,.T.);
#3670 = FACE_BOUND('',#3671,.T.);
#3671 = EDGE_LOOP('',(#3672,#3694,#3695,#3696));
#3672 = ORIENTED_EDGE('',*,*,#3673,.T.);
#3673 = EDGE_CURVE('',#3674,#1494,#3676,.T.);
#3674 = VERTEX_POINT('',#3675);
#3675 = CARTESIAN_POINT('',(-47.,65.,37.1));
#3676 = SURFACE_CURVE('',#3677,(#3682,#3688),.PCURVE_S1.);
#3677 = CIRCLE('',#3678,1.);
#3678 = AXIS2_PLACEMENT_3D('',#3679,#3680,#3681);
#3679 = CARTESIAN_POINT('',(-46.,65.,37.1));
#3680 = DIRECTION('',(-6.123233995737E-17,-1.,0.));
#3681 = DIRECTION('',(-1.,6.123233995737E-17,0.));
#3682 = PCURVE('',#1538,#3683);
#3683 = DEFINITIONAL_REPRESENTATION('',(#3684),#3687);
#3684 = B_SPLINE_CURVE_WITH_KNOTS('',1,(#3685,#3686),.UNSPECIFIED.,.F.,
  .F.,(2,2),(0.,1.570796326795),.PIECEWISE_BEZIER_KNOTS.);
#3685 = CARTESIAN_POINT('',(0.,0.));
#3686 = CARTESIAN_POINT('',(1.570796326795,0.));
#3687 = ( GEOMETRIC_REPRESENTATION_CONTEXT(2) 
PARAMETRIC_REPRESENTATION_CONTEXT() REPRESENTATION_CONTEXT('2D SPACE',''
  ) );
#3688 = PCURVE('',#1510,#3689);
#3689 = DEFINITIONAL_REPRESENTATION('',(#3690),#3693);
#3690 = B_SPLINE_CURVE_WITH_KNOTS('',1,(#3691,#3692),.UNSPECIFIED.,.F.,
  .F.,(2,2),(0.,1.570796326795),.PIECEWISE_BEZIER_KNOTS.);
#3691 = CARTESIAN_POINT('',(-1.570796326795,0.));
#3692 = CARTESIAN_POINT('',(-1.570796326795,1.570796326795));
#3693 = ( GEOMETRIC_REPRESENTATION_CONTEXT(2) 
PARAMETRIC_REPRESENTATION_CONTEXT() REPRESENTATION_CONTEXT('2D SPACE',''
  ) );
#3694 = ORIENTED_EDGE('',*,*,#1522,.T.);
#3695 = ORIENTED_EDGE('',*,*,#3624,.F.);
#3696 = ORIENTED_EDGE('',*,*,#3697,.F.);
#3697 = EDGE_CURVE('',#3674,#3625,#3698,.T.);
#3698 = SURFACE_CURVE('',#3699,(#3703,#3710),.PCURVE_S1.);
#3699 = LINE('',#3700,#3701);
#3700 = CARTESIAN_POINT('',(-47.,65.,37.1));
#3701 = VECTOR('',#3702,1.);
#3702 = DIRECTION('',(0.,-1.,0.));
#3703 = PCURVE('',#1538,#3704);
#3704 = DEFINITIONAL_REPRESENTATION('',(#3705),#3709);
#3705 = LINE('',#3706,#3707);
#3706 = CARTESIAN_POINT('',(0.,0.));
#3707 = VECTOR('',#3708,1.);
#3708 = DIRECTION('',(0.,1.));
#3709 = ( GEOMETRIC_REPRESENTATION_CONTEXT(2) 
PARAMETRIC_REPRESENTATION_CONTEXT() REPRESENTATION_CONTEXT('2D SPACE',''
  ) );
#3710 = PCURVE('',#3711,#3716);
#3711 = PLANE('',#3712);
#3712 = AXIS2_PLACEMENT_3D('',#3713,#3714,#3715);
#3713 = CARTESIAN_POINT('',(-47.,74.,36.1));
#3714 = DIRECTION('',(1.,0.,-0.));
#3715 = DIRECTION('',(0.,-1.,0.));
#3716 = DEFINITIONAL_REPRESENTATION('',(#3717),#3721);
#3717 = LINE('',#3718,#3719);
#3718 = CARTESIAN_POINT('',(9.,-1.));
#3719 = VECTOR('',#3720,1.);
#3720 = DIRECTION('',(1.,0.));
#3721 = ( GEOMETRIC_REPRESENTATION_CONTEXT(2) 
PARAMETRIC_REPRESENTATION_CONTEXT() REPRESENTATION_CONTEXT('2D SPACE',''
  ) );
#3722 = ADVANCED_FACE('',(#3723),#1510,.T.);
#3723 = FACE_BOUND('',#3724,.F.);
#3724 = EDGE_LOOP('',(#3725,#3800,#3827,#3828,#3829));
#3725 = ORIENTED_EDGE('',*,*,#3726,.F.);
#3726 = EDGE_CURVE('',#3727,#3729,#3731,.T.);
#3727 = VERTEX_POINT('',#3728);
#3728 = CARTESIAN_POINT('',(-46.97470323899,65.67431578065,37.1));
#3729 = VERTEX_POINT('',#3730);
#3730 = CARTESIAN_POINT('',(-46.74060172705,66.020725942164,36.5));
#3731 = SURFACE_CURVE('',#3732,(#3751,#3773),.PCURVE_S1.);
#3732 = B_SPLINE_CURVE_WITH_KNOTS('',5,(#3733,#3734,#3735,#3736,#3737,
    #3738,#3739,#3740,#3741,#3742,#3743,#3744,#3745,#3746,#3747,#3748,
    #3749,#3750),.UNSPECIFIED.,.F.,.F.,(6,4,4,4,6),(0.,0.13663064727,
    0.55938848607,0.733079949691,1.),.UNSPECIFIED.);
#3733 = CARTESIAN_POINT('',(-46.97470323899,65.67431578065,37.1));
#3734 = CARTESIAN_POINT('',(-46.97320246004,65.694290169554,
    37.065403343568));
#3735 = CARTESIAN_POINT('',(-46.97014667713,65.714247675813,
    37.030835928734));
#3736 = CARTESIAN_POINT('',(-46.96554322068,65.734144048062,
    36.996374401113));
#3737 = CARTESIAN_POINT('',(-46.95940419669,65.753935571561,
    36.962094476854));
#3738 = CARTESIAN_POINT('',(-46.92805226457,65.834359298337,
    36.822796495945));
#3739 = CARTESIAN_POINT('',(-46.88981897583,65.893719485557,
    36.719981635732));
#3740 = CARTESIAN_POINT('',(-46.83754664898,65.950390174468,
    36.621825123239));
#3741 = CARTESIAN_POINT('',(-46.77215365666,66.003109745032,
    36.530512148468));
#3742 = CARTESIAN_POINT('',(-46.66346387025,66.070185264255,
    36.41433394123));
#3743 = CARTESIAN_POINT('',(-46.62984806141,66.088843832503,
    36.382016353028));
#3744 = CARTESIAN_POINT('',(-46.59437115034,66.10654199558,
    36.351362235379));
#3745 = CARTESIAN_POINT('',(-46.55715620821,66.123195628162,
    36.322517297615));
#3746 = CARTESIAN_POINT('',(-46.45870479922,66.162583269983,
    36.25429590079));
#3747 = CARTESIAN_POINT('',(-46.39529595863,66.183783557709,
    36.217575925314));
#3748 = CARTESIAN_POINT('',(-46.32864325489,66.202026081672,
    36.185978946953));
#3749 = CARTESIAN_POINT('',(-46.2593957865,66.217028561211,
    36.159993890152));
#3750 = CARTESIAN_POINT('',(-46.1883460323,66.228572039072,36.14));
#3751 = PCURVE('',#1510,#3752);
#3752 = DEFINITIONAL_REPRESENTATION('',(#3753),#3772);
#3753 = B_SPLINE_CURVE_WITH_KNOTS('',5,(#3754,#3755,#3756,#3757,#3758,
    #3759,#3760,#3761,#3762,#3763,#3764,#3765,#3766,#3767,#3768,#3769,
    #3770,#3771),.UNSPECIFIED.,.F.,.F.,(6,4,4,4,6),(0.,0.13663064727,
    0.55938848607,0.733079949691,1.),.UNSPECIFIED.);
#3754 = CARTESIAN_POINT('',(-1.495802074597,0.));
#3755 = CARTESIAN_POINT('',(-1.493576442353,3.45966564315E-02));
#3756 = CARTESIAN_POINT('',(-1.491339739381,6.916408052618E-02));
#3757 = CARTESIAN_POINT('',(-1.489095041064,0.103711860537));
#3758 = CARTESIAN_POINT('',(-1.486845416841,0.13824972693));
#3759 = CARTESIAN_POINT('',(-1.477627457877,0.279653301286));
#3760 = CARTESIAN_POINT('',(-1.470643486145,0.386514442899));
#3761 = CARTESIAN_POINT('',(-1.463732351456,0.493676643866));
#3762 = CARTESIAN_POINT('',(-1.45699103783,0.601416044423));
#3763 = CARTESIAN_POINT('',(-1.447899204433,0.754612333589));
#3764 = CARTESIAN_POINT('',(-1.445301835326,0.799365356894));
#3765 = CARTESIAN_POINT('',(-1.442763612524,0.844276128679));
#3766 = CARTESIAN_POINT('',(-1.44029446476,0.889358709714));
#3767 = CARTESIAN_POINT('',(-1.434233904177,1.004186225374));
#3768 = CARTESIAN_POINT('',(-1.430751460623,1.074181494187));
#3769 = CARTESIAN_POINT('',(-1.427497949039,1.144645371195));
#3770 = CARTESIAN_POINT('',(-1.424520068357,1.215595467044));
#3771 = CARTESIAN_POINT('',(-1.421868143391,1.287002217587));
#3772 = ( GEOMETRIC_REPRESENTATION_CONTEXT(2) 
PARAMETRIC_REPRESENTATION_CONTEXT() REPRESENTATION_CONTEXT('2D SPACE',''
  ) );
#3773 = PCURVE('',#3774,#3779);
#3774 = PLANE('',#3775);
#3775 = AXIS2_PLACEMENT_3D('',#3776,#3777,#3778);
#3776 = CARTESIAN_POINT('',(-75.,63.942264973081,40.1));
#3777 = DIRECTION('',(-0.,0.866025403784,0.5));
#3778 = DIRECTION('',(0.,0.5,-0.866025403784));
#3779 = DEFINITIONAL_REPRESENTATION('',(#3780),#3799);
#3780 = B_SPLINE_CURVE_WITH_KNOTS('',5,(#3781,#3782,#3783,#3784,#3785,
    #3786,#3787,#3788,#3789,#3790,#3791,#3792,#3793,#3794,#3795,#3796,
    #3797,#3798),.UNSPECIFIED.,.F.,.F.,(6,4,4,4,6),(0.,0.13663064727,
    0.55938848607,0.733079949691,1.),.UNSPECIFIED.);
#3781 = CARTESIAN_POINT('',(3.464101615138,-28.025296761));
#3782 = CARTESIAN_POINT('',(3.504050392945,-28.02679753995));
#3783 = CARTESIAN_POINT('',(3.543965405465,-28.02985332286));
#3784 = CARTESIAN_POINT('',(3.583758149962,-28.03445677931));
#3785 = CARTESIAN_POINT('',(3.62334119696,-28.04059580331));
#3786 = CARTESIAN_POINT('',(3.784188650511,-28.07194773542));
#3787 = CARTESIAN_POINT('',(3.902909024952,-28.11018102416));
#3788 = CARTESIAN_POINT('',(4.016250402773,-28.16245335102));
#3789 = CARTESIAN_POINT('',(4.121689543902,-28.22784634333));
#3790 = CARTESIAN_POINT('',(4.255840582348,-28.33653612974));
#3791 = CARTESIAN_POINT('',(4.293157718844,-28.37015193858));
#3792 = CARTESIAN_POINT('',(4.328554044997,-28.40562884965));
#3793 = CARTESIAN_POINT('',(4.361861310162,-28.44284379178));
#3794 = CARTESIAN_POINT('',(4.440636593805,-28.54129520077));
#3795 = CARTESIAN_POINT('',(4.483037169256,-28.60470404136));
#3796 = CARTESIAN_POINT('',(4.519522217181,-28.6713567451));
#3797 = CARTESIAN_POINT('',(4.549527176259,-28.74060421349));
#3798 = CARTESIAN_POINT('',(4.572614131982,-28.81165396769));
#3799 = ( GEOMETRIC_REPRESENTATION_CONTEXT(2) 
PARAMETRIC_REPRESENTATION_CONTEXT() REPRESENTATION_CONTEXT('2D SPACE',''
  ) );
#3800 = ORIENTED_EDGE('',*,*,#3801,.T.);
#3801 = EDGE_CURVE('',#3727,#3674,#3802,.T.);
#3802 = SURFACE_CURVE('',#3803,(#3808,#3815),.PCURVE_S1.);
#3803 = CIRCLE('',#3804,9.);
#3804 = AXIS2_PLACEMENT_3D('',#3805,#3806,#3807);
#3805 = CARTESIAN_POINT('',(-38.,65.,37.1));
#3806 = DIRECTION('',(0.,0.,1.));
#3807 = DIRECTION('',(0.,1.,-0.));
#3808 = PCURVE('',#1510,#3809);
#3809 = DEFINITIONAL_REPRESENTATION('',(#3810),#3814);
#3810 = LINE('',#3811,#3812);
#3811 = CARTESIAN_POINT('',(-0.,0.));
#3812 = VECTOR('',#3813,1.);
#3813 = DIRECTION('',(-1.,0.));
#3814 = ( GEOMETRIC_REPRESENTATION_CONTEXT(2) 
PARAMETRIC_REPRESENTATION_CONTEXT() REPRESENTATION_CONTEXT('2D SPACE',''
  ) );
#3815 = PCURVE('',#3816,#3821);
#3816 = CYLINDRICAL_SURFACE('',#3817,9.);
#3817 = AXIS2_PLACEMENT_3D('',#3818,#3819,#3820);
#3818 = CARTESIAN_POINT('',(-38.,65.,36.1));
#3819 = DIRECTION('',(0.,0.,1.));
#3820 = DIRECTION('',(-0.,1.,0.));
#3821 = DEFINITIONAL_REPRESENTATION('',(#3822),#3826);
#3822 = LINE('',#3823,#3824);
#3823 = CARTESIAN_POINT('',(0.,1.));
#3824 = VECTOR('',#3825,1.);
#3825 = DIRECTION('',(1.,0.));
#3826 = ( GEOMETRIC_REPRESENTATION_CONTEXT(2) 
PARAMETRIC_REPRESENTATION_CONTEXT() REPRESENTATION_CONTEXT('2D SPACE',''
  ) );
#3827 = ORIENTED_EDGE('',*,*,#3673,.T.);
#3828 = ORIENTED_EDGE('',*,*,#1493,.F.);
#3829 = ORIENTED_EDGE('',*,*,#3830,.F.);
#3830 = EDGE_CURVE('',#3729,#1466,#3831,.T.);
#3831 = SURFACE_CURVE('',#3832,(#3855,#3881),.PCURVE_S1.);
#3832 = B_SPLINE_CURVE_WITH_KNOTS('',6,(#3833,#3834,#3835,#3836,#3837,
    #3838,#3839,#3840,#3841,#3842,#3843,#3844,#3845,#3846,#3847,#3848,
    #3849,#3850,#3851,#3852,#3853,#3854),.UNSPECIFIED.,.F.,.F.,(7,5,5,5,
    7),(0.,1.760077609411E-02,0.267035744535,0.75485950947,1.),
  .UNSPECIFIED.);
#3833 = CARTESIAN_POINT('',(-46.76730298828,66.037631931396,36.54));
#3834 = CARTESIAN_POINT('',(-46.76652049017,66.037107493074,
    36.538759165607));
#3835 = CARTESIAN_POINT('',(-46.76497570437,66.036073969533,
    36.536313822653));
#3836 = CARTESIAN_POINT('',(-46.76337432112,66.035015461346,
    36.533809365393));
#3837 = CARTESIAN_POINT('',(-46.76202347293,66.034132303679,
    36.531719791917));
#3838 = CARTESIAN_POINT('',(-46.7608392286,66.033358181451,
    36.52988819906));
#3839 = CARTESIAN_POINT('',(-46.73784218784,66.018476877506,
    36.494678655886));
#3840 = CARTESIAN_POINT('',(-46.71464852372,66.005013833228,
    36.462824751112));
#3841 = CARTESIAN_POINT('',(-46.68979582085,65.992032722163,
    36.432111112561));
#3842 = CARTESIAN_POINT('',(-46.66334747291,65.979576871765,
    36.402640254094));
#3843 = CARTESIAN_POINT('',(-46.63537742746,65.967687837737,
    36.374510497557));
#3844 = CARTESIAN_POINT('',(-46.54845952848,65.934338480578,
    36.295605071319));
#3845 = CARTESIAN_POINT('',(-46.48544277221,65.914585997029,
    36.248870193455));
#3846 = CARTESIAN_POINT('',(-46.41757030646,65.897448783776,
    36.208323111548));
#3847 = CARTESIAN_POINT('',(-46.34562900541,65.883173909661,
    36.174548396755));
#3848 = CARTESIAN_POINT('',(-46.27051945281,65.871949849212,
    36.147991984601));
#3849 = CARTESIAN_POINT('',(-46.15441549233,65.859824222756,
    36.11930244437));
#3850 = CARTESIAN_POINT('',(-46.11503470849,65.856564904589,
    36.111590814788));
#3851 = CARTESIAN_POINT('',(-46.07522989667,65.854114696046,
    36.105793559129));
#3852 = CARTESIAN_POINT('',(-46.03512736003,65.852481085963,
    36.101928396172));
#3853 = CARTESIAN_POINT('',(-45.99485401286,65.85166604984,36.1));
#3854 = CARTESIAN_POINT('',(-45.95453738061,65.85166604984,36.1));
#3855 = PCURVE('',#1510,#3856);
#3856 = DEFINITIONAL_REPRESENTATION('',(#3857),#3880);
#3857 = B_SPLINE_CURVE_WITH_KNOTS('',6,(#3858,#3859,#3860,#3861,#3862,
    #3863,#3864,#3865,#3866,#3867,#3868,#3869,#3870,#3871,#3872,#3873,
    #3874,#3875,#3876,#3877,#3878,#3879),.UNSPECIFIED.,.F.,.F.,(7,5,5,5,
    7),(0.,1.760077609411E-02,0.267035744535,0.75485950947,1.),
  .UNSPECIFIED.);
#3858 = CARTESIAN_POINT('',(-1.452991858354,0.594385999759));
#3859 = CARTESIAN_POINT('',(-1.453040432307,0.595883701187));
#3860 = CARTESIAN_POINT('',(-1.453136148967,0.598835772236));
#3861 = CARTESIAN_POINT('',(-1.453233941231,0.601872406323));
#3862 = CARTESIAN_POINT('',(-1.45331543119,0.604411844595));
#3863 = CARTESIAN_POINT('',(-1.453386834973,0.606639144359));
#3864 = CARTESIAN_POINT('',(-1.454757273417,0.649580134004));
#3865 = CARTESIAN_POINT('',(-1.45597340393,0.689776498738));
#3866 = CARTESIAN_POINT('',(-1.457121571556,0.730056927609));
#3867 = CARTESIAN_POINT('',(-1.458197728658,0.770419192026));
#3868 = CARTESIAN_POINT('',(-1.45919780869,0.810859625235));
#3869 = CARTESIAN_POINT('',(-1.461916958436,0.930603521588));
#3870 = CARTESIAN_POINT('',(-1.463410050675,1.010125443262));
#3871 = CARTESIAN_POINT('',(-1.464566103545,1.089870238384));
#3872 = CARTESIAN_POINT('',(-1.465356663727,1.169784008058));
#3873 = CARTESIAN_POINT('',(-1.465755781805,1.249801828993));
#3874 = CARTESIAN_POINT('',(-1.465741762015,1.370010966884));
#3875 = CARTESIAN_POINT('',(-1.465633950278,1.410214848272));
#3876 = CARTESIAN_POINT('',(-1.46542077118,1.450406796253));
#3877 = CARTESIAN_POINT('',(-1.465100604538,1.49057523963));
#3878 = CARTESIAN_POINT('',(-1.46467245454,1.530708807009));
#3879 = CARTESIAN_POINT('',(-1.464135949744,1.570796326795));
#3880 = ( GEOMETRIC_REPRESENTATION_CONTEXT(2) 
PARAMETRIC_REPRESENTATION_CONTEXT() REPRESENTATION_CONTEXT('2D SPACE',''
  ) );
#3881 = PCURVE('',#1481,#3882);
#3882 = DEFINITIONAL_REPRESENTATION('',(#3883),#3906);
#3883 = B_SPLINE_CURVE_WITH_KNOTS('',6,(#3884,#3885,#3886,#3887,#3888,
    #3889,#3890,#3891,#3892,#3893,#3894,#3895,#3896,#3897,#3898,#3899,
    #3900,#3901,#3902,#3903,#3904,#3905),.UNSPECIFIED.,.F.,.F.,(7,5,5,5,
    7),(0.,1.760077609411E-02,0.267035744535,0.75485950947,1.),
  .UNSPECIFIED.);
#3884 = CARTESIAN_POINT('',(-4.342594238386E-02,-28.23269701171));
#3885 = CARTESIAN_POINT('',(-4.207883231208E-02,-28.23347950982));
#3886 = CARTESIAN_POINT('',(-3.942404925632E-02,-28.23502429562));
#3887 = CARTESIAN_POINT('',(-3.670508883928E-02,-28.23662567887));
#3888 = CARTESIAN_POINT('',(-3.443654640572E-02,-28.23797652706));
#3889 = CARTESIAN_POINT('',(-3.244808025804E-02,-28.23916077139));
#3890 = CARTESIAN_POINT('',(5.777109572759E-03,-28.26215781215));
#3891 = CARTESIAN_POINT('',(4.035925540775E-02,-28.28535147627));
#3892 = CARTESIAN_POINT('',(7.370347286057E-02,-28.31020417914));
#3893 = CARTESIAN_POINT('',(0.105698467906,-28.33665252708));
#3894 = CARTESIAN_POINT('',(0.136237497572,-28.36462257253));
#3895 = CARTESIAN_POINT('',(0.221901059911,-28.45154047151));
#3896 = CARTESIAN_POINT('',(0.272638712747,-28.51455722778));
#3897 = CARTESIAN_POINT('',(0.316658593816,-28.58242969353));
#3898 = CARTESIAN_POINT('',(0.353326064281,-28.65437099458));
#3899 = CARTESIAN_POINT('',(0.382156994885,-28.72948054719));
#3900 = CARTESIAN_POINT('',(0.413303752912,-28.84558450766));
#3901 = CARTESIAN_POINT('',(0.42167587246,-28.8849652915));
#3902 = CARTESIAN_POINT('',(0.427969654715,-28.92477010332));
#3903 = CARTESIAN_POINT('',(0.432165863312,-28.96487263996));
#3904 = CARTESIAN_POINT('',(0.434259423839,-29.00514598713));
#3905 = CARTESIAN_POINT('',(0.434259423839,-29.04546261938));
#3906 = ( GEOMETRIC_REPRESENTATION_CONTEXT(2) 
PARAMETRIC_REPRESENTATION_CONTEXT() REPRESENTATION_CONTEXT('2D SPACE',''
  ) );
#3907 = ADVANCED_FACE('',(#3908),#1335,.T.);
#3908 = FACE_BOUND('',#3909,.F.);
#3909 = EDGE_LOOP('',(#3910,#3911,#3912,#3932));
#3910 = ORIENTED_EDGE('',*,*,#2501,.F.);
#3911 = ORIENTED_EDGE('',*,*,#2526,.T.);
#3912 = ORIENTED_EDGE('',*,*,#3913,.T.);
#3913 = EDGE_CURVE('',#2527,#1319,#3914,.T.);
#3914 = SURFACE_CURVE('',#3915,(#3920,#3926),.PCURVE_S1.);
#3915 = CIRCLE('',#3916,1.);
#3916 = AXIS2_PLACEMENT_3D('',#3917,#3918,#3919);
#3917 = CARTESIAN_POINT('',(65.,40.,37.1));
#3918 = DIRECTION('',(-1.,6.123233995737E-17,0.));
#3919 = DIRECTION('',(6.123233995737E-17,1.,-0.));
#3920 = PCURVE('',#1335,#3921);
#3921 = DEFINITIONAL_REPRESENTATION('',(#3922),#3925);
#3922 = B_SPLINE_CURVE_WITH_KNOTS('',1,(#3923,#3924),.UNSPECIFIED.,.F.,
  .F.,(2,2),(0.,1.570796326795),.PIECEWISE_BEZIER_KNOTS.);
#3923 = CARTESIAN_POINT('',(-1.570796326795,0.));
#3924 = CARTESIAN_POINT('',(-1.570796326795,1.570796326795));
#3925 = ( GEOMETRIC_REPRESENTATION_CONTEXT(2) 
PARAMETRIC_REPRESENTATION_CONTEXT() REPRESENTATION_CONTEXT('2D SPACE',''
  ) );
#3926 = PCURVE('',#1363,#3927);
#3927 = DEFINITIONAL_REPRESENTATION('',(#3928),#3931);
#3928 = B_SPLINE_CURVE_WITH_KNOTS('',1,(#3929,#3930),.UNSPECIFIED.,.F.,
  .F.,(2,2),(0.,1.570796326795),.PIECEWISE_BEZIER_KNOTS.);
#3929 = CARTESIAN_POINT('',(0.,0.));
#3930 = CARTESIAN_POINT('',(1.570796326795,0.));
#3931 = ( GEOMETRIC_REPRESENTATION_CONTEXT(2) 
PARAMETRIC_REPRESENTATION_CONTEXT() REPRESENTATION_CONTEXT('2D SPACE',''
  ) );
#3932 = ORIENTED_EDGE('',*,*,#1318,.F.);
#3933 = ADVANCED_FACE('',(#3934),#1481,.T.);
#3934 = FACE_BOUND('',#3935,.T.);
#3935 = EDGE_LOOP('',(#3936,#3937,#3960,#4038));
#3936 = ORIENTED_EDGE('',*,*,#3830,.F.);
#3937 = ORIENTED_EDGE('',*,*,#3938,.T.);
#3938 = EDGE_CURVE('',#3729,#3939,#3941,.T.);
#3939 = VERTEX_POINT('',#3940);
#3940 = CARTESIAN_POINT('',(46.740601727055,66.020725942164,36.5));
#3941 = SURFACE_CURVE('',#3942,(#3946,#3953),.PCURVE_S1.);
#3942 = LINE('',#3943,#3944);
#3943 = CARTESIAN_POINT('',(-75.,66.020725942164,36.5));
#3944 = VECTOR('',#3945,1.);
#3945 = DIRECTION('',(1.,0.,0.));
#3946 = PCURVE('',#1481,#3947);
#3947 = DEFINITIONAL_REPRESENTATION('',(#3948),#3952);
#3948 = LINE('',#3949,#3950);
#3949 = CARTESIAN_POINT('',(0.,0.));
#3950 = VECTOR('',#3951,1.);
#3951 = DIRECTION('',(0.,-1.));
#3952 = ( GEOMETRIC_REPRESENTATION_CONTEXT(2) 
PARAMETRIC_REPRESENTATION_CONTEXT() REPRESENTATION_CONTEXT('2D SPACE',''
  ) );
#3953 = PCURVE('',#3774,#3954);
#3954 = DEFINITIONAL_REPRESENTATION('',(#3955),#3959);
#3955 = LINE('',#3956,#3957);
#3956 = CARTESIAN_POINT('',(4.156921938165,0.));
#3957 = VECTOR('',#3958,1.);
#3958 = DIRECTION('',(0.,-1.));
#3959 = ( GEOMETRIC_REPRESENTATION_CONTEXT(2) 
PARAMETRIC_REPRESENTATION_CONTEXT() REPRESENTATION_CONTEXT('2D SPACE',''
  ) );
#3960 = ORIENTED_EDGE('',*,*,#3961,.T.);
#3961 = EDGE_CURVE('',#3939,#1437,#3962,.T.);
#3962 = SURFACE_CURVE('',#3963,(#3986,#4012),.PCURVE_S1.);
#3963 = B_SPLINE_CURVE_WITH_KNOTS('',6,(#3964,#3965,#3966,#3967,#3968,
    #3969,#3970,#3971,#3972,#3973,#3974,#3975,#3976,#3977,#3978,#3979,
    #3980,#3981,#3982,#3983,#3984,#3985),.UNSPECIFIED.,.F.,.F.,(7,5,5,5,
    7),(0.,1.760077609415E-02,0.267035744535,0.754859509471,1.),
  .UNSPECIFIED.);
#3964 = CARTESIAN_POINT('',(46.767302988283,66.037631931396,36.54));
#3965 = CARTESIAN_POINT('',(46.766520490178,66.037107493074,
    36.538759165607));
#3966 = CARTESIAN_POINT('',(46.764975704377,66.036073969533,
    36.536313822653));
#3967 = CARTESIAN_POINT('',(46.763374321124,66.035015461346,
    36.533809365393));
#3968 = CARTESIAN_POINT('',(46.762023472933,66.034132303679,
    36.531719791917));
#3969 = CARTESIAN_POINT('',(46.760839228601,66.033358181451,
    36.52988819906));
#3970 = CARTESIAN_POINT('',(46.737842187844,66.018476877506,
    36.494678655886));
#3971 = CARTESIAN_POINT('',(46.714648523722,66.005013833228,
    36.462824751112));
#3972 = CARTESIAN_POINT('',(46.689795820852,65.992032722163,
    36.432111112561));
#3973 = CARTESIAN_POINT('',(46.663347472918,65.979576871765,
    36.402640254094));
#3974 = CARTESIAN_POINT('',(46.635377427464,65.967687837737,
    36.374510497557));
#3975 = CARTESIAN_POINT('',(46.548459528485,65.934338480578,
    36.295605071319));
#3976 = CARTESIAN_POINT('',(46.485442772211,65.914585997029,
    36.248870193455));
#3977 = CARTESIAN_POINT('',(46.417570306465,65.897448783776,
    36.208323111547));
#3978 = CARTESIAN_POINT('',(46.345629005418,65.88317390966,
    36.174548396755));
#3979 = CARTESIAN_POINT('',(46.27051945281,65.871949849212,36.1479919846
    ));
#3980 = CARTESIAN_POINT('',(46.154415492333,65.859824222756,
    36.119302444369));
#3981 = CARTESIAN_POINT('',(46.11503470849,65.856564904589,
    36.111590814788));
#3982 = CARTESIAN_POINT('',(46.075229896674,65.854114696046,
    36.105793559129));
#3983 = CARTESIAN_POINT('',(46.035127360032,65.852481085963,
    36.101928396172));
#3984 = CARTESIAN_POINT('',(45.994854012861,65.85166604984,36.1));
#3985 = CARTESIAN_POINT('',(45.954537380612,65.85166604984,36.1));
#3986 = PCURVE('',#1481,#3987);
#3987 = DEFINITIONAL_REPRESENTATION('',(#3988),#4011);
#3988 = B_SPLINE_CURVE_WITH_KNOTS('',6,(#3989,#3990,#3991,#3992,#3993,
    #3994,#3995,#3996,#3997,#3998,#3999,#4000,#4001,#4002,#4003,#4004,
    #4005,#4006,#4007,#4008,#4009,#4010),.UNSPECIFIED.,.F.,.F.,(7,5,5,5,
    7),(0.,1.760077609415E-02,0.267035744535,0.754859509471,1.),
  .UNSPECIFIED.);
#3989 = CARTESIAN_POINT('',(-4.342594238386E-02,-121.7673029882));
#3990 = CARTESIAN_POINT('',(-4.207883231208E-02,-121.7665204901));
#3991 = CARTESIAN_POINT('',(-3.942404925631E-02,-121.7649757043));
#3992 = CARTESIAN_POINT('',(-3.67050888393E-02,-121.7633743211));
#3993 = CARTESIAN_POINT('',(-3.44365464057E-02,-121.7620234729));
#3994 = CARTESIAN_POINT('',(-3.244808025804E-02,-121.7608392286));
#3995 = CARTESIAN_POINT('',(5.777109572759E-03,-121.7378421878));
#3996 = CARTESIAN_POINT('',(4.035925540775E-02,-121.7146485237));
#3997 = CARTESIAN_POINT('',(7.370347286057E-02,-121.6897958208));
#3998 = CARTESIAN_POINT('',(0.105698467906,-121.6633474729));
#3999 = CARTESIAN_POINT('',(0.136237497572,-121.6353774274));
#4000 = CARTESIAN_POINT('',(0.221901059911,-121.5484595284));
#4001 = CARTESIAN_POINT('',(0.272638712747,-121.4854427722));
#4002 = CARTESIAN_POINT('',(0.316658593816,-121.4175703064));
#4003 = CARTESIAN_POINT('',(0.353326064281,-121.3456290054));
#4004 = CARTESIAN_POINT('',(0.382156994885,-121.2705194528));
#4005 = CARTESIAN_POINT('',(0.413303752912,-121.1544154923));
#4006 = CARTESIAN_POINT('',(0.42167587246,-121.1150347084));
#4007 = CARTESIAN_POINT('',(0.427969654715,-121.0752298966));
#4008 = CARTESIAN_POINT('',(0.432165863312,-121.03512736));
#4009 = CARTESIAN_POINT('',(0.434259423839,-120.9948540128));
#4010 = CARTESIAN_POINT('',(0.434259423839,-120.9545373806));
#4011 = ( GEOMETRIC_REPRESENTATION_CONTEXT(2) 
PARAMETRIC_REPRESENTATION_CONTEXT() REPRESENTATION_CONTEXT('2D SPACE',''
  ) );
#4012 = PCURVE('',#1453,#4013);
#4013 = DEFINITIONAL_REPRESENTATION('',(#4014),#4037);
#4014 = B_SPLINE_CURVE_WITH_KNOTS('',6,(#4015,#4016,#4017,#4018,#4019,
    #4020,#4021,#4022,#4023,#4024,#4025,#4026,#4027,#4028,#4029,#4030,
    #4031,#4032,#4033,#4034,#4035,#4036),.UNSPECIFIED.,.F.,.F.,(7,5,5,5,
    7),(0.,1.760077609415E-02,0.267035744535,0.754859509471,1.),
  .UNSPECIFIED.);
#4015 = CARTESIAN_POINT('',(-0.117804468441,0.594385999759));
#4016 = CARTESIAN_POINT('',(-0.117755894488,0.595883701187));
#4017 = CARTESIAN_POINT('',(-0.117660177828,0.598835772236));
#4018 = CARTESIAN_POINT('',(-0.117562385563,0.601872406323));
#4019 = CARTESIAN_POINT('',(-0.117480895605,0.604411844595));
#4020 = CARTESIAN_POINT('',(-0.117409491822,0.606639144359));
#4021 = CARTESIAN_POINT('',(-0.116039053378,0.649580134004));
#4022 = CARTESIAN_POINT('',(-0.114822922865,0.689776498738));
#4023 = CARTESIAN_POINT('',(-0.113674755239,0.730056927609));
#4024 = CARTESIAN_POINT('',(-0.112598598137,0.770419192026));
#4025 = CARTESIAN_POINT('',(-0.111598518105,0.810859625235));
#4026 = CARTESIAN_POINT('',(-0.108879368359,0.930603521589));
#4027 = CARTESIAN_POINT('',(-0.10738627612,1.010125443263));
#4028 = CARTESIAN_POINT('',(-0.10623022325,1.089870238384));
#4029 = CARTESIAN_POINT('',(-0.105439663067,1.169784008059));
#4030 = CARTESIAN_POINT('',(-0.105040544989,1.249801828993));
#4031 = CARTESIAN_POINT('',(-0.10505456478,1.370010966885));
#4032 = CARTESIAN_POINT('',(-0.105162376516,1.410214848273));
#4033 = CARTESIAN_POINT('',(-0.105375555614,1.450406796253));
#4034 = CARTESIAN_POINT('',(-0.105695722257,1.49057523963));
#4035 = CARTESIAN_POINT('',(-0.106123872255,1.530708807009));
#4036 = CARTESIAN_POINT('',(-0.106660377051,1.570796326795));
#4037 = ( GEOMETRIC_REPRESENTATION_CONTEXT(2) 
PARAMETRIC_REPRESENTATION_CONTEXT() REPRESENTATION_CONTEXT('2D SPACE',''
  ) );
#4038 = ORIENTED_EDGE('',*,*,#1465,.F.);
#4039 = ADVANCED_FACE('',(#4040),#1363,.T.);
#4040 = FACE_BOUND('',#4041,.T.);
#4041 = EDGE_LOOP('',(#4042,#4043,#4044,#4066));
#4042 = ORIENTED_EDGE('',*,*,#3913,.T.);
#4043 = ORIENTED_EDGE('',*,*,#1347,.T.);
#4044 = ORIENTED_EDGE('',*,*,#4045,.F.);
#4045 = EDGE_CURVE('',#4046,#1348,#4048,.T.);
#4046 = VERTEX_POINT('',#4047);
#4047 = CARTESIAN_POINT('',(56.,41.,37.1));
#4048 = SURFACE_CURVE('',#4049,(#4054,#4060),.PCURVE_S1.);
#4049 = CIRCLE('',#4050,1.);
#4050 = AXIS2_PLACEMENT_3D('',#4051,#4052,#4053);
#4051 = CARTESIAN_POINT('',(56.,40.,37.1));
#4052 = DIRECTION('',(-1.,0.,0.));
#4053 = DIRECTION('',(0.,1.,-0.));
#4054 = PCURVE('',#1363,#4055);
#4055 = DEFINITIONAL_REPRESENTATION('',(#4056),#4059);
#4056 = B_SPLINE_CURVE_WITH_KNOTS('',1,(#4057,#4058),.UNSPECIFIED.,.F.,
  .F.,(2,2),(0.,1.570796326795),.PIECEWISE_BEZIER_KNOTS.);
#4057 = CARTESIAN_POINT('',(0.,9.));
#4058 = CARTESIAN_POINT('',(1.570796326795,9.));
#4059 = ( GEOMETRIC_REPRESENTATION_CONTEXT(2) 
PARAMETRIC_REPRESENTATION_CONTEXT() REPRESENTATION_CONTEXT('2D SPACE',''
  ) );
#4060 = PCURVE('',#1396,#4061);
#4061 = DEFINITIONAL_REPRESENTATION('',(#4062),#4065);
#4062 = B_SPLINE_CURVE_WITH_KNOTS('',1,(#4063,#4064),.UNSPECIFIED.,.F.,
  .F.,(2,2),(0.,1.570796326795),.PIECEWISE_BEZIER_KNOTS.);
#4063 = CARTESIAN_POINT('',(0.,3.14159265359));
#4064 = CARTESIAN_POINT('',(0.,4.712388980385));
#4065 = ( GEOMETRIC_REPRESENTATION_CONTEXT(2) 
PARAMETRIC_REPRESENTATION_CONTEXT() REPRESENTATION_CONTEXT('2D SPACE',''
  ) );
#4066 = ORIENTED_EDGE('',*,*,#4067,.F.);
#4067 = EDGE_CURVE('',#2527,#4046,#4068,.T.);
#4068 = SURFACE_CURVE('',#4069,(#4073,#4080),.PCURVE_S1.);
#4069 = LINE('',#4070,#4071);
#4070 = CARTESIAN_POINT('',(65.,41.,37.1));
#4071 = VECTOR('',#4072,1.);
#4072 = DIRECTION('',(-1.,0.,0.));
#4073 = PCURVE('',#1363,#4074);
#4074 = DEFINITIONAL_REPRESENTATION('',(#4075),#4079);
#4075 = LINE('',#4076,#4077);
#4076 = CARTESIAN_POINT('',(0.,0.));
#4077 = VECTOR('',#4078,1.);
#4078 = DIRECTION('',(0.,1.));
#4079 = ( GEOMETRIC_REPRESENTATION_CONTEXT(2) 
PARAMETRIC_REPRESENTATION_CONTEXT() REPRESENTATION_CONTEXT('2D SPACE',''
  ) );
#4080 = PCURVE('',#2566,#4081);
#4081 = DEFINITIONAL_REPRESENTATION('',(#4082),#4086);
#4082 = LINE('',#4083,#4084);
#4083 = CARTESIAN_POINT('',(9.,-1.));
#4084 = VECTOR('',#4085,1.);
#4085 = DIRECTION('',(1.,0.));
#4086 = ( GEOMETRIC_REPRESENTATION_CONTEXT(2) 
PARAMETRIC_REPRESENTATION_CONTEXT() REPRESENTATION_CONTEXT('2D SPACE',''
  ) );
#4087 = ADVANCED_FACE('',(#4088),#1453,.T.);
#4088 = FACE_BOUND('',#4089,.F.);
#4089 = EDGE_LOOP('',(#4090,#4091,#4092,#4114,#4143));
#4090 = ORIENTED_EDGE('',*,*,#3961,.T.);
#4091 = ORIENTED_EDGE('',*,*,#1436,.F.);
#4092 = ORIENTED_EDGE('',*,*,#4093,.F.);
#4093 = EDGE_CURVE('',#4094,#1409,#4096,.T.);
#4094 = VERTEX_POINT('',#4095);
#4095 = CARTESIAN_POINT('',(47.,65.,37.1));
#4096 = SURFACE_CURVE('',#4097,(#4102,#4108),.PCURVE_S1.);
#4097 = CIRCLE('',#4098,1.);
#4098 = AXIS2_PLACEMENT_3D('',#4099,#4100,#4101);
#4099 = CARTESIAN_POINT('',(46.,65.,37.1));
#4100 = DIRECTION('',(0.,1.,0.));
#4101 = DIRECTION('',(1.,0.,-0.));
#4102 = PCURVE('',#1453,#4103);
#4103 = DEFINITIONAL_REPRESENTATION('',(#4104),#4107);
#4104 = B_SPLINE_CURVE_WITH_KNOTS('',1,(#4105,#4106),.UNSPECIFIED.,.F.,
  .F.,(2,2),(0.,1.570796326795),.PIECEWISE_BEZIER_KNOTS.);
#4105 = CARTESIAN_POINT('',(0.,0.));
#4106 = CARTESIAN_POINT('',(0.,1.570796326795));
#4107 = ( GEOMETRIC_REPRESENTATION_CONTEXT(2) 
PARAMETRIC_REPRESENTATION_CONTEXT() REPRESENTATION_CONTEXT('2D SPACE',''
  ) );
#4108 = PCURVE('',#1424,#4109);
#4109 = DEFINITIONAL_REPRESENTATION('',(#4110),#4113);
#4110 = B_SPLINE_CURVE_WITH_KNOTS('',1,(#4111,#4112),.UNSPECIFIED.,.F.,
  .F.,(2,2),(0.,1.570796326795),.PIECEWISE_BEZIER_KNOTS.);
#4111 = CARTESIAN_POINT('',(0.,15.));
#4112 = CARTESIAN_POINT('',(1.570796326795,15.));
#4113 = ( GEOMETRIC_REPRESENTATION_CONTEXT(2) 
PARAMETRIC_REPRESENTATION_CONTEXT() REPRESENTATION_CONTEXT('2D SPACE',''
  ) );
#4114 = ORIENTED_EDGE('',*,*,#4115,.T.);
#4115 = EDGE_CURVE('',#4094,#4116,#4118,.T.);
#4116 = VERTEX_POINT('',#4117);
#4117 = CARTESIAN_POINT('',(46.974703238992,65.67431578065,37.1));
#4118 = SURFACE_CURVE('',#4119,(#4124,#4131),.PCURVE_S1.);
#4119 = CIRCLE('',#4120,9.);
#4120 = AXIS2_PLACEMENT_3D('',#4121,#4122,#4123);
#4121 = CARTESIAN_POINT('',(38.,65.,37.1));
#4122 = DIRECTION('',(0.,0.,1.));
#4123 = DIRECTION('',(1.,0.,-0.));
#4124 = PCURVE('',#1453,#4125);
#4125 = DEFINITIONAL_REPRESENTATION('',(#4126),#4130);
#4126 = LINE('',#4127,#4128);
#4127 = CARTESIAN_POINT('',(-0.,0.));
#4128 = VECTOR('',#4129,1.);
#4129 = DIRECTION('',(-1.,0.));
#4130 = ( GEOMETRIC_REPRESENTATION_CONTEXT(2) 
PARAMETRIC_REPRESENTATION_CONTEXT() REPRESENTATION_CONTEXT('2D SPACE',''
  ) );
#4131 = PCURVE('',#4132,#4137);
#4132 = CYLINDRICAL_SURFACE('',#4133,9.);
#4133 = AXIS2_PLACEMENT_3D('',#4134,#4135,#4136);
#4134 = CARTESIAN_POINT('',(38.,65.,36.1));
#4135 = DIRECTION('',(0.,0.,1.));
#4136 = DIRECTION('',(1.,0.,-0.));
#4137 = DEFINITIONAL_REPRESENTATION('',(#4138),#4142);
#4138 = LINE('',#4139,#4140);
#4139 = CARTESIAN_POINT('',(0.,1.));
#4140 = VECTOR('',#4141,1.);
#4141 = DIRECTION('',(1.,0.));
#4142 = ( GEOMETRIC_REPRESENTATION_CONTEXT(2) 
PARAMETRIC_REPRESENTATION_CONTEXT() REPRESENTATION_CONTEXT('2D SPACE',''
  ) );
#4143 = ORIENTED_EDGE('',*,*,#4144,.T.);
#4144 = EDGE_CURVE('',#4116,#3939,#4145,.T.);
#4145 = SURFACE_CURVE('',#4146,(#4165,#4187),.PCURVE_S1.);
#4146 = B_SPLINE_CURVE_WITH_KNOTS('',5,(#4147,#4148,#4149,#4150,#4151,
    #4152,#4153,#4154,#4155,#4156,#4157,#4158,#4159,#4160,#4161,#4162,
    #4163,#4164),.UNSPECIFIED.,.F.,.F.,(6,4,4,4,6),(0.,0.13663064727,
    0.55938848607,0.733079949691,1.),.UNSPECIFIED.);
#4147 = CARTESIAN_POINT('',(46.974703238992,65.67431578065,37.1));
#4148 = CARTESIAN_POINT('',(46.973202460048,65.694290169554,
    37.065403343568));
#4149 = CARTESIAN_POINT('',(46.970146677135,65.714247675813,
    37.030835928734));
#4150 = CARTESIAN_POINT('',(46.965543220682,65.734144048062,
    36.996374401113));
#4151 = CARTESIAN_POINT('',(46.95940419669,65.753935571561,
    36.962094476854));
#4152 = CARTESIAN_POINT('',(46.928052264578,65.834359298337,
    36.822796495945));
#4153 = CARTESIAN_POINT('',(46.889818975838,65.893719485557,
    36.719981635732));
#4154 = CARTESIAN_POINT('',(46.83754664898,65.950390174468,
    36.621825123239));
#4155 = CARTESIAN_POINT('',(46.772153656665,66.003109745032,
    36.530512148468));
#4156 = CARTESIAN_POINT('',(46.663463870256,66.070185264255,
    36.41433394123));
#4157 = CARTESIAN_POINT('',(46.629848061417,66.088843832503,
    36.382016353028));
#4158 = CARTESIAN_POINT('',(46.594371150347,66.10654199558,
    36.351362235379));
#4159 = CARTESIAN_POINT('',(46.557156208212,66.123195628162,
    36.322517297615));
#4160 = CARTESIAN_POINT('',(46.458704799227,66.162583269983,
    36.25429590079));
#4161 = CARTESIAN_POINT('',(46.395295958631,66.183783557709,
    36.217575925314));
#4162 = CARTESIAN_POINT('',(46.328643254893,66.202026081672,
    36.185978946953));
#4163 = CARTESIAN_POINT('',(46.259395786501,66.217028561211,
    36.159993890152));
#4164 = CARTESIAN_POINT('',(46.188346032308,66.228572039072,36.14));
#4165 = PCURVE('',#1453,#4166);
#4166 = DEFINITIONAL_REPRESENTATION('',(#4167),#4186);
#4167 = B_SPLINE_CURVE_WITH_KNOTS('',5,(#4168,#4169,#4170,#4171,#4172,
    #4173,#4174,#4175,#4176,#4177,#4178,#4179,#4180,#4181,#4182,#4183,
    #4184,#4185),.UNSPECIFIED.,.F.,.F.,(6,4,4,4,6),(0.,0.13663064727,
    0.55938848607,0.733079949691,1.),.UNSPECIFIED.);
#4168 = CARTESIAN_POINT('',(-7.499425219815E-02,0.));
#4169 = CARTESIAN_POINT('',(-7.721988444156E-02,3.45966564315E-02));
#4170 = CARTESIAN_POINT('',(-7.945658741352E-02,6.916408052618E-02));
#4171 = CARTESIAN_POINT('',(-8.17012857308E-02,0.103711860537));
#4172 = CARTESIAN_POINT('',(-8.395090995418E-02,0.13824972693));
#4173 = CARTESIAN_POINT('',(-9.316886891777E-02,0.279653301286));
#4174 = CARTESIAN_POINT('',(-0.10015284065,0.386514442899));
#4175 = CARTESIAN_POINT('',(-0.107063975339,0.493676643865));
#4176 = CARTESIAN_POINT('',(-0.113805288965,0.601416044423));
#4177 = CARTESIAN_POINT('',(-0.122897122362,0.754612333589));
#4178 = CARTESIAN_POINT('',(-0.125494491469,0.799365356894));
#4179 = CARTESIAN_POINT('',(-0.128032714271,0.844276128679));
#4180 = CARTESIAN_POINT('',(-0.130501862034,0.889358709714));
#4181 = CARTESIAN_POINT('',(-0.136562422618,1.004186225374));
#4182 = CARTESIAN_POINT('',(-0.140044866172,1.074181494187));
#4183 = CARTESIAN_POINT('',(-0.143298377756,1.144645371195));
#4184 = CARTESIAN_POINT('',(-0.146276258438,1.215595467044));
#4185 = CARTESIAN_POINT('',(-0.148928183403,1.287002217587));
#4186 = ( GEOMETRIC_REPRESENTATION_CONTEXT(2) 
PARAMETRIC_REPRESENTATION_CONTEXT() REPRESENTATION_CONTEXT('2D SPACE',''
  ) );
#4187 = PCURVE('',#3774,#4188);
#4188 = DEFINITIONAL_REPRESENTATION('',(#4189),#4208);
#4189 = B_SPLINE_CURVE_WITH_KNOTS('',5,(#4190,#4191,#4192,#4193,#4194,
    #4195,#4196,#4197,#4198,#4199,#4200,#4201,#4202,#4203,#4204,#4205,
    #4206,#4207),.UNSPECIFIED.,.F.,.F.,(6,4,4,4,6),(0.,0.13663064727,
    0.55938848607,0.733079949691,1.),.UNSPECIFIED.);
#4190 = CARTESIAN_POINT('',(3.464101615138,-121.9747032389));
#4191 = CARTESIAN_POINT('',(3.504050392945,-121.97320246));
#4192 = CARTESIAN_POINT('',(3.543965405465,-121.9701466771));
#4193 = CARTESIAN_POINT('',(3.583758149962,-121.9655432206));
#4194 = CARTESIAN_POINT('',(3.62334119696,-121.9594041966));
#4195 = CARTESIAN_POINT('',(3.784188650511,-121.9280522645));
#4196 = CARTESIAN_POINT('',(3.902909024952,-121.8898189758));
#4197 = CARTESIAN_POINT('',(4.016250402773,-121.8375466489));
#4198 = CARTESIAN_POINT('',(4.121689543902,-121.7721536566));
#4199 = CARTESIAN_POINT('',(4.255840582348,-121.6634638702));
#4200 = CARTESIAN_POINT('',(4.293157718844,-121.6298480614));
#4201 = CARTESIAN_POINT('',(4.328554044997,-121.5943711503));
#4202 = CARTESIAN_POINT('',(4.361861310162,-121.5571562082));
#4203 = CARTESIAN_POINT('',(4.440636593805,-121.4587047992));
#4204 = CARTESIAN_POINT('',(4.483037169256,-121.3952959586));
#4205 = CARTESIAN_POINT('',(4.519522217181,-121.3286432548));
#4206 = CARTESIAN_POINT('',(4.549527176259,-121.2593957865));
#4207 = CARTESIAN_POINT('',(4.572614131982,-121.1883460323));
#4208 = ( GEOMETRIC_REPRESENTATION_CONTEXT(2) 
PARAMETRIC_REPRESENTATION_CONTEXT() REPRESENTATION_CONTEXT('2D SPACE',''
  ) );
#4209 = ADVANCED_FACE('',(#4210),#1396,.T.);
#4210 = FACE_BOUND('',#4211,.F.);
#4211 = EDGE_LOOP('',(#4212,#4213,#4242,#4262));
#4212 = ORIENTED_EDGE('',*,*,#4045,.F.);
#4213 = ORIENTED_EDGE('',*,*,#4214,.T.);
#4214 = EDGE_CURVE('',#4046,#4215,#4217,.T.);
#4215 = VERTEX_POINT('',#4216);
#4216 = CARTESIAN_POINT('',(47.,50.,37.1));
#4217 = SURFACE_CURVE('',#4218,(#4223,#4230),.PCURVE_S1.);
#4218 = CIRCLE('',#4219,9.);
#4219 = AXIS2_PLACEMENT_3D('',#4220,#4221,#4222);
#4220 = CARTESIAN_POINT('',(56.,50.,37.1));
#4221 = DIRECTION('',(-0.,-0.,-1.));
#4222 = DIRECTION('',(0.,-1.,0.));
#4223 = PCURVE('',#1396,#4224);
#4224 = DEFINITIONAL_REPRESENTATION('',(#4225),#4229);
#4225 = LINE('',#4226,#4227);
#4226 = CARTESIAN_POINT('',(-0.,3.14159265359));
#4227 = VECTOR('',#4228,1.);
#4228 = DIRECTION('',(-1.,0.));
#4229 = ( GEOMETRIC_REPRESENTATION_CONTEXT(2) 
PARAMETRIC_REPRESENTATION_CONTEXT() REPRESENTATION_CONTEXT('2D SPACE',''
  ) );
#4230 = PCURVE('',#4231,#4236);
#4231 = CYLINDRICAL_SURFACE('',#4232,9.);
#4232 = AXIS2_PLACEMENT_3D('',#4233,#4234,#4235);
#4233 = CARTESIAN_POINT('',(56.,50.,36.1));
#4234 = DIRECTION('',(0.,0.,1.));
#4235 = DIRECTION('',(0.,-1.,0.));
#4236 = DEFINITIONAL_REPRESENTATION('',(#4237),#4241);
#4237 = LINE('',#4238,#4239);
#4238 = CARTESIAN_POINT('',(-0.,1.));
#4239 = VECTOR('',#4240,1.);
#4240 = DIRECTION('',(-1.,0.));
#4241 = ( GEOMETRIC_REPRESENTATION_CONTEXT(2) 
PARAMETRIC_REPRESENTATION_CONTEXT() REPRESENTATION_CONTEXT('2D SPACE',''
  ) );
#4242 = ORIENTED_EDGE('',*,*,#4243,.T.);
#4243 = EDGE_CURVE('',#4215,#1376,#4244,.T.);
#4244 = SURFACE_CURVE('',#4245,(#4250,#4256),.PCURVE_S1.);
#4245 = CIRCLE('',#4246,1.);
#4246 = AXIS2_PLACEMENT_3D('',#4247,#4248,#4249);
#4247 = CARTESIAN_POINT('',(46.,50.,37.1));
#4248 = DIRECTION('',(-6.123233995737E-17,1.,0.));
#4249 = DIRECTION('',(-1.,-6.123233995737E-17,0.));
#4250 = PCURVE('',#1396,#4251);
#4251 = DEFINITIONAL_REPRESENTATION('',(#4252),#4255);
#4252 = B_SPLINE_CURVE_WITH_KNOTS('',1,(#4253,#4254),.UNSPECIFIED.,.F.,
  .F.,(2,2),(3.14159265359,4.712388980385),.PIECEWISE_BEZIER_KNOTS.);
#4253 = CARTESIAN_POINT('',(-1.570796326795,3.14159265359));
#4254 = CARTESIAN_POINT('',(-1.570796326795,4.712388980385));
#4255 = ( GEOMETRIC_REPRESENTATION_CONTEXT(2) 
PARAMETRIC_REPRESENTATION_CONTEXT() REPRESENTATION_CONTEXT('2D SPACE',''
  ) );
#4256 = PCURVE('',#1424,#4257);
#4257 = DEFINITIONAL_REPRESENTATION('',(#4258),#4261);
#4258 = B_SPLINE_CURVE_WITH_KNOTS('',1,(#4259,#4260),.UNSPECIFIED.,.F.,
  .F.,(2,2),(3.14159265359,4.712388980385),.PIECEWISE_BEZIER_KNOTS.);
#4259 = CARTESIAN_POINT('',(0.,0.));
#4260 = CARTESIAN_POINT('',(1.570796326795,0.));
#4261 = ( GEOMETRIC_REPRESENTATION_CONTEXT(2) 
PARAMETRIC_REPRESENTATION_CONTEXT() REPRESENTATION_CONTEXT('2D SPACE',''
  ) );
#4262 = ORIENTED_EDGE('',*,*,#1375,.F.);
#4263 = ADVANCED_FACE('',(#4264),#1424,.T.);
#4264 = FACE_BOUND('',#4265,.T.);
#4265 = EDGE_LOOP('',(#4266,#4267,#4268,#4269));
#4266 = ORIENTED_EDGE('',*,*,#4243,.T.);
#4267 = ORIENTED_EDGE('',*,*,#1408,.T.);
#4268 = ORIENTED_EDGE('',*,*,#4093,.F.);
#4269 = ORIENTED_EDGE('',*,*,#4270,.F.);
#4270 = EDGE_CURVE('',#4215,#4094,#4271,.T.);
#4271 = SURFACE_CURVE('',#4272,(#4276,#4283),.PCURVE_S1.);
#4272 = LINE('',#4273,#4274);
#4273 = CARTESIAN_POINT('',(47.,50.,37.1));
#4274 = VECTOR('',#4275,1.);
#4275 = DIRECTION('',(0.,1.,0.));
#4276 = PCURVE('',#1424,#4277);
#4277 = DEFINITIONAL_REPRESENTATION('',(#4278),#4282);
#4278 = LINE('',#4279,#4280);
#4279 = CARTESIAN_POINT('',(0.,0.));
#4280 = VECTOR('',#4281,1.);
#4281 = DIRECTION('',(0.,1.));
#4282 = ( GEOMETRIC_REPRESENTATION_CONTEXT(2) 
PARAMETRIC_REPRESENTATION_CONTEXT() REPRESENTATION_CONTEXT('2D SPACE',''
  ) );
#4283 = PCURVE('',#4284,#4289);
#4284 = PLANE('',#4285);
#4285 = AXIS2_PLACEMENT_3D('',#4286,#4287,#4288);
#4286 = CARTESIAN_POINT('',(47.,41.,36.1));
#4287 = DIRECTION('',(-1.,0.,0.));
#4288 = DIRECTION('',(0.,1.,0.));
#4289 = DEFINITIONAL_REPRESENTATION('',(#4290),#4294);
#4290 = LINE('',#4291,#4292);
#4291 = CARTESIAN_POINT('',(9.,-1.));
#4292 = VECTOR('',#4293,1.);
#4293 = DIRECTION('',(1.,0.));
#4294 = ( GEOMETRIC_REPRESENTATION_CONTEXT(2) 
PARAMETRIC_REPRESENTATION_CONTEXT() REPRESENTATION_CONTEXT('2D SPACE',''
  ) );
#4295 = ADVANCED_FACE('',(#4296),#1652,.F.);
#4296 = FACE_BOUND('',#4297,.F.);
#4297 = EDGE_LOOP('',(#4298,#4321,#4348,#4349));
#4298 = ORIENTED_EDGE('',*,*,#4299,.T.);
#4299 = EDGE_CURVE('',#1636,#4300,#4302,.T.);
#4300 = VERTEX_POINT('',#4301);
#4301 = CARTESIAN_POINT('',(-49.75,-52.,36.46));
#4302 = SEAM_CURVE('',#4303,(#4307,#4314),.PCURVE_S1.);
#4303 = LINE('',#4304,#4305);
#4304 = CARTESIAN_POINT('',(-49.1,-52.,36.09));
#4305 = VECTOR('',#4306,1.);
#4306 = DIRECTION('',(-0.86906473138,2.128594683074E-16,0.494698385555)
  );
#4307 = PCURVE('',#1652,#4308);
#4308 = DEFINITIONAL_REPRESENTATION('',(#4309),#4313);
#4309 = LINE('',#4310,#4311);
#4310 = CARTESIAN_POINT('',(-6.28318530718,0.));
#4311 = VECTOR('',#4312,1.);
#4312 = DIRECTION('',(-0.,-1.));
#4313 = ( GEOMETRIC_REPRESENTATION_CONTEXT(2) 
PARAMETRIC_REPRESENTATION_CONTEXT() REPRESENTATION_CONTEXT('2D SPACE',''
  ) );
#4314 = PCURVE('',#1652,#4315);
#4315 = DEFINITIONAL_REPRESENTATION('',(#4316),#4320);
#4316 = LINE('',#4317,#4318);
#4317 = CARTESIAN_POINT('',(0.,-0.));
#4318 = VECTOR('',#4319,1.);
#4319 = DIRECTION('',(-0.,-1.));
#4320 = ( GEOMETRIC_REPRESENTATION_CONTEXT(2) 
PARAMETRIC_REPRESENTATION_CONTEXT() REPRESENTATION_CONTEXT('2D SPACE',''
  ) );
#4321 = ORIENTED_EDGE('',*,*,#4322,.F.);
#4322 = EDGE_CURVE('',#4300,#4300,#4323,.T.);
#4323 = SURFACE_CURVE('',#4324,(#4329,#4336),.PCURVE_S1.);
#4324 = CIRCLE('',#4325,0.25);
#4325 = AXIS2_PLACEMENT_3D('',#4326,#4327,#4328);
#4326 = CARTESIAN_POINT('',(-50.,-52.,36.46));
#4327 = DIRECTION('',(0.,0.,1.));
#4328 = DIRECTION('',(1.,0.,-0.));
#4329 = PCURVE('',#1652,#4330);
#4330 = DEFINITIONAL_REPRESENTATION('',(#4331),#4335);
#4331 = LINE('',#4332,#4333);
#4332 = CARTESIAN_POINT('',(-0.,-0.37));
#4333 = VECTOR('',#4334,1.);
#4334 = DIRECTION('',(-1.,-0.));
#4335 = ( GEOMETRIC_REPRESENTATION_CONTEXT(2) 
PARAMETRIC_REPRESENTATION_CONTEXT() REPRESENTATION_CONTEXT('2D SPACE',''
  ) );
#4336 = PCURVE('',#4337,#4342);
#4337 = PLANE('',#4338);
#4338 = AXIS2_PLACEMENT_3D('',#4339,#4340,#4341);
#4339 = CARTESIAN_POINT('',(-50.,-52.,36.46));
#4340 = DIRECTION('',(0.,0.,1.));
#4341 = DIRECTION('',(1.,0.,-0.));
#4342 = DEFINITIONAL_REPRESENTATION('',(#4343),#4347);
#4343 = CIRCLE('',#4344,0.25);
#4344 = AXIS2_PLACEMENT_2D('',#4345,#4346);
#4345 = CARTESIAN_POINT('',(0.,0.));
#4346 = DIRECTION('',(1.,0.));
#4347 = ( GEOMETRIC_REPRESENTATION_CONTEXT(2) 
PARAMETRIC_REPRESENTATION_CONTEXT() REPRESENTATION_CONTEXT('2D SPACE',''
  ) );
#4348 = ORIENTED_EDGE('',*,*,#4299,.F.);
#4349 = ORIENTED_EDGE('',*,*,#1635,.T.);
#4350 = ADVANCED_FACE('',(#4351),#1685,.F.);
#4351 = FACE_BOUND('',#4352,.F.);
#4352 = EDGE_LOOP('',(#4353,#4384,#4403,#4404));
#4353 = ORIENTED_EDGE('',*,*,#4354,.F.);
#4354 = EDGE_CURVE('',#4355,#4357,#4359,.T.);
#4355 = VERTEX_POINT('',#4356);
#4356 = CARTESIAN_POINT('',(32.455107763313,8.696319915445,37.9));
#4357 = VERTEX_POINT('',#4358);
#4358 = CARTESIAN_POINT('',(8.696319915445,32.455107763313,37.9));
#4359 = SURFACE_CURVE('',#4360,(#4365,#4372),.PCURVE_S1.);
#4360 = CIRCLE('',#4361,33.6);
#4361 = AXIS2_PLACEMENT_3D('',#4362,#4363,#4364);
#4362 = CARTESIAN_POINT('',(0.,0.,37.9));
#4363 = DIRECTION('',(0.,0.,1.));
#4364 = DIRECTION('',(1.,0.,-0.));
#4365 = PCURVE('',#1685,#4366);
#4366 = DEFINITIONAL_REPRESENTATION('',(#4367),#4371);
#4367 = LINE('',#4368,#4369);
#4368 = CARTESIAN_POINT('',(-0.,-1.81));
#4369 = VECTOR('',#4370,1.);
#4370 = DIRECTION('',(-1.,-0.));
#4371 = ( GEOMETRIC_REPRESENTATION_CONTEXT(2) 
PARAMETRIC_REPRESENTATION_CONTEXT() REPRESENTATION_CONTEXT('2D SPACE',''
  ) );
#4372 = PCURVE('',#4373,#4378);
#4373 = CYLINDRICAL_SURFACE('',#4374,33.6);
#4374 = AXIS2_PLACEMENT_3D('',#4375,#4376,#4377);
#4375 = CARTESIAN_POINT('',(0.,0.,37.89));
#4376 = DIRECTION('',(0.,0.,1.));
#4377 = DIRECTION('',(1.,0.,-0.));
#4378 = DEFINITIONAL_REPRESENTATION('',(#4379),#4383);
#4379 = LINE('',#4380,#4381);
#4380 = CARTESIAN_POINT('',(0.,9.999999999998E-03));
#4381 = VECTOR('',#4382,1.);
#4382 = DIRECTION('',(1.,0.));
#4383 = ( GEOMETRIC_REPRESENTATION_CONTEXT(2) 
PARAMETRIC_REPRESENTATION_CONTEXT() REPRESENTATION_CONTEXT('2D SPACE',''
  ) );
#4384 = ORIENTED_EDGE('',*,*,#4385,.T.);
#4385 = EDGE_CURVE('',#4355,#1667,#4386,.T.);
#4386 = SURFACE_CURVE('',#4387,(#4391,#4397),.PCURVE_S1.);
#4387 = LINE('',#4388,#4389);
#4388 = CARTESIAN_POINT('',(0.,0.,53.493846153846));
#4389 = VECTOR('',#4390,1.);
#4390 = DIRECTION('',(0.876164668365,0.234767615325,-0.4209746319));
#4391 = PCURVE('',#1685,#4392);
#4392 = DEFINITIONAL_REPRESENTATION('',(#4393),#4396);
#4393 = B_SPLINE_CURVE_WITH_KNOTS('',1,(#4394,#4395),.UNSPECIFIED.,.F.,
  .F.,(2,2),(37.042246663368,41.341793151081),.PIECEWISE_BEZIER_KNOTS.);
#4394 = CARTESIAN_POINT('',(-0.261799387799,-1.81));
#4395 = CARTESIAN_POINT('',(-0.261799387799,0.));
#4396 = ( GEOMETRIC_REPRESENTATION_CONTEXT(2) 
PARAMETRIC_REPRESENTATION_CONTEXT() REPRESENTATION_CONTEXT('2D SPACE',''
  ) );
#4397 = PCURVE('',#1712,#4398);
#4398 = DEFINITIONAL_REPRESENTATION('',(#4399),#4402);
#4399 = B_SPLINE_CURVE_WITH_KNOTS('',1,(#4400,#4401),.UNSPECIFIED.,.F.,
  .F.,(2,2),(37.042246663368,41.341793151081),.PIECEWISE_BEZIER_KNOTS.);
#4400 = CARTESIAN_POINT('',(33.6,-6.8));
#4401 = CARTESIAN_POINT('',(37.5,-4.99));
#4402 = ( GEOMETRIC_REPRESENTATION_CONTEXT(2) 
PARAMETRIC_REPRESENTATION_CONTEXT() REPRESENTATION_CONTEXT('2D SPACE',''
  ) );
#4403 = ORIENTED_EDGE('',*,*,#1666,.T.);
#4404 = ORIENTED_EDGE('',*,*,#4405,.F.);
#4405 = EDGE_CURVE('',#4357,#1669,#4406,.T.);
#4406 = SURFACE_CURVE('',#4407,(#4411,#4417),.PCURVE_S1.);
#4407 = LINE('',#4408,#4409);
#4408 = CARTESIAN_POINT('',(0.,0.,53.493846153846));
#4409 = VECTOR('',#4410,1.);
#4410 = DIRECTION('',(0.234767615325,0.876164668365,-0.4209746319));
#4411 = PCURVE('',#1685,#4412);
#4412 = DEFINITIONAL_REPRESENTATION('',(#4413),#4416);
#4413 = B_SPLINE_CURVE_WITH_KNOTS('',1,(#4414,#4415),.UNSPECIFIED.,.F.,
  .F.,(2,2),(37.042246663368,41.341793151081),.PIECEWISE_BEZIER_KNOTS.);
#4414 = CARTESIAN_POINT('',(-1.308996938996,-1.81));
#4415 = CARTESIAN_POINT('',(-1.308996938996,-2.991204666356E-15));
#4416 = ( GEOMETRIC_REPRESENTATION_CONTEXT(2) 
PARAMETRIC_REPRESENTATION_CONTEXT() REPRESENTATION_CONTEXT('2D SPACE',''
  ) );
#4417 = PCURVE('',#2379,#4418);
#4418 = DEFINITIONAL_REPRESENTATION('',(#4419),#4422);
#4419 = B_SPLINE_CURVE_WITH_KNOTS('',1,(#4420,#4421),.UNSPECIFIED.,.F.,
  .F.,(2,2),(37.042246663368,41.341793151081),.PIECEWISE_BEZIER_KNOTS.);
#4420 = CARTESIAN_POINT('',(26.4,-6.8));
#4421 = CARTESIAN_POINT('',(22.5,-4.99));
#4422 = ( GEOMETRIC_REPRESENTATION_CONTEXT(2) 
PARAMETRIC_REPRESENTATION_CONTEXT() REPRESENTATION_CONTEXT('2D SPACE',''
  ) );
#4423 = ADVANCED_FACE('',(#4424),#1712,.T.);
#4424 = FACE_BOUND('',#4425,.T.);
#4425 = EDGE_LOOP('',(#4426,#4427,#4428,#4449,#4475));
#4426 = ORIENTED_EDGE('',*,*,#4385,.T.);
#4427 = ORIENTED_EDGE('',*,*,#1697,.T.);
#4428 = ORIENTED_EDGE('',*,*,#4429,.T.);
#4429 = EDGE_CURVE('',#1698,#4430,#4432,.T.);
#4430 = VERTEX_POINT('',#4431);
#4431 = CARTESIAN_POINT('',(30.426663528106,8.152799920729,38.5));
#4432 = SURFACE_CURVE('',#4433,(#4437,#4443),.PCURVE_S1.);
#4433 = LINE('',#4434,#4435);
#4434 = CARTESIAN_POINT('',(30.426663528106,8.152799920729,35.1));
#4435 = VECTOR('',#4436,1.);
#4436 = DIRECTION('',(0.,0.,1.));
#4437 = PCURVE('',#1712,#4438);
#4438 = DEFINITIONAL_REPRESENTATION('',(#4439),#4442);
#4439 = B_SPLINE_CURVE_WITH_KNOTS('',1,(#4440,#4441),.UNSPECIFIED.,.F.,
  .F.,(2,2),(0.9999994,3.4000006),.PIECEWISE_BEZIER_KNOTS.);
#4440 = CARTESIAN_POINT('',(31.5,-4.9999994));
#4441 = CARTESIAN_POINT('',(31.5,-7.4000006));
#4442 = ( GEOMETRIC_REPRESENTATION_CONTEXT(2) 
PARAMETRIC_REPRESENTATION_CONTEXT() REPRESENTATION_CONTEXT('2D SPACE',''
  ) );
#4443 = PCURVE('',#1740,#4444);
#4444 = DEFINITIONAL_REPRESENTATION('',(#4445),#4448);
#4445 = B_SPLINE_CURVE_WITH_KNOTS('',1,(#4446,#4447),.UNSPECIFIED.,.F.,
  .F.,(2,2),(1.,3.4),.PIECEWISE_BEZIER_KNOTS.);
#4446 = CARTESIAN_POINT('',(6.544984694979,1.));
#4447 = CARTESIAN_POINT('',(6.544984694979,3.4));
#4448 = ( GEOMETRIC_REPRESENTATION_CONTEXT(2) 
PARAMETRIC_REPRESENTATION_CONTEXT() REPRESENTATION_CONTEXT('2D SPACE',''
  ) );
#4449 = ORIENTED_EDGE('',*,*,#4450,.F.);
#4450 = EDGE_CURVE('',#4451,#4430,#4453,.T.);
#4451 = VERTEX_POINT('',#4452);
#4452 = CARTESIAN_POINT('',(32.455107763313,8.696319915445,38.5));
#4453 = SURFACE_CURVE('',#4454,(#4458,#4464),.PCURVE_S1.);
#4454 = LINE('',#4455,#4456);
#4455 = CARTESIAN_POINT('',(0.,0.,38.5));
#4456 = VECTOR('',#4457,1.);
#4457 = DIRECTION('',(-0.965925826289,-0.258819045103,0.));
#4458 = PCURVE('',#1712,#4459);
#4459 = DEFINITIONAL_REPRESENTATION('',(#4460),#4463);
#4460 = B_SPLINE_CURVE_WITH_KNOTS('',1,(#4461,#4462),.UNSPECIFIED.,.F.,
  .F.,(2,2),(-37.5,-0.),.PIECEWISE_BEZIER_KNOTS.);
#4461 = CARTESIAN_POINT('',(37.5,-7.4));
#4462 = CARTESIAN_POINT('',(0.,-7.4));
#4463 = ( GEOMETRIC_REPRESENTATION_CONTEXT(2) 
PARAMETRIC_REPRESENTATION_CONTEXT() REPRESENTATION_CONTEXT('2D SPACE',''
  ) );
#4464 = PCURVE('',#4465,#4470);
#4465 = PLANE('',#4466);
#4466 = AXIS2_PLACEMENT_3D('',#4467,#4468,#4469);
#4467 = CARTESIAN_POINT('',(0.,0.,38.5));
#4468 = DIRECTION('',(0.,0.,1.));
#4469 = DIRECTION('',(1.,0.,-0.));
#4470 = DEFINITIONAL_REPRESENTATION('',(#4471),#4474);
#4471 = B_SPLINE_CURVE_WITH_KNOTS('',1,(#4472,#4473),.UNSPECIFIED.,.F.,
  .F.,(2,2),(-37.5,-0.),.PIECEWISE_BEZIER_KNOTS.);
#4472 = CARTESIAN_POINT('',(36.22221848584,9.705714191345));
#4473 = CARTESIAN_POINT('',(0.,0.));
#4474 = ( GEOMETRIC_REPRESENTATION_CONTEXT(2) 
PARAMETRIC_REPRESENTATION_CONTEXT() REPRESENTATION_CONTEXT('2D SPACE',''
  ) );
#4475 = ORIENTED_EDGE('',*,*,#4476,.F.);
#4476 = EDGE_CURVE('',#4355,#4451,#4477,.T.);
#4477 = SURFACE_CURVE('',#4478,(#4482,#4488),.PCURVE_S1.);
#4478 = LINE('',#4479,#4480);
#4479 = CARTESIAN_POINT('',(32.455107763313,8.696319915445,37.89));
#4480 = VECTOR('',#4481,1.);
#4481 = DIRECTION('',(0.,0.,1.));
#4482 = PCURVE('',#1712,#4483);
#4483 = DEFINITIONAL_REPRESENTATION('',(#4484),#4487);
#4484 = B_SPLINE_CURVE_WITH_KNOTS('',1,(#4485,#4486),.UNSPECIFIED.,.F.,
  .F.,(2,2),(9.999399999998E-03,0.6200006),.PIECEWISE_BEZIER_KNOTS.);
#4485 = CARTESIAN_POINT('',(33.6,-6.7999994));
#4486 = CARTESIAN_POINT('',(33.6,-7.4100006));
#4487 = ( GEOMETRIC_REPRESENTATION_CONTEXT(2) 
PARAMETRIC_REPRESENTATION_CONTEXT() REPRESENTATION_CONTEXT('2D SPACE',''
  ) );
#4488 = PCURVE('',#4373,#4489);
#4489 = DEFINITIONAL_REPRESENTATION('',(#4490),#4493);
#4490 = B_SPLINE_CURVE_WITH_KNOTS('',1,(#4491,#4492),.UNSPECIFIED.,.F.,
  .F.,(2,2),(9.999399999998E-03,0.6200006),.PIECEWISE_BEZIER_KNOTS.);
#4491 = CARTESIAN_POINT('',(0.261799387799,9.999399999998E-03));
#4492 = CARTESIAN_POINT('',(0.261799387799,0.6200006));
#4493 = ( GEOMETRIC_REPRESENTATION_CONTEXT(2) 
PARAMETRIC_REPRESENTATION_CONTEXT() REPRESENTATION_CONTEXT('2D SPACE',''
  ) );
#4494 = ADVANCED_FACE('',(#4495),#2379,.T.);
#4495 = FACE_BOUND('',#4496,.T.);
#4496 = EDGE_LOOP('',(#4497,#4498,#4499,#4520,#4541));
#4497 = ORIENTED_EDGE('',*,*,#2366,.T.);
#4498 = ORIENTED_EDGE('',*,*,#4405,.F.);
#4499 = ORIENTED_EDGE('',*,*,#4500,.T.);
#4500 = EDGE_CURVE('',#4357,#4501,#4503,.T.);
#4501 = VERTEX_POINT('',#4502);
#4502 = CARTESIAN_POINT('',(8.696319915445,32.455107763313,38.5));
#4503 = SURFACE_CURVE('',#4504,(#4508,#4514),.PCURVE_S1.);
#4504 = LINE('',#4505,#4506);
#4505 = CARTESIAN_POINT('',(8.696319915445,32.455107763313,37.89));
#4506 = VECTOR('',#4507,1.);
#4507 = DIRECTION('',(0.,0.,1.));
#4508 = PCURVE('',#2379,#4509);
#4509 = DEFINITIONAL_REPRESENTATION('',(#4510),#4513);
#4510 = B_SPLINE_CURVE_WITH_KNOTS('',1,(#4511,#4512),.UNSPECIFIED.,.F.,
  .F.,(2,2),(9.999399999998E-03,0.6200006),.PIECEWISE_BEZIER_KNOTS.);
#4511 = CARTESIAN_POINT('',(26.4,-6.7999994));
#4512 = CARTESIAN_POINT('',(26.4,-7.4100006));
#4513 = ( GEOMETRIC_REPRESENTATION_CONTEXT(2) 
PARAMETRIC_REPRESENTATION_CONTEXT() REPRESENTATION_CONTEXT('2D SPACE',''
  ) );
#4514 = PCURVE('',#4373,#4515);
#4515 = DEFINITIONAL_REPRESENTATION('',(#4516),#4519);
#4516 = B_SPLINE_CURVE_WITH_KNOTS('',1,(#4517,#4518),.UNSPECIFIED.,.F.,
  .F.,(2,2),(9.999399999998E-03,0.6200006),.PIECEWISE_BEZIER_KNOTS.);
#4517 = CARTESIAN_POINT('',(1.308996938996,9.999399999998E-03));
#4518 = CARTESIAN_POINT('',(1.308996938996,0.6200006));
#4519 = ( GEOMETRIC_REPRESENTATION_CONTEXT(2) 
PARAMETRIC_REPRESENTATION_CONTEXT() REPRESENTATION_CONTEXT('2D SPACE',''
  ) );
#4520 = ORIENTED_EDGE('',*,*,#4521,.F.);
#4521 = EDGE_CURVE('',#4522,#4501,#4524,.T.);
#4522 = VERTEX_POINT('',#4523);
#4523 = CARTESIAN_POINT('',(8.152799920729,30.426663528106,38.5));
#4524 = SURFACE_CURVE('',#4525,(#4529,#4535),.PCURVE_S1.);
#4525 = LINE('',#4526,#4527);
#4526 = CARTESIAN_POINT('',(7.764571353076,28.977774788672,38.5));
#4527 = VECTOR('',#4528,1.);
#4528 = DIRECTION('',(0.258819045103,0.965925826289,-0.));
#4529 = PCURVE('',#2379,#4530);
#4530 = DEFINITIONAL_REPRESENTATION('',(#4531),#4534);
#4531 = B_SPLINE_CURVE_WITH_KNOTS('',1,(#4532,#4533),.UNSPECIFIED.,.F.,
  .F.,(2,2),(-30.,7.5),.PIECEWISE_BEZIER_KNOTS.);
#4532 = CARTESIAN_POINT('',(60.,-7.4));
#4533 = CARTESIAN_POINT('',(22.5,-7.4));
#4534 = ( GEOMETRIC_REPRESENTATION_CONTEXT(2) 
PARAMETRIC_REPRESENTATION_CONTEXT() REPRESENTATION_CONTEXT('2D SPACE',''
  ) );
#4535 = PCURVE('',#4465,#4536);
#4536 = DEFINITIONAL_REPRESENTATION('',(#4537),#4540);
#4537 = B_SPLINE_CURVE_WITH_KNOTS('',1,(#4538,#4539),.UNSPECIFIED.,.F.,
  .F.,(2,2),(-30.,7.5),.PIECEWISE_BEZIER_KNOTS.);
#4538 = CARTESIAN_POINT('',(1.80768838157E-15,4.541880920389E-15));
#4539 = CARTESIAN_POINT('',(9.705714191345,36.22221848584));
#4540 = ( GEOMETRIC_REPRESENTATION_CONTEXT(2) 
PARAMETRIC_REPRESENTATION_CONTEXT() REPRESENTATION_CONTEXT('2D SPACE',''
  ) );
#4541 = ORIENTED_EDGE('',*,*,#4542,.F.);
#4542 = EDGE_CURVE('',#2343,#4522,#4543,.T.);
#4543 = SURFACE_CURVE('',#4544,(#4548,#4554),.PCURVE_S1.);
#4544 = LINE('',#4545,#4546);
#4545 = CARTESIAN_POINT('',(8.152799920729,30.426663528106,35.1));
#4546 = VECTOR('',#4547,1.);
#4547 = DIRECTION('',(0.,0.,1.));
#4548 = PCURVE('',#2379,#4549);
#4549 = DEFINITIONAL_REPRESENTATION('',(#4550),#4553);
#4550 = B_SPLINE_CURVE_WITH_KNOTS('',1,(#4551,#4552),.UNSPECIFIED.,.F.,
  .F.,(2,2),(0.9999994,3.4000006),.PIECEWISE_BEZIER_KNOTS.);
#4551 = CARTESIAN_POINT('',(28.5,-4.9999994));
#4552 = CARTESIAN_POINT('',(28.5,-7.4000006));
#4553 = ( GEOMETRIC_REPRESENTATION_CONTEXT(2) 
PARAMETRIC_REPRESENTATION_CONTEXT() REPRESENTATION_CONTEXT('2D SPACE',''
  ) );
#4554 = PCURVE('',#2277,#4555);
#4555 = DEFINITIONAL_REPRESENTATION('',(#4556),#4559);
#4556 = B_SPLINE_CURVE_WITH_KNOTS('',1,(#4557,#4558),.UNSPECIFIED.,.F.,
  .F.,(2,2),(1.,3.4),.PIECEWISE_BEZIER_KNOTS.);
#4557 = CARTESIAN_POINT('',(1.308996938996,1.));
#4558 = CARTESIAN_POINT('',(1.308996938996,3.4));
#4559 = ( GEOMETRIC_REPRESENTATION_CONTEXT(2) 
PARAMETRIC_REPRESENTATION_CONTEXT() REPRESENTATION_CONTEXT('2D SPACE',''
  ) );
#4560 = ADVANCED_FACE('',(#4561),#1740,.F.);
#4561 = FACE_BOUND('',#4562,.F.);
#4562 = EDGE_LOOP('',(#4563,#4587,#4606,#4607,#4735,#4736));
#4563 = ORIENTED_EDGE('',*,*,#4564,.F.);
#4564 = EDGE_CURVE('',#4565,#4430,#4567,.T.);
#4565 = VERTEX_POINT('',#4566);
#4566 = CARTESIAN_POINT('',(30.426663528106,-8.152799920729,38.5));
#4567 = SURFACE_CURVE('',#4568,(#4573,#4580),.PCURVE_S1.);
#4568 = CIRCLE('',#4569,31.5);
#4569 = AXIS2_PLACEMENT_3D('',#4570,#4571,#4572);
#4570 = CARTESIAN_POINT('',(0.,0.,38.5));
#4571 = DIRECTION('',(0.,-0.,1.));
#4572 = DIRECTION('',(0.258819045103,0.965925826289,0.));
#4573 = PCURVE('',#1740,#4574);
#4574 = DEFINITIONAL_REPRESENTATION('',(#4575),#4579);
#4575 = LINE('',#4576,#4577);
#4576 = CARTESIAN_POINT('',(1.308996938996,3.4));
#4577 = VECTOR('',#4578,1.);
#4578 = DIRECTION('',(1.,0.));
#4579 = ( GEOMETRIC_REPRESENTATION_CONTEXT(2) 
PARAMETRIC_REPRESENTATION_CONTEXT() REPRESENTATION_CONTEXT('2D SPACE',''
  ) );
#4580 = PCURVE('',#4465,#4581);
#4581 = DEFINITIONAL_REPRESENTATION('',(#4582),#4586);
#4582 = CIRCLE('',#4583,31.5);
#4583 = AXIS2_PLACEMENT_2D('',#4584,#4585);
#4584 = CARTESIAN_POINT('',(0.,0.));
#4585 = DIRECTION('',(0.258819045103,0.965925826289));
#4586 = ( GEOMETRIC_REPRESENTATION_CONTEXT(2) 
PARAMETRIC_REPRESENTATION_CONTEXT() REPRESENTATION_CONTEXT('2D SPACE',''
  ) );
#4587 = ORIENTED_EDGE('',*,*,#4588,.F.);
#4588 = EDGE_CURVE('',#1806,#4565,#4589,.T.);
#4589 = SURFACE_CURVE('',#4590,(#4594,#4600),.PCURVE_S1.);
#4590 = LINE('',#4591,#4592);
#4591 = CARTESIAN_POINT('',(30.426663528106,-8.152799920729,35.1));
#4592 = VECTOR('',#4593,1.);
#4593 = DIRECTION('',(0.,0.,1.));
#4594 = PCURVE('',#1740,#4595);
#4595 = DEFINITIONAL_REPRESENTATION('',(#4596),#4599);
#4596 = B_SPLINE_CURVE_WITH_KNOTS('',1,(#4597,#4598),.UNSPECIFIED.,.F.,
  .F.,(2,2),(0.9999994,3.4000006),.PIECEWISE_BEZIER_KNOTS.);
#4597 = CARTESIAN_POINT('',(6.02138591938,0.9999994));
#4598 = CARTESIAN_POINT('',(6.02138591938,3.4000006));
#4599 = ( GEOMETRIC_REPRESENTATION_CONTEXT(2) 
PARAMETRIC_REPRESENTATION_CONTEXT() REPRESENTATION_CONTEXT('2D SPACE',''
  ) );
#4600 = PCURVE('',#1844,#4601);
#4601 = DEFINITIONAL_REPRESENTATION('',(#4602),#4605);
#4602 = B_SPLINE_CURVE_WITH_KNOTS('',1,(#4603,#4604),.UNSPECIFIED.,.F.,
  .F.,(2,2),(0.9999994,3.4000006),.PIECEWISE_BEZIER_KNOTS.);
#4603 = CARTESIAN_POINT('',(28.5,-4.9999994));
#4604 = CARTESIAN_POINT('',(28.5,-7.4000006));
#4605 = ( GEOMETRIC_REPRESENTATION_CONTEXT(2) 
PARAMETRIC_REPRESENTATION_CONTEXT() REPRESENTATION_CONTEXT('2D SPACE',''
  ) );
#4606 = ORIENTED_EDGE('',*,*,#1805,.T.);
#4607 = ORIENTED_EDGE('',*,*,#4608,.F.);
#4608 = EDGE_CURVE('',#1724,#1782,#4609,.T.);
#4609 = SURFACE_CURVE('',#4610,(#4633,#4684),.PCURVE_S1.);
#4610 = B_SPLINE_CURVE_WITH_KNOTS('',5,(#4611,#4612,#4613,#4614,#4615,
    #4616,#4617,#4618,#4619,#4620,#4621,#4622,#4623,#4624,#4625,#4626,
    #4627,#4628,#4629,#4630,#4631,#4632),.UNSPECIFIED.,.F.,.F.,(6,4,4,4,
    4,6),(0.,0.985551621398,1.189958059609,1.404810258336,1.609800646179
    ,1.912952112374),.UNSPECIFIED.);
#4611 = CARTESIAN_POINT('',(31.458933273236,1.607953719059,
    36.10000099694));
#4612 = CARTESIAN_POINT('',(31.472502656991,1.342467839419,
    36.23610532727));
#4613 = CARTESIAN_POINT('',(31.484279300132,1.057197997324,
    36.360778946988));
#4614 = CARTESIAN_POINT('',(31.493894527688,0.742629169996,
    36.469142528923));
#4615 = CARTESIAN_POINT('',(31.5,0.392572277288,36.54));
#4616 = CARTESIAN_POINT('',(31.5,-8.142069801179E-02,36.54));
#4617 = CARTESIAN_POINT('',(31.499736923512,-0.162856574382,
    36.536974750778));
#4618 = CARTESIAN_POINT('',(31.499210622339,-0.243743500509,
    36.530921673633));
#4619 = CARTESIAN_POINT('',(31.498435312479,-0.32366044118,
    36.52203806616));
#4620 = CARTESIAN_POINT('',(31.496375533711,-0.484932534433,
    36.498580482956));
#4621 = CARTESIAN_POINT('',(31.495066856098,-0.566167355129,
    36.483736243616));
#4622 = CARTESIAN_POINT('',(31.493527628031,-0.645686702336,
    36.466382679198));
#4623 = CARTESIAN_POINT('',(31.491784133033,-0.723394817811,
    36.446886592132));
#4624 = CARTESIAN_POINT('',(31.488018258144,-0.871754993456,
    36.405170651419));
#4625 = CARTESIAN_POINT('',(31.486012514794,-0.942561876253,
    36.383118768501));
#4626 = CARTESIAN_POINT('',(31.483857654773,-1.011770404914,
    36.359636916162));
#4627 = CARTESIAN_POINT('',(31.481568739614,-1.079457065283,
    36.334938315614));
#4628 = CARTESIAN_POINT('',(31.475589528641,-1.243737122359,
    36.271089865716));
#4629 = CARTESIAN_POINT('',(31.47175381702,-1.33863136411,36.2306918663)
  );
#4630 = CARTESIAN_POINT('',(31.467684664483,-1.430768728324,
    36.188498893213));
#4631 = CARTESIAN_POINT('',(31.463406284487,-1.520441788961,
    36.144859539184));
#4632 = CARTESIAN_POINT('',(31.458933333333,-1.607953211038,36.1));
#4633 = PCURVE('',#1740,#4634);
#4634 = DEFINITIONAL_REPRESENTATION('',(#4635),#4683);
#4635 = B_SPLINE_CURVE_WITH_KNOTS('',3,(#4636,#4637,#4638,#4639,#4640,
    #4641,#4642,#4643,#4644,#4645,#4646,#4647,#4648,#4649,#4650,#4651,
    #4652,#4653,#4654,#4655,#4656,#4657,#4658,#4659,#4660,#4661,#4662,
    #4663,#4664,#4665,#4666,#4667,#4668,#4669,#4670,#4671,#4672,#4673,
    #4674,#4675,#4676,#4677,#4678,#4679,#4680,#4681,#4682),
  .UNSPECIFIED.,.F.,.F.,(4,1,1,1,1,1,1,1,1,1,1,1,1,1,1,1,1,1,1,1,1,1,1,1
    ,1,1,1,1,1,1,1,1,1,1,1,1,1,1,1,1,1,1,1,1,4),(0.,4.347618437214E-02,
    8.695236874428E-02,0.130428553116,0.173904737489,0.217380921861,
    0.260857106233,0.304333290605,0.347809474977,0.391285659349,
    0.434761843721,0.478238028094,0.521714212466,0.565190396838,
    0.60866658121,0.652142765582,0.695618949954,0.739095134326,
    0.782571318699,0.826047503071,0.869523687443,0.912999871815,
    0.956476056187,0.999952240559,1.043428424931,1.086904609304,
    1.130380793676,1.173856978048,1.21733316242,1.260809346792,
    1.304285531164,1.347761715536,1.391237899908,1.434714084281,
    1.478190268653,1.521666453025,1.565142637397,1.608618821769,
    1.652095006141,1.695571190513,1.739047374886,1.782523559258,
    1.82599974363,1.869475928002,1.912952112374),.QUASI_UNIFORM_KNOTS.);
#4636 = CARTESIAN_POINT('',(6.334253651653,1.00000099694));
#4637 = CARTESIAN_POINT('',(6.333633189088,1.010007130185));
#4638 = CARTESIAN_POINT('',(6.332384149909,1.029873418847));
#4639 = CARTESIAN_POINT('',(6.33048476487,1.059198055746));
#4640 = CARTESIAN_POINT('',(6.328558052451,1.088013884283));
#4641 = CARTESIAN_POINT('',(6.326602570969,1.116276915976));
#4642 = CARTESIAN_POINT('',(6.324616914262,1.143936728773));
#4643 = CARTESIAN_POINT('',(6.322599714657,1.170935623575));
#4644 = CARTESIAN_POINT('',(6.320549638726,1.197208956029));
#4645 = CARTESIAN_POINT('',(6.31846538497,1.222685153392));
#4646 = CARTESIAN_POINT('',(6.316345680979,1.247285815797));
#4647 = CARTESIAN_POINT('',(6.314189280726,1.270925794889));
#4648 = CARTESIAN_POINT('',(6.311994961814,1.293513278533));
#4649 = CARTESIAN_POINT('',(6.309761522736,1.314949873901));
#4650 = CARTESIAN_POINT('',(6.307487780089,1.335130690943));
#4651 = CARTESIAN_POINT('',(6.305172565947,1.353944425969));
#4652 = CARTESIAN_POINT('',(6.302814724588,1.371273444378));
#4653 = CARTESIAN_POINT('',(6.300413111618,1.386993866705));
#4654 = CARTESIAN_POINT('',(6.297966584128,1.400975642243));
#4655 = CARTESIAN_POINT('',(6.295474024277,1.413082669043));
#4656 = CARTESIAN_POINT('',(6.292934238117,1.423172740839));
#4657 = CARTESIAN_POINT('',(6.290346319988,1.431098139886));
#4658 = CARTESIAN_POINT('',(6.287708279382,1.436703819209));
#4659 = CARTESIAN_POINT('',(6.28502215231,1.439834581333));
#4660 = CARTESIAN_POINT('',(6.28227491219,1.440308681633));
#4661 = CARTESIAN_POINT('',(6.279527258622,1.438029865811));
#4662 = CARTESIAN_POINT('',(6.276792945787,1.433053254261));
#4663 = CARTESIAN_POINT('',(6.27407920903,1.425452333669));
#4664 = CARTESIAN_POINT('',(6.27139376609,1.415340907089));
#4665 = CARTESIAN_POINT('',(6.268743212981,1.402860280973));
#4666 = CARTESIAN_POINT('',(6.266132116859,1.388167083251));
#4667 = CARTESIAN_POINT('',(6.263563825236,1.371426330743));
#4668 = CARTESIAN_POINT('',(6.261040553851,1.352805028781));
#4669 = CARTESIAN_POINT('',(6.258563471022,1.332467075408));
#4670 = CARTESIAN_POINT('',(6.256132845679,1.310567802472));
#4671 = CARTESIAN_POINT('',(6.253748232136,1.287252386252));
#4672 = CARTESIAN_POINT('',(6.251408601156,1.262653576448));
#4673 = CARTESIAN_POINT('',(6.249112687493,1.236893560126));
#4674 = CARTESIAN_POINT('',(6.246858881929,1.210081962435));
#4675 = CARTESIAN_POINT('',(6.244645491551,1.182318003274));
#4676 = CARTESIAN_POINT('',(6.242470726434,1.153690513504));
#4677 = CARTESIAN_POINT('',(6.240332670963,1.124277595288));
#4678 = CARTESIAN_POINT('',(6.238229535703,1.094150426503));
#4679 = CARTESIAN_POINT('',(6.236159568427,1.06337241272));
#4680 = CARTESIAN_POINT('',(6.234121055629,1.032000564763));
#4681 = CARTESIAN_POINT('',(6.232781886785,1.010721934046));
#4682 = CARTESIAN_POINT('',(6.23211697891,1.));
#4683 = ( GEOMETRIC_REPRESENTATION_CONTEXT(2) 
PARAMETRIC_REPRESENTATION_CONTEXT() REPRESENTATION_CONTEXT('2D SPACE',''
  ) );
#4684 = PCURVE('',#1769,#4685);
#4685 = DEFINITIONAL_REPRESENTATION('',(#4686),#4734);
#4686 = B_SPLINE_CURVE_WITH_KNOTS('',3,(#4687,#4688,#4689,#4690,#4691,
    #4692,#4693,#4694,#4695,#4696,#4697,#4698,#4699,#4700,#4701,#4702,
    #4703,#4704,#4705,#4706,#4707,#4708,#4709,#4710,#4711,#4712,#4713,
    #4714,#4715,#4716,#4717,#4718,#4719,#4720,#4721,#4722,#4723,#4724,
    #4725,#4726,#4727,#4728,#4729,#4730,#4731,#4732,#4733),
  .UNSPECIFIED.,.F.,.F.,(4,1,1,1,1,1,1,1,1,1,1,1,1,1,1,1,1,1,1,1,1,1,1,1
    ,1,1,1,1,1,1,1,1,1,1,1,1,1,1,1,1,1,1,1,1,4),(0.,4.347618437214E-02,
    8.695236874428E-02,0.130428553116,0.173904737489,0.217380921861,
    0.260857106233,0.304333290605,0.347809474977,0.391285659349,
    0.434761843721,0.478238028094,0.521714212466,0.565190396838,
    0.60866658121,0.652142765582,0.695618949954,0.739095134326,
    0.782571318699,0.826047503071,0.869523687443,0.912999871815,
    0.956476056187,0.999952240559,1.043428424931,1.086904609304,
    1.130380793676,1.173856978048,1.21733316242,1.260809346792,
    1.304285531164,1.347761715536,1.391237899908,1.434714084281,
    1.478190268653,1.521666453025,1.565142637397,1.608618821769,
    1.652095006141,1.695571190513,1.739047374886,1.782523559258,
    1.82599974363,1.869475928002,1.912952112374),.QUASI_UNIFORM_KNOTS.);
#4687 = CARTESIAN_POINT('',(-2.655213105327,-1.000035317413E-02));
#4688 = CARTESIAN_POINT('',(-2.660093698245,-2.000606508229E-02));
#4689 = CARTESIAN_POINT('',(-2.670009189026,-3.987224169325E-02));
#4690 = CARTESIAN_POINT('',(-2.685367831026,-6.919787025783E-02));
#4691 = CARTESIAN_POINT('',(-2.701234413271,-9.801459034366E-02));
#4692 = CARTESIAN_POINT('',(-2.717631318192,-0.126277950693));
#4693 = CARTESIAN_POINT('',(-2.734580651729,-0.153937430739));
#4694 = CARTESIAN_POINT('',(-2.752104069494,-0.180935556851));
#4695 = CARTESIAN_POINT('',(-2.770222582947,-0.207208093322));
#4696 = CARTESIAN_POINT('',(-2.788956335094,-0.232683953225));
#4697 = CARTESIAN_POINT('',(-2.80832434628,-0.257285195891));
#4698 = CARTESIAN_POINT('',(-2.828344228283,-0.280927016978));
#4699 = CARTESIAN_POINT('',(-2.849031866507,-0.303517761132));
#4700 = CARTESIAN_POINT('',(-2.870401070572,-0.324958954525));
#4701 = CARTESIAN_POINT('',(-2.892463195703,-0.345145363722));
#4702 = CARTESIAN_POINT('',(-2.915226735876,-0.363965085525));
#4703 = CARTESIAN_POINT('',(-2.938696902335,-0.381299672035));
#4704 = CARTESIAN_POINT('',(-2.962875162611,-0.39702429943));
#4705 = CARTESIAN_POINT('',(-2.987758868627,-0.411007972099));
#4706 = CARTESIAN_POINT('',(-3.013340540433,-0.423113815353));
#4707 = CARTESIAN_POINT('',(-3.039608480869,-0.433199277298));
#4708 = CARTESIAN_POINT('',(-3.066542537316,-0.441116924284));
#4709 = CARTESIAN_POINT('',(-3.094128167227,-0.446713284479));
#4710 = CARTESIAN_POINT('',(-3.122302471508,-0.449835240348));
#4711 = CARTESIAN_POINT('',(-3.15115449633,-0.450308504271));
#4712 = CARTESIAN_POINT('',(-3.179992685451,-0.448029912254));
#4713 = CARTESIAN_POINT('',(-3.208617993029,-0.44305324292));
#4714 = CARTESIAN_POINT('',(-3.236903247097,-0.43545233733));
#4715 = CARTESIAN_POINT('',(-3.264721206956,-0.425340900262));
#4716 = CARTESIAN_POINT('',(-3.291962974874,-0.412860303794));
#4717 = CARTESIAN_POINT('',(-3.31854794241,-0.398167089161));
#4718 = CARTESIAN_POINT('',(-3.344415388289,-0.381426300823));
#4719 = CARTESIAN_POINT('',(-3.369523203477,-0.362805056602));
#4720 = CARTESIAN_POINT('',(-3.393846303382,-0.342467076815));
#4721 = CARTESIAN_POINT('',(-3.417374194709,-0.320567807604));
#4722 = CARTESIAN_POINT('',(-3.440108145489,-0.297252385483));
#4723 = CARTESIAN_POINT('',(-3.462058893732,-0.272653571548));
#4724 = CARTESIAN_POINT('',(-3.483242479783,-0.246893566866));
#4725 = CARTESIAN_POINT('',(-3.503680501928,-0.220081963062));
#4726 = CARTESIAN_POINT('',(-3.523397042209,-0.19231799412));
#4727 = CARTESIAN_POINT('',(-3.542418287786,-0.163690508585));
#4728 = CARTESIAN_POINT('',(-3.560772293488,-0.134277603898));
#4729 = CARTESIAN_POINT('',(-3.578486450031,-0.104150433857));
#4730 = CARTESIAN_POINT('',(-3.595588027644,-7.337240480647E-02));
#4731 = CARTESIAN_POINT('',(-3.612103988336,-4.200055482239E-02));
#4732 = CARTESIAN_POINT('',(-3.62274188151,-2.072192910424E-02));
#4733 = CARTESIAN_POINT('',(-3.627972079464,-9.999999999993E-03));
#4734 = ( GEOMETRIC_REPRESENTATION_CONTEXT(2) 
PARAMETRIC_REPRESENTATION_CONTEXT() REPRESENTATION_CONTEXT('2D SPACE',''
  ) );
#4735 = ORIENTED_EDGE('',*,*,#1723,.T.);
#4736 = ORIENTED_EDGE('',*,*,#4429,.T.);
#4737 = ADVANCED_FACE('',(#4738),#2277,.F.);
#4738 = FACE_BOUND('',#4739,.F.);
#4739 = EDGE_LOOP('',(#4740,#4764,#4765,#4766,#4847,#4848));
#4740 = ORIENTED_EDGE('',*,*,#4741,.F.);
#4741 = EDGE_CURVE('',#4522,#4742,#4744,.T.);
#4742 = VERTEX_POINT('',#4743);
#4743 = CARTESIAN_POINT('',(-8.152799920729,30.426663528106,38.5));
#4744 = SURFACE_CURVE('',#4745,(#4750,#4757),.PCURVE_S1.);
#4745 = CIRCLE('',#4746,31.5);
#4746 = AXIS2_PLACEMENT_3D('',#4747,#4748,#4749);
#4747 = CARTESIAN_POINT('',(0.,0.,38.5));
#4748 = DIRECTION('',(0.,-0.,1.));
#4749 = DIRECTION('',(0.258819045103,0.965925826289,0.));
#4750 = PCURVE('',#2277,#4751);
#4751 = DEFINITIONAL_REPRESENTATION('',(#4752),#4756);
#4752 = LINE('',#4753,#4754);
#4753 = CARTESIAN_POINT('',(1.308996938996,3.4));
#4754 = VECTOR('',#4755,1.);
#4755 = DIRECTION('',(1.,0.));
#4756 = ( GEOMETRIC_REPRESENTATION_CONTEXT(2) 
PARAMETRIC_REPRESENTATION_CONTEXT() REPRESENTATION_CONTEXT('2D SPACE',''
  ) );
#4757 = PCURVE('',#4465,#4758);
#4758 = DEFINITIONAL_REPRESENTATION('',(#4759),#4763);
#4759 = CIRCLE('',#4760,31.5);
#4760 = AXIS2_PLACEMENT_2D('',#4761,#4762);
#4761 = CARTESIAN_POINT('',(0.,0.));
#4762 = DIRECTION('',(0.258819045103,0.965925826289));
#4763 = ( GEOMETRIC_REPRESENTATION_CONTEXT(2) 
PARAMETRIC_REPRESENTATION_CONTEXT() REPRESENTATION_CONTEXT('2D SPACE',''
  ) );
#4764 = ORIENTED_EDGE('',*,*,#4542,.F.);
#4765 = ORIENTED_EDGE('',*,*,#2342,.T.);
#4766 = ORIENTED_EDGE('',*,*,#4767,.T.);
#4767 = EDGE_CURVE('',#2319,#2261,#4768,.T.);
#4768 = SURFACE_CURVE('',#4769,(#4793,#4820),.PCURVE_S1.);
#4769 = B_SPLINE_CURVE_WITH_KNOTS('',8,(#4770,#4771,#4772,#4773,#4774,
    #4775,#4776,#4777,#4778,#4779,#4780,#4781,#4782,#4783,#4784,#4785,
    #4786,#4787,#4788,#4789,#4790,#4791,#4792),.UNSPECIFIED.,.F.,.F.,(9,
    7,7,9),(0.,0.344892481693,0.633557650008,1.),.UNSPECIFIED.);
#4770 = CARTESIAN_POINT('',(1.60795438151,31.458933273507,36.0999994));
#4771 = CARTESIAN_POINT('',(1.491750023504,31.464872804418,
    36.159567359503));
#4772 = CARTESIAN_POINT('',(1.372294219505,31.470486632821,
    36.217047534612));
#4773 = CARTESIAN_POINT('',(1.248801674656,31.475767405998,
    36.272222485534));
#4774 = CARTESIAN_POINT('',(1.120630751351,31.48067887144,
    36.324564348699));
#4775 = CARTESIAN_POINT('',(0.987289481926,31.485161709828,
    36.373254397368));
#4776 = CARTESIAN_POINT('',(0.848384834837,31.489135477714,
    36.417152855973));
#4777 = CARTESIAN_POINT('',(0.703627524544,31.492500735094,
    36.454819113979));
#4778 = CARTESIAN_POINT('',(0.426937610599,31.497358969859,
    36.509677274738));
#4779 = CARTESIAN_POINT('',(0.29626079219,31.499076594407,36.5293054598)
  );
#4780 = CARTESIAN_POINT('',(0.162453868364,31.500198490687,
    36.542267708595));
#4781 = CARTESIAN_POINT('',(2.696156538369E-02,31.500660207274,
    36.547636427398));
#4782 = CARTESIAN_POINT('',(-0.108795347162,31.500435288273,
    36.545013998294));
#4783 = CARTESIAN_POINT('',(-0.243359261675,31.499537690043,
    36.534617919924));
#4784 = CARTESIAN_POINT('',(-0.375173380449,31.498023397683,
    36.517266845055));
#4785 = CARTESIAN_POINT('',(-0.664283082826,31.493410216117,
    36.465012286961));
#4786 = CARTESIAN_POINT('',(-0.819577903508,31.489983026465,
    36.426512339138));
#4787 = CARTESIAN_POINT('',(-0.968186769758,31.48584512334,
    36.380638148786));
#4788 = CARTESIAN_POINT('',(-1.110463033808,31.481122893457,
    36.329220275253));
#4789 = CARTESIAN_POINT('',(-1.246817405262,31.475913454787,
    36.273636728283));
#4790 = CARTESIAN_POINT('',(-1.377872086405,31.470291009135,
    36.214902934682));
#4791 = CARTESIAN_POINT('',(-1.504396563252,31.464296492032,
    36.153617094271));
#4792 = CARTESIAN_POINT('',(-1.627371873033,31.457934782609,36.09));
#4793 = PCURVE('',#2277,#4794);
#4794 = DEFINITIONAL_REPRESENTATION('',(#4795),#4819);
#4795 = B_SPLINE_CURVE_WITH_KNOTS('',8,(#4796,#4797,#4798,#4799,#4800,
    #4801,#4802,#4803,#4804,#4805,#4806,#4807,#4808,#4809,#4810,#4811,
    #4812,#4813,#4814,#4815,#4816,#4817,#4818),.UNSPECIFIED.,.F.,.F.,(9,
    7,7,9),(0.,0.344892481693,0.633557650008,1.),.UNSPECIFIED.);
#4796 = CARTESIAN_POINT('',(1.519727961319,0.9999994));
#4797 = CARTESIAN_POINT('',(1.523421804241,1.059567359503));
#4798 = CARTESIAN_POINT('',(1.527218205369,1.117047534612));
#4799 = CARTESIAN_POINT('',(1.531142126659,1.172222485534));
#4800 = CARTESIAN_POINT('',(1.535213948013,1.224564348699));
#4801 = CARTESIAN_POINT('',(1.53944929538,1.273254397368));
#4802 = CARTESIAN_POINT('',(1.543860668676,1.317152855973));
#4803 = CARTESIAN_POINT('',(1.548457306119,1.354819113979));
#4804 = CARTESIAN_POINT('',(1.55724246682,1.409677274738));
#4805 = CARTESIAN_POINT('',(1.561391255167,1.4293054598));
#4806 = CARTESIAN_POINT('',(1.56563916242,1.442267708595));
#4807 = CARTESIAN_POINT('',(1.569940422854,1.447636427398));
#4808 = CARTESIAN_POINT('',(1.574250063379,1.445013998294));
#4809 = CARTESIAN_POINT('',(1.578521945399,1.434617919924));
#4810 = CARTESIAN_POINT('',(1.582706754959,1.417266845055));
#4811 = CARTESIAN_POINT('',(1.591886009091,1.365012286961));
#4812 = CARTESIAN_POINT('',(1.596817111724,1.326512339138));
#4813 = CARTESIAN_POINT('',(1.601536555274,1.280638148786));
#4814 = CARTESIAN_POINT('',(1.606055628489,1.229220275253));
#4815 = CARTESIAN_POINT('',(1.610387396122,1.173636728283));
#4816 = CARTESIAN_POINT('',(1.614551618997,1.114902934682));
#4817 = CARTESIAN_POINT('',(1.618572736593,1.053617094271));
#4818 = CARTESIAN_POINT('',(1.622481935039,0.99));
#4819 = ( GEOMETRIC_REPRESENTATION_CONTEXT(2) 
PARAMETRIC_REPRESENTATION_CONTEXT() REPRESENTATION_CONTEXT('2D SPACE',''
  ) );
#4820 = PCURVE('',#2306,#4821);
#4821 = DEFINITIONAL_REPRESENTATION('',(#4822),#4846);
#4822 = B_SPLINE_CURVE_WITH_KNOTS('',8,(#4823,#4824,#4825,#4826,#4827,
    #4828,#4829,#4830,#4831,#4832,#4833,#4834,#4835,#4836,#4837,#4838,
    #4839,#4840,#4841,#4842,#4843,#4844,#4845),.UNSPECIFIED.,.F.,.F.,(9,
    7,7,9),(0.,0.344892481693,0.633557650008,1.),.UNSPECIFIED.);
#4823 = CARTESIAN_POINT('',(-5.198768698925,-9.999400000028E-03));
#4824 = CARTESIAN_POINT('',(-5.169712909316,-6.956735950309E-02));
#4825 = CARTESIAN_POINT('',(-5.138627396524,-0.127047534612));
#4826 = CARTESIAN_POINT('',(-5.105201103485,-0.182222485535));
#4827 = CARTESIAN_POINT('',(-5.069132167634,-0.234564348699));
#4828 = CARTESIAN_POINT('',(-5.030147233995,-0.283254397368));
#4829 = CARTESIAN_POINT('',(-4.988034673458,-0.327152855973));
#4830 = CARTESIAN_POINT('',(-4.94271721871,-0.364819113979));
#4831 = CARTESIAN_POINT('',(-4.853940633612,-0.419677274738));
#4832 = CARTESIAN_POINT('',(-4.811222013329,-0.4393054598));
#4833 = CARTESIAN_POINT('',(-4.766814112472,-0.452267708595));
#4834 = CARTESIAN_POINT('',(-4.721426989081,-0.457636427398));
#4835 = CARTESIAN_POINT('',(-4.675895625671,-0.455013998294));
#4836 = CARTESIAN_POINT('',(-4.631082051395,-0.444617919924));
#4837 = CARTESIAN_POINT('',(-4.587768480876,-0.427266845055));
#4838 = CARTESIAN_POINT('',(-4.494397457289,-0.375012286961));
#4839 = CARTESIAN_POINT('',(-4.445440360833,-0.336512339138));
#4840 = CARTESIAN_POINT('',(-4.400126206224,-0.290638148786));
#4841 = CARTESIAN_POINT('',(-4.358383020245,-0.239220275253));
#4842 = CARTESIAN_POINT('',(-4.319964101776,-0.183636728283));
#4843 = CARTESIAN_POINT('',(-4.284535389201,-0.124902934682));
#4844 = CARTESIAN_POINT('',(-4.251729429214,-6.361709427073E-02));
#4845 = CARTESIAN_POINT('',(-4.221168970823,0.));
#4846 = ( GEOMETRIC_REPRESENTATION_CONTEXT(2) 
PARAMETRIC_REPRESENTATION_CONTEXT() REPRESENTATION_CONTEXT('2D SPACE',''
  ) );
#4847 = ORIENTED_EDGE('',*,*,#2260,.T.);
#4848 = ORIENTED_EDGE('',*,*,#4849,.T.);
#4849 = EDGE_CURVE('',#2235,#4742,#4850,.T.);
#4850 = SURFACE_CURVE('',#4851,(#4855,#4861),.PCURVE_S1.);
#4851 = LINE('',#4852,#4853);
#4852 = CARTESIAN_POINT('',(-8.152799920729,30.426663528106,35.1));
#4853 = VECTOR('',#4854,1.);
#4854 = DIRECTION('',(0.,0.,1.));
#4855 = PCURVE('',#2277,#4856);
#4856 = DEFINITIONAL_REPRESENTATION('',(#4857),#4860);
#4857 = B_SPLINE_CURVE_WITH_KNOTS('',1,(#4858,#4859),.UNSPECIFIED.,.F.,
  .F.,(2,2),(0.9999994,3.4000006),.PIECEWISE_BEZIER_KNOTS.);
#4858 = CARTESIAN_POINT('',(1.832595714594,0.9999994));
#4859 = CARTESIAN_POINT('',(1.832595714594,3.4000006));
#4860 = ( GEOMETRIC_REPRESENTATION_CONTEXT(2) 
PARAMETRIC_REPRESENTATION_CONTEXT() REPRESENTATION_CONTEXT('2D SPACE',''
  ) );
#4861 = PCURVE('',#2249,#4862);
#4862 = DEFINITIONAL_REPRESENTATION('',(#4863),#4866);
#4863 = B_SPLINE_CURVE_WITH_KNOTS('',1,(#4864,#4865),.UNSPECIFIED.,.F.,
  .F.,(2,2),(0.9999994,3.4000006),.PIECEWISE_BEZIER_KNOTS.);
#4864 = CARTESIAN_POINT('',(31.5,-4.9999994));
#4865 = CARTESIAN_POINT('',(31.5,-7.4000006));
#4866 = ( GEOMETRIC_REPRESENTATION_CONTEXT(2) 
PARAMETRIC_REPRESENTATION_CONTEXT() REPRESENTATION_CONTEXT('2D SPACE',''
  ) );
#4867 = ADVANCED_FACE('',(#4868),#1769,.F.);
#4868 = FACE_BOUND('',#4869,.F.);
#4869 = EDGE_LOOP('',(#4870,#4893,#4920,#4921,#4922,#4923));
#4870 = ORIENTED_EDGE('',*,*,#4871,.T.);
#4871 = EDGE_CURVE('',#1753,#4872,#4874,.T.);
#4872 = VERTEX_POINT('',#4873);
#4873 = CARTESIAN_POINT('',(36.2,-4.163799117101E-16,37.84));
#4874 = SEAM_CURVE('',#4875,(#4879,#4886),.PCURVE_S1.);
#4875 = LINE('',#4876,#4877);
#4876 = CARTESIAN_POINT('',(37.95,-8.450062914117E-16,36.09));
#4877 = VECTOR('',#4878,1.);
#4878 = DIRECTION('',(-0.707106781187,1.731912112471E-16,0.707106781187)
  );
#4879 = PCURVE('',#1769,#4880);
#4880 = DEFINITIONAL_REPRESENTATION('',(#4881),#4885);
#4881 = LINE('',#4882,#4883);
#4882 = CARTESIAN_POINT('',(-6.28318530718,0.));
#4883 = VECTOR('',#4884,1.);
#4884 = DIRECTION('',(-0.,-1.));
#4885 = ( GEOMETRIC_REPRESENTATION_CONTEXT(2) 
PARAMETRIC_REPRESENTATION_CONTEXT() REPRESENTATION_CONTEXT('2D SPACE',''
  ) );
#4886 = PCURVE('',#1769,#4887);
#4887 = DEFINITIONAL_REPRESENTATION('',(#4888),#4892);
#4888 = LINE('',#4889,#4890);
#4889 = CARTESIAN_POINT('',(0.,-0.));
#4890 = VECTOR('',#4891,1.);
#4891 = DIRECTION('',(-0.,-1.));
#4892 = ( GEOMETRIC_REPRESENTATION_CONTEXT(2) 
PARAMETRIC_REPRESENTATION_CONTEXT() REPRESENTATION_CONTEXT('2D SPACE',''
  ) );
#4893 = ORIENTED_EDGE('',*,*,#4894,.F.);
#4894 = EDGE_CURVE('',#4872,#4872,#4895,.T.);
#4895 = SURFACE_CURVE('',#4896,(#4901,#4908),.PCURVE_S1.);
#4896 = CIRCLE('',#4897,1.7);
#4897 = AXIS2_PLACEMENT_3D('',#4898,#4899,#4900);
#4898 = CARTESIAN_POINT('',(34.5,0.,37.84));
#4899 = DIRECTION('',(0.,0.,1.));
#4900 = DIRECTION('',(1.,0.,-0.));
#4901 = PCURVE('',#1769,#4902);
#4902 = DEFINITIONAL_REPRESENTATION('',(#4903),#4907);
#4903 = LINE('',#4904,#4905);
#4904 = CARTESIAN_POINT('',(-0.,-1.75));
#4905 = VECTOR('',#4906,1.);
#4906 = DIRECTION('',(-1.,-0.));
#4907 = ( GEOMETRIC_REPRESENTATION_CONTEXT(2) 
PARAMETRIC_REPRESENTATION_CONTEXT() REPRESENTATION_CONTEXT('2D SPACE',''
  ) );
#4908 = PCURVE('',#4909,#4914);
#4909 = CYLINDRICAL_SURFACE('',#4910,1.7);
#4910 = AXIS2_PLACEMENT_3D('',#4911,#4912,#4913);
#4911 = CARTESIAN_POINT('',(34.5,0.,35.1));
#4912 = DIRECTION('',(0.,0.,1.));
#4913 = DIRECTION('',(1.,0.,-0.));
#4914 = DEFINITIONAL_REPRESENTATION('',(#4915),#4919);
#4915 = LINE('',#4916,#4917);
#4916 = CARTESIAN_POINT('',(0.,2.74));
#4917 = VECTOR('',#4918,1.);
#4918 = DIRECTION('',(1.,0.));
#4919 = ( GEOMETRIC_REPRESENTATION_CONTEXT(2) 
PARAMETRIC_REPRESENTATION_CONTEXT() REPRESENTATION_CONTEXT('2D SPACE',''
  ) );
#4920 = ORIENTED_EDGE('',*,*,#4871,.F.);
#4921 = ORIENTED_EDGE('',*,*,#1752,.T.);
#4922 = ORIENTED_EDGE('',*,*,#4608,.T.);
#4923 = ORIENTED_EDGE('',*,*,#1781,.T.);
#4924 = ADVANCED_FACE('',(#4925),#2306,.F.);
#4925 = FACE_BOUND('',#4926,.F.);
#4926 = EDGE_LOOP('',(#4927,#4950,#4977,#4978,#4979,#4980));
#4927 = ORIENTED_EDGE('',*,*,#4928,.T.);
#4928 = EDGE_CURVE('',#2290,#4929,#4931,.T.);
#4929 = VERTEX_POINT('',#4930);
#4930 = CARTESIAN_POINT('',(1.7,34.5,37.84));
#4931 = SEAM_CURVE('',#4932,(#4936,#4943),.PCURVE_S1.);
#4932 = LINE('',#4933,#4934);
#4933 = CARTESIAN_POINT('',(3.45,34.5,36.09));
#4934 = VECTOR('',#4935,1.);
#4935 = DIRECTION('',(-0.707106781187,1.731912112471E-16,0.707106781187)
  );
#4936 = PCURVE('',#2306,#4937);
#4937 = DEFINITIONAL_REPRESENTATION('',(#4938),#4942);
#4938 = LINE('',#4939,#4940);
#4939 = CARTESIAN_POINT('',(-6.28318530718,0.));
#4940 = VECTOR('',#4941,1.);
#4941 = DIRECTION('',(-0.,-1.));
#4942 = ( GEOMETRIC_REPRESENTATION_CONTEXT(2) 
PARAMETRIC_REPRESENTATION_CONTEXT() REPRESENTATION_CONTEXT('2D SPACE',''
  ) );
#4943 = PCURVE('',#2306,#4944);
#4944 = DEFINITIONAL_REPRESENTATION('',(#4945),#4949);
#4945 = LINE('',#4946,#4947);
#4946 = CARTESIAN_POINT('',(0.,-0.));
#4947 = VECTOR('',#4948,1.);
#4948 = DIRECTION('',(-0.,-1.));
#4949 = ( GEOMETRIC_REPRESENTATION_CONTEXT(2) 
PARAMETRIC_REPRESENTATION_CONTEXT() REPRESENTATION_CONTEXT('2D SPACE',''
  ) );
#4950 = ORIENTED_EDGE('',*,*,#4951,.F.);
#4951 = EDGE_CURVE('',#4929,#4929,#4952,.T.);
#4952 = SURFACE_CURVE('',#4953,(#4958,#4965),.PCURVE_S1.);
#4953 = CIRCLE('',#4954,1.7);
#4954 = AXIS2_PLACEMENT_3D('',#4955,#4956,#4957);
#4955 = CARTESIAN_POINT('',(2.112515728529E-15,34.5,37.84));
#4956 = DIRECTION('',(0.,0.,1.));
#4957 = DIRECTION('',(1.,0.,-0.));
#4958 = PCURVE('',#2306,#4959);
#4959 = DEFINITIONAL_REPRESENTATION('',(#4960),#4964);
#4960 = LINE('',#4961,#4962);
#4961 = CARTESIAN_POINT('',(-0.,-1.75));
#4962 = VECTOR('',#4963,1.);
#4963 = DIRECTION('',(-1.,-0.));
#4964 = ( GEOMETRIC_REPRESENTATION_CONTEXT(2) 
PARAMETRIC_REPRESENTATION_CONTEXT() REPRESENTATION_CONTEXT('2D SPACE',''
  ) );
#4965 = PCURVE('',#4966,#4971);
#4966 = CYLINDRICAL_SURFACE('',#4967,1.7);
#4967 = AXIS2_PLACEMENT_3D('',#4968,#4969,#4970);
#4968 = CARTESIAN_POINT('',(2.112515728529E-15,34.5,35.1));
#4969 = DIRECTION('',(0.,0.,1.));
#4970 = DIRECTION('',(1.,0.,-0.));
#4971 = DEFINITIONAL_REPRESENTATION('',(#4972),#4976);
#4972 = LINE('',#4973,#4974);
#4973 = CARTESIAN_POINT('',(0.,2.74));
#4974 = VECTOR('',#4975,1.);
#4975 = DIRECTION('',(1.,0.));
#4976 = ( GEOMETRIC_REPRESENTATION_CONTEXT(2) 
PARAMETRIC_REPRESENTATION_CONTEXT() REPRESENTATION_CONTEXT('2D SPACE',''
  ) );
#4977 = ORIENTED_EDGE('',*,*,#4928,.F.);
#4978 = ORIENTED_EDGE('',*,*,#2289,.T.);
#4979 = ORIENTED_EDGE('',*,*,#4767,.F.);
#4980 = ORIENTED_EDGE('',*,*,#2318,.T.);
#4981 = ADVANCED_FACE('',(#4982),#1844,.T.);
#4982 = FACE_BOUND('',#4983,.T.);
#4983 = EDGE_LOOP('',(#4984,#4985,#5006,#5032,#5051));
#4984 = ORIENTED_EDGE('',*,*,#1829,.T.);
#4985 = ORIENTED_EDGE('',*,*,#4986,.F.);
#4986 = EDGE_CURVE('',#4987,#1830,#4989,.T.);
#4987 = VERTEX_POINT('',#4988);
#4988 = CARTESIAN_POINT('',(32.455107763313,-8.696319915445,37.9));
#4989 = SURFACE_CURVE('',#4990,(#4994,#5000),.PCURVE_S1.);
#4990 = LINE('',#4991,#4992);
#4991 = CARTESIAN_POINT('',(0.,0.,53.493846153846));
#4992 = VECTOR('',#4993,1.);
#4993 = DIRECTION('',(0.876164668365,-0.234767615325,-0.4209746319));
#4994 = PCURVE('',#1844,#4995);
#4995 = DEFINITIONAL_REPRESENTATION('',(#4996),#4999);
#4996 = B_SPLINE_CURVE_WITH_KNOTS('',1,(#4997,#4998),.UNSPECIFIED.,.F.,
  .F.,(2,2),(37.042246663368,41.341793151081),.PIECEWISE_BEZIER_KNOTS.);
#4997 = CARTESIAN_POINT('',(26.4,-6.8));
#4998 = CARTESIAN_POINT('',(22.5,-4.99));
#4999 = ( GEOMETRIC_REPRESENTATION_CONTEXT(2) 
PARAMETRIC_REPRESENTATION_CONTEXT() REPRESENTATION_CONTEXT('2D SPACE',''
  ) );
#5000 = PCURVE('',#1872,#5001);
#5001 = DEFINITIONAL_REPRESENTATION('',(#5002),#5005);
#5002 = B_SPLINE_CURVE_WITH_KNOTS('',1,(#5003,#5004),.UNSPECIFIED.,.F.,
  .F.,(2,2),(37.042246663368,41.341793151081),.PIECEWISE_BEZIER_KNOTS.);
#5003 = CARTESIAN_POINT('',(-6.02138591938,-1.81));
#5004 = CARTESIAN_POINT('',(-6.02138591938,0.));
#5005 = ( GEOMETRIC_REPRESENTATION_CONTEXT(2) 
PARAMETRIC_REPRESENTATION_CONTEXT() REPRESENTATION_CONTEXT('2D SPACE',''
  ) );
#5006 = ORIENTED_EDGE('',*,*,#5007,.T.);
#5007 = EDGE_CURVE('',#4987,#5008,#5010,.T.);
#5008 = VERTEX_POINT('',#5009);
#5009 = CARTESIAN_POINT('',(32.455107763313,-8.696319915445,38.5));
#5010 = SURFACE_CURVE('',#5011,(#5015,#5021),.PCURVE_S1.);
#5011 = LINE('',#5012,#5013);
#5012 = CARTESIAN_POINT('',(32.455107763313,-8.696319915445,37.89));
#5013 = VECTOR('',#5014,1.);
#5014 = DIRECTION('',(0.,0.,1.));
#5015 = PCURVE('',#1844,#5016);
#5016 = DEFINITIONAL_REPRESENTATION('',(#5017),#5020);
#5017 = B_SPLINE_CURVE_WITH_KNOTS('',1,(#5018,#5019),.UNSPECIFIED.,.F.,
  .F.,(2,2),(9.999399999998E-03,0.6200006),.PIECEWISE_BEZIER_KNOTS.);
#5018 = CARTESIAN_POINT('',(26.4,-6.7999994));
#5019 = CARTESIAN_POINT('',(26.4,-7.4100006));
#5020 = ( GEOMETRIC_REPRESENTATION_CONTEXT(2) 
PARAMETRIC_REPRESENTATION_CONTEXT() REPRESENTATION_CONTEXT('2D SPACE',''
  ) );
#5021 = PCURVE('',#5022,#5027);
#5022 = CYLINDRICAL_SURFACE('',#5023,33.6);
#5023 = AXIS2_PLACEMENT_3D('',#5024,#5025,#5026);
#5024 = CARTESIAN_POINT('',(0.,0.,37.89));
#5025 = DIRECTION('',(0.,0.,1.));
#5026 = DIRECTION('',(1.,0.,-0.));
#5027 = DEFINITIONAL_REPRESENTATION('',(#5028),#5031);
#5028 = B_SPLINE_CURVE_WITH_KNOTS('',1,(#5029,#5030),.UNSPECIFIED.,.F.,
  .F.,(2,2),(9.999399999998E-03,0.6200006),.PIECEWISE_BEZIER_KNOTS.);
#5029 = CARTESIAN_POINT('',(6.02138591938,9.999399999998E-03));
#5030 = CARTESIAN_POINT('',(6.02138591938,0.6200006));
#5031 = ( GEOMETRIC_REPRESENTATION_CONTEXT(2) 
PARAMETRIC_REPRESENTATION_CONTEXT() REPRESENTATION_CONTEXT('2D SPACE',''
  ) );
#5032 = ORIENTED_EDGE('',*,*,#5033,.F.);
#5033 = EDGE_CURVE('',#4565,#5008,#5034,.T.);
#5034 = SURFACE_CURVE('',#5035,(#5039,#5045),.PCURVE_S1.);
#5035 = LINE('',#5036,#5037);
#5036 = CARTESIAN_POINT('',(28.977774788672,-7.764571353076,38.5));
#5037 = VECTOR('',#5038,1.);
#5038 = DIRECTION('',(0.965925826289,-0.258819045103,0.));
#5039 = PCURVE('',#1844,#5040);
#5040 = DEFINITIONAL_REPRESENTATION('',(#5041),#5044);
#5041 = B_SPLINE_CURVE_WITH_KNOTS('',1,(#5042,#5043),.UNSPECIFIED.,.F.,
  .F.,(2,2),(-30.,7.5),.PIECEWISE_BEZIER_KNOTS.);
#5042 = CARTESIAN_POINT('',(60.,-7.4));
#5043 = CARTESIAN_POINT('',(22.5,-7.4));
#5044 = ( GEOMETRIC_REPRESENTATION_CONTEXT(2) 
PARAMETRIC_REPRESENTATION_CONTEXT() REPRESENTATION_CONTEXT('2D SPACE',''
  ) );
#5045 = PCURVE('',#4465,#5046);
#5046 = DEFINITIONAL_REPRESENTATION('',(#5047),#5050);
#5047 = B_SPLINE_CURVE_WITH_KNOTS('',1,(#5048,#5049),.UNSPECIFIED.,.F.,
  .F.,(2,2),(-30.,7.5),.PIECEWISE_BEZIER_KNOTS.);
#5048 = CARTESIAN_POINT('',(-9.42686222874E-15,2.029732986495E-15));
#5049 = CARTESIAN_POINT('',(36.22221848584,-9.705714191345));
#5050 = ( GEOMETRIC_REPRESENTATION_CONTEXT(2) 
PARAMETRIC_REPRESENTATION_CONTEXT() REPRESENTATION_CONTEXT('2D SPACE',''
  ) );
#5051 = ORIENTED_EDGE('',*,*,#4588,.F.);
#5052 = ADVANCED_FACE('',(#5053),#2249,.T.);
#5053 = FACE_BOUND('',#5054,.T.);
#5054 = EDGE_LOOP('',(#5055,#5076,#5077,#5078,#5099));
#5055 = ORIENTED_EDGE('',*,*,#5056,.T.);
#5056 = EDGE_CURVE('',#5057,#2206,#5059,.T.);
#5057 = VERTEX_POINT('',#5058);
#5058 = CARTESIAN_POINT('',(-8.696319915445,32.455107763313,37.9));
#5059 = SURFACE_CURVE('',#5060,(#5064,#5070),.PCURVE_S1.);
#5060 = LINE('',#5061,#5062);
#5061 = CARTESIAN_POINT('',(0.,0.,53.493846153846));
#5062 = VECTOR('',#5063,1.);
#5063 = DIRECTION('',(-0.234767615325,0.876164668365,-0.4209746319));
#5064 = PCURVE('',#2249,#5065);
#5065 = DEFINITIONAL_REPRESENTATION('',(#5066),#5069);
#5066 = B_SPLINE_CURVE_WITH_KNOTS('',1,(#5067,#5068),.UNSPECIFIED.,.F.,
  .F.,(2,2),(37.042246663368,41.341793151081),.PIECEWISE_BEZIER_KNOTS.);
#5067 = CARTESIAN_POINT('',(33.6,-6.8));
#5068 = CARTESIAN_POINT('',(37.5,-4.99));
#5069 = ( GEOMETRIC_REPRESENTATION_CONTEXT(2) 
PARAMETRIC_REPRESENTATION_CONTEXT() REPRESENTATION_CONTEXT('2D SPACE',''
  ) );
#5070 = PCURVE('',#2222,#5071);
#5071 = DEFINITIONAL_REPRESENTATION('',(#5072),#5075);
#5072 = B_SPLINE_CURVE_WITH_KNOTS('',1,(#5073,#5074),.UNSPECIFIED.,.F.,
  .F.,(2,2),(37.042246663368,41.341793151081),.PIECEWISE_BEZIER_KNOTS.);
#5073 = CARTESIAN_POINT('',(-1.832595714594,-1.81));
#5074 = CARTESIAN_POINT('',(-1.832595714594,0.));
#5075 = ( GEOMETRIC_REPRESENTATION_CONTEXT(2) 
PARAMETRIC_REPRESENTATION_CONTEXT() REPRESENTATION_CONTEXT('2D SPACE',''
  ) );
#5076 = ORIENTED_EDGE('',*,*,#2234,.T.);
#5077 = ORIENTED_EDGE('',*,*,#4849,.T.);
#5078 = ORIENTED_EDGE('',*,*,#5079,.F.);
#5079 = EDGE_CURVE('',#5080,#4742,#5082,.T.);
#5080 = VERTEX_POINT('',#5081);
#5081 = CARTESIAN_POINT('',(-8.696319915445,32.455107763313,38.5));
#5082 = SURFACE_CURVE('',#5083,(#5087,#5093),.PCURVE_S1.);
#5083 = LINE('',#5084,#5085);
#5084 = CARTESIAN_POINT('',(0.,0.,38.5));
#5085 = VECTOR('',#5086,1.);
#5086 = DIRECTION('',(0.258819045103,-0.965925826289,0.));
#5087 = PCURVE('',#2249,#5088);
#5088 = DEFINITIONAL_REPRESENTATION('',(#5089),#5092);
#5089 = B_SPLINE_CURVE_WITH_KNOTS('',1,(#5090,#5091),.UNSPECIFIED.,.F.,
  .F.,(2,2),(-37.5,0.),.PIECEWISE_BEZIER_KNOTS.);
#5090 = CARTESIAN_POINT('',(37.5,-7.4));
#5091 = CARTESIAN_POINT('',(0.,-7.4));
#5092 = ( GEOMETRIC_REPRESENTATION_CONTEXT(2) 
PARAMETRIC_REPRESENTATION_CONTEXT() REPRESENTATION_CONTEXT('2D SPACE',''
  ) );
#5093 = PCURVE('',#4465,#5094);
#5094 = DEFINITIONAL_REPRESENTATION('',(#5095),#5098);
#5095 = B_SPLINE_CURVE_WITH_KNOTS('',1,(#5096,#5097),.UNSPECIFIED.,.F.,
  .F.,(2,2),(-37.5,0.),.PIECEWISE_BEZIER_KNOTS.);
#5096 = CARTESIAN_POINT('',(-9.705714191345,36.22221848584));
#5097 = CARTESIAN_POINT('',(0.,0.));
#5098 = ( GEOMETRIC_REPRESENTATION_CONTEXT(2) 
PARAMETRIC_REPRESENTATION_CONTEXT() REPRESENTATION_CONTEXT('2D SPACE',''
  ) );
#5099 = ORIENTED_EDGE('',*,*,#5100,.F.);
#5100 = EDGE_CURVE('',#5057,#5080,#5101,.T.);
#5101 = SURFACE_CURVE('',#5102,(#5106,#5112),.PCURVE_S1.);
#5102 = LINE('',#5103,#5104);
#5103 = CARTESIAN_POINT('',(-8.696319915445,32.455107763313,37.89));
#5104 = VECTOR('',#5105,1.);
#5105 = DIRECTION('',(0.,0.,1.));
#5106 = PCURVE('',#2249,#5107);
#5107 = DEFINITIONAL_REPRESENTATION('',(#5108),#5111);
#5108 = B_SPLINE_CURVE_WITH_KNOTS('',1,(#5109,#5110),.UNSPECIFIED.,.F.,
  .F.,(2,2),(9.999399999998E-03,0.6200006),.PIECEWISE_BEZIER_KNOTS.);
#5109 = CARTESIAN_POINT('',(33.6,-6.7999994));
#5110 = CARTESIAN_POINT('',(33.6,-7.4100006));
#5111 = ( GEOMETRIC_REPRESENTATION_CONTEXT(2) 
PARAMETRIC_REPRESENTATION_CONTEXT() REPRESENTATION_CONTEXT('2D SPACE',''
  ) );
#5112 = PCURVE('',#5113,#5118);
#5113 = CYLINDRICAL_SURFACE('',#5114,33.6);
#5114 = AXIS2_PLACEMENT_3D('',#5115,#5116,#5117);
#5115 = CARTESIAN_POINT('',(0.,0.,37.89));
#5116 = DIRECTION('',(0.,0.,1.));
#5117 = DIRECTION('',(1.,0.,-0.));
#5118 = DEFINITIONAL_REPRESENTATION('',(#5119),#5122);
#5119 = B_SPLINE_CURVE_WITH_KNOTS('',1,(#5120,#5121),.UNSPECIFIED.,.F.,
  .F.,(2,2),(9.999399999998E-03,0.6200006),.PIECEWISE_BEZIER_KNOTS.);
#5120 = CARTESIAN_POINT('',(1.832595714594,9.999399999998E-03));
#5121 = CARTESIAN_POINT('',(1.832595714594,0.6200006));
#5122 = ( GEOMETRIC_REPRESENTATION_CONTEXT(2) 
PARAMETRIC_REPRESENTATION_CONTEXT() REPRESENTATION_CONTEXT('2D SPACE',''
  ) );
#5123 = ADVANCED_FACE('',(#5124),#1872,.F.);
#5124 = FACE_BOUND('',#5125,.F.);
#5125 = EDGE_LOOP('',(#5126,#5150,#5169,#5170));
#5126 = ORIENTED_EDGE('',*,*,#5127,.F.);
#5127 = EDGE_CURVE('',#5128,#4987,#5130,.T.);
#5128 = VERTEX_POINT('',#5129);
#5129 = CARTESIAN_POINT('',(8.696319915445,-32.45510776331,37.9));
#5130 = SURFACE_CURVE('',#5131,(#5136,#5143),.PCURVE_S1.);
#5131 = CIRCLE('',#5132,33.6);
#5132 = AXIS2_PLACEMENT_3D('',#5133,#5134,#5135);
#5133 = CARTESIAN_POINT('',(0.,0.,37.9));
#5134 = DIRECTION('',(0.,0.,1.));
#5135 = DIRECTION('',(1.,0.,-0.));
#5136 = PCURVE('',#1872,#5137);
#5137 = DEFINITIONAL_REPRESENTATION('',(#5138),#5142);
#5138 = LINE('',#5139,#5140);
#5139 = CARTESIAN_POINT('',(-0.,-1.81));
#5140 = VECTOR('',#5141,1.);
#5141 = DIRECTION('',(-1.,-0.));
#5142 = ( GEOMETRIC_REPRESENTATION_CONTEXT(2) 
PARAMETRIC_REPRESENTATION_CONTEXT() REPRESENTATION_CONTEXT('2D SPACE',''
  ) );
#5143 = PCURVE('',#5022,#5144);
#5144 = DEFINITIONAL_REPRESENTATION('',(#5145),#5149);
#5145 = LINE('',#5146,#5147);
#5146 = CARTESIAN_POINT('',(0.,9.999999999998E-03));
#5147 = VECTOR('',#5148,1.);
#5148 = DIRECTION('',(1.,0.));
#5149 = ( GEOMETRIC_REPRESENTATION_CONTEXT(2) 
PARAMETRIC_REPRESENTATION_CONTEXT() REPRESENTATION_CONTEXT('2D SPACE',''
  ) );
#5150 = ORIENTED_EDGE('',*,*,#5151,.T.);
#5151 = EDGE_CURVE('',#5128,#1856,#5152,.T.);
#5152 = SURFACE_CURVE('',#5153,(#5157,#5163),.PCURVE_S1.);
#5153 = LINE('',#5154,#5155);
#5154 = CARTESIAN_POINT('',(0.,0.,53.493846153846));
#5155 = VECTOR('',#5156,1.);
#5156 = DIRECTION('',(0.234767615325,-0.876164668365,-0.4209746319));
#5157 = PCURVE('',#1872,#5158);
#5158 = DEFINITIONAL_REPRESENTATION('',(#5159),#5162);
#5159 = B_SPLINE_CURVE_WITH_KNOTS('',1,(#5160,#5161),.UNSPECIFIED.,.F.,
  .F.,(2,2),(37.042246663368,41.341793151081),.PIECEWISE_BEZIER_KNOTS.);
#5160 = CARTESIAN_POINT('',(-4.974188368184,-1.81));
#5161 = CARTESIAN_POINT('',(-4.974188368184,0.));
#5162 = ( GEOMETRIC_REPRESENTATION_CONTEXT(2) 
PARAMETRIC_REPRESENTATION_CONTEXT() REPRESENTATION_CONTEXT('2D SPACE',''
  ) );
#5163 = PCURVE('',#1899,#5164);
#5164 = DEFINITIONAL_REPRESENTATION('',(#5165),#5168);
#5165 = B_SPLINE_CURVE_WITH_KNOTS('',1,(#5166,#5167),.UNSPECIFIED.,.F.,
  .F.,(2,2),(37.042246663368,41.341793151081),.PIECEWISE_BEZIER_KNOTS.);
#5166 = CARTESIAN_POINT('',(33.6,-6.8));
#5167 = CARTESIAN_POINT('',(37.5,-4.99));
#5168 = ( GEOMETRIC_REPRESENTATION_CONTEXT(2) 
PARAMETRIC_REPRESENTATION_CONTEXT() REPRESENTATION_CONTEXT('2D SPACE',''
  ) );
#5169 = ORIENTED_EDGE('',*,*,#1855,.T.);
#5170 = ORIENTED_EDGE('',*,*,#4986,.F.);
#5171 = ADVANCED_FACE('',(#5172),#2222,.F.);
#5172 = FACE_BOUND('',#5173,.F.);
#5173 = EDGE_LOOP('',(#5174,#5198,#5199,#5200));
#5174 = ORIENTED_EDGE('',*,*,#5175,.F.);
#5175 = EDGE_CURVE('',#5057,#5176,#5178,.T.);
#5176 = VERTEX_POINT('',#5177);
#5177 = CARTESIAN_POINT('',(-32.45510776331,8.696319915445,37.9));
#5178 = SURFACE_CURVE('',#5179,(#5184,#5191),.PCURVE_S1.);
#5179 = CIRCLE('',#5180,33.6);
#5180 = AXIS2_PLACEMENT_3D('',#5181,#5182,#5183);
#5181 = CARTESIAN_POINT('',(0.,0.,37.9));
#5182 = DIRECTION('',(0.,0.,1.));
#5183 = DIRECTION('',(1.,0.,-0.));
#5184 = PCURVE('',#2222,#5185);
#5185 = DEFINITIONAL_REPRESENTATION('',(#5186),#5190);
#5186 = LINE('',#5187,#5188);
#5187 = CARTESIAN_POINT('',(-0.,-1.81));
#5188 = VECTOR('',#5189,1.);
#5189 = DIRECTION('',(-1.,-0.));
#5190 = ( GEOMETRIC_REPRESENTATION_CONTEXT(2) 
PARAMETRIC_REPRESENTATION_CONTEXT() REPRESENTATION_CONTEXT('2D SPACE',''
  ) );
#5191 = PCURVE('',#5113,#5192);
#5192 = DEFINITIONAL_REPRESENTATION('',(#5193),#5197);
#5193 = LINE('',#5194,#5195);
#5194 = CARTESIAN_POINT('',(0.,9.999999999998E-03));
#5195 = VECTOR('',#5196,1.);
#5196 = DIRECTION('',(1.,0.));
#5197 = ( GEOMETRIC_REPRESENTATION_CONTEXT(2) 
PARAMETRIC_REPRESENTATION_CONTEXT() REPRESENTATION_CONTEXT('2D SPACE',''
  ) );
#5198 = ORIENTED_EDGE('',*,*,#5056,.T.);
#5199 = ORIENTED_EDGE('',*,*,#2205,.T.);
#5200 = ORIENTED_EDGE('',*,*,#5201,.F.);
#5201 = EDGE_CURVE('',#5176,#2180,#5202,.T.);
#5202 = SURFACE_CURVE('',#5203,(#5207,#5213),.PCURVE_S1.);
#5203 = LINE('',#5204,#5205);
#5204 = CARTESIAN_POINT('',(0.,0.,53.493846153846));
#5205 = VECTOR('',#5206,1.);
#5206 = DIRECTION('',(-0.876164668365,0.234767615325,-0.4209746319));
#5207 = PCURVE('',#2222,#5208);
#5208 = DEFINITIONAL_REPRESENTATION('',(#5209),#5212);
#5209 = B_SPLINE_CURVE_WITH_KNOTS('',1,(#5210,#5211),.UNSPECIFIED.,.F.,
  .F.,(2,2),(37.042246663368,41.341793151081),.PIECEWISE_BEZIER_KNOTS.);
#5210 = CARTESIAN_POINT('',(-2.879793265791,-1.81));
#5211 = CARTESIAN_POINT('',(-2.879793265791,0.));
#5212 = ( GEOMETRIC_REPRESENTATION_CONTEXT(2) 
PARAMETRIC_REPRESENTATION_CONTEXT() REPRESENTATION_CONTEXT('2D SPACE',''
  ) );
#5213 = PCURVE('',#2194,#5214);
#5214 = DEFINITIONAL_REPRESENTATION('',(#5215),#5218);
#5215 = B_SPLINE_CURVE_WITH_KNOTS('',1,(#5216,#5217),.UNSPECIFIED.,.F.,
  .F.,(2,2),(37.042246663368,41.341793151081),.PIECEWISE_BEZIER_KNOTS.);
#5216 = CARTESIAN_POINT('',(26.4,-6.8));
#5217 = CARTESIAN_POINT('',(22.5,-4.99));
#5218 = ( GEOMETRIC_REPRESENTATION_CONTEXT(2) 
PARAMETRIC_REPRESENTATION_CONTEXT() REPRESENTATION_CONTEXT('2D SPACE',''
  ) );
#5219 = ADVANCED_FACE('',(#5220),#1899,.T.);
#5220 = FACE_BOUND('',#5221,.T.);
#5221 = EDGE_LOOP('',(#5222,#5223,#5224,#5245,#5266));
#5222 = ORIENTED_EDGE('',*,*,#5151,.T.);
#5223 = ORIENTED_EDGE('',*,*,#1884,.T.);
#5224 = ORIENTED_EDGE('',*,*,#5225,.T.);
#5225 = EDGE_CURVE('',#1885,#5226,#5228,.T.);
#5226 = VERTEX_POINT('',#5227);
#5227 = CARTESIAN_POINT('',(8.152799920729,-30.4266635281,38.5));
#5228 = SURFACE_CURVE('',#5229,(#5233,#5239),.PCURVE_S1.);
#5229 = LINE('',#5230,#5231);
#5230 = CARTESIAN_POINT('',(8.152799920729,-30.4266635281,35.1));
#5231 = VECTOR('',#5232,1.);
#5232 = DIRECTION('',(0.,0.,1.));
#5233 = PCURVE('',#1899,#5234);
#5234 = DEFINITIONAL_REPRESENTATION('',(#5235),#5238);
#5235 = B_SPLINE_CURVE_WITH_KNOTS('',1,(#5236,#5237),.UNSPECIFIED.,.F.,
  .F.,(2,2),(0.9999994,3.4000006),.PIECEWISE_BEZIER_KNOTS.);
#5236 = CARTESIAN_POINT('',(31.5,-4.9999994));
#5237 = CARTESIAN_POINT('',(31.5,-7.4000006));
#5238 = ( GEOMETRIC_REPRESENTATION_CONTEXT(2) 
PARAMETRIC_REPRESENTATION_CONTEXT() REPRESENTATION_CONTEXT('2D SPACE',''
  ) );
#5239 = PCURVE('',#1927,#5240);
#5240 = DEFINITIONAL_REPRESENTATION('',(#5241),#5244);
#5241 = B_SPLINE_CURVE_WITH_KNOTS('',1,(#5242,#5243),.UNSPECIFIED.,.F.,
  .F.,(2,2),(0.9999994,3.4000006),.PIECEWISE_BEZIER_KNOTS.);
#5242 = CARTESIAN_POINT('',(4.974188368184,0.9999994));
#5243 = CARTESIAN_POINT('',(4.974188368184,3.4000006));
#5244 = ( GEOMETRIC_REPRESENTATION_CONTEXT(2) 
PARAMETRIC_REPRESENTATION_CONTEXT() REPRESENTATION_CONTEXT('2D SPACE',''
  ) );
#5245 = ORIENTED_EDGE('',*,*,#5246,.F.);
#5246 = EDGE_CURVE('',#5247,#5226,#5249,.T.);
#5247 = VERTEX_POINT('',#5248);
#5248 = CARTESIAN_POINT('',(8.696319915445,-32.45510776331,38.5));
#5249 = SURFACE_CURVE('',#5250,(#5254,#5260),.PCURVE_S1.);
#5250 = LINE('',#5251,#5252);
#5251 = CARTESIAN_POINT('',(0.,0.,38.5));
#5252 = VECTOR('',#5253,1.);
#5253 = DIRECTION('',(-0.258819045103,0.965925826289,0.));
#5254 = PCURVE('',#1899,#5255);
#5255 = DEFINITIONAL_REPRESENTATION('',(#5256),#5259);
#5256 = B_SPLINE_CURVE_WITH_KNOTS('',1,(#5257,#5258),.UNSPECIFIED.,.F.,
  .F.,(2,2),(-37.5,-0.),.PIECEWISE_BEZIER_KNOTS.);
#5257 = CARTESIAN_POINT('',(37.5,-7.4));
#5258 = CARTESIAN_POINT('',(0.,-7.4));
#5259 = ( GEOMETRIC_REPRESENTATION_CONTEXT(2) 
PARAMETRIC_REPRESENTATION_CONTEXT() REPRESENTATION_CONTEXT('2D SPACE',''
  ) );
#5260 = PCURVE('',#4465,#5261);
#5261 = DEFINITIONAL_REPRESENTATION('',(#5262),#5265);
#5262 = B_SPLINE_CURVE_WITH_KNOTS('',1,(#5263,#5264),.UNSPECIFIED.,.F.,
  .F.,(2,2),(-37.5,-0.),.PIECEWISE_BEZIER_KNOTS.);
#5263 = CARTESIAN_POINT('',(9.705714191345,-36.22221848584));
#5264 = CARTESIAN_POINT('',(0.,0.));
#5265 = ( GEOMETRIC_REPRESENTATION_CONTEXT(2) 
PARAMETRIC_REPRESENTATION_CONTEXT() REPRESENTATION_CONTEXT('2D SPACE',''
  ) );
#5266 = ORIENTED_EDGE('',*,*,#5267,.F.);
#5267 = EDGE_CURVE('',#5128,#5247,#5268,.T.);
#5268 = SURFACE_CURVE('',#5269,(#5273,#5279),.PCURVE_S1.);
#5269 = LINE('',#5270,#5271);
#5270 = CARTESIAN_POINT('',(8.696319915445,-32.45510776331,37.89));
#5271 = VECTOR('',#5272,1.);
#5272 = DIRECTION('',(0.,0.,1.));
#5273 = PCURVE('',#1899,#5274);
#5274 = DEFINITIONAL_REPRESENTATION('',(#5275),#5278);
#5275 = B_SPLINE_CURVE_WITH_KNOTS('',1,(#5276,#5277),.UNSPECIFIED.,.F.,
  .F.,(2,2),(9.999399999998E-03,0.6200006),.PIECEWISE_BEZIER_KNOTS.);
#5276 = CARTESIAN_POINT('',(33.6,-6.7999994));
#5277 = CARTESIAN_POINT('',(33.6,-7.4100006));
#5278 = ( GEOMETRIC_REPRESENTATION_CONTEXT(2) 
PARAMETRIC_REPRESENTATION_CONTEXT() REPRESENTATION_CONTEXT('2D SPACE',''
  ) );
#5279 = PCURVE('',#5022,#5280);
#5280 = DEFINITIONAL_REPRESENTATION('',(#5281),#5284);
#5281 = B_SPLINE_CURVE_WITH_KNOTS('',1,(#5282,#5283),.UNSPECIFIED.,.F.,
  .F.,(2,2),(9.999399999998E-03,0.6200006),.PIECEWISE_BEZIER_KNOTS.);
#5282 = CARTESIAN_POINT('',(4.974188368184,9.999399999998E-03));
#5283 = CARTESIAN_POINT('',(4.974188368184,0.6200006));
#5284 = ( GEOMETRIC_REPRESENTATION_CONTEXT(2) 
PARAMETRIC_REPRESENTATION_CONTEXT() REPRESENTATION_CONTEXT('2D SPACE',''
  ) );
#5285 = ADVANCED_FACE('',(#5286),#2194,.T.);
#5286 = FACE_BOUND('',#5287,.T.);
#5287 = EDGE_LOOP('',(#5288,#5289,#5290,#5311,#5332));
#5288 = ORIENTED_EDGE('',*,*,#2179,.T.);
#5289 = ORIENTED_EDGE('',*,*,#5201,.F.);
#5290 = ORIENTED_EDGE('',*,*,#5291,.T.);
#5291 = EDGE_CURVE('',#5176,#5292,#5294,.T.);
#5292 = VERTEX_POINT('',#5293);
#5293 = CARTESIAN_POINT('',(-32.45510776331,8.696319915445,38.5));
#5294 = SURFACE_CURVE('',#5295,(#5299,#5305),.PCURVE_S1.);
#5295 = LINE('',#5296,#5297);
#5296 = CARTESIAN_POINT('',(-32.45510776331,8.696319915445,37.89));
#5297 = VECTOR('',#5298,1.);
#5298 = DIRECTION('',(0.,0.,1.));
#5299 = PCURVE('',#2194,#5300);
#5300 = DEFINITIONAL_REPRESENTATION('',(#5301),#5304);
#5301 = B_SPLINE_CURVE_WITH_KNOTS('',1,(#5302,#5303),.UNSPECIFIED.,.F.,
  .F.,(2,2),(9.999399999998E-03,0.6200006),.PIECEWISE_BEZIER_KNOTS.);
#5302 = CARTESIAN_POINT('',(26.4,-6.7999994));
#5303 = CARTESIAN_POINT('',(26.4,-7.4100006));
#5304 = ( GEOMETRIC_REPRESENTATION_CONTEXT(2) 
PARAMETRIC_REPRESENTATION_CONTEXT() REPRESENTATION_CONTEXT('2D SPACE',''
  ) );
#5305 = PCURVE('',#5113,#5306);
#5306 = DEFINITIONAL_REPRESENTATION('',(#5307),#5310);
#5307 = B_SPLINE_CURVE_WITH_KNOTS('',1,(#5308,#5309),.UNSPECIFIED.,.F.,
  .F.,(2,2),(9.999399999998E-03,0.6200006),.PIECEWISE_BEZIER_KNOTS.);
#5308 = CARTESIAN_POINT('',(2.879793265791,9.999399999998E-03));
#5309 = CARTESIAN_POINT('',(2.879793265791,0.6200006));
#5310 = ( GEOMETRIC_REPRESENTATION_CONTEXT(2) 
PARAMETRIC_REPRESENTATION_CONTEXT() REPRESENTATION_CONTEXT('2D SPACE',''
  ) );
#5311 = ORIENTED_EDGE('',*,*,#5312,.F.);
#5312 = EDGE_CURVE('',#5313,#5292,#5315,.T.);
#5313 = VERTEX_POINT('',#5314);
#5314 = CARTESIAN_POINT('',(-30.4266635281,8.152799920729,38.5));
#5315 = SURFACE_CURVE('',#5316,(#5320,#5326),.PCURVE_S1.);
#5316 = LINE('',#5317,#5318);
#5317 = CARTESIAN_POINT('',(-28.97777478867,7.764571353076,38.5));
#5318 = VECTOR('',#5319,1.);
#5319 = DIRECTION('',(-0.965925826289,0.258819045103,0.));
#5320 = PCURVE('',#2194,#5321);
#5321 = DEFINITIONAL_REPRESENTATION('',(#5322),#5325);
#5322 = B_SPLINE_CURVE_WITH_KNOTS('',1,(#5323,#5324),.UNSPECIFIED.,.F.,
  .F.,(2,2),(-30.,7.5),.PIECEWISE_BEZIER_KNOTS.);
#5323 = CARTESIAN_POINT('',(60.,-7.4));
#5324 = CARTESIAN_POINT('',(22.5,-7.4));
#5325 = ( GEOMETRIC_REPRESENTATION_CONTEXT(2) 
PARAMETRIC_REPRESENTATION_CONTEXT() REPRESENTATION_CONTEXT('2D SPACE',''
  ) );
#5326 = PCURVE('',#4465,#5327);
#5327 = DEFINITIONAL_REPRESENTATION('',(#5328),#5331);
#5328 = B_SPLINE_CURVE_WITH_KNOTS('',1,(#5329,#5330),.UNSPECIFIED.,.F.,
  .F.,(2,2),(-30.,7.5),.PIECEWISE_BEZIER_KNOTS.);
#5329 = CARTESIAN_POINT('',(-9.891672415885E-16,-1.189913784918E-15));
#5330 = CARTESIAN_POINT('',(-36.22221848584,9.705714191345));
#5331 = ( GEOMETRIC_REPRESENTATION_CONTEXT(2) 
PARAMETRIC_REPRESENTATION_CONTEXT() REPRESENTATION_CONTEXT('2D SPACE',''
  ) );
#5332 = ORIENTED_EDGE('',*,*,#5333,.F.);
#5333 = EDGE_CURVE('',#2156,#5313,#5334,.T.);
#5334 = SURFACE_CURVE('',#5335,(#5339,#5345),.PCURVE_S1.);
#5335 = LINE('',#5336,#5337);
#5336 = CARTESIAN_POINT('',(-30.4266635281,8.152799920729,35.1));
#5337 = VECTOR('',#5338,1.);
#5338 = DIRECTION('',(0.,0.,1.));
#5339 = PCURVE('',#2194,#5340);
#5340 = DEFINITIONAL_REPRESENTATION('',(#5341),#5344);
#5341 = B_SPLINE_CURVE_WITH_KNOTS('',1,(#5342,#5343),.UNSPECIFIED.,.F.,
  .F.,(2,2),(0.9999994,3.4000006),.PIECEWISE_BEZIER_KNOTS.);
#5342 = CARTESIAN_POINT('',(28.5,-4.9999994));
#5343 = CARTESIAN_POINT('',(28.5,-7.4000006));
#5344 = ( GEOMETRIC_REPRESENTATION_CONTEXT(2) 
PARAMETRIC_REPRESENTATION_CONTEXT() REPRESENTATION_CONTEXT('2D SPACE',''
  ) );
#5345 = PCURVE('',#2114,#5346);
#5346 = DEFINITIONAL_REPRESENTATION('',(#5347),#5350);
#5347 = B_SPLINE_CURVE_WITH_KNOTS('',1,(#5348,#5349),.UNSPECIFIED.,.F.,
  .F.,(2,2),(0.9999994,3.4000006),.PIECEWISE_BEZIER_KNOTS.);
#5348 = CARTESIAN_POINT('',(2.879793265791,0.9999994));
#5349 = CARTESIAN_POINT('',(2.879793265791,3.4000006));
#5350 = ( GEOMETRIC_REPRESENTATION_CONTEXT(2) 
PARAMETRIC_REPRESENTATION_CONTEXT() REPRESENTATION_CONTEXT('2D SPACE',''
  ) );
#5351 = ADVANCED_FACE('',(#5352),#1927,.F.);
#5352 = FACE_BOUND('',#5353,.F.);
#5353 = EDGE_LOOP('',(#5354,#5378,#5397,#5398,#5500,#5501));
#5354 = ORIENTED_EDGE('',*,*,#5355,.F.);
#5355 = EDGE_CURVE('',#5356,#5226,#5358,.T.);
#5356 = VERTEX_POINT('',#5357);
#5357 = CARTESIAN_POINT('',(-8.152799920729,-30.4266635281,38.5));
#5358 = SURFACE_CURVE('',#5359,(#5364,#5371),.PCURVE_S1.);
#5359 = CIRCLE('',#5360,31.5);
#5360 = AXIS2_PLACEMENT_3D('',#5361,#5362,#5363);
#5361 = CARTESIAN_POINT('',(0.,0.,38.5));
#5362 = DIRECTION('',(0.,-0.,1.));
#5363 = DIRECTION('',(0.258819045103,0.965925826289,0.));
#5364 = PCURVE('',#1927,#5365);
#5365 = DEFINITIONAL_REPRESENTATION('',(#5366),#5370);
#5366 = LINE('',#5367,#5368);
#5367 = CARTESIAN_POINT('',(1.308996938996,3.4));
#5368 = VECTOR('',#5369,1.);
#5369 = DIRECTION('',(1.,0.));
#5370 = ( GEOMETRIC_REPRESENTATION_CONTEXT(2) 
PARAMETRIC_REPRESENTATION_CONTEXT() REPRESENTATION_CONTEXT('2D SPACE',''
  ) );
#5371 = PCURVE('',#4465,#5372);
#5372 = DEFINITIONAL_REPRESENTATION('',(#5373),#5377);
#5373 = CIRCLE('',#5374,31.5);
#5374 = AXIS2_PLACEMENT_2D('',#5375,#5376);
#5375 = CARTESIAN_POINT('',(0.,0.));
#5376 = DIRECTION('',(0.258819045103,0.965925826289));
#5377 = ( GEOMETRIC_REPRESENTATION_CONTEXT(2) 
PARAMETRIC_REPRESENTATION_CONTEXT() REPRESENTATION_CONTEXT('2D SPACE',''
  ) );
#5378 = ORIENTED_EDGE('',*,*,#5379,.F.);
#5379 = EDGE_CURVE('',#1993,#5356,#5380,.T.);
#5380 = SURFACE_CURVE('',#5381,(#5385,#5391),.PCURVE_S1.);
#5381 = LINE('',#5382,#5383);
#5382 = CARTESIAN_POINT('',(-8.152799920729,-30.4266635281,35.1));
#5383 = VECTOR('',#5384,1.);
#5384 = DIRECTION('',(0.,0.,1.));
#5385 = PCURVE('',#1927,#5386);
#5386 = DEFINITIONAL_REPRESENTATION('',(#5387),#5390);
#5387 = B_SPLINE_CURVE_WITH_KNOTS('',1,(#5388,#5389),.UNSPECIFIED.,.F.,
  .F.,(2,2),(0.9999994,3.4000006),.PIECEWISE_BEZIER_KNOTS.);
#5388 = CARTESIAN_POINT('',(4.450589592586,0.9999994));
#5389 = CARTESIAN_POINT('',(4.450589592586,3.4000006));
#5390 = ( GEOMETRIC_REPRESENTATION_CONTEXT(2) 
PARAMETRIC_REPRESENTATION_CONTEXT() REPRESENTATION_CONTEXT('2D SPACE',''
  ) );
#5391 = PCURVE('',#2031,#5392);
#5392 = DEFINITIONAL_REPRESENTATION('',(#5393),#5396);
#5393 = B_SPLINE_CURVE_WITH_KNOTS('',1,(#5394,#5395),.UNSPECIFIED.,.F.,
  .F.,(2,2),(0.9999994,3.4000006),.PIECEWISE_BEZIER_KNOTS.);
#5394 = CARTESIAN_POINT('',(28.5,-4.9999994));
#5395 = CARTESIAN_POINT('',(28.5,-7.4000006));
#5396 = ( GEOMETRIC_REPRESENTATION_CONTEXT(2) 
PARAMETRIC_REPRESENTATION_CONTEXT() REPRESENTATION_CONTEXT('2D SPACE',''
  ) );
#5397 = ORIENTED_EDGE('',*,*,#1992,.T.);
#5398 = ORIENTED_EDGE('',*,*,#5399,.T.);
#5399 = EDGE_CURVE('',#1969,#1911,#5400,.T.);
#5400 = SURFACE_CURVE('',#5401,(#5432,#5466),.PCURVE_S1.);
#5401 = B_SPLINE_CURVE_WITH_KNOTS('',8,(#5402,#5403,#5404,#5405,#5406,
    #5407,#5408,#5409,#5410,#5411,#5412,#5413,#5414,#5415,#5416,#5417,
    #5418,#5419,#5420,#5421,#5422,#5423,#5424,#5425,#5426,#5427,#5428,
    #5429,#5430,#5431),.UNSPECIFIED.,.F.,.F.,(9,7,7,7,9),(0.,
    0.275810366024,0.498692476626,0.639337306573,1.),.UNSPECIFIED.);
#5402 = CARTESIAN_POINT('',(-1.60795438151,-31.4589332735,36.0999994));
#5403 = CARTESIAN_POINT('',(-1.51499414523,-31.46368473211,
    36.147652101544));
#5404 = CARTESIAN_POINT('',(-1.419869464598,-31.4682320658,
    36.194012239464));
#5405 = CARTESIAN_POINT('',(-1.322245583888,-31.47256691881,
    36.238923465881));
#5406 = CARTESIAN_POINT('',(-1.221825993101,-31.47667183279,
    36.282129404135));
#5407 = CARTESIAN_POINT('',(-1.118341935949,-31.48052124362,
    36.323266984647));
#5408 = CARTESIAN_POINT('',(-1.011543088616,-31.48408197626,
    36.361862155412));
#5409 = CARTESIAN_POINT('',(-0.90118940929,-31.48731323764,
    36.397327967119));
#5410 = CARTESIAN_POINT('',(-0.694803483178,-31.4924715095,
    36.454530917544));
#5411 = CARTESIAN_POINT('',(-0.60003922162,-31.49453103467,
    36.477609756229));
#5412 = CARTESIAN_POINT('',(-0.502817770509,-31.49631337389,
    36.497774738291));
#5413 = CARTESIAN_POINT('',(-0.40331989947,-31.49778490476,
    36.514556750993));
#5414 = CARTESIAN_POINT('',(-0.301850636446,-31.49891204935,
    36.527485661439));
#5415 = CARTESIAN_POINT('',(-0.198868264449,-31.49966567562,
    36.536155956502));
#5416 = CARTESIAN_POINT('',(-9.503242966843E-02,-31.5000275428,
    36.540316740766));
#5417 = CARTESIAN_POINT('',(7.420476825189E-02,-31.49998064723,
    36.539777444204));
#5418 = CARTESIAN_POINT('',(0.139674511966,-31.49980696401,
    36.537780144851));
#5419 = CARTESIAN_POINT('',(0.204916310746,-31.49947785329,
    36.533995836165));
#5420 = CARTESIAN_POINT('',(0.269743403377,-31.49899636685,
    36.528466335028));
#5421 = CARTESIAN_POINT('',(0.333999384782,-31.4983677571,
    36.521264288611));
#5422 = CARTESIAN_POINT('',(0.397554503396,-31.49759883518,
    36.512484460902));
#5423 = CARTESIAN_POINT('',(0.460302698056,-31.4966974257,
    36.502235650602));
#5424 = CARTESIAN_POINT('',(0.680781596762,-31.49304215763,
    36.460880589616));
#5425 = CARTESIAN_POINT('',(0.833110200832,-31.48960347031,
    36.422307678263));
#5426 = CARTESIAN_POINT('',(0.978975079949,-31.48548535909,
    36.376723675615));
#5427 = CARTESIAN_POINT('',(1.118726668361,-31.48080621759,
    36.325843375445));
#5428 = CARTESIAN_POINT('',(1.252773257257,-31.47565759202,
    36.270964809486));
#5429 = CARTESIAN_POINT('',(1.381709505416,-31.47010911577,
    36.213043521974));
#5430 = CARTESIAN_POINT('',(1.506267404758,-31.46419971167,
    36.152649290307));
#5431 = CARTESIAN_POINT('',(1.627371873033,-31.4579347826,36.09));
#5432 = PCURVE('',#1927,#5433);
#5433 = DEFINITIONAL_REPRESENTATION('',(#5434),#5465);
#5434 = B_SPLINE_CURVE_WITH_KNOTS('',8,(#5435,#5436,#5437,#5438,#5439,
    #5440,#5441,#5442,#5443,#5444,#5445,#5446,#5447,#5448,#5449,#5450,
    #5451,#5452,#5453,#5454,#5455,#5456,#5457,#5458,#5459,#5460,#5461,
    #5462,#5463,#5464),.UNSPECIFIED.,.F.,.F.,(9,7,7,7,9),(0.,
    0.275810366024,0.498692476626,0.639337306573,1.),.UNSPECIFIED.);
#5435 = CARTESIAN_POINT('',(4.661320614909,0.9999994));
#5436 = CARTESIAN_POINT('',(4.664275585933,1.047652101544));
#5437 = CARTESIAN_POINT('',(4.667298849132,1.094012239464));
#5438 = CARTESIAN_POINT('',(4.670401043487,1.138923465881));
#5439 = CARTESIAN_POINT('',(4.67359158858,1.182129404135));
#5440 = CARTESIAN_POINT('',(4.676879022042,1.223266984647));
#5441 = CARTESIAN_POINT('',(4.68027130004,1.261862155412));
#5442 = CARTESIAN_POINT('',(4.683776060798,1.297327967119));
#5443 = CARTESIAN_POINT('',(4.690330041028,1.354530917544));
#5444 = CARTESIAN_POINT('',(4.693339124586,1.377609756229));
#5445 = CARTESIAN_POINT('',(4.696426008653,1.397774738291));
#5446 = CARTESIAN_POINT('',(4.699584975847,1.414556750993));
#5447 = CARTESIAN_POINT('',(4.702806375826,1.427485661439));
#5448 = CARTESIAN_POINT('',(4.706075705428,1.436155956502));
#5449 = CARTESIAN_POINT('',(4.709372077733,1.440316740766));
#5450 = CARTESIAN_POINT('',(4.714744687397,1.439777444204));
#5451 = CARTESIAN_POINT('',(4.716823093405,1.437780144851));
#5452 = CARTESIAN_POINT('',(4.718894278127,1.433995836165));
#5453 = CARTESIAN_POINT('',(4.720952326265,1.428466335028));
#5454 = CARTESIAN_POINT('',(4.722992285231,1.421264288611));
#5455 = CARTESIAN_POINT('',(4.725010047011,1.412484460902));
#5456 = CARTESIAN_POINT('',(4.727002253843,1.402235650602));
#5457 = CARTESIAN_POINT('',(4.734002545796,1.360880589616));
#5458 = CARTESIAN_POINT('',(4.738839519605,1.322307678263));
#5459 = CARTESIAN_POINT('',(4.743471876334,1.276723675615));
#5460 = CARTESIAN_POINT('',(4.747910806215,1.225843375445));
#5461 = CARTESIAN_POINT('',(4.752169295674,1.170964809486));
#5462 = CARTESIAN_POINT('',(4.756266231032,1.113043521974));
#5463 = CARTESIAN_POINT('',(4.760224861395,1.052649290307));
#5464 = CARTESIAN_POINT('',(4.764074588629,0.99));
#5465 = ( GEOMETRIC_REPRESENTATION_CONTEXT(2) 
PARAMETRIC_REPRESENTATION_CONTEXT() REPRESENTATION_CONTEXT('2D SPACE',''
  ) );
#5466 = PCURVE('',#1956,#5467);
#5467 = DEFINITIONAL_REPRESENTATION('',(#5468),#5499);
#5468 = B_SPLINE_CURVE_WITH_KNOTS('',8,(#5469,#5470,#5471,#5472,#5473,
    #5474,#5475,#5476,#5477,#5478,#5479,#5480,#5481,#5482,#5483,#5484,
    #5485,#5486,#5487,#5488,#5489,#5490,#5491,#5492,#5493,#5494,#5495,
    #5496,#5497,#5498),.UNSPECIFIED.,.F.,.F.,(9,7,7,7,9),(0.,
    0.275810366024,0.498692476626,0.639337306573,1.),.UNSPECIFIED.);
#5469 = CARTESIAN_POINT('',(-2.057176045335,-9.999400000028E-03));
#5470 = CARTESIAN_POINT('',(-2.033932226311,-5.765210154381E-02));
#5471 = CARTESIAN_POINT('',(-2.0093685323,-0.104012239465));
#5472 = CARTESIAN_POINT('',(-1.983340181506,-0.148923465881));
#5473 = CARTESIAN_POINT('',(-1.955703829874,-0.192129404135));
#5474 = CARTESIAN_POINT('',(-1.926319823622,-0.233266984647));
#5475 = CARTESIAN_POINT('',(-1.895060607963,-0.271862155412));
#5476 = CARTESIAN_POINT('',(-1.861825291991,-0.307327967119));
#5477 = CARTESIAN_POINT('',(-1.798062817592,-0.364530917544));
#5478 = CARTESIAN_POINT('',(-1.768224828991,-0.387609756229));
#5479 = CARTESIAN_POINT('',(-1.737078030078,-0.407774738291));
#5480 = CARTESIAN_POINT('',(-1.704711318215,-0.424556750993));
#5481 = CARTESIAN_POINT('',(-1.671295001861,-0.437485661439));
#5482 = CARTESIAN_POINT('',(-1.637094482422,-0.446155956502));
#5483 = CARTESIAN_POINT('',(-1.602473478114,-0.450316740766));
#5484 = CARTESIAN_POINT('',(-1.546061624582,-0.449777444204));
#5485 = CARTESIAN_POINT('',(-1.524242206058,-0.447780144851));
#5486 = CARTESIAN_POINT('',(-1.502538600471,-0.443995836165));
#5487 = CARTESIAN_POINT('',(-1.481049126629,-0.438466335028));
#5488 = CARTESIAN_POINT('',(-1.459858507273,-0.431264288611));
#5489 = CARTESIAN_POINT('',(-1.439037044958,-0.422484460902));
#5490 = CARTESIAN_POINT('',(-1.418640822472,-0.412235650602));
#5491 = CARTESIAN_POINT('',(-1.347610813533,-0.370880589616));
#5492 = CARTESIAN_POINT('',(-1.299727161186,-0.332307678263));
#5493 = CARTESIAN_POINT('',(-1.255372396567,-0.286723675615));
#5494 = CARTESIAN_POINT('',(-1.214464229277,-0.235843375445));
#5495 = CARTESIAN_POINT('',(-1.176762318612,-0.180964809486));
#5496 = CARTESIAN_POINT('',(-1.141947921561,-0.123043521974));
#5497 = CARTESIAN_POINT('',(-1.109671856426,-6.264929030754E-02));
#5498 = CARTESIAN_POINT('',(-1.079576317233,0.));
#5499 = ( GEOMETRIC_REPRESENTATION_CONTEXT(2) 
PARAMETRIC_REPRESENTATION_CONTEXT() REPRESENTATION_CONTEXT('2D SPACE',''
  ) );
#5500 = ORIENTED_EDGE('',*,*,#1910,.T.);
#5501 = ORIENTED_EDGE('',*,*,#5225,.T.);
#5502 = ADVANCED_FACE('',(#5503),#2114,.F.);
#5503 = FACE_BOUND('',#5504,.F.);
#5504 = EDGE_LOOP('',(#5505,#5529,#5530,#5531,#5581,#5635,#5636));
#5505 = ORIENTED_EDGE('',*,*,#5506,.F.);
#5506 = EDGE_CURVE('',#5313,#5507,#5509,.T.);
#5507 = VERTEX_POINT('',#5508);
#5508 = CARTESIAN_POINT('',(-30.4266635281,-8.152799920729,38.5));
#5509 = SURFACE_CURVE('',#5510,(#5515,#5522),.PCURVE_S1.);
#5510 = CIRCLE('',#5511,31.5);
#5511 = AXIS2_PLACEMENT_3D('',#5512,#5513,#5514);
#5512 = CARTESIAN_POINT('',(0.,0.,38.5));
#5513 = DIRECTION('',(0.,-0.,1.));
#5514 = DIRECTION('',(0.258819045103,0.965925826289,0.));
#5515 = PCURVE('',#2114,#5516);
#5516 = DEFINITIONAL_REPRESENTATION('',(#5517),#5521);
#5517 = LINE('',#5518,#5519);
#5518 = CARTESIAN_POINT('',(1.308996938996,3.4));
#5519 = VECTOR('',#5520,1.);
#5520 = DIRECTION('',(1.,0.));
#5521 = ( GEOMETRIC_REPRESENTATION_CONTEXT(2) 
PARAMETRIC_REPRESENTATION_CONTEXT() REPRESENTATION_CONTEXT('2D SPACE',''
  ) );
#5522 = PCURVE('',#4465,#5523);
#5523 = DEFINITIONAL_REPRESENTATION('',(#5524),#5528);
#5524 = CIRCLE('',#5525,31.5);
#5525 = AXIS2_PLACEMENT_2D('',#5526,#5527);
#5526 = CARTESIAN_POINT('',(0.,0.));
#5527 = DIRECTION('',(0.258819045103,0.965925826289));
#5528 = ( GEOMETRIC_REPRESENTATION_CONTEXT(2) 
PARAMETRIC_REPRESENTATION_CONTEXT() REPRESENTATION_CONTEXT('2D SPACE',''
  ) );
#5529 = ORIENTED_EDGE('',*,*,#5333,.F.);
#5530 = ORIENTED_EDGE('',*,*,#2155,.T.);
#5531 = ORIENTED_EDGE('',*,*,#5532,.T.);
#5532 = EDGE_CURVE('',#2127,#5533,#5535,.T.);
#5533 = VERTEX_POINT('',#5534);
#5534 = CARTESIAN_POINT('',(-31.5,3.49024337757E-15,36.54));
#5535 = SURFACE_CURVE('',#5536,(#5549,#5565),.PCURVE_S1.);
#5536 = B_SPLINE_CURVE_WITH_KNOTS('',6,(#5537,#5538,#5539,#5540,#5541,
    #5542,#5543,#5544,#5545,#5546,#5547,#5548),.UNSPECIFIED.,.F.,.F.,(7,
    5,7),(0.,0.547796504793,1.),.UNSPECIFIED.);
#5537 = CARTESIAN_POINT('',(-31.4589332735,1.60795438151,36.0999994));
#5538 = CARTESIAN_POINT('',(-31.46517850666,1.485769091127,
    36.162633268078));
#5539 = CARTESIAN_POINT('',(-31.47105381676,1.359650512145,
    36.222925980703));
#5540 = CARTESIAN_POINT('',(-31.47653621953,1.228709967611,
    36.28045293293));
#5541 = CARTESIAN_POINT('',(-31.48156315439,1.092220167865,
    36.334352532984));
#5542 = CARTESIAN_POINT('',(-31.48604102802,0.94952662891,
    36.383270668599));
#5543 = CARTESIAN_POINT('',(-31.4929765687,0.676518904253,
    36.460093573165));
#5544 = CARTESIAN_POINT('',(-31.4956527794,0.548299101191,36.49020120113
    ));
#5545 = CARTESIAN_POINT('',(-31.49778094442,0.415458202778,
    36.514475864389));
#5546 = CARTESIAN_POINT('',(-31.4992604533,0.278689450368,
    36.531496410865));
#5547 = CARTESIAN_POINT('',(-31.5,0.139326158988,36.54));
#5548 = CARTESIAN_POINT('',(-31.5,3.49024337757E-15,36.54));
#5549 = PCURVE('',#2114,#5550);
#5550 = DEFINITIONAL_REPRESENTATION('',(#5551),#5564);
#5551 = B_SPLINE_CURVE_WITH_KNOTS('',6,(#5552,#5553,#5554,#5555,#5556,
    #5557,#5558,#5559,#5560,#5561,#5562,#5563),.UNSPECIFIED.,.F.,.F.,(7,
    5,7),(0.,0.547796504793,1.),.UNSPECIFIED.);
#5552 = CARTESIAN_POINT('',(3.090524288114,0.9999994));
#5553 = CARTESIAN_POINT('',(3.094408249764,1.062633268078));
#5554 = CARTESIAN_POINT('',(3.098416315509,1.122925980703));
#5555 = CARTESIAN_POINT('',(3.102576728449,1.18045293293));
#5556 = CARTESIAN_POINT('',(3.106912585858,1.234352532984));
#5557 = CARTESIAN_POINT('',(3.111444688633,1.283270668599));
#5558 = CARTESIAN_POINT('',(3.120114396771,1.360093573165));
#5559 = CARTESIAN_POINT('',(3.124185711249,1.39020120113));
#5560 = CARTESIAN_POINT('',(3.128403347807,1.414475864389));
#5561 = CARTESIAN_POINT('',(3.132745369637,1.431496410865));
#5562 = CARTESIAN_POINT('',(3.137169600924,1.44));
#5563 = CARTESIAN_POINT('',(3.14159265359,1.44));
#5564 = ( GEOMETRIC_REPRESENTATION_CONTEXT(2) 
PARAMETRIC_REPRESENTATION_CONTEXT() REPRESENTATION_CONTEXT('2D SPACE',''
  ) );
#5565 = PCURVE('',#2143,#5566);
#5566 = DEFINITIONAL_REPRESENTATION('',(#5567),#5580);
#5567 = B_SPLINE_CURVE_WITH_KNOTS('',6,(#5568,#5569,#5570,#5571,#5572,
    #5573,#5574,#5575,#5576,#5577,#5578,#5579),.UNSPECIFIED.,.F.,.F.,(7,
    5,7),(0.,0.547796504793,1.),.UNSPECIFIED.);
#5568 = CARTESIAN_POINT('',(-0.48637971854,-9.999400000024E-03));
#5569 = CARTESIAN_POINT('',(-0.455828453927,-7.263326807778E-02));
#5570 = CARTESIAN_POINT('',(-0.422881198299,-0.132925980703));
#5571 = CARTESIAN_POINT('',(-0.387151643037,-0.19045293293));
#5572 = CARTESIAN_POINT('',(-0.348258572346,-0.244352532984));
#5573 = CARTESIAN_POINT('',(-0.305845706173,-0.293270668599));
#5574 = CARTESIAN_POINT('',(-0.221705211804,-0.370093573165));
#5575 = CARTESIAN_POINT('',(-0.181120914142,-0.40020120113));
#5576 = CARTESIAN_POINT('',(-0.138071695704,-0.424475864389));
#5577 = CARTESIAN_POINT('',(-9.289711194073E-02,-0.441496410865));
#5578 = CARTESIAN_POINT('',(-4.644205299595E-02,-0.45));
#5579 = CARTESIAN_POINT('',(0.,-0.45));
#5580 = ( GEOMETRIC_REPRESENTATION_CONTEXT(2) 
PARAMETRIC_REPRESENTATION_CONTEXT() REPRESENTATION_CONTEXT('2D SPACE',''
  ) );
#5581 = ORIENTED_EDGE('',*,*,#5582,.T.);
#5582 = EDGE_CURVE('',#5533,#2098,#5583,.T.);
#5583 = SURFACE_CURVE('',#5584,(#5599,#5617),.PCURVE_S1.);
#5584 = B_SPLINE_CURVE_WITH_KNOTS('',7,(#5585,#5586,#5587,#5588,#5589,
    #5590,#5591,#5592,#5593,#5594,#5595,#5596,#5597,#5598),
  .UNSPECIFIED.,.F.,.F.,(8,6,8),(0.,0.596595778468,1.),.UNSPECIFIED.);
#5585 = CARTESIAN_POINT('',(-31.5,3.774758283726E-15,36.54));
#5586 = CARTESIAN_POINT('',(-31.5,-0.162607447447,36.54));
#5587 = CARTESIAN_POINT('',(-31.49902048493,-0.322502764061,
    36.528737312907));
#5588 = CARTESIAN_POINT('',(-31.49712132776,-0.477877369754,
    36.506891243382));
#5589 = CARTESIAN_POINT('',(-31.49442243379,-0.628053795623,
    36.476131796917));
#5590 = CARTESIAN_POINT('',(-31.49104091419,-0.772615369287,
    36.438196731802));
#5591 = CARTESIAN_POINT('',(-31.48709476098,-0.911325975947,
    36.394729614595));
#5592 = CARTESIAN_POINT('',(-31.47971321323,-1.133898828827,
    36.314969215453));
#5593 = CARTESIAN_POINT('',(-31.47651822617,-1.221219454457,
    36.280824316141));
#5594 = CARTESIAN_POINT('',(-31.4731285103,-1.306277747863,
    36.245037446774));
#5595 = CARTESIAN_POINT('',(-31.46956252972,-1.389253906072,
    36.207874952316));
#5596 = CARTESIAN_POINT('',(-31.46583488483,-1.47031566382,
    36.169547816615));
#5597 = CARTESIAN_POINT('',(-31.46195649524,-1.549629504819,
    36.130217203853));
#5598 = CARTESIAN_POINT('',(-31.4579347826,-1.627371873033,36.09));
#5599 = PCURVE('',#2114,#5600);
#5600 = DEFINITIONAL_REPRESENTATION('',(#5601),#5616);
#5601 = B_SPLINE_CURVE_WITH_KNOTS('',7,(#5602,#5603,#5604,#5605,#5606,
    #5607,#5608,#5609,#5610,#5611,#5612,#5613,#5614,#5615),
  .UNSPECIFIED.,.F.,.F.,(8,6,8),(0.,0.596595778468,1.),.UNSPECIFIED.);
#5602 = CARTESIAN_POINT('',(3.14159265359,1.44));
#5603 = CARTESIAN_POINT('',(3.146754794779,1.44));
#5604 = CARTESIAN_POINT('',(3.151830836206,1.428737312907));
#5605 = CARTESIAN_POINT('',(3.156763589282,1.406891243382));
#5606 = CARTESIAN_POINT('',(3.161531732726,1.376131796917));
#5607 = CARTESIAN_POINT('',(3.166122147848,1.338196731802));
#5608 = CARTESIAN_POINT('',(3.170527391908,1.294729614595));
#5609 = CARTESIAN_POINT('',(3.177597081509,1.214969215453));
#5610 = CARTESIAN_POINT('',(3.180371003649,1.180824316141));
#5611 = CARTESIAN_POINT('',(3.183073387811,1.145037446774));
#5612 = CARTESIAN_POINT('',(3.185709960878,1.107874952316));
#5613 = CARTESIAN_POINT('',(3.188286051909,1.069547816615));
#5614 = CARTESIAN_POINT('',(3.190806949951,1.030217203853));
#5615 = CARTESIAN_POINT('',(3.193278261834,0.99));
#5616 = ( GEOMETRIC_REPRESENTATION_CONTEXT(2) 
PARAMETRIC_REPRESENTATION_CONTEXT() REPRESENTATION_CONTEXT('2D SPACE',''
  ) );
#5617 = PCURVE('',#2143,#5618);
#5618 = DEFINITIONAL_REPRESENTATION('',(#5619),#5634);
#5619 = B_SPLINE_CURVE_WITH_KNOTS('',7,(#5620,#5621,#5622,#5623,#5624,
    #5625,#5626,#5627,#5628,#5629,#5630,#5631,#5632,#5633),
  .UNSPECIFIED.,.F.,.F.,(8,6,8),(0.,0.596595778468,1.),.UNSPECIFIED.);
#5620 = CARTESIAN_POINT('',(-6.28318530718,-0.45));
#5621 = CARTESIAN_POINT('',(-6.228982824697,-0.45));
#5622 = CARTESIAN_POINT('',(-6.175683648224,-0.438737312907));
#5623 = CARTESIAN_POINT('',(-6.124488772669,-0.416891243382));
#5624 = CARTESIAN_POINT('',(-6.076121104898,-0.386131796916));
#5625 = CARTESIAN_POINT('',(-6.030895130201,-0.348196731802));
#5626 = CARTESIAN_POINT('',(-5.988892846027,-0.304729614595));
#5627 = CARTESIAN_POINT('',(-5.923771908402,-0.224969215453));
#5628 = CARTESIAN_POINT('',(-5.898871911708,-0.190824316141));
#5629 = CARTESIAN_POINT('',(-5.875259124009,-0.155037446774));
#5630 = CARTESIAN_POINT('',(-5.852847869304,-0.117874952316));
#5631 = CARTESIAN_POINT('',(-5.831551606415,-7.954781661488E-02));
#5632 = CARTESIAN_POINT('',(-5.811284884341,-4.021720385272E-02));
#5633 = CARTESIAN_POINT('',(-5.791965297617,0.));
#5634 = ( GEOMETRIC_REPRESENTATION_CONTEXT(2) 
PARAMETRIC_REPRESENTATION_CONTEXT() REPRESENTATION_CONTEXT('2D SPACE',''
  ) );
#5635 = ORIENTED_EDGE('',*,*,#2097,.T.);
#5636 = ORIENTED_EDGE('',*,*,#5637,.T.);
#5637 = EDGE_CURVE('',#2072,#5507,#5638,.T.);
#5638 = SURFACE_CURVE('',#5639,(#5643,#5649),.PCURVE_S1.);
#5639 = LINE('',#5640,#5641);
#5640 = CARTESIAN_POINT('',(-30.4266635281,-8.152799920729,35.1));
#5641 = VECTOR('',#5642,1.);
#5642 = DIRECTION('',(0.,0.,1.));
#5643 = PCURVE('',#2114,#5644);
#5644 = DEFINITIONAL_REPRESENTATION('',(#5645),#5648);
#5645 = B_SPLINE_CURVE_WITH_KNOTS('',1,(#5646,#5647),.UNSPECIFIED.,.F.,
  .F.,(2,2),(0.9999994,3.4000006),.PIECEWISE_BEZIER_KNOTS.);
#5646 = CARTESIAN_POINT('',(3.403392041389,0.9999994));
#5647 = CARTESIAN_POINT('',(3.403392041389,3.4000006));
#5648 = ( GEOMETRIC_REPRESENTATION_CONTEXT(2) 
PARAMETRIC_REPRESENTATION_CONTEXT() REPRESENTATION_CONTEXT('2D SPACE',''
  ) );
#5649 = PCURVE('',#2086,#5650);
#5650 = DEFINITIONAL_REPRESENTATION('',(#5651),#5654);
#5651 = B_SPLINE_CURVE_WITH_KNOTS('',1,(#5652,#5653),.UNSPECIFIED.,.F.,
  .F.,(2,2),(0.9999994,3.4000006),.PIECEWISE_BEZIER_KNOTS.);
#5652 = CARTESIAN_POINT('',(31.5,-4.9999994));
#5653 = CARTESIAN_POINT('',(31.5,-7.4000006));
#5654 = ( GEOMETRIC_REPRESENTATION_CONTEXT(2) 
PARAMETRIC_REPRESENTATION_CONTEXT() REPRESENTATION_CONTEXT('2D SPACE',''
  ) );
#5655 = ADVANCED_FACE('',(#5656),#1956,.F.);
#5656 = FACE_BOUND('',#5657,.F.);
#5657 = EDGE_LOOP('',(#5658,#5681,#5708,#5709,#5710,#5711));
#5658 = ORIENTED_EDGE('',*,*,#5659,.T.);
#5659 = EDGE_CURVE('',#1940,#5660,#5662,.T.);
#5660 = VERTEX_POINT('',#5661);
#5661 = CARTESIAN_POINT('',(1.7,-34.5,37.84));
#5662 = SEAM_CURVE('',#5663,(#5667,#5674),.PCURVE_S1.);
#5663 = LINE('',#5664,#5665);
#5664 = CARTESIAN_POINT('',(3.45,-34.5,36.09));
#5665 = VECTOR('',#5666,1.);
#5666 = DIRECTION('',(-0.707106781187,1.731912112471E-16,0.707106781187)
  );
#5667 = PCURVE('',#1956,#5668);
#5668 = DEFINITIONAL_REPRESENTATION('',(#5669),#5673);
#5669 = LINE('',#5670,#5671);
#5670 = CARTESIAN_POINT('',(-6.28318530718,0.));
#5671 = VECTOR('',#5672,1.);
#5672 = DIRECTION('',(-0.,-1.));
#5673 = ( GEOMETRIC_REPRESENTATION_CONTEXT(2) 
PARAMETRIC_REPRESENTATION_CONTEXT() REPRESENTATION_CONTEXT('2D SPACE',''
  ) );
#5674 = PCURVE('',#1956,#5675);
#5675 = DEFINITIONAL_REPRESENTATION('',(#5676),#5680);
#5676 = LINE('',#5677,#5678);
#5677 = CARTESIAN_POINT('',(0.,-0.));
#5678 = VECTOR('',#5679,1.);
#5679 = DIRECTION('',(-0.,-1.));
#5680 = ( GEOMETRIC_REPRESENTATION_CONTEXT(2) 
PARAMETRIC_REPRESENTATION_CONTEXT() REPRESENTATION_CONTEXT('2D SPACE',''
  ) );
#5681 = ORIENTED_EDGE('',*,*,#5682,.F.);
#5682 = EDGE_CURVE('',#5660,#5660,#5683,.T.);
#5683 = SURFACE_CURVE('',#5684,(#5689,#5696),.PCURVE_S1.);
#5684 = CIRCLE('',#5685,1.7);
#5685 = AXIS2_PLACEMENT_3D('',#5686,#5687,#5688);
#5686 = CARTESIAN_POINT('',(-6.337547185588E-15,-34.5,37.84));
#5687 = DIRECTION('',(0.,0.,1.));
#5688 = DIRECTION('',(1.,0.,-0.));
#5689 = PCURVE('',#1956,#5690);
#5690 = DEFINITIONAL_REPRESENTATION('',(#5691),#5695);
#5691 = LINE('',#5692,#5693);
#5692 = CARTESIAN_POINT('',(-0.,-1.75));
#5693 = VECTOR('',#5694,1.);
#5694 = DIRECTION('',(-1.,-0.));
#5695 = ( GEOMETRIC_REPRESENTATION_CONTEXT(2) 
PARAMETRIC_REPRESENTATION_CONTEXT() REPRESENTATION_CONTEXT('2D SPACE',''
  ) );
#5696 = PCURVE('',#5697,#5702);
#5697 = CYLINDRICAL_SURFACE('',#5698,1.7);
#5698 = AXIS2_PLACEMENT_3D('',#5699,#5700,#5701);
#5699 = CARTESIAN_POINT('',(-6.337547185588E-15,-34.5,35.1));
#5700 = DIRECTION('',(0.,0.,1.));
#5701 = DIRECTION('',(1.,0.,-0.));
#5702 = DEFINITIONAL_REPRESENTATION('',(#5703),#5707);
#5703 = LINE('',#5704,#5705);
#5704 = CARTESIAN_POINT('',(0.,2.74));
#5705 = VECTOR('',#5706,1.);
#5706 = DIRECTION('',(1.,0.));
#5707 = ( GEOMETRIC_REPRESENTATION_CONTEXT(2) 
PARAMETRIC_REPRESENTATION_CONTEXT() REPRESENTATION_CONTEXT('2D SPACE',''
  ) );
#5708 = ORIENTED_EDGE('',*,*,#5659,.F.);
#5709 = ORIENTED_EDGE('',*,*,#1939,.T.);
#5710 = ORIENTED_EDGE('',*,*,#5399,.F.);
#5711 = ORIENTED_EDGE('',*,*,#1968,.T.);
#5712 = ADVANCED_FACE('',(#5713),#2143,.F.);
#5713 = FACE_BOUND('',#5714,.F.);
#5714 = EDGE_LOOP('',(#5715,#5738,#5765,#5766,#5767,#5768));
#5715 = ORIENTED_EDGE('',*,*,#5716,.T.);
#5716 = EDGE_CURVE('',#5533,#5717,#5719,.T.);
#5717 = VERTEX_POINT('',#5718);
#5718 = CARTESIAN_POINT('',(-32.8,3.808651545348E-15,37.84));
#5719 = SEAM_CURVE('',#5720,(#5724,#5731),.PCURVE_S1.);
#5720 = LINE('',#5721,#5722);
#5721 = CARTESIAN_POINT('',(-31.05,3.380025165647E-15,36.09));
#5722 = VECTOR('',#5723,1.);
#5723 = DIRECTION('',(-0.707106781187,1.731912112471E-16,0.707106781187)
  );
#5724 = PCURVE('',#2143,#5725);
#5725 = DEFINITIONAL_REPRESENTATION('',(#5726),#5730);
#5726 = LINE('',#5727,#5728);
#5727 = CARTESIAN_POINT('',(-6.28318530718,0.));
#5728 = VECTOR('',#5729,1.);
#5729 = DIRECTION('',(-0.,-1.));
#5730 = ( GEOMETRIC_REPRESENTATION_CONTEXT(2) 
PARAMETRIC_REPRESENTATION_CONTEXT() REPRESENTATION_CONTEXT('2D SPACE',''
  ) );
#5731 = PCURVE('',#2143,#5732);
#5732 = DEFINITIONAL_REPRESENTATION('',(#5733),#5737);
#5733 = LINE('',#5734,#5735);
#5734 = CARTESIAN_POINT('',(0.,-0.));
#5735 = VECTOR('',#5736,1.);
#5736 = DIRECTION('',(-0.,-1.));
#5737 = ( GEOMETRIC_REPRESENTATION_CONTEXT(2) 
PARAMETRIC_REPRESENTATION_CONTEXT() REPRESENTATION_CONTEXT('2D SPACE',''
  ) );
#5738 = ORIENTED_EDGE('',*,*,#5739,.F.);
#5739 = EDGE_CURVE('',#5717,#5717,#5740,.T.);
#5740 = SURFACE_CURVE('',#5741,(#5746,#5753),.PCURVE_S1.);
#5741 = CIRCLE('',#5742,1.7);
#5742 = AXIS2_PLACEMENT_3D('',#5743,#5744,#5745);
#5743 = CARTESIAN_POINT('',(-34.5,4.225031457058E-15,37.84));
#5744 = DIRECTION('',(0.,0.,1.));
#5745 = DIRECTION('',(1.,0.,-0.));
#5746 = PCURVE('',#2143,#5747);
#5747 = DEFINITIONAL_REPRESENTATION('',(#5748),#5752);
#5748 = LINE('',#5749,#5750);
#5749 = CARTESIAN_POINT('',(-0.,-1.75));
#5750 = VECTOR('',#5751,1.);
#5751 = DIRECTION('',(-1.,-0.));
#5752 = ( GEOMETRIC_REPRESENTATION_CONTEXT(2) 
PARAMETRIC_REPRESENTATION_CONTEXT() REPRESENTATION_CONTEXT('2D SPACE',''
  ) );
#5753 = PCURVE('',#5754,#5759);
#5754 = CYLINDRICAL_SURFACE('',#5755,1.7);
#5755 = AXIS2_PLACEMENT_3D('',#5756,#5757,#5758);
#5756 = CARTESIAN_POINT('',(-34.5,4.225031457058E-15,35.1));
#5757 = DIRECTION('',(0.,0.,1.));
#5758 = DIRECTION('',(1.,0.,-0.));
#5759 = DEFINITIONAL_REPRESENTATION('',(#5760),#5764);
#5760 = LINE('',#5761,#5762);
#5761 = CARTESIAN_POINT('',(0.,2.74));
#5762 = VECTOR('',#5763,1.);
#5763 = DIRECTION('',(1.,0.));
#5764 = ( GEOMETRIC_REPRESENTATION_CONTEXT(2) 
PARAMETRIC_REPRESENTATION_CONTEXT() REPRESENTATION_CONTEXT('2D SPACE',''
  ) );
#5765 = ORIENTED_EDGE('',*,*,#5716,.F.);
#5766 = ORIENTED_EDGE('',*,*,#5532,.F.);
#5767 = ORIENTED_EDGE('',*,*,#2126,.T.);
#5768 = ORIENTED_EDGE('',*,*,#5582,.F.);
#5769 = ADVANCED_FACE('',(#5770),#2086,.T.);
#5770 = FACE_BOUND('',#5771,.T.);
#5771 = EDGE_LOOP('',(#5772,#5793,#5794,#5795,#5816));
#5772 = ORIENTED_EDGE('',*,*,#5773,.T.);
#5773 = EDGE_CURVE('',#5774,#2043,#5776,.T.);
#5774 = VERTEX_POINT('',#5775);
#5775 = CARTESIAN_POINT('',(-32.45510776331,-8.696319915445,37.9));
#5776 = SURFACE_CURVE('',#5777,(#5781,#5787),.PCURVE_S1.);
#5777 = LINE('',#5778,#5779);
#5778 = CARTESIAN_POINT('',(0.,0.,53.493846153846));
#5779 = VECTOR('',#5780,1.);
#5780 = DIRECTION('',(-0.876164668365,-0.234767615325,-0.4209746319));
#5781 = PCURVE('',#2086,#5782);
#5782 = DEFINITIONAL_REPRESENTATION('',(#5783),#5786);
#5783 = B_SPLINE_CURVE_WITH_KNOTS('',1,(#5784,#5785),.UNSPECIFIED.,.F.,
  .F.,(2,2),(37.042246663368,41.341793151081),.PIECEWISE_BEZIER_KNOTS.);
#5784 = CARTESIAN_POINT('',(33.6,-6.8));
#5785 = CARTESIAN_POINT('',(37.5,-4.99));
#5786 = ( GEOMETRIC_REPRESENTATION_CONTEXT(2) 
PARAMETRIC_REPRESENTATION_CONTEXT() REPRESENTATION_CONTEXT('2D SPACE',''
  ) );
#5787 = PCURVE('',#2059,#5788);
#5788 = DEFINITIONAL_REPRESENTATION('',(#5789),#5792);
#5789 = B_SPLINE_CURVE_WITH_KNOTS('',1,(#5790,#5791),.UNSPECIFIED.,.F.,
  .F.,(2,2),(37.042246663368,41.341793151081),.PIECEWISE_BEZIER_KNOTS.);
#5790 = CARTESIAN_POINT('',(-3.403392041389,-1.81));
#5791 = CARTESIAN_POINT('',(-3.403392041389,0.));
#5792 = ( GEOMETRIC_REPRESENTATION_CONTEXT(2) 
PARAMETRIC_REPRESENTATION_CONTEXT() REPRESENTATION_CONTEXT('2D SPACE',''
  ) );
#5793 = ORIENTED_EDGE('',*,*,#2071,.T.);
#5794 = ORIENTED_EDGE('',*,*,#5637,.T.);
#5795 = ORIENTED_EDGE('',*,*,#5796,.F.);
#5796 = EDGE_CURVE('',#5797,#5507,#5799,.T.);
#5797 = VERTEX_POINT('',#5798);
#5798 = CARTESIAN_POINT('',(-32.45510776331,-8.696319915445,38.5));
#5799 = SURFACE_CURVE('',#5800,(#5804,#5810),.PCURVE_S1.);
#5800 = LINE('',#5801,#5802);
#5801 = CARTESIAN_POINT('',(0.,0.,38.5));
#5802 = VECTOR('',#5803,1.);
#5803 = DIRECTION('',(0.965925826289,0.258819045103,-0.));
#5804 = PCURVE('',#2086,#5805);
#5805 = DEFINITIONAL_REPRESENTATION('',(#5806),#5809);
#5806 = B_SPLINE_CURVE_WITH_KNOTS('',1,(#5807,#5808),.UNSPECIFIED.,.F.,
  .F.,(2,2),(-37.5,0.),.PIECEWISE_BEZIER_KNOTS.);
#5807 = CARTESIAN_POINT('',(37.5,-7.4));
#5808 = CARTESIAN_POINT('',(0.,-7.4));
#5809 = ( GEOMETRIC_REPRESENTATION_CONTEXT(2) 
PARAMETRIC_REPRESENTATION_CONTEXT() REPRESENTATION_CONTEXT('2D SPACE',''
  ) );
#5810 = PCURVE('',#4465,#5811);
#5811 = DEFINITIONAL_REPRESENTATION('',(#5812),#5815);
#5812 = B_SPLINE_CURVE_WITH_KNOTS('',1,(#5813,#5814),.UNSPECIFIED.,.F.,
  .F.,(2,2),(-37.5,0.),.PIECEWISE_BEZIER_KNOTS.);
#5813 = CARTESIAN_POINT('',(-36.22221848584,-9.705714191345));
#5814 = CARTESIAN_POINT('',(0.,0.));
#5815 = ( GEOMETRIC_REPRESENTATION_CONTEXT(2) 
PARAMETRIC_REPRESENTATION_CONTEXT() REPRESENTATION_CONTEXT('2D SPACE',''
  ) );
#5816 = ORIENTED_EDGE('',*,*,#5817,.F.);
#5817 = EDGE_CURVE('',#5774,#5797,#5818,.T.);
#5818 = SURFACE_CURVE('',#5819,(#5823,#5829),.PCURVE_S1.);
#5819 = LINE('',#5820,#5821);
#5820 = CARTESIAN_POINT('',(-32.45510776331,-8.696319915445,37.89));
#5821 = VECTOR('',#5822,1.);
#5822 = DIRECTION('',(0.,0.,1.));
#5823 = PCURVE('',#2086,#5824);
#5824 = DEFINITIONAL_REPRESENTATION('',(#5825),#5828);
#5825 = B_SPLINE_CURVE_WITH_KNOTS('',1,(#5826,#5827),.UNSPECIFIED.,.F.,
  .F.,(2,2),(9.999399999998E-03,0.6200006),.PIECEWISE_BEZIER_KNOTS.);
#5826 = CARTESIAN_POINT('',(33.6,-6.7999994));
#5827 = CARTESIAN_POINT('',(33.6,-7.4100006));
#5828 = ( GEOMETRIC_REPRESENTATION_CONTEXT(2) 
PARAMETRIC_REPRESENTATION_CONTEXT() REPRESENTATION_CONTEXT('2D SPACE',''
  ) );
#5829 = PCURVE('',#5830,#5835);
#5830 = CYLINDRICAL_SURFACE('',#5831,33.6);
#5831 = AXIS2_PLACEMENT_3D('',#5832,#5833,#5834);
#5832 = CARTESIAN_POINT('',(0.,0.,37.89));
#5833 = DIRECTION('',(0.,0.,1.));
#5834 = DIRECTION('',(1.,0.,-0.));
#5835 = DEFINITIONAL_REPRESENTATION('',(#5836),#5839);
#5836 = B_SPLINE_CURVE_WITH_KNOTS('',1,(#5837,#5838),.UNSPECIFIED.,.F.,
  .F.,(2,2),(9.999399999998E-03,0.6200006),.PIECEWISE_BEZIER_KNOTS.);
#5837 = CARTESIAN_POINT('',(3.403392041389,9.999399999998E-03));
#5838 = CARTESIAN_POINT('',(3.403392041389,0.6200006));
#5839 = ( GEOMETRIC_REPRESENTATION_CONTEXT(2) 
PARAMETRIC_REPRESENTATION_CONTEXT() REPRESENTATION_CONTEXT('2D SPACE',''
  ) );
#5840 = ADVANCED_FACE('',(#5841),#2031,.T.);
#5841 = FACE_BOUND('',#5842,.T.);
#5842 = EDGE_LOOP('',(#5843,#5844,#5865,#5886,#5905));
#5843 = ORIENTED_EDGE('',*,*,#2016,.T.);
#5844 = ORIENTED_EDGE('',*,*,#5845,.F.);
#5845 = EDGE_CURVE('',#5846,#2017,#5848,.T.);
#5846 = VERTEX_POINT('',#5847);
#5847 = CARTESIAN_POINT('',(-8.696319915445,-32.45510776331,37.9));
#5848 = SURFACE_CURVE('',#5849,(#5853,#5859),.PCURVE_S1.);
#5849 = LINE('',#5850,#5851);
#5850 = CARTESIAN_POINT('',(0.,0.,53.493846153846));
#5851 = VECTOR('',#5852,1.);
#5852 = DIRECTION('',(-0.234767615325,-0.876164668365,-0.4209746319));
#5853 = PCURVE('',#2031,#5854);
#5854 = DEFINITIONAL_REPRESENTATION('',(#5855),#5858);
#5855 = B_SPLINE_CURVE_WITH_KNOTS('',1,(#5856,#5857),.UNSPECIFIED.,.F.,
  .F.,(2,2),(37.042246663368,41.341793151081),.PIECEWISE_BEZIER_KNOTS.);
#5856 = CARTESIAN_POINT('',(26.4,-6.8));
#5857 = CARTESIAN_POINT('',(22.5,-4.99));
#5858 = ( GEOMETRIC_REPRESENTATION_CONTEXT(2) 
PARAMETRIC_REPRESENTATION_CONTEXT() REPRESENTATION_CONTEXT('2D SPACE',''
  ) );
#5859 = PCURVE('',#2059,#5860);
#5860 = DEFINITIONAL_REPRESENTATION('',(#5861),#5864);
#5861 = B_SPLINE_CURVE_WITH_KNOTS('',1,(#5862,#5863),.UNSPECIFIED.,.F.,
  .F.,(2,2),(37.042246663368,41.341793151081),.PIECEWISE_BEZIER_KNOTS.);
#5862 = CARTESIAN_POINT('',(-4.450589592586,-1.81));
#5863 = CARTESIAN_POINT('',(-4.450589592586,-2.991204666356E-15));
#5864 = ( GEOMETRIC_REPRESENTATION_CONTEXT(2) 
PARAMETRIC_REPRESENTATION_CONTEXT() REPRESENTATION_CONTEXT('2D SPACE',''
  ) );
#5865 = ORIENTED_EDGE('',*,*,#5866,.T.);
#5866 = EDGE_CURVE('',#5846,#5867,#5869,.T.);
#5867 = VERTEX_POINT('',#5868);
#5868 = CARTESIAN_POINT('',(-8.696319915445,-32.45510776331,38.5));
#5869 = SURFACE_CURVE('',#5870,(#5874,#5880),.PCURVE_S1.);
#5870 = LINE('',#5871,#5872);
#5871 = CARTESIAN_POINT('',(-8.696319915445,-32.45510776331,37.89));
#5872 = VECTOR('',#5873,1.);
#5873 = DIRECTION('',(0.,0.,1.));
#5874 = PCURVE('',#2031,#5875);
#5875 = DEFINITIONAL_REPRESENTATION('',(#5876),#5879);
#5876 = B_SPLINE_CURVE_WITH_KNOTS('',1,(#5877,#5878),.UNSPECIFIED.,.F.,
  .F.,(2,2),(9.999399999998E-03,0.6200006),.PIECEWISE_BEZIER_KNOTS.);
#5877 = CARTESIAN_POINT('',(26.4,-6.7999994));
#5878 = CARTESIAN_POINT('',(26.4,-7.4100006));
#5879 = ( GEOMETRIC_REPRESENTATION_CONTEXT(2) 
PARAMETRIC_REPRESENTATION_CONTEXT() REPRESENTATION_CONTEXT('2D SPACE',''
  ) );
#5880 = PCURVE('',#5830,#5881);
#5881 = DEFINITIONAL_REPRESENTATION('',(#5882),#5885);
#5882 = B_SPLINE_CURVE_WITH_KNOTS('',1,(#5883,#5884),.UNSPECIFIED.,.F.,
  .F.,(2,2),(9.999399999998E-03,0.6200006),.PIECEWISE_BEZIER_KNOTS.);
#5883 = CARTESIAN_POINT('',(4.450589592586,9.999399999998E-03));
#5884 = CARTESIAN_POINT('',(4.450589592586,0.6200006));
#5885 = ( GEOMETRIC_REPRESENTATION_CONTEXT(2) 
PARAMETRIC_REPRESENTATION_CONTEXT() REPRESENTATION_CONTEXT('2D SPACE',''
  ) );
#5886 = ORIENTED_EDGE('',*,*,#5887,.F.);
#5887 = EDGE_CURVE('',#5356,#5867,#5888,.T.);
#5888 = SURFACE_CURVE('',#5889,(#5893,#5899),.PCURVE_S1.);
#5889 = LINE('',#5890,#5891);
#5890 = CARTESIAN_POINT('',(-7.764571353076,-28.97777478867,38.5));
#5891 = VECTOR('',#5892,1.);
#5892 = DIRECTION('',(-0.258819045103,-0.965925826289,0.));
#5893 = PCURVE('',#2031,#5894);
#5894 = DEFINITIONAL_REPRESENTATION('',(#5895),#5898);
#5895 = B_SPLINE_CURVE_WITH_KNOTS('',1,(#5896,#5897),.UNSPECIFIED.,.F.,
  .F.,(2,2),(-30.,7.5),.PIECEWISE_BEZIER_KNOTS.);
#5896 = CARTESIAN_POINT('',(60.,-7.4));
#5897 = CARTESIAN_POINT('',(22.5,-7.4));
#5898 = ( GEOMETRIC_REPRESENTATION_CONTEXT(2) 
PARAMETRIC_REPRESENTATION_CONTEXT() REPRESENTATION_CONTEXT('2D SPACE',''
  ) );
#5899 = PCURVE('',#4465,#5900);
#5900 = DEFINITIONAL_REPRESENTATION('',(#5901),#5904);
#5901 = B_SPLINE_CURVE_WITH_KNOTS('',1,(#5902,#5903),.UNSPECIFIED.,.F.,
  .F.,(2,2),(-30.,7.5),.PIECEWISE_BEZIER_KNOTS.);
#5902 = CARTESIAN_POINT('',(-3.567017545017E-15,-1.838956828648E-14));
#5903 = CARTESIAN_POINT('',(-9.705714191345,-36.22221848584));
#5904 = ( GEOMETRIC_REPRESENTATION_CONTEXT(2) 
PARAMETRIC_REPRESENTATION_CONTEXT() REPRESENTATION_CONTEXT('2D SPACE',''
  ) );
#5905 = ORIENTED_EDGE('',*,*,#5379,.F.);
#5906 = ADVANCED_FACE('',(#5907),#2059,.F.);
#5907 = FACE_BOUND('',#5908,.F.);
#5908 = EDGE_LOOP('',(#5909,#5931,#5932,#5933));
#5909 = ORIENTED_EDGE('',*,*,#5910,.F.);
#5910 = EDGE_CURVE('',#5774,#5846,#5911,.T.);
#5911 = SURFACE_CURVE('',#5912,(#5917,#5924),.PCURVE_S1.);
#5912 = CIRCLE('',#5913,33.6);
#5913 = AXIS2_PLACEMENT_3D('',#5914,#5915,#5916);
#5914 = CARTESIAN_POINT('',(0.,0.,37.9));
#5915 = DIRECTION('',(0.,0.,1.));
#5916 = DIRECTION('',(1.,0.,-0.));
#5917 = PCURVE('',#2059,#5918);
#5918 = DEFINITIONAL_REPRESENTATION('',(#5919),#5923);
#5919 = LINE('',#5920,#5921);
#5920 = CARTESIAN_POINT('',(-0.,-1.81));
#5921 = VECTOR('',#5922,1.);
#5922 = DIRECTION('',(-1.,-0.));
#5923 = ( GEOMETRIC_REPRESENTATION_CONTEXT(2) 
PARAMETRIC_REPRESENTATION_CONTEXT() REPRESENTATION_CONTEXT('2D SPACE',''
  ) );
#5924 = PCURVE('',#5830,#5925);
#5925 = DEFINITIONAL_REPRESENTATION('',(#5926),#5930);
#5926 = LINE('',#5927,#5928);
#5927 = CARTESIAN_POINT('',(0.,9.999999999998E-03));
#5928 = VECTOR('',#5929,1.);
#5929 = DIRECTION('',(1.,0.));
#5930 = ( GEOMETRIC_REPRESENTATION_CONTEXT(2) 
PARAMETRIC_REPRESENTATION_CONTEXT() REPRESENTATION_CONTEXT('2D SPACE',''
  ) );
#5931 = ORIENTED_EDGE('',*,*,#5773,.T.);
#5932 = ORIENTED_EDGE('',*,*,#2042,.T.);
#5933 = ORIENTED_EDGE('',*,*,#5845,.F.);
#5934 = ADVANCED_FACE('',(#5935),#2409,.T.);
#5935 = FACE_BOUND('',#5936,.T.);
#5936 = EDGE_LOOP('',(#5937,#5960,#5961,#5984));
#5937 = ORIENTED_EDGE('',*,*,#5938,.F.);
#5938 = EDGE_CURVE('',#2393,#5939,#5941,.T.);
#5939 = VERTEX_POINT('',#5940);
#5940 = CARTESIAN_POINT('',(9.45,46.55,36.4));
#5941 = SURFACE_CURVE('',#5942,(#5946,#5953),.PCURVE_S1.);
#5942 = LINE('',#5943,#5944);
#5943 = CARTESIAN_POINT('',(9.45,46.55,35.1));
#5944 = VECTOR('',#5945,1.);
#5945 = DIRECTION('',(0.,0.,1.));
#5946 = PCURVE('',#2409,#5947);
#5947 = DEFINITIONAL_REPRESENTATION('',(#5948),#5952);
#5948 = LINE('',#5949,#5950);
#5949 = CARTESIAN_POINT('',(0.,18.9));
#5950 = VECTOR('',#5951,1.);
#5951 = DIRECTION('',(1.,0.));
#5952 = ( GEOMETRIC_REPRESENTATION_CONTEXT(2) 
PARAMETRIC_REPRESENTATION_CONTEXT() REPRESENTATION_CONTEXT('2D SPACE',''
  ) );
#5953 = PCURVE('',#2485,#5954);
#5954 = DEFINITIONAL_REPRESENTATION('',(#5955),#5959);
#5955 = LINE('',#5956,#5957);
#5956 = CARTESIAN_POINT('',(0.,0.));
#5957 = VECTOR('',#5958,1.);
#5958 = DIRECTION('',(1.,0.));
#5959 = ( GEOMETRIC_REPRESENTATION_CONTEXT(2) 
PARAMETRIC_REPRESENTATION_CONTEXT() REPRESENTATION_CONTEXT('2D SPACE',''
  ) );
#5960 = ORIENTED_EDGE('',*,*,#2392,.T.);
#5961 = ORIENTED_EDGE('',*,*,#5962,.T.);
#5962 = EDGE_CURVE('',#2395,#5963,#5965,.T.);
#5963 = VERTEX_POINT('',#5964);
#5964 = CARTESIAN_POINT('',(-9.45,46.55,36.4));
#5965 = SURFACE_CURVE('',#5966,(#5970,#5977),.PCURVE_S1.);
#5966 = LINE('',#5967,#5968);
#5967 = CARTESIAN_POINT('',(-9.45,46.55,35.1));
#5968 = VECTOR('',#5969,1.);
#5969 = DIRECTION('',(0.,0.,1.));
#5970 = PCURVE('',#2409,#5971);
#5971 = DEFINITIONAL_REPRESENTATION('',(#5972),#5976);
#5972 = LINE('',#5973,#5974);
#5973 = CARTESIAN_POINT('',(0.,0.));
#5974 = VECTOR('',#5975,1.);
#5975 = DIRECTION('',(1.,0.));
#5976 = ( GEOMETRIC_REPRESENTATION_CONTEXT(2) 
PARAMETRIC_REPRESENTATION_CONTEXT() REPRESENTATION_CONTEXT('2D SPACE',''
  ) );
#5977 = PCURVE('',#2435,#5978);
#5978 = DEFINITIONAL_REPRESENTATION('',(#5979),#5983);
#5979 = LINE('',#5980,#5981);
#5980 = CARTESIAN_POINT('',(0.,0.));
#5981 = VECTOR('',#5982,1.);
#5982 = DIRECTION('',(1.,0.));
#5983 = ( GEOMETRIC_REPRESENTATION_CONTEXT(2) 
PARAMETRIC_REPRESENTATION_CONTEXT() REPRESENTATION_CONTEXT('2D SPACE',''
  ) );
#5984 = ORIENTED_EDGE('',*,*,#5985,.T.);
#5985 = EDGE_CURVE('',#5963,#5939,#5986,.T.);
#5986 = SURFACE_CURVE('',#5987,(#5991,#5998),.PCURVE_S1.);
#5987 = LINE('',#5988,#5989);
#5988 = CARTESIAN_POINT('',(-9.45,46.55,36.4));
#5989 = VECTOR('',#5990,1.);
#5990 = DIRECTION('',(1.,0.,-0.));
#5991 = PCURVE('',#2409,#5992);
#5992 = DEFINITIONAL_REPRESENTATION('',(#5993),#5997);
#5993 = LINE('',#5994,#5995);
#5994 = CARTESIAN_POINT('',(1.3,0.));
#5995 = VECTOR('',#5996,1.);
#5996 = DIRECTION('',(0.,1.));
#5997 = ( GEOMETRIC_REPRESENTATION_CONTEXT(2) 
PARAMETRIC_REPRESENTATION_CONTEXT() REPRESENTATION_CONTEXT('2D SPACE',''
  ) );
#5998 = PCURVE('',#5999,#6004);
#5999 = PLANE('',#6000);
#6000 = AXIS2_PLACEMENT_3D('',#6001,#6002,#6003);
#6001 = CARTESIAN_POINT('',(-9.45,46.55,36.4));
#6002 = DIRECTION('',(0.,0.,1.));
#6003 = DIRECTION('',(1.,0.,-0.));
#6004 = DEFINITIONAL_REPRESENTATION('',(#6005),#6009);
#6005 = LINE('',#6006,#6007);
#6006 = CARTESIAN_POINT('',(0.,0.));
#6007 = VECTOR('',#6008,1.);
#6008 = DIRECTION('',(1.,0.));
#6009 = ( GEOMETRIC_REPRESENTATION_CONTEXT(2) 
PARAMETRIC_REPRESENTATION_CONTEXT() REPRESENTATION_CONTEXT('2D SPACE',''
  ) );
#6010 = ADVANCED_FACE('',(#6011),#2485,.F.);
#6011 = FACE_BOUND('',#6012,.F.);
#6012 = EDGE_LOOP('',(#6013,#6014,#6015,#6038));
#6013 = ORIENTED_EDGE('',*,*,#5938,.F.);
#6014 = ORIENTED_EDGE('',*,*,#2472,.T.);
#6015 = ORIENTED_EDGE('',*,*,#6016,.T.);
#6016 = EDGE_CURVE('',#2447,#6017,#6019,.T.);
#6017 = VERTEX_POINT('',#6018);
#6018 = CARTESIAN_POINT('',(9.45,61.45,36.4));
#6019 = SURFACE_CURVE('',#6020,(#6024,#6031),.PCURVE_S1.);
#6020 = LINE('',#6021,#6022);
#6021 = CARTESIAN_POINT('',(9.45,61.45,35.1));
#6022 = VECTOR('',#6023,1.);
#6023 = DIRECTION('',(0.,0.,1.));
#6024 = PCURVE('',#2485,#6025);
#6025 = DEFINITIONAL_REPRESENTATION('',(#6026),#6030);
#6026 = LINE('',#6027,#6028);
#6027 = CARTESIAN_POINT('',(0.,-14.9));
#6028 = VECTOR('',#6029,1.);
#6029 = DIRECTION('',(1.,0.));
#6030 = ( GEOMETRIC_REPRESENTATION_CONTEXT(2) 
PARAMETRIC_REPRESENTATION_CONTEXT() REPRESENTATION_CONTEXT('2D SPACE',''
  ) );
#6031 = PCURVE('',#2461,#6032);
#6032 = DEFINITIONAL_REPRESENTATION('',(#6033),#6037);
#6033 = LINE('',#6034,#6035);
#6034 = CARTESIAN_POINT('',(0.,18.9));
#6035 = VECTOR('',#6036,1.);
#6036 = DIRECTION('',(1.,0.));
#6037 = ( GEOMETRIC_REPRESENTATION_CONTEXT(2) 
PARAMETRIC_REPRESENTATION_CONTEXT() REPRESENTATION_CONTEXT('2D SPACE',''
  ) );
#6038 = ORIENTED_EDGE('',*,*,#6039,.F.);
#6039 = EDGE_CURVE('',#5939,#6017,#6040,.T.);
#6040 = SURFACE_CURVE('',#6041,(#6045,#6052),.PCURVE_S1.);
#6041 = LINE('',#6042,#6043);
#6042 = CARTESIAN_POINT('',(9.45,46.55,36.4));
#6043 = VECTOR('',#6044,1.);
#6044 = DIRECTION('',(-0.,1.,0.));
#6045 = PCURVE('',#2485,#6046);
#6046 = DEFINITIONAL_REPRESENTATION('',(#6047),#6051);
#6047 = LINE('',#6048,#6049);
#6048 = CARTESIAN_POINT('',(1.3,0.));
#6049 = VECTOR('',#6050,1.);
#6050 = DIRECTION('',(0.,-1.));
#6051 = ( GEOMETRIC_REPRESENTATION_CONTEXT(2) 
PARAMETRIC_REPRESENTATION_CONTEXT() REPRESENTATION_CONTEXT('2D SPACE',''
  ) );
#6052 = PCURVE('',#5999,#6053);
#6053 = DEFINITIONAL_REPRESENTATION('',(#6054),#6058);
#6054 = LINE('',#6055,#6056);
#6055 = CARTESIAN_POINT('',(18.9,0.));
#6056 = VECTOR('',#6057,1.);
#6057 = DIRECTION('',(0.,1.));
#6058 = ( GEOMETRIC_REPRESENTATION_CONTEXT(2) 
PARAMETRIC_REPRESENTATION_CONTEXT() REPRESENTATION_CONTEXT('2D SPACE',''
  ) );
#6059 = ADVANCED_FACE('',(#6060),#2435,.T.);
#6060 = FACE_BOUND('',#6061,.T.);
#6061 = EDGE_LOOP('',(#6062,#6063,#6064,#6087));
#6062 = ORIENTED_EDGE('',*,*,#5962,.F.);
#6063 = ORIENTED_EDGE('',*,*,#2420,.T.);
#6064 = ORIENTED_EDGE('',*,*,#6065,.T.);
#6065 = EDGE_CURVE('',#2421,#6066,#6068,.T.);
#6066 = VERTEX_POINT('',#6067);
#6067 = CARTESIAN_POINT('',(-9.45,61.45,36.4));
#6068 = SURFACE_CURVE('',#6069,(#6073,#6080),.PCURVE_S1.);
#6069 = LINE('',#6070,#6071);
#6070 = CARTESIAN_POINT('',(-9.45,61.45,35.1));
#6071 = VECTOR('',#6072,1.);
#6072 = DIRECTION('',(0.,0.,1.));
#6073 = PCURVE('',#2435,#6074);
#6074 = DEFINITIONAL_REPRESENTATION('',(#6075),#6079);
#6075 = LINE('',#6076,#6077);
#6076 = CARTESIAN_POINT('',(0.,-14.9));
#6077 = VECTOR('',#6078,1.);
#6078 = DIRECTION('',(1.,0.));
#6079 = ( GEOMETRIC_REPRESENTATION_CONTEXT(2) 
PARAMETRIC_REPRESENTATION_CONTEXT() REPRESENTATION_CONTEXT('2D SPACE',''
  ) );
#6080 = PCURVE('',#2461,#6081);
#6081 = DEFINITIONAL_REPRESENTATION('',(#6082),#6086);
#6082 = LINE('',#6083,#6084);
#6083 = CARTESIAN_POINT('',(0.,0.));
#6084 = VECTOR('',#6085,1.);
#6085 = DIRECTION('',(1.,0.));
#6086 = ( GEOMETRIC_REPRESENTATION_CONTEXT(2) 
PARAMETRIC_REPRESENTATION_CONTEXT() REPRESENTATION_CONTEXT('2D SPACE',''
  ) );
#6087 = ORIENTED_EDGE('',*,*,#6088,.F.);
#6088 = EDGE_CURVE('',#5963,#6066,#6089,.T.);
#6089 = SURFACE_CURVE('',#6090,(#6094,#6101),.PCURVE_S1.);
#6090 = LINE('',#6091,#6092);
#6091 = CARTESIAN_POINT('',(-9.45,46.55,36.4));
#6092 = VECTOR('',#6093,1.);
#6093 = DIRECTION('',(-0.,1.,0.));
#6094 = PCURVE('',#2435,#6095);
#6095 = DEFINITIONAL_REPRESENTATION('',(#6096),#6100);
#6096 = LINE('',#6097,#6098);
#6097 = CARTESIAN_POINT('',(1.3,0.));
#6098 = VECTOR('',#6099,1.);
#6099 = DIRECTION('',(0.,-1.));
#6100 = ( GEOMETRIC_REPRESENTATION_CONTEXT(2) 
PARAMETRIC_REPRESENTATION_CONTEXT() REPRESENTATION_CONTEXT('2D SPACE',''
  ) );
#6101 = PCURVE('',#5999,#6102);
#6102 = DEFINITIONAL_REPRESENTATION('',(#6103),#6107);
#6103 = LINE('',#6104,#6105);
#6104 = CARTESIAN_POINT('',(0.,0.));
#6105 = VECTOR('',#6106,1.);
#6106 = DIRECTION('',(0.,1.));
#6107 = ( GEOMETRIC_REPRESENTATION_CONTEXT(2) 
PARAMETRIC_REPRESENTATION_CONTEXT() REPRESENTATION_CONTEXT('2D SPACE',''
  ) );
#6108 = ADVANCED_FACE('',(#6109),#2461,.F.);
#6109 = FACE_BOUND('',#6110,.F.);
#6110 = EDGE_LOOP('',(#6111,#6112,#6113,#6114));
#6111 = ORIENTED_EDGE('',*,*,#6016,.F.);
#6112 = ORIENTED_EDGE('',*,*,#2446,.T.);
#6113 = ORIENTED_EDGE('',*,*,#6065,.T.);
#6114 = ORIENTED_EDGE('',*,*,#6115,.T.);
#6115 = EDGE_CURVE('',#6066,#6017,#6116,.T.);
#6116 = SURFACE_CURVE('',#6117,(#6121,#6128),.PCURVE_S1.);
#6117 = LINE('',#6118,#6119);
#6118 = CARTESIAN_POINT('',(-9.45,61.45,36.4));
#6119 = VECTOR('',#6120,1.);
#6120 = DIRECTION('',(1.,0.,-0.));
#6121 = PCURVE('',#2461,#6122);
#6122 = DEFINITIONAL_REPRESENTATION('',(#6123),#6127);
#6123 = LINE('',#6124,#6125);
#6124 = CARTESIAN_POINT('',(1.3,0.));
#6125 = VECTOR('',#6126,1.);
#6126 = DIRECTION('',(0.,1.));
#6127 = ( GEOMETRIC_REPRESENTATION_CONTEXT(2) 
PARAMETRIC_REPRESENTATION_CONTEXT() REPRESENTATION_CONTEXT('2D SPACE',''
  ) );
#6128 = PCURVE('',#5999,#6129);
#6129 = DEFINITIONAL_REPRESENTATION('',(#6130),#6134);
#6130 = LINE('',#6131,#6132);
#6131 = CARTESIAN_POINT('',(0.,14.9));
#6132 = VECTOR('',#6133,1.);
#6133 = DIRECTION('',(1.,0.));
#6134 = ( GEOMETRIC_REPRESENTATION_CONTEXT(2) 
PARAMETRIC_REPRESENTATION_CONTEXT() REPRESENTATION_CONTEXT('2D SPACE',''
  ) );
#6135 = ADVANCED_FACE('',(#6136),#2593,.T.);
#6136 = FACE_BOUND('',#6137,.T.);
#6137 = EDGE_LOOP('',(#6138,#6139,#6140,#6160));
#6138 = ORIENTED_EDGE('',*,*,#2633,.F.);
#6139 = ORIENTED_EDGE('',*,*,#2578,.T.);
#6140 = ORIENTED_EDGE('',*,*,#6141,.T.);
#6141 = EDGE_CURVE('',#2551,#2710,#6142,.T.);
#6142 = SURFACE_CURVE('',#6143,(#6148,#6154),.PCURVE_S1.);
#6143 = CIRCLE('',#6144,1.);
#6144 = AXIS2_PLACEMENT_3D('',#6145,#6146,#6147);
#6145 = CARTESIAN_POINT('',(65.,40.,42.5));
#6146 = DIRECTION('',(1.,-6.123233995737E-17,0.));
#6147 = DIRECTION('',(6.123233995737E-17,1.,0.));
#6148 = PCURVE('',#2593,#6149);
#6149 = DEFINITIONAL_REPRESENTATION('',(#6150),#6153);
#6150 = B_SPLINE_CURVE_WITH_KNOTS('',1,(#6151,#6152),.UNSPECIFIED.,.F.,
  .F.,(2,2),(0.,1.570796326795),.PIECEWISE_BEZIER_KNOTS.);
#6151 = CARTESIAN_POINT('',(1.570796326795,0.));
#6152 = CARTESIAN_POINT('',(1.570796326795,1.570796326795));
#6153 = ( GEOMETRIC_REPRESENTATION_CONTEXT(2) 
PARAMETRIC_REPRESENTATION_CONTEXT() REPRESENTATION_CONTEXT('2D SPACE',''
  ) );
#6154 = PCURVE('',#2749,#6155);
#6155 = DEFINITIONAL_REPRESENTATION('',(#6156),#6159);
#6156 = B_SPLINE_CURVE_WITH_KNOTS('',1,(#6157,#6158),.UNSPECIFIED.,.F.,
  .F.,(2,2),(0.,1.570796326795),.PIECEWISE_BEZIER_KNOTS.);
#6157 = CARTESIAN_POINT('',(0.,0.));
#6158 = CARTESIAN_POINT('',(-1.570796326795,0.));
#6159 = ( GEOMETRIC_REPRESENTATION_CONTEXT(2) 
PARAMETRIC_REPRESENTATION_CONTEXT() REPRESENTATION_CONTEXT('2D SPACE',''
  ) );
#6160 = ORIENTED_EDGE('',*,*,#2709,.F.);
#6161 = ADVANCED_FACE('',(#6162),#2566,.F.);
#6162 = FACE_BOUND('',#6163,.F.);
#6163 = EDGE_LOOP('',(#6164,#6165,#6188,#6209));
#6164 = ORIENTED_EDGE('',*,*,#2550,.T.);
#6165 = ORIENTED_EDGE('',*,*,#6166,.T.);
#6166 = EDGE_CURVE('',#2551,#6167,#6169,.T.);
#6167 = VERTEX_POINT('',#6168);
#6168 = CARTESIAN_POINT('',(56.,41.,42.5));
#6169 = SURFACE_CURVE('',#6170,(#6174,#6181),.PCURVE_S1.);
#6170 = LINE('',#6171,#6172);
#6171 = CARTESIAN_POINT('',(65.,41.,42.5));
#6172 = VECTOR('',#6173,1.);
#6173 = DIRECTION('',(-1.,0.,0.));
#6174 = PCURVE('',#2566,#6175);
#6175 = DEFINITIONAL_REPRESENTATION('',(#6176),#6180);
#6176 = LINE('',#6177,#6178);
#6177 = CARTESIAN_POINT('',(9.,-6.4));
#6178 = VECTOR('',#6179,1.);
#6179 = DIRECTION('',(1.,0.));
#6180 = ( GEOMETRIC_REPRESENTATION_CONTEXT(2) 
PARAMETRIC_REPRESENTATION_CONTEXT() REPRESENTATION_CONTEXT('2D SPACE',''
  ) );
#6181 = PCURVE('',#2749,#6182);
#6182 = DEFINITIONAL_REPRESENTATION('',(#6183),#6187);
#6183 = LINE('',#6184,#6185);
#6184 = CARTESIAN_POINT('',(-0.,0.));
#6185 = VECTOR('',#6186,1.);
#6186 = DIRECTION('',(-0.,1.));
#6187 = ( GEOMETRIC_REPRESENTATION_CONTEXT(2) 
PARAMETRIC_REPRESENTATION_CONTEXT() REPRESENTATION_CONTEXT('2D SPACE',''
  ) );
#6188 = ORIENTED_EDGE('',*,*,#6189,.F.);
#6189 = EDGE_CURVE('',#4046,#6167,#6190,.T.);
#6190 = SURFACE_CURVE('',#6191,(#6195,#6202),.PCURVE_S1.);
#6191 = LINE('',#6192,#6193);
#6192 = CARTESIAN_POINT('',(56.,41.,36.1));
#6193 = VECTOR('',#6194,1.);
#6194 = DIRECTION('',(0.,0.,1.));
#6195 = PCURVE('',#2566,#6196);
#6196 = DEFINITIONAL_REPRESENTATION('',(#6197),#6201);
#6197 = LINE('',#6198,#6199);
#6198 = CARTESIAN_POINT('',(18.,0.));
#6199 = VECTOR('',#6200,1.);
#6200 = DIRECTION('',(0.,-1.));
#6201 = ( GEOMETRIC_REPRESENTATION_CONTEXT(2) 
PARAMETRIC_REPRESENTATION_CONTEXT() REPRESENTATION_CONTEXT('2D SPACE',''
  ) );
#6202 = PCURVE('',#4231,#6203);
#6203 = DEFINITIONAL_REPRESENTATION('',(#6204),#6208);
#6204 = LINE('',#6205,#6206);
#6205 = CARTESIAN_POINT('',(-0.,0.));
#6206 = VECTOR('',#6207,1.);
#6207 = DIRECTION('',(-0.,1.));
#6208 = ( GEOMETRIC_REPRESENTATION_CONTEXT(2) 
PARAMETRIC_REPRESENTATION_CONTEXT() REPRESENTATION_CONTEXT('2D SPACE',''
  ) );
#6209 = ORIENTED_EDGE('',*,*,#4067,.F.);
#6210 = ADVANCED_FACE('',(#6211),#2923,.T.);
#6211 = FACE_BOUND('',#6212,.F.);
#6212 = EDGE_LOOP('',(#6213,#6233,#6234,#6235));
#6213 = ORIENTED_EDGE('',*,*,#6214,.T.);
#6214 = EDGE_CURVE('',#3525,#2877,#6215,.T.);
#6215 = SURFACE_CURVE('',#6216,(#6221,#6227),.PCURVE_S1.);
#6216 = CIRCLE('',#6217,1.);
#6217 = AXIS2_PLACEMENT_3D('',#6218,#6219,#6220);
#6218 = CARTESIAN_POINT('',(-56.,40.,42.5));
#6219 = DIRECTION('',(1.,6.123233995737E-17,0.));
#6220 = DIRECTION('',(6.123233995737E-17,-1.,0.));
#6221 = PCURVE('',#2923,#6222);
#6222 = DEFINITIONAL_REPRESENTATION('',(#6223),#6226);
#6223 = B_SPLINE_CURVE_WITH_KNOTS('',1,(#6224,#6225),.UNSPECIFIED.,.F.,
  .F.,(2,2),(3.14159265359,4.712388980385),.PIECEWISE_BEZIER_KNOTS.);
#6224 = CARTESIAN_POINT('',(0.,0.));
#6225 = CARTESIAN_POINT('',(-1.570796326795,0.));
#6226 = ( GEOMETRIC_REPRESENTATION_CONTEXT(2) 
PARAMETRIC_REPRESENTATION_CONTEXT() REPRESENTATION_CONTEXT('2D SPACE',''
  ) );
#6227 = PCURVE('',#2897,#6228);
#6228 = DEFINITIONAL_REPRESENTATION('',(#6229),#6232);
#6229 = B_SPLINE_CURVE_WITH_KNOTS('',1,(#6230,#6231),.UNSPECIFIED.,.F.,
  .F.,(2,2),(3.14159265359,4.712388980385),.PIECEWISE_BEZIER_KNOTS.);
#6230 = CARTESIAN_POINT('',(1.570796326795,3.14159265359));
#6231 = CARTESIAN_POINT('',(1.570796326795,4.712388980385));
#6232 = ( GEOMETRIC_REPRESENTATION_CONTEXT(2) 
PARAMETRIC_REPRESENTATION_CONTEXT() REPRESENTATION_CONTEXT('2D SPACE',''
  ) );
#6233 = ORIENTED_EDGE('',*,*,#2909,.T.);
#6234 = ORIENTED_EDGE('',*,*,#3496,.F.);
#6235 = ORIENTED_EDGE('',*,*,#3552,.F.);
#6236 = ADVANCED_FACE('',(#6237),#2897,.T.);
#6237 = FACE_BOUND('',#6238,.T.);
#6238 = EDGE_LOOP('',(#6239,#6261,#6283,#6284));
#6239 = ORIENTED_EDGE('',*,*,#6240,.F.);
#6240 = EDGE_CURVE('',#6241,#2849,#6243,.T.);
#6241 = VERTEX_POINT('',#6242);
#6242 = CARTESIAN_POINT('',(-47.,50.,42.5));
#6243 = SURFACE_CURVE('',#6244,(#6249,#6255),.PCURVE_S1.);
#6244 = CIRCLE('',#6245,1.);
#6245 = AXIS2_PLACEMENT_3D('',#6246,#6247,#6248);
#6246 = CARTESIAN_POINT('',(-46.,50.,42.5));
#6247 = DIRECTION('',(-0.,1.,0.));
#6248 = DIRECTION('',(-1.,-0.,0.));
#6249 = PCURVE('',#2897,#6250);
#6250 = DEFINITIONAL_REPRESENTATION('',(#6251),#6254);
#6251 = B_SPLINE_CURVE_WITH_KNOTS('',1,(#6252,#6253),.UNSPECIFIED.,.F.,
  .F.,(2,2),(0.,1.570796326795),.PIECEWISE_BEZIER_KNOTS.);
#6252 = CARTESIAN_POINT('',(0.,3.14159265359));
#6253 = CARTESIAN_POINT('',(0.,4.712388980385));
#6254 = ( GEOMETRIC_REPRESENTATION_CONTEXT(2) 
PARAMETRIC_REPRESENTATION_CONTEXT() REPRESENTATION_CONTEXT('2D SPACE',''
  ) );
#6255 = PCURVE('',#2864,#6256);
#6256 = DEFINITIONAL_REPRESENTATION('',(#6257),#6260);
#6257 = B_SPLINE_CURVE_WITH_KNOTS('',1,(#6258,#6259),.UNSPECIFIED.,.F.,
  .F.,(2,2),(0.,1.570796326795),.PIECEWISE_BEZIER_KNOTS.);
#6258 = CARTESIAN_POINT('',(0.,15.));
#6259 = CARTESIAN_POINT('',(-1.570796326795,15.));
#6260 = ( GEOMETRIC_REPRESENTATION_CONTEXT(2) 
PARAMETRIC_REPRESENTATION_CONTEXT() REPRESENTATION_CONTEXT('2D SPACE',''
  ) );
#6261 = ORIENTED_EDGE('',*,*,#6262,.T.);
#6262 = EDGE_CURVE('',#6241,#3525,#6263,.T.);
#6263 = SURFACE_CURVE('',#6264,(#6269,#6276),.PCURVE_S1.);
#6264 = CIRCLE('',#6265,9.);
#6265 = AXIS2_PLACEMENT_3D('',#6266,#6267,#6268);
#6266 = CARTESIAN_POINT('',(-56.,50.,42.5));
#6267 = DIRECTION('',(0.,0.,-1.));
#6268 = DIRECTION('',(1.,0.,0.));
#6269 = PCURVE('',#2897,#6270);
#6270 = DEFINITIONAL_REPRESENTATION('',(#6271),#6275);
#6271 = LINE('',#6272,#6273);
#6272 = CARTESIAN_POINT('',(0.,3.14159265359));
#6273 = VECTOR('',#6274,1.);
#6274 = DIRECTION('',(1.,0.));
#6275 = ( GEOMETRIC_REPRESENTATION_CONTEXT(2) 
PARAMETRIC_REPRESENTATION_CONTEXT() REPRESENTATION_CONTEXT('2D SPACE',''
  ) );
#6276 = PCURVE('',#3540,#6277);
#6277 = DEFINITIONAL_REPRESENTATION('',(#6278),#6282);
#6278 = LINE('',#6279,#6280);
#6279 = CARTESIAN_POINT('',(-0.,6.4));
#6280 = VECTOR('',#6281,1.);
#6281 = DIRECTION('',(-1.,0.));
#6282 = ( GEOMETRIC_REPRESENTATION_CONTEXT(2) 
PARAMETRIC_REPRESENTATION_CONTEXT() REPRESENTATION_CONTEXT('2D SPACE',''
  ) );
#6283 = ORIENTED_EDGE('',*,*,#6214,.T.);
#6284 = ORIENTED_EDGE('',*,*,#2876,.F.);
#6285 = ADVANCED_FACE('',(#6286),#2864,.T.);
#6286 = FACE_BOUND('',#6287,.F.);
#6287 = EDGE_LOOP('',(#6288,#6311,#6337,#6338));
#6288 = ORIENTED_EDGE('',*,*,#6289,.F.);
#6289 = EDGE_CURVE('',#6290,#6241,#6292,.T.);
#6290 = VERTEX_POINT('',#6291);
#6291 = CARTESIAN_POINT('',(-47.,63.7,42.5));
#6292 = SURFACE_CURVE('',#6293,(#6297,#6304),.PCURVE_S1.);
#6293 = LINE('',#6294,#6295);
#6294 = CARTESIAN_POINT('',(-47.,65.,42.5));
#6295 = VECTOR('',#6296,1.);
#6296 = DIRECTION('',(0.,-1.,0.));
#6297 = PCURVE('',#2864,#6298);
#6298 = DEFINITIONAL_REPRESENTATION('',(#6299),#6303);
#6299 = LINE('',#6300,#6301);
#6300 = CARTESIAN_POINT('',(-0.,0.));
#6301 = VECTOR('',#6302,1.);
#6302 = DIRECTION('',(-0.,1.));
#6303 = ( GEOMETRIC_REPRESENTATION_CONTEXT(2) 
PARAMETRIC_REPRESENTATION_CONTEXT() REPRESENTATION_CONTEXT('2D SPACE',''
  ) );
#6304 = PCURVE('',#3711,#6305);
#6305 = DEFINITIONAL_REPRESENTATION('',(#6306),#6310);
#6306 = LINE('',#6307,#6308);
#6307 = CARTESIAN_POINT('',(9.,-6.4));
#6308 = VECTOR('',#6309,1.);
#6309 = DIRECTION('',(1.,0.));
#6310 = ( GEOMETRIC_REPRESENTATION_CONTEXT(2) 
PARAMETRIC_REPRESENTATION_CONTEXT() REPRESENTATION_CONTEXT('2D SPACE',''
  ) );
#6311 = ORIENTED_EDGE('',*,*,#6312,.F.);
#6312 = EDGE_CURVE('',#2823,#6290,#6313,.T.);
#6313 = SURFACE_CURVE('',#6314,(#6319,#6326),.PCURVE_S1.);
#6314 = CIRCLE('',#6315,1.);
#6315 = AXIS2_PLACEMENT_3D('',#6316,#6317,#6318);
#6316 = CARTESIAN_POINT('',(-46.,63.7,42.5));
#6317 = DIRECTION('',(0.,-1.,0.));
#6318 = DIRECTION('',(-1.,0.,0.));
#6319 = PCURVE('',#2864,#6320);
#6320 = DEFINITIONAL_REPRESENTATION('',(#6321),#6325);
#6321 = LINE('',#6322,#6323);
#6322 = CARTESIAN_POINT('',(-6.28318530718,1.3));
#6323 = VECTOR('',#6324,1.);
#6324 = DIRECTION('',(1.,-0.));
#6325 = ( GEOMETRIC_REPRESENTATION_CONTEXT(2) 
PARAMETRIC_REPRESENTATION_CONTEXT() REPRESENTATION_CONTEXT('2D SPACE',''
  ) );
#6326 = PCURVE('',#2837,#6327);
#6327 = DEFINITIONAL_REPRESENTATION('',(#6328),#6336);
#6328 = ( BOUNDED_CURVE() B_SPLINE_CURVE(2,(#6329,#6330,#6331,#6332,
#6333,#6334,#6335),.UNSPECIFIED.,.T.,.F.) B_SPLINE_CURVE_WITH_KNOTS((1,2
    ,2,2,2,1),(-2.094395102393,0.,2.094395102393,4.188790204786,
6.28318530718,8.377580409573),.UNSPECIFIED.) CURVE() 
GEOMETRIC_REPRESENTATION_ITEM() RATIONAL_B_SPLINE_CURVE((1.,0.5,1.,0.5,
1.,0.5,1.)) REPRESENTATION_ITEM('') );
#6329 = CARTESIAN_POINT('',(3.,-28.));
#6330 = CARTESIAN_POINT('',(4.732050807569,-28.));
#6331 = CARTESIAN_POINT('',(3.866025403784,-29.5));
#6332 = CARTESIAN_POINT('',(3.,-31.));
#6333 = CARTESIAN_POINT('',(2.133974596216,-29.5));
#6334 = CARTESIAN_POINT('',(1.267949192431,-28.));
#6335 = CARTESIAN_POINT('',(3.,-28.));
#6336 = ( GEOMETRIC_REPRESENTATION_CONTEXT(2) 
PARAMETRIC_REPRESENTATION_CONTEXT() REPRESENTATION_CONTEXT('2D SPACE',''
  ) );
#6337 = ORIENTED_EDGE('',*,*,#2848,.T.);
#6338 = ORIENTED_EDGE('',*,*,#6240,.F.);
#6339 = ADVANCED_FACE('',(#6340),#2837,.T.);
#6340 = FACE_BOUND('',#6341,.T.);
#6341 = EDGE_LOOP('',(#6342,#6372,#6391,#6392,#6393,#6417));
#6342 = ORIENTED_EDGE('',*,*,#6343,.F.);
#6343 = EDGE_CURVE('',#6344,#6346,#6348,.T.);
#6344 = VERTEX_POINT('',#6345);
#6345 = CARTESIAN_POINT('',(-47.,63.7,40.1));
#6346 = VERTEX_POINT('',#6347);
#6347 = CARTESIAN_POINT('',(47.,63.7,40.1));
#6348 = SURFACE_CURVE('',#6349,(#6353,#6360),.PCURVE_S1.);
#6349 = LINE('',#6350,#6351);
#6350 = CARTESIAN_POINT('',(-75.,63.7,40.1));
#6351 = VECTOR('',#6352,1.);
#6352 = DIRECTION('',(1.,0.,0.));
#6353 = PCURVE('',#2837,#6354);
#6354 = DEFINITIONAL_REPRESENTATION('',(#6355),#6359);
#6355 = LINE('',#6356,#6357);
#6356 = CARTESIAN_POINT('',(5.4,0.));
#6357 = VECTOR('',#6358,1.);
#6358 = DIRECTION('',(0.,-1.));
#6359 = ( GEOMETRIC_REPRESENTATION_CONTEXT(2) 
PARAMETRIC_REPRESENTATION_CONTEXT() REPRESENTATION_CONTEXT('2D SPACE',''
  ) );
#6360 = PCURVE('',#6361,#6366);
#6361 = PLANE('',#6362);
#6362 = AXIS2_PLACEMENT_3D('',#6363,#6364,#6365);
#6363 = CARTESIAN_POINT('',(-75.,63.7,40.1));
#6364 = DIRECTION('',(0.,0.,1.));
#6365 = DIRECTION('',(0.,1.,0.));
#6366 = DEFINITIONAL_REPRESENTATION('',(#6367),#6371);
#6367 = LINE('',#6368,#6369);
#6368 = CARTESIAN_POINT('',(0.,0.));
#6369 = VECTOR('',#6370,1.);
#6370 = DIRECTION('',(0.,-1.));
#6371 = ( GEOMETRIC_REPRESENTATION_CONTEXT(2) 
PARAMETRIC_REPRESENTATION_CONTEXT() REPRESENTATION_CONTEXT('2D SPACE',''
  ) );
#6372 = ORIENTED_EDGE('',*,*,#6373,.T.);
#6373 = EDGE_CURVE('',#6344,#6290,#6374,.T.);
#6374 = SURFACE_CURVE('',#6375,(#6379,#6385),.PCURVE_S1.);
#6375 = LINE('',#6376,#6377);
#6376 = CARTESIAN_POINT('',(-47.,63.7,40.8));
#6377 = VECTOR('',#6378,1.);
#6378 = DIRECTION('',(0.,0.,1.));
#6379 = PCURVE('',#2837,#6380);
#6380 = DEFINITIONAL_REPRESENTATION('',(#6381),#6384);
#6381 = B_SPLINE_CURVE_WITH_KNOTS('',1,(#6382,#6383),.UNSPECIFIED.,.F.,
  .F.,(2,2),(-0.7,1.7),.PIECEWISE_BEZIER_KNOTS.);
#6382 = CARTESIAN_POINT('',(5.4,-28.));
#6383 = CARTESIAN_POINT('',(3.,-28.));
#6384 = ( GEOMETRIC_REPRESENTATION_CONTEXT(2) 
PARAMETRIC_REPRESENTATION_CONTEXT() REPRESENTATION_CONTEXT('2D SPACE',''
  ) );
#6385 = PCURVE('',#3711,#6386);
#6386 = DEFINITIONAL_REPRESENTATION('',(#6387),#6390);
#6387 = B_SPLINE_CURVE_WITH_KNOTS('',1,(#6388,#6389),.UNSPECIFIED.,.F.,
  .F.,(2,2),(-0.7,1.7),.PIECEWISE_BEZIER_KNOTS.);
#6388 = CARTESIAN_POINT('',(10.3,-4.));
#6389 = CARTESIAN_POINT('',(10.3,-6.4));
#6390 = ( GEOMETRIC_REPRESENTATION_CONTEXT(2) 
PARAMETRIC_REPRESENTATION_CONTEXT() REPRESENTATION_CONTEXT('2D SPACE',''
  ) );
#6391 = ORIENTED_EDGE('',*,*,#6312,.F.);
#6392 = ORIENTED_EDGE('',*,*,#2822,.F.);
#6393 = ORIENTED_EDGE('',*,*,#6394,.T.);
#6394 = EDGE_CURVE('',#2795,#6395,#6397,.T.);
#6395 = VERTEX_POINT('',#6396);
#6396 = CARTESIAN_POINT('',(47.,63.7,42.5));
#6397 = SURFACE_CURVE('',#6398,(#6403,#6410),.PCURVE_S1.);
#6398 = CIRCLE('',#6399,1.);
#6399 = AXIS2_PLACEMENT_3D('',#6400,#6401,#6402);
#6400 = CARTESIAN_POINT('',(46.,63.7,42.5));
#6401 = DIRECTION('',(0.,1.,0.));
#6402 = DIRECTION('',(1.,0.,-0.));
#6403 = PCURVE('',#2837,#6404);
#6404 = DEFINITIONAL_REPRESENTATION('',(#6405),#6409);
#6405 = CIRCLE('',#6406,1.);
#6406 = AXIS2_PLACEMENT_2D('',#6407,#6408);
#6407 = CARTESIAN_POINT('',(3.,-121.));
#6408 = DIRECTION('',(0.,-1.));
#6409 = ( GEOMETRIC_REPRESENTATION_CONTEXT(2) 
PARAMETRIC_REPRESENTATION_CONTEXT() REPRESENTATION_CONTEXT('2D SPACE',''
  ) );
#6410 = PCURVE('',#2810,#6411);
#6411 = DEFINITIONAL_REPRESENTATION('',(#6412),#6416);
#6412 = LINE('',#6413,#6414);
#6413 = CARTESIAN_POINT('',(-6.28318530718,13.7));
#6414 = VECTOR('',#6415,1.);
#6415 = DIRECTION('',(1.,-0.));
#6416 = ( GEOMETRIC_REPRESENTATION_CONTEXT(2) 
PARAMETRIC_REPRESENTATION_CONTEXT() REPRESENTATION_CONTEXT('2D SPACE',''
  ) );
#6417 = ORIENTED_EDGE('',*,*,#6418,.T.);
#6418 = EDGE_CURVE('',#6395,#6346,#6419,.T.);
#6419 = SURFACE_CURVE('',#6420,(#6424,#6430),.PCURVE_S1.);
#6420 = LINE('',#6421,#6422);
#6421 = CARTESIAN_POINT('',(47.,63.7,40.8));
#6422 = VECTOR('',#6423,1.);
#6423 = DIRECTION('',(0.,0.,-1.));
#6424 = PCURVE('',#2837,#6425);
#6425 = DEFINITIONAL_REPRESENTATION('',(#6426),#6429);
#6426 = B_SPLINE_CURVE_WITH_KNOTS('',1,(#6427,#6428),.UNSPECIFIED.,.F.,
  .F.,(2,2),(-1.7,0.7),.PIECEWISE_BEZIER_KNOTS.);
#6427 = CARTESIAN_POINT('',(3.,-122.));
#6428 = CARTESIAN_POINT('',(5.4,-122.));
#6429 = ( GEOMETRIC_REPRESENTATION_CONTEXT(2) 
PARAMETRIC_REPRESENTATION_CONTEXT() REPRESENTATION_CONTEXT('2D SPACE',''
  ) );
#6430 = PCURVE('',#4284,#6431);
#6431 = DEFINITIONAL_REPRESENTATION('',(#6432),#6435);
#6432 = B_SPLINE_CURVE_WITH_KNOTS('',1,(#6433,#6434),.UNSPECIFIED.,.F.,
  .F.,(2,2),(-1.7,0.7),.PIECEWISE_BEZIER_KNOTS.);
#6433 = CARTESIAN_POINT('',(22.7,-6.4));
#6434 = CARTESIAN_POINT('',(22.7,-4.));
#6435 = ( GEOMETRIC_REPRESENTATION_CONTEXT(2) 
PARAMETRIC_REPRESENTATION_CONTEXT() REPRESENTATION_CONTEXT('2D SPACE',''
  ) );
#6436 = ADVANCED_FACE('',(#6437),#2810,.T.);
#6437 = FACE_BOUND('',#6438,.F.);
#6438 = EDGE_LOOP('',(#6439,#6462,#6482,#6483));
#6439 = ORIENTED_EDGE('',*,*,#6440,.F.);
#6440 = EDGE_CURVE('',#6441,#6395,#6443,.T.);
#6441 = VERTEX_POINT('',#6442);
#6442 = CARTESIAN_POINT('',(47.,50.,42.5));
#6443 = SURFACE_CURVE('',#6444,(#6448,#6455),.PCURVE_S1.);
#6444 = LINE('',#6445,#6446);
#6445 = CARTESIAN_POINT('',(47.,50.,42.5));
#6446 = VECTOR('',#6447,1.);
#6447 = DIRECTION('',(0.,1.,0.));
#6448 = PCURVE('',#2810,#6449);
#6449 = DEFINITIONAL_REPRESENTATION('',(#6450),#6454);
#6450 = LINE('',#6451,#6452);
#6451 = CARTESIAN_POINT('',(-0.,0.));
#6452 = VECTOR('',#6453,1.);
#6453 = DIRECTION('',(-0.,1.));
#6454 = ( GEOMETRIC_REPRESENTATION_CONTEXT(2) 
PARAMETRIC_REPRESENTATION_CONTEXT() REPRESENTATION_CONTEXT('2D SPACE',''
  ) );
#6455 = PCURVE('',#4284,#6456);
#6456 = DEFINITIONAL_REPRESENTATION('',(#6457),#6461);
#6457 = LINE('',#6458,#6459);
#6458 = CARTESIAN_POINT('',(9.,-6.4));
#6459 = VECTOR('',#6460,1.);
#6460 = DIRECTION('',(1.,0.));
#6461 = ( GEOMETRIC_REPRESENTATION_CONTEXT(2) 
PARAMETRIC_REPRESENTATION_CONTEXT() REPRESENTATION_CONTEXT('2D SPACE',''
  ) );
#6462 = ORIENTED_EDGE('',*,*,#6463,.T.);
#6463 = EDGE_CURVE('',#6441,#2762,#6464,.T.);
#6464 = SURFACE_CURVE('',#6465,(#6470,#6476),.PCURVE_S1.);
#6465 = CIRCLE('',#6466,1.);
#6466 = AXIS2_PLACEMENT_3D('',#6467,#6468,#6469);
#6467 = CARTESIAN_POINT('',(46.,50.,42.5));
#6468 = DIRECTION('',(6.123233995737E-17,-1.,0.));
#6469 = DIRECTION('',(-1.,-6.123233995737E-17,0.));
#6470 = PCURVE('',#2810,#6471);
#6471 = DEFINITIONAL_REPRESENTATION('',(#6472),#6475);
#6472 = B_SPLINE_CURVE_WITH_KNOTS('',1,(#6473,#6474),.UNSPECIFIED.,.F.,
  .F.,(2,2),(3.14159265359,4.712388980385),.PIECEWISE_BEZIER_KNOTS.);
#6473 = CARTESIAN_POINT('',(0.,0.));
#6474 = CARTESIAN_POINT('',(-1.570796326795,0.));
#6475 = ( GEOMETRIC_REPRESENTATION_CONTEXT(2) 
PARAMETRIC_REPRESENTATION_CONTEXT() REPRESENTATION_CONTEXT('2D SPACE',''
  ) );
#6476 = PCURVE('',#2782,#6477);
#6477 = DEFINITIONAL_REPRESENTATION('',(#6478),#6481);
#6478 = B_SPLINE_CURVE_WITH_KNOTS('',1,(#6479,#6480),.UNSPECIFIED.,.F.,
  .F.,(2,2),(3.14159265359,4.712388980385),.PIECEWISE_BEZIER_KNOTS.);
#6479 = CARTESIAN_POINT('',(1.570796326795,3.14159265359));
#6480 = CARTESIAN_POINT('',(1.570796326795,4.712388980385));
#6481 = ( GEOMETRIC_REPRESENTATION_CONTEXT(2) 
PARAMETRIC_REPRESENTATION_CONTEXT() REPRESENTATION_CONTEXT('2D SPACE',''
  ) );
#6482 = ORIENTED_EDGE('',*,*,#2794,.T.);
#6483 = ORIENTED_EDGE('',*,*,#6394,.T.);
#6484 = ADVANCED_FACE('',(#6485),#2749,.T.);
#6485 = FACE_BOUND('',#6486,.F.);
#6486 = EDGE_LOOP('',(#6487,#6488,#6489,#6509));
#6487 = ORIENTED_EDGE('',*,*,#6141,.T.);
#6488 = ORIENTED_EDGE('',*,*,#2733,.T.);
#6489 = ORIENTED_EDGE('',*,*,#6490,.F.);
#6490 = EDGE_CURVE('',#6167,#2734,#6491,.T.);
#6491 = SURFACE_CURVE('',#6492,(#6497,#6503),.PCURVE_S1.);
#6492 = CIRCLE('',#6493,1.);
#6493 = AXIS2_PLACEMENT_3D('',#6494,#6495,#6496);
#6494 = CARTESIAN_POINT('',(56.,40.,42.5));
#6495 = DIRECTION('',(1.,0.,-0.));
#6496 = DIRECTION('',(0.,1.,0.));
#6497 = PCURVE('',#2749,#6498);
#6498 = DEFINITIONAL_REPRESENTATION('',(#6499),#6502);
#6499 = B_SPLINE_CURVE_WITH_KNOTS('',1,(#6500,#6501),.UNSPECIFIED.,.F.,
  .F.,(2,2),(0.,1.570796326795),.PIECEWISE_BEZIER_KNOTS.);
#6500 = CARTESIAN_POINT('',(0.,9.));
#6501 = CARTESIAN_POINT('',(-1.570796326795,9.));
#6502 = ( GEOMETRIC_REPRESENTATION_CONTEXT(2) 
PARAMETRIC_REPRESENTATION_CONTEXT() REPRESENTATION_CONTEXT('2D SPACE',''
  ) );
#6503 = PCURVE('',#2782,#6504);
#6504 = DEFINITIONAL_REPRESENTATION('',(#6505),#6508);
#6505 = B_SPLINE_CURVE_WITH_KNOTS('',1,(#6506,#6507),.UNSPECIFIED.,.F.,
  .F.,(2,2),(0.,1.570796326795),.PIECEWISE_BEZIER_KNOTS.);
#6506 = CARTESIAN_POINT('',(0.,3.14159265359));
#6507 = CARTESIAN_POINT('',(0.,4.712388980385));
#6508 = ( GEOMETRIC_REPRESENTATION_CONTEXT(2) 
PARAMETRIC_REPRESENTATION_CONTEXT() REPRESENTATION_CONTEXT('2D SPACE',''
  ) );
#6509 = ORIENTED_EDGE('',*,*,#6166,.F.);
#6510 = ADVANCED_FACE('',(#6511),#2782,.T.);
#6511 = FACE_BOUND('',#6512,.T.);
#6512 = EDGE_LOOP('',(#6513,#6514,#6536,#6537));
#6513 = ORIENTED_EDGE('',*,*,#6490,.F.);
#6514 = ORIENTED_EDGE('',*,*,#6515,.T.);
#6515 = EDGE_CURVE('',#6167,#6441,#6516,.T.);
#6516 = SURFACE_CURVE('',#6517,(#6522,#6529),.PCURVE_S1.);
#6517 = CIRCLE('',#6518,9.);
#6518 = AXIS2_PLACEMENT_3D('',#6519,#6520,#6521);
#6519 = CARTESIAN_POINT('',(56.,50.,42.5));
#6520 = DIRECTION('',(-0.,-0.,-1.));
#6521 = DIRECTION('',(0.,-1.,0.));
#6522 = PCURVE('',#2782,#6523);
#6523 = DEFINITIONAL_REPRESENTATION('',(#6524),#6528);
#6524 = LINE('',#6525,#6526);
#6525 = CARTESIAN_POINT('',(0.,3.14159265359));
#6526 = VECTOR('',#6527,1.);
#6527 = DIRECTION('',(1.,0.));
#6528 = ( GEOMETRIC_REPRESENTATION_CONTEXT(2) 
PARAMETRIC_REPRESENTATION_CONTEXT() REPRESENTATION_CONTEXT('2D SPACE',''
  ) );
#6529 = PCURVE('',#4231,#6530);
#6530 = DEFINITIONAL_REPRESENTATION('',(#6531),#6535);
#6531 = LINE('',#6532,#6533);
#6532 = CARTESIAN_POINT('',(-0.,6.4));
#6533 = VECTOR('',#6534,1.);
#6534 = DIRECTION('',(-1.,0.));
#6535 = ( GEOMETRIC_REPRESENTATION_CONTEXT(2) 
PARAMETRIC_REPRESENTATION_CONTEXT() REPRESENTATION_CONTEXT('2D SPACE',''
  ) );
#6536 = ORIENTED_EDGE('',*,*,#6463,.T.);
#6537 = ORIENTED_EDGE('',*,*,#2761,.F.);
#6538 = ADVANCED_FACE('',(#6539),#2954,.F.);
#6539 = FACE_BOUND('',#6540,.F.);
#6540 = EDGE_LOOP('',(#6541,#6542,#6565,#6592));
#6541 = ORIENTED_EDGE('',*,*,#2937,.F.);
#6542 = ORIENTED_EDGE('',*,*,#6543,.F.);
#6543 = EDGE_CURVE('',#6544,#2938,#6546,.T.);
#6544 = VERTEX_POINT('',#6545);
#6545 = CARTESIAN_POINT('',(-24.,-61.,42.9));
#6546 = SEAM_CURVE('',#6547,(#6551,#6558),.PCURVE_S1.);
#6547 = LINE('',#6548,#6549);
#6548 = CARTESIAN_POINT('',(-24.,-61.,42.9));
#6549 = VECTOR('',#6550,1.);
#6550 = DIRECTION('',(0.,0.,1.));
#6551 = PCURVE('',#2954,#6552);
#6552 = DEFINITIONAL_REPRESENTATION('',(#6553),#6557);
#6553 = LINE('',#6554,#6555);
#6554 = CARTESIAN_POINT('',(6.28318530718,-0.));
#6555 = VECTOR('',#6556,1.);
#6556 = DIRECTION('',(0.,1.));
#6557 = ( GEOMETRIC_REPRESENTATION_CONTEXT(2) 
PARAMETRIC_REPRESENTATION_CONTEXT() REPRESENTATION_CONTEXT('2D SPACE',''
  ) );
#6558 = PCURVE('',#2954,#6559);
#6559 = DEFINITIONAL_REPRESENTATION('',(#6560),#6564);
#6560 = LINE('',#6561,#6562);
#6561 = CARTESIAN_POINT('',(0.,-0.));
#6562 = VECTOR('',#6563,1.);
#6563 = DIRECTION('',(0.,1.));
#6564 = ( GEOMETRIC_REPRESENTATION_CONTEXT(2) 
PARAMETRIC_REPRESENTATION_CONTEXT() REPRESENTATION_CONTEXT('2D SPACE',''
  ) );
#6565 = ORIENTED_EDGE('',*,*,#6566,.T.);
#6566 = EDGE_CURVE('',#6544,#6544,#6567,.T.);
#6567 = SURFACE_CURVE('',#6568,(#6573,#6580),.PCURVE_S1.);
#6568 = CIRCLE('',#6569,1.);
#6569 = AXIS2_PLACEMENT_3D('',#6570,#6571,#6572);
#6570 = CARTESIAN_POINT('',(-25.,-61.,42.9));
#6571 = DIRECTION('',(0.,0.,1.));
#6572 = DIRECTION('',(1.,0.,0.));
#6573 = PCURVE('',#2954,#6574);
#6574 = DEFINITIONAL_REPRESENTATION('',(#6575),#6579);
#6575 = LINE('',#6576,#6577);
#6576 = CARTESIAN_POINT('',(0.,0.));
#6577 = VECTOR('',#6578,1.);
#6578 = DIRECTION('',(1.,0.));
#6579 = ( GEOMETRIC_REPRESENTATION_CONTEXT(2) 
PARAMETRIC_REPRESENTATION_CONTEXT() REPRESENTATION_CONTEXT('2D SPACE',''
  ) );
#6580 = PCURVE('',#6581,#6586);
#6581 = PLANE('',#6582);
#6582 = AXIS2_PLACEMENT_3D('',#6583,#6584,#6585);
#6583 = CARTESIAN_POINT('',(-25.,-61.,42.9));
#6584 = DIRECTION('',(0.,0.,1.));
#6585 = DIRECTION('',(1.,0.,0.));
#6586 = DEFINITIONAL_REPRESENTATION('',(#6587),#6591);
#6587 = CIRCLE('',#6588,1.);
#6588 = AXIS2_PLACEMENT_2D('',#6589,#6590);
#6589 = CARTESIAN_POINT('',(0.,0.));
#6590 = DIRECTION('',(1.,0.));
#6591 = ( GEOMETRIC_REPRESENTATION_CONTEXT(2) 
PARAMETRIC_REPRESENTATION_CONTEXT() REPRESENTATION_CONTEXT('2D SPACE',''
  ) );
#6592 = ORIENTED_EDGE('',*,*,#6543,.T.);
#6593 = ADVANCED_FACE('',(#6594),#2985,.F.);
#6594 = FACE_BOUND('',#6595,.F.);
#6595 = EDGE_LOOP('',(#6596,#6597,#6620,#6647));
#6596 = ORIENTED_EDGE('',*,*,#2968,.F.);
#6597 = ORIENTED_EDGE('',*,*,#6598,.F.);
#6598 = EDGE_CURVE('',#6599,#2969,#6601,.T.);
#6599 = VERTEX_POINT('',#6600);
#6600 = CARTESIAN_POINT('',(-19.,-61.,42.9));
#6601 = SEAM_CURVE('',#6602,(#6606,#6613),.PCURVE_S1.);
#6602 = LINE('',#6603,#6604);
#6603 = CARTESIAN_POINT('',(-19.,-61.,42.9));
#6604 = VECTOR('',#6605,1.);
#6605 = DIRECTION('',(0.,0.,1.));
#6606 = PCURVE('',#2985,#6607);
#6607 = DEFINITIONAL_REPRESENTATION('',(#6608),#6612);
#6608 = LINE('',#6609,#6610);
#6609 = CARTESIAN_POINT('',(6.28318530718,-0.));
#6610 = VECTOR('',#6611,1.);
#6611 = DIRECTION('',(0.,1.));
#6612 = ( GEOMETRIC_REPRESENTATION_CONTEXT(2) 
PARAMETRIC_REPRESENTATION_CONTEXT() REPRESENTATION_CONTEXT('2D SPACE',''
  ) );
#6613 = PCURVE('',#2985,#6614);
#6614 = DEFINITIONAL_REPRESENTATION('',(#6615),#6619);
#6615 = LINE('',#6616,#6617);
#6616 = CARTESIAN_POINT('',(0.,-0.));
#6617 = VECTOR('',#6618,1.);
#6618 = DIRECTION('',(0.,1.));
#6619 = ( GEOMETRIC_REPRESENTATION_CONTEXT(2) 
PARAMETRIC_REPRESENTATION_CONTEXT() REPRESENTATION_CONTEXT('2D SPACE',''
  ) );
#6620 = ORIENTED_EDGE('',*,*,#6621,.T.);
#6621 = EDGE_CURVE('',#6599,#6599,#6622,.T.);
#6622 = SURFACE_CURVE('',#6623,(#6628,#6635),.PCURVE_S1.);
#6623 = CIRCLE('',#6624,1.);
#6624 = AXIS2_PLACEMENT_3D('',#6625,#6626,#6627);
#6625 = CARTESIAN_POINT('',(-20.,-61.,42.9));
#6626 = DIRECTION('',(0.,0.,1.));
#6627 = DIRECTION('',(1.,0.,0.));
#6628 = PCURVE('',#2985,#6629);
#6629 = DEFINITIONAL_REPRESENTATION('',(#6630),#6634);
#6630 = LINE('',#6631,#6632);
#6631 = CARTESIAN_POINT('',(0.,0.));
#6632 = VECTOR('',#6633,1.);
#6633 = DIRECTION('',(1.,0.));
#6634 = ( GEOMETRIC_REPRESENTATION_CONTEXT(2) 
PARAMETRIC_REPRESENTATION_CONTEXT() REPRESENTATION_CONTEXT('2D SPACE',''
  ) );
#6635 = PCURVE('',#6636,#6641);
#6636 = PLANE('',#6637);
#6637 = AXIS2_PLACEMENT_3D('',#6638,#6639,#6640);
#6638 = CARTESIAN_POINT('',(-20.,-61.,42.9));
#6639 = DIRECTION('',(0.,0.,1.));
#6640 = DIRECTION('',(1.,0.,0.));
#6641 = DEFINITIONAL_REPRESENTATION('',(#6642),#6646);
#6642 = CIRCLE('',#6643,1.);
#6643 = AXIS2_PLACEMENT_2D('',#6644,#6645);
#6644 = CARTESIAN_POINT('',(0.,0.));
#6645 = DIRECTION('',(1.,0.));
#6646 = ( GEOMETRIC_REPRESENTATION_CONTEXT(2) 
PARAMETRIC_REPRESENTATION_CONTEXT() REPRESENTATION_CONTEXT('2D SPACE',''
  ) );
#6647 = ORIENTED_EDGE('',*,*,#6598,.T.);
#6648 = ADVANCED_FACE('',(#6649),#3016,.F.);
#6649 = FACE_BOUND('',#6650,.F.);
#6650 = EDGE_LOOP('',(#6651,#6652,#6675,#6702));
#6651 = ORIENTED_EDGE('',*,*,#2999,.F.);
#6652 = ORIENTED_EDGE('',*,*,#6653,.F.);
#6653 = EDGE_CURVE('',#6654,#3000,#6656,.T.);
#6654 = VERTEX_POINT('',#6655);
#6655 = CARTESIAN_POINT('',(-34.6195526217,-36.7695526217,38.));
#6656 = SEAM_CURVE('',#6657,(#6661,#6668),.PCURVE_S1.);
#6657 = LINE('',#6658,#6659);
#6658 = CARTESIAN_POINT('',(-34.6195526217,-36.7695526217,38.));
#6659 = VECTOR('',#6660,1.);
#6660 = DIRECTION('',(0.,0.,1.));
#6661 = PCURVE('',#3016,#6662);
#6662 = DEFINITIONAL_REPRESENTATION('',(#6663),#6667);
#6663 = LINE('',#6664,#6665);
#6664 = CARTESIAN_POINT('',(6.28318530718,-0.));
#6665 = VECTOR('',#6666,1.);
#6666 = DIRECTION('',(0.,1.));
#6667 = ( GEOMETRIC_REPRESENTATION_CONTEXT(2) 
PARAMETRIC_REPRESENTATION_CONTEXT() REPRESENTATION_CONTEXT('2D SPACE',''
  ) );
#6668 = PCURVE('',#3016,#6669);
#6669 = DEFINITIONAL_REPRESENTATION('',(#6670),#6674);
#6670 = LINE('',#6671,#6672);
#6671 = CARTESIAN_POINT('',(0.,-0.));
#6672 = VECTOR('',#6673,1.);
#6673 = DIRECTION('',(0.,1.));
#6674 = ( GEOMETRIC_REPRESENTATION_CONTEXT(2) 
PARAMETRIC_REPRESENTATION_CONTEXT() REPRESENTATION_CONTEXT('2D SPACE',''
  ) );
#6675 = ORIENTED_EDGE('',*,*,#6676,.T.);
#6676 = EDGE_CURVE('',#6654,#6654,#6677,.T.);
#6677 = SURFACE_CURVE('',#6678,(#6683,#6690),.PCURVE_S1.);
#6678 = CIRCLE('',#6679,2.15);
#6679 = AXIS2_PLACEMENT_3D('',#6680,#6681,#6682);
#6680 = CARTESIAN_POINT('',(-36.7695526217,-36.7695526217,38.));
#6681 = DIRECTION('',(0.,0.,1.));
#6682 = DIRECTION('',(1.,0.,0.));
#6683 = PCURVE('',#3016,#6684);
#6684 = DEFINITIONAL_REPRESENTATION('',(#6685),#6689);
#6685 = LINE('',#6686,#6687);
#6686 = CARTESIAN_POINT('',(0.,0.));
#6687 = VECTOR('',#6688,1.);
#6688 = DIRECTION('',(1.,0.));
#6689 = ( GEOMETRIC_REPRESENTATION_CONTEXT(2) 
PARAMETRIC_REPRESENTATION_CONTEXT() REPRESENTATION_CONTEXT('2D SPACE',''
  ) );
#6690 = PCURVE('',#6691,#6696);
#6691 = PLANE('',#6692);
#6692 = AXIS2_PLACEMENT_3D('',#6693,#6694,#6695);
#6693 = CARTESIAN_POINT('',(-36.7695526217,-36.7695526217,38.));
#6694 = DIRECTION('',(0.,0.,1.));
#6695 = DIRECTION('',(1.,0.,0.));
#6696 = DEFINITIONAL_REPRESENTATION('',(#6697),#6701);
#6697 = CIRCLE('',#6698,2.15);
#6698 = AXIS2_PLACEMENT_2D('',#6699,#6700);
#6699 = CARTESIAN_POINT('',(0.,0.));
#6700 = DIRECTION('',(1.,0.));
#6701 = ( GEOMETRIC_REPRESENTATION_CONTEXT(2) 
PARAMETRIC_REPRESENTATION_CONTEXT() REPRESENTATION_CONTEXT('2D SPACE',''
  ) );
#6702 = ORIENTED_EDGE('',*,*,#6653,.T.);
#6703 = ADVANCED_FACE('',(#6704),#3047,.F.);
#6704 = FACE_BOUND('',#6705,.F.);
#6705 = EDGE_LOOP('',(#6706,#6707,#6730,#6757));
#6706 = ORIENTED_EDGE('',*,*,#3030,.F.);
#6707 = ORIENTED_EDGE('',*,*,#6708,.F.);
#6708 = EDGE_CURVE('',#6709,#3031,#6711,.T.);
#6709 = VERTEX_POINT('',#6710);
#6710 = CARTESIAN_POINT('',(-14.,-61.,42.9));
#6711 = SEAM_CURVE('',#6712,(#6716,#6723),.PCURVE_S1.);
#6712 = LINE('',#6713,#6714);
#6713 = CARTESIAN_POINT('',(-14.,-61.,42.9));
#6714 = VECTOR('',#6715,1.);
#6715 = DIRECTION('',(0.,0.,1.));
#6716 = PCURVE('',#3047,#6717);
#6717 = DEFINITIONAL_REPRESENTATION('',(#6718),#6722);
#6718 = LINE('',#6719,#6720);
#6719 = CARTESIAN_POINT('',(6.28318530718,-0.));
#6720 = VECTOR('',#6721,1.);
#6721 = DIRECTION('',(0.,1.));
#6722 = ( GEOMETRIC_REPRESENTATION_CONTEXT(2) 
PARAMETRIC_REPRESENTATION_CONTEXT() REPRESENTATION_CONTEXT('2D SPACE',''
  ) );
#6723 = PCURVE('',#3047,#6724);
#6724 = DEFINITIONAL_REPRESENTATION('',(#6725),#6729);
#6725 = LINE('',#6726,#6727);
#6726 = CARTESIAN_POINT('',(0.,-0.));
#6727 = VECTOR('',#6728,1.);
#6728 = DIRECTION('',(0.,1.));
#6729 = ( GEOMETRIC_REPRESENTATION_CONTEXT(2) 
PARAMETRIC_REPRESENTATION_CONTEXT() REPRESENTATION_CONTEXT('2D SPACE',''
  ) );
#6730 = ORIENTED_EDGE('',*,*,#6731,.T.);
#6731 = EDGE_CURVE('',#6709,#6709,#6732,.T.);
#6732 = SURFACE_CURVE('',#6733,(#6738,#6745),.PCURVE_S1.);
#6733 = CIRCLE('',#6734,1.);
#6734 = AXIS2_PLACEMENT_3D('',#6735,#6736,#6737);
#6735 = CARTESIAN_POINT('',(-15.,-61.,42.9));
#6736 = DIRECTION('',(0.,0.,1.));
#6737 = DIRECTION('',(1.,0.,0.));
#6738 = PCURVE('',#3047,#6739);
#6739 = DEFINITIONAL_REPRESENTATION('',(#6740),#6744);
#6740 = LINE('',#6741,#6742);
#6741 = CARTESIAN_POINT('',(0.,0.));
#6742 = VECTOR('',#6743,1.);
#6743 = DIRECTION('',(1.,0.));
#6744 = ( GEOMETRIC_REPRESENTATION_CONTEXT(2) 
PARAMETRIC_REPRESENTATION_CONTEXT() REPRESENTATION_CONTEXT('2D SPACE',''
  ) );
#6745 = PCURVE('',#6746,#6751);
#6746 = PLANE('',#6747);
#6747 = AXIS2_PLACEMENT_3D('',#6748,#6749,#6750);
#6748 = CARTESIAN_POINT('',(-15.,-61.,42.9));
#6749 = DIRECTION('',(0.,0.,1.));
#6750 = DIRECTION('',(1.,0.,0.));
#6751 = DEFINITIONAL_REPRESENTATION('',(#6752),#6756);
#6752 = CIRCLE('',#6753,1.);
#6753 = AXIS2_PLACEMENT_2D('',#6754,#6755);
#6754 = CARTESIAN_POINT('',(0.,0.));
#6755 = DIRECTION('',(1.,0.));
#6756 = ( GEOMETRIC_REPRESENTATION_CONTEXT(2) 
PARAMETRIC_REPRESENTATION_CONTEXT() REPRESENTATION_CONTEXT('2D SPACE',''
  ) );
#6757 = ORIENTED_EDGE('',*,*,#6708,.T.);
#6758 = ADVANCED_FACE('',(#6759),#3078,.F.);
#6759 = FACE_BOUND('',#6760,.F.);
#6760 = EDGE_LOOP('',(#6761,#6762,#6785,#6812));
#6761 = ORIENTED_EDGE('',*,*,#3061,.F.);
#6762 = ORIENTED_EDGE('',*,*,#6763,.F.);
#6763 = EDGE_CURVE('',#6764,#3062,#6766,.T.);
#6764 = VERTEX_POINT('',#6765);
#6765 = CARTESIAN_POINT('',(-9.,-61.,42.9));
#6766 = SEAM_CURVE('',#6767,(#6771,#6778),.PCURVE_S1.);
#6767 = LINE('',#6768,#6769);
#6768 = CARTESIAN_POINT('',(-9.,-61.,42.9));
#6769 = VECTOR('',#6770,1.);
#6770 = DIRECTION('',(0.,0.,1.));
#6771 = PCURVE('',#3078,#6772);
#6772 = DEFINITIONAL_REPRESENTATION('',(#6773),#6777);
#6773 = LINE('',#6774,#6775);
#6774 = CARTESIAN_POINT('',(6.28318530718,-0.));
#6775 = VECTOR('',#6776,1.);
#6776 = DIRECTION('',(0.,1.));
#6777 = ( GEOMETRIC_REPRESENTATION_CONTEXT(2) 
PARAMETRIC_REPRESENTATION_CONTEXT() REPRESENTATION_CONTEXT('2D SPACE',''
  ) );
#6778 = PCURVE('',#3078,#6779);
#6779 = DEFINITIONAL_REPRESENTATION('',(#6780),#6784);
#6780 = LINE('',#6781,#6782);
#6781 = CARTESIAN_POINT('',(0.,-0.));
#6782 = VECTOR('',#6783,1.);
#6783 = DIRECTION('',(0.,1.));
#6784 = ( GEOMETRIC_REPRESENTATION_CONTEXT(2) 
PARAMETRIC_REPRESENTATION_CONTEXT() REPRESENTATION_CONTEXT('2D SPACE',''
  ) );
#6785 = ORIENTED_EDGE('',*,*,#6786,.T.);
#6786 = EDGE_CURVE('',#6764,#6764,#6787,.T.);
#6787 = SURFACE_CURVE('',#6788,(#6793,#6800),.PCURVE_S1.);
#6788 = CIRCLE('',#6789,1.);
#6789 = AXIS2_PLACEMENT_3D('',#6790,#6791,#6792);
#6790 = CARTESIAN_POINT('',(-10.,-61.,42.9));
#6791 = DIRECTION('',(0.,0.,1.));
#6792 = DIRECTION('',(1.,0.,0.));
#6793 = PCURVE('',#3078,#6794);
#6794 = DEFINITIONAL_REPRESENTATION('',(#6795),#6799);
#6795 = LINE('',#6796,#6797);
#6796 = CARTESIAN_POINT('',(0.,0.));
#6797 = VECTOR('',#6798,1.);
#6798 = DIRECTION('',(1.,0.));
#6799 = ( GEOMETRIC_REPRESENTATION_CONTEXT(2) 
PARAMETRIC_REPRESENTATION_CONTEXT() REPRESENTATION_CONTEXT('2D SPACE',''
  ) );
#6800 = PCURVE('',#6801,#6806);
#6801 = PLANE('',#6802);
#6802 = AXIS2_PLACEMENT_3D('',#6803,#6804,#6805);
#6803 = CARTESIAN_POINT('',(-10.,-61.,42.9));
#6804 = DIRECTION('',(0.,0.,1.));
#6805 = DIRECTION('',(1.,0.,0.));
#6806 = DEFINITIONAL_REPRESENTATION('',(#6807),#6811);
#6807 = CIRCLE('',#6808,1.);
#6808 = AXIS2_PLACEMENT_2D('',#6809,#6810);
#6809 = CARTESIAN_POINT('',(0.,0.));
#6810 = DIRECTION('',(1.,0.));
#6811 = ( GEOMETRIC_REPRESENTATION_CONTEXT(2) 
PARAMETRIC_REPRESENTATION_CONTEXT() REPRESENTATION_CONTEXT('2D SPACE',''
  ) );
#6812 = ORIENTED_EDGE('',*,*,#6763,.T.);
#6813 = ADVANCED_FACE('',(#6814),#3109,.F.);
#6814 = FACE_BOUND('',#6815,.F.);
#6815 = EDGE_LOOP('',(#6816,#6817,#6840,#6867));
#6816 = ORIENTED_EDGE('',*,*,#3092,.F.);
#6817 = ORIENTED_EDGE('',*,*,#6818,.F.);
#6818 = EDGE_CURVE('',#6819,#3093,#6821,.T.);
#6819 = VERTEX_POINT('',#6820);
#6820 = CARTESIAN_POINT('',(-4.,-61.,42.9));
#6821 = SEAM_CURVE('',#6822,(#6826,#6833),.PCURVE_S1.);
#6822 = LINE('',#6823,#6824);
#6823 = CARTESIAN_POINT('',(-4.,-61.,42.9));
#6824 = VECTOR('',#6825,1.);
#6825 = DIRECTION('',(0.,0.,1.));
#6826 = PCURVE('',#3109,#6827);
#6827 = DEFINITIONAL_REPRESENTATION('',(#6828),#6832);
#6828 = LINE('',#6829,#6830);
#6829 = CARTESIAN_POINT('',(6.28318530718,-0.));
#6830 = VECTOR('',#6831,1.);
#6831 = DIRECTION('',(0.,1.));
#6832 = ( GEOMETRIC_REPRESENTATION_CONTEXT(2) 
PARAMETRIC_REPRESENTATION_CONTEXT() REPRESENTATION_CONTEXT('2D SPACE',''
  ) );
#6833 = PCURVE('',#3109,#6834);
#6834 = DEFINITIONAL_REPRESENTATION('',(#6835),#6839);
#6835 = LINE('',#6836,#6837);
#6836 = CARTESIAN_POINT('',(0.,-0.));
#6837 = VECTOR('',#6838,1.);
#6838 = DIRECTION('',(0.,1.));
#6839 = ( GEOMETRIC_REPRESENTATION_CONTEXT(2) 
PARAMETRIC_REPRESENTATION_CONTEXT() REPRESENTATION_CONTEXT('2D SPACE',''
  ) );
#6840 = ORIENTED_EDGE('',*,*,#6841,.T.);
#6841 = EDGE_CURVE('',#6819,#6819,#6842,.T.);
#6842 = SURFACE_CURVE('',#6843,(#6848,#6855),.PCURVE_S1.);
#6843 = CIRCLE('',#6844,1.);
#6844 = AXIS2_PLACEMENT_3D('',#6845,#6846,#6847);
#6845 = CARTESIAN_POINT('',(-5.,-61.,42.9));
#6846 = DIRECTION('',(0.,0.,1.));
#6847 = DIRECTION('',(1.,0.,0.));
#6848 = PCURVE('',#3109,#6849);
#6849 = DEFINITIONAL_REPRESENTATION('',(#6850),#6854);
#6850 = LINE('',#6851,#6852);
#6851 = CARTESIAN_POINT('',(0.,0.));
#6852 = VECTOR('',#6853,1.);
#6853 = DIRECTION('',(1.,0.));
#6854 = ( GEOMETRIC_REPRESENTATION_CONTEXT(2) 
PARAMETRIC_REPRESENTATION_CONTEXT() REPRESENTATION_CONTEXT('2D SPACE',''
  ) );
#6855 = PCURVE('',#6856,#6861);
#6856 = PLANE('',#6857);
#6857 = AXIS2_PLACEMENT_3D('',#6858,#6859,#6860);
#6858 = CARTESIAN_POINT('',(-5.,-61.,42.9));
#6859 = DIRECTION('',(0.,0.,1.));
#6860 = DIRECTION('',(1.,0.,0.));
#6861 = DEFINITIONAL_REPRESENTATION('',(#6862),#6866);
#6862 = CIRCLE('',#6863,1.);
#6863 = AXIS2_PLACEMENT_2D('',#6864,#6865);
#6864 = CARTESIAN_POINT('',(0.,0.));
#6865 = DIRECTION('',(1.,0.));
#6866 = ( GEOMETRIC_REPRESENTATION_CONTEXT(2) 
PARAMETRIC_REPRESENTATION_CONTEXT() REPRESENTATION_CONTEXT('2D SPACE',''
  ) );
#6867 = ORIENTED_EDGE('',*,*,#6818,.T.);
#6868 = ADVANCED_FACE('',(#6869),#3140,.F.);
#6869 = FACE_BOUND('',#6870,.F.);
#6870 = EDGE_LOOP('',(#6871,#6872,#6895,#6922));
#6871 = ORIENTED_EDGE('',*,*,#3123,.F.);
#6872 = ORIENTED_EDGE('',*,*,#6873,.F.);
#6873 = EDGE_CURVE('',#6874,#3124,#6876,.T.);
#6874 = VERTEX_POINT('',#6875);
#6875 = CARTESIAN_POINT('',(1.6,-61.,42.9));
#6876 = SEAM_CURVE('',#6877,(#6881,#6888),.PCURVE_S1.);
#6877 = LINE('',#6878,#6879);
#6878 = CARTESIAN_POINT('',(1.6,-61.,42.9));
#6879 = VECTOR('',#6880,1.);
#6880 = DIRECTION('',(0.,0.,1.));
#6881 = PCURVE('',#3140,#6882);
#6882 = DEFINITIONAL_REPRESENTATION('',(#6883),#6887);
#6883 = LINE('',#6884,#6885);
#6884 = CARTESIAN_POINT('',(6.28318530718,-0.));
#6885 = VECTOR('',#6886,1.);
#6886 = DIRECTION('',(0.,1.));
#6887 = ( GEOMETRIC_REPRESENTATION_CONTEXT(2) 
PARAMETRIC_REPRESENTATION_CONTEXT() REPRESENTATION_CONTEXT('2D SPACE',''
  ) );
#6888 = PCURVE('',#3140,#6889);
#6889 = DEFINITIONAL_REPRESENTATION('',(#6890),#6894);
#6890 = LINE('',#6891,#6892);
#6891 = CARTESIAN_POINT('',(0.,-0.));
#6892 = VECTOR('',#6893,1.);
#6893 = DIRECTION('',(0.,1.));
#6894 = ( GEOMETRIC_REPRESENTATION_CONTEXT(2) 
PARAMETRIC_REPRESENTATION_CONTEXT() REPRESENTATION_CONTEXT('2D SPACE',''
  ) );
#6895 = ORIENTED_EDGE('',*,*,#6896,.T.);
#6896 = EDGE_CURVE('',#6874,#6874,#6897,.T.);
#6897 = SURFACE_CURVE('',#6898,(#6903,#6910),.PCURVE_S1.);
#6898 = CIRCLE('',#6899,1.6);
#6899 = AXIS2_PLACEMENT_3D('',#6900,#6901,#6902);
#6900 = CARTESIAN_POINT('',(0.,-61.,42.9));
#6901 = DIRECTION('',(0.,0.,1.));
#6902 = DIRECTION('',(1.,0.,0.));
#6903 = PCURVE('',#3140,#6904);
#6904 = DEFINITIONAL_REPRESENTATION('',(#6905),#6909);
#6905 = LINE('',#6906,#6907);
#6906 = CARTESIAN_POINT('',(0.,0.));
#6907 = VECTOR('',#6908,1.);
#6908 = DIRECTION('',(1.,0.));
#6909 = ( GEOMETRIC_REPRESENTATION_CONTEXT(2) 
PARAMETRIC_REPRESENTATION_CONTEXT() REPRESENTATION_CONTEXT('2D SPACE',''
  ) );
#6910 = PCURVE('',#6911,#6916);
#6911 = PLANE('',#6912);
#6912 = AXIS2_PLACEMENT_3D('',#6913,#6914,#6915);
#6913 = CARTESIAN_POINT('',(0.,-61.,42.9));
#6914 = DIRECTION('',(0.,0.,1.));
#6915 = DIRECTION('',(1.,0.,0.));
#6916 = DEFINITIONAL_REPRESENTATION('',(#6917),#6921);
#6917 = CIRCLE('',#6918,1.6);
#6918 = AXIS2_PLACEMENT_2D('',#6919,#6920);
#6919 = CARTESIAN_POINT('',(0.,0.));
#6920 = DIRECTION('',(1.,0.));
#6921 = ( GEOMETRIC_REPRESENTATION_CONTEXT(2) 
PARAMETRIC_REPRESENTATION_CONTEXT() REPRESENTATION_CONTEXT('2D SPACE',''
  ) );
#6922 = ORIENTED_EDGE('',*,*,#6873,.T.);
#6923 = ADVANCED_FACE('',(#6924),#3171,.F.);
#6924 = FACE_BOUND('',#6925,.F.);
#6925 = EDGE_LOOP('',(#6926,#6927,#6950,#6977));
#6926 = ORIENTED_EDGE('',*,*,#3154,.F.);
#6927 = ORIENTED_EDGE('',*,*,#6928,.F.);
#6928 = EDGE_CURVE('',#6929,#3155,#6931,.T.);
#6929 = VERTEX_POINT('',#6930);
#6930 = CARTESIAN_POINT('',(6.,-61.,42.9));
#6931 = SEAM_CURVE('',#6932,(#6936,#6943),.PCURVE_S1.);
#6932 = LINE('',#6933,#6934);
#6933 = CARTESIAN_POINT('',(6.,-61.,42.9));
#6934 = VECTOR('',#6935,1.);
#6935 = DIRECTION('',(0.,0.,1.));
#6936 = PCURVE('',#3171,#6937);
#6937 = DEFINITIONAL_REPRESENTATION('',(#6938),#6942);
#6938 = LINE('',#6939,#6940);
#6939 = CARTESIAN_POINT('',(6.28318530718,-0.));
#6940 = VECTOR('',#6941,1.);
#6941 = DIRECTION('',(0.,1.));
#6942 = ( GEOMETRIC_REPRESENTATION_CONTEXT(2) 
PARAMETRIC_REPRESENTATION_CONTEXT() REPRESENTATION_CONTEXT('2D SPACE',''
  ) );
#6943 = PCURVE('',#3171,#6944);
#6944 = DEFINITIONAL_REPRESENTATION('',(#6945),#6949);
#6945 = LINE('',#6946,#6947);
#6946 = CARTESIAN_POINT('',(0.,-0.));
#6947 = VECTOR('',#6948,1.);
#6948 = DIRECTION('',(0.,1.));
#6949 = ( GEOMETRIC_REPRESENTATION_CONTEXT(2) 
PARAMETRIC_REPRESENTATION_CONTEXT() REPRESENTATION_CONTEXT('2D SPACE',''
  ) );
#6950 = ORIENTED_EDGE('',*,*,#6951,.T.);
#6951 = EDGE_CURVE('',#6929,#6929,#6952,.T.);
#6952 = SURFACE_CURVE('',#6953,(#6958,#6965),.PCURVE_S1.);
#6953 = CIRCLE('',#6954,1.);
#6954 = AXIS2_PLACEMENT_3D('',#6955,#6956,#6957);
#6955 = CARTESIAN_POINT('',(5.,-61.,42.9));
#6956 = DIRECTION('',(0.,0.,1.));
#6957 = DIRECTION('',(1.,0.,0.));
#6958 = PCURVE('',#3171,#6959);
#6959 = DEFINITIONAL_REPRESENTATION('',(#6960),#6964);
#6960 = LINE('',#6961,#6962);
#6961 = CARTESIAN_POINT('',(0.,0.));
#6962 = VECTOR('',#6963,1.);
#6963 = DIRECTION('',(1.,0.));
#6964 = ( GEOMETRIC_REPRESENTATION_CONTEXT(2) 
PARAMETRIC_REPRESENTATION_CONTEXT() REPRESENTATION_CONTEXT('2D SPACE',''
  ) );
#6965 = PCURVE('',#6966,#6971);
#6966 = PLANE('',#6967);
#6967 = AXIS2_PLACEMENT_3D('',#6968,#6969,#6970);
#6968 = CARTESIAN_POINT('',(5.,-61.,42.9));
#6969 = DIRECTION('',(0.,0.,1.));
#6970 = DIRECTION('',(1.,0.,0.));
#6971 = DEFINITIONAL_REPRESENTATION('',(#6972),#6976);
#6972 = CIRCLE('',#6973,1.);
#6973 = AXIS2_PLACEMENT_2D('',#6974,#6975);
#6974 = CARTESIAN_POINT('',(0.,0.));
#6975 = DIRECTION('',(1.,0.));
#6976 = ( GEOMETRIC_REPRESENTATION_CONTEXT(2) 
PARAMETRIC_REPRESENTATION_CONTEXT() REPRESENTATION_CONTEXT('2D SPACE',''
  ) );
#6977 = ORIENTED_EDGE('',*,*,#6928,.T.);
#6978 = ADVANCED_FACE('',(#6979),#3202,.F.);
#6979 = FACE_BOUND('',#6980,.F.);
#6980 = EDGE_LOOP('',(#6981,#6982,#7005,#7032));
#6981 = ORIENTED_EDGE('',*,*,#3185,.F.);
#6982 = ORIENTED_EDGE('',*,*,#6983,.F.);
#6983 = EDGE_CURVE('',#6984,#3186,#6986,.T.);
#6984 = VERTEX_POINT('',#6985);
#6985 = CARTESIAN_POINT('',(11.,-61.,42.9));
#6986 = SEAM_CURVE('',#6987,(#6991,#6998),.PCURVE_S1.);
#6987 = LINE('',#6988,#6989);
#6988 = CARTESIAN_POINT('',(11.,-61.,42.9));
#6989 = VECTOR('',#6990,1.);
#6990 = DIRECTION('',(0.,0.,1.));
#6991 = PCURVE('',#3202,#6992);
#6992 = DEFINITIONAL_REPRESENTATION('',(#6993),#6997);
#6993 = LINE('',#6994,#6995);
#6994 = CARTESIAN_POINT('',(6.28318530718,-0.));
#6995 = VECTOR('',#6996,1.);
#6996 = DIRECTION('',(0.,1.));
#6997 = ( GEOMETRIC_REPRESENTATION_CONTEXT(2) 
PARAMETRIC_REPRESENTATION_CONTEXT() REPRESENTATION_CONTEXT('2D SPACE',''
  ) );
#6998 = PCURVE('',#3202,#6999);
#6999 = DEFINITIONAL_REPRESENTATION('',(#7000),#7004);
#7000 = LINE('',#7001,#7002);
#7001 = CARTESIAN_POINT('',(0.,-0.));
#7002 = VECTOR('',#7003,1.);
#7003 = DIRECTION('',(0.,1.));
#7004 = ( GEOMETRIC_REPRESENTATION_CONTEXT(2) 
PARAMETRIC_REPRESENTATION_CONTEXT() REPRESENTATION_CONTEXT('2D SPACE',''
  ) );
#7005 = ORIENTED_EDGE('',*,*,#7006,.T.);
#7006 = EDGE_CURVE('',#6984,#6984,#7007,.T.);
#7007 = SURFACE_CURVE('',#7008,(#7013,#7020),.PCURVE_S1.);
#7008 = CIRCLE('',#7009,1.);
#7009 = AXIS2_PLACEMENT_3D('',#7010,#7011,#7012);
#7010 = CARTESIAN_POINT('',(10.,-61.,42.9));
#7011 = DIRECTION('',(0.,0.,1.));
#7012 = DIRECTION('',(1.,0.,0.));
#7013 = PCURVE('',#3202,#7014);
#7014 = DEFINITIONAL_REPRESENTATION('',(#7015),#7019);
#7015 = LINE('',#7016,#7017);
#7016 = CARTESIAN_POINT('',(0.,0.));
#7017 = VECTOR('',#7018,1.);
#7018 = DIRECTION('',(1.,0.));
#7019 = ( GEOMETRIC_REPRESENTATION_CONTEXT(2) 
PARAMETRIC_REPRESENTATION_CONTEXT() REPRESENTATION_CONTEXT('2D SPACE',''
  ) );
#7020 = PCURVE('',#7021,#7026);
#7021 = PLANE('',#7022);
#7022 = AXIS2_PLACEMENT_3D('',#7023,#7024,#7025);
#7023 = CARTESIAN_POINT('',(10.,-61.,42.9));
#7024 = DIRECTION('',(0.,0.,1.));
#7025 = DIRECTION('',(1.,0.,0.));
#7026 = DEFINITIONAL_REPRESENTATION('',(#7027),#7031);
#7027 = CIRCLE('',#7028,1.);
#7028 = AXIS2_PLACEMENT_2D('',#7029,#7030);
#7029 = CARTESIAN_POINT('',(0.,0.));
#7030 = DIRECTION('',(1.,0.));
#7031 = ( GEOMETRIC_REPRESENTATION_CONTEXT(2) 
PARAMETRIC_REPRESENTATION_CONTEXT() REPRESENTATION_CONTEXT('2D SPACE',''
  ) );
#7032 = ORIENTED_EDGE('',*,*,#6983,.T.);
#7033 = ADVANCED_FACE('',(#7034),#3233,.F.);
#7034 = FACE_BOUND('',#7035,.F.);
#7035 = EDGE_LOOP('',(#7036,#7037,#7060,#7087));
#7036 = ORIENTED_EDGE('',*,*,#3216,.F.);
#7037 = ORIENTED_EDGE('',*,*,#7038,.F.);
#7038 = EDGE_CURVE('',#7039,#3217,#7041,.T.);
#7039 = VERTEX_POINT('',#7040);
#7040 = CARTESIAN_POINT('',(16.,-61.,42.9));
#7041 = SEAM_CURVE('',#7042,(#7046,#7053),.PCURVE_S1.);
#7042 = LINE('',#7043,#7044);
#7043 = CARTESIAN_POINT('',(16.,-61.,42.9));
#7044 = VECTOR('',#7045,1.);
#7045 = DIRECTION('',(0.,0.,1.));
#7046 = PCURVE('',#3233,#7047);
#7047 = DEFINITIONAL_REPRESENTATION('',(#7048),#7052);
#7048 = LINE('',#7049,#7050);
#7049 = CARTESIAN_POINT('',(6.28318530718,-0.));
#7050 = VECTOR('',#7051,1.);
#7051 = DIRECTION('',(0.,1.));
#7052 = ( GEOMETRIC_REPRESENTATION_CONTEXT(2) 
PARAMETRIC_REPRESENTATION_CONTEXT() REPRESENTATION_CONTEXT('2D SPACE',''
  ) );
#7053 = PCURVE('',#3233,#7054);
#7054 = DEFINITIONAL_REPRESENTATION('',(#7055),#7059);
#7055 = LINE('',#7056,#7057);
#7056 = CARTESIAN_POINT('',(0.,-0.));
#7057 = VECTOR('',#7058,1.);
#7058 = DIRECTION('',(0.,1.));
#7059 = ( GEOMETRIC_REPRESENTATION_CONTEXT(2) 
PARAMETRIC_REPRESENTATION_CONTEXT() REPRESENTATION_CONTEXT('2D SPACE',''
  ) );
#7060 = ORIENTED_EDGE('',*,*,#7061,.T.);
#7061 = EDGE_CURVE('',#7039,#7039,#7062,.T.);
#7062 = SURFACE_CURVE('',#7063,(#7068,#7075),.PCURVE_S1.);
#7063 = CIRCLE('',#7064,1.);
#7064 = AXIS2_PLACEMENT_3D('',#7065,#7066,#7067);
#7065 = CARTESIAN_POINT('',(15.,-61.,42.9));
#7066 = DIRECTION('',(0.,0.,1.));
#7067 = DIRECTION('',(1.,0.,0.));
#7068 = PCURVE('',#3233,#7069);
#7069 = DEFINITIONAL_REPRESENTATION('',(#7070),#7074);
#7070 = LINE('',#7071,#7072);
#7071 = CARTESIAN_POINT('',(0.,0.));
#7072 = VECTOR('',#7073,1.);
#7073 = DIRECTION('',(1.,0.));
#7074 = ( GEOMETRIC_REPRESENTATION_CONTEXT(2) 
PARAMETRIC_REPRESENTATION_CONTEXT() REPRESENTATION_CONTEXT('2D SPACE',''
  ) );
#7075 = PCURVE('',#7076,#7081);
#7076 = PLANE('',#7077);
#7077 = AXIS2_PLACEMENT_3D('',#7078,#7079,#7080);
#7078 = CARTESIAN_POINT('',(15.,-61.,42.9));
#7079 = DIRECTION('',(0.,0.,1.));
#7080 = DIRECTION('',(1.,0.,0.));
#7081 = DEFINITIONAL_REPRESENTATION('',(#7082),#7086);
#7082 = CIRCLE('',#7083,1.);
#7083 = AXIS2_PLACEMENT_2D('',#7084,#7085);
#7084 = CARTESIAN_POINT('',(0.,0.));
#7085 = DIRECTION('',(1.,0.));
#7086 = ( GEOMETRIC_REPRESENTATION_CONTEXT(2) 
PARAMETRIC_REPRESENTATION_CONTEXT() REPRESENTATION_CONTEXT('2D SPACE',''
  ) );
#7087 = ORIENTED_EDGE('',*,*,#7038,.T.);
#7088 = ADVANCED_FACE('',(#7089),#3264,.F.);
#7089 = FACE_BOUND('',#7090,.F.);
#7090 = EDGE_LOOP('',(#7091,#7092,#7115,#7142));
#7091 = ORIENTED_EDGE('',*,*,#3247,.F.);
#7092 = ORIENTED_EDGE('',*,*,#7093,.F.);
#7093 = EDGE_CURVE('',#7094,#3248,#7096,.T.);
#7094 = VERTEX_POINT('',#7095);
#7095 = CARTESIAN_POINT('',(21.,-61.,42.9));
#7096 = SEAM_CURVE('',#7097,(#7101,#7108),.PCURVE_S1.);
#7097 = LINE('',#7098,#7099);
#7098 = CARTESIAN_POINT('',(21.,-61.,42.9));
#7099 = VECTOR('',#7100,1.);
#7100 = DIRECTION('',(0.,0.,1.));
#7101 = PCURVE('',#3264,#7102);
#7102 = DEFINITIONAL_REPRESENTATION('',(#7103),#7107);
#7103 = LINE('',#7104,#7105);
#7104 = CARTESIAN_POINT('',(6.28318530718,-0.));
#7105 = VECTOR('',#7106,1.);
#7106 = DIRECTION('',(0.,1.));
#7107 = ( GEOMETRIC_REPRESENTATION_CONTEXT(2) 
PARAMETRIC_REPRESENTATION_CONTEXT() REPRESENTATION_CONTEXT('2D SPACE',''
  ) );
#7108 = PCURVE('',#3264,#7109);
#7109 = DEFINITIONAL_REPRESENTATION('',(#7110),#7114);
#7110 = LINE('',#7111,#7112);
#7111 = CARTESIAN_POINT('',(0.,-0.));
#7112 = VECTOR('',#7113,1.);
#7113 = DIRECTION('',(0.,1.));
#7114 = ( GEOMETRIC_REPRESENTATION_CONTEXT(2) 
PARAMETRIC_REPRESENTATION_CONTEXT() REPRESENTATION_CONTEXT('2D SPACE',''
  ) );
#7115 = ORIENTED_EDGE('',*,*,#7116,.T.);
#7116 = EDGE_CURVE('',#7094,#7094,#7117,.T.);
#7117 = SURFACE_CURVE('',#7118,(#7123,#7130),.PCURVE_S1.);
#7118 = CIRCLE('',#7119,1.);
#7119 = AXIS2_PLACEMENT_3D('',#7120,#7121,#7122);
#7120 = CARTESIAN_POINT('',(20.,-61.,42.9));
#7121 = DIRECTION('',(0.,0.,1.));
#7122 = DIRECTION('',(1.,0.,0.));
#7123 = PCURVE('',#3264,#7124);
#7124 = DEFINITIONAL_REPRESENTATION('',(#7125),#7129);
#7125 = LINE('',#7126,#7127);
#7126 = CARTESIAN_POINT('',(0.,0.));
#7127 = VECTOR('',#7128,1.);
#7128 = DIRECTION('',(1.,0.));
#7129 = ( GEOMETRIC_REPRESENTATION_CONTEXT(2) 
PARAMETRIC_REPRESENTATION_CONTEXT() REPRESENTATION_CONTEXT('2D SPACE',''
  ) );
#7130 = PCURVE('',#7131,#7136);
#7131 = PLANE('',#7132);
#7132 = AXIS2_PLACEMENT_3D('',#7133,#7134,#7135);
#7133 = CARTESIAN_POINT('',(20.,-61.,42.9));
#7134 = DIRECTION('',(0.,0.,1.));
#7135 = DIRECTION('',(1.,0.,0.));
#7136 = DEFINITIONAL_REPRESENTATION('',(#7137),#7141);
#7137 = CIRCLE('',#7138,1.);
#7138 = AXIS2_PLACEMENT_2D('',#7139,#7140);
#7139 = CARTESIAN_POINT('',(0.,0.));
#7140 = DIRECTION('',(1.,0.));
#7141 = ( GEOMETRIC_REPRESENTATION_CONTEXT(2) 
PARAMETRIC_REPRESENTATION_CONTEXT() REPRESENTATION_CONTEXT('2D SPACE',''
  ) );
#7142 = ORIENTED_EDGE('',*,*,#7093,.T.);
#7143 = ADVANCED_FACE('',(#7144),#3295,.F.);
#7144 = FACE_BOUND('',#7145,.F.);
#7145 = EDGE_LOOP('',(#7146,#7147,#7170,#7197));
#7146 = ORIENTED_EDGE('',*,*,#3278,.F.);
#7147 = ORIENTED_EDGE('',*,*,#7148,.F.);
#7148 = EDGE_CURVE('',#7149,#3279,#7151,.T.);
#7149 = VERTEX_POINT('',#7150);
#7150 = CARTESIAN_POINT('',(26.,-61.,42.9));
#7151 = SEAM_CURVE('',#7152,(#7156,#7163),.PCURVE_S1.);
#7152 = LINE('',#7153,#7154);
#7153 = CARTESIAN_POINT('',(26.,-61.,42.9));
#7154 = VECTOR('',#7155,1.);
#7155 = DIRECTION('',(0.,0.,1.));
#7156 = PCURVE('',#3295,#7157);
#7157 = DEFINITIONAL_REPRESENTATION('',(#7158),#7162);
#7158 = LINE('',#7159,#7160);
#7159 = CARTESIAN_POINT('',(6.28318530718,-0.));
#7160 = VECTOR('',#7161,1.);
#7161 = DIRECTION('',(0.,1.));
#7162 = ( GEOMETRIC_REPRESENTATION_CONTEXT(2) 
PARAMETRIC_REPRESENTATION_CONTEXT() REPRESENTATION_CONTEXT('2D SPACE',''
  ) );
#7163 = PCURVE('',#3295,#7164);
#7164 = DEFINITIONAL_REPRESENTATION('',(#7165),#7169);
#7165 = LINE('',#7166,#7167);
#7166 = CARTESIAN_POINT('',(0.,-0.));
#7167 = VECTOR('',#7168,1.);
#7168 = DIRECTION('',(0.,1.));
#7169 = ( GEOMETRIC_REPRESENTATION_CONTEXT(2) 
PARAMETRIC_REPRESENTATION_CONTEXT() REPRESENTATION_CONTEXT('2D SPACE',''
  ) );
#7170 = ORIENTED_EDGE('',*,*,#7171,.T.);
#7171 = EDGE_CURVE('',#7149,#7149,#7172,.T.);
#7172 = SURFACE_CURVE('',#7173,(#7178,#7185),.PCURVE_S1.);
#7173 = CIRCLE('',#7174,1.);
#7174 = AXIS2_PLACEMENT_3D('',#7175,#7176,#7177);
#7175 = CARTESIAN_POINT('',(25.,-61.,42.9));
#7176 = DIRECTION('',(0.,0.,1.));
#7177 = DIRECTION('',(1.,0.,0.));
#7178 = PCURVE('',#3295,#7179);
#7179 = DEFINITIONAL_REPRESENTATION('',(#7180),#7184);
#7180 = LINE('',#7181,#7182);
#7181 = CARTESIAN_POINT('',(0.,0.));
#7182 = VECTOR('',#7183,1.);
#7183 = DIRECTION('',(1.,0.));
#7184 = ( GEOMETRIC_REPRESENTATION_CONTEXT(2) 
PARAMETRIC_REPRESENTATION_CONTEXT() REPRESENTATION_CONTEXT('2D SPACE',''
  ) );
#7185 = PCURVE('',#7186,#7191);
#7186 = PLANE('',#7187);
#7187 = AXIS2_PLACEMENT_3D('',#7188,#7189,#7190);
#7188 = CARTESIAN_POINT('',(25.,-61.,42.9));
#7189 = DIRECTION('',(0.,0.,1.));
#7190 = DIRECTION('',(1.,0.,0.));
#7191 = DEFINITIONAL_REPRESENTATION('',(#7192),#7196);
#7192 = CIRCLE('',#7193,1.);
#7193 = AXIS2_PLACEMENT_2D('',#7194,#7195);
#7194 = CARTESIAN_POINT('',(0.,0.));
#7195 = DIRECTION('',(1.,0.));
#7196 = ( GEOMETRIC_REPRESENTATION_CONTEXT(2) 
PARAMETRIC_REPRESENTATION_CONTEXT() REPRESENTATION_CONTEXT('2D SPACE',''
  ) );
#7197 = ORIENTED_EDGE('',*,*,#7148,.T.);
#7198 = ADVANCED_FACE('',(#7199),#3326,.F.);
#7199 = FACE_BOUND('',#7200,.F.);
#7200 = EDGE_LOOP('',(#7201,#7202,#7225,#7252));
#7201 = ORIENTED_EDGE('',*,*,#3309,.F.);
#7202 = ORIENTED_EDGE('',*,*,#7203,.F.);
#7203 = EDGE_CURVE('',#7204,#3310,#7206,.T.);
#7204 = VERTEX_POINT('',#7205);
#7205 = CARTESIAN_POINT('',(-28.52301414856,53.029875201447,42.9));
#7206 = SEAM_CURVE('',#7207,(#7211,#7218),.PCURVE_S1.);
#7207 = LINE('',#7208,#7209);
#7208 = CARTESIAN_POINT('',(-28.52301414856,53.029875201447,42.9));
#7209 = VECTOR('',#7210,1.);
#7210 = DIRECTION('',(0.,0.,1.));
#7211 = PCURVE('',#3326,#7212);
#7212 = DEFINITIONAL_REPRESENTATION('',(#7213),#7217);
#7213 = LINE('',#7214,#7215);
#7214 = CARTESIAN_POINT('',(6.28318530718,-0.));
#7215 = VECTOR('',#7216,1.);
#7216 = DIRECTION('',(0.,1.));
#7217 = ( GEOMETRIC_REPRESENTATION_CONTEXT(2) 
PARAMETRIC_REPRESENTATION_CONTEXT() REPRESENTATION_CONTEXT('2D SPACE',''
  ) );
#7218 = PCURVE('',#3326,#7219);
#7219 = DEFINITIONAL_REPRESENTATION('',(#7220),#7224);
#7220 = LINE('',#7221,#7222);
#7221 = CARTESIAN_POINT('',(0.,-0.));
#7222 = VECTOR('',#7223,1.);
#7223 = DIRECTION('',(0.,1.));
#7224 = ( GEOMETRIC_REPRESENTATION_CONTEXT(2) 
PARAMETRIC_REPRESENTATION_CONTEXT() REPRESENTATION_CONTEXT('2D SPACE',''
  ) );
#7225 = ORIENTED_EDGE('',*,*,#7226,.T.);
#7226 = EDGE_CURVE('',#7204,#7204,#7227,.T.);
#7227 = SURFACE_CURVE('',#7228,(#7233,#7240),.PCURVE_S1.);
#7228 = CIRCLE('',#7229,1.3);
#7229 = AXIS2_PLACEMENT_3D('',#7230,#7231,#7232);
#7230 = CARTESIAN_POINT('',(-29.65434884236,52.389498897542,42.9));
#7231 = DIRECTION('',(0.,-0.,1.));
#7232 = DIRECTION('',(0.87025745677,0.49259715685,0.));
#7233 = PCURVE('',#3326,#7234);
#7234 = DEFINITIONAL_REPRESENTATION('',(#7235),#7239);
#7235 = LINE('',#7236,#7237);
#7236 = CARTESIAN_POINT('',(0.,0.));
#7237 = VECTOR('',#7238,1.);
#7238 = DIRECTION('',(1.,0.));
#7239 = ( GEOMETRIC_REPRESENTATION_CONTEXT(2) 
PARAMETRIC_REPRESENTATION_CONTEXT() REPRESENTATION_CONTEXT('2D SPACE',''
  ) );
#7240 = PCURVE('',#7241,#7246);
#7241 = PLANE('',#7242);
#7242 = AXIS2_PLACEMENT_3D('',#7243,#7244,#7245);
#7243 = CARTESIAN_POINT('',(-29.65434884236,52.389498897542,42.9));
#7244 = DIRECTION('',(0.,0.,1.));
#7245 = DIRECTION('',(0.87025745677,0.49259715685,0.));
#7246 = DEFINITIONAL_REPRESENTATION('',(#7247),#7251);
#7247 = CIRCLE('',#7248,1.3);
#7248 = AXIS2_PLACEMENT_2D('',#7249,#7250);
#7249 = CARTESIAN_POINT('',(0.,0.));
#7250 = DIRECTION('',(1.,0.));
#7251 = ( GEOMETRIC_REPRESENTATION_CONTEXT(2) 
PARAMETRIC_REPRESENTATION_CONTEXT() REPRESENTATION_CONTEXT('2D SPACE',''
  ) );
#7252 = ORIENTED_EDGE('',*,*,#7203,.T.);
#7253 = ADVANCED_FACE('',(#7254),#3357,.F.);
#7254 = FACE_BOUND('',#7255,.F.);
#7255 = EDGE_LOOP('',(#7256,#7257,#7280,#7307));
#7256 = ORIENTED_EDGE('',*,*,#3340,.F.);
#7257 = ORIENTED_EDGE('',*,*,#7258,.F.);
#7258 = EDGE_CURVE('',#7259,#3341,#7261,.T.);
#7259 = VERTEX_POINT('',#7260);
#7260 = CARTESIAN_POINT('',(-14.46252479672,58.443865174235,42.9));
#7261 = SEAM_CURVE('',#7262,(#7266,#7273),.PCURVE_S1.);
#7262 = LINE('',#7263,#7264);
#7263 = CARTESIAN_POINT('',(-14.46252479672,58.443865174235,42.9));
#7264 = VECTOR('',#7265,1.);
#7265 = DIRECTION('',(0.,0.,1.));
#7266 = PCURVE('',#3357,#7267);
#7267 = DEFINITIONAL_REPRESENTATION('',(#7268),#7272);
#7268 = LINE('',#7269,#7270);
#7269 = CARTESIAN_POINT('',(6.28318530718,-0.));
#7270 = VECTOR('',#7271,1.);
#7271 = DIRECTION('',(0.,1.));
#7272 = ( GEOMETRIC_REPRESENTATION_CONTEXT(2) 
PARAMETRIC_REPRESENTATION_CONTEXT() REPRESENTATION_CONTEXT('2D SPACE',''
  ) );
#7273 = PCURVE('',#3357,#7274);
#7274 = DEFINITIONAL_REPRESENTATION('',(#7275),#7279);
#7275 = LINE('',#7276,#7277);
#7276 = CARTESIAN_POINT('',(0.,-0.));
#7277 = VECTOR('',#7278,1.);
#7278 = DIRECTION('',(0.,1.));
#7279 = ( GEOMETRIC_REPRESENTATION_CONTEXT(2) 
PARAMETRIC_REPRESENTATION_CONTEXT() REPRESENTATION_CONTEXT('2D SPACE',''
  ) );
#7280 = ORIENTED_EDGE('',*,*,#7281,.T.);
#7281 = EDGE_CURVE('',#7259,#7259,#7282,.T.);
#7282 = SURFACE_CURVE('',#7283,(#7288,#7295),.PCURVE_S1.);
#7283 = CIRCLE('',#7284,0.9);
#7284 = AXIS2_PLACEMENT_3D('',#7285,#7286,#7287);
#7285 = CARTESIAN_POINT('',(-15.3328432844,58.214636620149,42.9));
#7286 = DIRECTION('',(0.,-0.,1.));
#7287 = DIRECTION('',(0.967020541863,0.254698393429,0.));
#7288 = PCURVE('',#3357,#7289);
#7289 = DEFINITIONAL_REPRESENTATION('',(#7290),#7294);
#7290 = LINE('',#7291,#7292);
#7291 = CARTESIAN_POINT('',(0.,0.));
#7292 = VECTOR('',#7293,1.);
#7293 = DIRECTION('',(1.,0.));
#7294 = ( GEOMETRIC_REPRESENTATION_CONTEXT(2) 
PARAMETRIC_REPRESENTATION_CONTEXT() REPRESENTATION_CONTEXT('2D SPACE',''
  ) );
#7295 = PCURVE('',#7296,#7301);
#7296 = PLANE('',#7297);
#7297 = AXIS2_PLACEMENT_3D('',#7298,#7299,#7300);
#7298 = CARTESIAN_POINT('',(-15.3328432844,58.214636620149,42.9));
#7299 = DIRECTION('',(0.,0.,1.));
#7300 = DIRECTION('',(0.967020541863,0.254698393429,0.));
#7301 = DEFINITIONAL_REPRESENTATION('',(#7302),#7306);
#7302 = CIRCLE('',#7303,0.9);
#7303 = AXIS2_PLACEMENT_2D('',#7304,#7305);
#7304 = CARTESIAN_POINT('',(0.,0.));
#7305 = DIRECTION('',(1.,0.));
#7306 = ( GEOMETRIC_REPRESENTATION_CONTEXT(2) 
PARAMETRIC_REPRESENTATION_CONTEXT() REPRESENTATION_CONTEXT('2D SPACE',''
  ) );
#7307 = ORIENTED_EDGE('',*,*,#7258,.T.);
#7308 = ADVANCED_FACE('',(#7309),#3388,.F.);
#7309 = FACE_BOUND('',#7310,.F.);
#7310 = EDGE_LOOP('',(#7311,#7312,#7335,#7362));
#7311 = ORIENTED_EDGE('',*,*,#3371,.F.);
#7312 = ORIENTED_EDGE('',*,*,#7313,.F.);
#7313 = EDGE_CURVE('',#7314,#3372,#7316,.T.);
#7314 = VERTEX_POINT('',#7315);
#7315 = CARTESIAN_POINT('',(39.8,-9.748188521213E-15,38.5));
#7316 = SEAM_CURVE('',#7317,(#7321,#7328),.PCURVE_S1.);
#7317 = LINE('',#7318,#7319);
#7318 = CARTESIAN_POINT('',(39.8,-9.748188521213E-15,38.5));
#7319 = VECTOR('',#7320,1.);
#7320 = DIRECTION('',(0.,0.,1.));
#7321 = PCURVE('',#3388,#7322);
#7322 = DEFINITIONAL_REPRESENTATION('',(#7323),#7327);
#7323 = LINE('',#7324,#7325);
#7324 = CARTESIAN_POINT('',(6.28318530718,-0.));
#7325 = VECTOR('',#7326,1.);
#7326 = DIRECTION('',(0.,1.));
#7327 = ( GEOMETRIC_REPRESENTATION_CONTEXT(2) 
PARAMETRIC_REPRESENTATION_CONTEXT() REPRESENTATION_CONTEXT('2D SPACE',''
  ) );
#7328 = PCURVE('',#3388,#7329);
#7329 = DEFINITIONAL_REPRESENTATION('',(#7330),#7334);
#7330 = LINE('',#7331,#7332);
#7331 = CARTESIAN_POINT('',(0.,-0.));
#7332 = VECTOR('',#7333,1.);
#7333 = DIRECTION('',(0.,1.));
#7334 = ( GEOMETRIC_REPRESENTATION_CONTEXT(2) 
PARAMETRIC_REPRESENTATION_CONTEXT() REPRESENTATION_CONTEXT('2D SPACE',''
  ) );
#7335 = ORIENTED_EDGE('',*,*,#7336,.T.);
#7336 = EDGE_CURVE('',#7314,#7314,#7337,.T.);
#7337 = SURFACE_CURVE('',#7338,(#7343,#7350),.PCURVE_S1.);
#7338 = CIRCLE('',#7339,39.8);
#7339 = AXIS2_PLACEMENT_3D('',#7340,#7341,#7342);
#7340 = CARTESIAN_POINT('',(0.,0.,38.5));
#7341 = DIRECTION('',(0.,0.,1.));
#7342 = DIRECTION('',(1.,0.,-0.));
#7343 = PCURVE('',#3388,#7344);
#7344 = DEFINITIONAL_REPRESENTATION('',(#7345),#7349);
#7345 = LINE('',#7346,#7347);
#7346 = CARTESIAN_POINT('',(0.,0.));
#7347 = VECTOR('',#7348,1.);
#7348 = DIRECTION('',(1.,0.));
#7349 = ( GEOMETRIC_REPRESENTATION_CONTEXT(2) 
PARAMETRIC_REPRESENTATION_CONTEXT() REPRESENTATION_CONTEXT('2D SPACE',''
  ) );
#7350 = PCURVE('',#7351,#7356);
#7351 = PLANE('',#7352);
#7352 = AXIS2_PLACEMENT_3D('',#7353,#7354,#7355);
#7353 = CARTESIAN_POINT('',(0.,0.,38.5));
#7354 = DIRECTION('',(0.,0.,1.));
#7355 = DIRECTION('',(1.,0.,-0.));
#7356 = DEFINITIONAL_REPRESENTATION('',(#7357),#7361);
#7357 = CIRCLE('',#7358,39.8);
#7358 = AXIS2_PLACEMENT_2D('',#7359,#7360);
#7359 = CARTESIAN_POINT('',(0.,0.));
#7360 = DIRECTION('',(1.,0.));
#7361 = ( GEOMETRIC_REPRESENTATION_CONTEXT(2) 
PARAMETRIC_REPRESENTATION_CONTEXT() REPRESENTATION_CONTEXT('2D SPACE',''
  ) );
#7362 = ORIENTED_EDGE('',*,*,#7313,.T.);
#7363 = ADVANCED_FACE('',(#7364),#3419,.F.);
#7364 = FACE_BOUND('',#7365,.F.);
#7365 = EDGE_LOOP('',(#7366,#7367,#7390,#7417));
#7366 = ORIENTED_EDGE('',*,*,#3402,.F.);
#7367 = ORIENTED_EDGE('',*,*,#7368,.F.);
#7368 = EDGE_CURVE('',#7369,#3403,#7371,.T.);
#7369 = VERTEX_POINT('',#7370);
#7370 = CARTESIAN_POINT('',(1.7,60.2,42.9));
#7371 = SEAM_CURVE('',#7372,(#7376,#7383),.PCURVE_S1.);
#7372 = LINE('',#7373,#7374);
#7373 = CARTESIAN_POINT('',(1.7,60.2,42.9));
#7374 = VECTOR('',#7375,1.);
#7375 = DIRECTION('',(0.,0.,1.));
#7376 = PCURVE('',#3419,#7377);
#7377 = DEFINITIONAL_REPRESENTATION('',(#7378),#7382);
#7378 = LINE('',#7379,#7380);
#7379 = CARTESIAN_POINT('',(6.28318530718,-0.));
#7380 = VECTOR('',#7381,1.);
#7381 = DIRECTION('',(0.,1.));
#7382 = ( GEOMETRIC_REPRESENTATION_CONTEXT(2) 
PARAMETRIC_REPRESENTATION_CONTEXT() REPRESENTATION_CONTEXT('2D SPACE',''
  ) );
#7383 = PCURVE('',#3419,#7384);
#7384 = DEFINITIONAL_REPRESENTATION('',(#7385),#7389);
#7385 = LINE('',#7386,#7387);
#7386 = CARTESIAN_POINT('',(0.,-0.));
#7387 = VECTOR('',#7388,1.);
#7388 = DIRECTION('',(0.,1.));
#7389 = ( GEOMETRIC_REPRESENTATION_CONTEXT(2) 
PARAMETRIC_REPRESENTATION_CONTEXT() REPRESENTATION_CONTEXT('2D SPACE',''
  ) );
#7390 = ORIENTED_EDGE('',*,*,#7391,.T.);
#7391 = EDGE_CURVE('',#7369,#7369,#7392,.T.);
#7392 = SURFACE_CURVE('',#7393,(#7398,#7405),.PCURVE_S1.);
#7393 = CIRCLE('',#7394,1.7);
#7394 = AXIS2_PLACEMENT_3D('',#7395,#7396,#7397);
#7395 = CARTESIAN_POINT('',(0.,60.2,42.9));
#7396 = DIRECTION('',(0.,0.,1.));
#7397 = DIRECTION('',(1.,0.,0.));
#7398 = PCURVE('',#3419,#7399);
#7399 = DEFINITIONAL_REPRESENTATION('',(#7400),#7404);
#7400 = LINE('',#7401,#7402);
#7401 = CARTESIAN_POINT('',(0.,0.));
#7402 = VECTOR('',#7403,1.);
#7403 = DIRECTION('',(1.,0.));
#7404 = ( GEOMETRIC_REPRESENTATION_CONTEXT(2) 
PARAMETRIC_REPRESENTATION_CONTEXT() REPRESENTATION_CONTEXT('2D SPACE',''
  ) );
#7405 = PCURVE('',#7406,#7411);
#7406 = PLANE('',#7407);
#7407 = AXIS2_PLACEMENT_3D('',#7408,#7409,#7410);
#7408 = CARTESIAN_POINT('',(0.,60.2,42.9));
#7409 = DIRECTION('',(0.,0.,1.));
#7410 = DIRECTION('',(1.,0.,0.));
#7411 = DEFINITIONAL_REPRESENTATION('',(#7412),#7416);
#7412 = CIRCLE('',#7413,1.7);
#7413 = AXIS2_PLACEMENT_2D('',#7414,#7415);
#7414 = CARTESIAN_POINT('',(0.,0.));
#7415 = DIRECTION('',(1.,0.));
#7416 = ( GEOMETRIC_REPRESENTATION_CONTEXT(2) 
PARAMETRIC_REPRESENTATION_CONTEXT() REPRESENTATION_CONTEXT('2D SPACE',''
  ) );
#7417 = ORIENTED_EDGE('',*,*,#7368,.T.);
#7418 = ADVANCED_FACE('',(#7419),#3450,.F.);
#7419 = FACE_BOUND('',#7420,.F.);
#7420 = EDGE_LOOP('',(#7421,#7422,#7445,#7472));
#7421 = ORIENTED_EDGE('',*,*,#3433,.F.);
#7422 = ORIENTED_EDGE('',*,*,#7423,.F.);
#7423 = EDGE_CURVE('',#7424,#3434,#7426,.T.);
#7424 = VERTEX_POINT('',#7425);
#7425 = CARTESIAN_POINT('',(16.203161772077,57.985408066063,42.9));
#7426 = SEAM_CURVE('',#7427,(#7431,#7438),.PCURVE_S1.);
#7427 = LINE('',#7428,#7429);
#7428 = CARTESIAN_POINT('',(16.203161772077,57.985408066063,42.9));
#7429 = VECTOR('',#7430,1.);
#7430 = DIRECTION('',(0.,0.,1.));
#7431 = PCURVE('',#3450,#7432);
#7432 = DEFINITIONAL_REPRESENTATION('',(#7433),#7437);
#7433 = LINE('',#7434,#7435);
#7434 = CARTESIAN_POINT('',(6.28318530718,-0.));
#7435 = VECTOR('',#7436,1.);
#7436 = DIRECTION('',(0.,1.));
#7437 = ( GEOMETRIC_REPRESENTATION_CONTEXT(2) 
PARAMETRIC_REPRESENTATION_CONTEXT() REPRESENTATION_CONTEXT('2D SPACE',''
  ) );
#7438 = PCURVE('',#3450,#7439);
#7439 = DEFINITIONAL_REPRESENTATION('',(#7440),#7444);
#7440 = LINE('',#7441,#7442);
#7441 = CARTESIAN_POINT('',(0.,-0.));
#7442 = VECTOR('',#7443,1.);
#7443 = DIRECTION('',(0.,1.));
#7444 = ( GEOMETRIC_REPRESENTATION_CONTEXT(2) 
PARAMETRIC_REPRESENTATION_CONTEXT() REPRESENTATION_CONTEXT('2D SPACE',''
  ) );
#7445 = ORIENTED_EDGE('',*,*,#7446,.T.);
#7446 = EDGE_CURVE('',#7424,#7424,#7447,.T.);
#7447 = SURFACE_CURVE('',#7448,(#7453,#7460),.PCURVE_S1.);
#7448 = CIRCLE('',#7449,0.9);
#7449 = AXIS2_PLACEMENT_3D('',#7450,#7451,#7452);
#7450 = CARTESIAN_POINT('',(15.332843284401,58.214636620149,42.9));
#7451 = DIRECTION('',(-0.,0.,1.));
#7452 = DIRECTION('',(0.967020541863,-0.254698393429,0.));
#7453 = PCURVE('',#3450,#7454);
#7454 = DEFINITIONAL_REPRESENTATION('',(#7455),#7459);
#7455 = LINE('',#7456,#7457);
#7456 = CARTESIAN_POINT('',(0.,0.));
#7457 = VECTOR('',#7458,1.);
#7458 = DIRECTION('',(1.,0.));
#7459 = ( GEOMETRIC_REPRESENTATION_CONTEXT(2) 
PARAMETRIC_REPRESENTATION_CONTEXT() REPRESENTATION_CONTEXT('2D SPACE',''
  ) );
#7460 = PCURVE('',#7461,#7466);
#7461 = PLANE('',#7462);
#7462 = AXIS2_PLACEMENT_3D('',#7463,#7464,#7465);
#7463 = CARTESIAN_POINT('',(15.332843284401,58.214636620149,42.9));
#7464 = DIRECTION('',(0.,0.,1.));
#7465 = DIRECTION('',(0.967020541863,-0.254698393429,0.));
#7466 = DEFINITIONAL_REPRESENTATION('',(#7467),#7471);
#7467 = CIRCLE('',#7468,0.9);
#7468 = AXIS2_PLACEMENT_2D('',#7469,#7470);
#7469 = CARTESIAN_POINT('',(0.,0.));
#7470 = DIRECTION('',(1.,0.));
#7471 = ( GEOMETRIC_REPRESENTATION_CONTEXT(2) 
PARAMETRIC_REPRESENTATION_CONTEXT() REPRESENTATION_CONTEXT('2D SPACE',''
  ) );
#7472 = ORIENTED_EDGE('',*,*,#7423,.T.);
#7473 = ADVANCED_FACE('',(#7474),#3481,.F.);
#7474 = FACE_BOUND('',#7475,.F.);
#7475 = EDGE_LOOP('',(#7476,#7477,#7500,#7527));
#7476 = ORIENTED_EDGE('',*,*,#3464,.F.);
#7477 = ORIENTED_EDGE('',*,*,#7478,.F.);
#7478 = EDGE_CURVE('',#7479,#3465,#7481,.T.);
#7479 = VERTEX_POINT('',#7480);
#7480 = CARTESIAN_POINT('',(30.785683536162,51.749122593637,42.9));
#7481 = SEAM_CURVE('',#7482,(#7486,#7493),.PCURVE_S1.);
#7482 = LINE('',#7483,#7484);
#7483 = CARTESIAN_POINT('',(30.785683536162,51.749122593637,42.9));
#7484 = VECTOR('',#7485,1.);
#7485 = DIRECTION('',(0.,0.,1.));
#7486 = PCURVE('',#3481,#7487);
#7487 = DEFINITIONAL_REPRESENTATION('',(#7488),#7492);
#7488 = LINE('',#7489,#7490);
#7489 = CARTESIAN_POINT('',(6.28318530718,-0.));
#7490 = VECTOR('',#7491,1.);
#7491 = DIRECTION('',(0.,1.));
#7492 = ( GEOMETRIC_REPRESENTATION_CONTEXT(2) 
PARAMETRIC_REPRESENTATION_CONTEXT() REPRESENTATION_CONTEXT('2D SPACE',''
  ) );
#7493 = PCURVE('',#3481,#7494);
#7494 = DEFINITIONAL_REPRESENTATION('',(#7495),#7499);
#7495 = LINE('',#7496,#7497);
#7496 = CARTESIAN_POINT('',(0.,-0.));
#7497 = VECTOR('',#7498,1.);
#7498 = DIRECTION('',(0.,1.));
#7499 = ( GEOMETRIC_REPRESENTATION_CONTEXT(2) 
PARAMETRIC_REPRESENTATION_CONTEXT() REPRESENTATION_CONTEXT('2D SPACE',''
  ) );
#7500 = ORIENTED_EDGE('',*,*,#7501,.T.);
#7501 = EDGE_CURVE('',#7479,#7479,#7502,.T.);
#7502 = SURFACE_CURVE('',#7503,(#7508,#7515),.PCURVE_S1.);
#7503 = CIRCLE('',#7504,1.3);
#7504 = AXIS2_PLACEMENT_3D('',#7505,#7506,#7507);
#7505 = CARTESIAN_POINT('',(29.654348842362,52.389498897542,42.9));
#7506 = DIRECTION('',(-0.,0.,1.));
#7507 = DIRECTION('',(0.87025745677,-0.49259715685,0.));
#7508 = PCURVE('',#3481,#7509);
#7509 = DEFINITIONAL_REPRESENTATION('',(#7510),#7514);
#7510 = LINE('',#7511,#7512);
#7511 = CARTESIAN_POINT('',(0.,0.));
#7512 = VECTOR('',#7513,1.);
#7513 = DIRECTION('',(1.,0.));
#7514 = ( GEOMETRIC_REPRESENTATION_CONTEXT(2) 
PARAMETRIC_REPRESENTATION_CONTEXT() REPRESENTATION_CONTEXT('2D SPACE',''
  ) );
#7515 = PCURVE('',#7516,#7521);
#7516 = PLANE('',#7517);
#7517 = AXIS2_PLACEMENT_3D('',#7518,#7519,#7520);
#7518 = CARTESIAN_POINT('',(29.654348842362,52.389498897542,42.9));
#7519 = DIRECTION('',(0.,0.,1.));
#7520 = DIRECTION('',(0.87025745677,-0.49259715685,0.));
#7521 = DEFINITIONAL_REPRESENTATION('',(#7522),#7526);
#7522 = CIRCLE('',#7523,1.3);
#7523 = AXIS2_PLACEMENT_2D('',#7524,#7525);
#7524 = CARTESIAN_POINT('',(0.,0.));
#7525 = DIRECTION('',(1.,0.));
#7526 = ( GEOMETRIC_REPRESENTATION_CONTEXT(2) 
PARAMETRIC_REPRESENTATION_CONTEXT() REPRESENTATION_CONTEXT('2D SPACE',''
  ) );
#7527 = ORIENTED_EDGE('',*,*,#7478,.T.);
#7528 = ADVANCED_FACE('',(#7529),#3540,.F.);
#7529 = FACE_BOUND('',#7530,.T.);
#7530 = EDGE_LOOP('',(#7531,#7552,#7553,#7554));
#7531 = ORIENTED_EDGE('',*,*,#7532,.F.);
#7532 = EDGE_CURVE('',#3625,#6241,#7533,.T.);
#7533 = SURFACE_CURVE('',#7534,(#7538,#7545),.PCURVE_S1.);
#7534 = LINE('',#7535,#7536);
#7535 = CARTESIAN_POINT('',(-47.,50.,36.1));
#7536 = VECTOR('',#7537,1.);
#7537 = DIRECTION('',(0.,0.,1.));
#7538 = PCURVE('',#3540,#7539);
#7539 = DEFINITIONAL_REPRESENTATION('',(#7540),#7544);
#7540 = LINE('',#7541,#7542);
#7541 = CARTESIAN_POINT('',(-0.,0.));
#7542 = VECTOR('',#7543,1.);
#7543 = DIRECTION('',(-0.,1.));
#7544 = ( GEOMETRIC_REPRESENTATION_CONTEXT(2) 
PARAMETRIC_REPRESENTATION_CONTEXT() REPRESENTATION_CONTEXT('2D SPACE',''
  ) );
#7545 = PCURVE('',#3711,#7546);
#7546 = DEFINITIONAL_REPRESENTATION('',(#7547),#7551);
#7547 = LINE('',#7548,#7549);
#7548 = CARTESIAN_POINT('',(24.,0.));
#7549 = VECTOR('',#7550,1.);
#7550 = DIRECTION('',(0.,-1.));
#7551 = ( GEOMETRIC_REPRESENTATION_CONTEXT(2) 
PARAMETRIC_REPRESENTATION_CONTEXT() REPRESENTATION_CONTEXT('2D SPACE',''
  ) );
#7552 = ORIENTED_EDGE('',*,*,#3646,.T.);
#7553 = ORIENTED_EDGE('',*,*,#3522,.T.);
#7554 = ORIENTED_EDGE('',*,*,#6262,.F.);
#7555 = ADVANCED_FACE('',(#7556),#3711,.F.);
#7556 = FACE_BOUND('',#7557,.F.);
#7557 = EDGE_LOOP('',(#7558,#7559,#7582,#7603,#7622,#7623,#7624));
#7558 = ORIENTED_EDGE('',*,*,#3697,.F.);
#7559 = ORIENTED_EDGE('',*,*,#7560,.T.);
#7560 = EDGE_CURVE('',#3674,#7561,#7563,.T.);
#7561 = VERTEX_POINT('',#7562);
#7562 = CARTESIAN_POINT('',(-47.,65.,38.267949192431));
#7563 = SURFACE_CURVE('',#7564,(#7568,#7575),.PCURVE_S1.);
#7564 = LINE('',#7565,#7566);
#7565 = CARTESIAN_POINT('',(-47.,65.,36.1));
#7566 = VECTOR('',#7567,1.);
#7567 = DIRECTION('',(0.,0.,1.));
#7568 = PCURVE('',#3711,#7569);
#7569 = DEFINITIONAL_REPRESENTATION('',(#7570),#7574);
#7570 = LINE('',#7571,#7572);
#7571 = CARTESIAN_POINT('',(9.,0.));
#7572 = VECTOR('',#7573,1.);
#7573 = DIRECTION('',(0.,-1.));
#7574 = ( GEOMETRIC_REPRESENTATION_CONTEXT(2) 
PARAMETRIC_REPRESENTATION_CONTEXT() REPRESENTATION_CONTEXT('2D SPACE',''
  ) );
#7575 = PCURVE('',#3816,#7576);
#7576 = DEFINITIONAL_REPRESENTATION('',(#7577),#7581);
#7577 = LINE('',#7578,#7579);
#7578 = CARTESIAN_POINT('',(1.570796326795,0.));
#7579 = VECTOR('',#7580,1.);
#7580 = DIRECTION('',(0.,1.));
#7581 = ( GEOMETRIC_REPRESENTATION_CONTEXT(2) 
PARAMETRIC_REPRESENTATION_CONTEXT() REPRESENTATION_CONTEXT('2D SPACE',''
  ) );
#7582 = ORIENTED_EDGE('',*,*,#7583,.T.);
#7583 = EDGE_CURVE('',#7561,#7584,#7586,.T.);
#7584 = VERTEX_POINT('',#7585);
#7585 = CARTESIAN_POINT('',(-47.,63.942264973081,40.1));
#7586 = SURFACE_CURVE('',#7587,(#7591,#7597),.PCURVE_S1.);
#7587 = LINE('',#7588,#7589);
#7588 = CARTESIAN_POINT('',(-47.,66.06550725523,36.422436490539));
#7589 = VECTOR('',#7590,1.);
#7590 = DIRECTION('',(0.,-0.5,0.866025403784));
#7591 = PCURVE('',#3711,#7592);
#7592 = DEFINITIONAL_REPRESENTATION('',(#7593),#7596);
#7593 = B_SPLINE_CURVE_WITH_KNOTS('',1,(#7594,#7595),.UNSPECIFIED.,.F.,
  .F.,(2,2),(2.131014510461,4.246484564299),.PIECEWISE_BEZIER_KNOTS.);
#7594 = CARTESIAN_POINT('',(9.,-2.167949192431));
#7595 = CARTESIAN_POINT('',(10.057735026919,-4.));
#7596 = ( GEOMETRIC_REPRESENTATION_CONTEXT(2) 
PARAMETRIC_REPRESENTATION_CONTEXT() REPRESENTATION_CONTEXT('2D SPACE',''
  ) );
#7597 = PCURVE('',#3774,#7598);
#7598 = DEFINITIONAL_REPRESENTATION('',(#7599),#7602);
#7599 = B_SPLINE_CURVE_WITH_KNOTS('',1,(#7600,#7601),.UNSPECIFIED.,.F.,
  .F.,(2,2),(2.131014510461,4.246484564299),.PIECEWISE_BEZIER_KNOTS.);
#7600 = CARTESIAN_POINT('',(2.115470053838,-28.));
#7601 = CARTESIAN_POINT('',(0.,-28.));
#7602 = ( GEOMETRIC_REPRESENTATION_CONTEXT(2) 
PARAMETRIC_REPRESENTATION_CONTEXT() REPRESENTATION_CONTEXT('2D SPACE',''
  ) );
#7603 = ORIENTED_EDGE('',*,*,#7604,.T.);
#7604 = EDGE_CURVE('',#7584,#6344,#7605,.T.);
#7605 = SURFACE_CURVE('',#7606,(#7610,#7616),.PCURVE_S1.);
#7606 = LINE('',#7607,#7608);
#7607 = CARTESIAN_POINT('',(-47.,68.85,40.1));
#7608 = VECTOR('',#7609,1.);
#7609 = DIRECTION('',(0.,-1.,0.));
#7610 = PCURVE('',#3711,#7611);
#7611 = DEFINITIONAL_REPRESENTATION('',(#7612),#7615);
#7612 = B_SPLINE_CURVE_WITH_KNOTS('',1,(#7613,#7614),.UNSPECIFIED.,.F.,
  .F.,(2,2),(4.907735026919,5.15),.PIECEWISE_BEZIER_KNOTS.);
#7613 = CARTESIAN_POINT('',(10.057735026919,-4.));
#7614 = CARTESIAN_POINT('',(10.3,-4.));
#7615 = ( GEOMETRIC_REPRESENTATION_CONTEXT(2) 
PARAMETRIC_REPRESENTATION_CONTEXT() REPRESENTATION_CONTEXT('2D SPACE',''
  ) );
#7616 = PCURVE('',#6361,#7617);
#7617 = DEFINITIONAL_REPRESENTATION('',(#7618),#7621);
#7618 = B_SPLINE_CURVE_WITH_KNOTS('',1,(#7619,#7620),.UNSPECIFIED.,.F.,
  .F.,(2,2),(4.907735026919,5.15),.PIECEWISE_BEZIER_KNOTS.);
#7619 = CARTESIAN_POINT('',(0.242264973081,-28.));
#7620 = CARTESIAN_POINT('',(0.,-28.));
#7621 = ( GEOMETRIC_REPRESENTATION_CONTEXT(2) 
PARAMETRIC_REPRESENTATION_CONTEXT() REPRESENTATION_CONTEXT('2D SPACE',''
  ) );
#7622 = ORIENTED_EDGE('',*,*,#6373,.T.);
#7623 = ORIENTED_EDGE('',*,*,#6289,.T.);
#7624 = ORIENTED_EDGE('',*,*,#7532,.F.);
#7625 = ADVANCED_FACE('',(#7626),#3774,.T.);
#7626 = FACE_BOUND('',#7627,.T.);
#7627 = EDGE_LOOP('',(#7628,#7629,#7652,#7673,#7698,#7699,#7700,#7701));
#7628 = ORIENTED_EDGE('',*,*,#7583,.T.);
#7629 = ORIENTED_EDGE('',*,*,#7630,.T.);
#7630 = EDGE_CURVE('',#7584,#7631,#7633,.T.);
#7631 = VERTEX_POINT('',#7632);
#7632 = CARTESIAN_POINT('',(47.,63.942264973081,40.1));
#7633 = SURFACE_CURVE('',#7634,(#7638,#7645),.PCURVE_S1.);
#7634 = LINE('',#7635,#7636);
#7635 = CARTESIAN_POINT('',(-75.,63.942264973081,40.1));
#7636 = VECTOR('',#7637,1.);
#7637 = DIRECTION('',(1.,0.,0.));
#7638 = PCURVE('',#3774,#7639);
#7639 = DEFINITIONAL_REPRESENTATION('',(#7640),#7644);
#7640 = LINE('',#7641,#7642);
#7641 = CARTESIAN_POINT('',(0.,0.));
#7642 = VECTOR('',#7643,1.);
#7643 = DIRECTION('',(0.,-1.));
#7644 = ( GEOMETRIC_REPRESENTATION_CONTEXT(2) 
PARAMETRIC_REPRESENTATION_CONTEXT() REPRESENTATION_CONTEXT('2D SPACE',''
  ) );
#7645 = PCURVE('',#6361,#7646);
#7646 = DEFINITIONAL_REPRESENTATION('',(#7647),#7651);
#7647 = LINE('',#7648,#7649);
#7648 = CARTESIAN_POINT('',(0.242264973081,0.));
#7649 = VECTOR('',#7650,1.);
#7650 = DIRECTION('',(0.,-1.));
#7651 = ( GEOMETRIC_REPRESENTATION_CONTEXT(2) 
PARAMETRIC_REPRESENTATION_CONTEXT() REPRESENTATION_CONTEXT('2D SPACE',''
  ) );
#7652 = ORIENTED_EDGE('',*,*,#7653,.T.);
#7653 = EDGE_CURVE('',#7631,#7654,#7656,.T.);
#7654 = VERTEX_POINT('',#7655);
#7655 = CARTESIAN_POINT('',(47.,65.,38.267949192431));
#7656 = SURFACE_CURVE('',#7657,(#7661,#7667),.PCURVE_S1.);
#7657 = LINE('',#7658,#7659);
#7658 = CARTESIAN_POINT('',(47.,61.94050725523,43.567146071761));
#7659 = VECTOR('',#7660,1.);
#7660 = DIRECTION('',(0.,0.5,-0.866025403784));
#7661 = PCURVE('',#3774,#7662);
#7662 = DEFINITIONAL_REPRESENTATION('',(#7663),#7666);
#7663 = B_SPLINE_CURVE_WITH_KNOTS('',1,(#7664,#7665),.UNSPECIFIED.,.F.,
  .F.,(2,2),(4.003515435701,6.118985489539),.PIECEWISE_BEZIER_KNOTS.);
#7664 = CARTESIAN_POINT('',(0.,-122.));
#7665 = CARTESIAN_POINT('',(2.115470053838,-122.));
#7666 = ( GEOMETRIC_REPRESENTATION_CONTEXT(2) 
PARAMETRIC_REPRESENTATION_CONTEXT() REPRESENTATION_CONTEXT('2D SPACE',''
  ) );
#7667 = PCURVE('',#4284,#7668);
#7668 = DEFINITIONAL_REPRESENTATION('',(#7669),#7672);
#7669 = B_SPLINE_CURVE_WITH_KNOTS('',1,(#7670,#7671),.UNSPECIFIED.,.F.,
  .F.,(2,2),(4.003515435701,6.118985489539),.PIECEWISE_BEZIER_KNOTS.);
#7670 = CARTESIAN_POINT('',(22.942264973081,-4.));
#7671 = CARTESIAN_POINT('',(24.,-2.167949192431));
#7672 = ( GEOMETRIC_REPRESENTATION_CONTEXT(2) 
PARAMETRIC_REPRESENTATION_CONTEXT() REPRESENTATION_CONTEXT('2D SPACE',''
  ) );
#7673 = ORIENTED_EDGE('',*,*,#7674,.T.);
#7674 = EDGE_CURVE('',#7654,#4116,#7675,.T.);
#7675 = SURFACE_CURVE('',#7676,(#7681,#7688),.PCURVE_S1.);
#7676 = ELLIPSE('',#7677,18.,9.);
#7677 = AXIS2_PLACEMENT_3D('',#7678,#7679,#7680);
#7678 = CARTESIAN_POINT('',(38.,65.,38.267949192431));
#7679 = DIRECTION('',(-0.,0.866025403784,0.5));
#7680 = DIRECTION('',(0.,-0.5,0.866025403784));
#7681 = PCURVE('',#3774,#7682);
#7682 = DEFINITIONAL_REPRESENTATION('',(#7683),#7687);
#7683 = ELLIPSE('',#7684,18.,9.);
#7684 = AXIS2_PLACEMENT_2D('',#7685,#7686);
#7685 = CARTESIAN_POINT('',(2.115470053838,-113.));
#7686 = DIRECTION('',(-1.,-0.));
#7687 = ( GEOMETRIC_REPRESENTATION_CONTEXT(2) 
PARAMETRIC_REPRESENTATION_CONTEXT() REPRESENTATION_CONTEXT('2D SPACE',''
  ) );
#7688 = PCURVE('',#4132,#7689);
#7689 = DEFINITIONAL_REPRESENTATION('',(#7690),#7697);
#7690 = B_SPLINE_CURVE_WITH_KNOTS('',5,(#7691,#7692,#7693,#7694,#7695,
    #7696),.UNSPECIFIED.,.F.,.F.,(6,6),(1.570796326795,1.645790617592),
  .PIECEWISE_BEZIER_KNOTS.);
#7691 = CARTESIAN_POINT('',(0.,2.167949192431));
#7692 = CARTESIAN_POINT('',(1.499885815933E-02,1.934140132944));
#7693 = CARTESIAN_POINT('',(2.999771631867E-02,1.700331073454));
#7694 = CARTESIAN_POINT('',(4.499657447799E-02,1.466631595289));
#7695 = CARTESIAN_POINT('',(5.999543263733E-02,1.233151279711));
#7696 = CARTESIAN_POINT('',(7.499429079666E-02,0.9999994));
#7697 = ( GEOMETRIC_REPRESENTATION_CONTEXT(2) 
PARAMETRIC_REPRESENTATION_CONTEXT() REPRESENTATION_CONTEXT('2D SPACE',''
  ) );
#7698 = ORIENTED_EDGE('',*,*,#4144,.T.);
#7699 = ORIENTED_EDGE('',*,*,#3938,.F.);
#7700 = ORIENTED_EDGE('',*,*,#3726,.F.);
#7701 = ORIENTED_EDGE('',*,*,#7702,.T.);
#7702 = EDGE_CURVE('',#3727,#7561,#7703,.T.);
#7703 = SURFACE_CURVE('',#7704,(#7709,#7716),.PCURVE_S1.);
#7704 = ELLIPSE('',#7705,18.,9.);
#7705 = AXIS2_PLACEMENT_3D('',#7706,#7707,#7708);
#7706 = CARTESIAN_POINT('',(-38.,65.,38.267949192431));
#7707 = DIRECTION('',(-0.,0.866025403784,0.5));
#7708 = DIRECTION('',(0.,-0.5,0.866025403784));
#7709 = PCURVE('',#3774,#7710);
#7710 = DEFINITIONAL_REPRESENTATION('',(#7711),#7715);
#7711 = ELLIPSE('',#7712,18.,9.);
#7712 = AXIS2_PLACEMENT_2D('',#7713,#7714);
#7713 = CARTESIAN_POINT('',(2.115470053838,-37.));
#7714 = DIRECTION('',(-1.,-0.));
#7715 = ( GEOMETRIC_REPRESENTATION_CONTEXT(2) 
PARAMETRIC_REPRESENTATION_CONTEXT() REPRESENTATION_CONTEXT('2D SPACE',''
  ) );
#7716 = PCURVE('',#3816,#7717);
#7717 = DEFINITIONAL_REPRESENTATION('',(#7718),#7725);
#7718 = B_SPLINE_CURVE_WITH_KNOTS('',5,(#7719,#7720,#7721,#7722,#7723,
    #7724),.UNSPECIFIED.,.F.,.F.,(6,6),(4.637394689588,4.712388980385),
  .PIECEWISE_BEZIER_KNOTS.);
#7719 = CARTESIAN_POINT('',(1.495802035998,0.9999994));
#7720 = CARTESIAN_POINT('',(1.510800894158,1.233151279711));
#7721 = CARTESIAN_POINT('',(1.525799752317,1.466631595289));
#7722 = CARTESIAN_POINT('',(1.540798610476,1.700331073454));
#7723 = CARTESIAN_POINT('',(1.555797468636,1.934140132944));
#7724 = CARTESIAN_POINT('',(1.570796326795,2.167949192431));
#7725 = ( GEOMETRIC_REPRESENTATION_CONTEXT(2) 
PARAMETRIC_REPRESENTATION_CONTEXT() REPRESENTATION_CONTEXT('2D SPACE',''
  ) );
#7726 = ADVANCED_FACE('',(#7727),#3816,.T.);
#7727 = FACE_BOUND('',#7728,.T.);
#7728 = EDGE_LOOP('',(#7729,#7730,#7731));
#7729 = ORIENTED_EDGE('',*,*,#7702,.F.);
#7730 = ORIENTED_EDGE('',*,*,#3801,.T.);
#7731 = ORIENTED_EDGE('',*,*,#7560,.T.);
#7732 = ADVANCED_FACE('',(#7733),#4132,.T.);
#7733 = FACE_BOUND('',#7734,.T.);
#7734 = EDGE_LOOP('',(#7735,#7756,#7757));
#7735 = ORIENTED_EDGE('',*,*,#7736,.F.);
#7736 = EDGE_CURVE('',#4094,#7654,#7737,.T.);
#7737 = SURFACE_CURVE('',#7738,(#7742,#7749),.PCURVE_S1.);
#7738 = LINE('',#7739,#7740);
#7739 = CARTESIAN_POINT('',(47.,65.,36.1));
#7740 = VECTOR('',#7741,1.);
#7741 = DIRECTION('',(0.,0.,1.));
#7742 = PCURVE('',#4132,#7743);
#7743 = DEFINITIONAL_REPRESENTATION('',(#7744),#7748);
#7744 = LINE('',#7745,#7746);
#7745 = CARTESIAN_POINT('',(0.,0.));
#7746 = VECTOR('',#7747,1.);
#7747 = DIRECTION('',(0.,1.));
#7748 = ( GEOMETRIC_REPRESENTATION_CONTEXT(2) 
PARAMETRIC_REPRESENTATION_CONTEXT() REPRESENTATION_CONTEXT('2D SPACE',''
  ) );
#7749 = PCURVE('',#4284,#7750);
#7750 = DEFINITIONAL_REPRESENTATION('',(#7751),#7755);
#7751 = LINE('',#7752,#7753);
#7752 = CARTESIAN_POINT('',(24.,0.));
#7753 = VECTOR('',#7754,1.);
#7754 = DIRECTION('',(0.,-1.));
#7755 = ( GEOMETRIC_REPRESENTATION_CONTEXT(2) 
PARAMETRIC_REPRESENTATION_CONTEXT() REPRESENTATION_CONTEXT('2D SPACE',''
  ) );
#7756 = ORIENTED_EDGE('',*,*,#4115,.T.);
#7757 = ORIENTED_EDGE('',*,*,#7674,.F.);
#7758 = ADVANCED_FACE('',(#7759),#4231,.F.);
#7759 = FACE_BOUND('',#7760,.T.);
#7760 = EDGE_LOOP('',(#7761,#7762,#7763,#7784));
#7761 = ORIENTED_EDGE('',*,*,#6189,.F.);
#7762 = ORIENTED_EDGE('',*,*,#4214,.T.);
#7763 = ORIENTED_EDGE('',*,*,#7764,.T.);
#7764 = EDGE_CURVE('',#4215,#6441,#7765,.T.);
#7765 = SURFACE_CURVE('',#7766,(#7770,#7777),.PCURVE_S1.);
#7766 = LINE('',#7767,#7768);
#7767 = CARTESIAN_POINT('',(47.,50.,36.1));
#7768 = VECTOR('',#7769,1.);
#7769 = DIRECTION('',(0.,0.,1.));
#7770 = PCURVE('',#4231,#7771);
#7771 = DEFINITIONAL_REPRESENTATION('',(#7772),#7776);
#7772 = LINE('',#7773,#7774);
#7773 = CARTESIAN_POINT('',(-1.570796326795,0.));
#7774 = VECTOR('',#7775,1.);
#7775 = DIRECTION('',(-0.,1.));
#7776 = ( GEOMETRIC_REPRESENTATION_CONTEXT(2) 
PARAMETRIC_REPRESENTATION_CONTEXT() REPRESENTATION_CONTEXT('2D SPACE',''
  ) );
#7777 = PCURVE('',#4284,#7778);
#7778 = DEFINITIONAL_REPRESENTATION('',(#7779),#7783);
#7779 = LINE('',#7780,#7781);
#7780 = CARTESIAN_POINT('',(9.,0.));
#7781 = VECTOR('',#7782,1.);
#7782 = DIRECTION('',(0.,-1.));
#7783 = ( GEOMETRIC_REPRESENTATION_CONTEXT(2) 
PARAMETRIC_REPRESENTATION_CONTEXT() REPRESENTATION_CONTEXT('2D SPACE',''
  ) );
#7784 = ORIENTED_EDGE('',*,*,#6515,.F.);
#7785 = ADVANCED_FACE('',(#7786),#4284,.F.);
#7786 = FACE_BOUND('',#7787,.F.);
#7787 = EDGE_LOOP('',(#7788,#7789,#7790,#7791,#7792,#7811,#7812));
#7788 = ORIENTED_EDGE('',*,*,#4270,.F.);
#7789 = ORIENTED_EDGE('',*,*,#7764,.T.);
#7790 = ORIENTED_EDGE('',*,*,#6440,.T.);
#7791 = ORIENTED_EDGE('',*,*,#6418,.T.);
#7792 = ORIENTED_EDGE('',*,*,#7793,.T.);
#7793 = EDGE_CURVE('',#6346,#7631,#7794,.T.);
#7794 = SURFACE_CURVE('',#7795,(#7799,#7805),.PCURVE_S1.);
#7795 = LINE('',#7796,#7797);
#7796 = CARTESIAN_POINT('',(47.,52.35,40.1));
#7797 = VECTOR('',#7798,1.);
#7798 = DIRECTION('',(0.,1.,-0.));
#7799 = PCURVE('',#4284,#7800);
#7800 = DEFINITIONAL_REPRESENTATION('',(#7801),#7804);
#7801 = B_SPLINE_CURVE_WITH_KNOTS('',1,(#7802,#7803),.UNSPECIFIED.,.F.,
  .F.,(2,2),(11.35,11.592264973081),.PIECEWISE_BEZIER_KNOTS.);
#7802 = CARTESIAN_POINT('',(22.7,-4.));
#7803 = CARTESIAN_POINT('',(22.942264973081,-4.));
#7804 = ( GEOMETRIC_REPRESENTATION_CONTEXT(2) 
PARAMETRIC_REPRESENTATION_CONTEXT() REPRESENTATION_CONTEXT('2D SPACE',''
  ) );
#7805 = PCURVE('',#6361,#7806);
#7806 = DEFINITIONAL_REPRESENTATION('',(#7807),#7810);
#7807 = B_SPLINE_CURVE_WITH_KNOTS('',1,(#7808,#7809),.UNSPECIFIED.,.F.,
  .F.,(2,2),(11.35,11.592264973081),.PIECEWISE_BEZIER_KNOTS.);
#7808 = CARTESIAN_POINT('',(0.,-122.));
#7809 = CARTESIAN_POINT('',(0.242264973081,-122.));
#7810 = ( GEOMETRIC_REPRESENTATION_CONTEXT(2) 
PARAMETRIC_REPRESENTATION_CONTEXT() REPRESENTATION_CONTEXT('2D SPACE',''
  ) );
#7811 = ORIENTED_EDGE('',*,*,#7653,.T.);
#7812 = ORIENTED_EDGE('',*,*,#7736,.F.);
#7813 = ADVANCED_FACE('',(#7814),#4337,.F.);
#7814 = FACE_BOUND('',#7815,.F.);
#7815 = EDGE_LOOP('',(#7816));
#7816 = ORIENTED_EDGE('',*,*,#4322,.T.);
#7817 = ADVANCED_FACE('',(#7818),#4373,.F.);
#7818 = FACE_BOUND('',#7819,.F.);
#7819 = EDGE_LOOP('',(#7820,#7821,#7822,#7823));
#7820 = ORIENTED_EDGE('',*,*,#4476,.F.);
#7821 = ORIENTED_EDGE('',*,*,#4354,.T.);
#7822 = ORIENTED_EDGE('',*,*,#4500,.T.);
#7823 = ORIENTED_EDGE('',*,*,#7824,.F.);
#7824 = EDGE_CURVE('',#4451,#4501,#7825,.T.);
#7825 = SURFACE_CURVE('',#7826,(#7831,#7838),.PCURVE_S1.);
#7826 = CIRCLE('',#7827,33.6);
#7827 = AXIS2_PLACEMENT_3D('',#7828,#7829,#7830);
#7828 = CARTESIAN_POINT('',(0.,0.,38.5));
#7829 = DIRECTION('',(0.,0.,1.));
#7830 = DIRECTION('',(1.,0.,-0.));
#7831 = PCURVE('',#4373,#7832);
#7832 = DEFINITIONAL_REPRESENTATION('',(#7833),#7837);
#7833 = LINE('',#7834,#7835);
#7834 = CARTESIAN_POINT('',(0.,0.61));
#7835 = VECTOR('',#7836,1.);
#7836 = DIRECTION('',(1.,0.));
#7837 = ( GEOMETRIC_REPRESENTATION_CONTEXT(2) 
PARAMETRIC_REPRESENTATION_CONTEXT() REPRESENTATION_CONTEXT('2D SPACE',''
  ) );
#7838 = PCURVE('',#4465,#7839);
#7839 = DEFINITIONAL_REPRESENTATION('',(#7840),#7844);
#7840 = CIRCLE('',#7841,33.6);
#7841 = AXIS2_PLACEMENT_2D('',#7842,#7843);
#7842 = CARTESIAN_POINT('',(0.,0.));
#7843 = DIRECTION('',(1.,0.));
#7844 = ( GEOMETRIC_REPRESENTATION_CONTEXT(2) 
PARAMETRIC_REPRESENTATION_CONTEXT() REPRESENTATION_CONTEXT('2D SPACE',''
  ) );
#7845 = ADVANCED_FACE('',(#7846,#7877,#7903,#7929,#8010,#8036),#4465,.T.
  );
#7846 = FACE_BOUND('',#7847,.T.);
#7847 = EDGE_LOOP('',(#7848));
#7848 = ORIENTED_EDGE('',*,*,#7849,.T.);
#7849 = EDGE_CURVE('',#7850,#7850,#7852,.T.);
#7850 = VERTEX_POINT('',#7851);
#7851 = CARTESIAN_POINT('',(37.4,-9.160358057622E-15,38.5));
#7852 = SURFACE_CURVE('',#7853,(#7858,#7865),.PCURVE_S1.);
#7853 = CIRCLE('',#7854,37.4);
#7854 = AXIS2_PLACEMENT_3D('',#7855,#7856,#7857);
#7855 = CARTESIAN_POINT('',(0.,0.,38.5));
#7856 = DIRECTION('',(0.,0.,1.));
#7857 = DIRECTION('',(1.,0.,-0.));
#7858 = PCURVE('',#4465,#7859);
#7859 = DEFINITIONAL_REPRESENTATION('',(#7860),#7864);
#7860 = CIRCLE('',#7861,37.4);
#7861 = AXIS2_PLACEMENT_2D('',#7862,#7863);
#7862 = CARTESIAN_POINT('',(0.,0.));
#7863 = DIRECTION('',(1.,0.));
#7864 = ( GEOMETRIC_REPRESENTATION_CONTEXT(2) 
PARAMETRIC_REPRESENTATION_CONTEXT() REPRESENTATION_CONTEXT('2D SPACE',''
  ) );
#7865 = PCURVE('',#7866,#7871);
#7866 = CYLINDRICAL_SURFACE('',#7867,37.4);
#7867 = AXIS2_PLACEMENT_3D('',#7868,#7869,#7870);
#7868 = CARTESIAN_POINT('',(0.,0.,37.5));
#7869 = DIRECTION('',(0.,0.,1.));
#7870 = DIRECTION('',(1.,0.,-0.));
#7871 = DEFINITIONAL_REPRESENTATION('',(#7872),#7876);
#7872 = LINE('',#7873,#7874);
#7873 = CARTESIAN_POINT('',(0.,1.));
#7874 = VECTOR('',#7875,1.);
#7875 = DIRECTION('',(1.,0.));
#7876 = ( GEOMETRIC_REPRESENTATION_CONTEXT(2) 
PARAMETRIC_REPRESENTATION_CONTEXT() REPRESENTATION_CONTEXT('2D SPACE',''
  ) );
#7877 = FACE_BOUND('',#7878,.T.);
#7878 = EDGE_LOOP('',(#7879));
#7879 = ORIENTED_EDGE('',*,*,#7880,.F.);
#7880 = EDGE_CURVE('',#7881,#7881,#7883,.T.);
#7881 = VERTEX_POINT('',#7882);
#7882 = CARTESIAN_POINT('',(1.7,-34.5,38.5));
#7883 = SURFACE_CURVE('',#7884,(#7889,#7896),.PCURVE_S1.);
#7884 = CIRCLE('',#7885,1.7);
#7885 = AXIS2_PLACEMENT_3D('',#7886,#7887,#7888);
#7886 = CARTESIAN_POINT('',(-6.337547185588E-15,-34.5,38.5));
#7887 = DIRECTION('',(0.,0.,1.));
#7888 = DIRECTION('',(1.,0.,-0.));
#7889 = PCURVE('',#4465,#7890);
#7890 = DEFINITIONAL_REPRESENTATION('',(#7891),#7895);
#7891 = CIRCLE('',#7892,1.7);
#7892 = AXIS2_PLACEMENT_2D('',#7893,#7894);
#7893 = CARTESIAN_POINT('',(-6.337547185588E-15,-34.5));
#7894 = DIRECTION('',(1.,0.));
#7895 = ( GEOMETRIC_REPRESENTATION_CONTEXT(2) 
PARAMETRIC_REPRESENTATION_CONTEXT() REPRESENTATION_CONTEXT('2D SPACE',''
  ) );
#7896 = PCURVE('',#5697,#7897);
#7897 = DEFINITIONAL_REPRESENTATION('',(#7898),#7902);
#7898 = LINE('',#7899,#7900);
#7899 = CARTESIAN_POINT('',(0.,3.4));
#7900 = VECTOR('',#7901,1.);
#7901 = DIRECTION('',(1.,0.));
#7902 = ( GEOMETRIC_REPRESENTATION_CONTEXT(2) 
PARAMETRIC_REPRESENTATION_CONTEXT() REPRESENTATION_CONTEXT('2D SPACE',''
  ) );
#7903 = FACE_BOUND('',#7904,.T.);
#7904 = EDGE_LOOP('',(#7905));
#7905 = ORIENTED_EDGE('',*,*,#7906,.F.);
#7906 = EDGE_CURVE('',#7907,#7907,#7909,.T.);
#7907 = VERTEX_POINT('',#7908);
#7908 = CARTESIAN_POINT('',(-32.8,3.808651545348E-15,38.5));
#7909 = SURFACE_CURVE('',#7910,(#7915,#7922),.PCURVE_S1.);
#7910 = CIRCLE('',#7911,1.7);
#7911 = AXIS2_PLACEMENT_3D('',#7912,#7913,#7914);
#7912 = CARTESIAN_POINT('',(-34.5,4.225031457058E-15,38.5));
#7913 = DIRECTION('',(0.,0.,1.));
#7914 = DIRECTION('',(1.,0.,-0.));
#7915 = PCURVE('',#4465,#7916);
#7916 = DEFINITIONAL_REPRESENTATION('',(#7917),#7921);
#7917 = CIRCLE('',#7918,1.7);
#7918 = AXIS2_PLACEMENT_2D('',#7919,#7920);
#7919 = CARTESIAN_POINT('',(-34.5,4.225031457058E-15));
#7920 = DIRECTION('',(1.,0.));
#7921 = ( GEOMETRIC_REPRESENTATION_CONTEXT(2) 
PARAMETRIC_REPRESENTATION_CONTEXT() REPRESENTATION_CONTEXT('2D SPACE',''
  ) );
#7922 = PCURVE('',#5754,#7923);
#7923 = DEFINITIONAL_REPRESENTATION('',(#7924),#7928);
#7924 = LINE('',#7925,#7926);
#7925 = CARTESIAN_POINT('',(0.,3.4));
#7926 = VECTOR('',#7927,1.);
#7927 = DIRECTION('',(1.,0.));
#7928 = ( GEOMETRIC_REPRESENTATION_CONTEXT(2) 
PARAMETRIC_REPRESENTATION_CONTEXT() REPRESENTATION_CONTEXT('2D SPACE',''
  ) );
#7929 = FACE_BOUND('',#7930,.T.);
#7930 = EDGE_LOOP('',(#7931,#7932,#7933,#7934,#7935,#7957,#7958,#7959,
    #7960,#7982,#7983,#7984,#7985,#8007,#8008,#8009));
#7931 = ORIENTED_EDGE('',*,*,#7824,.F.);
#7932 = ORIENTED_EDGE('',*,*,#4450,.T.);
#7933 = ORIENTED_EDGE('',*,*,#4564,.F.);
#7934 = ORIENTED_EDGE('',*,*,#5033,.T.);
#7935 = ORIENTED_EDGE('',*,*,#7936,.F.);
#7936 = EDGE_CURVE('',#5247,#5008,#7937,.T.);
#7937 = SURFACE_CURVE('',#7938,(#7943,#7950),.PCURVE_S1.);
#7938 = CIRCLE('',#7939,33.6);
#7939 = AXIS2_PLACEMENT_3D('',#7940,#7941,#7942);
#7940 = CARTESIAN_POINT('',(0.,0.,38.5));
#7941 = DIRECTION('',(0.,0.,1.));
#7942 = DIRECTION('',(1.,0.,-0.));
#7943 = PCURVE('',#4465,#7944);
#7944 = DEFINITIONAL_REPRESENTATION('',(#7945),#7949);
#7945 = CIRCLE('',#7946,33.6);
#7946 = AXIS2_PLACEMENT_2D('',#7947,#7948);
#7947 = CARTESIAN_POINT('',(0.,0.));
#7948 = DIRECTION('',(1.,0.));
#7949 = ( GEOMETRIC_REPRESENTATION_CONTEXT(2) 
PARAMETRIC_REPRESENTATION_CONTEXT() REPRESENTATION_CONTEXT('2D SPACE',''
  ) );
#7950 = PCURVE('',#5022,#7951);
#7951 = DEFINITIONAL_REPRESENTATION('',(#7952),#7956);
#7952 = LINE('',#7953,#7954);
#7953 = CARTESIAN_POINT('',(0.,0.61));
#7954 = VECTOR('',#7955,1.);
#7955 = DIRECTION('',(1.,0.));
#7956 = ( GEOMETRIC_REPRESENTATION_CONTEXT(2) 
PARAMETRIC_REPRESENTATION_CONTEXT() REPRESENTATION_CONTEXT('2D SPACE',''
  ) );
#7957 = ORIENTED_EDGE('',*,*,#5246,.T.);
#7958 = ORIENTED_EDGE('',*,*,#5355,.F.);
#7959 = ORIENTED_EDGE('',*,*,#5887,.T.);
#7960 = ORIENTED_EDGE('',*,*,#7961,.F.);
#7961 = EDGE_CURVE('',#5797,#5867,#7962,.T.);
#7962 = SURFACE_CURVE('',#7963,(#7968,#7975),.PCURVE_S1.);
#7963 = CIRCLE('',#7964,33.6);
#7964 = AXIS2_PLACEMENT_3D('',#7965,#7966,#7967);
#7965 = CARTESIAN_POINT('',(0.,0.,38.5));
#7966 = DIRECTION('',(0.,0.,1.));
#7967 = DIRECTION('',(1.,0.,-0.));
#7968 = PCURVE('',#4465,#7969);
#7969 = DEFINITIONAL_REPRESENTATION('',(#7970),#7974);
#7970 = CIRCLE('',#7971,33.6);
#7971 = AXIS2_PLACEMENT_2D('',#7972,#7973);
#7972 = CARTESIAN_POINT('',(0.,0.));
#7973 = DIRECTION('',(1.,0.));
#7974 = ( GEOMETRIC_REPRESENTATION_CONTEXT(2) 
PARAMETRIC_REPRESENTATION_CONTEXT() REPRESENTATION_CONTEXT('2D SPACE',''
  ) );
#7975 = PCURVE('',#5830,#7976);
#7976 = DEFINITIONAL_REPRESENTATION('',(#7977),#7981);
#7977 = LINE('',#7978,#7979);
#7978 = CARTESIAN_POINT('',(0.,0.61));
#7979 = VECTOR('',#7980,1.);
#7980 = DIRECTION('',(1.,0.));
#7981 = ( GEOMETRIC_REPRESENTATION_CONTEXT(2) 
PARAMETRIC_REPRESENTATION_CONTEXT() REPRESENTATION_CONTEXT('2D SPACE',''
  ) );
#7982 = ORIENTED_EDGE('',*,*,#5796,.T.);
#7983 = ORIENTED_EDGE('',*,*,#5506,.F.);
#7984 = ORIENTED_EDGE('',*,*,#5312,.T.);
#7985 = ORIENTED_EDGE('',*,*,#7986,.F.);
#7986 = EDGE_CURVE('',#5080,#5292,#7987,.T.);
#7987 = SURFACE_CURVE('',#7988,(#7993,#8000),.PCURVE_S1.);
#7988 = CIRCLE('',#7989,33.6);
#7989 = AXIS2_PLACEMENT_3D('',#7990,#7991,#7992);
#7990 = CARTESIAN_POINT('',(0.,0.,38.5));
#7991 = DIRECTION('',(0.,0.,1.));
#7992 = DIRECTION('',(1.,0.,-0.));
#7993 = PCURVE('',#4465,#7994);
#7994 = DEFINITIONAL_REPRESENTATION('',(#7995),#7999);
#7995 = CIRCLE('',#7996,33.6);
#7996 = AXIS2_PLACEMENT_2D('',#7997,#7998);
#7997 = CARTESIAN_POINT('',(0.,0.));
#7998 = DIRECTION('',(1.,0.));
#7999 = ( GEOMETRIC_REPRESENTATION_CONTEXT(2) 
PARAMETRIC_REPRESENTATION_CONTEXT() REPRESENTATION_CONTEXT('2D SPACE',''
  ) );
#8000 = PCURVE('',#5113,#8001);
#8001 = DEFINITIONAL_REPRESENTATION('',(#8002),#8006);
#8002 = LINE('',#8003,#8004);
#8003 = CARTESIAN_POINT('',(0.,0.61));
#8004 = VECTOR('',#8005,1.);
#8005 = DIRECTION('',(1.,0.));
#8006 = ( GEOMETRIC_REPRESENTATION_CONTEXT(2) 
PARAMETRIC_REPRESENTATION_CONTEXT() REPRESENTATION_CONTEXT('2D SPACE',''
  ) );
#8007 = ORIENTED_EDGE('',*,*,#5079,.T.);
#8008 = ORIENTED_EDGE('',*,*,#4741,.F.);
#8009 = ORIENTED_EDGE('',*,*,#4521,.T.);
#8010 = FACE_BOUND('',#8011,.T.);
#8011 = EDGE_LOOP('',(#8012));
#8012 = ORIENTED_EDGE('',*,*,#8013,.F.);
#8013 = EDGE_CURVE('',#8014,#8014,#8016,.T.);
#8014 = VERTEX_POINT('',#8015);
#8015 = CARTESIAN_POINT('',(36.2,-4.163799117101E-16,38.5));
#8016 = SURFACE_CURVE('',#8017,(#8022,#8029),.PCURVE_S1.);
#8017 = CIRCLE('',#8018,1.7);
#8018 = AXIS2_PLACEMENT_3D('',#8019,#8020,#8021);
#8019 = CARTESIAN_POINT('',(34.5,0.,38.5));
#8020 = DIRECTION('',(0.,0.,1.));
#8021 = DIRECTION('',(1.,0.,-0.));
#8022 = PCURVE('',#4465,#8023);
#8023 = DEFINITIONAL_REPRESENTATION('',(#8024),#8028);
#8024 = CIRCLE('',#8025,1.7);
#8025 = AXIS2_PLACEMENT_2D('',#8026,#8027);
#8026 = CARTESIAN_POINT('',(34.5,0.));
#8027 = DIRECTION('',(1.,0.));
#8028 = ( GEOMETRIC_REPRESENTATION_CONTEXT(2) 
PARAMETRIC_REPRESENTATION_CONTEXT() REPRESENTATION_CONTEXT('2D SPACE',''
  ) );
#8029 = PCURVE('',#4909,#8030);
#8030 = DEFINITIONAL_REPRESENTATION('',(#8031),#8035);
#8031 = LINE('',#8032,#8033);
#8032 = CARTESIAN_POINT('',(0.,3.4));
#8033 = VECTOR('',#8034,1.);
#8034 = DIRECTION('',(1.,0.));
#8035 = ( GEOMETRIC_REPRESENTATION_CONTEXT(2) 
PARAMETRIC_REPRESENTATION_CONTEXT() REPRESENTATION_CONTEXT('2D SPACE',''
  ) );
#8036 = FACE_BOUND('',#8037,.T.);
#8037 = EDGE_LOOP('',(#8038));
#8038 = ORIENTED_EDGE('',*,*,#8039,.F.);
#8039 = EDGE_CURVE('',#8040,#8040,#8042,.T.);
#8040 = VERTEX_POINT('',#8041);
#8041 = CARTESIAN_POINT('',(1.7,34.5,38.5));
#8042 = SURFACE_CURVE('',#8043,(#8048,#8055),.PCURVE_S1.);
#8043 = CIRCLE('',#8044,1.7);
#8044 = AXIS2_PLACEMENT_3D('',#8045,#8046,#8047);
#8045 = CARTESIAN_POINT('',(2.112515728529E-15,34.5,38.5));
#8046 = DIRECTION('',(0.,0.,1.));
#8047 = DIRECTION('',(1.,0.,-0.));
#8048 = PCURVE('',#4465,#8049);
#8049 = DEFINITIONAL_REPRESENTATION('',(#8050),#8054);
#8050 = CIRCLE('',#8051,1.7);
#8051 = AXIS2_PLACEMENT_2D('',#8052,#8053);
#8052 = CARTESIAN_POINT('',(2.112515728529E-15,34.5));
#8053 = DIRECTION('',(1.,0.));
#8054 = ( GEOMETRIC_REPRESENTATION_CONTEXT(2) 
PARAMETRIC_REPRESENTATION_CONTEXT() REPRESENTATION_CONTEXT('2D SPACE',''
  ) );
#8055 = PCURVE('',#4966,#8056);
#8056 = DEFINITIONAL_REPRESENTATION('',(#8057),#8061);
#8057 = LINE('',#8058,#8059);
#8058 = CARTESIAN_POINT('',(0.,3.4));
#8059 = VECTOR('',#8060,1.);
#8060 = DIRECTION('',(1.,0.));
#8061 = ( GEOMETRIC_REPRESENTATION_CONTEXT(2) 
PARAMETRIC_REPRESENTATION_CONTEXT() REPRESENTATION_CONTEXT('2D SPACE',''
  ) );
#8062 = ADVANCED_FACE('',(#8063),#4909,.F.);
#8063 = FACE_BOUND('',#8064,.F.);
#8064 = EDGE_LOOP('',(#8065,#8086,#8087,#8088));
#8065 = ORIENTED_EDGE('',*,*,#8066,.T.);
#8066 = EDGE_CURVE('',#4872,#8014,#8067,.T.);
#8067 = SEAM_CURVE('',#8068,(#8072,#8079),.PCURVE_S1.);
#8068 = LINE('',#8069,#8070);
#8069 = CARTESIAN_POINT('',(36.2,-4.163799117101E-16,35.1));
#8070 = VECTOR('',#8071,1.);
#8071 = DIRECTION('',(0.,0.,1.));
#8072 = PCURVE('',#4909,#8073);
#8073 = DEFINITIONAL_REPRESENTATION('',(#8074),#8078);
#8074 = LINE('',#8075,#8076);
#8075 = CARTESIAN_POINT('',(6.28318530718,-0.));
#8076 = VECTOR('',#8077,1.);
#8077 = DIRECTION('',(0.,1.));
#8078 = ( GEOMETRIC_REPRESENTATION_CONTEXT(2) 
PARAMETRIC_REPRESENTATION_CONTEXT() REPRESENTATION_CONTEXT('2D SPACE',''
  ) );
#8079 = PCURVE('',#4909,#8080);
#8080 = DEFINITIONAL_REPRESENTATION('',(#8081),#8085);
#8081 = LINE('',#8082,#8083);
#8082 = CARTESIAN_POINT('',(0.,-0.));
#8083 = VECTOR('',#8084,1.);
#8084 = DIRECTION('',(0.,1.));
#8085 = ( GEOMETRIC_REPRESENTATION_CONTEXT(2) 
PARAMETRIC_REPRESENTATION_CONTEXT() REPRESENTATION_CONTEXT('2D SPACE',''
  ) );
#8086 = ORIENTED_EDGE('',*,*,#8013,.F.);
#8087 = ORIENTED_EDGE('',*,*,#8066,.F.);
#8088 = ORIENTED_EDGE('',*,*,#4894,.T.);
#8089 = ADVANCED_FACE('',(#8090),#4966,.F.);
#8090 = FACE_BOUND('',#8091,.F.);
#8091 = EDGE_LOOP('',(#8092,#8113,#8114,#8115));
#8092 = ORIENTED_EDGE('',*,*,#8093,.T.);
#8093 = EDGE_CURVE('',#4929,#8040,#8094,.T.);
#8094 = SEAM_CURVE('',#8095,(#8099,#8106),.PCURVE_S1.);
#8095 = LINE('',#8096,#8097);
#8096 = CARTESIAN_POINT('',(1.7,34.5,35.1));
#8097 = VECTOR('',#8098,1.);
#8098 = DIRECTION('',(0.,0.,1.));
#8099 = PCURVE('',#4966,#8100);
#8100 = DEFINITIONAL_REPRESENTATION('',(#8101),#8105);
#8101 = LINE('',#8102,#8103);
#8102 = CARTESIAN_POINT('',(6.28318530718,-0.));
#8103 = VECTOR('',#8104,1.);
#8104 = DIRECTION('',(0.,1.));
#8105 = ( GEOMETRIC_REPRESENTATION_CONTEXT(2) 
PARAMETRIC_REPRESENTATION_CONTEXT() REPRESENTATION_CONTEXT('2D SPACE',''
  ) );
#8106 = PCURVE('',#4966,#8107);
#8107 = DEFINITIONAL_REPRESENTATION('',(#8108),#8112);
#8108 = LINE('',#8109,#8110);
#8109 = CARTESIAN_POINT('',(0.,-0.));
#8110 = VECTOR('',#8111,1.);
#8111 = DIRECTION('',(0.,1.));
#8112 = ( GEOMETRIC_REPRESENTATION_CONTEXT(2) 
PARAMETRIC_REPRESENTATION_CONTEXT() REPRESENTATION_CONTEXT('2D SPACE',''
  ) );
#8113 = ORIENTED_EDGE('',*,*,#8039,.F.);
#8114 = ORIENTED_EDGE('',*,*,#8093,.F.);
#8115 = ORIENTED_EDGE('',*,*,#4951,.T.);
#8116 = ADVANCED_FACE('',(#8117),#5022,.F.);
#8117 = FACE_BOUND('',#8118,.F.);
#8118 = EDGE_LOOP('',(#8119,#8120,#8121,#8122));
#8119 = ORIENTED_EDGE('',*,*,#5267,.F.);
#8120 = ORIENTED_EDGE('',*,*,#5127,.T.);
#8121 = ORIENTED_EDGE('',*,*,#5007,.T.);
#8122 = ORIENTED_EDGE('',*,*,#7936,.F.);
#8123 = ADVANCED_FACE('',(#8124),#5113,.F.);
#8124 = FACE_BOUND('',#8125,.F.);
#8125 = EDGE_LOOP('',(#8126,#8127,#8128,#8129));
#8126 = ORIENTED_EDGE('',*,*,#5100,.F.);
#8127 = ORIENTED_EDGE('',*,*,#5175,.T.);
#8128 = ORIENTED_EDGE('',*,*,#5291,.T.);
#8129 = ORIENTED_EDGE('',*,*,#7986,.F.);
#8130 = ADVANCED_FACE('',(#8131),#5697,.F.);
#8131 = FACE_BOUND('',#8132,.F.);
#8132 = EDGE_LOOP('',(#8133,#8154,#8155,#8156));
#8133 = ORIENTED_EDGE('',*,*,#8134,.T.);
#8134 = EDGE_CURVE('',#5660,#7881,#8135,.T.);
#8135 = SEAM_CURVE('',#8136,(#8140,#8147),.PCURVE_S1.);
#8136 = LINE('',#8137,#8138);
#8137 = CARTESIAN_POINT('',(1.7,-34.5,35.1));
#8138 = VECTOR('',#8139,1.);
#8139 = DIRECTION('',(0.,0.,1.));
#8140 = PCURVE('',#5697,#8141);
#8141 = DEFINITIONAL_REPRESENTATION('',(#8142),#8146);
#8142 = LINE('',#8143,#8144);
#8143 = CARTESIAN_POINT('',(6.28318530718,-0.));
#8144 = VECTOR('',#8145,1.);
#8145 = DIRECTION('',(0.,1.));
#8146 = ( GEOMETRIC_REPRESENTATION_CONTEXT(2) 
PARAMETRIC_REPRESENTATION_CONTEXT() REPRESENTATION_CONTEXT('2D SPACE',''
  ) );
#8147 = PCURVE('',#5697,#8148);
#8148 = DEFINITIONAL_REPRESENTATION('',(#8149),#8153);
#8149 = LINE('',#8150,#8151);
#8150 = CARTESIAN_POINT('',(0.,-0.));
#8151 = VECTOR('',#8152,1.);
#8152 = DIRECTION('',(0.,1.));
#8153 = ( GEOMETRIC_REPRESENTATION_CONTEXT(2) 
PARAMETRIC_REPRESENTATION_CONTEXT() REPRESENTATION_CONTEXT('2D SPACE',''
  ) );
#8154 = ORIENTED_EDGE('',*,*,#7880,.F.);
#8155 = ORIENTED_EDGE('',*,*,#8134,.F.);
#8156 = ORIENTED_EDGE('',*,*,#5682,.T.);
#8157 = ADVANCED_FACE('',(#8158),#5754,.F.);
#8158 = FACE_BOUND('',#8159,.F.);
#8159 = EDGE_LOOP('',(#8160,#8181,#8182,#8183));
#8160 = ORIENTED_EDGE('',*,*,#8161,.T.);
#8161 = EDGE_CURVE('',#5717,#7907,#8162,.T.);
#8162 = SEAM_CURVE('',#8163,(#8167,#8174),.PCURVE_S1.);
#8163 = LINE('',#8164,#8165);
#8164 = CARTESIAN_POINT('',(-32.8,3.808651545348E-15,35.1));
#8165 = VECTOR('',#8166,1.);
#8166 = DIRECTION('',(0.,0.,1.));
#8167 = PCURVE('',#5754,#8168);
#8168 = DEFINITIONAL_REPRESENTATION('',(#8169),#8173);
#8169 = LINE('',#8170,#8171);
#8170 = CARTESIAN_POINT('',(6.28318530718,-0.));
#8171 = VECTOR('',#8172,1.);
#8172 = DIRECTION('',(0.,1.));
#8173 = ( GEOMETRIC_REPRESENTATION_CONTEXT(2) 
PARAMETRIC_REPRESENTATION_CONTEXT() REPRESENTATION_CONTEXT('2D SPACE',''
  ) );
#8174 = PCURVE('',#5754,#8175);
#8175 = DEFINITIONAL_REPRESENTATION('',(#8176),#8180);
#8176 = LINE('',#8177,#8178);
#8177 = CARTESIAN_POINT('',(0.,-0.));
#8178 = VECTOR('',#8179,1.);
#8179 = DIRECTION('',(0.,1.));
#8180 = ( GEOMETRIC_REPRESENTATION_CONTEXT(2) 
PARAMETRIC_REPRESENTATION_CONTEXT() REPRESENTATION_CONTEXT('2D SPACE',''
  ) );
#8181 = ORIENTED_EDGE('',*,*,#7906,.F.);
#8182 = ORIENTED_EDGE('',*,*,#8161,.F.);
#8183 = ORIENTED_EDGE('',*,*,#5739,.T.);
#8184 = ADVANCED_FACE('',(#8185),#5830,.F.);
#8185 = FACE_BOUND('',#8186,.F.);
#8186 = EDGE_LOOP('',(#8187,#8188,#8189,#8190));
#8187 = ORIENTED_EDGE('',*,*,#5817,.F.);
#8188 = ORIENTED_EDGE('',*,*,#5910,.T.);
#8189 = ORIENTED_EDGE('',*,*,#5866,.T.);
#8190 = ORIENTED_EDGE('',*,*,#7961,.F.);
#8191 = ADVANCED_FACE('',(#8192,#8198),#5999,.F.);
#8192 = FACE_BOUND('',#8193,.F.);
#8193 = EDGE_LOOP('',(#8194,#8195,#8196,#8197));
#8194 = ORIENTED_EDGE('',*,*,#6088,.F.);
#8195 = ORIENTED_EDGE('',*,*,#5985,.T.);
#8196 = ORIENTED_EDGE('',*,*,#6039,.T.);
#8197 = ORIENTED_EDGE('',*,*,#6115,.F.);
#8198 = FACE_BOUND('',#8199,.F.);
#8199 = EDGE_LOOP('',(#8200,#8228,#8254,#8280));
#8200 = ORIENTED_EDGE('',*,*,#8201,.F.);
#8201 = EDGE_CURVE('',#8202,#8204,#8206,.T.);
#8202 = VERTEX_POINT('',#8203);
#8203 = CARTESIAN_POINT('',(-9.15,46.85,36.4));
#8204 = VERTEX_POINT('',#8205);
#8205 = CARTESIAN_POINT('',(9.15,46.85,36.4));
#8206 = SURFACE_CURVE('',#8207,(#8211,#8217),.PCURVE_S1.);
#8207 = LINE('',#8208,#8209);
#8208 = CARTESIAN_POINT('',(-9.3,46.85,36.4));
#8209 = VECTOR('',#8210,1.);
#8210 = DIRECTION('',(1.,0.,-0.));
#8211 = PCURVE('',#5999,#8212);
#8212 = DEFINITIONAL_REPRESENTATION('',(#8213),#8216);
#8213 = B_SPLINE_CURVE_WITH_KNOTS('',1,(#8214,#8215),.UNSPECIFIED.,.F.,
  .F.,(2,2),(0.15,18.45),.PIECEWISE_BEZIER_KNOTS.);
#8214 = CARTESIAN_POINT('',(0.3,0.3));
#8215 = CARTESIAN_POINT('',(18.6,0.3));
#8216 = ( GEOMETRIC_REPRESENTATION_CONTEXT(2) 
PARAMETRIC_REPRESENTATION_CONTEXT() REPRESENTATION_CONTEXT('2D SPACE',''
  ) );
#8217 = PCURVE('',#8218,#8223);
#8218 = PLANE('',#8219);
#8219 = AXIS2_PLACEMENT_3D('',#8220,#8221,#8222);
#8220 = CARTESIAN_POINT('',(-9.15,46.85,35.1));
#8221 = DIRECTION('',(-0.,1.,0.));
#8222 = DIRECTION('',(0.,0.,1.));
#8223 = DEFINITIONAL_REPRESENTATION('',(#8224),#8227);
#8224 = B_SPLINE_CURVE_WITH_KNOTS('',1,(#8225,#8226),.UNSPECIFIED.,.F.,
  .F.,(2,2),(0.15,18.45),.PIECEWISE_BEZIER_KNOTS.);
#8225 = CARTESIAN_POINT('',(1.3,0.));
#8226 = CARTESIAN_POINT('',(1.3,18.3));
#8227 = ( GEOMETRIC_REPRESENTATION_CONTEXT(2) 
PARAMETRIC_REPRESENTATION_CONTEXT() REPRESENTATION_CONTEXT('2D SPACE',''
  ) );
#8228 = ORIENTED_EDGE('',*,*,#8229,.F.);
#8229 = EDGE_CURVE('',#8230,#8202,#8232,.T.);
#8230 = VERTEX_POINT('',#8231);
#8231 = CARTESIAN_POINT('',(-9.15,61.15,36.4));
#8232 = SURFACE_CURVE('',#8233,(#8237,#8243),.PCURVE_S1.);
#8233 = LINE('',#8234,#8235);
#8234 = CARTESIAN_POINT('',(-9.15,46.7,36.4));
#8235 = VECTOR('',#8236,1.);
#8236 = DIRECTION('',(0.,-1.,0.));
#8237 = PCURVE('',#5999,#8238);
#8238 = DEFINITIONAL_REPRESENTATION('',(#8239),#8242);
#8239 = B_SPLINE_CURVE_WITH_KNOTS('',1,(#8240,#8241),.UNSPECIFIED.,.F.,
  .F.,(2,2),(-14.45,-0.15),.PIECEWISE_BEZIER_KNOTS.);
#8240 = CARTESIAN_POINT('',(0.3,14.6));
#8241 = CARTESIAN_POINT('',(0.3,0.3));
#8242 = ( GEOMETRIC_REPRESENTATION_CONTEXT(2) 
PARAMETRIC_REPRESENTATION_CONTEXT() REPRESENTATION_CONTEXT('2D SPACE',''
  ) );
#8243 = PCURVE('',#8244,#8249);
#8244 = PLANE('',#8245);
#8245 = AXIS2_PLACEMENT_3D('',#8246,#8247,#8248);
#8246 = CARTESIAN_POINT('',(-9.15,46.85,35.1));
#8247 = DIRECTION('',(1.,0.,-0.));
#8248 = DIRECTION('',(0.,0.,1.));
#8249 = DEFINITIONAL_REPRESENTATION('',(#8250),#8253);
#8250 = B_SPLINE_CURVE_WITH_KNOTS('',1,(#8251,#8252),.UNSPECIFIED.,.F.,
  .F.,(2,2),(-14.45,-0.15),.PIECEWISE_BEZIER_KNOTS.);
#8251 = CARTESIAN_POINT('',(1.3,-14.3));
#8252 = CARTESIAN_POINT('',(1.3,0.));
#8253 = ( GEOMETRIC_REPRESENTATION_CONTEXT(2) 
PARAMETRIC_REPRESENTATION_CONTEXT() REPRESENTATION_CONTEXT('2D SPACE',''
  ) );
#8254 = ORIENTED_EDGE('',*,*,#8255,.T.);
#8255 = EDGE_CURVE('',#8230,#8256,#8258,.T.);
#8256 = VERTEX_POINT('',#8257);
#8257 = CARTESIAN_POINT('',(9.15,61.15,36.4));
#8258 = SURFACE_CURVE('',#8259,(#8263,#8269),.PCURVE_S1.);
#8259 = LINE('',#8260,#8261);
#8260 = CARTESIAN_POINT('',(-9.3,61.15,36.4));
#8261 = VECTOR('',#8262,1.);
#8262 = DIRECTION('',(1.,0.,-0.));
#8263 = PCURVE('',#5999,#8264);
#8264 = DEFINITIONAL_REPRESENTATION('',(#8265),#8268);
#8265 = B_SPLINE_CURVE_WITH_KNOTS('',1,(#8266,#8267),.UNSPECIFIED.,.F.,
  .F.,(2,2),(0.15,18.45),.PIECEWISE_BEZIER_KNOTS.);
#8266 = CARTESIAN_POINT('',(0.3,14.6));
#8267 = CARTESIAN_POINT('',(18.6,14.6));
#8268 = ( GEOMETRIC_REPRESENTATION_CONTEXT(2) 
PARAMETRIC_REPRESENTATION_CONTEXT() REPRESENTATION_CONTEXT('2D SPACE',''
  ) );
#8269 = PCURVE('',#8270,#8275);
#8270 = PLANE('',#8271);
#8271 = AXIS2_PLACEMENT_3D('',#8272,#8273,#8274);
#8272 = CARTESIAN_POINT('',(-9.15,61.15,35.1));
#8273 = DIRECTION('',(-0.,1.,0.));
#8274 = DIRECTION('',(0.,0.,1.));
#8275 = DEFINITIONAL_REPRESENTATION('',(#8276),#8279);
#8276 = B_SPLINE_CURVE_WITH_KNOTS('',1,(#8277,#8278),.UNSPECIFIED.,.F.,
  .F.,(2,2),(0.15,18.45),.PIECEWISE_BEZIER_KNOTS.);
#8277 = CARTESIAN_POINT('',(1.3,0.));
#8278 = CARTESIAN_POINT('',(1.3,18.3));
#8279 = ( GEOMETRIC_REPRESENTATION_CONTEXT(2) 
PARAMETRIC_REPRESENTATION_CONTEXT() REPRESENTATION_CONTEXT('2D SPACE',''
  ) );
#8280 = ORIENTED_EDGE('',*,*,#8281,.T.);
#8281 = EDGE_CURVE('',#8256,#8204,#8282,.T.);
#8282 = SURFACE_CURVE('',#8283,(#8287,#8293),.PCURVE_S1.);
#8283 = LINE('',#8284,#8285);
#8284 = CARTESIAN_POINT('',(9.15,46.7,36.4));
#8285 = VECTOR('',#8286,1.);
#8286 = DIRECTION('',(0.,-1.,0.));
#8287 = PCURVE('',#5999,#8288);
#8288 = DEFINITIONAL_REPRESENTATION('',(#8289),#8292);
#8289 = B_SPLINE_CURVE_WITH_KNOTS('',1,(#8290,#8291),.UNSPECIFIED.,.F.,
  .F.,(2,2),(-14.45,-0.15),.PIECEWISE_BEZIER_KNOTS.);
#8290 = CARTESIAN_POINT('',(18.6,14.6));
#8291 = CARTESIAN_POINT('',(18.6,0.3));
#8292 = ( GEOMETRIC_REPRESENTATION_CONTEXT(2) 
PARAMETRIC_REPRESENTATION_CONTEXT() REPRESENTATION_CONTEXT('2D SPACE',''
  ) );
#8293 = PCURVE('',#8294,#8299);
#8294 = PLANE('',#8295);
#8295 = AXIS2_PLACEMENT_3D('',#8296,#8297,#8298);
#8296 = CARTESIAN_POINT('',(9.15,46.85,35.1));
#8297 = DIRECTION('',(1.,0.,-0.));
#8298 = DIRECTION('',(0.,0.,1.));
#8299 = DEFINITIONAL_REPRESENTATION('',(#8300),#8303);
#8300 = B_SPLINE_CURVE_WITH_KNOTS('',1,(#8301,#8302),.UNSPECIFIED.,.F.,
  .F.,(2,2),(-14.45,-0.15),.PIECEWISE_BEZIER_KNOTS.);
#8301 = CARTESIAN_POINT('',(1.3,-14.3));
#8302 = CARTESIAN_POINT('',(1.3,0.));
#8303 = ( GEOMETRIC_REPRESENTATION_CONTEXT(2) 
PARAMETRIC_REPRESENTATION_CONTEXT() REPRESENTATION_CONTEXT('2D SPACE',''
  ) );
#8304 = ADVANCED_FACE('',(#8305),#6361,.T.);
#8305 = FACE_BOUND('',#8306,.T.);
#8306 = EDGE_LOOP('',(#8307,#8308,#8309,#8310));
#8307 = ORIENTED_EDGE('',*,*,#7604,.T.);
#8308 = ORIENTED_EDGE('',*,*,#6343,.T.);
#8309 = ORIENTED_EDGE('',*,*,#7793,.T.);
#8310 = ORIENTED_EDGE('',*,*,#7630,.F.);
#8311 = ADVANCED_FACE('',(#8312),#6581,.T.);
#8312 = FACE_BOUND('',#8313,.F.);
#8313 = EDGE_LOOP('',(#8314));
#8314 = ORIENTED_EDGE('',*,*,#6566,.F.);
#8315 = ADVANCED_FACE('',(#8316),#6636,.T.);
#8316 = FACE_BOUND('',#8317,.F.);
#8317 = EDGE_LOOP('',(#8318));
#8318 = ORIENTED_EDGE('',*,*,#6621,.F.);
#8319 = ADVANCED_FACE('',(#8320),#6691,.T.);
#8320 = FACE_BOUND('',#8321,.F.);
#8321 = EDGE_LOOP('',(#8322));
#8322 = ORIENTED_EDGE('',*,*,#6676,.F.);
#8323 = ADVANCED_FACE('',(#8324),#6746,.T.);
#8324 = FACE_BOUND('',#8325,.F.);
#8325 = EDGE_LOOP('',(#8326));
#8326 = ORIENTED_EDGE('',*,*,#6731,.F.);
#8327 = ADVANCED_FACE('',(#8328),#6801,.T.);
#8328 = FACE_BOUND('',#8329,.F.);
#8329 = EDGE_LOOP('',(#8330));
#8330 = ORIENTED_EDGE('',*,*,#6786,.F.);
#8331 = ADVANCED_FACE('',(#8332),#6856,.T.);
#8332 = FACE_BOUND('',#8333,.F.);
#8333 = EDGE_LOOP('',(#8334));
#8334 = ORIENTED_EDGE('',*,*,#6841,.F.);
#8335 = ADVANCED_FACE('',(#8336),#6911,.T.);
#8336 = FACE_BOUND('',#8337,.F.);
#8337 = EDGE_LOOP('',(#8338));
#8338 = ORIENTED_EDGE('',*,*,#6896,.F.);
#8339 = ADVANCED_FACE('',(#8340),#6966,.T.);
#8340 = FACE_BOUND('',#8341,.F.);
#8341 = EDGE_LOOP('',(#8342));
#8342 = ORIENTED_EDGE('',*,*,#6951,.F.);
#8343 = ADVANCED_FACE('',(#8344),#7021,.T.);
#8344 = FACE_BOUND('',#8345,.F.);
#8345 = EDGE_LOOP('',(#8346));
#8346 = ORIENTED_EDGE('',*,*,#7006,.F.);
#8347 = ADVANCED_FACE('',(#8348),#7076,.T.);
#8348 = FACE_BOUND('',#8349,.F.);
#8349 = EDGE_LOOP('',(#8350));
#8350 = ORIENTED_EDGE('',*,*,#7061,.F.);
#8351 = ADVANCED_FACE('',(#8352),#7131,.T.);
#8352 = FACE_BOUND('',#8353,.F.);
#8353 = EDGE_LOOP('',(#8354));
#8354 = ORIENTED_EDGE('',*,*,#7116,.F.);
#8355 = ADVANCED_FACE('',(#8356),#7186,.T.);
#8356 = FACE_BOUND('',#8357,.F.);
#8357 = EDGE_LOOP('',(#8358));
#8358 = ORIENTED_EDGE('',*,*,#7171,.F.);
#8359 = ADVANCED_FACE('',(#8360),#7241,.T.);
#8360 = FACE_BOUND('',#8361,.F.);
#8361 = EDGE_LOOP('',(#8362));
#8362 = ORIENTED_EDGE('',*,*,#7226,.F.);
#8363 = ADVANCED_FACE('',(#8364),#7296,.T.);
#8364 = FACE_BOUND('',#8365,.F.);
#8365 = EDGE_LOOP('',(#8366));
#8366 = ORIENTED_EDGE('',*,*,#7281,.F.);
#8367 = ADVANCED_FACE('',(#8368,#8371),#7351,.T.);
#8368 = FACE_BOUND('',#8369,.T.);
#8369 = EDGE_LOOP('',(#8370));
#8370 = ORIENTED_EDGE('',*,*,#7336,.T.);
#8371 = FACE_BOUND('',#8372,.T.);
#8372 = EDGE_LOOP('',(#8373));
#8373 = ORIENTED_EDGE('',*,*,#8374,.F.);
#8374 = EDGE_CURVE('',#8375,#8375,#8377,.T.);
#8375 = VERTEX_POINT('',#8376);
#8376 = CARTESIAN_POINT('',(38.6,-9.454273289418E-15,38.5));
#8377 = SURFACE_CURVE('',#8378,(#8383,#8390),.PCURVE_S1.);
#8378 = CIRCLE('',#8379,38.6);
#8379 = AXIS2_PLACEMENT_3D('',#8380,#8381,#8382);
#8380 = CARTESIAN_POINT('',(0.,0.,38.5));
#8381 = DIRECTION('',(0.,0.,1.));
#8382 = DIRECTION('',(1.,0.,-0.));
#8383 = PCURVE('',#7351,#8384);
#8384 = DEFINITIONAL_REPRESENTATION('',(#8385),#8389);
#8385 = CIRCLE('',#8386,38.6);
#8386 = AXIS2_PLACEMENT_2D('',#8387,#8388);
#8387 = CARTESIAN_POINT('',(0.,0.));
#8388 = DIRECTION('',(1.,0.));
#8389 = ( GEOMETRIC_REPRESENTATION_CONTEXT(2) 
PARAMETRIC_REPRESENTATION_CONTEXT() REPRESENTATION_CONTEXT('2D SPACE',''
  ) );
#8390 = PCURVE('',#8391,#8396);
#8391 = CYLINDRICAL_SURFACE('',#8392,38.6);
#8392 = AXIS2_PLACEMENT_3D('',#8393,#8394,#8395);
#8393 = CARTESIAN_POINT('',(0.,0.,37.7));
#8394 = DIRECTION('',(0.,0.,1.));
#8395 = DIRECTION('',(1.,0.,-0.));
#8396 = DEFINITIONAL_REPRESENTATION('',(#8397),#8401);
#8397 = LINE('',#8398,#8399);
#8398 = CARTESIAN_POINT('',(0.,0.8));
#8399 = VECTOR('',#8400,1.);
#8400 = DIRECTION('',(1.,0.));
#8401 = ( GEOMETRIC_REPRESENTATION_CONTEXT(2) 
PARAMETRIC_REPRESENTATION_CONTEXT() REPRESENTATION_CONTEXT('2D SPACE',''
  ) );
#8402 = ADVANCED_FACE('',(#8403),#7406,.T.);
#8403 = FACE_BOUND('',#8404,.F.);
#8404 = EDGE_LOOP('',(#8405));
#8405 = ORIENTED_EDGE('',*,*,#7391,.F.);
#8406 = ADVANCED_FACE('',(#8407),#7461,.T.);
#8407 = FACE_BOUND('',#8408,.F.);
#8408 = EDGE_LOOP('',(#8409));
#8409 = ORIENTED_EDGE('',*,*,#7446,.F.);
#8410 = ADVANCED_FACE('',(#8411),#7516,.T.);
#8411 = FACE_BOUND('',#8412,.F.);
#8412 = EDGE_LOOP('',(#8413));
#8413 = ORIENTED_EDGE('',*,*,#7501,.F.);
#8414 = ADVANCED_FACE('',(#8415),#7866,.T.);
#8415 = FACE_BOUND('',#8416,.T.);
#8416 = EDGE_LOOP('',(#8417,#8418,#8441,#8468));
#8417 = ORIENTED_EDGE('',*,*,#7849,.F.);
#8418 = ORIENTED_EDGE('',*,*,#8419,.F.);
#8419 = EDGE_CURVE('',#8420,#7850,#8422,.T.);
#8420 = VERTEX_POINT('',#8421);
#8421 = CARTESIAN_POINT('',(37.4,-9.160358057622E-15,37.7));
#8422 = SEAM_CURVE('',#8423,(#8427,#8434),.PCURVE_S1.);
#8423 = LINE('',#8424,#8425);
#8424 = CARTESIAN_POINT('',(37.4,-9.160358057622E-15,37.5));
#8425 = VECTOR('',#8426,1.);
#8426 = DIRECTION('',(0.,0.,1.));
#8427 = PCURVE('',#7866,#8428);
#8428 = DEFINITIONAL_REPRESENTATION('',(#8429),#8433);
#8429 = LINE('',#8430,#8431);
#8430 = CARTESIAN_POINT('',(6.28318530718,-0.));
#8431 = VECTOR('',#8432,1.);
#8432 = DIRECTION('',(0.,1.));
#8433 = ( GEOMETRIC_REPRESENTATION_CONTEXT(2) 
PARAMETRIC_REPRESENTATION_CONTEXT() REPRESENTATION_CONTEXT('2D SPACE',''
  ) );
#8434 = PCURVE('',#7866,#8435);
#8435 = DEFINITIONAL_REPRESENTATION('',(#8436),#8440);
#8436 = LINE('',#8437,#8438);
#8437 = CARTESIAN_POINT('',(0.,-0.));
#8438 = VECTOR('',#8439,1.);
#8439 = DIRECTION('',(0.,1.));
#8440 = ( GEOMETRIC_REPRESENTATION_CONTEXT(2) 
PARAMETRIC_REPRESENTATION_CONTEXT() REPRESENTATION_CONTEXT('2D SPACE',''
  ) );
#8441 = ORIENTED_EDGE('',*,*,#8442,.T.);
#8442 = EDGE_CURVE('',#8420,#8420,#8443,.T.);
#8443 = SURFACE_CURVE('',#8444,(#8449,#8456),.PCURVE_S1.);
#8444 = CIRCLE('',#8445,37.4);
#8445 = AXIS2_PLACEMENT_3D('',#8446,#8447,#8448);
#8446 = CARTESIAN_POINT('',(0.,0.,37.7));
#8447 = DIRECTION('',(0.,0.,1.));
#8448 = DIRECTION('',(1.,0.,-0.));
#8449 = PCURVE('',#7866,#8450);
#8450 = DEFINITIONAL_REPRESENTATION('',(#8451),#8455);
#8451 = LINE('',#8452,#8453);
#8452 = CARTESIAN_POINT('',(0.,0.2));
#8453 = VECTOR('',#8454,1.);
#8454 = DIRECTION('',(1.,0.));
#8455 = ( GEOMETRIC_REPRESENTATION_CONTEXT(2) 
PARAMETRIC_REPRESENTATION_CONTEXT() REPRESENTATION_CONTEXT('2D SPACE',''
  ) );
#8456 = PCURVE('',#8457,#8462);
#8457 = PLANE('',#8458);
#8458 = AXIS2_PLACEMENT_3D('',#8459,#8460,#8461);
#8459 = CARTESIAN_POINT('',(0.,0.,37.7));
#8460 = DIRECTION('',(0.,0.,1.));
#8461 = DIRECTION('',(1.,0.,-0.));
#8462 = DEFINITIONAL_REPRESENTATION('',(#8463),#8467);
#8463 = CIRCLE('',#8464,37.4);
#8464 = AXIS2_PLACEMENT_2D('',#8465,#8466);
#8465 = CARTESIAN_POINT('',(0.,0.));
#8466 = DIRECTION('',(1.,0.));
#8467 = ( GEOMETRIC_REPRESENTATION_CONTEXT(2) 
PARAMETRIC_REPRESENTATION_CONTEXT() REPRESENTATION_CONTEXT('2D SPACE',''
  ) );
#8468 = ORIENTED_EDGE('',*,*,#8419,.T.);
#8469 = ADVANCED_FACE('',(#8470),#8218,.T.);
#8470 = FACE_BOUND('',#8471,.T.);
#8471 = EDGE_LOOP('',(#8472,#8495,#8496,#8519));
#8472 = ORIENTED_EDGE('',*,*,#8473,.F.);
#8473 = EDGE_CURVE('',#8204,#8474,#8476,.T.);
#8474 = VERTEX_POINT('',#8475);
#8475 = CARTESIAN_POINT('',(9.15,46.85,38.6));
#8476 = SURFACE_CURVE('',#8477,(#8481,#8488),.PCURVE_S1.);
#8477 = LINE('',#8478,#8479);
#8478 = CARTESIAN_POINT('',(9.15,46.85,35.1));
#8479 = VECTOR('',#8480,1.);
#8480 = DIRECTION('',(0.,0.,1.));
#8481 = PCURVE('',#8218,#8482);
#8482 = DEFINITIONAL_REPRESENTATION('',(#8483),#8487);
#8483 = LINE('',#8484,#8485);
#8484 = CARTESIAN_POINT('',(0.,18.3));
#8485 = VECTOR('',#8486,1.);
#8486 = DIRECTION('',(1.,0.));
#8487 = ( GEOMETRIC_REPRESENTATION_CONTEXT(2) 
PARAMETRIC_REPRESENTATION_CONTEXT() REPRESENTATION_CONTEXT('2D SPACE',''
  ) );
#8488 = PCURVE('',#8294,#8489);
#8489 = DEFINITIONAL_REPRESENTATION('',(#8490),#8494);
#8490 = LINE('',#8491,#8492);
#8491 = CARTESIAN_POINT('',(0.,0.));
#8492 = VECTOR('',#8493,1.);
#8493 = DIRECTION('',(1.,0.));
#8494 = ( GEOMETRIC_REPRESENTATION_CONTEXT(2) 
PARAMETRIC_REPRESENTATION_CONTEXT() REPRESENTATION_CONTEXT('2D SPACE',''
  ) );
#8495 = ORIENTED_EDGE('',*,*,#8201,.F.);
#8496 = ORIENTED_EDGE('',*,*,#8497,.T.);
#8497 = EDGE_CURVE('',#8202,#8498,#8500,.T.);
#8498 = VERTEX_POINT('',#8499);
#8499 = CARTESIAN_POINT('',(-9.15,46.85,38.6));
#8500 = SURFACE_CURVE('',#8501,(#8505,#8512),.PCURVE_S1.);
#8501 = LINE('',#8502,#8503);
#8502 = CARTESIAN_POINT('',(-9.15,46.85,35.1));
#8503 = VECTOR('',#8504,1.);
#8504 = DIRECTION('',(0.,0.,1.));
#8505 = PCURVE('',#8218,#8506);
#8506 = DEFINITIONAL_REPRESENTATION('',(#8507),#8511);
#8507 = LINE('',#8508,#8509);
#8508 = CARTESIAN_POINT('',(0.,0.));
#8509 = VECTOR('',#8510,1.);
#8510 = DIRECTION('',(1.,0.));
#8511 = ( GEOMETRIC_REPRESENTATION_CONTEXT(2) 
PARAMETRIC_REPRESENTATION_CONTEXT() REPRESENTATION_CONTEXT('2D SPACE',''
  ) );
#8512 = PCURVE('',#8244,#8513);
#8513 = DEFINITIONAL_REPRESENTATION('',(#8514),#8518);
#8514 = LINE('',#8515,#8516);
#8515 = CARTESIAN_POINT('',(0.,0.));
#8516 = VECTOR('',#8517,1.);
#8517 = DIRECTION('',(1.,0.));
#8518 = ( GEOMETRIC_REPRESENTATION_CONTEXT(2) 
PARAMETRIC_REPRESENTATION_CONTEXT() REPRESENTATION_CONTEXT('2D SPACE',''
  ) );
#8519 = ORIENTED_EDGE('',*,*,#8520,.T.);
#8520 = EDGE_CURVE('',#8498,#8474,#8521,.T.);
#8521 = SURFACE_CURVE('',#8522,(#8526,#8533),.PCURVE_S1.);
#8522 = LINE('',#8523,#8524);
#8523 = CARTESIAN_POINT('',(-9.15,46.85,38.6));
#8524 = VECTOR('',#8525,1.);
#8525 = DIRECTION('',(1.,0.,-0.));
#8526 = PCURVE('',#8218,#8527);
#8527 = DEFINITIONAL_REPRESENTATION('',(#8528),#8532);
#8528 = LINE('',#8529,#8530);
#8529 = CARTESIAN_POINT('',(3.5,0.));
#8530 = VECTOR('',#8531,1.);
#8531 = DIRECTION('',(0.,1.));
#8532 = ( GEOMETRIC_REPRESENTATION_CONTEXT(2) 
PARAMETRIC_REPRESENTATION_CONTEXT() REPRESENTATION_CONTEXT('2D SPACE',''
  ) );
#8533 = PCURVE('',#8534,#8539);
#8534 = PLANE('',#8535);
#8535 = AXIS2_PLACEMENT_3D('',#8536,#8537,#8538);
#8536 = CARTESIAN_POINT('',(-9.15,46.85,38.6));
#8537 = DIRECTION('',(0.,0.,1.));
#8538 = DIRECTION('',(1.,0.,-0.));
#8539 = DEFINITIONAL_REPRESENTATION('',(#8540),#8544);
#8540 = LINE('',#8541,#8542);
#8541 = CARTESIAN_POINT('',(0.,0.));
#8542 = VECTOR('',#8543,1.);
#8543 = DIRECTION('',(1.,0.));
#8544 = ( GEOMETRIC_REPRESENTATION_CONTEXT(2) 
PARAMETRIC_REPRESENTATION_CONTEXT() REPRESENTATION_CONTEXT('2D SPACE',''
  ) );
#8545 = ADVANCED_FACE('',(#8546),#8294,.F.);
#8546 = FACE_BOUND('',#8547,.F.);
#8547 = EDGE_LOOP('',(#8548,#8549,#8550,#8573));
#8548 = ORIENTED_EDGE('',*,*,#8473,.F.);
#8549 = ORIENTED_EDGE('',*,*,#8281,.F.);
#8550 = ORIENTED_EDGE('',*,*,#8551,.T.);
#8551 = EDGE_CURVE('',#8256,#8552,#8554,.T.);
#8552 = VERTEX_POINT('',#8553);
#8553 = CARTESIAN_POINT('',(9.15,61.15,38.6));
#8554 = SURFACE_CURVE('',#8555,(#8559,#8566),.PCURVE_S1.);
#8555 = LINE('',#8556,#8557);
#8556 = CARTESIAN_POINT('',(9.15,61.15,35.1));
#8557 = VECTOR('',#8558,1.);
#8558 = DIRECTION('',(0.,0.,1.));
#8559 = PCURVE('',#8294,#8560);
#8560 = DEFINITIONAL_REPRESENTATION('',(#8561),#8565);
#8561 = LINE('',#8562,#8563);
#8562 = CARTESIAN_POINT('',(0.,-14.3));
#8563 = VECTOR('',#8564,1.);
#8564 = DIRECTION('',(1.,0.));
#8565 = ( GEOMETRIC_REPRESENTATION_CONTEXT(2) 
PARAMETRIC_REPRESENTATION_CONTEXT() REPRESENTATION_CONTEXT('2D SPACE',''
  ) );
#8566 = PCURVE('',#8270,#8567);
#8567 = DEFINITIONAL_REPRESENTATION('',(#8568),#8572);
#8568 = LINE('',#8569,#8570);
#8569 = CARTESIAN_POINT('',(0.,18.3));
#8570 = VECTOR('',#8571,1.);
#8571 = DIRECTION('',(1.,0.));
#8572 = ( GEOMETRIC_REPRESENTATION_CONTEXT(2) 
PARAMETRIC_REPRESENTATION_CONTEXT() REPRESENTATION_CONTEXT('2D SPACE',''
  ) );
#8573 = ORIENTED_EDGE('',*,*,#8574,.F.);
#8574 = EDGE_CURVE('',#8474,#8552,#8575,.T.);
#8575 = SURFACE_CURVE('',#8576,(#8580,#8587),.PCURVE_S1.);
#8576 = LINE('',#8577,#8578);
#8577 = CARTESIAN_POINT('',(9.15,46.85,38.6));
#8578 = VECTOR('',#8579,1.);
#8579 = DIRECTION('',(-0.,1.,0.));
#8580 = PCURVE('',#8294,#8581);
#8581 = DEFINITIONAL_REPRESENTATION('',(#8582),#8586);
#8582 = LINE('',#8583,#8584);
#8583 = CARTESIAN_POINT('',(3.5,0.));
#8584 = VECTOR('',#8585,1.);
#8585 = DIRECTION('',(0.,-1.));
#8586 = ( GEOMETRIC_REPRESENTATION_CONTEXT(2) 
PARAMETRIC_REPRESENTATION_CONTEXT() REPRESENTATION_CONTEXT('2D SPACE',''
  ) );
#8587 = PCURVE('',#8534,#8588);
#8588 = DEFINITIONAL_REPRESENTATION('',(#8589),#8593);
#8589 = LINE('',#8590,#8591);
#8590 = CARTESIAN_POINT('',(18.3,0.));
#8591 = VECTOR('',#8592,1.);
#8592 = DIRECTION('',(0.,1.));
#8593 = ( GEOMETRIC_REPRESENTATION_CONTEXT(2) 
PARAMETRIC_REPRESENTATION_CONTEXT() REPRESENTATION_CONTEXT('2D SPACE',''
  ) );
#8594 = ADVANCED_FACE('',(#8595),#8270,.F.);
#8595 = FACE_BOUND('',#8596,.F.);
#8596 = EDGE_LOOP('',(#8597,#8598,#8599,#8622));
#8597 = ORIENTED_EDGE('',*,*,#8551,.F.);
#8598 = ORIENTED_EDGE('',*,*,#8255,.F.);
#8599 = ORIENTED_EDGE('',*,*,#8600,.T.);
#8600 = EDGE_CURVE('',#8230,#8601,#8603,.T.);
#8601 = VERTEX_POINT('',#8602);
#8602 = CARTESIAN_POINT('',(-9.15,61.15,38.6));
#8603 = SURFACE_CURVE('',#8604,(#8608,#8615),.PCURVE_S1.);
#8604 = LINE('',#8605,#8606);
#8605 = CARTESIAN_POINT('',(-9.15,61.15,35.1));
#8606 = VECTOR('',#8607,1.);
#8607 = DIRECTION('',(0.,0.,1.));
#8608 = PCURVE('',#8270,#8609);
#8609 = DEFINITIONAL_REPRESENTATION('',(#8610),#8614);
#8610 = LINE('',#8611,#8612);
#8611 = CARTESIAN_POINT('',(0.,0.));
#8612 = VECTOR('',#8613,1.);
#8613 = DIRECTION('',(1.,0.));
#8614 = ( GEOMETRIC_REPRESENTATION_CONTEXT(2) 
PARAMETRIC_REPRESENTATION_CONTEXT() REPRESENTATION_CONTEXT('2D SPACE',''
  ) );
#8615 = PCURVE('',#8244,#8616);
#8616 = DEFINITIONAL_REPRESENTATION('',(#8617),#8621);
#8617 = LINE('',#8618,#8619);
#8618 = CARTESIAN_POINT('',(0.,-14.3));
#8619 = VECTOR('',#8620,1.);
#8620 = DIRECTION('',(1.,0.));
#8621 = ( GEOMETRIC_REPRESENTATION_CONTEXT(2) 
PARAMETRIC_REPRESENTATION_CONTEXT() REPRESENTATION_CONTEXT('2D SPACE',''
  ) );
#8622 = ORIENTED_EDGE('',*,*,#8623,.T.);
#8623 = EDGE_CURVE('',#8601,#8552,#8624,.T.);
#8624 = SURFACE_CURVE('',#8625,(#8629,#8636),.PCURVE_S1.);
#8625 = LINE('',#8626,#8627);
#8626 = CARTESIAN_POINT('',(-9.15,61.15,38.6));
#8627 = VECTOR('',#8628,1.);
#8628 = DIRECTION('',(1.,0.,-0.));
#8629 = PCURVE('',#8270,#8630);
#8630 = DEFINITIONAL_REPRESENTATION('',(#8631),#8635);
#8631 = LINE('',#8632,#8633);
#8632 = CARTESIAN_POINT('',(3.5,0.));
#8633 = VECTOR('',#8634,1.);
#8634 = DIRECTION('',(0.,1.));
#8635 = ( GEOMETRIC_REPRESENTATION_CONTEXT(2) 
PARAMETRIC_REPRESENTATION_CONTEXT() REPRESENTATION_CONTEXT('2D SPACE',''
  ) );
#8636 = PCURVE('',#8534,#8637);
#8637 = DEFINITIONAL_REPRESENTATION('',(#8638),#8642);
#8638 = LINE('',#8639,#8640);
#8639 = CARTESIAN_POINT('',(0.,14.3));
#8640 = VECTOR('',#8641,1.);
#8641 = DIRECTION('',(1.,0.));
#8642 = ( GEOMETRIC_REPRESENTATION_CONTEXT(2) 
PARAMETRIC_REPRESENTATION_CONTEXT() REPRESENTATION_CONTEXT('2D SPACE',''
  ) );
#8643 = ADVANCED_FACE('',(#8644),#8244,.T.);
#8644 = FACE_BOUND('',#8645,.T.);
#8645 = EDGE_LOOP('',(#8646,#8647,#8648,#8649));
#8646 = ORIENTED_EDGE('',*,*,#8497,.F.);
#8647 = ORIENTED_EDGE('',*,*,#8229,.F.);
#8648 = ORIENTED_EDGE('',*,*,#8600,.T.);
#8649 = ORIENTED_EDGE('',*,*,#8650,.F.);
#8650 = EDGE_CURVE('',#8498,#8601,#8651,.T.);
#8651 = SURFACE_CURVE('',#8652,(#8656,#8663),.PCURVE_S1.);
#8652 = LINE('',#8653,#8654);
#8653 = CARTESIAN_POINT('',(-9.15,46.85,38.6));
#8654 = VECTOR('',#8655,1.);
#8655 = DIRECTION('',(-0.,1.,0.));
#8656 = PCURVE('',#8244,#8657);
#8657 = DEFINITIONAL_REPRESENTATION('',(#8658),#8662);
#8658 = LINE('',#8659,#8660);
#8659 = CARTESIAN_POINT('',(3.5,0.));
#8660 = VECTOR('',#8661,1.);
#8661 = DIRECTION('',(0.,-1.));
#8662 = ( GEOMETRIC_REPRESENTATION_CONTEXT(2) 
PARAMETRIC_REPRESENTATION_CONTEXT() REPRESENTATION_CONTEXT('2D SPACE',''
  ) );
#8663 = PCURVE('',#8534,#8664);
#8664 = DEFINITIONAL_REPRESENTATION('',(#8665),#8669);
#8665 = LINE('',#8666,#8667);
#8666 = CARTESIAN_POINT('',(0.,0.));
#8667 = VECTOR('',#8668,1.);
#8668 = DIRECTION('',(0.,1.));
#8669 = ( GEOMETRIC_REPRESENTATION_CONTEXT(2) 
PARAMETRIC_REPRESENTATION_CONTEXT() REPRESENTATION_CONTEXT('2D SPACE',''
  ) );
#8670 = ADVANCED_FACE('',(#8671),#8391,.F.);
#8671 = FACE_BOUND('',#8672,.F.);
#8672 = EDGE_LOOP('',(#8673,#8674,#8697,#8719));
#8673 = ORIENTED_EDGE('',*,*,#8374,.F.);
#8674 = ORIENTED_EDGE('',*,*,#8675,.F.);
#8675 = EDGE_CURVE('',#8676,#8375,#8678,.T.);
#8676 = VERTEX_POINT('',#8677);
#8677 = CARTESIAN_POINT('',(38.6,-9.454273289418E-15,37.7));
#8678 = SEAM_CURVE('',#8679,(#8683,#8690),.PCURVE_S1.);
#8679 = LINE('',#8680,#8681);
#8680 = CARTESIAN_POINT('',(38.6,-9.454273289418E-15,37.7));
#8681 = VECTOR('',#8682,1.);
#8682 = DIRECTION('',(0.,0.,1.));
#8683 = PCURVE('',#8391,#8684);
#8684 = DEFINITIONAL_REPRESENTATION('',(#8685),#8689);
#8685 = LINE('',#8686,#8687);
#8686 = CARTESIAN_POINT('',(6.28318530718,-0.));
#8687 = VECTOR('',#8688,1.);
#8688 = DIRECTION('',(0.,1.));
#8689 = ( GEOMETRIC_REPRESENTATION_CONTEXT(2) 
PARAMETRIC_REPRESENTATION_CONTEXT() REPRESENTATION_CONTEXT('2D SPACE',''
  ) );
#8690 = PCURVE('',#8391,#8691);
#8691 = DEFINITIONAL_REPRESENTATION('',(#8692),#8696);
#8692 = LINE('',#8693,#8694);
#8693 = CARTESIAN_POINT('',(0.,-0.));
#8694 = VECTOR('',#8695,1.);
#8695 = DIRECTION('',(0.,1.));
#8696 = ( GEOMETRIC_REPRESENTATION_CONTEXT(2) 
PARAMETRIC_REPRESENTATION_CONTEXT() REPRESENTATION_CONTEXT('2D SPACE',''
  ) );
#8697 = ORIENTED_EDGE('',*,*,#8698,.T.);
#8698 = EDGE_CURVE('',#8676,#8676,#8699,.T.);
#8699 = SURFACE_CURVE('',#8700,(#8705,#8712),.PCURVE_S1.);
#8700 = CIRCLE('',#8701,38.6);
#8701 = AXIS2_PLACEMENT_3D('',#8702,#8703,#8704);
#8702 = CARTESIAN_POINT('',(0.,0.,37.7));
#8703 = DIRECTION('',(0.,0.,1.));
#8704 = DIRECTION('',(1.,0.,-0.));
#8705 = PCURVE('',#8391,#8706);
#8706 = DEFINITIONAL_REPRESENTATION('',(#8707),#8711);
#8707 = LINE('',#8708,#8709);
#8708 = CARTESIAN_POINT('',(0.,0.));
#8709 = VECTOR('',#8710,1.);
#8710 = DIRECTION('',(1.,0.));
#8711 = ( GEOMETRIC_REPRESENTATION_CONTEXT(2) 
PARAMETRIC_REPRESENTATION_CONTEXT() REPRESENTATION_CONTEXT('2D SPACE',''
  ) );
#8712 = PCURVE('',#8457,#8713);
#8713 = DEFINITIONAL_REPRESENTATION('',(#8714),#8718);
#8714 = CIRCLE('',#8715,38.6);
#8715 = AXIS2_PLACEMENT_2D('',#8716,#8717);
#8716 = CARTESIAN_POINT('',(0.,0.));
#8717 = DIRECTION('',(1.,0.));
#8718 = ( GEOMETRIC_REPRESENTATION_CONTEXT(2) 
PARAMETRIC_REPRESENTATION_CONTEXT() REPRESENTATION_CONTEXT('2D SPACE',''
  ) );
#8719 = ORIENTED_EDGE('',*,*,#8675,.T.);
#8720 = ADVANCED_FACE('',(#8721,#8724),#8457,.T.);
#8721 = FACE_BOUND('',#8722,.T.);
#8722 = EDGE_LOOP('',(#8723));
#8723 = ORIENTED_EDGE('',*,*,#8698,.T.);
#8724 = FACE_BOUND('',#8725,.T.);
#8725 = EDGE_LOOP('',(#8726));
#8726 = ORIENTED_EDGE('',*,*,#8442,.F.);
#8727 = ADVANCED_FACE('',(#8728,#8734,#8765),#8534,.F.);
#8728 = FACE_BOUND('',#8729,.F.);
#8729 = EDGE_LOOP('',(#8730,#8731,#8732,#8733));
#8730 = ORIENTED_EDGE('',*,*,#8650,.F.);
#8731 = ORIENTED_EDGE('',*,*,#8520,.T.);
#8732 = ORIENTED_EDGE('',*,*,#8574,.T.);
#8733 = ORIENTED_EDGE('',*,*,#8623,.F.);
#8734 = FACE_BOUND('',#8735,.F.);
#8735 = EDGE_LOOP('',(#8736));
#8736 = ORIENTED_EDGE('',*,*,#8737,.F.);
#8737 = EDGE_CURVE('',#8738,#8738,#8740,.T.);
#8738 = VERTEX_POINT('',#8739);
#8739 = CARTESIAN_POINT('',(-3.45,59.,38.6));
#8740 = SURFACE_CURVE('',#8741,(#8746,#8753),.PCURVE_S1.);
#8741 = CIRCLE('',#8742,2.05);
#8742 = AXIS2_PLACEMENT_3D('',#8743,#8744,#8745);
#8743 = CARTESIAN_POINT('',(-5.5,59.,38.6));
#8744 = DIRECTION('',(0.,0.,1.));
#8745 = DIRECTION('',(1.,0.,-0.));
#8746 = PCURVE('',#8534,#8747);
#8747 = DEFINITIONAL_REPRESENTATION('',(#8748),#8752);
#8748 = CIRCLE('',#8749,2.05);
#8749 = AXIS2_PLACEMENT_2D('',#8750,#8751);
#8750 = CARTESIAN_POINT('',(3.65,12.15));
#8751 = DIRECTION('',(1.,0.));
#8752 = ( GEOMETRIC_REPRESENTATION_CONTEXT(2) 
PARAMETRIC_REPRESENTATION_CONTEXT() REPRESENTATION_CONTEXT('2D SPACE',''
  ) );
#8753 = PCURVE('',#8754,#8759);
#8754 = CYLINDRICAL_SURFACE('',#8755,2.05);
#8755 = AXIS2_PLACEMENT_3D('',#8756,#8757,#8758);
#8756 = CARTESIAN_POINT('',(-5.5,59.,38.59));
#8757 = DIRECTION('',(0.,0.,1.));
#8758 = DIRECTION('',(1.,0.,-0.));
#8759 = DEFINITIONAL_REPRESENTATION('',(#8760),#8764);
#8760 = LINE('',#8761,#8762);
#8761 = CARTESIAN_POINT('',(0.,9.999999999998E-03));
#8762 = VECTOR('',#8763,1.);
#8763 = DIRECTION('',(1.,0.));
#8764 = ( GEOMETRIC_REPRESENTATION_CONTEXT(2) 
PARAMETRIC_REPRESENTATION_CONTEXT() REPRESENTATION_CONTEXT('2D SPACE',''
  ) );
#8765 = FACE_BOUND('',#8766,.F.);
#8766 = EDGE_LOOP('',(#8767));
#8767 = ORIENTED_EDGE('',*,*,#8768,.F.);
#8768 = EDGE_CURVE('',#8769,#8769,#8771,.T.);
#8769 = VERTEX_POINT('',#8770);
#8770 = CARTESIAN_POINT('',(7.55,59.,38.6));
#8771 = SURFACE_CURVE('',#8772,(#8777,#8784),.PCURVE_S1.);
#8772 = CIRCLE('',#8773,2.05);
#8773 = AXIS2_PLACEMENT_3D('',#8774,#8775,#8776);
#8774 = CARTESIAN_POINT('',(5.5,59.,38.6));
#8775 = DIRECTION('',(0.,0.,1.));
#8776 = DIRECTION('',(1.,0.,-0.));
#8777 = PCURVE('',#8534,#8778);
#8778 = DEFINITIONAL_REPRESENTATION('',(#8779),#8783);
#8779 = CIRCLE('',#8780,2.05);
#8780 = AXIS2_PLACEMENT_2D('',#8781,#8782);
#8781 = CARTESIAN_POINT('',(14.65,12.15));
#8782 = DIRECTION('',(1.,0.));
#8783 = ( GEOMETRIC_REPRESENTATION_CONTEXT(2) 
PARAMETRIC_REPRESENTATION_CONTEXT() REPRESENTATION_CONTEXT('2D SPACE',''
  ) );
#8784 = PCURVE('',#8785,#8790);
#8785 = CYLINDRICAL_SURFACE('',#8786,2.05);
#8786 = AXIS2_PLACEMENT_3D('',#8787,#8788,#8789);
#8787 = CARTESIAN_POINT('',(5.5,59.,38.59));
#8788 = DIRECTION('',(0.,0.,1.));
#8789 = DIRECTION('',(1.,0.,-0.));
#8790 = DEFINITIONAL_REPRESENTATION('',(#8791),#8795);
#8791 = LINE('',#8792,#8793);
#8792 = CARTESIAN_POINT('',(0.,9.999999999998E-03));
#8793 = VECTOR('',#8794,1.);
#8794 = DIRECTION('',(1.,0.));
#8795 = ( GEOMETRIC_REPRESENTATION_CONTEXT(2) 
PARAMETRIC_REPRESENTATION_CONTEXT() REPRESENTATION_CONTEXT('2D SPACE',''
  ) );
#8796 = ADVANCED_FACE('',(#8797),#8754,.F.);
#8797 = FACE_BOUND('',#8798,.F.);
#8798 = EDGE_LOOP('',(#8799,#8822,#8849,#8850));
#8799 = ORIENTED_EDGE('',*,*,#8800,.T.);
#8800 = EDGE_CURVE('',#8738,#8801,#8803,.T.);
#8801 = VERTEX_POINT('',#8802);
#8802 = CARTESIAN_POINT('',(-3.45,59.,40.9));
#8803 = SEAM_CURVE('',#8804,(#8808,#8815),.PCURVE_S1.);
#8804 = LINE('',#8805,#8806);
#8805 = CARTESIAN_POINT('',(-3.45,59.,38.59));
#8806 = VECTOR('',#8807,1.);
#8807 = DIRECTION('',(0.,0.,1.));
#8808 = PCURVE('',#8754,#8809);
#8809 = DEFINITIONAL_REPRESENTATION('',(#8810),#8814);
#8810 = LINE('',#8811,#8812);
#8811 = CARTESIAN_POINT('',(6.28318530718,-0.));
#8812 = VECTOR('',#8813,1.);
#8813 = DIRECTION('',(0.,1.));
#8814 = ( GEOMETRIC_REPRESENTATION_CONTEXT(2) 
PARAMETRIC_REPRESENTATION_CONTEXT() REPRESENTATION_CONTEXT('2D SPACE',''
  ) );
#8815 = PCURVE('',#8754,#8816);
#8816 = DEFINITIONAL_REPRESENTATION('',(#8817),#8821);
#8817 = LINE('',#8818,#8819);
#8818 = CARTESIAN_POINT('',(0.,-0.));
#8819 = VECTOR('',#8820,1.);
#8820 = DIRECTION('',(0.,1.));
#8821 = ( GEOMETRIC_REPRESENTATION_CONTEXT(2) 
PARAMETRIC_REPRESENTATION_CONTEXT() REPRESENTATION_CONTEXT('2D SPACE',''
  ) );
#8822 = ORIENTED_EDGE('',*,*,#8823,.F.);
#8823 = EDGE_CURVE('',#8801,#8801,#8824,.T.);
#8824 = SURFACE_CURVE('',#8825,(#8830,#8837),.PCURVE_S1.);
#8825 = CIRCLE('',#8826,2.05);
#8826 = AXIS2_PLACEMENT_3D('',#8827,#8828,#8829);
#8827 = CARTESIAN_POINT('',(-5.5,59.,40.9));
#8828 = DIRECTION('',(0.,0.,1.));
#8829 = DIRECTION('',(1.,0.,-0.));
#8830 = PCURVE('',#8754,#8831);
#8831 = DEFINITIONAL_REPRESENTATION('',(#8832),#8836);
#8832 = LINE('',#8833,#8834);
#8833 = CARTESIAN_POINT('',(0.,2.31));
#8834 = VECTOR('',#8835,1.);
#8835 = DIRECTION('',(1.,0.));
#8836 = ( GEOMETRIC_REPRESENTATION_CONTEXT(2) 
PARAMETRIC_REPRESENTATION_CONTEXT() REPRESENTATION_CONTEXT('2D SPACE',''
  ) );
#8837 = PCURVE('',#8838,#8843);
#8838 = PLANE('',#8839);
#8839 = AXIS2_PLACEMENT_3D('',#8840,#8841,#8842);
#8840 = CARTESIAN_POINT('',(-5.5,59.,40.9));
#8841 = DIRECTION('',(0.,0.,1.));
#8842 = DIRECTION('',(1.,0.,-0.));
#8843 = DEFINITIONAL_REPRESENTATION('',(#8844),#8848);
#8844 = CIRCLE('',#8845,2.05);
#8845 = AXIS2_PLACEMENT_2D('',#8846,#8847);
#8846 = CARTESIAN_POINT('',(0.,0.));
#8847 = DIRECTION('',(1.,0.));
#8848 = ( GEOMETRIC_REPRESENTATION_CONTEXT(2) 
PARAMETRIC_REPRESENTATION_CONTEXT() REPRESENTATION_CONTEXT('2D SPACE',''
  ) );
#8849 = ORIENTED_EDGE('',*,*,#8800,.F.);
#8850 = ORIENTED_EDGE('',*,*,#8737,.T.);
#8851 = ADVANCED_FACE('',(#8852),#8785,.F.);
#8852 = FACE_BOUND('',#8853,.F.);
#8853 = EDGE_LOOP('',(#8854,#8877,#8904,#8905));
#8854 = ORIENTED_EDGE('',*,*,#8855,.T.);
#8855 = EDGE_CURVE('',#8769,#8856,#8858,.T.);
#8856 = VERTEX_POINT('',#8857);
#8857 = CARTESIAN_POINT('',(7.55,59.,40.9));
#8858 = SEAM_CURVE('',#8859,(#8863,#8870),.PCURVE_S1.);
#8859 = LINE('',#8860,#8861);
#8860 = CARTESIAN_POINT('',(7.55,59.,38.59));
#8861 = VECTOR('',#8862,1.);
#8862 = DIRECTION('',(0.,0.,1.));
#8863 = PCURVE('',#8785,#8864);
#8864 = DEFINITIONAL_REPRESENTATION('',(#8865),#8869);
#8865 = LINE('',#8866,#8867);
#8866 = CARTESIAN_POINT('',(6.28318530718,-0.));
#8867 = VECTOR('',#8868,1.);
#8868 = DIRECTION('',(0.,1.));
#8869 = ( GEOMETRIC_REPRESENTATION_CONTEXT(2) 
PARAMETRIC_REPRESENTATION_CONTEXT() REPRESENTATION_CONTEXT('2D SPACE',''
  ) );
#8870 = PCURVE('',#8785,#8871);
#8871 = DEFINITIONAL_REPRESENTATION('',(#8872),#8876);
#8872 = LINE('',#8873,#8874);
#8873 = CARTESIAN_POINT('',(0.,-0.));
#8874 = VECTOR('',#8875,1.);
#8875 = DIRECTION('',(0.,1.));
#8876 = ( GEOMETRIC_REPRESENTATION_CONTEXT(2) 
PARAMETRIC_REPRESENTATION_CONTEXT() REPRESENTATION_CONTEXT('2D SPACE',''
  ) );
#8877 = ORIENTED_EDGE('',*,*,#8878,.F.);
#8878 = EDGE_CURVE('',#8856,#8856,#8879,.T.);
#8879 = SURFACE_CURVE('',#8880,(#8885,#8892),.PCURVE_S1.);
#8880 = CIRCLE('',#8881,2.05);
#8881 = AXIS2_PLACEMENT_3D('',#8882,#8883,#8884);
#8882 = CARTESIAN_POINT('',(5.5,59.,40.9));
#8883 = DIRECTION('',(0.,0.,1.));
#8884 = DIRECTION('',(1.,0.,-0.));
#8885 = PCURVE('',#8785,#8886);
#8886 = DEFINITIONAL_REPRESENTATION('',(#8887),#8891);
#8887 = LINE('',#8888,#8889);
#8888 = CARTESIAN_POINT('',(0.,2.31));
#8889 = VECTOR('',#8890,1.);
#8890 = DIRECTION('',(1.,0.));
#8891 = ( GEOMETRIC_REPRESENTATION_CONTEXT(2) 
PARAMETRIC_REPRESENTATION_CONTEXT() REPRESENTATION_CONTEXT('2D SPACE',''
  ) );
#8892 = PCURVE('',#8893,#8898);
#8893 = PLANE('',#8894);
#8894 = AXIS2_PLACEMENT_3D('',#8895,#8896,#8897);
#8895 = CARTESIAN_POINT('',(5.5,59.,40.9));
#8896 = DIRECTION('',(0.,0.,1.));
#8897 = DIRECTION('',(1.,0.,-0.));
#8898 = DEFINITIONAL_REPRESENTATION('',(#8899),#8903);
#8899 = CIRCLE('',#8900,2.05);
#8900 = AXIS2_PLACEMENT_2D('',#8901,#8902);
#8901 = CARTESIAN_POINT('',(0.,0.));
#8902 = DIRECTION('',(1.,0.));
#8903 = ( GEOMETRIC_REPRESENTATION_CONTEXT(2) 
PARAMETRIC_REPRESENTATION_CONTEXT() REPRESENTATION_CONTEXT('2D SPACE',''
  ) );
#8904 = ORIENTED_EDGE('',*,*,#8855,.F.);
#8905 = ORIENTED_EDGE('',*,*,#8768,.T.);
#8906 = ADVANCED_FACE('',(#8907),#8838,.F.);
#8907 = FACE_BOUND('',#8908,.F.);
#8908 = EDGE_LOOP('',(#8909));
#8909 = ORIENTED_EDGE('',*,*,#8823,.T.);
#8910 = ADVANCED_FACE('',(#8911),#8893,.F.);
#8911 = FACE_BOUND('',#8912,.F.);
#8912 = EDGE_LOOP('',(#8913));
#8913 = ORIENTED_EDGE('',*,*,#8878,.T.);
#8914 = ( GEOMETRIC_REPRESENTATION_CONTEXT(3) 
GLOBAL_UNCERTAINTY_ASSIGNED_CONTEXT((#8918)) 
GLOBAL_UNIT_ASSIGNED_CONTEXT((#8915,#8916,#8917)) REPRESENTATION_CONTEXT
('Context #1','3D Context with UNIT and UNCERTAINTY') );
#8915 = ( LENGTH_UNIT() NAMED_UNIT(*) SI_UNIT(.MILLI.,.METRE.) );
#8916 = ( NAMED_UNIT(*) PLANE_ANGLE_UNIT() SI_UNIT($,.RADIAN.) );
#8917 = ( NAMED_UNIT(*) SI_UNIT($,.STERADIAN.) SOLID_ANGLE_UNIT() );
#8918 = UNCERTAINTY_MEASURE_WITH_UNIT(LENGTH_MEASURE(5.E-07),#8915,
  'distance_accuracy_value','confusion accuracy');
#8919 = PRODUCT_RELATED_PRODUCT_CATEGORY('part',$,(#7));
ENDSEC;
END-ISO-10303-21;
